Name,USD,TID,Type,TypeCN,Disabled,ExistsApple,ExistsAndroid,ExistsCN,DisabledCN,ExistsAppleCN,ExistsAndroidCN,GeoSet,Diamonds,BonusPercentage,Order,RMB,TencentID,IconExportName,FrameNumber,StarterPackNumber,XpLevelReq,ValueFactor,LabelTID,LabelValue,TagLabelTID,Bg,Decor,IsPromotion,Coins,RefundGemValue,PricingValueEqualGems,SCIDStore,PremiumPass,PremiumPlusPass,BundledTierCount,DiscountOf,BundledXP,FirstValidBrawlPassSeason,LastValidBrawlPassSeason
String,int,String,int,int,boolean,boolean,boolean,boolean,boolean,boolean,boolean,int,int,int,int,int,string,string,int,int,int,int,String,int,String,int,int,boolean,int,int,int,boolean,boolean,boolean,int,String,int,int,int
com.supercell.laser.gempack0,199,TID_SHOP_GEM_PACK_1_TITLE,1,,,TRUE,TRUE,FALSE,TRUE,,,100,30,,1,,,shop_gem_0,0,,,,,,,,,,,30,,,,FALSE,,,,,
com.supercell.laser.gempack1,499,TID_SHOP_GEM_PACK_2_TITLE,1,,,TRUE,TRUE,FALSE,TRUE,,,100,80,0,2,,,shop_gem_1,1,,,,TID_SHOP_LABEL_BREAKDOWN,5,,,,,,80,,,,FALSE,,,,,
com.supercell.laser.gempack2,999,TID_SHOP_GEM_PACK_3_TITLE,1,,,TRUE,TRUE,FALSE,TRUE,,,100,170,5,3,,,shop_gem_2,2,,,,TID_SHOP_LABEL_BREAKDOWN,19,TID_SHOP_LABEL_POPULAR,,,,,170,,,,FALSE,,,,,
com.supercell.laser.gempack3,1999,TID_SHOP_GEM_PACK_4_TITLE,1,,,TRUE,TRUE,FALSE,TRUE,,,100,360,15,4,,,shop_gem_3,3,,,,TID_SHOP_LABEL_BREAKDOWN,59,,,,,,360,,,,FALSE,,,,,
com.supercell.laser.gempack4,4999,TID_SHOP_GEM_PACK_5_TITLE,1,,,TRUE,TRUE,FALSE,TRUE,,,100,950,20,5,,,shop_gem_4,4,,,,TID_SHOP_LABEL_BREAKDOWN,196,,,,,,950,,,,FALSE,,,,,
com.supercell.laser.gempack5,9999,TID_SHOP_GEM_PACK_6_TITLE,1,,,TRUE,TRUE,FALSE,TRUE,,,100,2000,25,6,,,shop_gem_5,5,,,,TID_SHOP_LABEL_BREAKDOWN,493,TID_SHOP_LABEL_BEST_VALUE,,,,,2000,,,,FALSE,,,,,
com.supercell.laser.starterpack1,299,TID_STARTER_PACK_1,2,,TRUE,FALSE,FALSE,FALSE,TRUE,,,,110,,0,,,,,1,5,4,,,,1,0,,600,181,,,,FALSE,,,,,
com.supercell.laser.starterpack2,399,TID_STARTER_PACK_2,2,,TRUE,FALSE,FALSE,FALSE,TRUE,,,,190,,0,,,,,2,15,4,,,,1,0,,450,243,,,,FALSE,,,,,
com.supercell.laser.starterpack3,499,TID_STARTER_PACK_3,2,,TRUE,FALSE,FALSE,FALSE,TRUE,,,,240,,0,,,,,3,25,4,,,,1,0,,700,322,,,,FALSE,,,,,
com.supercell.laser.starterpack4,599,TID_STARTER_PACK_4,2,,TRUE,FALSE,FALSE,FALSE,TRUE,,,,320,,0,,,,,4,35,4,,,,1,0,,700,402,,,,FALSE,,,,,
com.supercell.laser.xmas2018pack,499,TID_IAP_XMAS2018_PACK,3,,TRUE,FALSE,FALSE,FALSE,TRUE,,,,330,,9,,,,,,,4,,,,3,1,,,330,,,,FALSE,,,,,
com.supercell.laser.starterpackx,499,TID_STARTER_PACK_0,2,,TRUE,FALSE,FALSE,FALSE,TRUE,,,,330,,0,,,,,0,0,4,,,,1,3,,,330,,,,FALSE,,,,,
com.supercell.laser.starterpack5,699,TID_STARTER_PACK_5,2,,TRUE,FALSE,FALSE,FALSE,TRUE,,,,340,,0,,,,,5,50,4,,,,1,0,,900,446,,,,FALSE,,,,,
com.supercell.laser.starterpack6,799,TID_STARTER_PACK_6,2,,TRUE,FALSE,FALSE,FALSE,TRUE,,,,420,,0,,,,,6,75,4,,,,1,0,,900,526,,,,FALSE,,,,,
com.supercell.laser.starterpack7,899,TID_STARTER_PACK_7,2,,TRUE,FALSE,FALSE,FALSE,TRUE,,,,390,,0,,,,,7,100,4,,,,1,0,,2000,625,,,,FALSE,,,,,
com.supercell.laser.lny2019pack,999,TID_IAP_LNY2019_PACK,3,,TRUE,FALSE,FALSE,FALSE,TRUE,,,,330,,9,,,,,,,3,,,,3,2,,1500,506,,,,FALSE,,,,,
com.supercell.laser.march2019pack,499,TID_IAP_REFRESHER_PACK,3,,TRUE,FALSE,FALSE,FALSE,TRUE,,,,191,,9,,,,,,,4,,,,1,3,,1111,322,,,,FALSE,,,,,
com.supercell.laser.starterpack8,999,TID_STARTER_PACK_8,2,,TRUE,FALSE,FALSE,FALSE,TRUE,,,,470,,0,,,,,8,125,4,,,,1,0,,2000,705,,,,FALSE,,,,,
com.supercell.laser.goldenweek,999,TID_IAP_GOLDENWEEK_PACK,3,,TRUE,FALSE,FALSE,FALSE,TRUE,,,,330,,9,,,,,,,3,,,,4,4,,1500,506,,,,FALSE,,,,,
com.supercell.laser.retropolisgempack,499,TID_IAP_RETROPOLIS_PACK,3,,TRUE,FALSE,FALSE,FALSE,TRUE,,,,250,,0,,,,,,,3,,,,4,5,,,250,,,,FALSE,,,,,
com.supercell.laser.retropoliscoins1,499,TID_IAP_RETROCOIN_PACK_1,3,,TRUE,FALSE,FALSE,FALSE,TRUE,,,,0,,0,,,,,,,3,,,,3,5,,2100,247,,,,FALSE,,,,,
com.supercell.laser.retropoliscoins2,499,TID_IAP_RETROCOIN_PACK_2,3,,TRUE,FALSE,FALSE,FALSE,TRUE,,,,0,,1,,,,,,,3,,,,3,5,,2100,247,,,,FALSE,,,,,
com.supercell.laser.retropoliscoins3,499,TID_IAP_RETROCOIN_PACK_3,3,,TRUE,FALSE,FALSE,FALSE,TRUE,,,,0,,2,,,,,,,3,,,,3,5,,2100,247,,,,FALSE,,,,,
com.supercell.laser.sprinkle0,99,TID_PROMOCODE_PACK,4,,,FALSE,TRUE,FALSE,TRUE,,,,80,,9,,,,,,,,,,,,,TRUE,0,0,,,,FALSE,,,,,
com.supercell.laser.sprinkle1,99,TID_PROMOCODE_PACK,4,,,FALSE,TRUE,FALSE,TRUE,,,,1,,9,,,,,,,,,,,,,TRUE,0,0,,,,FALSE,,,,,
com.supercell.laser.sprinkle2,99,TID_PROMOCODE_PACK,4,,,FALSE,TRUE,FALSE,TRUE,,,,80,,9,,,,,,,,,,,,,TRUE,0,0,,,,FALSE,,,,,
com.supercell.laser.sprinkle3,99,TID_PROMOCODE_PACK,4,,,FALSE,TRUE,FALSE,TRUE,,,,0,,9,,,,,,,,,,,,,TRUE,0,0,,,,FALSE,,,,,
com.supercell.laser.sprinkle4,99,TID_PROMOCODE_PACK,4,,,FALSE,TRUE,FALSE,TRUE,,,,0,,9,,,,,,,,,,,,,TRUE,0,0,,,,FALSE,,,,,
com.supercell.laser.sprinkle5,99,TID_PROMOCODE_PACK,4,,,FALSE,TRUE,FALSE,TRUE,,,,0,,9,,,,,,,,,,,,,TRUE,0,0,,,,FALSE,,,,,
com.supercell.laser.sprinkle6,99,TID_PROMOCODE_PACK,4,,,FALSE,TRUE,FALSE,TRUE,,,,0,,9,,,,,,,,,,,,,TRUE,0,0,,,,FALSE,,,,,
com.supercell.laser.sprinkle7,99,TID_PROMOCODE_PACK,4,,,FALSE,TRUE,FALSE,TRUE,,,,0,,9,,,,,,,,,,,,,TRUE,0,0,,,,FALSE,,,,,
com.supercell.laser.sprinkle8,99,TID_PROMOCODE_PACK,4,,,FALSE,TRUE,FALSE,TRUE,,,,0,,9,,,,,,,,,,,,,TRUE,0,0,,,,FALSE,,,,,
com.supercell.laser.sprinkle9,99,TID_PROMOCODE_PACK,4,,,FALSE,TRUE,FALSE,TRUE,,,,0,,9,,,,,,,,,,,,,TRUE,0,0,,,,FALSE,,,,,
com.supercell.laser.som1,499,TID_IAP_SOM_PACK_1,3,,TRUE,FALSE,FALSE,FALSE,TRUE,,,,0,,9,,,,,,,2,,,,3,4,,1700,200,,,,FALSE,,,,,
com.supercell.laser.som2,999,TID_IAP_SOM_PACK_2,3,,TRUE,FALSE,FALSE,FALSE,TRUE,,,,0,,9,,,,,,,2,,,,3,4,,4200,494,,,,FALSE,,,,,
com.supercell.laser.som3,1999,TID_IAP_SOM_PACK_3,3,,TRUE,FALSE,FALSE,FALSE,TRUE,,,,820,,9,,,,,,,2,,,,1,4,,0,820,,,,FALSE,,,,,
com.supercell.laser.som4,999,TID_IAP_SOM_PACK_4,3,,TRUE,FALSE,FALSE,FALSE,TRUE,,,,570,,9,,,,,,,4,,,,1,4,,2000,805,,,,FALSE,,,,,
com.supercell.laser.august1,999,TID_IAP_AUGUST_PACK_1,3,,TRUE,FALSE,FALSE,FALSE,TRUE,,,,370,,9,,,,,,,3,,,,1,4,,2000,605,,,,FALSE,,,,,
com.supercell.laser.august2,1999,TID_IAP_AUGUST_PACK_2,3,,TRUE,FALSE,FALSE,FALSE,TRUE,,,,790,,9,,,,,,,3,,,,1,4,,2000,1025,,,,FALSE,,,,,
com.supercell.laser.flash1,499,TID_IAP_FLASH_PACK_1,3,,TRUE,FALSE,FALSE,FALSE,TRUE,,,,100,,9,,,,,,,,TID_BEST_VALUE_EXTRA,25,,4,4,,0,100,,,,FALSE,,,,,
com.supercell.laser.flash2,2999,TID_IAP_FLASH_PACK_2,3,,TRUE,FALSE,FALSE,FALSE,TRUE,,,,1100,,9,,,,,,,4,,,,1,4,,8000,2041,,,,FALSE,,,,,
com.supercell.laser.moon191,999,TID_IAP_MOON_19_PACK_1,3,,TRUE,FALSE,FALSE,FALSE,TRUE,,,,260,,9,,,,,,,3,,,,1,4,,2000,495,,,,FALSE,,,,,
com.supercell.laser.moon192,4999,TID_IAP_MOON_19_PACK_2,3,,TRUE,FALSE,FALSE,FALSE,TRUE,,,,1250,,9,,,,,,,,TID_BEST_VALUE_EXTRA,30,,4,4,,0,1250,,,,FALSE,,,,,
com.supercell.laser.b2s191,999,TID_IAP_B2S_19_PACK_1,3,,TRUE,FALSE,FALSE,FALSE,TRUE,,,,340,,9,,,,,,,3,,,,1,4,,1500,516,,,,FALSE,,,,,
com.supercell.laser.b2s192,499,TID_IAP_B2S_19_PACK_2,3,,TRUE,FALSE,FALSE,FALSE,TRUE,,,,0,,9,,,,,,,5,,,,3,4,,3500,412,,,,FALSE,,,,,
com.supercell.laser.b2s193,199,TID_IAP_B2S_19_PACK_3,3,,TRUE,FALSE,FALSE,FALSE,TRUE,,,,45,,9,,,,,,,,TID_BEST_VALUE_EXTRA,50,,4,4,,0,45,,,,FALSE,,,,,
com.supercell.laser.cw191,199,TID_IAP_CYBER_WEEK_19_1,3,,TRUE,FALSE,FALSE,FALSE,TRUE,,,,80,,9,,,,,,,,TID_BEST_VALUE_DISCOUNT,60,,1,4,,0,80,,,,FALSE,,,,,
com.supercell.laser.cw192,499,TID_IAP_CYBER_WEEK_19_2,3,,TRUE,FALSE,FALSE,FALSE,TRUE,,,,0,,9,,,,,,,3,,,,3,4,,2100,247,,,,FALSE,,,,,
com.supercell.laser.cw193,299,TID_IAP_CYBER_WEEK_19_3,3,,TRUE,FALSE,FALSE,FALSE,TRUE,,,,190,,9,,,,,,,5,,,,1,4,,500,249,,,,FALSE,,,,,
com.supercell.laser.gstar2019,4999,TID_IAP_GSTAR2019_FINALS,3,,TRUE,FALSE,FALSE,FALSE,TRUE,,,,1110,,9,,,,,,,3,,,,6,4,,12000,2522,,,,FALSE,,,,,
com.supercell.laser.bow191,999,TID_IAP_BRAWLOWEEN_19_1,3,,TRUE,FALSE,FALSE,FALSE,TRUE,,,,420,,9,,,,,,,4,,,,1,4,,2100,667,,,,FALSE,,,,,
com.supercell.laser.bow192,699,TID_IAP_BRAWLOWEEN_19_2,3,,TRUE,FALSE,FALSE,FALSE,TRUE,,,,0,,9,,,,,,,3,,,,3,4,,3000,353,,,,FALSE,,,,,
com.supercell.laser.bow193,1499,TID_IAP_BRAWLOWEEN_19_3,3,,TRUE,FALSE,FALSE,FALSE,TRUE,,,,380,,9,,,,,,,,TID_BEST_VALUE_DISCOUNT,25,,4,4,,0,380,,,,FALSE,,,,,
com.supercell.laser.arabic01,199,TID_IAP_ARABIC_19_1,3,,TRUE,FALSE,FALSE,FALSE,TRUE,,,,110,,9,,,,,,,5,,,,1,4,,480,166,,,,FALSE,,,,,
com.supercell.laser.arabic02,499,TID_IAP_ARABIC_19_2,3,,TRUE,FALSE,FALSE,FALSE,TRUE,,,,0,,9,,,,,,,4,,,,3,4,,2800,329,,,,FALSE,,,,,
com.supercell.laser.xmas190,999,TID_IAP_XMAS_19_0,3,,TRUE,FALSE,FALSE,FALSE,TRUE,,,,360,,9,,,,,,,3,,,,7,4,,1200,501,,,,FALSE,,,,,
com.supercell.laser.xmas191,99,TID_IAP_XMAS_19_1,3,,TRUE,FALSE,FALSE,FALSE,TRUE,,,,80,,9,,,,,,,5,,,,7,4,,0,80,,,,FALSE,,,,,
com.supercell.laser.xmas192,499,TID_IAP_XMAS_19_2,3,,TRUE,FALSE,FALSE,FALSE,TRUE,,,,340,,9,,,,,,,5,,,,7,4,,600,411,,,,FALSE,,,,,
com.supercell.laser.xmas193,999,TID_IAP_XMAS_19_3,3,,TRUE,FALSE,FALSE,FALSE,TRUE,,,,510,,9,,,,,,,5,,,,7,4,,2700,828,,,,FALSE,,,,,
com.supercell.laser.xmas194,1999,TID_IAP_XMAS_19_4,3,,TRUE,FALSE,FALSE,FALSE,TRUE,,,,930,,9,,,,,,,5,,,,7,4,,6000,1636,,,,FALSE,,,,,
com.supercell.laser.cp1119,299,TID_IAP_COINPACK_11_19,3,,TRUE,FALSE,FALSE,FALSE,TRUE,,,,0,,9,,,,,,,3,,,,3,4,,1250,147,,,,FALSE,,,,,
com.supercell.laser.xmas195,199,TID_IAP_XMAS_19_GENERIC,3,,TRUE,FALSE,FALSE,FALSE,TRUE,,,,160,,9,,,,,,,5,,,,7,4,,0,160,,,,FALSE,,,,,
com.supercell.laser.xmas196,699,TID_IAP_XMAS_19_GENERIC,3,,TRUE,FALSE,FALSE,FALSE,TRUE,,,,470,,9,,,,,,,5,,,,7,4,,900,576,,,,FALSE,,,,,
com.supercell.laser.xmas197,1299,TID_IAP_XMAS_19_GENERIC,3,,TRUE,FALSE,FALSE,FALSE,TRUE,,,,640,,9,,,,,,,5,,,,7,4,,3500,1052,,,,FALSE,,,,,
com.supercell.laser.xmas198,2499,TID_IAP_XMAS_19_GENERIC,3,,TRUE,FALSE,FALSE,FALSE,TRUE,,,,1140,,9,,,,,,,5,,,,7,4,,8000,2081,,,,FALSE,,,,,
com.supercell.laser.xmas199,299,TID_IAP_XMAS_19_GENERIC,3,,TRUE,FALSE,FALSE,FALSE,TRUE,,,,160,,9,,,,,,,5,,,,7,4,,700,242,,,,FALSE,,,,,
com.supercell.laser.xmas200,799,TID_IAP_XMAS_19_GENERIC,3,,TRUE,FALSE,FALSE,FALSE,TRUE,,,,470,,9,,,,,,,5,,,,7,4,,1700,670,,,,FALSE,,,,,
com.supercell.laser.xmas201,1499,TID_IAP_XMAS_19_GENERIC,3,,TRUE,FALSE,FALSE,FALSE,TRUE,,,,640,,9,,,,,,,5,,,,7,4,,5100,1240,,,,FALSE,,,,,
com.supercell.laser.xmas202,2999,TID_IAP_XMAS_19_GENERIC,3,,TRUE,FALSE,FALSE,FALSE,TRUE,,,,1140,,9,,,,,,,5,,,,7,4,,11500,2493,,,,FALSE,,,,,
com.supercell.laser.ny201,499,TID_IAP_NEW_YEAR_20,3,,TRUE,FALSE,FALSE,FALSE,TRUE,,,,180,,9,,,,,,,3,,,,1,4,,600,251,,,,FALSE,,,,,
com.supercell.laser.cp0120,99,TID_IAP_COINPACK_GENERIC,3,,TRUE,FALSE,FALSE,FALSE,TRUE,,,,0,,9,,,,,,,4,,,,3,4,,550,65,,,,FALSE,,,,,
com.supercell.laser.cp0121,199,TID_IAP_COINPACK_GENERIC,3,,TRUE,FALSE,FALSE,FALSE,TRUE,,,,0,,9,,,,,,,3,,,,3,4,,1400,165,,,,FALSE,,,,,
com.supercell.laser.lny201,299,TID_IAP_LNY2020,3,,TRUE,FALSE,FALSE,FALSE,TRUE,,,,160,,9,,,,,,,5,,,,8,4,,800,254,,,,FALSE,,,,,
com.supercell.laser.lny202,299,TID_IAP_LNY2020,3,,TRUE,FALSE,FALSE,FALSE,TRUE,,,,160,,9,,,,,,,4,,,,8,4,,350,201,,,,FALSE,,,,,
com.supercell.laser.lny203,499,TID_IAP_LNY2020,3,,TRUE,FALSE,FALSE,FALSE,TRUE,,,,230,,9,,,,,,,4,,,,8,4,,900,336,,,,FALSE,,,,,
com.supercell.laser.lny204,999,TID_IAP_LNY2020,3,,TRUE,FALSE,FALSE,FALSE,TRUE,,,,460,,9,,,,,,,4,,,,8,4,,1700,660,,,,FALSE,,,,,
com.supercell.laser.lny205,1999,TID_IAP_LNY2020,3,,TRUE,FALSE,FALSE,FALSE,TRUE,,,,900,,9,,,,,,,4,,,,8,4,,3600,1324,,,,FALSE,,,,,
com.supercell.laser.lny206,399,TID_IAP_LNY2020,3,,TRUE,FALSE,FALSE,FALSE,TRUE,,,,240,,9,,,,,,,5,,,,8,4,,800,334,,,,FALSE,,,,,
com.supercell.laser.lny207,499,TID_IAP_LNY2020,3,,TRUE,FALSE,FALSE,FALSE,TRUE,,,,240,,9,,,,,,,4,,,,8,4,,800,334,,,,FALSE,,,,,
com.supercell.laser.lny208,999,TID_IAP_LNY2020,3,,TRUE,FALSE,FALSE,FALSE,TRUE,,,,520,,9,,,,,,,4,,,,8,4,,1200,661,,,,FALSE,,,,,
com.supercell.laser.lny209,1499,TID_IAP_LNY2020,3,,TRUE,FALSE,FALSE,FALSE,TRUE,,,,750,,9,,,,,,,4,,,,8,4,,2100,997,,,,FALSE,,,,,
com.supercell.laser.lny2010,2999,TID_IAP_LNY2020,3,,TRUE,FALSE,FALSE,FALSE,TRUE,,,,1300,,9,,,,,,,4,,,,8,4,,6000,2006,,,,FALSE,,,,,
com.supercell.laser.lny2011,199,TID_IAP_LNY2020,3,,TRUE,FALSE,FALSE,FALSE,TRUE,,,,130,,9,,,,,,,5,,,,8,4,,300,165,,,,FALSE,,,,,
com.supercell.laser.tgs201,499,TID_IAP_TGS2020,3,,TRUE,FALSE,FALSE,FALSE,TRUE,,,,160,,9,,,,,,,3,,,,1,4,,750,248,,,,FALSE,,,,,
com.supercell.laser.tgs202,999,TID_IAP_TGS2020,3,,TRUE,FALSE,FALSE,FALSE,TRUE,,,,320,,9,,,,,,,3,,,,1,4,,1500,496,,,,FALSE,,,,,
com.supercell.laser.vd20,499,TID_IAP_VD2020,3,,TRUE,FALSE,FALSE,FALSE,TRUE,,,,230,,9,,,,,,,3,,,,1,4,,300,265,,,,FALSE,,,,,
com.supercell.laser.mar20,999,TID_IAP_MAR2020,3,,TRUE,FALSE,FALSE,FALSE,TRUE,,,,470,,9,,,,,,,3,,,,1,4,,200,494,,,,FALSE,,,,,
com.supercell.laser.brawlpass0,499,TID_SHOP_SPECIAL_OFFER,5,,TRUE,FALSE,FALSE,FALSE,TRUE,,,,0,,0,,,,,,,,,,,,,,,0,,,,FALSE,,,,,
com.supercell.laser.brawlpass1,499,TID_SHOP_SPECIAL_OFFER,5,,TRUE,FALSE,FALSE,FALSE,TRUE,,,,0,,0,,,,,,,,,,,,,,,0,,,,FALSE,,,,,
com.supercell.laser.0320gp,1999,TID_SHOP_SPECIAL_OFFER,3,,TRUE,FALSE,FALSE,FALSE,TRUE,,,,415,,9,,,,,,,,TID_BEST_VALUE_EXTRA,15,,4,4,,0,415,,,,FALSE,,,,,
com.supercell.laser.0320backup,499,TID_SHOP_SPECIAL_OFFER,3,,TRUE,FALSE,FALSE,FALSE,TRUE,,,,270,,9,,,,,,,3,,,,1,4,,0,270,,,,FALSE,,,,,
com.supercell.laser.bundle099,99,TID_IAP_BUNDLE_OFFER,6,,,TRUE,TRUE,FALSE,TRUE,,,,0,,0,,,,,,,,,,,,,,,,15,,,FALSE,,,,,
com.supercell.laser.bundle199,199,TID_IAP_BUNDLE_OFFER,6,,,TRUE,TRUE,FALSE,TRUE,,,,0,,0,,,,,,,,,,,,,,,,30,,,FALSE,,,,,
com.supercell.laser.bundle299,299,TID_IAP_BUNDLE_OFFER,6,,,TRUE,TRUE,FALSE,TRUE,,,,0,,0,,,,,,,,,,,,,,,,48,,,FALSE,,,,,
com.supercell.laser.bundle399,399,TID_IAP_BUNDLE_OFFER,6,,,TRUE,TRUE,FALSE,TRUE,,,,0,,0,,,,,,,,,,,,,,,,64,,,FALSE,,,,,
com.supercell.laser.bundle499,499,TID_IAP_BUNDLE_OFFER,6,,,TRUE,TRUE,FALSE,TRUE,,,,0,,0,,,,,,,,,,,,,,,,80,,,FALSE,,,,,
com.supercell.laser.bundle599,599,TID_IAP_BUNDLE_OFFER,6,,,TRUE,TRUE,FALSE,TRUE,,,,0,,0,,,,,,,,,,,,,,,,102,,,FALSE,,,,,
com.supercell.laser.bundle699,699,TID_IAP_BUNDLE_OFFER,6,,,TRUE,TRUE,FALSE,TRUE,,,,0,,0,,,,,,,,,,,,,,,,119,,,FALSE,,,,,
com.supercell.laser.bundle799,799,TID_IAP_BUNDLE_OFFER,6,,,TRUE,TRUE,FALSE,TRUE,,,,0,,0,,,,,,,,,,,,,,,,136,,,FALSE,,,,,
com.supercell.laser.bundle899,899,TID_IAP_BUNDLE_OFFER,6,,,TRUE,TRUE,FALSE,TRUE,,,,0,,0,,,,,,,,,,,,,,,,153,,,FALSE,,,,,
com.supercell.laser.bundle999,999,TID_IAP_BUNDLE_OFFER,6,,,TRUE,TRUE,FALSE,TRUE,,,,0,,0,,,,,,,,,,,,,,,,170,,,FALSE,,,,,
com.supercell.laser.bundle1099,1099,TID_IAP_BUNDLE_OFFER,6,,,TRUE,TRUE,FALSE,TRUE,,,,0,,0,,,,,,,,,,,,,,,,198,,,FALSE,,,,,
com.supercell.laser.bundle1199,1199,TID_IAP_BUNDLE_OFFER,6,,,TRUE,TRUE,FALSE,TRUE,,,,0,,0,,,,,,,,,,,,,,,,216,,,FALSE,,,,,
com.supercell.laser.bundle1299,1299,TID_IAP_BUNDLE_OFFER,6,,,TRUE,TRUE,FALSE,TRUE,,,,0,,0,,,,,,,,,,,,,,,,234,,,FALSE,,,,,
com.supercell.laser.bundle1399,1399,TID_IAP_BUNDLE_OFFER,6,,,TRUE,TRUE,FALSE,TRUE,,,,0,,0,,,,,,,,,,,,,,,,252,,,FALSE,,,,,
com.supercell.laser.bundle1499,1499,TID_IAP_BUNDLE_OFFER,6,,,TRUE,TRUE,FALSE,TRUE,,,,0,,0,,,,,,,,,,,,,,,,270,,,FALSE,,,,,
com.supercell.laser.bundle1599,1599,TID_IAP_BUNDLE_OFFER,6,,,TRUE,TRUE,FALSE,TRUE,,,,0,,0,,,,,,,,,,,,,,,,288,,,FALSE,,,,,
com.supercell.laser.bundle1699,1699,TID_IAP_BUNDLE_OFFER,6,,,TRUE,TRUE,FALSE,TRUE,,,,0,,0,,,,,,,,,,,,,,,,306,,,FALSE,,,,,
com.supercell.laser.bundle1799,1799,TID_IAP_BUNDLE_OFFER,6,,,TRUE,TRUE,FALSE,TRUE,,,,0,,0,,,,,,,,,,,,,,,,324,,,FALSE,,,,,
com.supercell.laser.bundle1899,1899,TID_IAP_BUNDLE_OFFER,6,,,TRUE,TRUE,FALSE,TRUE,,,,0,,0,,,,,,,,,,,,,,,,342,,,FALSE,,,,,
com.supercell.laser.bundle1999,1999,TID_IAP_BUNDLE_OFFER,6,,,TRUE,TRUE,FALSE,TRUE,,,,0,,0,,,,,,,,,,,,,,,,360,,,FALSE,,,,,
com.supercell.laser.bundle2999,2999,TID_IAP_BUNDLE_OFFER,6,,,TRUE,TRUE,FALSE,TRUE,,,,0,,0,,,,,,,,,,,,,,,,570,,,FALSE,,,,,
com.supercell.laser.bundle3999,3999,TID_IAP_BUNDLE_OFFER,6,,,TRUE,TRUE,FALSE,TRUE,,,,0,,0,,,,,,,,,,,,,,,,760,,,FALSE,,,,,
com.supercell.laser.bundle4999,4999,TID_IAP_BUNDLE_OFFER,6,,,TRUE,TRUE,FALSE,TRUE,,,,0,,0,,,,,,,,,,,,,,,,950,,,FALSE,,,,,
com.supercell.laser.bundle9999,9999,TID_IAP_BUNDLE_OFFER,6,,,TRUE,TRUE,FALSE,TRUE,,,,0,,0,,,,,,,,,,,,,,,,2000,,,FALSE,,,,,
com.supercell.laser.psg1,499,TID_IAP_PSG_WEEKEND,3,,TRUE,FALSE,FALSE,FALSE,TRUE,,,,240,,0,,,,,,,4,,,,1,4,,700,322,,,,FALSE,,,,,
com.supercell.laser.psg2,999,TID_IAP_PSG_WEEKEND,3,,TRUE,FALSE,FALSE,FALSE,TRUE,,,,490,,0,,,,,,,4,,,,1,4,,1700,690,,,,FALSE,,,,,
com.supercell.laser.04200,499,TID_IAP_APRIL20_0,3,,TRUE,FALSE,FALSE,FALSE,TRUE,,,,160,,0,,,,,,,3,,,,1,4,,700,242,,,,FALSE,,,,,
com.supercell.laser.gw200,499,TID_IAP_GOLDENWEEK20,3,,TRUE,FALSE,FALSE,FALSE,TRUE,,,,320,,0,,,,,,,5,,,,1,4,,700,402,,,,FALSE,,,,,
com.supercell.laser.gw201,999,TID_IAP_GOLDENWEEK20,3,,TRUE,FALSE,FALSE,FALSE,TRUE,,,,570,,0,,,,,,,5,,,,1,4,,2400,852,,,,FALSE,,,,,
com.supercell.laser.gw202,2999,TID_IAP_GOLDENWEEK20,3,,TRUE,FALSE,FALSE,FALSE,TRUE,,,,1740,,0,,,,,,,5,,,,1,4,,8200,2705,,,,FALSE,,,,,
com.supercell.laser.04201,199,TID_IAP_APRIL20_1,3,,TRUE,FALSE,FALSE,FALSE,TRUE,,,,80,,0,,,,,,,4,,,,1,4,,350,121,,,,FALSE,,,,,
com.supercell.laser.04202,299,TID_IAP_APRIL20_2,3,,TRUE,FALSE,FALSE,FALSE,TRUE,,,,0,,0,,,,,,,4,,,,3,4,,1100,129,,,,FALSE,,,,,
com.supercell.laser.sc101,499,TID_IAP_SC10_1,3,,TRUE,FALSE,FALSE,FALSE,TRUE,,,,200,,0,,,,,,,4,,,,1,4,,1100,329,,,,FALSE,,,,,
com.supercell.laser.sc102,999,TID_IAP_SC10_2,3,,TRUE,FALSE,FALSE,FALSE,TRUE,,,,400,,0,,,,,,,4,,,,1,4,,2400,682,,,,FALSE,,,,,
com.supercell.laser.0620,499,TID_IAP_0620,3,,TRUE,FALSE,FALSE,FALSE,TRUE,,,,160,,0,,,,,,,3,,,,1,4,,700,242,,,,FALSE,,,,,
com.supercell.laser.0720,499,TID_IAP_0720,3,,TRUE,FALSE,FALSE,FALSE,TRUE,,,,160,,0,,,,,,,3,,,,1,4,,700,242,,,,FALSE,,,,,
com.supercell.laser.0520c,199,TID_IAP_0520C,3,,TRUE,FALSE,FALSE,FALSE,TRUE,,,,110,,0,,,,,,,5,,,,1,4,,350,151,,,,FALSE,,,,,
com.supercell.laser.0620c,299,TID_IAP_0620C,3,,TRUE,FALSE,FALSE,FALSE,TRUE,,,,205,,0,,,,,,,5,,,,1,4,,250,234,,,,FALSE,,,,,
com.supercell.laser.0620d,999,TID_IAP_0620D,3,,TRUE,FALSE,FALSE,FALSE,TRUE,,,,410,,0,,,,,,,5,,,,1,4,,4000,881,,,,FALSE,,,,,
com.supercell.laser.ms201,299,TID_IAP_MS20_1,3,,TRUE,FALSE,FALSE,FALSE,TRUE,,,,125,,0,,,,,,,4,,,,1,4,,500,184,,,,FALSE,,,,,
com.supercell.laser.ms202,499,TID_IAP_MS20_2,3,,TRUE,FALSE,FALSE,FALSE,TRUE,,,,240,,0,,,,,,,4,,,,1,4,,700,322,,,,FALSE,,,,,
com.supercell.laser.ms203,1999,TID_IAP_MS20_3,3,,TRUE,FALSE,FALSE,FALSE,TRUE,,,,760,,0,,,,,,,4,,,,1,4,,6000,1466,,,,FALSE,,,,,
com.supercell.laser.coins0620,499,TID_IAP_COINS_0620,3,,TRUE,FALSE,FALSE,FALSE,TRUE,,,,0,,0,,,,,,,6,,,,3,4,,4000,471,,,,FALSE,,,,,
com.supercell.laser.0520g,4999,TID_IAP_0520G,3,,TRUE,FALSE,FALSE,FALSE,TRUE,,,,1200,,0,,,,,,,,TID_BEST_VALUE_EXTRA,25,,4,4,,0,1200,,,,FALSE,,,,,
com.supercell.laser_cn.gempack0,199,TID_SHOP_GEM_PACK_1_TITLE,,1,TRUE,,,TRUE,,TRUE,TRUE,100,30,,1,1200,GD2020041015865097539219,shop_gem_0,0,,,,,,,,,,,30,,,,FALSE,,,,,
com.supercell.laser_cn.gempack1,499,TID_SHOP_GEM_PACK_2_TITLE,,1,TRUE,,,TRUE,,TRUE,TRUE,100,80,,2,3000,GD2020041015865097822442,shop_gem_1,1,,,,TID_SHOP_LABEL_BREAKDOWN,5,,,,,,80,,,,FALSE,,,,,
com.supercell.laser_cn.gempack2,999,TID_SHOP_GEM_PACK_3_TITLE,,1,TRUE,,,TRUE,,TRUE,TRUE,100,170,,3,6800,GD2020041015865098164257,shop_gem_2,2,,,,TID_SHOP_LABEL_BREAKDOWN,19,TID_SHOP_LABEL_POPULAR,,,,,170,,,,FALSE,,,,,
com.supercell.laser_cn.gempack3,1999,TID_SHOP_GEM_PACK_4_TITLE,,1,TRUE,,,TRUE,,TRUE,TRUE,100,360,,4,12800,GD2020041015865098475583,shop_gem_3,3,,,,TID_SHOP_LABEL_BREAKDOWN,59,,,,,,360,,,,FALSE,,,,,
com.supercell.laser_cn.gempack4,4999,TID_SHOP_GEM_PACK_5_TITLE,,1,TRUE,,,TRUE,,TRUE,TRUE,100,950,,5,32800,GD2020041015865098866520,shop_gem_4,4,,,,TID_SHOP_LABEL_BREAKDOWN,196,,,,,,950,,,,FALSE,,,,,
com.supercell.laser_cn.gempack5,9999,TID_SHOP_GEM_PACK_6_TITLE,,1,TRUE,,,TRUE,,TRUE,TRUE,100,2000,,6,64800,GD2020041015865099143688,shop_gem_5,5,,,,TID_SHOP_LABEL_BREAKDOWN,493,TID_SHOP_LABEL_BEST_VALUE,,,,,2000,,,,FALSE,,,,,
com.supercell.laser_cn.starterpack1,299,TID_STARTER_PACK_1,,2,TRUE,,,FALSE,TRUE,FALSE,FALSE,,110,,0,1800,GD2020051315893438495358,,,1,5,4,,,,1,0,,600,181,,,,FALSE,,,,,
com.supercell.laser_cn.starterpack2,399,TID_STARTER_PACK_2,,2,TRUE,,,FALSE,TRUE,FALSE,FALSE,,190,,0,2500,GD2020051315893554469821,,,2,15,4,,,,1,0,,450,243,,,,FALSE,,,,,
com.supercell.laser_cn.starterpack3,499,TID_STARTER_PACK_3,,2,TRUE,,,FALSE,TRUE,FALSE,FALSE,,240,,0,3000,GD2020051315893556064734,,,3,25,4,,,,1,0,,700,322,,,,FALSE,,,,,
com.supercell.laser_cn.starterpack4,599,TID_STARTER_PACK_4,,2,TRUE,,,FALSE,TRUE,FALSE,FALSE,,320,,0,4000,GD2020051315893556850503,,,4,35,4,,,,1,0,,700,402,,,,FALSE,,,,,
com.supercell.laser_cn.starterpack5,699,TID_STARTER_PACK_5,,2,TRUE,,,FALSE,TRUE,FALSE,FALSE,,340,,0,4500,GD2020051315893557620869,,,5,50,4,,,,1,0,,900,446,,,,FALSE,,,,,
com.supercell.laser_cn.starterpack6,799,TID_STARTER_PACK_6,,2,TRUE,,,FALSE,TRUE,FALSE,FALSE,,420,,0,5000,GD2020051315893558367029,,,6,75,4,,,,1,0,,900,526,,,,FALSE,,,,,
com.supercell.laser_cn.starterpack7,899,TID_STARTER_PACK_7,,2,TRUE,,,FALSE,TRUE,FALSE,FALSE,,390,,0,6000,GD2020051315893559247326,,,7,100,4,,,,1,0,,2000,625,,,,FALSE,,,,,
com.supercell.laser_cn.starterpack8,999,TID_STARTER_PACK_8,,2,TRUE,,,FALSE,TRUE,FALSE,FALSE,,470,,0,6800,GD2020051315893559900801,,,8,125,4,,,,1,0,,2000,705,,,,FALSE,,,,,
com.supercell.laser_cn.bundle099,99,TID_IAP_BUNDLE_OFFER,,6,TRUE,,,TRUE,,TRUE,TRUE,,0,,0,600,GD2020051315893560974566,,,,,,,,,,,,,,15,,,FALSE,,,,,
com.supercell.laser_cn.bundle199,199,TID_IAP_BUNDLE_OFFER,,6,TRUE,,,TRUE,,TRUE,TRUE,,0,,0,1200,GD2020051315893561777109,,,,,,,,,,,,,,30,,,FALSE,,,,,
com.supercell.laser_cn.bundle299,299,TID_IAP_BUNDLE_OFFER,,6,TRUE,,,TRUE,,TRUE,TRUE,,0,,0,1800,GD2020051315893562768024,,,,,,,,,,,,,,48,,,FALSE,,,,,
com.supercell.laser_cn.bundle399,399,TID_IAP_BUNDLE_OFFER,,6,TRUE,,,TRUE,,TRUE,TRUE,,0,,0,2500,GD2020051315893563393233,,,,,,,,,,,,,,67,,,FALSE,,,,,
com.supercell.laser_cn.bundle499,499,TID_IAP_BUNDLE_OFFER,,6,TRUE,,,TRUE,,TRUE,TRUE,,0,,0,3000,GD2020051315893564519131,,,,,,,,,,,,,,80,,,FALSE,,,,,
com.supercell.laser_cn.bundle599,599,TID_IAP_BUNDLE_OFFER,,6,TRUE,,,TRUE,,TRUE,TRUE,,0,,0,4000,GD2020051315893565054481,,,,,,,,,,,,,,100,,,FALSE,,,,,
com.supercell.laser_cn.bundle699,699,TID_IAP_BUNDLE_OFFER,,6,TRUE,,,TRUE,,TRUE,TRUE,,0,,0,4500,GD2020051315893565736928,,,,,,,,,,,,,,113,,,FALSE,,,,,
com.supercell.laser_cn.bundle799,799,TID_IAP_BUNDLE_OFFER,,6,TRUE,,,TRUE,,TRUE,TRUE,,0,,0,5000,GD2020051315893566861518,,,,,,,,,,,,,,125,,,FALSE,,,,,
com.supercell.laser_cn.bundle899,899,TID_IAP_BUNDLE_OFFER,,6,TRUE,,,TRUE,,TRUE,TRUE,,0,,0,6000,GD2020051315893567448771,,,,,,,,,,,,,,150,,,FALSE,,,,,
com.supercell.laser_cn.bundle999,999,TID_IAP_BUNDLE_OFFER,,6,TRUE,,,TRUE,,TRUE,TRUE,,0,,0,6800,GD2020051315893568147279,,,,,,,,,,,,,,170,,,FALSE,,,,,
com.supercell.laser_cn.bundle1099,1099,TID_IAP_BUNDLE_OFFER,,6,TRUE,,,TRUE,,TRUE,TRUE,,0,,0,7300,GD2020051315893568691926,,,,,,,,,,,,,,205,,,FALSE,,,,,
com.supercell.laser_cn.bundle1199,1199,TID_IAP_BUNDLE_OFFER,,6,TRUE,,,TRUE,,TRUE,TRUE,,0,,0,7800,GD2020051315893569305245,,,,,,,,,,,,,,219,,,FALSE,,,,,
com.supercell.laser_cn.bundle1299,1299,TID_IAP_BUNDLE_OFFER,,6,TRUE,,,TRUE,,TRUE,TRUE,,0,,0,8800,GD2020051315893570022200,,,,,,,,,,,,,,248,,,FALSE,,,,,
com.supercell.laser_cn.bundle1399,1399,TID_IAP_BUNDLE_OFFER,,6,TRUE,,,TRUE,,TRUE,TRUE,,0,,0,9300,GD2020051315893570953471,,,,,,,,,,,,,,262,,,FALSE,,,,,
com.supercell.laser_cn.bundle1499,1499,TID_IAP_BUNDLE_OFFER,,6,TRUE,,,TRUE,,TRUE,TRUE,,0,,0,9800,GD2020051315893571525843,,,,,,,,,,,,,,276,,,FALSE,,,,,
com.supercell.laser_cn.bundle1599,1599,TID_IAP_BUNDLE_OFFER,,6,TRUE,,,TRUE,,TRUE,TRUE,,0,,0,10800,GD2020051315893572164344,,,,,,,,,,,,,,304,,,FALSE,,,,,
com.supercell.laser_cn.bundle1699,1699,TID_IAP_BUNDLE_OFFER,,6,TRUE,,,TRUE,,TRUE,TRUE,,0,,0,11300,GD2020051315893573188100,,,,,,,,,,,,,,318,,,FALSE,,,,,
com.supercell.laser_cn.bundle1799,1799,TID_IAP_BUNDLE_OFFER,,6,TRUE,,,TRUE,,TRUE,TRUE,,0,,0,11800,GD2020051315893573675868,,,,,,,,,,,,,,332,,,FALSE,,,,,
com.supercell.laser_cn.bundle1899,1899,TID_IAP_BUNDLE_OFFER,,6,TRUE,,,TRUE,,TRUE,TRUE,,0,,0,12300,GD2020051315893574244963,,,,,,,,,,,,,,346,,,FALSE,,,,,
com.supercell.laser_cn.bundle1999,1999,TID_IAP_BUNDLE_OFFER,,6,TRUE,,,TRUE,,TRUE,TRUE,,0,,0,12800,GD2020051315893574803116,,,,,,,,,,,,,,360,,,FALSE,,,,,
com.supercell.laser_cn.bundle2999,2999,TID_IAP_BUNDLE_OFFER,,6,TRUE,,,TRUE,,TRUE,TRUE,,0,,0,19800,GD2020051315893575482563,,,,,,,,,,,,,,573,,,FALSE,,,,,
com.supercell.laser_cn.bundle3999,3999,TID_IAP_BUNDLE_OFFER,,6,TRUE,,,TRUE,,TRUE,TRUE,,0,,0,25800,GD2020051315893576448461,,,,,,,,,,,,,,747,,,FALSE,,,,,
com.supercell.laser_cn.bundle4999,4999,TID_IAP_BUNDLE_OFFER,,6,TRUE,,,TRUE,,TRUE,TRUE,,0,,0,32800,GD2020051315893576957327,,,,,,,,,,,,,,950,,,FALSE,,,,,
com.supercell.laser_cn.bundle9999,9999,TID_IAP_BUNDLE_OFFER,,6,TRUE,,,TRUE,,TRUE,TRUE,,0,,0,64800,GD2020051315893577550063,,,,,,,,,,,,,,2000,,,FALSE,,,,,
com.supercell.laser_cn.0720,499,TID_IAP_0720,,3,TRUE,,,FALSE,TRUE,FALSE,FALSE,,160,,0,3000,GD2020051315893578491695,,,,,3,,,,1,4,,700,242,,,,FALSE,,,,,
com.supercell.laser_cn.0620c,299,TID_IAP_0620C,,3,TRUE,,,FALSE,TRUE,FALSE,FALSE,,205,,0,1800,GD2020051315893579540286,,,,,5,,,,1,4,,250,234,,,,FALSE,,,,,
com.supercell.laser_cn.0620d,999,TID_IAP_0620D,,3,TRUE,,,FALSE,TRUE,FALSE,FALSE,,410,,0,6800,GD2020051315893580080168,,,,,5,,,,1,4,,4000,881,,,,FALSE,,,,,
com.supercell.laser_cn.ms201,299,TID_IAP_MS20_1,,3,TRUE,,,FALSE,TRUE,FALSE,FALSE,,125,,0,1800,GD2020051415894427544118,,,,,4,,,,1,4,,500,184,,,,FALSE,,,,,
com.supercell.laser_cn.ms202,499,TID_IAP_MS20_2,,3,TRUE,,,FALSE,TRUE,FALSE,FALSE,,240,,0,3000,GD2020051315893581952366,,,,,4,,,,1,4,,700,322,,,,FALSE,,,,,
com.supercell.laser_cn.ms203,1999,TID_IAP_MS20_3,,3,TRUE,,,FALSE,TRUE,FALSE,FALSE,,760,,0,12800,GD2020051315893582613473,,,,,4,,,,1,4,,6000,1466,,,,FALSE,,,,,
com.supercell.laser_cn.coins0620,499,TID_IAP_COINS_0620,,3,TRUE,,,FALSE,TRUE,FALSE,FALSE,,0,,0,3000,GD2020051315893583148280,,,,,6,,,,3,4,,4000,471,,,,FALSE,,,,,
com.supercell.laser_cn.0520g,4999,TID_IAP_0520G,,3,TRUE,,,FALSE,TRUE,FALSE,FALSE,,1200,,0,32800,GD2020051315893583984100,,,,,,TID_BEST_VALUE_EXTRA,25,,4,4,,0,1200,,,,FALSE,,,,,
com.supercell.laser.som_072001,499,TID_IAP_SOM_072001,3,,TRUE,FALSE,FALSE,,TRUE,,,,240,,0,3000,,,,,,4,,,,1,4,,700,322,,,,FALSE,,,,,
com.supercell.laser.som_072002,999,TID_IAP_SOM_072002,3,,TRUE,FALSE,FALSE,,TRUE,,,,390,,0,6800,,,,,,3,,,,1,4,,1000,508,,,,FALSE,,,,,
com.supercell.laser.som_072003,499,TID_IAP_SOM_072003,3,,TRUE,FALSE,FALSE,,TRUE,,,,160,,0,3000,,,,,,3,,,,1,4,,700,242,,,,FALSE,,,,,
com.supercell.laser.som_072004,199,TID_IAP_SOM_072004,3,,TRUE,FALSE,FALSE,,TRUE,,,,110,,0,1200,,,,,,5,,,,1,4,,350,151,,,,FALSE,,,,,
com.supercell.laser.som_072005,199,TID_IAP_SOM_072005,3,,TRUE,FALSE,FALSE,,TRUE,,,,110,,0,1200,,,,,,5,,,,1,4,,350,151,,,,FALSE,,,,,
com.supercell.laser.som_072006,2999,TID_IAP_SOM_072006,3,,TRUE,FALSE,FALSE,,TRUE,,,,600,,0,19800,,,,,,,TID_BEST_VALUE_EXTRA,10,,4,4,,0,600,,,,FALSE,,,,,
com.supercell.laser.som_072007,9999,TID_IAP_SOM_072007,3,,TRUE,FALSE,FALSE,,TRUE,,,,2400,,0,64800,,,,,,,TID_BEST_VALUE_EXTRA,20,,4,4,,0,2400,,,,FALSE,,,,,
com.supercell.laser.som_072008,999,TID_IAP_SOM_072008,3,,TRUE,FALSE,FALSE,,TRUE,,,,330,,0,6800,,,,,,4,,,,1,4,,3000,683,,,,FALSE,,,,,
com.supercell.laser.som_072009,999,TID_IAP_SOM_072009,3,,TRUE,FALSE,FALSE,,TRUE,,,,330,,0,6800,,,,,,3,,,,1,4,,2000,565,,,,FALSE,,,,,
com.supercell.laser.som_072010,499,TID_IAP_SOM_072010,3,,TRUE,FALSE,FALSE,,TRUE,,,,0,,0,3000,,,,,,5,,,,3,4,,3400,400,,,,FALSE,,,,,
com.supercell.laser_cn.som_072001,499,TID_IAP_SOM_072001,,3,TRUE,,,FALSE,TRUE,FALSE,FALSE,,240,,0,3000,GD2020062815933124419699,,,,,4,,,,1,4,,700,322,,,,FALSE,,,,,
com.supercell.laser_cn.som_072002,999,TID_IAP_SOM_072002,,3,TRUE,,,FALSE,TRUE,FALSE,FALSE,,390,,0,6800,GD2020062815933125447645,,,,,3,,,,1,4,,1000,508,,,,FALSE,,,,,
com.supercell.laser_cn.som_072003,499,TID_IAP_SOM_072003,,3,TRUE,,,FALSE,TRUE,FALSE,FALSE,,160,,0,3000,GD2020062815933127234459,,,,,3,,,,1,4,,700,242,,,,FALSE,,,,,
com.supercell.laser_cn.som_072004,199,TID_IAP_SOM_072004,,3,TRUE,,,FALSE,TRUE,FALSE,FALSE,,110,,0,1200,GD2020062815933128285051,,,,,5,,,,1,4,,350,151,,,,FALSE,,,,,
com.supercell.laser_cn.som_072005,199,TID_IAP_SOM_072005,,3,TRUE,,,FALSE,TRUE,FALSE,FALSE,,110,,0,1200,GD2020062815933134747209,,,,,5,,,,1,4,,350,151,,,,FALSE,,,,,
com.supercell.laser_cn.som_072006,2999,TID_IAP_SOM_072006,,3,TRUE,,,FALSE,TRUE,FALSE,FALSE,,600,,0,19800,GD2020062815933130685206,,,,,,TID_BEST_VALUE_EXTRA,10,,4,4,,0,600,,,,FALSE,,,,,
com.supercell.laser_cn.som_072007,9999,TID_IAP_SOM_072007,,3,TRUE,,,FALSE,TRUE,FALSE,FALSE,,2400,,0,64800,GD2020062815933131621533,,,,,,TID_BEST_VALUE_EXTRA,20,,4,4,,0,2400,,,,FALSE,,,,,
com.supercell.laser_cn.som_072008,999,TID_IAP_SOM_072008,,3,TRUE,,,FALSE,TRUE,FALSE,FALSE,,330,,0,6800,GD2020062815933132375996,,,,,4,,,,1,4,,3000,683,,,,FALSE,,,,,
com.supercell.laser_cn.som_072009,999,TID_IAP_SOM_072009,,3,TRUE,,,FALSE,TRUE,FALSE,FALSE,,330,,0,6800,GD2020062815933133239896,,,,,3,,,,1,4,,2000,565,,,,FALSE,,,,,
com.supercell.laser_cn.som_072010,499,TID_IAP_SOM_072010,,3,TRUE,,,FALSE,TRUE,FALSE,FALSE,,0,,0,3000,GD2020062815933134021369,,,,,5,,,,3,4,,3400,400,,,,FALSE,,,,,
com.supercell.laser.starr_09001,999,TID_IAP_STARR_09001,3,,TRUE,FALSE,FALSE,,TRUE,,,,490,,0,6800,,,,,,4,,,,1,4,,2000,725,,,,FALSE,,,,,
com.supercell.laser.starr_09002,999,TID_IAP_STARR_09002,3,,TRUE,FALSE,FALSE,,TRUE,,,,330,,0,6800,,,,,,3,,,,1,4,,2000,565,,,,FALSE,,,,,
com.supercell.laser.starr_09003,199,TID_IAP_STARR_09003,3,,TRUE,FALSE,FALSE,,TRUE,,,,30,,0,1200,,,,,,5,,,,1,4,,1020,150,,,,FALSE,,,,,
com.supercell.laser.starr_09004,199,TID_IAP_STARR_09004,3,,TRUE,FALSE,FALSE,,TRUE,,,,110,,0,1200,,,,,,5,,,,1,4,,340,150,,,,FALSE,,,,,
com.supercell.laser.starr_09005,199,TID_IAP_STARR_09005,3,,TRUE,FALSE,FALSE,,TRUE,,,,110,,0,1200,,,,,,5,,,,12,4,,360,152,,,,FALSE,,,,,
com.supercell.laser.starr_09006,999,TID_IAP_STARR_09006,3,,TRUE,FALSE,FALSE,,TRUE,,,,570,,0,6800,,,,,,5,,,,12,4,,2400,852,,,,FALSE,,,,,
com.supercell.laser_cn.starr_09001,999,TID_IAP_STARR_09001,,3,TRUE,,,FALSE,TRUE,FALSE,FALSE,,490,,0,6800,GD2020090315991135284938,,,,,4,,,,1,4,,2000,725,,,,FALSE,,,,,
com.supercell.laser_cn.starr_09002,999,TID_IAP_STARR_09002,,3,TRUE,,,FALSE,TRUE,FALSE,FALSE,,330,,0,6800,GD2020090315991136759594,,,,,3,,,,1,4,,2000,565,,,,FALSE,,,,,
com.supercell.laser_cn.starr_09003,199,TID_IAP_STARR_09003,,3,TRUE,,,FALSE,TRUE,FALSE,FALSE,,30,,0,1200,GD2020090315991138132399,,,,,5,,,,1,4,,1020,150,,,,FALSE,,,,,
com.supercell.laser_cn.starr_09004,199,TID_IAP_STARR_09004,,3,TRUE,,,FALSE,TRUE,FALSE,FALSE,,110,,0,1200,GD2020090315991139533500,,,,,5,,,,1,4,,340,150,,,,FALSE,,,,,
com.supercell.laser_cn.starr_09005,199,TID_IAP_STARR_09005,,3,TRUE,,,FALSE,TRUE,FALSE,FALSE,,110,,0,1200,GD2020090315991140992899,,,,,5,,,,12,4,,360,152,,,,FALSE,,,,,
com.supercell.laser_cn.starr_09006,999,TID_IAP_STARR_09006,,3,TRUE,,,FALSE,TRUE,FALSE,FALSE,,570,,0,6800,GD2020090315991142104145,,,,,5,,,,12,4,,2400,852,,,,FALSE,,,,,
com.supercell.laser_cn.starr_09007,1999,TID_IAP_STARR_09006,,3,TRUE,,,FALSE,TRUE,FALSE,FALSE,,760,,0,12800,GD2020090315991142639030,,,,,5,,,,12,4,,8800,1795,,,,FALSE,,,,,
com.supercell.laser.starr_09007,1999,TID_IAP_STARR_09006,3,,TRUE,FALSE,FALSE,,TRUE,,,,760,,0,12800,,,,,,5,,,,12,4,,8800,1795,,,,FALSE,,,,,
com.supercell.laser.bundle2499,2499,TID_IAP_BUNDLE_OFFER,6,,,TRUE,TRUE,,TRUE,,,,0,,0,,,,,,,,,,,,,,,,475,,,FALSE,,,,,
com.supercell.laser.bundle2799,2799,TID_IAP_BUNDLE_OFFER,6,,,TRUE,TRUE,,TRUE,,,,0,,0,,,,,,,,,,,,,,,,532,,,FALSE,,,,,
com.supercell.laser_cn.bundle2499,2999,TID_IAP_BUNDLE_OFFER,,6,TRUE,,,TRUE,,TRUE,TRUE,,0,,0,16300,GD2021051116207151686700,,,,,,,,,,,,,,472,,,FALSE,,,,,
com.supercell.laser_cn.bundle2799,2999,TID_IAP_BUNDLE_OFFER,,6,TRUE,,,TRUE,,TRUE,TRUE,,0,,0,18800,GD2021051116207151320041,,,,,,,,,,,,,,545,,,FALSE,,,,,
com.supercell.laser.newstarterpack1,99,TID_STARTER_PACK_1,2,,TRUE,FALSE,FALSE,FALSE,TRUE,,,,100,,0,,,,,1,5,5,,,,1,0,,100,112,,,,FALSE,,,,,
com.supercell.laser.newstarterpack2,199,TID_STARTER_PACK_2,2,,TRUE,FALSE,FALSE,FALSE,TRUE,,,,160,,0,,,,,2,15,5,,,,1,0,,0,160,,,,FALSE,,,,,
com.supercell.laser.newstarterpack3,299,TID_STARTER_PACK_3,2,,TRUE,FALSE,FALSE,FALSE,TRUE,,,,205,,0,,,,,3,25,5,,,,1,0,,300,240,,,,FALSE,,,,,
com.supercell.laser.newstarterpack4,499,TID_STARTER_PACK_4,2,,TRUE,FALSE,FALSE,FALSE,TRUE,,,,400,,0,,,,,4,35,5,,,,1,0,,400,447,,,,FALSE,,,,,
com.supercell.laser.newstarterpack5,599,TID_STARTER_PACK_5,2,,TRUE,FALSE,FALSE,FALSE,TRUE,,,,500,,0,,,,,5,50,5,,,,1,0,,500,559,,,,FALSE,,,,,
com.supercell.laser.newstarterpack6,799,TID_STARTER_PACK_6,2,,TRUE,FALSE,FALSE,FALSE,TRUE,,,,610,,0,,,,,6,75,5,,,,1,0,,600,681,,,,FALSE,,,,,
com.supercell.laser.newstarterpack7,999,TID_STARTER_PACK_7,2,,TRUE,FALSE,FALSE,FALSE,TRUE,,,,730,,0,,,,,7,100,5,,,,1,0,,1700,930,,,,FALSE,,,,,
com.supercell.laser.newstarterpack8,1499,TID_STARTER_PACK_8,2,,TRUE,FALSE,FALSE,FALSE,TRUE,,,,890,,0,,,,,8,125,5,,,,1,0,,5000,1478,,,,FALSE,,,,,
com.supercell.laser_cn.newstarterpack1,99,TID_STARTER_PACK_1,,2,TRUE,,,FALSE,TRUE,FALSE,FALSE,,100,,0,600,GD2021081116286537055113,,,1,5,5,,,,1,0,,100,112,,,,FALSE,,,,,
com.supercell.laser_cn.newstarterpack2,199,TID_STARTER_PACK_2,,2,TRUE,,,FALSE,TRUE,FALSE,FALSE,,160,,0,1200,GD2021081116286537694577,,,2,15,5,,,,1,0,,0,160,,,,FALSE,,,,,
com.supercell.laser_cn.newstarterpack3,299,TID_STARTER_PACK_3,,2,TRUE,,,FALSE,TRUE,FALSE,FALSE,,205,,0,1800,GD2021081116286537969006,,,3,25,5,,,,1,0,,300,240,,,,FALSE,,,,,
com.supercell.laser_cn.newstarterpack4,499,TID_STARTER_PACK_4,,2,TRUE,,,FALSE,TRUE,FALSE,FALSE,,400,,0,3000,GD2021081116286538846049,,,4,35,5,,,,1,0,,400,447,,,,FALSE,,,,,
com.supercell.laser_cn.newstarterpack5,599,TID_STARTER_PACK_5,,2,TRUE,,,FALSE,TRUE,FALSE,FALSE,,500,,0,4000,GD2021081116286539149716,,,5,50,5,,,,1,0,,500,559,,,,FALSE,,,,,
com.supercell.laser_cn.newstarterpack6,799,TID_STARTER_PACK_6,,2,TRUE,,,FALSE,TRUE,FALSE,FALSE,,610,,0,5000,GD2021081116286539519246,,,6,75,5,,,,1,0,,600,681,,,,FALSE,,,,,
com.supercell.laser_cn.newstarterpack7,999,TID_STARTER_PACK_7,,2,TRUE,,,FALSE,TRUE,FALSE,FALSE,,730,,0,6800,GD2021081116286539868726,,,7,100,5,,,,1,0,,1700,930,,,,FALSE,,,,,
com.supercell.laser_cn.newstarterpack8,1499,TID_STARTER_PACK_8,,2,TRUE,,,FALSE,TRUE,FALSE,FALSE,,890,,0,9800,GD2021081116286540077144,,,8,125,5,,,,1,0,,5000,1478,,,,FALSE,,,,,
com.supercell.laser.seasonpass999,999,TID_SHOP_SPECIAL_OFFER,7,,TRUE,,,,TRUE,,,,0,,0,,,,,,,,,,,,,,,169,,,,FALSE,,,,0,44
com.supercell.laser_cn.seasonpass999,999,TID_SHOP_SPECIAL_OFFER,,7,TRUE,,,FALSE,TRUE,FALSE,FALSE,,0,,0,6800,,,,,,,,,,,,,,169,,,,FALSE,,,,0,44
com.supercell.laser.gempack0_yt,199,TID_PROMOCODE_PACK,4,,,FALSE,TRUE,FALSE,TRUE,,,,30,,9,,,,,,,,,,,,,TRUE,0,0,,,,FALSE,,,,,
com.supercell.laser.gempack2_yt,999,TID_PROMOCODE_PACK,4,,,FALSE,TRUE,FALSE,TRUE,,,,170,,9,,,,,,,,,,,,,TRUE,0,0,,,,FALSE,,,,,
com.supercell.laser.scid.gempack0,199,TID_SUPERCELL_STORE_GEM_PACK_1_TITLE,1,,FALSE,FALSE,FALSE,FALSE,TRUE,FALSE,FALSE,100,30,,1,,,shop_gem_0,0,,,,,,,,,,,30,,TRUE,FALSE,FALSE,,,,,
com.supercell.laser.scid.gempack1,499,TID_SUPERCELL_STORE_GEM_PACK_2_TITLE,1,,FALSE,FALSE,FALSE,FALSE,TRUE,FALSE,FALSE,100,80,,2,,,shop_gem_1,1,,,,TID_SHOP_LABEL_BREAKDOWN,5,,,,,,80,,TRUE,FALSE,FALSE,,,,,
com.supercell.laser.scid.gempack2,999,TID_SUPERCELL_STORE_GEM_PACK_3_TITLE,1,,FALSE,FALSE,FALSE,FALSE,TRUE,FALSE,FALSE,100,170,,3,,,shop_gem_2,2,,,,TID_SHOP_LABEL_BREAKDOWN,19,TID_SHOP_LABEL_POPULAR,,,,,170,,TRUE,FALSE,FALSE,,,,,
com.supercell.laser.scid.gempack3,1999,TID_SUPERCELL_STORE_GEM_PACK_4_TITLE,1,,FALSE,FALSE,FALSE,FALSE,TRUE,FALSE,FALSE,100,360,,4,,,shop_gem_3,3,,,,TID_SHOP_LABEL_BREAKDOWN,59,,,,,,360,,TRUE,FALSE,FALSE,,,,,
com.supercell.laser.scid.gempack4,4999,TID_SUPERCELL_STORE_GEM_PACK_5_TITLE,1,,FALSE,FALSE,FALSE,FALSE,TRUE,FALSE,FALSE,100,950,,5,,,shop_gem_4,4,,,,TID_SHOP_LABEL_BREAKDOWN,196,,,,,,950,,TRUE,FALSE,FALSE,,,,,
com.supercell.laser.scid.gempack5,9999,TID_SUPERCELL_STORE_GEM_PACK_6_TITLE,1,,FALSE,FALSE,FALSE,FALSE,TRUE,FALSE,FALSE,100,2000,,6,,,shop_gem_5,5,,,,TID_SHOP_LABEL_BREAKDOWN,493,TID_SHOP_LABEL_BEST_VALUE,,,,,2000,,TRUE,FALSE,FALSE,,,,,
com.supercell.laser.scid.seasonpass,999,TID_SUPERCELL_STORE_BRAWL_PASS,7,,TRUE,FALSE,FALSE,FALSE,TRUE,FALSE,FALSE,100,0,,2,,,,,,,,,,,,,,,169,,TRUE,TRUE,TRUE,,,,0,44
com.supercell.laser.scid.seasonpassbundle,1999,TID_SUPERCELL_STORE_BRAWL_PASS_BUNDLE,7,,TRUE,FALSE,FALSE,FALSE,TRUE,FALSE,FALSE,100,0,,3,,,,,,,,,,,,,,,169,,TRUE,TRUE,TRUE,,,,0,44
com.supercell.laser.gempack1_yt,499,TID_PROMOCODE_PACK,4,,,FALSE,TRUE,FALSE,TRUE,,,,80,,9,,,,,,,,,,,,,TRUE,0,0,,,,FALSE,,,,,
com.supercell.laser.scid.seasonpassbundle10,999,TID_SUPERCELL_STORE_BRAWL_PASS_BUNDLE,7,,TRUE,FALSE,FALSE,FALSE,TRUE,FALSE,FALSE,100,0,,3,,,,,,,,,,,,,,,469,,TRUE,TRUE,TRUE,,,,0,44
com.supercell.laser.seasonpassbundle5,999,TID_SHOP_SPECIAL_OFFER,7,,FALSE,TRUE,TRUE,FALSE,TRUE,FALSE,FALSE,,0,,0,,,,,,,,,,,,,,,319,,,TRUE,TRUE,,,,0,44
com.supercell.laser.scid10.gempack0,199,TID_SUPERCELL_STORE_GEM_PACK_1_TITLE,1,,FALSE,FALSE,FALSE,FALSE,TRUE,FALSE,FALSE,100,33,,1,,,shop_gem_0,0,,,,,,,,,,,33,,TRUE,FALSE,FALSE,,,,,
com.supercell.laser.scid10.gempack1,499,TID_SUPERCELL_STORE_GEM_PACK_2_TITLE,1,,FALSE,FALSE,FALSE,FALSE,TRUE,FALSE,FALSE,100,88,,2,,,shop_gem_1,1,,,,TID_SHOP_LABEL_BREAKDOWN,5,,,,,,88,,TRUE,FALSE,FALSE,,,,,
com.supercell.laser.scid10.gempack2,999,TID_SUPERCELL_STORE_GEM_PACK_3_TITLE,1,,FALSE,FALSE,FALSE,FALSE,TRUE,FALSE,FALSE,100,187,,3,,,shop_gem_2,2,,,,TID_SHOP_LABEL_BREAKDOWN,19,TID_SHOP_LABEL_POPULAR,,,,,187,,TRUE,FALSE,FALSE,,,,,
com.supercell.laser.scid10.gempack3,1999,TID_SUPERCELL_STORE_GEM_PACK_4_TITLE,1,,FALSE,FALSE,FALSE,FALSE,TRUE,FALSE,FALSE,100,396,,4,,,shop_gem_3,3,,,,TID_SHOP_LABEL_BREAKDOWN,59,,,,,,396,,TRUE,FALSE,FALSE,,,,,
com.supercell.laser.scid10.gempack4,4999,TID_SUPERCELL_STORE_GEM_PACK_5_TITLE,1,,FALSE,FALSE,FALSE,FALSE,TRUE,FALSE,FALSE,100,1045,,5,,,shop_gem_4,4,,,,TID_SHOP_LABEL_BREAKDOWN,196,,,,,,1045,,TRUE,FALSE,FALSE,,,,,
com.supercell.laser.scid10.gempack5,9999,TID_SUPERCELL_STORE_GEM_PACK_6_TITLE,1,,FALSE,FALSE,FALSE,FALSE,TRUE,FALSE,FALSE,100,2200,,6,,,shop_gem_5,5,,,,TID_SHOP_LABEL_BREAKDOWN,493,TID_SHOP_LABEL_BEST_VALUE,,,,,2200,,TRUE,FALSE,FALSE,,,,,
com.supercell.laser.razer.seasonpassbundle5,999,TID_RAZER_STORE_BRAWL_PASS_BUNDLE5,7,,FALSE,FALSE,FALSE,FALSE,TRUE,FALSE,FALSE,,0,,3,,,,,,,,,,,,,,,319,,TRUE,TRUE,TRUE,,,,0,44
com.supercell.laser.razer5.gempack0,199,TID_RAZER5_STORE_GEM_PACK_1_TITLE,1,,FALSE,FALSE,FALSE,FALSE,TRUE,FALSE,FALSE,,32,,1,,,shop_gem_0,0,,,,,,,,,,,32,,TRUE,FALSE,FALSE,,,,,
com.supercell.laser.razer5.gempack1,499,TID_RAZER5_STORE_GEM_PACK_2_TITLE,1,,FALSE,FALSE,FALSE,FALSE,TRUE,FALSE,FALSE,,84,,2,,,shop_gem_1,1,,,,,,,,,,,84,,TRUE,FALSE,FALSE,,,,,
com.supercell.laser.razer5.gempack2,999,TID_RAZER5_STORE_GEM_PACK_3_TITLE,1,,FALSE,FALSE,FALSE,FALSE,TRUE,FALSE,FALSE,,179,,3,,,shop_gem_2,2,,,,TID_SHOP_LABEL_POPULAR,,TID_SHOP_LABEL_POPULAR,,,,,179,,TRUE,FALSE,FALSE,,,,,
com.supercell.laser.razer5.gempack3,1999,TID_RAZER5_STORE_GEM_PACK_4_TITLE,1,,FALSE,FALSE,FALSE,FALSE,TRUE,FALSE,FALSE,,378,,4,,,shop_gem_3,3,,,,,,,,,,,378,,TRUE,FALSE,FALSE,,,,,
com.supercell.laser.razer5.gempack4,4999,TID_RAZER5_STORE_GEM_PACK_5_TITLE,1,,FALSE,FALSE,FALSE,FALSE,TRUE,FALSE,FALSE,,998,,5,,,shop_gem_4,4,,,,,,,,,,,998,,TRUE,FALSE,FALSE,,,,,
com.supercell.laser.razer5.gempack5,9999,TID_RAZER5_STORE_GEM_PACK_6_TITLE,1,,FALSE,FALSE,FALSE,FALSE,TRUE,FALSE,FALSE,,2100,,6,,,shop_gem_5,5,,,,TID_SHOP_LABEL_BEST_VALUE,,TID_SHOP_LABEL_BEST_VALUE,,,,,2100,,TRUE,FALSE,FALSE,,,,,
com.supercell.laser.razer10.gempack0,199,TID_RAZER10_STORE_GEM_PACK_1_TITLE,1,,FALSE,FALSE,FALSE,FALSE,TRUE,FALSE,FALSE,,33,,1,,,shop_gem_0,0,,,,,,,,,,,33,,TRUE,FALSE,FALSE,,,,,
com.supercell.laser.razer10.gempack1,499,TID_RAZER10_STORE_GEM_PACK_2_TITLE,1,,FALSE,FALSE,FALSE,FALSE,TRUE,FALSE,FALSE,,88,,2,,,shop_gem_1,1,,,,,,,,,,,88,,TRUE,FALSE,FALSE,,,,,
com.supercell.laser.razer10.gempack2,999,TID_RAZER10_STORE_GEM_PACK_3_TITLE,1,,FALSE,FALSE,FALSE,FALSE,TRUE,FALSE,FALSE,,187,,3,,,shop_gem_2,2,,,,TID_SHOP_LABEL_POPULAR,,TID_SHOP_LABEL_POPULAR,,,,,187,,TRUE,FALSE,FALSE,,,,,
com.supercell.laser.razer10.gempack3,1999,TID_RAZER10_STORE_GEM_PACK_4_TITLE,1,,FALSE,FALSE,FALSE,FALSE,TRUE,FALSE,FALSE,,396,,4,,,shop_gem_3,3,,,,,,,,,,,396,,TRUE,FALSE,FALSE,,,,,
com.supercell.laser.razer10.gempack4,4999,TID_RAZER10_STORE_GEM_PACK_5_TITLE,1,,FALSE,FALSE,FALSE,FALSE,TRUE,FALSE,FALSE,,1045,,5,,,shop_gem_4,4,,,,,,,,,,,1045,,TRUE,FALSE,FALSE,,,,,
com.supercell.laser.razer10.gempack5,9999,TID_RAZER10_STORE_GEM_PACK_6_TITLE,1,,FALSE,FALSE,FALSE,FALSE,TRUE,FALSE,FALSE,,2200,,6,,,shop_gem_5,5,,,,TID_SHOP_LABEL_BEST_VALUE,,TID_SHOP_LABEL_BEST_VALUE,,,,,2200,,TRUE,FALSE,FALSE,,,,,
com.supercell.laser.razer20.gempack0,199,TID_RAZER20_STORE_GEM_PACK_1_TITLE,1,,FALSE,FALSE,FALSE,FALSE,TRUE,FALSE,FALSE,,36,,1,,,shop_gem_0,0,,,,,,,,,,,36,,TRUE,FALSE,FALSE,,,,,
com.supercell.laser.razer20.gempack1,499,TID_RAZER20_STORE_GEM_PACK_2_TITLE,1,,FALSE,FALSE,FALSE,FALSE,TRUE,FALSE,FALSE,,96,,2,,,shop_gem_1,1,,,,,,,,,,,96,,TRUE,FALSE,FALSE,,,,,
com.supercell.laser.razer20.gempack2,999,TID_RAZER20_STORE_GEM_PACK_3_TITLE,1,,FALSE,FALSE,FALSE,FALSE,TRUE,FALSE,FALSE,,204,,3,,,shop_gem_2,2,,,,TID_SHOP_LABEL_POPULAR,,TID_SHOP_LABEL_POPULAR,,,,,204,,TRUE,FALSE,FALSE,,,,,
com.supercell.laser.razer20.gempack3,1999,TID_RAZER20_STORE_GEM_PACK_4_TITLE,1,,FALSE,FALSE,FALSE,FALSE,TRUE,FALSE,FALSE,,432,,4,,,shop_gem_3,3,,,,,,,,,,,432,,TRUE,FALSE,FALSE,,,,,
com.supercell.laser.razer20.gempack4,4999,TID_RAZER20_STORE_GEM_PACK_5_TITLE,1,,FALSE,FALSE,FALSE,FALSE,TRUE,FALSE,FALSE,,1140,,5,,,shop_gem_4,4,,,,,,,,,,,1140,,TRUE,FALSE,FALSE,,,,,
com.supercell.laser.razer20.gempack5,9999,TID_RAZER20_STORE_GEM_PACK_6_TITLE,1,,FALSE,FALSE,FALSE,FALSE,TRUE,FALSE,FALSE,,2400,,6,,,shop_gem_5,5,,,,TID_SHOP_LABEL_BEST_VALUE,,TID_SHOP_LABEL_BEST_VALUE,,,,,2400,,TRUE,FALSE,FALSE,,,,,
com.supercell.laser.coda.seasonpassbundle5,999,TID_CODA_STORE_BRAWL_PASS_BUNDLE5,7,,FALSE,FALSE,FALSE,FALSE,TRUE,FALSE,FALSE,,0,,3,,,,,,,,,,,,,,,319,,TRUE,TRUE,TRUE,,,,0,44
com.supercell.laser.coda5.gempack0,199,TID_CODA5_STORE_GEM_PACK_1_TITLE,1,,FALSE,FALSE,FALSE,FALSE,TRUE,FALSE,FALSE,,32,,1,,,shop_gem_0,0,,,,,,,,,,,32,,TRUE,FALSE,FALSE,,,,,
com.supercell.laser.coda5.gempack1,499,TID_CODA5_STORE_GEM_PACK_2_TITLE,1,,FALSE,FALSE,FALSE,FALSE,TRUE,FALSE,FALSE,,84,,2,,,shop_gem_1,1,,,,,,,,,,,84,,TRUE,FALSE,FALSE,,,,,
com.supercell.laser.coda5.gempack2,999,TID_CODA5_STORE_GEM_PACK_3_TITLE,1,,FALSE,FALSE,FALSE,FALSE,TRUE,FALSE,FALSE,,179,,3,,,shop_gem_2,2,,,,TID_SHOP_LABEL_POPULAR,,TID_SHOP_LABEL_POPULAR,,,,,179,,TRUE,FALSE,FALSE,,,,,
com.supercell.laser.coda5.gempack3,1999,TID_CODA5_STORE_GEM_PACK_4_TITLE,1,,FALSE,FALSE,FALSE,FALSE,TRUE,FALSE,FALSE,,378,,4,,,shop_gem_3,3,,,,,,,,,,,378,,TRUE,FALSE,FALSE,,,,,
com.supercell.laser.coda5.gempack4,4999,TID_CODA5_STORE_GEM_PACK_5_TITLE,1,,FALSE,FALSE,FALSE,FALSE,TRUE,FALSE,FALSE,,998,,5,,,shop_gem_4,4,,,,,,,,,,,998,,TRUE,FALSE,FALSE,,,,,
com.supercell.laser.coda5.gempack5,9999,TID_CODA5_STORE_GEM_PACK_6_TITLE,1,,FALSE,FALSE,FALSE,FALSE,TRUE,FALSE,FALSE,,2100,,6,,,shop_gem_5,5,,,,TID_SHOP_LABEL_BEST_VALUE,,TID_SHOP_LABEL_BEST_VALUE,,,,,2100,,TRUE,FALSE,FALSE,,,,,
com.supercell.laser.coda10.gempack0,199,TID_CODA10_STORE_GEM_PACK_1_TITLE,1,,FALSE,FALSE,FALSE,FALSE,TRUE,FALSE,FALSE,,33,,1,,,shop_gem_0,0,,,,,,,,,,,33,,TRUE,FALSE,FALSE,,,,,
com.supercell.laser.coda10.gempack1,499,TID_CODA10_STORE_GEM_PACK_2_TITLE,1,,FALSE,FALSE,FALSE,FALSE,TRUE,FALSE,FALSE,,88,,2,,,shop_gem_1,1,,,,,,,,,,,88,,TRUE,FALSE,FALSE,,,,,
com.supercell.laser.coda10.gempack2,999,TID_CODA10_STORE_GEM_PACK_3_TITLE,1,,FALSE,FALSE,FALSE,FALSE,TRUE,FALSE,FALSE,,187,,3,,,shop_gem_2,2,,,,TID_SHOP_LABEL_POPULAR,,TID_SHOP_LABEL_POPULAR,,,,,187,,TRUE,FALSE,FALSE,,,,,
com.supercell.laser.coda10.gempack3,1999,TID_CODA10_STORE_GEM_PACK_4_TITLE,1,,FALSE,FALSE,FALSE,FALSE,TRUE,FALSE,FALSE,,396,,4,,,shop_gem_3,3,,,,,,,,,,,396,,TRUE,FALSE,FALSE,,,,,
com.supercell.laser.coda10.gempack4,4999,TID_CODA10_STORE_GEM_PACK_5_TITLE,1,,FALSE,FALSE,FALSE,FALSE,TRUE,FALSE,FALSE,,1045,,5,,,shop_gem_4,4,,,,,,,,,,,1045,,TRUE,FALSE,FALSE,,,,,
com.supercell.laser.coda10.gempack5,9999,TID_CODA10_STORE_GEM_PACK_6_TITLE,1,,FALSE,FALSE,FALSE,FALSE,TRUE,FALSE,FALSE,,2200,,6,,,shop_gem_5,5,,,,TID_SHOP_LABEL_BEST_VALUE,,TID_SHOP_LABEL_BEST_VALUE,,,,,2200,,TRUE,FALSE,FALSE,,,,,
com.supercell.laser.coda20.gempack0,199,TID_CODA20_STORE_GEM_PACK_1_TITLE,1,,FALSE,FALSE,FALSE,FALSE,TRUE,FALSE,FALSE,,36,,1,,,shop_gem_0,0,,,,,,,,,,,36,,TRUE,FALSE,FALSE,,,,,
com.supercell.laser.coda20.gempack1,499,TID_CODA20_STORE_GEM_PACK_2_TITLE,1,,FALSE,FALSE,FALSE,FALSE,TRUE,FALSE,FALSE,,96,,2,,,shop_gem_1,1,,,,,,,,,,,96,,TRUE,FALSE,FALSE,,,,,
com.supercell.laser.coda20.gempack2,999,TID_CODA20_STORE_GEM_PACK_3_TITLE,1,,FALSE,FALSE,FALSE,FALSE,TRUE,FALSE,FALSE,,204,,3,,,shop_gem_2,2,,,,TID_SHOP_LABEL_POPULAR,,TID_SHOP_LABEL_POPULAR,,,,,204,,TRUE,FALSE,FALSE,,,,,
com.supercell.laser.coda20.gempack3,1999,TID_CODA20_STORE_GEM_PACK_4_TITLE,1,,FALSE,FALSE,FALSE,FALSE,TRUE,FALSE,FALSE,,432,,4,,,shop_gem_3,3,,,,,,,,,,,432,,TRUE,FALSE,FALSE,,,,,
com.supercell.laser.coda20.gempack4,4999,TID_CODA20_STORE_GEM_PACK_5_TITLE,1,,FALSE,FALSE,FALSE,FALSE,TRUE,FALSE,FALSE,,1140,,5,,,shop_gem_4,4,,,,,,,,,,,1140,,TRUE,FALSE,FALSE,,,,,
com.supercell.laser.coda20.gempack5,9999,TID_CODA20_STORE_GEM_PACK_6_TITLE,1,,FALSE,FALSE,FALSE,FALSE,TRUE,FALSE,FALSE,,2400,,6,,,shop_gem_5,5,,,,TID_SHOP_LABEL_BEST_VALUE,,TID_SHOP_LABEL_BEST_VALUE,,,,,2400,,TRUE,FALSE,FALSE,,,,,
com.supercell.laser.midas.seasonpassbundle5,999,TID_MIDAS_STORE_BRAWL_PASS_BUNDLE5,7,,FALSE,FALSE,FALSE,FALSE,TRUE,FALSE,FALSE,,0,,3,,,,,,,,,,,,,,,319,,TRUE,TRUE,TRUE,,,,0,44
com.supercell.laser.midas5.gempack0,199,TID_MIDAS5_STORE_GEM_PACK_1_TITLE,1,,FALSE,FALSE,FALSE,FALSE,TRUE,FALSE,FALSE,,32,,1,,,shop_gem_0,0,,,,,,,,,,,32,,TRUE,FALSE,FALSE,,,,,
com.supercell.laser.midas5.gempack1,499,TID_MIDAS5_STORE_GEM_PACK_2_TITLE,1,,FALSE,FALSE,FALSE,FALSE,TRUE,FALSE,FALSE,,84,,2,,,shop_gem_1,1,,,,,,,,,,,84,,TRUE,FALSE,FALSE,,,,,
com.supercell.laser.midas5.gempack2,999,TID_MIDAS5_STORE_GEM_PACK_3_TITLE,1,,FALSE,FALSE,FALSE,FALSE,TRUE,FALSE,FALSE,,179,,3,,,shop_gem_2,2,,,,TID_SHOP_LABEL_POPULAR,,TID_SHOP_LABEL_POPULAR,,,,,179,,TRUE,FALSE,FALSE,,,,,
com.supercell.laser.midas5.gempack3,1999,TID_MIDAS5_STORE_GEM_PACK_4_TITLE,1,,FALSE,FALSE,FALSE,FALSE,TRUE,FALSE,FALSE,,378,,4,,,shop_gem_3,3,,,,,,,,,,,378,,TRUE,FALSE,FALSE,,,,,
com.supercell.laser.midas5.gempack4,4999,TID_MIDAS5_STORE_GEM_PACK_5_TITLE,1,,FALSE,FALSE,FALSE,FALSE,TRUE,FALSE,FALSE,,998,,5,,,shop_gem_4,4,,,,,,,,,,,998,,TRUE,FALSE,FALSE,,,,,
com.supercell.laser.midas5.gempack5,9999,TID_MIDAS5_STORE_GEM_PACK_6_TITLE,1,,FALSE,FALSE,FALSE,FALSE,TRUE,FALSE,FALSE,,2100,,6,,,shop_gem_5,5,,,,TID_SHOP_LABEL_BEST_VALUE,,TID_SHOP_LABEL_BEST_VALUE,,,,,2100,,TRUE,FALSE,FALSE,,,,,
com.supercell.laser.midas10.gempack0,199,TID_MIDAS10_STORE_GEM_PACK_1_TITLE,1,,FALSE,FALSE,FALSE,FALSE,TRUE,FALSE,FALSE,,33,,1,,,shop_gem_0,0,,,,,,,,,,,33,,TRUE,FALSE,FALSE,,,,,
com.supercell.laser.midas10.gempack1,499,TID_MIDAS10_STORE_GEM_PACK_2_TITLE,1,,FALSE,FALSE,FALSE,FALSE,TRUE,FALSE,FALSE,,88,,2,,,shop_gem_1,1,,,,,,,,,,,88,,TRUE,FALSE,FALSE,,,,,
com.supercell.laser.midas10.gempack2,999,TID_MIDAS10_STORE_GEM_PACK_3_TITLE,1,,FALSE,FALSE,FALSE,FALSE,TRUE,FALSE,FALSE,,187,,3,,,shop_gem_2,2,,,,TID_SHOP_LABEL_POPULAR,,TID_SHOP_LABEL_POPULAR,,,,,187,,TRUE,FALSE,FALSE,,,,,
com.supercell.laser.midas10.gempack3,1999,TID_MIDAS10_STORE_GEM_PACK_4_TITLE,1,,FALSE,FALSE,FALSE,FALSE,TRUE,FALSE,FALSE,,396,,4,,,shop_gem_3,3,,,,,,,,,,,396,,TRUE,FALSE,FALSE,,,,,
com.supercell.laser.midas10.gempack4,4999,TID_MIDAS10_STORE_GEM_PACK_5_TITLE,1,,FALSE,FALSE,FALSE,FALSE,TRUE,FALSE,FALSE,,1045,,5,,,shop_gem_4,4,,,,,,,,,,,1045,,TRUE,FALSE,FALSE,,,,,
com.supercell.laser.midas10.gempack5,9999,TID_MIDAS10_STORE_GEM_PACK_6_TITLE,1,,FALSE,FALSE,FALSE,FALSE,TRUE,FALSE,FALSE,,2200,,6,,,shop_gem_5,5,,,,TID_SHOP_LABEL_BEST_VALUE,,TID_SHOP_LABEL_BEST_VALUE,,,,,2200,,TRUE,FALSE,FALSE,,,,,
com.supercell.laser.midas20.gempack0,199,TID_MIDAS20_STORE_GEM_PACK_1_TITLE,1,,FALSE,FALSE,FALSE,FALSE,TRUE,FALSE,FALSE,,36,,1,,,shop_gem_0,0,,,,,,,,,,,36,,TRUE,FALSE,FALSE,,,,,
com.supercell.laser.midas20.gempack1,499,TID_MIDAS20_STORE_GEM_PACK_2_TITLE,1,,FALSE,FALSE,FALSE,FALSE,TRUE,FALSE,FALSE,,96,,2,,,shop_gem_1,1,,,,,,,,,,,96,,TRUE,FALSE,FALSE,,,,,
com.supercell.laser.midas20.gempack2,999,TID_MIDAS20_STORE_GEM_PACK_3_TITLE,1,,FALSE,FALSE,FALSE,FALSE,TRUE,FALSE,FALSE,,204,,3,,,shop_gem_2,2,,,,TID_SHOP_LABEL_POPULAR,,TID_SHOP_LABEL_POPULAR,,,,,204,,TRUE,FALSE,FALSE,,,,,
com.supercell.laser.midas20.gempack3,1999,TID_MIDAS20_STORE_GEM_PACK_4_TITLE,1,,FALSE,FALSE,FALSE,FALSE,TRUE,FALSE,FALSE,,432,,4,,,shop_gem_3,3,,,,,,,,,,,432,,TRUE,FALSE,FALSE,,,,,
com.supercell.laser.midas20.gempack4,4999,TID_MIDAS20_STORE_GEM_PACK_5_TITLE,1,,FALSE,FALSE,FALSE,FALSE,TRUE,FALSE,FALSE,,1140,,5,,,shop_gem_4,4,,,,,,,,,,,1140,,TRUE,FALSE,FALSE,,,,,
com.supercell.laser.midas20.gempack5,9999,TID_MIDAS20_STORE_GEM_PACK_6_TITLE,1,,FALSE,FALSE,FALSE,FALSE,TRUE,FALSE,FALSE,,2400,,6,,,shop_gem_5,5,,,,TID_SHOP_LABEL_BEST_VALUE,,TID_SHOP_LABEL_BEST_VALUE,,,,,2400,,TRUE,FALSE,FALSE,,,,,
com.supercell.laser.coinpack2000_playpoints,999,TID_PROMOCODE_PACK,4,,FALSE,FALSE,TRUE,FALSE,TRUE,FALSE,FALSE,,0,,9,,,,,,,,,,,,,TRUE,2000,0,,FALSE,FALSE,FALSE,,,,,
com.supercell.laser.carry.seasonpassbundle5,999,TID_CARRY_STORE_BRAWL_PASS_BUNDLE5,7,,FALSE,FALSE,FALSE,FALSE,TRUE,FALSE,FALSE,,0,,3,,,,,,,,,,,,,,,319,,TRUE,TRUE,TRUE,,,,0,44
com.supercell.laser.carry5.gempack0,199,TID_CARRY5_STORE_GEM_PACK_1_TITLE,1,,FALSE,FALSE,FALSE,FALSE,TRUE,FALSE,FALSE,,32,,1,,,shop_gem_0,0,,,,,,,,,,,32,,TRUE,FALSE,FALSE,,,,,
com.supercell.laser.carry5.gempack1,499,TID_CARRY5_STORE_GEM_PACK_2_TITLE,1,,FALSE,FALSE,FALSE,FALSE,TRUE,FALSE,FALSE,,84,,2,,,shop_gem_1,1,,,,,,,,,,,84,,TRUE,FALSE,FALSE,,,,,
com.supercell.laser.carry5.gempack2,999,TID_CARRY5_STORE_GEM_PACK_3_TITLE,1,,FALSE,FALSE,FALSE,FALSE,TRUE,FALSE,FALSE,,179,,3,,,shop_gem_2,2,,,,TID_SHOP_LABEL_POPULAR,,TID_SHOP_LABEL_POPULAR,,,,,179,,TRUE,FALSE,FALSE,,,,,
com.supercell.laser.carry5.gempack3,1999,TID_CARRY5_STORE_GEM_PACK_4_TITLE,1,,FALSE,FALSE,FALSE,FALSE,TRUE,FALSE,FALSE,,378,,4,,,shop_gem_3,3,,,,,,,,,,,378,,TRUE,FALSE,FALSE,,,,,
com.supercell.laser.carry5.gempack4,4999,TID_CARRY5_STORE_GEM_PACK_5_TITLE,1,,FALSE,FALSE,FALSE,FALSE,TRUE,FALSE,FALSE,,998,,5,,,shop_gem_4,4,,,,,,,,,,,998,,TRUE,FALSE,FALSE,,,,,
com.supercell.laser.carry5.gempack5,9999,TID_CARRY5_STORE_GEM_PACK_6_TITLE,1,,FALSE,FALSE,FALSE,FALSE,TRUE,FALSE,FALSE,,2100,,6,,,shop_gem_5,5,,,,TID_SHOP_LABEL_BEST_VALUE,,TID_SHOP_LABEL_BEST_VALUE,,,,,2100,,TRUE,FALSE,FALSE,,,,,
com.supercell.laser.carry10.gempack0,199,TID_CARRY10_STORE_GEM_PACK_1_TITLE,1,,FALSE,FALSE,FALSE,FALSE,TRUE,FALSE,FALSE,,33,,1,,,shop_gem_0,0,,,,,,,,,,,33,,TRUE,FALSE,FALSE,,,,,
com.supercell.laser.carry10.gempack1,499,TID_CARRY10_STORE_GEM_PACK_2_TITLE,1,,FALSE,FALSE,FALSE,FALSE,TRUE,FALSE,FALSE,,88,,2,,,shop_gem_1,1,,,,,,,,,,,88,,TRUE,FALSE,FALSE,,,,,
com.supercell.laser.carry10.gempack2,999,TID_CARRY10_STORE_GEM_PACK_3_TITLE,1,,FALSE,FALSE,FALSE,FALSE,TRUE,FALSE,FALSE,,187,,3,,,shop_gem_2,2,,,,TID_SHOP_LABEL_POPULAR,,TID_SHOP_LABEL_POPULAR,,,,,187,,TRUE,FALSE,FALSE,,,,,
com.supercell.laser.carry10.gempack3,1999,TID_CARRY10_STORE_GEM_PACK_4_TITLE,1,,FALSE,FALSE,FALSE,FALSE,TRUE,FALSE,FALSE,,396,,4,,,shop_gem_3,3,,,,,,,,,,,396,,TRUE,FALSE,FALSE,,,,,
com.supercell.laser.carry10.gempack4,4999,TID_CARRY10_STORE_GEM_PACK_5_TITLE,1,,FALSE,FALSE,FALSE,FALSE,TRUE,FALSE,FALSE,,1045,,5,,,shop_gem_4,4,,,,,,,,,,,1045,,TRUE,FALSE,FALSE,,,,,
com.supercell.laser.carry10.gempack5,9999,TID_CARRY10_STORE_GEM_PACK_6_TITLE,1,,FALSE,FALSE,FALSE,FALSE,TRUE,FALSE,FALSE,,2200,,6,,,shop_gem_5,5,,,,TID_SHOP_LABEL_BEST_VALUE,,TID_SHOP_LABEL_BEST_VALUE,,,,,2200,,TRUE,FALSE,FALSE,,,,,
com.supercell.laser.carry20.gempack0,199,TID_CARRY20_STORE_GEM_PACK_1_TITLE,1,,FALSE,FALSE,FALSE,FALSE,TRUE,FALSE,FALSE,,36,,1,,,shop_gem_0,0,,,,,,,,,,,36,,TRUE,FALSE,FALSE,,,,,
com.supercell.laser.carry20.gempack1,499,TID_CARRY20_STORE_GEM_PACK_2_TITLE,1,,FALSE,FALSE,FALSE,FALSE,TRUE,FALSE,FALSE,,96,,2,,,shop_gem_1,1,,,,,,,,,,,96,,TRUE,FALSE,FALSE,,,,,
com.supercell.laser.carry20.gempack2,999,TID_CARRY20_STORE_GEM_PACK_3_TITLE,1,,FALSE,FALSE,FALSE,FALSE,TRUE,FALSE,FALSE,,204,,3,,,shop_gem_2,2,,,,TID_SHOP_LABEL_POPULAR,,TID_SHOP_LABEL_POPULAR,,,,,204,,TRUE,FALSE,FALSE,,,,,
com.supercell.laser.carry20.gempack3,1999,TID_CARRY20_STORE_GEM_PACK_4_TITLE,1,,FALSE,FALSE,FALSE,FALSE,TRUE,FALSE,FALSE,,432,,4,,,shop_gem_3,3,,,,,,,,,,,432,,TRUE,FALSE,FALSE,,,,,
com.supercell.laser.carry20.gempack4,4999,TID_CARRY20_STORE_GEM_PACK_5_TITLE,1,,FALSE,FALSE,FALSE,FALSE,TRUE,FALSE,FALSE,,1140,,5,,,shop_gem_4,4,,,,,,,,,,,1140,,TRUE,FALSE,FALSE,,,,,
com.supercell.laser.carry20.gempack5,9999,TID_CARRY20_STORE_GEM_PACK_6_TITLE,1,,FALSE,FALSE,FALSE,FALSE,TRUE,FALSE,FALSE,,2400,,6,,,shop_gem_5,5,,,,TID_SHOP_LABEL_BEST_VALUE,,TID_SHOP_LABEL_BEST_VALUE,,,,,2400,,TRUE,FALSE,FALSE,,,,,
com.supercell.laser.seasonpass.basic,699,TID_BRAWL_PASS_PREMIUM,7,,FALSE,TRUE,TRUE,FALSE,TRUE,FALSE,FALSE,100,0,,0,,,,,,,,,,,,,,,2800,,FALSE,TRUE,FALSE,,,,0,44
com.supercell.laser.seasonpass.plus,999,TID_BP_PLUS_NAME,7,,FALSE,TRUE,TRUE,FALSE,TRUE,FALSE,FALSE,100,0,,0,,,,,,,,,,,,,,,5000,,FALSE,TRUE,TRUE,,,,0,44
com.supercell.laser.seasonpass.upgrade,399,TID_SHOP_SPECIAL_OFFER,7,,FALSE,TRUE,TRUE,FALSE,TRUE,FALSE,FALSE,100,0,,0,,,,,,,,,,,,,,,2200,,FALSE,FALSE,TRUE,,,,0,44
com.supercell.laser.razer.seasonpass.basic,699,TID_BRAWL_PASS_PREMIUM,7,,FALSE,TRUE,TRUE,FALSE,TRUE,FALSE,FALSE,,0,,0,,,,,,,,,,,,,,,2800,,TRUE,TRUE,FALSE,,,,0,44
com.supercell.laser.razer.seasonpass.plus,999,TID_BP_PLUS_NAME,7,,FALSE,TRUE,TRUE,FALSE,TRUE,FALSE,FALSE,,0,,0,,,,,,,,,,,,,,,5000,,TRUE,TRUE,TRUE,,,,0,44
com.supercell.laser.coda.seasonpass.basic,699,TID_BRAWL_PASS_PREMIUM,7,,FALSE,TRUE,TRUE,FALSE,TRUE,FALSE,FALSE,,0,,0,,,,,,,,,,,,,,,2800,,TRUE,TRUE,FALSE,,,,0,44
com.supercell.laser.coda.seasonpass.plus,999,TID_BP_PLUS_NAME,7,,FALSE,TRUE,TRUE,FALSE,TRUE,FALSE,FALSE,,0,,0,,,,,,,,,,,,,,,5000,,TRUE,TRUE,TRUE,,,,0,44
com.supercell.laser.midas.seasonpass.basic,699,TID_BRAWL_PASS_PREMIUM,7,,FALSE,TRUE,TRUE,FALSE,TRUE,FALSE,FALSE,,0,,0,,,,,,,,,,,,,,,2800,,TRUE,TRUE,FALSE,,,,0,44
com.supercell.laser.midas.seasonpass.plus,999,TID_BP_PLUS_NAME,7,,FALSE,TRUE,TRUE,FALSE,TRUE,FALSE,FALSE,,0,,0,,,,,,,,,,,,,,,5000,,TRUE,TRUE,TRUE,,,,0,44
com.supercell.laser.carry.seasonpass.basic,699,TID_BRAWL_PASS_PREMIUM,7,,FALSE,TRUE,TRUE,FALSE,TRUE,FALSE,FALSE,,0,,0,,,,,,,,,,,,,,,2800,,TRUE,TRUE,FALSE,,,,0,44
com.supercell.laser.carry.seasonpass.plus,999,TID_BP_PLUS_NAME,7,,FALSE,TRUE,TRUE,FALSE,TRUE,FALSE,FALSE,,0,,0,,,,,,,,,,,,,,,5000,,TRUE,TRUE,TRUE,,,,0,44
com.supercell.laser.scid.seasonpass.basic,699,TID_BRAWL_PASS_PREMIUM,7,,FALSE,TRUE,TRUE,FALSE,TRUE,FALSE,FALSE,100,0,,0,,,,,,,,,,,,,,,2800,,TRUE,TRUE,FALSE,,,4000,0,44
com.supercell.laser.scid.seasonpass.plus,999,TID_BP_PLUS_NAME,7,,FALSE,TRUE,TRUE,FALSE,TRUE,FALSE,FALSE,100,0,,0,,,,,,,,,,,,,,,5000,,TRUE,TRUE,TRUE,,,12000,0,44
com.supercell.laser.scid.specialoffertier0.free,0,TID_SHOP_SPECIAL_OFFER,6,,FALSE,TRUE,TRUE,FALSE,TRUE,FALSE,FALSE,,0,,0,,,,,,,,,,,,,,,0,,TRUE,FALSE,FALSE,,,,,
com.supercell.laser.seasonpass.basic.discounted,299,TID_BRAWL_PASS_PREMIUM,7,,FALSE,TRUE,TRUE,FALSE,TRUE,FALSE,FALSE,100,0,,0,,,,,,,,,,,,,,,1200,,FALSE,TRUE,FALSE,,com.supercell.laser.seasonpass.basic,,0,44
com.supercell.laser.gempack6,19999,TID_SHOP_GEM_PACK_7_TITLE,1,,FALSE,FALSE,FALSE,FALSE,TRUE,FALSE,FALSE,,4300,30,7,,,shop_gem_5,5,,,,,,,,,,,4300,,,,FALSE,,,,,
com.supercell.laser.scid.gempack6,19999,TID_SUPERCELL_STORE_GEM_PACK_7_TITLE,1,,FALSE,FALSE,FALSE,FALSE,TRUE,FALSE,FALSE,,4300,,7,,,shop_gem_5,5,,,,,,,,,,,4300,,TRUE,FALSE,FALSE,,,,,
com.supercell.laser.bundle19999,19999,TID_IAP_BUNDLE_OFFER,6,,,TRUE,TRUE,FALSE,TRUE,,,,0,,0,,,,,,,,,,,,,,,,4000,,,FALSE,,,,,
com.supercell.laser.competitivepass,2499,TID_COMPETITIVE_PASS_PREMIUM,8,,,TRUE,TRUE,,TRUE,,,100,,,,,,,,,,,,,,,,,,6000,,,,,,,1000,,
com.supercell.laser.scid.competitivepass,2499,TID_COMPETITIVE_PASS_PREMIUM,8,,,,,,TRUE,,,100,,,,,,,,,,,,,,,,,,6000,,TRUE,,,,,3000,,
com.supercell.laser.bundle039,39,TID_IAP_BUNDLE_OFFER,6,,,TRUE,TRUE,FALSE,TRUE,,,,0,,0,,,,,,,,,,,,,,,,6,,,FALSE,,,,,
com.supercell.laser.bundle049,49,TID_IAP_BUNDLE_OFFER,6,,,TRUE,TRUE,FALSE,TRUE,,,,0,,0,,,,,,,,,,,,,,,,7,,,FALSE,,,,,
com.supercell.laser.bundle059,59,TID_IAP_BUNDLE_OFFER,6,,,TRUE,TRUE,FALSE,TRUE,,,,0,,0,,,,,,,,,,,,,,,,9,,,FALSE,,,,,
com.supercell.laser.bundle069,69,TID_IAP_BUNDLE_OFFER,6,,,TRUE,TRUE,FALSE,TRUE,,,,0,,0,,,,,,,,,,,,,,,,10,,,FALSE,,,,,
com.supercell.laser.bundle089,89,TID_IAP_BUNDLE_OFFER,6,,,TRUE,TRUE,FALSE,TRUE,,,,0,,0,,,,,,,,,,,,,,,,13,,,FALSE,,,,,
com.supercell.laser.bundle109,109,TID_IAP_BUNDLE_OFFER,6,,,TRUE,TRUE,FALSE,TRUE,,,,0,,0,,,,,,,,,,,,,,,,16,,,FALSE,,,,,
com.supercell.laser.bundle119,119,TID_IAP_BUNDLE_OFFER,6,,,TRUE,TRUE,FALSE,TRUE,,,,0,,0,,,,,,,,,,,,,,,,18,,,FALSE,,,,,
com.supercell.laser.bundle129,129,TID_IAP_BUNDLE_OFFER,6,,,TRUE,TRUE,FALSE,TRUE,,,,0,,0,,,,,,,,,,,,,,,,19,,,FALSE,,,,,
com.supercell.laser.bundle139,139,TID_IAP_BUNDLE_OFFER,6,,,TRUE,TRUE,FALSE,TRUE,,,,0,,0,,,,,,,,,,,,,,,,21,,,FALSE,,,,,
com.supercell.laser.bundle149,149,TID_IAP_BUNDLE_OFFER,6,,,TRUE,TRUE,FALSE,TRUE,,,,0,,0,,,,,,,,,,,,,,,,22,,,FALSE,,,,,
com.supercell.laser.bundle159,159,TID_IAP_BUNDLE_OFFER,6,,,TRUE,TRUE,FALSE,TRUE,,,,0,,0,,,,,,,,,,,,,,,,24,,,FALSE,,,,,
com.supercell.laser.bundle169,169,TID_IAP_BUNDLE_OFFER,6,,,TRUE,TRUE,FALSE,TRUE,,,,0,,0,,,,,,,,,,,,,,,,25,,,FALSE,,,,,
com.supercell.laser.bundle179,179,TID_IAP_BUNDLE_OFFER,6,,,TRUE,TRUE,FALSE,TRUE,,,,0,,0,,,,,,,,,,,,,,,,27,,,FALSE,,,,,
com.supercell.laser.bundle189,189,TID_IAP_BUNDLE_OFFER,6,,,TRUE,TRUE,FALSE,TRUE,,,,0,,0,,,,,,,,,,,,,,,,28,,,FALSE,,,,,
com.supercell.laser.bundle209,209,TID_IAP_BUNDLE_OFFER,6,,,TRUE,TRUE,FALSE,TRUE,,,,0,,0,,,,,,,,,,,,,,,,31,,,FALSE,,,,,
com.supercell.laser.bundle219,219,TID_IAP_BUNDLE_OFFER,6,,,TRUE,TRUE,FALSE,TRUE,,,,0,,0,,,,,,,,,,,,,,,,33,,,FALSE,,,,,
com.supercell.laser.bundle229,229,TID_IAP_BUNDLE_OFFER,6,,,TRUE,TRUE,FALSE,TRUE,,,,0,,0,,,,,,,,,,,,,,,,35,,,FALSE,,,,,
com.supercell.laser.bundle239,239,TID_IAP_BUNDLE_OFFER,6,,,TRUE,TRUE,FALSE,TRUE,,,,0,,0,,,,,,,,,,,,,,,,37,,,FALSE,,,,,
com.supercell.laser.bundle249,249,TID_IAP_BUNDLE_OFFER,6,,,TRUE,TRUE,FALSE,TRUE,,,,0,,0,,,,,,,,,,,,,,,,39,,,FALSE,,,,,
com.supercell.laser.bundle259,259,TID_IAP_BUNDLE_OFFER,6,,,TRUE,TRUE,FALSE,TRUE,,,,0,,0,,,,,,,,,,,,,,,,40,,,FALSE,,,,,
com.supercell.laser.bundle269,269,TID_IAP_BUNDLE_OFFER,6,,,TRUE,TRUE,FALSE,TRUE,,,,0,,0,,,,,,,,,,,,,,,,42,,,FALSE,,,,,
com.supercell.laser.bundle279,279,TID_IAP_BUNDLE_OFFER,6,,,TRUE,TRUE,FALSE,TRUE,,,,0,,0,,,,,,,,,,,,,,,,44,,,FALSE,,,,,
com.supercell.laser.bundle289,289,TID_IAP_BUNDLE_OFFER,6,,,TRUE,TRUE,FALSE,TRUE,,,,0,,0,,,,,,,,,,,,,,,,46,,,FALSE,,,,,
com.supercell.laser.bundle329,329,TID_IAP_BUNDLE_OFFER,6,,,TRUE,TRUE,FALSE,TRUE,,,,0,,0,,,,,,,,,,,,,,,,52,,,FALSE,,,,,
com.supercell.laser.bundle349,349,TID_IAP_BUNDLE_OFFER,6,,,TRUE,TRUE,FALSE,TRUE,,,,0,,0,,,,,,,,,,,,,,,,56,,,FALSE,,,,,
com.supercell.laser.bundle379,379,TID_IAP_BUNDLE_OFFER,6,,,TRUE,TRUE,FALSE,TRUE,,,,0,,0,,,,,,,,,,,,,,,,60,,,FALSE,,,,,
com.supercell.laser.bundle429,429,TID_IAP_BUNDLE_OFFER,6,,,TRUE,TRUE,FALSE,TRUE,,,,0,,0,,,,,,,,,,,,,,,,68,,,FALSE,,,,,
com.supercell.laser.bundle449,449,TID_IAP_BUNDLE_OFFER,6,,,TRUE,TRUE,FALSE,TRUE,,,,0,,0,,,,,,,,,,,,,,,,72,,,FALSE,,,,,
com.supercell.laser.bundle479,479,TID_IAP_BUNDLE_OFFER,6,,,TRUE,TRUE,FALSE,TRUE,,,,0,,0,,,,,,,,,,,,,,,,76,,,FALSE,,,,,
com.supercell.laser.bundle549,549,TID_IAP_BUNDLE_OFFER,6,,,TRUE,TRUE,FALSE,TRUE,,,,0,,0,,,,,,,,,,,,,,,,91,,,FALSE,,,,,
com.supercell.laser.bundle649,649,TID_IAP_BUNDLE_OFFER,6,,,TRUE,TRUE,FALSE,TRUE,,,,0,,0,,,,,,,,,,,,,,,,110,,,FALSE,,,,,
com.supercell.laser.bundle749,749,TID_IAP_BUNDLE_OFFER,6,,,TRUE,TRUE,FALSE,TRUE,,,,0,,0,,,,,,,,,,,,,,,,127,,,FALSE,,,,,
com.supercell.laser.bundle849,849,TID_IAP_BUNDLE_OFFER,6,,,TRUE,TRUE,FALSE,TRUE,,,,0,,0,,,,,,,,,,,,,,,,144,,,FALSE,,,,,
com.supercell.laser.bundle949,949,TID_IAP_BUNDLE_OFFER,6,,,TRUE,TRUE,FALSE,TRUE,,,,0,,0,,,,,,,,,,,,,,,,161,,,FALSE,,,,,
com.supercell.laser.bundle2099,2099,TID_IAP_BUNDLE_OFFER,6,,,TRUE,TRUE,FALSE,TRUE,,,,0,,0,,,,,,,,,,,,,,,,383,,,FALSE,,,,,
com.supercell.laser.bundle2199,2199,TID_IAP_BUNDLE_OFFER,6,,,TRUE,TRUE,FALSE,TRUE,,,,0,,0,,,,,,,,,,,,,,,,406,,,FALSE,,,,,
com.supercell.laser.bundle2299,2299,TID_IAP_BUNDLE_OFFER,6,,,TRUE,TRUE,FALSE,TRUE,,,,0,,0,,,,,,,,,,,,,,,,429,,,FALSE,,,,,
com.supercell.laser.bundle2399,2399,TID_IAP_BUNDLE_OFFER,6,,,TRUE,TRUE,FALSE,TRUE,,,,0,,0,,,,,,,,,,,,,,,,452,,,FALSE,,,,,
com.supercell.laser.bundle2599,2599,TID_IAP_BUNDLE_OFFER,6,,,TRUE,TRUE,FALSE,TRUE,,,,0,,0,,,,,,,,,,,,,,,,494,,,FALSE,,,,,
com.supercell.laser.bundle2699,2699,TID_IAP_BUNDLE_OFFER,6,,,TRUE,TRUE,FALSE,TRUE,,,,0,,0,,,,,,,,,,,,,,,,513,,,FALSE,,,,,
com.supercell.laser.bundle2899,2899,TID_IAP_BUNDLE_OFFER,6,,,TRUE,TRUE,FALSE,TRUE,,,,0,,0,,,,,,,,,,,,,,,,551,,,FALSE,,,,,
com.supercell.laser.bundle3099,3099,TID_IAP_BUNDLE_OFFER,6,,,TRUE,TRUE,FALSE,TRUE,,,,0,,0,,,,,,,,,,,,,,,,589,,,FALSE,,,,,
com.supercell.laser.bundle3199,3199,TID_IAP_BUNDLE_OFFER,6,,,TRUE,TRUE,FALSE,TRUE,,,,0,,0,,,,,,,,,,,,,,,,608,,,FALSE,,,,,
com.supercell.laser.bundle3299,3299,TID_IAP_BUNDLE_OFFER,6,,,TRUE,TRUE,FALSE,TRUE,,,,0,,0,,,,,,,,,,,,,,,,627,,,FALSE,,,,,
com.supercell.laser.bundle3399,3399,TID_IAP_BUNDLE_OFFER,6,,,TRUE,TRUE,FALSE,TRUE,,,,0,,0,,,,,,,,,,,,,,,,646,,,FALSE,,,,,
com.supercell.laser.bundle3499,3499,TID_IAP_BUNDLE_OFFER,6,,,TRUE,TRUE,FALSE,TRUE,,,,0,,0,,,,,,,,,,,,,,,,665,,,FALSE,,,,,
com.supercell.laser.bundle3599,3599,TID_IAP_BUNDLE_OFFER,6,,,TRUE,TRUE,FALSE,TRUE,,,,0,,0,,,,,,,,,,,,,,,,684,,,FALSE,,,,,
com.supercell.laser.bundle3699,3699,TID_IAP_BUNDLE_OFFER,6,,,TRUE,TRUE,FALSE,TRUE,,,,0,,0,,,,,,,,,,,,,,,,703,,,FALSE,,,,,
com.supercell.laser.bundle3799,3799,TID_IAP_BUNDLE_OFFER,6,,,TRUE,TRUE,FALSE,TRUE,,,,0,,0,,,,,,,,,,,,,,,,722,,,FALSE,,,,,
com.supercell.laser.bundle3899,3899,TID_IAP_BUNDLE_OFFER,6,,,TRUE,TRUE,FALSE,TRUE,,,,0,,0,,,,,,,,,,,,,,,,741,,,FALSE,,,,,
com.supercell.laser.bundle4099,4099,TID_IAP_BUNDLE_OFFER,6,,,TRUE,TRUE,FALSE,TRUE,,,,0,,0,,,,,,,,,,,,,,,,779,,,FALSE,,,,,
com.supercell.laser.bundle4199,4199,TID_IAP_BUNDLE_OFFER,6,,,TRUE,TRUE,FALSE,TRUE,,,,0,,0,,,,,,,,,,,,,,,,798,,,FALSE,,,,,
com.supercell.laser.bundle4299,4299,TID_IAP_BUNDLE_OFFER,6,,,TRUE,TRUE,FALSE,TRUE,,,,0,,0,,,,,,,,,,,,,,,,817,,,FALSE,,,,,
com.supercell.laser.bundle4399,4399,TID_IAP_BUNDLE_OFFER,6,,,TRUE,TRUE,FALSE,TRUE,,,,0,,0,,,,,,,,,,,,,,,,836,,,FALSE,,,,,
com.supercell.laser.bundle4499,4499,TID_IAP_BUNDLE_OFFER,6,,,TRUE,TRUE,FALSE,TRUE,,,,0,,0,,,,,,,,,,,,,,,,855,,,FALSE,,,,,
com.supercell.laser.bundle4599,4599,TID_IAP_BUNDLE_OFFER,6,,,TRUE,TRUE,FALSE,TRUE,,,,0,,0,,,,,,,,,,,,,,,,874,,,FALSE,,,,,
com.supercell.laser.bundle4699,4699,TID_IAP_BUNDLE_OFFER,6,,,TRUE,TRUE,FALSE,TRUE,,,,0,,0,,,,,,,,,,,,,,,,893,,,FALSE,,,,,
com.supercell.laser.bundle4799,4799,TID_IAP_BUNDLE_OFFER,6,,,TRUE,TRUE,FALSE,TRUE,,,,0,,0,,,,,,,,,,,,,,,,912,,,FALSE,,,,,
com.supercell.laser.bundle4899,4899,TID_IAP_BUNDLE_OFFER,6,,,TRUE,TRUE,FALSE,TRUE,,,,0,,0,,,,,,,,,,,,,,,,931,,,FALSE,,,,,
com.supercell.laser.bundle5299,5299,TID_IAP_BUNDLE_OFFER,6,,,TRUE,TRUE,FALSE,TRUE,,,,0,,0,,,,,,,,,,,,,,,,1013,,,FALSE,,,,,
com.supercell.laser.bundle5499,5499,TID_IAP_BUNDLE_OFFER,6,,,TRUE,TRUE,FALSE,TRUE,,,,0,,0,,,,,,,,,,,,,,,,1055,,,FALSE,,,,,
com.supercell.laser.bundle5799,5799,TID_IAP_BUNDLE_OFFER,6,,,TRUE,TRUE,FALSE,TRUE,,,,0,,0,,,,,,,,,,,,,,,,1118,,,FALSE,,,,,
com.supercell.laser.bundle5999,5999,TID_IAP_BUNDLE_OFFER,6,,,TRUE,TRUE,FALSE,TRUE,,,,0,,0,,,,,,,,,,,,,,,,1160,,,FALSE,,,,,
com.supercell.laser.bundle6299,6299,TID_IAP_BUNDLE_OFFER,6,,,TRUE,TRUE,FALSE,TRUE,,,,0,,0,,,,,,,,,,,,,,,,1223,,,FALSE,,,,,
com.supercell.laser.bundle6499,6499,TID_IAP_BUNDLE_OFFER,6,,,TRUE,TRUE,FALSE,TRUE,,,,0,,0,,,,,,,,,,,,,,,,1265,,,FALSE,,,,,
com.supercell.laser.bundle6799,6799,TID_IAP_BUNDLE_OFFER,6,,,TRUE,TRUE,FALSE,TRUE,,,,0,,0,,,,,,,,,,,,,,,,1328,,,FALSE,,,,,
com.supercell.laser.bundle6999,6999,TID_IAP_BUNDLE_OFFER,6,,,TRUE,TRUE,FALSE,TRUE,,,,0,,0,,,,,,,,,,,,,,,,1370,,,FALSE,,,,,
com.supercell.laser.bundle7299,7299,TID_IAP_BUNDLE_OFFER,6,,,TRUE,TRUE,FALSE,TRUE,,,,0,,0,,,,,,,,,,,,,,,,1433,,,FALSE,,,,,
com.supercell.laser.bundle7499,7499,TID_IAP_BUNDLE_OFFER,6,,,TRUE,TRUE,FALSE,TRUE,,,,0,,0,,,,,,,,,,,,,,,,1475,,,FALSE,,,,,
com.supercell.laser.bundle7799,7799,TID_IAP_BUNDLE_OFFER,6,,,TRUE,TRUE,FALSE,TRUE,,,,0,,0,,,,,,,,,,,,,,,,1538,,,FALSE,,,,,
com.supercell.laser.bundle7999,7999,TID_IAP_BUNDLE_OFFER,6,,,TRUE,TRUE,FALSE,TRUE,,,,0,,0,,,,,,,,,,,,,,,,1580,,,FALSE,,,,,
com.supercell.laser.bundle8299,8299,TID_IAP_BUNDLE_OFFER,6,,,TRUE,TRUE,FALSE,TRUE,,,,0,,0,,,,,,,,,,,,,,,,1643,,,FALSE,,,,,
com.supercell.laser.bundle8499,8499,TID_IAP_BUNDLE_OFFER,6,,,TRUE,TRUE,FALSE,TRUE,,,,0,,0,,,,,,,,,,,,,,,,1685,,,FALSE,,,,,
com.supercell.laser.bundle8799,8799,TID_IAP_BUNDLE_OFFER,6,,,TRUE,TRUE,FALSE,TRUE,,,,0,,0,,,,,,,,,,,,,,,,1748,,,FALSE,,,,,
com.supercell.laser.bundle8999,8999,TID_IAP_BUNDLE_OFFER,6,,,TRUE,TRUE,FALSE,TRUE,,,,0,,0,,,,,,,,,,,,,,,,1790,,,FALSE,,,,,
com.supercell.laser.bundle9299,9299,TID_IAP_BUNDLE_OFFER,6,,,TRUE,TRUE,FALSE,TRUE,,,,0,,0,,,,,,,,,,,,,,,,1853,,,FALSE,,,,,
com.supercell.laser.bundle9499,9499,TID_IAP_BUNDLE_OFFER,6,,,TRUE,TRUE,FALSE,TRUE,,,,0,,0,,,,,,,,,,,,,,,,1895,,,FALSE,,,,,
com.supercell.laser.bundle9799,9799,TID_IAP_BUNDLE_OFFER,6,,,TRUE,TRUE,FALSE,TRUE,,,,0,,0,,,,,,,,,,,,,,,,1958,,,FALSE,,,,,
com.supercell.laser.bundle10499,10499,TID_IAP_BUNDLE_OFFER,6,,,TRUE,TRUE,FALSE,TRUE,,,,0,,0,,,,,,,,,,,,,,,,2100,,,FALSE,,,,,
com.supercell.laser.bundle10999,10999,TID_IAP_BUNDLE_OFFER,6,,,TRUE,TRUE,FALSE,TRUE,,,,0,,0,,,,,,,,,,,,,,,,2200,,,FALSE,,,,,
com.supercell.laser.bundle11499,11499,TID_IAP_BUNDLE_OFFER,6,,,TRUE,TRUE,FALSE,TRUE,,,,0,,0,,,,,,,,,,,,,,,,2300,,,FALSE,,,,,
com.supercell.laser.bundle11999,11999,TID_IAP_BUNDLE_OFFER,6,,,TRUE,TRUE,FALSE,TRUE,,,,0,,0,,,,,,,,,,,,,,,,2400,,,FALSE,,,,,
com.supercell.laser.bundle12499,12499,TID_IAP_BUNDLE_OFFER,6,,,TRUE,TRUE,FALSE,TRUE,,,,0,,0,,,,,,,,,,,,,,,,2500,,,FALSE,,,,,
com.supercell.laser.bundle12999,12999,TID_IAP_BUNDLE_OFFER,6,,,TRUE,TRUE,FALSE,TRUE,,,,0,,0,,,,,,,,,,,,,,,,2600,,,FALSE,,,,,
com.supercell.laser.bundle13499,13499,TID_IAP_BUNDLE_OFFER,6,,,TRUE,TRUE,FALSE,TRUE,,,,0,,0,,,,,,,,,,,,,,,,2700,,,FALSE,,,,,
com.supercell.laser.bundle13999,13999,TID_IAP_BUNDLE_OFFER,6,,,TRUE,TRUE,FALSE,TRUE,,,,0,,0,,,,,,,,,,,,,,,,2800,,,FALSE,,,,,
com.supercell.laser.bundle14499,14499,TID_IAP_BUNDLE_OFFER,6,,,TRUE,TRUE,FALSE,TRUE,,,,0,,0,,,,,,,,,,,,,,,,2900,,,FALSE,,,,,
com.supercell.laser.bundle14999,14999,TID_IAP_BUNDLE_OFFER,6,,,TRUE,TRUE,FALSE,TRUE,,,,0,,0,,,,,,,,,,,,,,,,3000,,,FALSE,,,,,
com.supercell.laser.bundle15999,15999,TID_IAP_BUNDLE_OFFER,6,,,TRUE,TRUE,FALSE,TRUE,,,,0,,0,,,,,,,,,,,,,,,,3200,,,FALSE,,,,,
com.supercell.laser.bundle16999,16999,TID_IAP_BUNDLE_OFFER,6,,,TRUE,TRUE,FALSE,TRUE,,,,0,,0,,,,,,,,,,,,,,,,3400,,,FALSE,,,,,
com.supercell.laser.bundle17999,17999,TID_IAP_BUNDLE_OFFER,6,,,TRUE,TRUE,FALSE,TRUE,,,,0,,0,,,,,,,,,,,,,,,,3600,,,FALSE,,,,,
com.supercell.laser.bundle18999,18999,TID_IAP_BUNDLE_OFFER,6,,,TRUE,TRUE,FALSE,TRUE,,,,0,,0,,,,,,,,,,,,,,,,3800,,,FALSE,,,,,
com.supercell.laser.gempack0.t50,99,TID_SHOP_GEM_PACK_1_TITLE,1,,,TRUE,TRUE,FALSE,TRUE,,,50,30,,1,,,shop_gem_0,0,,,,,,,,,,,30,,,,FALSE,,,,,
com.supercell.laser.gempack0.t60,119,TID_SHOP_GEM_PACK_1_TITLE,1,,,TRUE,TRUE,FALSE,TRUE,,,60,30,,1,,,shop_gem_0,0,,,,,,,,,,,30,,,,FALSE,,,,,
com.supercell.laser.gempack1.t50,249,TID_SHOP_GEM_PACK_2_TITLE,1,,,TRUE,TRUE,FALSE,TRUE,,,50,80,0,2,,,shop_gem_1,1,,,,TID_SHOP_LABEL_BREAKDOWN,5,,,,,,80,,,,FALSE,,,,,
com.supercell.laser.gempack1.t60,299,TID_SHOP_GEM_PACK_2_TITLE,1,,,TRUE,TRUE,FALSE,TRUE,,,60,80,0,2,,,shop_gem_1,1,,,,TID_SHOP_LABEL_BREAKDOWN,5,,,,,,80,,,,FALSE,,,,,
com.supercell.laser.gempack2.t50,499,TID_SHOP_GEM_PACK_3_TITLE,1,,,TRUE,TRUE,FALSE,TRUE,,,50,170,5,3,,,shop_gem_2,2,,,,TID_SHOP_LABEL_BREAKDOWN,19,TID_SHOP_LABEL_POPULAR,,,,,170,,,,FALSE,,,,,
com.supercell.laser.gempack2.t60,599,TID_SHOP_GEM_PACK_3_TITLE,1,,,TRUE,TRUE,FALSE,TRUE,,,60,170,5,3,,,shop_gem_2,2,,,,TID_SHOP_LABEL_BREAKDOWN,19,TID_SHOP_LABEL_POPULAR,,,,,170,,,,FALSE,,,,,
com.supercell.laser.gempack3.t50,999,TID_SHOP_GEM_PACK_4_TITLE,1,,,TRUE,TRUE,FALSE,TRUE,,,50,360,15,4,,,shop_gem_3,3,,,,TID_SHOP_LABEL_BREAKDOWN,59,,,,,,360,,,,FALSE,,,,,
com.supercell.laser.gempack3.t60,1199,TID_SHOP_GEM_PACK_4_TITLE,1,,,TRUE,TRUE,FALSE,TRUE,,,60,360,15,4,,,shop_gem_3,3,,,,TID_SHOP_LABEL_BREAKDOWN,59,,,,,,360,,,,FALSE,,,,,
com.supercell.laser.gempack4.t50,2499,TID_SHOP_GEM_PACK_5_TITLE,1,,,TRUE,TRUE,FALSE,TRUE,,,50,950,20,5,,,shop_gem_4,4,,,,TID_SHOP_LABEL_BREAKDOWN,196,,,,,,950,,,,FALSE,,,,,
com.supercell.laser.gempack4.t60,2999,TID_SHOP_GEM_PACK_5_TITLE,1,,,TRUE,TRUE,FALSE,TRUE,,,60,950,20,5,,,shop_gem_4,4,,,,TID_SHOP_LABEL_BREAKDOWN,196,,,,,,950,,,,FALSE,,,,,
com.supercell.laser.gempack5.t50,4999,TID_SHOP_GEM_PACK_6_TITLE,1,,,TRUE,TRUE,FALSE,TRUE,,,50,2000,25,6,,,shop_gem_5,5,,,,TID_SHOP_LABEL_BREAKDOWN,493,TID_SHOP_LABEL_BEST_VALUE,,,,,2000,,,,FALSE,,,,,
com.supercell.laser.gempack5.t60,5999,TID_SHOP_GEM_PACK_6_TITLE,1,,,TRUE,TRUE,FALSE,TRUE,,,60,2000,25,6,,,shop_gem_5,5,,,,TID_SHOP_LABEL_BREAKDOWN,493,TID_SHOP_LABEL_BEST_VALUE,,,,,2000,,,,FALSE,,,,,
com.supercell.laser.gempack6.t50,9999,TID_SHOP_GEM_PACK_7_TITLE,1,,FALSE,FALSE,FALSE,FALSE,TRUE,,,50,4300,30,7,,,shop_gem_5,5,,,,,,,,,,,4300,,,,FALSE,,,,,
com.supercell.laser.gempack6.t60,11999,TID_SHOP_GEM_PACK_7_TITLE,1,,FALSE,FALSE,FALSE,FALSE,TRUE,,,60,4300,30,7,,,shop_gem_5,5,,,,,,,,,,,4300,,,,FALSE,,,,,
com.supercell.laser.seasonpass.basic.discounted.t50,149,TID_BRAWL_PASS_PREMIUM,7,,FALSE,TRUE,TRUE,FALSE,TRUE,,,50,,,,,,,,,,,,,,,,,,1200,,FALSE,TRUE,FALSE,,com.supercell.laser.seasonpass.basic.t50,,0,44
com.supercell.laser.seasonpass.basic.discounted.t60,179,TID_BRAWL_PASS_PREMIUM,7,,FALSE,TRUE,TRUE,FALSE,TRUE,,,60,,,,,,,,,,,,,,,,,,1200,,FALSE,TRUE,FALSE,,com.supercell.laser.seasonpass.basic.t60,,0,44
com.supercell.laser.seasonpass.basic.t50,349,TID_BRAWL_PASS_PREMIUM,7,,FALSE,TRUE,TRUE,FALSE,TRUE,,,50,,,,,,,,,,,,,,,,,,2800,,FALSE,TRUE,FALSE,,,,0,44
com.supercell.laser.seasonpass.basic.t60,419,TID_BRAWL_PASS_PREMIUM,7,,FALSE,TRUE,TRUE,FALSE,TRUE,,,60,,,,,,,,,,,,,,,,,,2800,,FALSE,TRUE,FALSE,,,,0,44
com.supercell.laser.seasonpass.plus.t50,499,TID_BP_PLUS_NAME,7,,FALSE,TRUE,TRUE,FALSE,TRUE,,,50,,,,,,,,,,,,,,,,,,5000,,FALSE,TRUE,TRUE,,,,0,44
com.supercell.laser.seasonpass.plus.t60,599,TID_BP_PLUS_NAME,7,,FALSE,TRUE,TRUE,FALSE,TRUE,,,60,,,,,,,,,,,,,,,,,,5000,,FALSE,TRUE,TRUE,,,,0,44
com.supercell.laser.seasonpass.upgrade.t50,199,TID_SHOP_SPECIAL_OFFER,7,,FALSE,TRUE,TRUE,FALSE,TRUE,,,50,,,,,,,,,,,,,,,,,,2200,,FALSE,FALSE,TRUE,,,,0,44
com.supercell.laser.seasonpass.upgrade.t60,239,TID_SHOP_SPECIAL_OFFER,7,,FALSE,TRUE,TRUE,FALSE,TRUE,,,60,,,,,,,,,,,,,,,,,,2200,,FALSE,FALSE,TRUE,,,,0,44
com.supercell.laser.bundle029,29,TID_IAP_BUNDLE_OFFER,6,,,TRUE,TRUE,FALSE,TRUE,,,,0,,0,,,,,,,,,,,,,,,,4,,,FALSE,,,,,
com.supercell.laser.bundle079,79,TID_IAP_BUNDLE_OFFER,6,,,TRUE,TRUE,FALSE,TRUE,,,,0,,0,,,,,,,,,,,,,,,,12,,,FALSE,,,,,
com.supercell.laser.scid.seasonpass.basic.t50,349,TID_BRAWL_PASS_PREMIUM,7,,FALSE,TRUE,TRUE,FALSE,TRUE,,,50,,,,,,,,,,,,,,,,,,2800,,TRUE,TRUE,FALSE,,,4000,0,44
com.supercell.laser.scid.seasonpass.basic.t60,419,TID_BRAWL_PASS_PREMIUM,7,,FALSE,TRUE,TRUE,FALSE,TRUE,,,60,,,,,,,,,,,,,,,,,,2800,,TRUE,TRUE,FALSE,,,4000,0,44
com.supercell.laser.scid.seasonpass.plus.t50,499,TID_BP_PLUS_NAME,7,,FALSE,TRUE,TRUE,FALSE,TRUE,,,50,,,,,,,,,,,,,,,,,,5000,,TRUE,TRUE,TRUE,,,12000,0,44
com.supercell.laser.scid.seasonpass.plus.t60,599,TID_BP_PLUS_NAME,7,,FALSE,TRUE,TRUE,FALSE,TRUE,,,60,,,,,,,,,,,,,,,,,,5000,,TRUE,TRUE,TRUE,,,12000,0,44
com.supercell.laser.competitivepass.t60,1499,TID_COMPETITIVE_PASS_PREMIUM,8,,,TRUE,TRUE,,TRUE,,,60,,,,,,,,,,,,,,,,,,6000,,,,,,,1000,,
com.supercell.laser.scid.competitivepass.t60,1499,TID_COMPETITIVE_PASS_PREMIUM,8,,,,,,TRUE,,,60,,,,,,,,,,,,,,,,,,6000,,TRUE,,,,,3000,,
com.supercell.laser.competitivepass.t50,1249,TID_COMPETITIVE_PASS_PREMIUM,8,,,TRUE,TRUE,,TRUE,,,50,,,,,,,,,,,,,,,,,,6000,,,,,,,1000,,
com.supercell.laser.scid.competitivepass.t50,1249,TID_COMPETITIVE_PASS_PREMIUM,8,,,,,,TRUE,,,50,,,,,,,,,,,,,,,,,,6000,,TRUE,,,,,3000,,
com.supercell.laser.bundle20999,20999,TID_IAP_BUNDLE_OFFER,6,,,TRUE,TRUE,FALSE,TRUE,,,,0,,0,,,,,,,,,,,,,,,,4200,,,FALSE,,,,,
com.supercell.laser.bundle21999,21999,TID_IAP_BUNDLE_OFFER,6,,,TRUE,TRUE,FALSE,TRUE,,,,0,,0,,,,,,,,,,,,,,,,4400,,,FALSE,,,,,
com.supercell.laser.bundle22999,22999,TID_IAP_BUNDLE_OFFER,6,,,TRUE,TRUE,FALSE,TRUE,,,,0,,0,,,,,,,,,,,,,,,,4600,,,FALSE,,,,,
com.supercell.laser.bundle23999,23999,TID_IAP_BUNDLE_OFFER,6,,,TRUE,TRUE,FALSE,TRUE,,,,0,,0,,,,,,,,,,,,,,,,4800,,,FALSE,,,,,
com.supercell.laser.gempack0.t90,179,TID_SHOP_GEM_PACK_1_TITLE,1,,,TRUE,TRUE,FALSE,TRUE,,,90,30,,1,,,shop_gem_0,0,,,,,,,,,,,30,,,,FALSE,,,,,
com.supercell.laser.gempack1.t90,449,TID_SHOP_GEM_PACK_2_TITLE,1,,,TRUE,TRUE,FALSE,TRUE,,,90,80,0,2,,,shop_gem_1,1,,,,TID_SHOP_LABEL_BREAKDOWN,5,,,,,,80,,,,FALSE,,,,,
com.supercell.laser.gempack2.t90,899,TID_SHOP_GEM_PACK_3_TITLE,1,,,TRUE,TRUE,FALSE,TRUE,,,90,170,5,3,,,shop_gem_2,2,,,,TID_SHOP_LABEL_BREAKDOWN,19,TID_SHOP_LABEL_POPULAR,,,,,170,,,,FALSE,,,,,
com.supercell.laser.gempack3.t90,1799,TID_SHOP_GEM_PACK_4_TITLE,1,,,TRUE,TRUE,FALSE,TRUE,,,90,360,15,4,,,shop_gem_3,3,,,,TID_SHOP_LABEL_BREAKDOWN,59,,,,,,360,,,,FALSE,,,,,
com.supercell.laser.gempack4.t90,4499,TID_SHOP_GEM_PACK_5_TITLE,1,,,TRUE,TRUE,FALSE,TRUE,,,90,950,20,5,,,shop_gem_4,4,,,,TID_SHOP_LABEL_BREAKDOWN,196,,,,,,950,,,,FALSE,,,,,
com.supercell.laser.gempack5.t90,8999,TID_SHOP_GEM_PACK_6_TITLE,1,,,TRUE,TRUE,FALSE,TRUE,,,90,2000,25,6,,,shop_gem_5,5,,,,TID_SHOP_LABEL_BREAKDOWN,493,TID_SHOP_LABEL_BEST_VALUE,,,,,2000,,,,FALSE,,,,,
com.supercell.laser.gempack6.t90,17999,TID_SHOP_GEM_PACK_7_TITLE,1,,FALSE,FALSE,FALSE,FALSE,TRUE,,,90,4300,30,7,,,shop_gem_5,5,,,,,,,,,,,4300,,,,FALSE,,,,,
com.supercell.laser.seasonpass.basic.t90,649,TID_BRAWL_PASS_PREMIUM,7,,FALSE,TRUE,TRUE,FALSE,TRUE,,,90,,,,,,,,,,,,,,,,,,2800,,FALSE,TRUE,FALSE,,,,0,44
com.supercell.laser.seasonpass.basic.discounted.t90,269,TID_BRAWL_PASS_PREMIUM,7,,FALSE,TRUE,TRUE,FALSE,TRUE,,,90,,,,,,,,,,,,,,,,,,1200,,FALSE,TRUE,FALSE,,com.supercell.laser.seasonpass.basic.t90,,0,44
com.supercell.laser.seasonpass.plus.t90,899,TID_BP_PLUS_NAME,7,,FALSE,TRUE,TRUE,FALSE,TRUE,,,90,,,,,,,,,,,,,,,,,,5000,,FALSE,TRUE,TRUE,,,,0,44
com.supercell.laser.seasonpass.upgrade.t90,349,TID_SHOP_SPECIAL_OFFER,7,,FALSE,TRUE,TRUE,FALSE,TRUE,,,90,,,,,,,,,,,,,,,,,,2200,,FALSE,FALSE,TRUE,,,,0,44
com.supercell.laser.competitivepass.t90,2299,TID_COMPETITIVE_PASS_PREMIUM,8,,,TRUE,TRUE,,TRUE,,,90,,,,,,,,,,,,,,,,,,6000,,,,,,,1000,,
com.supercell.laser.gempack0.t80,159,TID_SHOP_GEM_PACK_1_TITLE,1,,,TRUE,TRUE,FALSE,TRUE,,,80,30,,1,,,shop_gem_0,0,,,,,,,,,,,30,,,,FALSE,,,,,
com.supercell.laser.gempack1.t80,399,TID_SHOP_GEM_PACK_2_TITLE,1,,,TRUE,TRUE,FALSE,TRUE,,,80,80,0,2,,,shop_gem_1,1,,,,TID_SHOP_LABEL_BREAKDOWN,5,,,,,,80,,,,FALSE,,,,,
com.supercell.laser.gempack2.t80,799,TID_SHOP_GEM_PACK_3_TITLE,1,,,TRUE,TRUE,FALSE,TRUE,,,80,170,5,3,,,shop_gem_2,2,,,,TID_SHOP_LABEL_BREAKDOWN,19,TID_SHOP_LABEL_POPULAR,,,,,170,,,,FALSE,,,,,
com.supercell.laser.gempack3.t80,1599,TID_SHOP_GEM_PACK_4_TITLE,1,,,TRUE,TRUE,FALSE,TRUE,,,80,360,15,4,,,shop_gem_3,3,,,,TID_SHOP_LABEL_BREAKDOWN,59,,,,,,360,,,,FALSE,,,,,
com.supercell.laser.gempack4.t80,3999,TID_SHOP_GEM_PACK_5_TITLE,1,,,TRUE,TRUE,FALSE,TRUE,,,80,950,20,5,,,shop_gem_4,4,,,,TID_SHOP_LABEL_BREAKDOWN,196,,,,,,950,,,,FALSE,,,,,
com.supercell.laser.gempack5.t80,7999,TID_SHOP_GEM_PACK_6_TITLE,1,,,TRUE,TRUE,FALSE,TRUE,,,80,2000,25,6,,,shop_gem_5,5,,,,TID_SHOP_LABEL_BREAKDOWN,493,TID_SHOP_LABEL_BEST_VALUE,,,,,2000,,,,FALSE,,,,,
com.supercell.laser.gempack6.t80,15999,TID_SHOP_GEM_PACK_7_TITLE,1,,FALSE,FALSE,FALSE,FALSE,TRUE,,,80,4300,30,7,,,shop_gem_5,5,,,,,,,,,,,4300,,,,FALSE,,,,,
com.supercell.laser.seasonpass.basic.t80,549,TID_BRAWL_PASS_PREMIUM,7,,FALSE,TRUE,TRUE,FALSE,TRUE,,,80,,,,,,,,,,,,,,,,,,2800,,FALSE,TRUE,FALSE,,,,0,44
com.supercell.laser.seasonpass.basic.discounted.t80,239,TID_BRAWL_PASS_PREMIUM,7,,FALSE,TRUE,TRUE,FALSE,TRUE,,,80,,,,,,,,,,,,,,,,,,1200,,FALSE,TRUE,FALSE,,com.supercell.laser.seasonpass.basic.t80,,0,44
com.supercell.laser.seasonpass.plus.t80,799,TID_BP_PLUS_NAME,7,,FALSE,TRUE,TRUE,FALSE,TRUE,,,80,,,,,,,,,,,,,,,,,,5000,,FALSE,TRUE,TRUE,,,,0,44
com.supercell.laser.seasonpass.upgrade.t80,329,TID_SHOP_SPECIAL_OFFER,7,,FALSE,TRUE,TRUE,FALSE,TRUE,,,80,,,,,,,,,,,,,,,,,,2200,,FALSE,FALSE,TRUE,,,,0,44
com.supercell.laser.competitivepass.t80,1999,TID_COMPETITIVE_PASS_PREMIUM,8,,,TRUE,TRUE,,TRUE,,,80,,,,,,,,,,,,,,,,,,6000,,,,,,,1000,,
com.supercell.laser.gempack0.t70,139,TID_SHOP_GEM_PACK_1_TITLE,1,,,TRUE,TRUE,FALSE,TRUE,,,70,30,,1,,,shop_gem_0,0,,,,,,,,,,,30,,,,FALSE,,,,,
com.supercell.laser.gempack1.t70,349,TID_SHOP_GEM_PACK_2_TITLE,1,,,TRUE,TRUE,FALSE,TRUE,,,70,80,0,2,,,shop_gem_1,1,,,,TID_SHOP_LABEL_BREAKDOWN,5,,,,,,80,,,,FALSE,,,,,
com.supercell.laser.gempack2.t70,699,TID_SHOP_GEM_PACK_3_TITLE,1,,,TRUE,TRUE,FALSE,TRUE,,,70,170,5,3,,,shop_gem_2,2,,,,TID_SHOP_LABEL_BREAKDOWN,19,TID_SHOP_LABEL_POPULAR,,,,,170,,,,FALSE,,,,,
com.supercell.laser.gempack3.t70,1399,TID_SHOP_GEM_PACK_4_TITLE,1,,,TRUE,TRUE,FALSE,TRUE,,,70,360,15,4,,,shop_gem_3,3,,,,TID_SHOP_LABEL_BREAKDOWN,59,,,,,,360,,,,FALSE,,,,,
com.supercell.laser.gempack4.t70,3499,TID_SHOP_GEM_PACK_5_TITLE,1,,,TRUE,TRUE,FALSE,TRUE,,,70,950,20,5,,,shop_gem_4,4,,,,TID_SHOP_LABEL_BREAKDOWN,196,,,,,,950,,,,FALSE,,,,,
com.supercell.laser.gempack5.t70,6999,TID_SHOP_GEM_PACK_6_TITLE,1,,,TRUE,TRUE,FALSE,TRUE,,,70,2000,25,6,,,shop_gem_5,5,,,,TID_SHOP_LABEL_BREAKDOWN,493,TID_SHOP_LABEL_BEST_VALUE,,,,,2000,,,,FALSE,,,,,
com.supercell.laser.gempack6.t70,13999,TID_SHOP_GEM_PACK_7_TITLE,1,,FALSE,FALSE,FALSE,FALSE,TRUE,,,70,4300,30,7,,,shop_gem_5,5,,,,,,,,,,,4300,,,,FALSE,,,,,
com.supercell.laser.seasonpass.basic.t70,499,TID_BRAWL_PASS_PREMIUM,7,,FALSE,TRUE,TRUE,FALSE,TRUE,,,70,,,,,,,,,,,,,,,,,,2800,,FALSE,TRUE,FALSE,,,,0,44
com.supercell.laser.seasonpass.basic.discounted.t70,209,TID_BRAWL_PASS_PREMIUM,7,,FALSE,TRUE,TRUE,FALSE,TRUE,,,70,,,,,,,,,,,,,,,,,,1200,,FALSE,TRUE,FALSE,,com.supercell.laser.seasonpass.basic.t70,,0,44
com.supercell.laser.seasonpass.plus.t70,699,TID_BP_PLUS_NAME,7,,FALSE,TRUE,TRUE,FALSE,TRUE,,,70,,,,,,,,,,,,,,,,,,5000,,FALSE,TRUE,TRUE,,,,0,44
com.supercell.laser.seasonpass.upgrade.t70,279,TID_SHOP_SPECIAL_OFFER,7,,FALSE,TRUE,TRUE,FALSE,TRUE,,,70,,,,,,,,,,,,,,,,,,2200,,FALSE,FALSE,TRUE,,,,0,44
com.supercell.laser.competitivepass.t70,1799,TID_COMPETITIVE_PASS_PREMIUM,8,,,TRUE,TRUE,,TRUE,,,70,,,,,,,,,,,,,,,,,,6000,,,,,,,1000,,
com.supercell.laser.gempack0.t40,79,TID_SHOP_GEM_PACK_1_TITLE,1,,,TRUE,TRUE,FALSE,TRUE,,,40,30,,1,,,shop_gem_0,0,,,,,,,,,,,30,,,,FALSE,,,,,
com.supercell.laser.gempack1.t40,199,TID_SHOP_GEM_PACK_2_TITLE,1,,,TRUE,TRUE,FALSE,TRUE,,,40,80,0,2,,,shop_gem_1,1,,,,TID_SHOP_LABEL_BREAKDOWN,5,,,,,,80,,,,FALSE,,,,,
com.supercell.laser.gempack2.t40,399,TID_SHOP_GEM_PACK_3_TITLE,1,,,TRUE,TRUE,FALSE,TRUE,,,40,170,5,3,,,shop_gem_2,2,,,,TID_SHOP_LABEL_BREAKDOWN,19,TID_SHOP_LABEL_POPULAR,,,,,170,,,,FALSE,,,,,
com.supercell.laser.gempack3.t40,799,TID_SHOP_GEM_PACK_4_TITLE,1,,,TRUE,TRUE,FALSE,TRUE,,,40,360,15,4,,,shop_gem_3,3,,,,TID_SHOP_LABEL_BREAKDOWN,59,,,,,,360,,,,FALSE,,,,,
com.supercell.laser.gempack4.t40,1999,TID_SHOP_GEM_PACK_5_TITLE,1,,,TRUE,TRUE,FALSE,TRUE,,,40,950,20,5,,,shop_gem_4,4,,,,TID_SHOP_LABEL_BREAKDOWN,196,,,,,,950,,,,FALSE,,,,,
com.supercell.laser.gempack5.t40,3999,TID_SHOP_GEM_PACK_6_TITLE,1,,,TRUE,TRUE,FALSE,TRUE,,,40,2000,25,6,,,shop_gem_5,5,,,,TID_SHOP_LABEL_BREAKDOWN,493,TID_SHOP_LABEL_BEST_VALUE,,,,,2000,,,,FALSE,,,,,
com.supercell.laser.gempack6.t40,7999,TID_SHOP_GEM_PACK_7_TITLE,1,,FALSE,FALSE,FALSE,FALSE,TRUE,,,40,4300,30,7,,,shop_gem_5,5,,,,,,,,,,,4300,,,,FALSE,,,,,
com.supercell.laser.seasonpass.basic.t40,279,TID_BRAWL_PASS_PREMIUM,7,,FALSE,TRUE,TRUE,FALSE,TRUE,,,40,,,,,,,,,,,,,,,,,,2800,,FALSE,TRUE,FALSE,,,,0,44
com.supercell.laser.seasonpass.basic.discounted.t40,119,TID_BRAWL_PASS_PREMIUM,7,,FALSE,TRUE,TRUE,FALSE,TRUE,,,40,,,,,,,,,,,,,,,,,,1200,,FALSE,TRUE,FALSE,,com.supercell.laser.seasonpass.basic.t40,,0,44
com.supercell.laser.seasonpass.plus.t40,399,TID_BP_PLUS_NAME,7,,FALSE,TRUE,TRUE,FALSE,TRUE,,,40,,,,,,,,,,,,,,,,,,5000,,FALSE,TRUE,TRUE,,,,0,44
com.supercell.laser.seasonpass.upgrade.t40,159,TID_SHOP_SPECIAL_OFFER,7,,FALSE,TRUE,TRUE,FALSE,TRUE,,,40,,,,,,,,,,,,,,,,,,2200,,FALSE,FALSE,TRUE,,,,0,44
com.supercell.laser.competitivepass.t40,999,TID_COMPETITIVE_PASS_PREMIUM,8,,,TRUE,TRUE,,TRUE,,,40,,,,,,,,,,,,,,,,,,6000,,,,,,,1000,,
com.supercell.laser.gempack0.t30,59,TID_SHOP_GEM_PACK_1_TITLE,1,,,TRUE,TRUE,FALSE,TRUE,,,30,30,,1,,,shop_gem_0,0,,,,,,,,,,,30,,,,FALSE,,,,,
com.supercell.laser.gempack1.t30,149,TID_SHOP_GEM_PACK_2_TITLE,1,,,TRUE,TRUE,FALSE,TRUE,,,30,80,0,2,,,shop_gem_1,1,,,,TID_SHOP_LABEL_BREAKDOWN,5,,,,,,80,,,,FALSE,,,,,
com.supercell.laser.gempack2.t30,299,TID_SHOP_GEM_PACK_3_TITLE,1,,,TRUE,TRUE,FALSE,TRUE,,,30,170,5,3,,,shop_gem_2,2,,,,TID_SHOP_LABEL_BREAKDOWN,19,TID_SHOP_LABEL_POPULAR,,,,,170,,,,FALSE,,,,,
com.supercell.laser.gempack3.t30,599,TID_SHOP_GEM_PACK_4_TITLE,1,,,TRUE,TRUE,FALSE,TRUE,,,30,360,15,4,,,shop_gem_3,3,,,,TID_SHOP_LABEL_BREAKDOWN,59,,,,,,360,,,,FALSE,,,,,
com.supercell.laser.gempack4.t30,1499,TID_SHOP_GEM_PACK_5_TITLE,1,,,TRUE,TRUE,FALSE,TRUE,,,30,950,20,5,,,shop_gem_4,4,,,,TID_SHOP_LABEL_BREAKDOWN,196,,,,,,950,,,,FALSE,,,,,
com.supercell.laser.gempack5.t30,2999,TID_SHOP_GEM_PACK_6_TITLE,1,,,TRUE,TRUE,FALSE,TRUE,,,30,2000,25,6,,,shop_gem_5,5,,,,TID_SHOP_LABEL_BREAKDOWN,493,TID_SHOP_LABEL_BEST_VALUE,,,,,2000,,,,FALSE,,,,,
com.supercell.laser.gempack6.t30,5999,TID_SHOP_GEM_PACK_7_TITLE,1,,FALSE,FALSE,FALSE,FALSE,TRUE,,,30,4300,30,7,,,shop_gem_5,5,,,,,,,,,,,4300,,,,FALSE,,,,,
com.supercell.laser.seasonpass.basic.t30,209,TID_BRAWL_PASS_PREMIUM,7,,FALSE,TRUE,TRUE,FALSE,TRUE,,,30,,,,,,,,,,,,,,,,,,2800,,FALSE,TRUE,FALSE,,,,0,44
com.supercell.laser.seasonpass.basic.discounted.t30,89,TID_BRAWL_PASS_PREMIUM,7,,FALSE,TRUE,TRUE,FALSE,TRUE,,,30,,,,,,,,,,,,,,,,,,1200,,FALSE,TRUE,FALSE,,com.supercell.laser.seasonpass.basic.t30,,0,44
com.supercell.laser.seasonpass.plus.t30,299,TID_BP_PLUS_NAME,7,,FALSE,TRUE,TRUE,FALSE,TRUE,,,30,,,,,,,,,,,,,,,,,,5000,,FALSE,TRUE,TRUE,,,,0,44
com.supercell.laser.seasonpass.upgrade.t30,119,TID_SHOP_SPECIAL_OFFER,7,,FALSE,TRUE,TRUE,FALSE,TRUE,,,30,,,,,,,,,,,,,,,,,,2200,,FALSE,FALSE,TRUE,,,,0,44
com.supercell.laser.competitivepass.t30,749,TID_COMPETITIVE_PASS_PREMIUM,8,,,TRUE,TRUE,,TRUE,,,30,,,,,,,,,,,,,,,,,,6000,,,,,,,1000,,
com.supercell.laser.gempack0.t120,239,TID_SHOP_GEM_PACK_1_TITLE,1,,,TRUE,TRUE,FALSE,TRUE,,,120,30,,1,,,shop_gem_0,0,,,,,,,,,,,30,,,,FALSE,,,,,
com.supercell.laser.gempack1.t120,599,TID_SHOP_GEM_PACK_2_TITLE,1,,,TRUE,TRUE,FALSE,TRUE,,,120,80,0,2,,,shop_gem_1,1,,,,TID_SHOP_LABEL_BREAKDOWN,5,,,,,,80,,,,FALSE,,,,,
com.supercell.laser.gempack2.t120,1199,TID_SHOP_GEM_PACK_3_TITLE,1,,,TRUE,TRUE,FALSE,TRUE,,,120,170,5,3,,,shop_gem_2,2,,,,TID_SHOP_LABEL_BREAKDOWN,19,TID_SHOP_LABEL_POPULAR,,,,,170,,,,FALSE,,,,,
com.supercell.laser.gempack3.t120,2399,TID_SHOP_GEM_PACK_4_TITLE,1,,,TRUE,TRUE,FALSE,TRUE,,,120,360,15,4,,,shop_gem_3,3,,,,TID_SHOP_LABEL_BREAKDOWN,59,,,,,,360,,,,FALSE,,,,,
com.supercell.laser.gempack4.t120,5999,TID_SHOP_GEM_PACK_5_TITLE,1,,,TRUE,TRUE,FALSE,TRUE,,,120,950,20,5,,,shop_gem_4,4,,,,TID_SHOP_LABEL_BREAKDOWN,196,,,,,,950,,,,FALSE,,,,,
com.supercell.laser.gempack5.t120,11999,TID_SHOP_GEM_PACK_6_TITLE,1,,,TRUE,TRUE,FALSE,TRUE,,,120,2000,25,6,,,shop_gem_5,5,,,,TID_SHOP_LABEL_BREAKDOWN,493,TID_SHOP_LABEL_BEST_VALUE,,,,,2000,,,,FALSE,,,,,
com.supercell.laser.gempack6.t120,23999,TID_SHOP_GEM_PACK_7_TITLE,1,,FALSE,FALSE,FALSE,FALSE,TRUE,,,120,4300,30,7,,,shop_gem_5,5,,,,,,,,,,,4300,,,,FALSE,,,,,
com.supercell.laser.seasonpass.basic.t120,849,TID_BRAWL_PASS_PREMIUM,7,,FALSE,TRUE,TRUE,FALSE,TRUE,,,120,,,,,,,,,,,,,,,,,,2800,,FALSE,TRUE,FALSE,,,,0,44
com.supercell.laser.seasonpass.basic.discounted.t120,349,TID_BRAWL_PASS_PREMIUM,7,,FALSE,TRUE,TRUE,FALSE,TRUE,,,120,,,,,,,,,,,,,,,,,,1200,,FALSE,TRUE,FALSE,,com.supercell.laser.seasonpass.basic.t120,,0,44
com.supercell.laser.seasonpass.plus.t120,1199,TID_BP_PLUS_NAME,7,,FALSE,TRUE,TRUE,FALSE,TRUE,,,120,,,,,,,,,,,,,,,,,,5000,,FALSE,TRUE,TRUE,,,,0,44
com.supercell.laser.seasonpass.upgrade.t120,479,TID_SHOP_SPECIAL_OFFER,7,,FALSE,TRUE,TRUE,FALSE,TRUE,,,120,,,,,,,,,,,,,,,,,,2200,,FALSE,FALSE,TRUE,,,,0,44
com.supercell.laser.competitivepass.t120,2999,TID_COMPETITIVE_PASS_PREMIUM,8,,,TRUE,TRUE,,TRUE,,,120,,,,,,,,,,,,,,,,,,6000,,,,,,,1000,,
com.supercell.laser.gempack0.t110,219,TID_SHOP_GEM_PACK_1_TITLE,1,,,TRUE,TRUE,FALSE,TRUE,,,110,30,,1,,,shop_gem_0,0,,,,,,,,,,,30,,,,FALSE,,,,,
com.supercell.laser.gempack1.t110,549,TID_SHOP_GEM_PACK_2_TITLE,1,,,TRUE,TRUE,FALSE,TRUE,,,110,80,0,2,,,shop_gem_1,1,,,,TID_SHOP_LABEL_BREAKDOWN,5,,,,,,80,,,,FALSE,,,,,
com.supercell.laser.gempack2.t110,1099,TID_SHOP_GEM_PACK_3_TITLE,1,,,TRUE,TRUE,FALSE,TRUE,,,110,170,5,3,,,shop_gem_2,2,,,,TID_SHOP_LABEL_BREAKDOWN,19,TID_SHOP_LABEL_POPULAR,,,,,170,,,,FALSE,,,,,
com.supercell.laser.gempack3.t110,2199,TID_SHOP_GEM_PACK_4_TITLE,1,,,TRUE,TRUE,FALSE,TRUE,,,110,360,15,4,,,shop_gem_3,3,,,,TID_SHOP_LABEL_BREAKDOWN,59,,,,,,360,,,,FALSE,,,,,
com.supercell.laser.gempack4.t110,5499,TID_SHOP_GEM_PACK_5_TITLE,1,,,TRUE,TRUE,FALSE,TRUE,,,110,950,20,5,,,shop_gem_4,4,,,,TID_SHOP_LABEL_BREAKDOWN,196,,,,,,950,,,,FALSE,,,,,
com.supercell.laser.gempack5.t110,10999,TID_SHOP_GEM_PACK_6_TITLE,1,,,TRUE,TRUE,FALSE,TRUE,,,110,2000,25,6,,,shop_gem_5,5,,,,TID_SHOP_LABEL_BREAKDOWN,493,TID_SHOP_LABEL_BEST_VALUE,,,,,2000,,,,FALSE,,,,,
com.supercell.laser.gempack6.t110,21999,TID_SHOP_GEM_PACK_7_TITLE,1,,FALSE,FALSE,FALSE,FALSE,TRUE,,,110,4300,30,7,,,shop_gem_5,5,,,,,,,,,,,4300,,,,FALSE,,,,,
com.supercell.laser.seasonpass.basic.t110,749,TID_BRAWL_PASS_PREMIUM,7,,FALSE,TRUE,TRUE,FALSE,TRUE,,,110,,,,,,,,,,,,,,,,,,2800,,FALSE,TRUE,FALSE,,,,0,44
com.supercell.laser.seasonpass.basic.discounted.t110,329,TID_BRAWL_PASS_PREMIUM,7,,FALSE,TRUE,TRUE,FALSE,TRUE,,,110,,,,,,,,,,,,,,,,,,1200,,FALSE,TRUE,FALSE,,com.supercell.laser.seasonpass.basic.t110,,0,44
com.supercell.laser.seasonpass.plus.t110,1099,TID_BP_PLUS_NAME,7,,FALSE,TRUE,TRUE,FALSE,TRUE,,,110,,,,,,,,,,,,,,,,,,5000,,FALSE,TRUE,TRUE,,,,0,44
com.supercell.laser.seasonpass.upgrade.t110,429,TID_SHOP_SPECIAL_OFFER,7,,FALSE,TRUE,TRUE,FALSE,TRUE,,,110,,,,,,,,,,,,,,,,,,2200,,FALSE,FALSE,TRUE,,,,0,44
com.supercell.laser.competitivepass.t110,2699,TID_COMPETITIVE_PASS_PREMIUM,8,,,TRUE,TRUE,,TRUE,,,110,,,,,,,,,,,,,,,,,,6000,,,,,,,1000,,
com.supercell.laser.scid.seasonpass.basic.t90,649,TID_BRAWL_PASS_PREMIUM,7,,FALSE,FALSE,FALSE,FALSE,TRUE,,,90,,,,,,,,,,,,,,,,,,2800,,TRUE,TRUE,FALSE,,,4000,0,44
com.supercell.laser.scid.seasonpass.plus.t90,899,TID_BP_PLUS_NAME,7,,FALSE,FALSE,FALSE,FALSE,TRUE,,,90,,,,,,,,,,,,,,,,,,5000,,TRUE,TRUE,TRUE,,,12000,0,44
com.supercell.laser.scid.competitivepass.t90,2299,TID_COMPETITIVE_PASS_PREMIUM,8,,,FALSE,FALSE,,TRUE,,,90,,,,,,,,,,,,,,,,,,6000,,TRUE,,,,,3000,,
com.supercell.laser.scid.seasonpass.basic.t80,549,TID_BRAWL_PASS_PREMIUM,7,,FALSE,FALSE,FALSE,FALSE,TRUE,,,80,,,,,,,,,,,,,,,,,,2800,,TRUE,TRUE,FALSE,,,4000,0,44
com.supercell.laser.scid.seasonpass.plus.t80,799,TID_BP_PLUS_NAME,7,,FALSE,FALSE,FALSE,FALSE,TRUE,,,80,,,,,,,,,,,,,,,,,,5000,,TRUE,TRUE,TRUE,,,12000,0,44
com.supercell.laser.scid.competitivepass.t80,1999,TID_COMPETITIVE_PASS_PREMIUM,8,,,FALSE,FALSE,,TRUE,,,80,,,,,,,,,,,,,,,,,,6000,,TRUE,,,,,3000,,
com.supercell.laser.scid.seasonpass.basic.t70,499,TID_BRAWL_PASS_PREMIUM,7,,FALSE,FALSE,FALSE,FALSE,TRUE,,,70,,,,,,,,,,,,,,,,,,2800,,TRUE,TRUE,FALSE,,,4000,0,44
com.supercell.laser.scid.seasonpass.plus.t70,699,TID_BP_PLUS_NAME,7,,FALSE,FALSE,FALSE,FALSE,TRUE,,,70,,,,,,,,,,,,,,,,,,5000,,TRUE,TRUE,TRUE,,,12000,0,44
com.supercell.laser.scid.competitivepass.t70,1799,TID_COMPETITIVE_PASS_PREMIUM,8,,,FALSE,FALSE,,TRUE,,,70,,,,,,,,,,,,,,,,,,6000,,TRUE,,,,,3000,,
com.supercell.laser.scid.seasonpass.basic.t40,279,TID_BRAWL_PASS_PREMIUM,7,,FALSE,FALSE,FALSE,FALSE,TRUE,,,40,,,,,,,,,,,,,,,,,,2800,,TRUE,TRUE,FALSE,,,4000,0,44
com.supercell.laser.scid.seasonpass.plus.t40,399,TID_BP_PLUS_NAME,7,,FALSE,FALSE,FALSE,FALSE,TRUE,,,40,,,,,,,,,,,,,,,,,,5000,,TRUE,TRUE,TRUE,,,12000,0,44
com.supercell.laser.scid.competitivepass.t40,999,TID_COMPETITIVE_PASS_PREMIUM,8,,,FALSE,FALSE,,TRUE,,,40,,,,,,,,,,,,,,,,,,6000,,TRUE,,,,,3000,,
com.supercell.laser.scid.seasonpass.basic.t30,209,TID_BRAWL_PASS_PREMIUM,7,,FALSE,FALSE,FALSE,FALSE,TRUE,,,30,,,,,,,,,,,,,,,,,,2800,,TRUE,TRUE,FALSE,,,4000,0,44
com.supercell.laser.scid.seasonpass.plus.t30,299,TID_BP_PLUS_NAME,7,,FALSE,FALSE,FALSE,FALSE,TRUE,,,30,,,,,,,,,,,,,,,,,,5000,,TRUE,TRUE,TRUE,,,12000,0,44
com.supercell.laser.scid.competitivepass.t30,749,TID_COMPETITIVE_PASS_PREMIUM,8,,,FALSE,FALSE,,TRUE,,,30,,,,,,,,,,,,,,,,,,6000,,TRUE,,,,,3000,,
com.supercell.laser.scid.seasonpass.basic.t120,849,TID_BRAWL_PASS_PREMIUM,7,,FALSE,FALSE,FALSE,FALSE,TRUE,,,120,,,,,,,,,,,,,,,,,,2800,,TRUE,TRUE,FALSE,,,4000,0,44
com.supercell.laser.scid.seasonpass.plus.t120,1199,TID_BP_PLUS_NAME,7,,FALSE,FALSE,FALSE,FALSE,TRUE,,,120,,,,,,,,,,,,,,,,,,5000,,TRUE,TRUE,TRUE,,,12000,0,44
com.supercell.laser.scid.competitivepass.t120,2999,TID_COMPETITIVE_PASS_PREMIUM,8,,,FALSE,FALSE,,TRUE,,,120,,,,,,,,,,,,,,,,,,6000,,TRUE,,,,,3000,,
com.supercell.laser.scid.seasonpass.basic.t110,749,TID_BRAWL_PASS_PREMIUM,7,,FALSE,FALSE,FALSE,FALSE,TRUE,,,110,,,,,,,,,,,,,,,,,,2800,,TRUE,TRUE,FALSE,,,4000,0,44
com.supercell.laser.scid.seasonpass.plus.t110,1099,TID_BP_PLUS_NAME,7,,FALSE,FALSE,FALSE,FALSE,TRUE,,,110,,,,,,,,,,,,,,,,,,5000,,TRUE,TRUE,TRUE,,,12000,0,44
com.supercell.laser.scid.competitivepass.t110,2699,TID_COMPETITIVE_PASS_PREMIUM,8,,,FALSE,FALSE,,TRUE,,,110,,,,,,,,,,,,,,,,,,6000,,TRUE,,,,,3000,,
com.supercell.laser.vaultpass.basic,899,TID_BRAWL_PASS_PREMIUM,7,,FALSE,TRUE,TRUE,FALSE,TRUE,FALSE,FALSE,100,0,,0,,,,,,,,,,,,,,,2800,,TRUE,TRUE,FALSE,,,5250,45,
com.supercell.laser.vaultpass.plus,1299,TID_BP_PLUS_NAME,7,,FALSE,TRUE,TRUE,FALSE,TRUE,FALSE,FALSE,100,0,,0,,,,,,,,,,,,,,,5000,,TRUE,TRUE,TRUE,,,15750,45,
com.supercell.laser.vaultpass.upgrade,499,TID_SHOP_SPECIAL_OFFER,7,,FALSE,TRUE,TRUE,FALSE,TRUE,FALSE,FALSE,100,0,,0,,,,,,,,,,,,,,,2200,,FALSE,FALSE,TRUE,,,,45,
com.supercell.laser.vaultpass.basic.discounted,399,TID_BRAWL_PASS_PREMIUM,7,,FALSE,TRUE,TRUE,FALSE,TRUE,FALSE,FALSE,100,0,,0,,,,,,,,,,,,,,,1200,,FALSE,TRUE,FALSE,,com.supercell.laser.vaultpass.basic,,45,
com.supercell.laser.vaultpass.basic.t120,1099,TID_BRAWL_PASS_PREMIUM,7,,FALSE,TRUE,TRUE,FALSE,TRUE,,,120,,,,,,,,,,,,,,,,,,2800,,TRUE,TRUE,FALSE,,,5250,45,
com.supercell.laser.vaultpass.plus.t120,1599,TID_BP_PLUS_NAME,7,,FALSE,TRUE,TRUE,FALSE,TRUE,,,120,,,,,,,,,,,,,,,,,,5000,,TRUE,TRUE,TRUE,,,15750,45,
com.supercell.laser.vaultpass.upgrade.t120,599,TID_SHOP_SPECIAL_OFFER,7,,FALSE,TRUE,TRUE,FALSE,TRUE,,,120,,,,,,,,,,,,,,,,,,2200,,FALSE,FALSE,TRUE,,,,45,
com.supercell.laser.vaultpass.basic.discounted.t120,479,TID_BRAWL_PASS_PREMIUM,7,,FALSE,TRUE,TRUE,FALSE,TRUE,,,120,,,,,,,,,,,,,,,,,,1200,,FALSE,TRUE,FALSE,,com.supercell.laser.vaultpass.basic.t120,,45,
com.supercell.laser.vaultpass.basic.t110,999,TID_BRAWL_PASS_PREMIUM,7,,FALSE,TRUE,TRUE,FALSE,TRUE,,,110,,,,,,,,,,,,,,,,,,2800,,TRUE,TRUE,FALSE,,,5250,45,
com.supercell.laser.vaultpass.plus.t110,1399,TID_BP_PLUS_NAME,7,,FALSE,TRUE,TRUE,FALSE,TRUE,,,110,,,,,,,,,,,,,,,,,,5000,,TRUE,TRUE,TRUE,,,15750,45,
com.supercell.laser.vaultpass.upgrade.t110,549,TID_SHOP_SPECIAL_OFFER,7,,FALSE,TRUE,TRUE,FALSE,TRUE,,,110,,,,,,,,,,,,,,,,,,2200,,FALSE,FALSE,TRUE,,,,45,
com.supercell.laser.vaultpass.basic.discounted.t110,429,TID_BRAWL_PASS_PREMIUM,7,,FALSE,TRUE,TRUE,FALSE,TRUE,,,110,,,,,,,,,,,,,,,,,,1200,,FALSE,TRUE,FALSE,,com.supercell.laser.vaultpass.basic.t110,,45,
com.supercell.laser.vaultpass.basic.t90,799,TID_BRAWL_PASS_PREMIUM,7,,FALSE,TRUE,TRUE,FALSE,TRUE,,,90,,,,,,,,,,,,,,,,,,2800,,TRUE,TRUE,FALSE,,,5250,45,
com.supercell.laser.vaultpass.plus.t90,1199,TID_BP_PLUS_NAME,7,,FALSE,TRUE,TRUE,FALSE,TRUE,,,90,,,,,,,,,,,,,,,,,,5000,,TRUE,TRUE,TRUE,,,15750,45,
com.supercell.laser.vaultpass.upgrade.t90,449,TID_SHOP_SPECIAL_OFFER,7,,FALSE,TRUE,TRUE,FALSE,TRUE,,,90,,,,,,,,,,,,,,,,,,2200,,FALSE,FALSE,TRUE,,,,45,
com.supercell.laser.vaultpass.basic.discounted.t90,349,TID_BRAWL_PASS_PREMIUM,7,,FALSE,TRUE,TRUE,FALSE,TRUE,,,90,,,,,,,,,,,,,,,,,,1200,,FALSE,TRUE,FALSE,,com.supercell.laser.vaultpass.basic.t90,,45,
com.supercell.laser.vaultpass.basic.t80,699,TID_BRAWL_PASS_PREMIUM,7,,FALSE,TRUE,TRUE,FALSE,TRUE,,,80,,,,,,,,,,,,,,,,,,2800,,TRUE,TRUE,FALSE,,,5250,45,
com.supercell.laser.vaultpass.plus.t80,999,TID_BP_PLUS_NAME,7,,FALSE,TRUE,TRUE,FALSE,TRUE,,,80,,,,,,,,,,,,,,,,,,5000,,TRUE,TRUE,TRUE,,,15750,45,
com.supercell.laser.vaultpass.upgrade.t80,399,TID_SHOP_SPECIAL_OFFER,7,,FALSE,TRUE,TRUE,FALSE,TRUE,,,80,,,,,,,,,,,,,,,,,,2200,,FALSE,FALSE,TRUE,,,,45,
com.supercell.laser.vaultpass.basic.discounted.t80,329,TID_BRAWL_PASS_PREMIUM,7,,FALSE,TRUE,TRUE,FALSE,TRUE,,,80,,,,,,,,,,,,,,,,,,1200,,FALSE,TRUE,FALSE,,com.supercell.laser.vaultpass.basic.t80,,45,
com.supercell.laser.vaultpass.basic.t70,649,TID_BRAWL_PASS_PREMIUM,7,,FALSE,TRUE,TRUE,FALSE,TRUE,,,70,,,,,,,,,,,,,,,,,,2800,,TRUE,TRUE,FALSE,,,5250,45,
com.supercell.laser.vaultpass.plus.t70,899,TID_BP_PLUS_NAME,7,,FALSE,TRUE,TRUE,FALSE,TRUE,,,70,,,,,,,,,,,,,,,,,,5000,,TRUE,TRUE,TRUE,,,15750,45,
com.supercell.laser.vaultpass.upgrade.t70,349,TID_SHOP_SPECIAL_OFFER,7,,FALSE,TRUE,TRUE,FALSE,TRUE,,,70,,,,,,,,,,,,,,,,,,2200,,FALSE,FALSE,TRUE,,,,45,
com.supercell.laser.vaultpass.basic.discounted.t70,279,TID_BRAWL_PASS_PREMIUM,7,,FALSE,TRUE,TRUE,FALSE,TRUE,,,70,,,,,,,,,,,,,,,,,,1200,,FALSE,TRUE,FALSE,,com.supercell.laser.vaultpass.basic.t70,,45,
com.supercell.laser.vaultpass.basic.t60,549,TID_BRAWL_PASS_PREMIUM,7,,FALSE,TRUE,TRUE,FALSE,TRUE,,,60,,,,,,,,,,,,,,,,,,2800,,TRUE,TRUE,FALSE,,,5250,45,
com.supercell.laser.vaultpass.plus.t60,799,TID_BP_PLUS_NAME,7,,FALSE,TRUE,TRUE,FALSE,TRUE,,,60,,,,,,,,,,,,,,,,,,5000,,TRUE,TRUE,TRUE,,,15750,45,
com.supercell.laser.vaultpass.upgrade.t60,299,TID_SHOP_SPECIAL_OFFER,7,,FALSE,TRUE,TRUE,FALSE,TRUE,,,60,,,,,,,,,,,,,,,,,,2200,,FALSE,FALSE,TRUE,,,,45,
com.supercell.laser.vaultpass.basic.discounted.t60,239,TID_BRAWL_PASS_PREMIUM,7,,FALSE,TRUE,TRUE,FALSE,TRUE,,,60,,,,,,,,,,,,,,,,,,1200,,FALSE,TRUE,FALSE,,com.supercell.laser.vaultpass.basic.t60,,45,
com.supercell.laser.vaultpass.basic.t50,449,TID_BRAWL_PASS_PREMIUM,7,,FALSE,TRUE,TRUE,FALSE,TRUE,,,50,,,,,,,,,,,,,,,,,,2800,,TRUE,TRUE,FALSE,,,5250,45,
com.supercell.laser.vaultpass.plus.t50,649,TID_BP_PLUS_NAME,7,,FALSE,TRUE,TRUE,FALSE,TRUE,,,50,,,,,,,,,,,,,,,,,,5000,,TRUE,TRUE,TRUE,,,15750,45,
com.supercell.laser.vaultpass.upgrade.t50,249,TID_SHOP_SPECIAL_OFFER,7,,FALSE,TRUE,TRUE,FALSE,TRUE,,,50,,,,,,,,,,,,,,,,,,2200,,FALSE,FALSE,TRUE,,,,45,
com.supercell.laser.vaultpass.basic.discounted.t50,199,TID_BRAWL_PASS_PREMIUM,7,,FALSE,TRUE,TRUE,FALSE,TRUE,,,50,,,,,,,,,,,,,,,,,,1200,,FALSE,TRUE,FALSE,,com.supercell.laser.vaultpass.basic.t50,,45,
com.supercell.laser.vaultpass.basic.t40,349,TID_BRAWL_PASS_PREMIUM,7,,FALSE,TRUE,TRUE,FALSE,TRUE,,,40,,,,,,,,,,,,,,,,,,2800,,TRUE,TRUE,FALSE,,,5250,45,
com.supercell.laser.vaultpass.plus.t40,499,TID_BP_PLUS_NAME,7,,FALSE,TRUE,TRUE,FALSE,TRUE,,,40,,,,,,,,,,,,,,,,,,5000,,TRUE,TRUE,TRUE,,,15750,45,
com.supercell.laser.vaultpass.upgrade.t40,199,TID_SHOP_SPECIAL_OFFER,7,,FALSE,TRUE,TRUE,FALSE,TRUE,,,40,,,,,,,,,,,,,,,,,,2200,,FALSE,FALSE,TRUE,,,,45,
com.supercell.laser.vaultpass.basic.discounted.t40,159,TID_BRAWL_PASS_PREMIUM,7,,FALSE,TRUE,TRUE,FALSE,TRUE,,,40,,,,,,,,,,,,,,,,,,1200,,FALSE,TRUE,FALSE,,com.supercell.laser.vaultpass.basic.t40,,45,
com.supercell.laser.vaultpass.basic.t30,269,TID_BRAWL_PASS_PREMIUM,7,,FALSE,TRUE,TRUE,FALSE,TRUE,,,30,,,,,,,,,,,,,,,,,,2800,,TRUE,TRUE,FALSE,,,5250,45,
com.supercell.laser.vaultpass.plus.t30,399,TID_BP_PLUS_NAME,7,,FALSE,TRUE,TRUE,FALSE,TRUE,,,30,,,,,,,,,,,,,,,,,,5000,,TRUE,TRUE,TRUE,,,15750,45,
com.supercell.laser.vaultpass.upgrade.t30,149,TID_SHOP_SPECIAL_OFFER,7,,FALSE,TRUE,TRUE,FALSE,TRUE,,,30,,,,,,,,,,,,,,,,,,2200,,FALSE,FALSE,TRUE,,,,45,
com.supercell.laser.vaultpass.basic.discounted.t30,119,TID_BRAWL_PASS_PREMIUM,7,,FALSE,TRUE,TRUE,FALSE,TRUE,,,30,,,,,,,,,,,,,,,,,,1200,,FALSE,TRUE,FALSE,,com.supercell.laser.vaultpass.basic.t30,,45,
com.supercell.laser.vaultpass.basic.discounted80,749,TID_BRAWL_PASS_PREMIUM,7,,FALSE,TRUE,TRUE,FALSE,TRUE,FALSE,FALSE,100,0,,0,,,,,,,,,,,,,,,1200,,FALSE,TRUE,FALSE,,com.supercell.laser.vaultpass.basic,,45,
com.supercell.laser.vaultpass.basic.discounted80.t30,229,TID_BRAWL_PASS_PREMIUM,7,,FALSE,TRUE,TRUE,FALSE,TRUE,,,30,,,,,,,,,,,,,,,,,,1200,,FALSE,TRUE,FALSE,,com.supercell.laser.vaultpass.basic.t30,,45,
com.supercell.laser.vaultpass.basic.discounted80.t40,299,TID_BRAWL_PASS_PREMIUM,7,,FALSE,TRUE,TRUE,FALSE,TRUE,,,40,,,,,,,,,,,,,,,,,,1200,,FALSE,TRUE,FALSE,,com.supercell.laser.vaultpass.basic.t40,,45,
com.supercell.laser.vaultpass.basic.discounted80.t50,379,TID_BRAWL_PASS_PREMIUM,7,,FALSE,TRUE,TRUE,FALSE,TRUE,,,50,,,,,,,,,,,,,,,,,,1200,,FALSE,TRUE,FALSE,,com.supercell.laser.vaultpass.basic.t50,,45,
com.supercell.laser.vaultpass.basic.discounted80.t60,449,TID_BRAWL_PASS_PREMIUM,7,,FALSE,TRUE,TRUE,FALSE,TRUE,,,60,,,,,,,,,,,,,,,,,,1200,,FALSE,TRUE,FALSE,,com.supercell.laser.vaultpass.basic.t60,,45,
com.supercell.laser.vaultpass.basic.discounted80.t70,549,TID_BRAWL_PASS_PREMIUM,7,,FALSE,TRUE,TRUE,FALSE,TRUE,,,70,,,,,,,,,,,,,,,,,,1200,,FALSE,TRUE,FALSE,,com.supercell.laser.vaultpass.basic.t70,,45,
com.supercell.laser.vaultpass.basic.discounted80.t80,599,TID_BRAWL_PASS_PREMIUM,7,,FALSE,TRUE,TRUE,FALSE,TRUE,,,80,,,,,,,,,,,,,,,,,,1200,,FALSE,TRUE,FALSE,,com.supercell.laser.vaultpass.basic.t80,,45,
com.supercell.laser.vaultpass.basic.discounted80.t90,699,TID_BRAWL_PASS_PREMIUM,7,,FALSE,TRUE,TRUE,FALSE,TRUE,,,90,,,,,,,,,,,,,,,,,,1200,,FALSE,TRUE,FALSE,,com.supercell.laser.vaultpass.basic.t90,,45,
com.supercell.laser.vaultpass.basic.discounted80.t110,799,TID_BRAWL_PASS_PREMIUM,7,,FALSE,TRUE,TRUE,FALSE,TRUE,,,110,,,,,,,,,,,,,,,,,,1200,,FALSE,TRUE,FALSE,,com.supercell.laser.vaultpass.basic.t110,,45,
com.supercell.laser.vaultpass.basic.discounted80.t120,899,TID_BRAWL_PASS_PREMIUM,7,,FALSE,TRUE,TRUE,FALSE,TRUE,,,120,,,,,,,,,,,,,,,,,,1200,,FALSE,TRUE,FALSE,,com.supercell.laser.vaultpass.basic.t120,,45,
com.supercell.laser.vaultpass.basic.discounted70,649,TID_BRAWL_PASS_PREMIUM,7,,FALSE,TRUE,TRUE,FALSE,TRUE,FALSE,FALSE,100,0,,0,,,,,,,,,,,,,,,1200,,FALSE,TRUE,FALSE,,com.supercell.laser.vaultpass.basic,,45,
com.supercell.laser.vaultpass.basic.discounted70.t30,199,TID_BRAWL_PASS_PREMIUM,7,,FALSE,TRUE,TRUE,FALSE,TRUE,,,30,,,,,,,,,,,,,,,,,,1200,,FALSE,TRUE,FALSE,,com.supercell.laser.vaultpass.basic.t30,,45,
com.supercell.laser.vaultpass.basic.discounted70.t40,259,TID_BRAWL_PASS_PREMIUM,7,,FALSE,TRUE,TRUE,FALSE,TRUE,,,40,,,,,,,,,,,,,,,,,,1200,,FALSE,TRUE,FALSE,,com.supercell.laser.vaultpass.basic.t40,,45,
com.supercell.laser.vaultpass.basic.discounted70.t50,329,TID_BRAWL_PASS_PREMIUM,7,,FALSE,TRUE,TRUE,FALSE,TRUE,,,50,,,,,,,,,,,,,,,,,,1200,,FALSE,TRUE,FALSE,,com.supercell.laser.vaultpass.basic.t50,,45,
com.supercell.laser.vaultpass.basic.discounted70.t60,399,TID_BRAWL_PASS_PREMIUM,7,,FALSE,TRUE,TRUE,FALSE,TRUE,,,60,,,,,,,,,,,,,,,,,,1200,,FALSE,TRUE,FALSE,,com.supercell.laser.vaultpass.basic.t60,,45,
com.supercell.laser.vaultpass.basic.discounted70.t70,449,TID_BRAWL_PASS_PREMIUM,7,,FALSE,TRUE,TRUE,FALSE,TRUE,,,70,,,,,,,,,,,,,,,,,,1200,,FALSE,TRUE,FALSE,,com.supercell.laser.vaultpass.basic.t70,,45,
com.supercell.laser.vaultpass.basic.discounted70.t80,499,TID_BRAWL_PASS_PREMIUM,7,,FALSE,TRUE,TRUE,FALSE,TRUE,,,80,,,,,,,,,,,,,,,,,,1200,,FALSE,TRUE,FALSE,,com.supercell.laser.vaultpass.basic.t80,,45,
com.supercell.laser.vaultpass.basic.discounted70.t90,599,TID_BRAWL_PASS_PREMIUM,7,,FALSE,TRUE,TRUE,FALSE,TRUE,,,90,,,,,,,,,,,,,,,,,,1200,,FALSE,TRUE,FALSE,,com.supercell.laser.vaultpass.basic.t90,,45,
com.supercell.laser.vaultpass.basic.discounted70.t110,699,TID_BRAWL_PASS_PREMIUM,7,,FALSE,TRUE,TRUE,FALSE,TRUE,,,110,,,,,,,,,,,,,,,,,,1200,,FALSE,TRUE,FALSE,,com.supercell.laser.vaultpass.basic.t110,,45,
com.supercell.laser.vaultpass.basic.discounted70.t120,799,TID_BRAWL_PASS_PREMIUM,7,,FALSE,TRUE,TRUE,FALSE,TRUE,,,120,,,,,,,,,,,,,,,,,,1200,,FALSE,TRUE,FALSE,,com.supercell.laser.vaultpass.basic.t120,,45,
com.supercell.laser.vaultpass.basic.discounted60,549,TID_BRAWL_PASS_PREMIUM,7,,FALSE,TRUE,TRUE,FALSE,TRUE,FALSE,FALSE,100,0,,0,,,,,,,,,,,,,,,1200,,FALSE,TRUE,FALSE,,com.supercell.laser.vaultpass.basic,,45,
com.supercell.laser.vaultpass.basic.discounted60.t30,169,TID_BRAWL_PASS_PREMIUM,7,,FALSE,TRUE,TRUE,FALSE,TRUE,,,30,,,,,,,,,,,,,,,,,,1200,,FALSE,TRUE,FALSE,,com.supercell.laser.vaultpass.basic.t30,,45,
com.supercell.laser.vaultpass.basic.discounted60.t40,219,TID_BRAWL_PASS_PREMIUM,7,,FALSE,TRUE,TRUE,FALSE,TRUE,,,40,,,,,,,,,,,,,,,,,,1200,,FALSE,TRUE,FALSE,,com.supercell.laser.vaultpass.basic.t40,,45,
com.supercell.laser.vaultpass.basic.discounted60.t50,279,TID_BRAWL_PASS_PREMIUM,7,,FALSE,TRUE,TRUE,FALSE,TRUE,,,50,,,,,,,,,,,,,,,,,,1200,,FALSE,TRUE,FALSE,,com.supercell.laser.vaultpass.basic.t50,,45,
com.supercell.laser.vaultpass.basic.discounted60.t60,329,TID_BRAWL_PASS_PREMIUM,7,,FALSE,TRUE,TRUE,FALSE,TRUE,,,60,,,,,,,,,,,,,,,,,,1200,,FALSE,TRUE,FALSE,,com.supercell.laser.vaultpass.basic.t60,,45,
com.supercell.laser.vaultpass.basic.discounted60.t70,379,TID_BRAWL_PASS_PREMIUM,7,,FALSE,TRUE,TRUE,FALSE,TRUE,,,70,,,,,,,,,,,,,,,,,,1200,,FALSE,TRUE,FALSE,,com.supercell.laser.vaultpass.basic.t70,,45,
com.supercell.laser.vaultpass.basic.discounted60.t80,449,TID_BRAWL_PASS_PREMIUM,7,,FALSE,TRUE,TRUE,FALSE,TRUE,,,80,,,,,,,,,,,,,,,,,,1200,,FALSE,TRUE,FALSE,,com.supercell.laser.vaultpass.basic.t80,,45,
com.supercell.laser.vaultpass.basic.discounted60.t90,499,TID_BRAWL_PASS_PREMIUM,7,,FALSE,TRUE,TRUE,FALSE,TRUE,,,90,,,,,,,,,,,,,,,,,,1200,,FALSE,TRUE,FALSE,,com.supercell.laser.vaultpass.basic.t90,,45,
com.supercell.laser.vaultpass.basic.discounted60.t110,599,TID_BRAWL_PASS_PREMIUM,7,,FALSE,TRUE,TRUE,FALSE,TRUE,,,110,,,,,,,,,,,,,,,,,,1200,,FALSE,TRUE,FALSE,,com.supercell.laser.vaultpass.basic.t110,,45,
com.supercell.laser.vaultpass.basic.discounted60.t120,649,TID_BRAWL_PASS_PREMIUM,7,,FALSE,TRUE,TRUE,FALSE,TRUE,,,120,,,,,,,,,,,,,,,,,,1200,,FALSE,TRUE,FALSE,,com.supercell.laser.vaultpass.basic.t120,,45,
com.supercell.laser.vaultpass.basic.discounted50,449,TID_BRAWL_PASS_PREMIUM,7,,FALSE,TRUE,TRUE,FALSE,TRUE,FALSE,FALSE,100,0,,0,,,,,,,,,,,,,,,1200,,FALSE,TRUE,FALSE,,com.supercell.laser.vaultpass.basic,,45,
com.supercell.laser.vaultpass.basic.discounted50.t30,139,TID_BRAWL_PASS_PREMIUM,7,,FALSE,TRUE,TRUE,FALSE,TRUE,,,30,,,,,,,,,,,,,,,,,,1200,,FALSE,TRUE,FALSE,,com.supercell.laser.vaultpass.basic.t30,,45,
com.supercell.laser.vaultpass.basic.discounted50.t40,179,TID_BRAWL_PASS_PREMIUM,7,,FALSE,TRUE,TRUE,FALSE,TRUE,,,40,,,,,,,,,,,,,,,,,,1200,,FALSE,TRUE,FALSE,,com.supercell.laser.vaultpass.basic.t40,,45,
com.supercell.laser.vaultpass.basic.discounted50.t50,229,TID_BRAWL_PASS_PREMIUM,7,,FALSE,TRUE,TRUE,FALSE,TRUE,,,50,,,,,,,,,,,,,,,,,,1200,,FALSE,TRUE,FALSE,,com.supercell.laser.vaultpass.basic.t50,,45,
com.supercell.laser.vaultpass.basic.discounted50.t60,269,TID_BRAWL_PASS_PREMIUM,7,,FALSE,TRUE,TRUE,FALSE,TRUE,,,60,,,,,,,,,,,,,,,,,,1200,,FALSE,TRUE,FALSE,,com.supercell.laser.vaultpass.basic.t60,,45,
com.supercell.laser.vaultpass.basic.discounted50.t70,329,TID_BRAWL_PASS_PREMIUM,7,,FALSE,TRUE,TRUE,FALSE,TRUE,,,70,,,,,,,,,,,,,,,,,,1200,,FALSE,TRUE,FALSE,,com.supercell.laser.vaultpass.basic.t70,,45,
com.supercell.laser.vaultpass.basic.discounted50.t80,349,TID_BRAWL_PASS_PREMIUM,7,,FALSE,TRUE,TRUE,FALSE,TRUE,,,80,,,,,,,,,,,,,,,,,,1200,,FALSE,TRUE,FALSE,,com.supercell.laser.vaultpass.basic.t80,,45,
com.supercell.laser.vaultpass.basic.discounted50.t90,399,TID_BRAWL_PASS_PREMIUM,7,,FALSE,TRUE,TRUE,FALSE,TRUE,,,90,,,,,,,,,,,,,,,,,,1200,,FALSE,TRUE,FALSE,,com.supercell.laser.vaultpass.basic.t90,,45,
com.supercell.laser.vaultpass.basic.discounted50.t110,499,TID_BRAWL_PASS_PREMIUM,7,,FALSE,TRUE,TRUE,FALSE,TRUE,,,110,,,,,,,,,,,,,,,,,,1200,,FALSE,TRUE,FALSE,,com.supercell.laser.vaultpass.basic.t110,,45,
com.supercell.laser.vaultpass.basic.discounted50.t120,549,TID_BRAWL_PASS_PREMIUM,7,,FALSE,TRUE,TRUE,FALSE,TRUE,,,120,,,,,,,,,,,,,,,,,,1200,,FALSE,TRUE,FALSE,,com.supercell.laser.vaultpass.basic.t120,,45,
com.supercell.laser.vaultpass.basic.discounted40,349,TID_BRAWL_PASS_PREMIUM,7,,FALSE,TRUE,TRUE,FALSE,TRUE,FALSE,FALSE,100,0,,0,,,,,,,,,,,,,,,1200,,FALSE,TRUE,FALSE,,com.supercell.laser.vaultpass.basic,,45,
com.supercell.laser.vaultpass.basic.discounted40.t30,109,TID_BRAWL_PASS_PREMIUM,7,,FALSE,TRUE,TRUE,FALSE,TRUE,,,30,,,,,,,,,,,,,,,,,,1200,,FALSE,TRUE,FALSE,,com.supercell.laser.vaultpass.basic.t30,,45,
com.supercell.laser.vaultpass.basic.discounted40.t40,139,TID_BRAWL_PASS_PREMIUM,7,,FALSE,TRUE,TRUE,FALSE,TRUE,,,40,,,,,,,,,,,,,,,,,,1200,,FALSE,TRUE,FALSE,,com.supercell.laser.vaultpass.basic.t40,,45,
com.supercell.laser.vaultpass.basic.discounted40.t50,179,TID_BRAWL_PASS_PREMIUM,7,,FALSE,TRUE,TRUE,FALSE,TRUE,,,50,,,,,,,,,,,,,,,,,,1200,,FALSE,TRUE,FALSE,,com.supercell.laser.vaultpass.basic.t50,,45,
com.supercell.laser.vaultpass.basic.discounted40.t60,209,TID_BRAWL_PASS_PREMIUM,7,,FALSE,TRUE,TRUE,FALSE,TRUE,,,60,,,,,,,,,,,,,,,,,,1200,,FALSE,TRUE,FALSE,,com.supercell.laser.vaultpass.basic.t60,,45,
com.supercell.laser.vaultpass.basic.discounted40.t70,249,TID_BRAWL_PASS_PREMIUM,7,,FALSE,TRUE,TRUE,FALSE,TRUE,,,70,,,,,,,,,,,,,,,,,,1200,,FALSE,TRUE,FALSE,,com.supercell.laser.vaultpass.basic.t70,,45,
com.supercell.laser.vaultpass.basic.discounted40.t80,279,TID_BRAWL_PASS_PREMIUM,7,,FALSE,TRUE,TRUE,FALSE,TRUE,,,80,,,,,,,,,,,,,,,,,,1200,,FALSE,TRUE,FALSE,,com.supercell.laser.vaultpass.basic.t80,,45,
com.supercell.laser.vaultpass.basic.discounted40.t90,329,TID_BRAWL_PASS_PREMIUM,7,,FALSE,TRUE,TRUE,FALSE,TRUE,,,90,,,,,,,,,,,,,,,,,,1200,,FALSE,TRUE,FALSE,,com.supercell.laser.vaultpass.basic.t90,,45,
com.supercell.laser.vaultpass.basic.discounted40.t110,379,TID_BRAWL_PASS_PREMIUM,7,,FALSE,TRUE,TRUE,FALSE,TRUE,,,110,,,,,,,,,,,,,,,,,,1200,,FALSE,TRUE,FALSE,,com.supercell.laser.vaultpass.basic.t110,,45,
com.supercell.laser.vaultpass.basic.discounted40.t120,429,TID_BRAWL_PASS_PREMIUM,7,,FALSE,TRUE,TRUE,FALSE,TRUE,,,120,,,,,,,,,,,,,,,,,,1200,,FALSE,TRUE,FALSE,,com.supercell.laser.vaultpass.basic.t120,,45,
com.supercell.laser.vaultpass.basic.discounted30,269,TID_BRAWL_PASS_PREMIUM,7,,FALSE,TRUE,TRUE,FALSE,TRUE,FALSE,FALSE,100,0,,0,,,,,,,,,,,,,,,1200,,FALSE,TRUE,FALSE,,com.supercell.laser.vaultpass.basic,,45,
com.supercell.laser.vaultpass.basic.discounted30.t30,079,TID_BRAWL_PASS_PREMIUM,7,,FALSE,TRUE,TRUE,FALSE,TRUE,,,30,,,,,,,,,,,,,,,,,,1200,,FALSE,TRUE,FALSE,,com.supercell.laser.vaultpass.basic.t30,,45,
com.supercell.laser.vaultpass.basic.discounted30.t40,109,TID_BRAWL_PASS_PREMIUM,7,,FALSE,TRUE,TRUE,FALSE,TRUE,,,40,,,,,,,,,,,,,,,,,,1200,,FALSE,TRUE,FALSE,,com.supercell.laser.vaultpass.basic.t40,,45,
com.supercell.laser.vaultpass.basic.discounted30.t50,139,TID_BRAWL_PASS_PREMIUM,7,,FALSE,TRUE,TRUE,FALSE,TRUE,,,50,,,,,,,,,,,,,,,,,,1200,,FALSE,TRUE,FALSE,,com.supercell.laser.vaultpass.basic.t50,,45,
com.supercell.laser.vaultpass.basic.discounted30.t60,159,TID_BRAWL_PASS_PREMIUM,7,,FALSE,TRUE,TRUE,FALSE,TRUE,,,60,,,,,,,,,,,,,,,,,,1200,,FALSE,TRUE,FALSE,,com.supercell.laser.vaultpass.basic.t60,,45,
com.supercell.laser.vaultpass.basic.discounted30.t70,189,TID_BRAWL_PASS_PREMIUM,7,,FALSE,TRUE,TRUE,FALSE,TRUE,,,70,,,,,,,,,,,,,,,,,,1200,,FALSE,TRUE,FALSE,,com.supercell.laser.vaultpass.basic.t70,,45,
com.supercell.laser.vaultpass.basic.discounted30.t80,219,TID_BRAWL_PASS_PREMIUM,7,,FALSE,TRUE,TRUE,FALSE,TRUE,,,80,,,,,,,,,,,,,,,,,,1200,,FALSE,TRUE,FALSE,,com.supercell.laser.vaultpass.basic.t80,,45,
com.supercell.laser.vaultpass.basic.discounted30.t90,239,TID_BRAWL_PASS_PREMIUM,7,,FALSE,TRUE,TRUE,FALSE,TRUE,,,90,,,,,,,,,,,,,,,,,,1200,,FALSE,TRUE,FALSE,,com.supercell.laser.vaultpass.basic.t90,,45,
com.supercell.laser.vaultpass.basic.discounted30.t110,299,TID_BRAWL_PASS_PREMIUM,7,,FALSE,TRUE,TRUE,FALSE,TRUE,,,110,,,,,,,,,,,,,,,,,,1200,,FALSE,TRUE,FALSE,,com.supercell.laser.vaultpass.basic.t110,,45,
com.supercell.laser.vaultpass.basic.discounted30.t120,329,TID_BRAWL_PASS_PREMIUM,7,,FALSE,TRUE,TRUE,FALSE,TRUE,,,120,,,,,,,,,,,,,,,,,,1200,,FALSE,TRUE,FALSE,,com.supercell.laser.vaultpass.basic.t120,,45,
com.supercell.laser.vaultpass.basic120,1099,TID_BRAWL_PASS_PREMIUM,7,,FALSE,TRUE,TRUE,FALSE,TRUE,FALSE,FALSE,100,0,,0,,,,,,,,,,,,,,,2800,,TRUE,TRUE,FALSE,,,5250,45,
com.supercell.laser.vaultpass.basic120.t30,329,TID_BRAWL_PASS_PREMIUM,7,,FALSE,TRUE,TRUE,FALSE,TRUE,,,30,,,,,,,,,,,,,,,,,,2800,,TRUE,TRUE,FALSE,,,5250,45,
com.supercell.laser.vaultpass.basic120.t40,449,TID_BRAWL_PASS_PREMIUM,7,,FALSE,TRUE,TRUE,FALSE,TRUE,,,40,,,,,,,,,,,,,,,,,,2800,,TRUE,TRUE,FALSE,,,5250,45,
com.supercell.laser.vaultpass.basic120.t50,549,TID_BRAWL_PASS_PREMIUM,7,,FALSE,TRUE,TRUE,FALSE,TRUE,,,50,,,,,,,,,,,,,,,,,,2800,,TRUE,TRUE,FALSE,,,5250,45,
com.supercell.laser.vaultpass.basic120.t60,649,TID_BRAWL_PASS_PREMIUM,7,,FALSE,TRUE,TRUE,FALSE,TRUE,,,60,,,,,,,,,,,,,,,,,,2800,,TRUE,TRUE,FALSE,,,5250,45,
com.supercell.laser.vaultpass.basic120.t70,749,TID_BRAWL_PASS_PREMIUM,7,,FALSE,TRUE,TRUE,FALSE,TRUE,,,70,,,,,,,,,,,,,,,,,,2800,,TRUE,TRUE,FALSE,,,5250,45,
com.supercell.laser.vaultpass.basic120.t80,899,TID_BRAWL_PASS_PREMIUM,7,,FALSE,TRUE,TRUE,FALSE,TRUE,,,80,,,,,,,,,,,,,,,,,,2800,,TRUE,TRUE,FALSE,,,5250,45,
com.supercell.laser.vaultpass.basic120.t90,999,TID_BRAWL_PASS_PREMIUM,7,,FALSE,TRUE,TRUE,FALSE,TRUE,,,90,,,,,,,,,,,,,,,,,,2800,,TRUE,TRUE,FALSE,,,5250,45,
com.supercell.laser.vaultpass.basic120.t110,1199,TID_BRAWL_PASS_PREMIUM,7,,FALSE,TRUE,TRUE,FALSE,TRUE,,,110,,,,,,,,,,,,,,,,,,2800,,TRUE,TRUE,FALSE,,,5250,45,
com.supercell.laser.vaultpass.basic120.t120,1299,TID_BRAWL_PASS_PREMIUM,7,,FALSE,TRUE,TRUE,FALSE,TRUE,,,120,,,,,,,,,,,,,,,,,,2800,,TRUE,TRUE,FALSE,,,5250,45,
com.supercell.laser.vaultpass.plus120,1599,TID_BP_PLUS_NAME,7,,FALSE,TRUE,TRUE,FALSE,TRUE,FALSE,FALSE,100,0,,0,,,,,,,,,,,,,,,5000,,TRUE,TRUE,TRUE,,,15750,45,
com.supercell.laser.vaultpass.plus120.t30,479,TID_BP_PLUS_NAME,7,,FALSE,TRUE,TRUE,FALSE,TRUE,,,30,,,,,,,,,,,,,,,,,,5000,,TRUE,TRUE,TRUE,,,15750,45,
com.supercell.laser.vaultpass.plus120.t40,649,TID_BP_PLUS_NAME,7,,FALSE,TRUE,TRUE,FALSE,TRUE,,,40,,,,,,,,,,,,,,,,,,5000,,TRUE,TRUE,TRUE,,,15750,45,
com.supercell.laser.vaultpass.plus120.t50,799,TID_BP_PLUS_NAME,7,,FALSE,TRUE,TRUE,FALSE,TRUE,,,50,,,,,,,,,,,,,,,,,,5000,,TRUE,TRUE,TRUE,,,15750,45,
com.supercell.laser.vaultpass.plus120.t60,949,TID_BP_PLUS_NAME,7,,FALSE,TRUE,TRUE,FALSE,TRUE,,,60,,,,,,,,,,,,,,,,,,5000,,TRUE,TRUE,TRUE,,,15750,45,
com.supercell.laser.vaultpass.plus120.t70,1099,TID_BP_PLUS_NAME,7,,FALSE,TRUE,TRUE,FALSE,TRUE,,,70,,,,,,,,,,,,,,,,,,5000,,TRUE,TRUE,TRUE,,,15750,45,
com.supercell.laser.vaultpass.plus120.t80,1299,TID_BP_PLUS_NAME,7,,FALSE,TRUE,TRUE,FALSE,TRUE,,,80,,,,,,,,,,,,,,,,,,5000,,TRUE,TRUE,TRUE,,,15750,45,
com.supercell.laser.vaultpass.plus120.t90,1399,TID_BP_PLUS_NAME,7,,FALSE,TRUE,TRUE,FALSE,TRUE,,,90,,,,,,,,,,,,,,,,,,5000,,TRUE,TRUE,TRUE,,,15750,45,
com.supercell.laser.vaultpass.plus120.t110,1799,TID_BP_PLUS_NAME,7,,FALSE,TRUE,TRUE,FALSE,TRUE,,,110,,,,,,,,,,,,,,,,,,5000,,TRUE,TRUE,TRUE,,,15750,45,
com.supercell.laser.vaultpass.plus120.t120,1899,TID_BP_PLUS_NAME,7,,FALSE,TRUE,TRUE,FALSE,TRUE,,,120,,,,,,,,,,,,,,,,,,5000,,TRUE,TRUE,TRUE,,,15750,45,
com.supercell.laser.vaultpass.upgrade120,599,TID_SHOP_SPECIAL_OFFER,7,,FALSE,TRUE,TRUE,FALSE,TRUE,FALSE,FALSE,100,0,,0,,,,,,,,,,,,,,,2200,,FALSE,FALSE,TRUE,,,,45,
com.supercell.laser.vaultpass.upgrade120.t30,179,TID_SHOP_SPECIAL_OFFER,7,,FALSE,TRUE,TRUE,FALSE,TRUE,,,30,,,,,,,,,,,,,,,,,,2200,,FALSE,FALSE,TRUE,,,,45,
com.supercell.laser.vaultpass.upgrade120.t40,239,TID_SHOP_SPECIAL_OFFER,7,,FALSE,TRUE,TRUE,FALSE,TRUE,,,40,,,,,,,,,,,,,,,,,,2200,,FALSE,FALSE,TRUE,,,,45,
com.supercell.laser.vaultpass.upgrade120.t50,299,TID_SHOP_SPECIAL_OFFER,7,,FALSE,TRUE,TRUE,FALSE,TRUE,,,50,,,,,,,,,,,,,,,,,,2200,,FALSE,FALSE,TRUE,,,,45,
com.supercell.laser.vaultpass.upgrade120.t60,349,TID_SHOP_SPECIAL_OFFER,7,,FALSE,TRUE,TRUE,FALSE,TRUE,,,60,,,,,,,,,,,,,,,,,,2200,,FALSE,FALSE,TRUE,,,,45,
com.supercell.laser.vaultpass.upgrade120.t70,429,TID_SHOP_SPECIAL_OFFER,7,,FALSE,TRUE,TRUE,FALSE,TRUE,,,70,,,,,,,,,,,,,,,,,,2200,,FALSE,FALSE,TRUE,,,,45,
com.supercell.laser.vaultpass.upgrade120.t80,479,TID_SHOP_SPECIAL_OFFER,7,,FALSE,TRUE,TRUE,FALSE,TRUE,,,80,,,,,,,,,,,,,,,,,,2200,,FALSE,FALSE,TRUE,,,,45,
com.supercell.laser.vaultpass.upgrade120.t90,549,TID_SHOP_SPECIAL_OFFER,7,,FALSE,TRUE,TRUE,FALSE,TRUE,,,90,,,,,,,,,,,,,,,,,,2200,,FALSE,FALSE,TRUE,,,,45,
com.supercell.laser.vaultpass.upgrade120.t110,649,TID_SHOP_SPECIAL_OFFER,7,,FALSE,TRUE,TRUE,FALSE,TRUE,,,110,,,,,,,,,,,,,,,,,,2200,,FALSE,FALSE,TRUE,,,,45,
com.supercell.laser.vaultpass.upgrade120.t120,699,TID_SHOP_SPECIAL_OFFER,7,,FALSE,TRUE,TRUE,FALSE,TRUE,,,120,,,,,,,,,,,,,,,,,,2200,,FALSE,FALSE,TRUE,,,,45,
