"Name","Disabled","TimeMs","MinTimeMs","Radius","Damage","DontOverrideDmg","DamageScaleType","CustomValue","CustomValue2","Type","StatusEffectSelf","StatusEffectAlly","StatusEffectEnemy","StatusEffectTickInterval","ActionsSelf","ActionsAlly","ActionsEnemy","ActionsTickInterval","DelayFirstTick","IsPersonal","TargetEnemiesOnly","BulletExplosionBullet","BulletExplosionBulletDistance","BulletExplosionBulletOffset","BulletExplosionItem","ExpandOnDistance","BulletAngleOffset","BulletApplyAngle","DestroysEnvironment","DestroysDecorations","DestroysOnlyBushes","PushbackStrength","PushbackStrengthSelf","PushbackDeadzone","CanStopGrapple","StunTicks","SameAreaEffectCanNotDamageMs","RelatedImmunityAreas","DontShowToEnemy","RequireLineOfSight","ChainAreaEffect","ChainAreaEffect2","ChainAreaEffect3","OverchargedChainAreaEffect","OverchargedChainAreaEffect2","OverchargedChainAreaEffect3","SpawnItem","SnapToTile","DamageScaleDistanceNear","DamageScaleDistanceFar","SourceType","OverHealTicks","StackOverHeal","MaxOverHeal","OverHealMultiplier","AffectOnlyHeroes","AffectProjectiles","IgnoreCharacters","InnerRadius","InnerRadiusDamagePercent","ExpireTypes","CurveBall","CurveBallAddDistance","BooleanAttributes","LifeStealPercent","StatusEffectPassiveMultiplierValues","StatusEffectPassiveMultiplierTickStamps","SuperChargeScalePercent","ReloadDebuffPercent","ReloadDebuffTicks"
"string","boolean","int","int","string","int","boolean","int","int","int","string","string","string","string","int","string","string","string","int","boolean","boolean","boolean","string","int","int","string","int","int","boolean","boolean","boolean","boolean","int","int","int","boolean","int","int","string","boolean","boolean","string","string","string","string","string","string","string","boolean","int","int","int","int","boolean","int","int","boolean","boolean","boolean","int","int","string","int","int","string","int","string","string","int","int","int"
"Brock_def_atk_area","","700","","450","","","","","","Damage","","","","","","","","","","","","","","","","","","","","","","","","","","","","","","","","","","","","","","","","","","","","","","","","","","","","","","","","","","","",""
"Brock_def_ulti_area","","700","","450","","","","","","Damage","","","","","","","","","","","","","","","","","","","true","","","","","","","","","","","","","","","","","","","","","","","","","","","","","","","","","","","","","","","","",""
"RocketGirlExplosion","","700","","600","","","","","","Damage","","","","","","","","","","","","","","","","","","","","","","","","","","","","","","","","","","","","","","","","","","","","","","","","","","","","","","","","","","","",""
"RocketGirlUltiExplosion","","700","","450","","","","","","Damage","","","","","","","","","","","","","","","","","","","true","","","","","","","","","","","","","","","","","","","","","","","","","","","","","","","","","","","","","","","","",""
"CactusExplosion","","700","","300","","","","","","Damage","","","","","","","","","","","","","","","","","","","","","","","","","","","","","","","","","","","","","","","","","","","","","","","","","","","","","","","","","","","",""
"CactusSpikeExplosion","","700","","300","","","","6","","BulletExplosion","","","","","","","","","","","","CactusSpike","13","","","","","","","","","","","","","","","","","","","","","","","","","","","","","","","","","","","","","","","","","","","","","","",""
"CactusUltiExplosion","","4500","","800","800","","","","","Dot","","","CactusUltiExplosionSlow","2","","","","","","","","","","","","","","","","","","","","","","","","","","","","","","","","","","","","","","","","","","","","","","","","","","","","","","","",""
"CactusOverchargedExplosion","","700","","300","","","","","","Damage","","","","","","","","","","","","","","","","","","","","","","","","","","","","","","","CactusOverchargedExplosion2","CactusOverchargedSpikeExplosion","","","","","","","","","","","","","","","","","","","","","","","","","","","",""
"CactusOverchargedExplosion2","","700","","300","","","","","","Damage","","","","","","","","","","","","","","","","","","","","","","","","","","","","","","","","","","","","","","","","","","","","","","","","","","","","","","","","","","","",""
"CactusOverchargedSpikeExplosion","","700","","300","","","","6","","BulletExplosion","","","","","","","","","","","","SpikeOverchargedFrag","13","","","","","","","","","","","","","","","","","","","","","","","","","","","","","","","","","","","","","","","","","","","","","","",""
"Barley_def_atk","","1900","","600","","","","","","Dot","","","","","","","","","","","","","","","","","","","","","","","","","","","","","","","","","","","","","","","","","","","","","","","","","","","","","","","","","","","",""
"Barley_def_ulti","","3900","","600","","","","","","Dot","","","","","","","","","","","","","","","","","","","","","","","","","","","1000","","","","","","","","","","","","","","","","","","","","","","","","","","","","","","","","",""
"Bo_def_ulti1_area","","700","","300","","","","","","Effect","","","","","","","","","","","","","","","","","","","","","","","","","","","","","","","","","","","","","","","","","","","","","","","","","","","","","","","","","","","",""
"Bo_def_ulti2_area","","700","","600","99","","","","","Damage","","","","","","","","","","","","","","","","","","","true","","","70","","","","","","","","","","","","","","","","","","","","","","","","","","","","","","","","","","","","","",""
"Bo_def_atk_area","","700","","300","","","","","","Damage","","","","","","","","","","","","","","","","","","","","","","","","","","","","","","","","","","","","","","","","","","","","","","","","","","","","","","","","","","","",""
"Bo_006_ulti2_area","","700","","600","99","","","","","Damage","","","","","","","","","","","","","","","","","","","true","","","70","","","","","","","","","","","","","","","","","","","","","","","","","","","","","","","","","","","","","",""
"BarkeepExplosion","","1900","","600","","","","","","Dot","","","","","","","","","","","","","","","","","","","","","","","","","","","","","","","","","","","","","","","","","","","","","","","","","","","","","","","","","","","",""
"BarkeepUltiExplosion","","3900","","600","","","","","","Dot","","","","","","","","","","","","","","","","","","","","","","","","","","","1000","","","","","","","","","","","","","","","","","","","","","","","","","","","","","","","","",""
"ExplodingBarrelExplosion","","700","","600","2000","","","","","Damage","","","","","","","","","","","","","","","","","","","true","","","120","","","","","","","","","","","","","","","","","","","","","","","","","","","","","","","","","","","","","",""
"PoisonBarrelExplosion","","10500","","800","400","","","","","Dot","","","","","","","","","","","","","","","","","","","","","","","","","","","","","","","","","","","","","","","","","","","","","","","","","","","","","","","","","","","",""
"TntDudeExplosion","","700","","450","","","","","","Damage","","","","","","","","","","","","","","","","","","","","","","","150","","","","","","","","","","","","","","","","","","","","","","","","","","","","","","","","","","","","",""
"TntDudeUltiExplosion","","700","","800","","","","","","Damage","","","","","","","","","","","","","","","","","","","true","","","150","250","","","","","","","","","","","","","","","","","","","","","","","","","","","","","","","","","","","","",""
"SpawnerDudeExplosion","","700","","450","","","","","","Damage","","","","","","","","","","","","","","","","","","","","","","","150","","","","","","","","","","","","","","","","","","","","","","","","","","","","","","","","","","","","",""
"BowDudeExplosion","","700","","300","","","","","","Damage","","","","","","","","","","","","","","","","","","","","","","","","","","","","","","","","","","","","","","","","","","","","","","","","","","","","","","","","","","","",""
"CrowUltiKnifes","","700","","300","","","","14","","BulletExplosion","","","","","","","","","","","","CrowUltiProjectile","22","","","","","","","","","","","","","","","","","","","","","","","","","","","","","","","","","","","","","","","","","","","","","","",""
"HealingStationHeal","","600000","","1000","-10","","2","","","Hot","","","","","","","","","","","","","","","","","","","","","","","","","","","","","","","","","","","","","","","","","","","","","","","","","","","","","","","","","","","",""
"Heal","","700","","800","-560","","2","","","Heal","","","","","","","","","","","","","","","","","","","","","","","","","","","","","","","","","","","","","","","","","","","","","","","","","","","","","","","","","","","",""
"MineExplosion","","700","","600","99","","","","","Damage","","","","","","","","","","","","","","","","","","","true","","","70","","","","","","","","","","","","","","","","","","","","","","","","","","","","","","","","","","","","","",""
"SniperBombExplosion","","700","","600","99","","","","","Damage","","","","","","","","","","","","","","","","","","","true","","","70","","","","","","","","","","","","","","","","","","","","","","","","","","","","","","","","","","","","","",""
"BlackHoleUltiExplosion","","1400","","450","","","","700","","DelayedDamage","","","","","","","","","","","","","","","","","","","true","","","50","","","","","","","","","","","","","","","","","","","","","","","","","","","","","","","","","","","","","",""
"BlackHoleUltiSuck","","700","","1200","","","","","","Pushback","","","","","","","","","","","","","","","","","","","","","","-150","","","","","","","","","","","","","","","","","","","","","","","","","","","","","","","","","","","","","",""
"ArtilleryDudeTurretExplosion","","700","","450","","","","","","Damage","","","","","","","","","","","","","","","","","","","","","","","","","","","","","","","","","","","","","","","","","","","","","","","","","","","","","","","","","","","",""
"SelfDestructExplosion","","700","","450","","","","","","Damage","","","","","","","","","","","","","","","","","","","","","","","","","","","","","","","","","","","","","","","","","","","","","","","","","","","","","","","","","","","",""
"HealWithAutoAttack","","250","","1000","-320","","","","","Heal","","","","","","","","","","","","","","","","","","","","","","","","","","","","","","","","","","","","","","","","","","","","","","","","","","","","","","","","","","","",""
"BurnMainAttack","","2900","","300","","","","","","Dot","","","","","","","","","true","","","","","","","","","","","","","","","","","","","","","","","","","","","","","","","","","","","","","","","","","","","","","","","","","","",""
"PowerupSpawn","","5000","","300","","","","","","Effect","","","","","","","","","","","","","","","","","","","","","","","","","","","","","","","","","","","","","","","","","","","","","","","","","","","","","","","","","","","",""
"BossSpawn","","5000","","300","","","","","","Effect","","","","","","","","","","","","","","","","","","","","","","","","","","","","","","","","","","","","","","","","","","","","","","","","","","","","","","","","","","","",""
"EventExplosion","","700","","1200","2000","","","","","Damage","","","","","","","","","","","","","","","","","","","true","","","150","250","","","","","","","","","","","","","","","","","","","","","","","","","","","","","","","","","","","","",""
"ExplosionSpawn","","2500","","800","","","","","","Effect","","","","","","","","","","","","","","","","","","","","","","","","","","","","","","","","","","","","","","","","","","","","","","","","","","","","","","","","","","","",""
"ClusterBombExplosion","","700","","400","","","","3","","BulletExplosion","","","","","","","","","","","","","4","","ClusterMine","90","15","","","","","","","","","","","","","","","","","","","","","","","","","","","","","","","","","","","","","","","","","","",""
"ClusterBombExplosion2","","700","","468","99","","","","","Damage","","","","","","","","","","","","","","","","","","","","","","","","","","","","","","","","","","","","","","","","","","","","","","","","","","","","","","","","","","","",""
"ClusterBombExplosion_SB","","700","","468","99","","","","","Damage","","","","","","","","","","","","","","","","","","","","","","","","","","","","","","","","","","","","","","","","","","","","","","","","","","","","","","","","","","","",""
"SbcontrollerAreaDestroy","","700","","300","","","","","","Effect","","","","","","","","","","","","","","","","","","","","","","","","","","","","","","","","","","","","","","","","","","","","","","","","","","","","","","","","","","","",""
"Sandy_def_ulti","","9000","","2000","","","","","","SmokeScreen","","","","","","","","","","","","","","","","","","","","","","","","","","","","","","","","","","","","","","","","","","","","","","","","","","","","","","","","","","","",""
"EventHealing","","5000","","1000","-1000","","","","","Hot","","","","","","","","","","","","","","","","","","","","","","","","","","","","","","","","","","","","","","","","","","","","","","","","","","","","","","","","","","","",""
"HealingSpawn","","2500","","800","","","","","","Effect","","","","","","","","","","","","","","","","","","","","","","","","","","","","","","","","","","","","","","","","","","","","","","","","","","","","","","","","","","","",""
"RaidBossExplosion","","700","","1000","2000","","","","","Damage","","","","","","","","","","","","","","","","","","","true","","","150","250","","","","","","","","","","","","","","","","","","","","","","","","","","","","","","","","","","","","",""
"RaidBossExplosionSpawn","","2000","","800","","","","","","Effect","","","","","","","","","","","","","","","","","","","","","","","","","","","","","","","","","","","","","","","","","","","","","","","","","","","","","","","","","","","",""
"RaidBossRocketBurn","","6900","","1000","","","","","","Dot","","","","","","","","","","","","","","","","","","","","","","","","","","","","","","","","","","","","","","","","","","","","","","","","","","","","","","","","","","","",""
"HeroSpawn","","2100","","300","","","","","","HeroSpawn","","","","","","","","","","","","","","","","","","","","","","","","","","","","","","","","","","","","","","","","","","","","","","","","","","","","","","","","","","","",""
"AutoHeal","","350","","1000","-320","","","","","Heal","","","","","","","","","","","","","","","","","","","","","","","","","","","","","true","","","","","","","","","","","","","","","","","","","","","","","","","","","","","","",""
"RoboWarsBoxSpawn","","2500","","300","","","","","","Effect","","","","","","","","","","","","","","","","","","","","","","","","","","","","","","","","","","","","","","","","","","","","","","","","","","","","","","","","","","","",""
"RoboWarsBaseExplosion","","700","","300","","","","","","Effect","","","","","","","","","","","","","","","","","","","","","","","","","","","","","","","","","","","","","","","","","","","","","","","","","","","","","","","","","","","",""
"RoboWarsBaseAreaIndicator","","600000","","4000","","","","","","Effect","","","","","","","","","","","","","","","","","","","","","","","","","","","","","","","","","","","","","","","","","","","","","","","","","","","","","","","","","","","",""
"ClusterBombPetExplosion","","700","","600","99","","","","","Damage","","","","","","","","","","","","","","","","","","","true","","","120","","","","","","","","","","","","","","","","","","","","","","","","","","","","","","","","","","","","","",""
"BurnUlti","","3900","","600","","","","","","Dot","","","","","","","","","true","","","","","","","","","","","","","","","","","","400","","","","","","","","","","","","","","","","","","","","","","","","","","","","","","","","",""
"SpikeExplosionLowHealth","","700","","300","","","","6","","BulletExplosion","","","","","","","","","","","","CactusSpike","13","","","","","","","","","","","","","","","","","","","","","","","","","","","","","","","","","","","","","","","","","","","","","","",""
"DamageBoost","","600000","","1000","35","","1","","","DamageBoost","","","","","","","","","","","","","","","","","","","","","","","","","","","","","","","","","","","","","","","","","","","","","","","","","","","","","","","","","","","",""
"DamageBoost_larger","","600000","","1500","50","","1","","","DamageBoost","","","","","","","","","","","","","","","","","","","","","","","","","","","","","","","","","","","","","","","","","","","","","","","","","","","","","","","","","","","",""
"ArcadeDoubleGadget","","1700","","300","340","","","1","","BulletExplosion","","","","2","","","","","","","","ArcadeDoubleBonusSkillProjectile","30","600","","","","","","","","","","","","","","","","","","","","","","","","","","","","","","","","","","","","","","","","","","","","","",""
"ArcadeDoubleGadgetBuddy","","1700","","300","340","","","1","6","BulletExplosion","","","","2","","","","","","","","ArcadeDoubleBonusSkillBuddyProjectile","30","600","","","","","","","","","","","","","","","","","","","","","","","","","","","","","","","","","","","","","","","","","","","","","",""
"MummyUltiArea","","5000","","1700","240","","","","","Dot","","","MummyUltiAreaSlow","2","","","","","","","","","","","","","","","","","","","","","","","","","","","","","","","","","","","","","","","","","","","","","","","","","","","","","","","",""
"SpeedyUltiArea","","850","","1200","300","","","80","","StatusEffect","SpeedyUltiAreaSpeedBoost","SpeedyUltiAreaSpeedBoost","","","","","","","","","","","","","","","","","","","","","","","","","","","","","","","","","","","","","","","","","","","","","","","","","","","","","","","","","",""
"SpeedyUltiOverchargedArea","","850","","1200","300","","","80","","StatusEffect","SpeedyOverchargedUltiAreaSpeedBoost","SpeedyOverchargedUltiAreaSpeedBoost","","","","","","","","","","","","","","","","","","","","","","","","","","","","","","","","","","","","","","","","","","","","","","","","","","","","","","","","","",""
"SpeedyOverchargedArea","","100","","800","200","","","200","","StatusEffect","SpeedyOverchargedAreaSpeedBoost","SpeedyOverchargedAreaSpeedBoost","","","","","","","","","","","","","","","","","","","","","","","","","1000","","","","","","","","","","","","","","","","","","","","","","","","","","","","","","","","",""
"SpeedyOverchargedArea2","","100","","800","200","","","1000","","ChargeSuper","","","","","","","","","","","","","","","","","","","","","","","","","","","1000","","","","","","","","","","","","","","","","","","","","","","","","","","","","","","","","",""
"SpeedyOverchargedBuddyWeaponArea","","250","","1200","350","","","","","GiveUlti","","","","","","","","","","","","","","","","","","","","","","","","","","","","","","","","","","","","","","","","","","","","","","","","","","","","","","","","","","","",""
"SpeedyRewindArea","","3000","","200","100","","","","","Effect","","","","","","","","","","","","","","","","","","","","","","","","","","","","","","","","","","","","","","","","","","","","","","","","","","","","","","","","","","","",""
"SpeedyRewindAllyHealArea","","250","","1000","0","","","","","Heal","","","","","","","","","","","","","","","","","","","","","","","","","","","","","","","","","","","","","","","","","","","","","","","","","","","","","","","","","","","",""
"CTFHomeBase","","600000","","1000","","","","","","Effect","","","","","","","","","","","","","","","","","","","","","","","","","","","","","","","","","","","","","","","","","","","","","","","","","","","","","","","","","","","",""
"DrillerUltiArea","","1000","","1500","","","","","","Pushback","","","","","","","","","","","","","","","","","","","","","","-150","","400","","","","","","","","","","","","","","","","","","","","","","","","","","","","","","","","","","","",""
"DrillerOverchargedUltiArea","","1000","","1500","","","","","","Pushback","","","DrillerOverchargedUltiAreaSlow","","","","","","","","","","","","","","","","","","","-150","","400","","","","","","","","","","","","","","","","","","","","","","","","","","","","","","","","","","","",""
"DrillerDamageArea","","300","","1000","1240","","","","","Damage","","","","","","","","","","","","","","","","","","","","","","","","","","","","","","","","","","","","","","","","","","","","","","","","","","","","","","","","","","","",""
"KingOfHillArea","","600000","","1000","","","","","","Effect","","","","","","","","","","","","","","","","","","","","","","","","","","","","","","","","","","","","","","","","","","","","","","","","","","","","","","","","","","","",""
"KingOfHillAreaCapture","","600000","","1000","","","","","","Effect","","","","","","","","","","","","","","","","","","","","","","","","","","","","","","","","","","","","","","","","","","","","","","","","","","","","","","","","","","","",""
"KingOfHillAreaGauge","","600000","","1000","","","","","","Effect","","","","","","","","","","","","","","","","","","","","","","","","","","","","","","","","","","","","","","","","","","","","","","","","","","","","","","","","","","","",""
"KingOfHillAreaComplete","","600000","","1000","","","","","","Effect","","","","","","","","","","","","","","","","","","","","","","","","","","","","","","","","","","","","","","","","","","","","","","","","","","","","","","","","","","","",""
"WallyUltiArea","","500","","400","800","","","","","WallSpawn","","","","","","","","","","","","","","","","","","","","","","","","","","","","","","","","","","","","","","","","","","","","","","","","","","","","","","","","","","","",""
"WallyExplosion","","700","","600","","","","","","Damage","","","","","","","","","","","","","","","","","","","","","","","150","","","","","","","","","","","","","","","","","","","","","","","","","","","","","","","","","","","","",""
"WallyOverchargedUltiArea","","500","","400","800","","","1","","WallSpawn","","","","","","","","","","","","","","","","","","","","","","","","","","","","","","","","","","WallyOverchargedUltiWallDamageArea","","","","","","","","","","","","","","","","","","","","","","","","","",""
"WallyOverchargedUltiWallDamageArea","","10000","","400","500","","","","","Dot","","","","","","","","","","","","","","","","","","","","","","","","","","","","","","","","","","","","","","","","","","","","","","","","","","","","","","","","","","","",""
"BushGrowArea","","500","","600","800","","","","","WallSpawn","","","","","","","","","","","","","","","","","","","","","","","","","","","","","","","","","","","","","","","","","","","","","","","","","","","","","","","","","","","",""
"RocketJumpExplosion","","700","","800","25","","1","","","Damage","","","","","","","","","","","","","","","","","","","","","","150","","","","","","","","","","","","","","","","","","","","","","","","","","","","","","","","","","","","","",""
"TrickshotDudeAccessoryExplosion","","700","","600","200","","5","8","","BulletExplosion","","","","","","","","","","","","TrickshotDudeGadgetProjectile","35","","","","","","","","","","","","","","","","","","","","","","","","","","","","","","","","","","","","","","","","","","","","","","",""
"TrickshotDudeNanoExplosion","","700","","600","120","","1","4","","BulletExplosion","","","","","","","","","","","","TrickshotDudeNanoProjectile","35","","","","45","","","","","","","","","","","","","","","","","","","","","","","","","","","","","","","","","","","","","","","","","","",""
"TrickshotDudeNanoSuperExplosion","","700","","600","120","","1","8","","BulletExplosion","","","","","","","","","","","","TrickshotDudeNanoProjectile","35","","","","","","","","","","","","","","","","","","","","","","","","","","","","","","","","","","","","","","","","","","","","","","",""
"CactusAccessoryExplosion","","700","","600","100","","1","3","","BulletExplosion","","","","","","","","","","","","CactusSpikeGadget","20","","","","","","","","","","","","","","","","","","","","","","","","","","","","","","","","","","","","","","","","","","","","","","",""
"ArtilleryDudeAccessoryExplosion","","700","","800","1500","","","","","Damage","","","","","","","","","","","","","","","","","","","true","","","150","250","","","","","","","","","","","","","","","","","","","","","","","","","","","","","","","","","","","","",""
"ShamanBearSlam","","4500","","1000","","","","20","","Stun","","","","","","","","","","","","","","","","","","","","","","","","","","","","","","","","","","","","","","","","","","","","","","","","","","","","","","","","","","","",""
"BarkeepSlowPuddle","","4000","","1000","","","","","","StatusEffect","","","BarkeepPuddleSlow","2","","","","","","","","","","","","","","","","","","","","","","","","","","","","","","","","","","","","","","","","","","","","","","","","","","","","","","","",""
"BarkeepSlowPuddleSmall","","1000","","500","","","","","","StatusEffect","","","BarkeepPuddleSlow","2","","","","","","","","","","","","","","","","","","","","","","","","","","","","","","","","","","","","","","","","","","","","","","","","","","","","","","","",""
"MechanicSlowArea","","1000","","1300","","","","","","StatusEffect","","","MechanicTurretAreaSlow","2","","","","","","","","","","","","","","","","","","","","","","","","","","","","","","","","","","","","","","","","","","","","","","","","","","","","","","","",""
"HookDudePushback","","700","","800","","","","","","Pushback","","","","","","","","","","","","","","","","","","","","","","150","","","true","","","","","","","","","","","","","","","","","","","","","","","","","","","","","","","","","","",""
"ClusterBombDashMine","","700","","800","700","","1","1","","BulletExplosion","","","","","","","","","","","","","0","","ClusterMine","","","","","","","","","","","","","","","","","","","","","","","","","","","","","","","","","","","","","","","","","","","","",""
"MinigunDudeTowerBurstHeal","","250","","1000","-20","","2","","","Heal","","","","","","","","","","","","","","","","","","","","","","","","","","","","","","","","","","","","","","","","","","","","","","","","","","","","","","","","","","","",""
"WhirlwindTrail","","3900","","300","","","","","","StatusEffect","","","WhirlwindTrailFire","10","","","","","","","","","","","","","","","","","","","","","","","","","","","","","","","","","","","","","","","","","","","","","","","","","","","","","","","",""
"MummyAccessoryPushback","","700","","800","65","","1","","","Damage","","","","","","","","","","","","","","","","","","","","","","100","","","","","","","","","","","","","","","","","","","","","","","","","","","","","","","","","","","","","",""
"PocoRegenArea","","250","","1000","-10","","2","100","","HealRegen","","","","","","","","","","","","","","","","","","","","","","","","","","","","","","","","","","","","","","","","","","","","","","","","","","","","","","","","","","","",""
"UndertakerSwingDamage","","300","","1000","100","","1","","","Damage","","","","","","","","","","","","","","","","","","","","","","","","","","","","","","true","","","","","","","","","","","","","","","","","","","","","","","","","","","","","",""
"BeeSniperSlowArea","","600000","","1200","","","","","","StatusEffect","","","BeeSniperAreaSlow","2","","","","","","","","","","","","","","","","","","","","","","","","","","","","","","","","","","","","","","","","","","","","","","","","","","","","","","","",""
"BeeSniperSlowAreaNanoPower","","6000","","480","","","","","","StatusEffect","","","BeeSniperAreaSlow","2","","","","","","","","","","","","","","","","","","","","","","","","","","","","","","","","","","","","","","","","","","","","","","","","","","","","","","","",""
"BowDudeSuperChargeArea","","600000","","1600","","","","50","","ExtraSuperCharge","","","","","","","","","","","","","","","","","","","","","","","","","","","","","","","","","","","","","","","","","","","","","","","","","","","","","","","","","","","",""
"DrillerReflectArea","","500","","1200","0","","","","","Damage","","","","","","","","","","","","","","","","","","","","","","","","","","","","","","","","","","","","","","","","","","","","","","","","","","","","","","","","","","","",""
"WallyExplosionBig","","700","","750","","","","","","Damage","","","","","","","","","","","","","","","","","","","","","","","150","","","","","","","","","","","","","","","","","","","","","","","","","","","","","","","","","","","","",""
"ControllerUltiExplosion","","700","","500","","","","","","Damage","","","","","","","","","","","","","","","","","","","true","","","150","","","","","","","","","","","","","","","","","","","","","","","","","","","","","","","","","","","","","",""
"BossTownCrushAoEArea","","500","","1000","1200","","","40","","Stun","","","","","","","","","","","","","","","","","","","","","","","","","","","","","","","","","","","","","","","","","","","","","","","","","","","","","","","","","","","",""
"BossRaceBossRocketExplosion","","700","","1000","2000","","","","","Damage","","","","","","","","","","","","","","","","","","","true","","","150","250","","","","","","","","","","","","","","","","","","","","","","","","","","","","","","","","","","","","",""
"BossRaceBossRocketBurn","","6900","","1000","","","","","","Dot","","","","","","","","","","","","","","","","","","","","","","","","","","","","","","","","","","","","","","","","","","","","","","","","","","","","","","","","","","","",""
"LuchadorMeteorSpawn","","2500","","800","","","","","","Effect","","","","","","","","","","","","","","","","","","","","","","","","","","","","","","","LuchadorMeteorExplosion","","","","","","","","","","","","","","","","","","","","","","","","","","","","",""
"LuchadorMeteorSpawnSmall","","2500","","800","","","","","","Effect","","","","","","","","","","","","","","","","","","","","","","","","","","","","","","","LuchadorMeteorExplosionPassive","","","","","","","","","","","","","","","","","","","","","","","","","","","","",""
"LuchadorMeteorExplosion","","700","","1000","","","","","","Damage","","","","","","","","","","","","","","","","","","","true","","","150","250","","","","","","","","","","","","","","","","","","","","","","","","","","","","","","","","","","","","",""
"LuchadorMeteorExplosionPassive","","700","","1000","1000","","","","","Damage","","","","","","","","","","","","","","","","","","","true","","","150","250","","","","","","","","","","","","","","","","","","","","","","","","","","","","","","","","","","","","",""
"BarkeepHealingArea","","4500","","800","","","","","","Hot","","","","","","","","","","","","","","","","","","","","","","","","","","","1000","","","","","","","","","","","","","","","","","","","","","","","","","","","","","","","","",""
"PetrolDistributionArea","","500","","800","","","","","","PetrolDistribution","","","","","","","","","","","","","","","","","","","","","","","","","","","","","","","","","","","","","","","","","","","","","","","","","","","","","","","","","","","",""
"OverchargedPetrolDistributionArea","","500","","1600","","","","","","PetrolDistribution","","","","","","","","","","","","","","","","","","","","","","","","","","","","","","","","","","","","","","","","","","","","","","","","","","","","","","","","","","","",""
"PetrolDistributionTrail","","500","","300","","","","","","PetrolDistribution","","","","","","","","","","","","","","","","","","","","","","","","","","","","","","","","","","","","","","","","","","","","","","","","","","","","","","","","","","","",""
"PetrolFire","","500","","300","","","","","","StatusEffect","","","PetrolFire","10","","","","","","","","","","","","","","","","","","","","","","","","","","","","","","","","","","","","","","","","","","","","","","","","","","","","","","","",""
"PetrolFireOvercharged","","2000","","300","","","","","","StatusEffect","","","PetrolFireOvercharged","10","","","","","","","","","","","","","","","","","","","","","","","","","","","","","","","","","","","","","","","","","","","","","","","","","","","","","","","",""
"DamageBoostPlugInLogic","","600000","","1000","35","","","","","DamageBoost","","","","","","","","","","","","","","","","","","","","","","","","","","","","","","","","","","","","","","","","","","","","","","","","","","","","","","","","","","","",""
"BullSlowArea","","1000","","900","","","","","","StatusEffect","","","BullAreaSlow","2","","","","","","","true","","","","","","","","false","","","","","","","","","","","","","","","","","","","","","","","","","","","","","","","","","","","","","","","","",""
"BullStunArea","","100","","900","","","","","","StatusEffect","","","BullGadgetStun","2","","","","","FALSE","","","","","","","","","","","","","","","","","","","","","","","","","","","","","","","","","","","","","","","","","","","","","","","","","","",""
"BarrelBotSlowArea","","4000","","700","","","","","","StatusEffect","","","BarrelBotGadgetSlow","2","","","","","","","","","","","","","","","","","","","","","","","","","","","","","","","","","","","","","","","","","","","","","","","","","","","","","","","",""
"PetrolDistributionGadget","","500","","600","","","","","","PetrolDistribution","","","","","","","","","","","","","","","","","","","","","","","","","","","","","","","","","","","","","","","","","","","","","","","","","","","","","","","","","","","",""
"BrockAttackAreaGadget","","700","","600","","","","","","Damage","","","","","","","","","","","","","","","","","","","true","","","","","","","","","","","","","","","","","","","","","","","","","","","","","","","","","","","","","","","","",""
"TeleportTileLeave","","700","","300","","","","","","Effect","","","","","","","","","","","","","","","","","","","","","","","","","","","","","","","","","","","","","","","","","","","","","","","","","","","","","","","","","","","",""
"TeleportTileArrive","","700","","300","","","","","","Effect","","","","","","","","","","","","","","","","","","","","","","","","","","","","","","","","","","","","","","","","","","","","","","","","","","","","","","","","","","","",""
"IceDudeUltiArea","","10000","","1100","","","","90","7","Slippery","","","","","","","","","","","","","","","","","","","","","","","","","","","","","","","","","","","","","","","","","","","","","","","","","","","","","","","","","","","",""
"SnakeOilUltiExplosion","","500","","800","","","3","","","HealAndDamage","","","","","","","","","","","","","","","","","","","","","","","","","","","","","","","","","","","","","","","","","","","","","","","","","","","","","","","","","","","",""
"SnakeOilHyperUltiBulletExplosion","","500","","800","0","TRUE","3","6","","BulletExplosion","","","","","","","","","","","","SnakeOilHyperExplodedProjectile","16","600","","","","","","","","","","","","","","","","","","","","","","","","","","","","","","","","","","","","","","","","","","","","","",""
"EnragerUltiSpeed","","1000","","500","200","","","50","","SpeedBuff","EnragerUltiAreaSpeedBoost","","","","","","","","","true","","","","","","","","","","","","","","","","","","","","","","","","","","","","","","","","","","","","","","","","","","","","","","","","","",""
"EnragerStarPowerDamage","","500","","900","138","","1","","","Damage","","","","","","","","","","","","","","","","","","","","","","","","","","","","","","","","","","","","","","","","","","","","","","","","","350","200","","","","","","","","","",""
"RuffsSupplySpawn","","800","","600","","","","","","Effect","","","","","","","","","","","","","","","","","","","","","","","","","","","","","","","RuffsSupplyExplosion","","","","","","","","","","","","","","","","","","","","","","","","","","","","",""
"RuffsOverchargedSupplySpawn","","800","","600","","","","","","Effect","","","","","","","","","","","","","","","","","","","","","","","","","","","","","","","RuffsOverchargedSupplyExplosion","","","","","","","","","","","","","","","","","","","","","","","","","","","","",""
"RuffsSupplyExplosion","","100","","700","","","","","","Damage","","","","","","","","","","","","","","","","","","","","","","150","250","","","","","","","","","","","","","","RuffsBuff","","","","","","","","","","","","","","","","","","","","","","",""
"RuffsOverchargedSupplyExplosion","","100","","700","","","","","","Damage","","","","","","","","","","","","","","","","","","","","","","150","250","","","","","","","","","","","","","","RuffsOverchargedBuff","","","","","","","","","","","","","","","","","","","","","","",""
"Ruffs004SupplyExplosion","","100","","700","","","","","","Damage","","","","","","","","","","","","","","","","","","","","","","150","250","","","","","","","","","","","","","","RuffsBuff","","","","","","","","","","","","","","","","","","","","","","",""
"RuffsIncreaseHealth","","500","","1000","","","","","","IncreaseHealth","","","","","","","","","","","","","","","","","","","","","","","","","","","","","","","","","","","","","","","","","","","","","","","","","","","","","","","","","","","",""
"PocoCleanseArea","","1000","","1800","","","","80","","Cleanse","","","","","","","","","","","","","","","","","","","","","","","","","","","","","","","","","","","","","","","","","","","","","","","","","","","","","","","","","","","",""
"TickGadgetExplosion","","700","","800","100","","1","","","Damage","","","","","","","","","","","","","","","","","","","","","","150","250","","","","","","","","","","","","","","","","","","","","","","","","","","","","","","","","","","","","",""
"SpeedBoost","","600000","","2000","100","","","10","","StatusEffect","GenericSpeedBoost","GenericSpeedBoost","","","","","","","","","","","","","","","","","","","","","","","","","","","","","","","","","","","","","","","","","","","","","","","","","","","","","","","","","",""
"StickyBombExplosion","","100","","800","","","","","","Damage","","","","","","","","","","","","","","","","","","","","","","","","","","","","","","","","","","","","","","","","","","","","","","","","","","","","","","","","","","","",""
"RollerFire","","3000","","300","","","","","","StatusEffect","","","RollerFire","10","","","","","","","","","","","","","","","","","","","","","","","","","","","","","","","","","","","","","","","","","","","","","","","","","","","","","","","",""
"RollerMutationArea","","700","","","400","","","6","","BulletExplosion","","","","","","","","","","","","RollerProjectile","20","","","","45","","","","","","","","","","","","","","","","","","","","","","","","","","","","","","","","","","","","","","","","","","",""
"StickyBombClusterExplosion","","700","","","","","","6","","BulletExplosion","","","","","","","","","","","","StickyBombUltiProjectile2","20","","","","45","","","","","","","","","","","","","","","","","","","","","","","","","","","","","","","","","","","","","","","","","","",""
"StickyBombUltiExplosion","","700","","400","","","","","","Damage","","","","","","","","","","","","","","","","","","","","","","","","","","","","","","","","","","","","","","","","","","","","","","","","","","","","","","","","","","","",""
"CrossBomberClusterExplosion","","700","","","","","","4","","BulletExplosion","","","","","","","","","","","","CrossBomberProjectile2","10","","","","","","","","","","","","","","","","","","","","","","","","","","","","","","","","","","","","","","","","","","","","","","",""
"CrossBomberUltiClusterExplosion","","700","","","","","","4","","BulletExplosion","","","","","","","","","","","","CrossBomberUltiProjectile2","17","","","","","","","","","","","","","","","","","","","","","","","","","","","","","","","","","","","","","","","","","","","","","","",""
"OverchargedCrossBomberUltiClusterExplosion","","700","","","","","","4","","BulletExplosion","","","","","","","","","","","","OverchargedCrossBomberUltiProjectile2","17","","","","","","","","","","","","","","","","","","OverchargedCrossBomberUltiClusterExplosion2","","","","","","","","","","","","","","","","","","","","","","","","","","","","",""
"OverchargedCrossBomberUltiClusterExplosion2","","700","","","","","","4","","BulletExplosion","","","","","","","","","","","","OverchargedCrossBomberUltiProjectile2","17","","","","45","","","","","","","","","","","","","","","","","","","","","","","","","","","","","","","","","","","","","","","","","","",""
"ElectroTrapExplosion","","700","","600","","","","","","DamageAndStatusEffect","","","ElectroSniperTrapExplosionSlow","2","","","","","","","","","","","","","","","","","","","","","","","","","","","","","","","","","","","","","","","","","","","","","","","","","","","","","","","",""
"PullRopeStun","","700","","700","","","","30","12","Stun","","","","","","","","","","","","","","","","","","","","","","","","","","","","","","","","","","","","","","","","","","","","","","","","","","","","","","","","","","","",""
"RopeDudeSuperChargeArea","","600000","","1800","","","","270","","EnemyChargeSuper","","","","","","","","","","true","","","","","","","","","","","","","","","","","","","true","","","","","","","","","","","","","","","","","","","","","","","","","","","","","","",""
"RopeDudeSuperChargeAreaLarge","","600000","","2400","","","","270","","EnemyChargeSuper","","","","","","","","","","true","","","","","","","","","","","","","","","","","","","true","","","","","","","","","","","","","","","","","","","","","","","","","","","","","","",""
"VolleyBallTargetOccupied","","600000","","1000","","","","","","Effect","","","","","","","","","","","","","","","","","","","","","","","","","","","","","","","","","","","","","","","","","","","","","","","","","","","","","","","","","","","",""
"VolleyBallTarget","","600000","","1000","","","","","","Effect","","","","","","","","","","","","","","","","","","","","","","","","","","","","","","","","","","","","","","","","","","","","","","","","","","","","","","","","","","","",""
"VolleyBallDistanceIndicator","","600000","","1000","","","","","","Effect","","","","","","","","","","","","","","","","","","","","","","","","","","","","","","","","","","","","","","","","","","","","","","","","","","","","","","","","","","","",""
"VolleyBallHit","","700","","800","","","","","","Effect","","","","","","","","","","","","","","","","","","","true","","","150","250","","","","","","","","","","","","","","","","","","","","","","","","","","","","","","","","","","","","",""
"BasketBallGroundIndicator","","600000","","1000","","","","","","Effect","","","","","","","","","","","","","","","","","","","","","","","","","","","","","","","","","","","","","","","","","","","","","","","","","","","","","","","","","","","",""
"BasketBallRimHit","","700","","800","","","","","","Effect","","","","","","","","","","","","","","","","","","","true","","","150","250","","","","","","","","","","","","","","","","","","","","","","","","","","","","","","","","","","","","",""
"BasketBallThreePointArea","","600000","","1500","","","","","","Effect","","","","","","","","","","","","","","","","","","","","","","","","","","","","","","","","","","","","","","","","","","","","","","","","","","","","","","","","","","","",""
"IceDudeGadgetActivationArea","","700","","800","","","","","","Effect","","","","","","","","","","","","","","","","","","","","","","","","","","","","","","","","","","","","","","","","","","","","","","","","","","","","","","","","","","","",""
"GainedAmmoEffect","","1000","","100","","","","","","Effect","","","","","","","","","","","","","","","","","","","","","","","","","","","","","","","","","","","","","","","","","","","","","","","","","","","","","","","","","","","",""
"LostAmmoEffect","","1000","","100","","","","","","Effect","","","","","","","","","","","","","","","","","","","","","","","","","","","","","","","","","","","","","","","","","","","","","","","","","","","","","","","","","","","",""
"CactusCoverHeal","","250","","1000","-30","","2","","1","Heal","","","","","","","","","","","","","","","","","","","","","","","","","","","","","","","","","","","","","","","","","","","","","","","","","","","","","","","","","","","",""
"RuffsAirStrikeSpawn","","2500","","800","","","","","","Effect","","","","","","","","","","","","","","","","","","","","","","","","","","","","","","","RuffsAirStrikeExplosion","","","","","","","","","","","","","","","","","","","","","","","","","","","","",""
"RuffsAirStrikeExplosion","","700","","500","","","","","","Damage","","","","","","","","","","","","","","","","","","","","","","150","250","","","","","","","","","","","","","","","","","","","","","","","","","","","","","","","","","","","","",""
"NinjaInvisibleArea","","600000","","1300","","","","","","SmokeScreen","","","","","","","","","","","","","","","","","","","","","","","","","","","","","","","","","","","","","","","","","","","","","","","","","","","","","","","","","","","",""
"KnightPetExplosion","","700","","600","","","","","","Damage","","","","","","","","","","","","","","","","","","","","","","","","","","","","","","","","","","","","","","","","","","","","","","","","","","","","","","","","","","","",""
"MechaDudeDestroyExplosion","","700","","800","400","","1","","","Damage","","","","","","","","","","","","","","","","","","","","","","150","250","","","","","","","","","","","","","","","","","","","","","","","","","","","","","","","","","","","","",""
"CrossBomberVisionArea","","600000","","3000","","","","","","Vision","","","","","","","","","","","","","","","","","","","","","","","","","","","","","","","","","","","","","","","","","","","","","","","","","","","","","","","","","","","",""
"KickerDudeGadgetExplosion","","700","","800","","","","3","","BulletExplosion","","","","","","","","","","","","","6","","KickerDudeMine","","","","","","","","","","","","","","","","","","","","","","","","","","","","","","","","","","","","","","","","","","","","",""
"KickerDudeMineExplosion","","700","","468","99","","","","","Damage","","","","","","","","","","","","","","","","","","","","","","","","","","","","","","","","","","","","","","","","","","","","","","","","","","","","","","","","","","","",""
"KickerDudeMineExplosionOC","","700","","468","99","","","","","Damage","","","","","","","","","","","","","","","","","","","","","","","","","","","","","","","","","","","","","","","","","8","","","","","","","","","","","","","","","","","","",""
"DuplicatorDuplicateArea","","600000","","900","","","","","","Effect","","","","","","","","","","","","","","","","","","","","","","","","","","","","","true","","","","","","","","","","","","","","","","","","","","","","","","","","","","","","",""
"DuplicatorSwapEffect","","700","","300","","","","","","Effect","","","","","","","","","","","","","","","","","","","","","","","","","","","","","","","","","","","","","","","","","","","","","","","","","","","","","","","","","","","",""
"PayloadMoveArea","","600000","","900","","","","","","Effect","","","","","","","","","","","","","","","","","","","","","","","","","","","","","","","","","","","","","","","","","","","","","","","","","","","","","","","","","","","",""
"StickyBombVisionArea","","6000","","750","","","","","","StatusEffect","","","StickyBombGadgetSlow","","","","","","","","","","","","","","","","","","","","","","","","","","","","","","","","","","","true","","","","","","","","","","","","","","","","RevealInForest","","","","","",""
"KickerDudeSweepStun","","300","","700","","","","10","","Stun","","","","","","","","","","","","","","","","","","","","","","","","","","","","","","true","","","","","","","","","","","","","","","","","","","","","","","","","","","","","",""
"PayloadMoveAreaPushed","","600000","","900","","","","","","Effect","","","","","","","","","","","","","","","","","","","","","","","","","","","","","","","","","","","","","","","","","","","","","","","","","","","","","","","","","","","",""
"PayloadMoveAreaSlowed","","600000","","900","","","","","","Effect","","","","","","","","","","","","","","","","","","","","","","","","","","","","","","","","","","","","","","","","","","","","","","","","","","","","","","","","","","","",""
"JetpackGirlGadgetDamageArea","","600000","","2400","10","","1","","","Dot","","","","","","","","","","","","","","","","","","","","","","","","","","","","","","","","","","","","","","","","","","","","","","","","","","","","","","","","","","","",""
"JetpackGirlUltiExplosion","","700","","600","","","","","","Damage","","","","","","","","","","","","","","","","","","","","","","","150","","","","","","","","","","","","","","","","","","","","","","","","","","","","","","","","","","","","",""
"InvasionSpawnIncoming","","5000","","450","","","","","","InvasionIndicator","","","","","","","","","","","","","","","","","","","","","","","","","","","","","","","InvasionSpawnExplosion","","","","","","","true","","","","","","","","","","","","","","","","","","","","","",""
"InvasionSpawnExplosion","","700","","450","1500","","","","","Damage","","","","","","","","","","","","","","","","","","","true","","","150","250","","","","","","","","","","","","","","","true","","","","","","","","","","","","","","","","","","","","","",""
"CannonGirlSmallExplosion","","350","","200","","","","","","Damage","","","","","","","","","","","","","","","","","","","","","","","","","","","","","","","","","","","","","","","","","","","","","","","","","","","","","","","","","","","",""
"CannonGirlExplosion","","700","","200","","","","","","Effect","","","","","","","","","","","","","","","","","","","","","","","","","","","","","","","","","","","","","","","","","","","","","","","","","","","","","","","","","","","",""
"CannonGirlExplosionOvercharged","","100","","800","","","","","","StatusEffect","","","CannonGirlOverchargedStun","","","","","","","","","","","","","","","","","","","","","","","","","","","","CannonGirlBulletExplosionOvercharged","","","","","","","","","","","","","","","","","","","","","","","","","","","","",""
"CannonGirlBulletExplosionOvercharged","","300","","800","25","","4","6","","BulletExplosion","","","","","","","","","","","","CannonGirlExplosionProjectileOvercharged","20","500","","","","","","","","","","","","","","","","","","","","","","","","","","","","","","","","","","","","","","","","","","","","","",""
"DrillerRebuildEffect","","700","","100","","","","","","Effect","","","","","","","","","","","","","","","","","","","","","","","","","","","","","","","","","","","","","","true","","","","","","","","","","","","","","","","","","","","","",""
"MechaDudeReloadTowerArea","","600000","","880","","","","10","35","ReloadSpeedBuff","","","","","","","","","","","","","","","","","","","","","","","","","","","","","","","","","","","","","","","","","","","","","","","","","","","","","","","","","","","",""
"SilencerBigProjectileExplosion","","3800","","600","","","","","","Dot","","","","","","","","","","","","","","","","","","","","","","","","","","","","","","","","","","","","","","","","","","","","","","","","","","","","","","","","","","","",""
"HuggerMineExplosion","","100","","300","","","","","","Effect","","","","","","","","","","","","","","","","","","","","","","","","","","","","","","","","","","","","","","","","","","","","","","","","","","","","","","","","","","","",""
"ArtilleryDudeUltiExplosion","","700","","800","","","","","","Damage","","","","","","","","","","","","","","","","","","","","","","150","","","","","","","","","","","","","","","","","","","","","","","","","","","","","","","","","","","","","",""
"WeaponThroweChargeArea","","600000","","650","","","","400","","EnemyChargeSuper","","","","","","","","","true","true","","","","","","","","","","","","","","","","","","","true","","","","","","","","","","","","","","","","","","","","","","","","","","","","","","",""
"WeaponThrowerPullArea","","1600","","700","","","","","","Pushback","","","","","","","","","","","","","","","","","","","","","","-100","","","","","","","","","","","","","","","","","","","","","","","","","","","","","","","","","","","","","",""
"WeaponThrowerExplosion","","700","","650","","","","","","Pushback","","","","","","","","","","","","","","","","","","","","","","150","","","","","","","","","","","","","","","","","","","","","","","","","","","","","","","","","","","","","",""
"SoulCollectorSoulExplosion","","700","","600","100","","1","","","Damage","","","","","","","","","","","","","","","","","","","","","","","","","","","","","","","","","","","","","","","","","","","","","","","","","","","","","","","","","","","",""
"ShieldTankSuperChargeArea","","600000","","850","","","","200","","AllyChargeSuper","","","","","","","","","true","true","","","","","","","","","","","","","","","","","","","true","","","","","","","","","","","","","","","","","","","","","","","","","","","","","","",""
"ShieldTankHeal","","250","","850","-9","","","3","","Heal","","","","","","","","","","","","","","","","","","","","","","","","","","","","","","","","","","","","","","","","","","","","","","","","","","","","","","","","","","","",""
"JesterUltiExplosion","","700","","800","","","","","","Damage","","","","","","","","","","","","","","","","","","","true","","","150","250","","","","","","","","","","","","","","","","","","","","","","","","","","","","","","","","","","","","",""
"JesterUltiDamageArea","","10000","","1100","160","","","","","Dot","","","ChesterUltiAreaSlow","2","","","","","","","","","","","","","","","","","","","","","","","","","","","","","","","","","","","","","","","","","","","","","","","","","","","","","","","",""
"ChesterOverchargedUltiExplosion","","700","","800","","","","","","Damage","","","","","","","","","","","","","","","","","","","true","","","","","","","","","","","","ChesterOverchargedUltiDamageArea","","","","","","","","","","","","","","","","","","","","","","","","","","","","",""
"ChesterOverchargedUltiDamageArea","","4000","","1100","8","","4","","","Dot","","","ChesterUltiAreaSlow","2","","","","","","","","","","","","","","","","","","","","","","","","","","","","","","","","","","","","","","","","","","","","","","","","","","","","","","","",""
"ChesterOverchargedUltiBulletExplosion","","300","","1500","15","","4","8","","BulletExplosion","","","","","","","","","","","","ChesterOverchargedUltiProjectilePoisoning","14","300","","","","","","","","","","","","","","","","","","","","","","","","","","","","","","","","","","","","","","","","","","","","","",""
"DoorManDamageDropWarning","","1500","","800","","","","","","Effect","","","","","","","","","","","","","","","","","","","","","","","","","","","","","","","DoorManDamageDropExplosion","","","","","","","","","","","","","","","","","","","","","","","","","","","","",""
"DoorManDamageDropExplosion","","700","","600","2000","","","","","Damage","","","","","","","","","","","","","","","","","","","true","","","150","250","","","","","","","","","","","","","","","","","","","","","","","","","","","","","","","","","","","","",""
"DoorManPortalLeave","","700","","300","","","","","","Effect","","","","","","","","","","","","","","","","","","","","","","","","","","","","","","","","","","","","","","","","","","","","","","","","","","","","","","","","","","","",""
"DoorManPortalArrive","","700","","300","","","","","","Effect","","","","","","","","","","","","","","","","","","","","","","","","","","","","","","","","","","","","","","","","","","","","","","","","","","","","","","","","","","","",""
"SplitterLegsDamageArea","","300","","1000","1240","","","200","","DamageAndStatusEffect","","","SplitterTag","","","","","","","","","","","","","","","","","","","","","","","","","","","","","","","","","","","","","","","","","","","","","","","","","","","","","","","","",""
"PuppeteerPoison","","100","","600","","","","","","StatusEffect","","","PuppeteerPoison","20","","","","","","","","","","","","","","","","true","","","","","","","","","","","","","","","","","","","","","","","","","","","","","","","","","","","","","","","",""
"PuppeteerDive","","1900","","600","","","","","","Effect","","","","","","","","","","","","","","","","","","","","","","","","","","","","","","","","","","","","","","","","","","","","","","","","","","","","","","","","","","","",""
"PuppeteerPoisonAlternative","","100","","600","555","","","","","Damage","","","","","","","","","","","","","","","","","","","","","","","","","","","","","","","","","","","","","","","","","","","","","","","","","","","","","","","","","","","",""
"SplitterTagExplosion","","100","","300","","","","","","Effect","","","","","","","","","","","","","","","","","","","","","","","","","","","","","","","","","","","","","","","","","","","","","","","","","","","","","","","","","","","",""
"MaisieUltiShockwave","","300","","1500","1240","","","","","Damage","","","","","","","","","","","","","","","","","","","","","","150","","","","","","","","","","","","","","","","","","","","","","","","","","","","","","","","","","","","","",""
"FishTankBlast","","300","","800","2100","","","","","Damage","","","","","","","","","","","","","","","","","","","","","","","","","","","","","","","","","","","","","","","","","","","","","","","","","","","","","","","","","","","",""
"MaisieDashArea","","300","","700","","","","10","","Stun","","","","","","","","","","","","","","","","","","","","","","","","","","","","","","","","","","","","","","","","","","","","","","","","","","","","","","","","","","","",""
"ReviverDamageArea","","300","","1000","1200","","","50","","HealAndDamage","","","","","","","","","","","","","","","","","","","","","","","","","","","","","","","","","","","","","","","100","100","","","","","","","","","","","","","","","","","","","",""
"ReviverDamageAreaDoubleHeal","","300","","1000","-2400","","","","","Heal","","","","","","","","","","","","","","","","","","","","","","","","","","","","","","","","","","","","","","","100","100","","","","","","","","","","","","","","","","","","","",""
"ReviverDamageAreaDoubleDamage","","300","","1000","2400","","","","","Damage","","","","","","","","","","","","","","","","","","","","","","","","","","","","","","","","","","","","","","","100","100","","","","","","","","","","","","","","","","","","","",""
"DuelistSuperChargeArea","","600000","","1800","","","","270","","EnemyChargeSuper","","","","","","","","","","true","","","","","","","","","","","","","","","","","","","true","","","","","","","","","","","","","","","","","","","","","","","","","","","","","","",""
"FishTankUltiArea","","700","","1000","1320","","","6","","BulletExplosion","","","","","","","","","","","","FishTankUltiProjectile","60","","","","","","","","","","","","","","","","","","","","","","","","","","","","","","","","","","","","","","","","","","","","","","",""
"FishTankOnHitArea","","700","","1000","1320","","","6","","BulletExplosion","","","","","","","","","","","","FishTankUltiProjectileSmall","60","","","","","","","","","","","","","","","","","","","","","","","","","","","","","","","","","","","","","","","","","","","","","","",""
"CookerUltiExplosion","","700","","1000","1550","","","","","Damage","","","","","","","","","","","","","","","","","","","true","","","50","","","","","","","","","","","","","","","","","","","","","","","","","","","","","","","","","","","","","",""
"CookerOverchargedUltiArea","","4500","","1000","400","","","","","Dot","","","","","","","","","","","","","","","","","","","","","","","","","","","","","","","","","","","","","","","","","","","","","","","","","","","","","","","","","","","",""
"ConductorSignArea","","300","","550","","","","10","","Damage","","","","","","","","","","","","","","","","","","","","","","100","","","","","","","","","","","","","","","","","","","","","","","","","","","","","","","","","","","","","",""
"ConductorSignAreaDestroy","","700","","300","","","","","","Effect","","","","","","","","","","","","","","","","","","","","","","","","","","","","","","","","","","","","","","","","","","","","","","","","","","","","","","","","","","","",""
"ConductorOverchargedArea","","-1","","","5","","4","2","","BulletExplosion","","","","5","","","","","TRUE","","","ConductorOverchargedProjectile","10","500","","","90","TRUE","","","","","","","","","","","","","","","","","","","","","","","","","","","","","","","","","targetNotCharging","","","","","","","","",""
"CocoonerTrail","","5000","","300","","","","","","StatusEffect","","","CocoonerTrailAreaSlow","2","","","","","","","","","","","","","","","","","","","","","","","","","","","","","","","","","","","","","","","","","","","","","","","","","","","","","","","",""
"RosaOverchargedUltiArea","","600000","","1300","","","","","","StatusEffect","","","RosaOverchargedUltiAreaSlow","2","","","","","","","","","","","","","","","","","","","","","","","","","","","","","","","","","","","","","","","","","","","","","","","","","","","","","","","",""
"MaisieOverchargedUltiBulletExplosion","","300","","1500","1240","","","6","","BulletExplosion","","","","","","","","","","","","MaisieOverchargedProjectile","26","","","","","","","","","150","","","","","","","","","","","","","","","","","","","","","","","","","","","","","","","","","","","","","",""
"MaisieOverchargedUltiShockwave","","300","","1500","1240","","","","","Damage","","","","","","","","","","","","","","","","","","","","","","150","","","","","","","","","","","","","","","","","","","","","","","","","","","","","","","","","","","","","",""
"IceDudeOverchargedUltiArea","","10000","","1100","","","","90","6","Slippery","","","","","","","","","","","","","","","","","","","","","","","","","","","","","","","","","","","","","","","","","","","","","","","","","","","","","","","","","","","",""
"IceDudeOverchargedUltiAreaInvisible","","100","","1100","","","","90","1000","Slippery","","","","","","","","","","","","","","","","","","","","","","","","","","","","","","","","","","","","","","","","","","","","","","","","","","","","","","","","","","","",""
"LeaperWeaponArea","","300","","450","","","","","","Damage","","","","","","","","","","","","","","","","","","","","","","","","","","","","","","true","","","","","","","","","","","","","","","","","","","","","","","","","","","","","",""
"LeaperUltiArea","","6000","","800","","","","","","Effect","","","","","","","","","","","","","","","","","","","","","","","","","","","","","","","LeaperUltiAreaExplosion","","","","","","","","","","","","","","","","","","","","","","","","","","","","",""
"LeaperUltiAreaExplosion","","300","","700","1190","","","","","Damage","","","","","","","","","","","","","","","","","","","","","","50","","","","","","","","","","","","","","","","","","","","","","","","","","","","","","","","","","","","","",""
"LeaperOverchargedUltiArea","","6000","","800","","","","","","Effect","","","","","","","","","","","","","","","","","","","","","","","","","","","","","","","LeaperOverchargedUltiAreaExplosion","","","","","","","","","","","","","","","","","","","","","","","","","","","","",""
"LeaperOverchargedUltiAreaExplosion","","300","","700","1190","","","","","Damage","","","","","","","","","","","","","","","","","","","","","","50","","","","30","","","","","","","","","","","","","","","","","","","","","","","","","","","","","","","","","",""
"CrowOverchargedUltiKnifes","","700","","300","","","","14","","BulletExplosion","","","","","","","","","","","","CrowOverchargedUltiProjectile","22","","","","","","","","","","","","","","","","","","","","","","","","","","","","","","","","","","","","","","","","","","","","","","",""
"TntDudeOverchargedUltiClusterExplosion","","700","","450","","","","","","Damage","","","","","","","","","","","","","","","","","","","","","","","150","","","","","","","","","","","","","","","","30","30","","","","","","","","","","","","","","","","","","","",""
"TntDudeOverchargedUltiClusterBombs","","700","","800","","","","8","","BulletExplosion","","","","","","","","","","","","TntDudeOverchargedClusterProjectile","22","","","","","","","","","","","","","","","","","","","","","","","","","","","","","","","","","","","","","","","","","","","","","","",""
"TntDudeAttackNanoPowerBombs","","700","","800","","","","4","","BulletExplosion","","","","","","","","","","","","TntDudeNanoChainProjectile","10","","","","","","","","","","","","","","","","","","","","","","","","","","","","","","","","","","","","","","","","","","","","","","",""
"KickerDudeMineTrail","","700","","800","-50","","3","1","","BulletExplosion","","","","","","","","","","","","","1","","KickerDudeMineOC","","","","","","","","","","","","","","","","","","","","","","","","","","","","","","","","","","","","","","","","","","","","",""
"KickerDudeMineNano","","700","","800","1088","","","5","","BulletExplosion","","","","","","","","","","","","","12","","KickerDudeMineOC","","","","","","","","","","","","","","","","","","","","","","","","","","","","","","","","","","","","","","","","","","","","",""
"EnragerOverchargedUlti","","7000","","500","200","","","50","150","EnragerOverchargeSuper","","","","","","","","","","","","","","","","","","","","","","","","","","","","","","","","","","","","","","","","","","","","","","","","","","","","","","","","","","","",""
"TwinsThrowerExplosion","","600","","450","","","","","","Damage","","","","","","","","","","","","","","","","","","","","","","","","","","","","","","","TwinsThrowerExplosion2","","","","","","","","","","","","","","","","","","","","","","","","","","","","",""
"TwinsThrowerExplosion2","","600","","800","","","","","","Damage","","","","","","","","","","","","","","","","","","","","","","","","","","","","","","","","","","","","","","","","","","","","","","","","","","","","","","","","","","","",""
"AttacherExplosion","","700","","450","","","","","","Damage","","","","","","","","","","","","","","","","","","","","","","","150","","","","","","","","","","","","","","","","","","","","","","","","","","","","","","","","","","","","",""
"AttacherExplosionOvercharged","","700","","450","","","","","","Damage","","","","","","","","","","","","","","","","","","","","","","","150","","","","","","","","","","","","","","","","","","","","","","","","","","","","","","","","","","","","",""
"InsectManUltiDamageArea","","8000","","700","500","","","","","Dot","","","","","","","","","","","","","","","","","","","","","","","","","","","","","","","","","","","","","","","","","","","","","","","","","","","","","","","","","","","",""
"InsectManUltiSwitchSkillArea","","8000","","700","","","","","","SwitchSkill","","","","","","","","","","true","","","","","","","","","","","","","","","","","","","","","","","","","","","","","","","","","","","","","","","","","","","","","","","","","",""
"InsectManGadgetDamageArea","","700","","700","2200","","","15","","DamageDrain","","","","","","","","","","","","","","","","","","","","","","","150","","","","","","","","","","","","","","","","","","","","","","","","","","","","","","","","","","","","",""
"SandStormOverchargedUltiAreaSpeedBuff","","9000","","2000","200","","","10","","StatusEffect","SandStormOverchargedAreaSpeedBoost","SandStormOverchargedAreaSpeedBoost","","","","","","","","","","","","","","","","","","","","","","","","","","","","","","","","","","","","","","","","","","","","","","","","","","","","","","","","","",""
"SandStormOverchargedUltiArea","","9000","","2000","","","","","","SmokeScreen","","","","","","","","","","","","","","","","","","","","","","","","","","","","","","","","","","","","","","","","","","","","","","","","","","","","","","","","","","","",""
"ClusterBombPetOverchargedExplosion","","700","","600","99","","","","","Damage","","","","","","","","","","","","","","","","","","","true","","","120","","","","","","","","","ClusterBombOverchargedExplosion","","","","","","","","","","","","","","","","","","","","","","","","","","","","",""
"ClusterBombOverchargedExplosion","","700","","400","","","","6","","BulletExplosion","","","","","","","","","","","","","8","","ClusterOverchargedMine","90","15","","","","","","","","","","","","","","","","","","","","","","","","","","","","","","","","","","","","","","","","","","",""
"ClusterBombOverchargedExplosion2","","700","","468","99","","","","","Damage","","","","","","","","","","","","","","","","","","","","","","","","","","","","","","","","","","","","","","","","","","","","","","","","","","","","","","","","","","","",""
"StickyBombMutantClusterExplosion","","700","","","","","","3","","BulletExplosion","","","","","","","","","","","","StickyBombUltiProjectile2","20","","","","45","","","","","","","","","","","","","","","","","","","","","","","","","","","","","","","","","","","","","","","","","","",""
"BelleMutantExplosion","","700","","300","","","","0","","BulletExplosion","","","","","","","","","","","","ElectroSniperMutantProjectile","6","","","","","","","","","","","","","","","","","","","","","","","","","","","","","","","","","","","","","","","","","","","","","","",""
"TwinsThrowerMutantExplosion","","100","","800","","","","","","Damage","","","","","","","","","","","","","","","","","","","","","","","","","","","","","","","","","","","","","","","","","","","","","","","","","","","","","","","","","","","",""
"MutantBushGrowArea","","500","","500","800","","","","","WallSpawn","","","","","","","","","","","","","","","","","","","","","","","","","","","","","","","","","","","","","","","","","","","","","","","","","","","","","","","","","","","",""
"PocoMutantRegenArea","","250","","1000","-2","","2","100","","HealRegen","","","","","","","","","","","","","","","","","","","","","","","","","","","","","","","","","","","","","","","","","","","","","","","","","","","","","","","","","","","",""
"PocoRogueliteRegenArea","","20","","500","-1","","2","50","","HealRegen","","","","","","","","","","","","","","","","","","","","","","","","","","","","","","","","","","","","","","","","","","","","","","","","","","","","","","","","","","","",""
"ExplodingTankExplosion","","100","","1200","4000","","","","","Damage","","","","","","","","","","","","","","","","","","","FALSE","","","250","250","","","","","","","","ExplodingTankDestroyEnvironment","","","","","","","","","","","","","","","","","","","","","","","","","","","","",""
"ExplodingTankDestroyEnvironment","","700","","600","","","","","","Damage","","","","","","","","","","","","","","","","","","","TRUE","","","","","","","","","","","","","","","","","","","","","","","","","","","","","","","","","","","","","","","","",""
"AmbusherSuperChargeArea","","600000","","1800","","","","270","","EnemyChargeSuper","","","","","","","","","","true","","","","","","","","","","","","","","","","","","","true","","","","","","","","","","","","","","","","","","","","","","","","","","","","","","",""
"AmbusherTeleport","","700","","300","","","","","","Effect","","","","","","","","","","","","","","","","","","","","","","","","","","","","","","","","","","","","","","","","","","","","","","","","","","","","","","","","","","","",""
"AmbusherTeleportEnd","","700","","300","","","","","","Effect","","","","","","","","","","","","","","","","","","","","","","","","","","","","","","","","","","","","","","","","","","","","","","","","","","","","","","","","","","","",""
"SandStormOverchargedUltiSilenceArea","","100","","2000","","","","10","","Silence","","","","","","","","","","","true","","","","","","","","","","","","","","","","","","","","SandStormOverchargedUltiAreaSpeedBuff","","","","","","","","","","","","","","","","","","","","","","","","","","","","",""
"SoulCollectorPushback","","700","","800","","","","","","Pushback","","","","","","","","","","","","","","","","","","","","","","150","","","true","","","","","","","","","","","","","","","","","","","","","","","","","","","","","","","","","","",""
"AmbusherUltiExplosion","","300","","450","","","","","","Damage","","","","","","","","","","","","","","","","","","","","","","","","","","","","","","true","","","","","","","","","","","","","","","","","","","","","","","","","","","","","",""
"BarleyOverchargedUlti","","3900","","1100","","","","","","Dot","","","","","","","","","","","","","","","","","","","","","TRUE","","","","","","1000","","","","","","","","","","","","","","","","","","","","","","","","","","","","","","","","",""
"InsectManOverchargedUltiDamageArea","","8000","","700","500","","","","","Dot","","","","","","","","","","","","","","","","","","","","","","","","","","","","","","","","","","","","","","","","","","","","","","","","","","","","","","","","","","","",""
"InsectManOverchargedUltiSwitchSkillArea","","8000","","700","","","","","","SwitchSkill","","","","","","","","","","true","","","","","","","","","","","","","","","","","","","","","","","","","","","","","","","","","","","","","","","","","","","","","","","","","",""
"SniperOverchargedBombExplosion","","700","","600","99","","","","","Damage","","","","","","","","","","","","","","","","","","","true","","","70","","","","","","","","","","","","","","","","","","","","","","","","","","","","","","","","","","","","","",""
"SniperOverchargedLanding","","500","","900","0","","","","","Pushback","","","","","","","","","","","","","","","","","","","TRUE","","","200","100","","","","","","","","","","","","","","","","","","","","","","","","","","","","","","","","","","","","",""
"MummyOverchargedUltiArea","","5000","","1700","240","","","","","Dot","","","MummyUltiAreaSlow","","","","","","","","","","","","","","","","","","","","","","","","","","","","","","","","","","","","","","","","","","","","","","","","","","","","","","","","",""
"MummyOverchargedUltiAreaPushBack","","100","","1200","1","","","","","Dot","","","","","","","","","","","","","","","","","","","","","","100","","","","","","","","","MummyOverchargedUltiBulletExplosion","","","","","","","","","","","","","","","","","","","","","","","","","","","","",""
"MummyOverchargedUltiBulletExplosion","","100","","1500","1240","","","18","","BulletExplosion","","","","","","","","","","","","MummyOverchargedProjectile","15","","","","","","","","","","","","","","","","","","","","","","","","","","","","","","","","","","","","","","","","","","","","","","",""
"PainterAreaExplosion","","0","","500","","","","50","50","HealAndDamage","","","","","","","","","","","","","","","","","","","","","","","","","","","","","","","PainterAreaEffect","","","","","","","","","","","","","","","","","","","","","","","","","","","","",""
"PainterAreaEffect","","5999","","500","100","","4","50","","HotAndDot","","","","","","","","","true","","","","","","","","","","","","","","","","","","1000","","","","PainterAreaEffectEnd","","","","","","","","","","","","","","","","","","","","","","","","","","","","",""
"PainterAreaEffectEnd","","0","","500","","","","","","Effect","","","","","","","","","","","","","","","","","","","","","","","","","","","","","","","","","","","","","","","","","","","","","","","","","","","","","","","","","","","",""
"PainterAccessoryArea","","700","","800","-20","","2","","","Heal","","","","","","","","","","","","","","","","","","","","","","100","","","","","","","","","","","","","","","","","","","","","","","","","","","","","","","","","","","","","",""
"PainterAreaEffectOvercharged","","5999","","500","100","","4","50","","HotAndDot","","","","","","","","","true","","","","","","","","","","","","","","","","","","1000","","","","PainterAreaEffectEndOvercharged","","","","","","","","","","","","","","","","","","","","","","","","","","","","",""
"PainterAreaEffectEndOvercharged","","0","","500","","","","","","Effect","","","","","","","","","","","","","","","","","","","","","","","","","","","","","","","","","","","","","","","","","","","","","","","","","","","","","","","","","","","",""
"PaintBallSplash","","100","","800","","","","","","Effect","","","","","","","","","","","","","","","","","","","","","","","","","","","","","","","","","","","","","","","","","","","","","","","","","","","","","","","","","","","",""
"PaintBallSplash_big","","100","","800","","","","","","Effect","","","","","","","","","","","","","","","","","","","","","","","","","","","","","","","","","","","","","","","","","","","","","","","","","","","","","","","","","","","",""
"SupportArchetypeHeal","","600000","","1000","-300","","0","","","Hot","","","","","","","","","","","","","","","","","","","","","","","","","","","","","","","","","","","","","","","","","","","","","","","","","","","","","","","","","","","",""
"SupportArchetypeSpawn","","500","","600","","","","","","Effect","","","","","","","","","","","","","","","","","","","","","","","","","","","","","","","","","","","","","BattleRoyaleBuff","","","","","","","","","","","","","","","","","","","","","","",""
"ArtilleryArchetypeCollabSpawnLvl1","","1500","","800","600","","5","","","Effect","","","","","","","","","","","","","","","","","","","","","","","","","","","","","","","ArtilleryArchetypeCollabExplosion","","","","","","","","","","","","","","","","","","","","","","","","","","","","",""
"ArtilleryArchetypeCollabSpawnLvl2","","1500","","800","600","","5","","","Effect","","","","","","","","","","","","","","","","","","","","","","","","","","","","","","","ArtilleryArchetypeCollabExplosion","ArtilleryArchetypeCollabBurn","","","","","","","","","","","","","","","","","","","","","","","","","","","",""
"ArtilleryArchetypeCollabSpawnLvl3","","1500","","800","600","","5","","","Effect","","","","","","","","","","","","","","","","","","","","","","","","","","","","","","","ArtilleryArchetypeCollabExplosion","ArtilleryArchetypeCollabBurn","ArtilleryArchetypeCollabCluster","","","","","","","","","","","","","","","","","","","","","","","","","","",""
"ArtilleryArchetypeCollabExplosion","","700","","500","","","","","","Damage","","","","","","","","","","","","","","","","","","","","","","","","","","","","","","","","","","","","","","","","","","","","","","","","","","","","","","","","","","","",""
"ArtilleryArchetypeCollabBurn","","2900","","300","40","","4","","","Dot","","","","","","","","","TRUE","","","","","","","","","","","","","","","","","","","","","","","","","","","","","","","","","","","","","","","","","","","","","","","","","","",""
"ArtilleryArchetypeCollabCluster","","700","","300","60","","4","6","","BulletExplosion","","","","","","","","","","","","ArtilleryArchetypeCollabClusterProjectile","13","","","","","","","","","","","","","","","","","","","","","","","","","","","","","","","","","","","","","","","","","","","","","","",""
"MarksmanArchetypeSlowArea","","600","","200","","","","","","StatusEffect","","","MarksmanArchetypeAreaSlow","2","","","","","","","","","","","","","","","","","","","","","","","","","","","","","","","","","","","","","","","","","","","","","","","","","","","","","","","",""
"ControllerArchetypeTrail","","700","","400","","","","1","","BulletExplosion","","","","","","","","","","","","","0","","ControllerArchetypeMine","90","","","","","","","","","","","","","","","","","","","","","","","","","","","","","","","","","","","","","","","","","","","",""
"ControllerArchetypeEnd","","700","","400","","","","5","","BulletExplosion","","","","","","","","","","","","","6","","ControllerArchetypeMine","90","0","","","","","","","","","","","","","","","","","","","","","","","","","","","","","","","","","","","","","","","","","","",""
"CashGrabSpawn","","5000","","300","","","","","","Effect","","","","","","","","","","","","","","","","","","","","","","","","","","","","","","","","","","","","","Cash","","","","","","","","","","","","","","","","","","","","","","",""
"AssassinArchetypeExecuteAreaEffect","","500","","100","","","","","","Effect","","","","","","","","","","","","","","","","","","","","","","","","","","","","","","","","","","","","","","","","","","","","","","","","","","","","","","","","","","","",""
"DiggerShrapnelArea","","700","","","","","","4","","BulletExplosion","","","","","","","","","","","","DiggerProjectileShrapnel","8","","","","45","","","","","","","","","","","","","","","","","","","","","","","","","","","","","","","","","","","","","","","","","","",""
"DiggerShrapnelArea2","","700","","","","","","4","","BulletExplosion","","","","","","","","","","","","DiggerProjectileShrapnel","5","","","","45","","","","","","","","","","","","","","","","","","","","","","","","","","","","","","","","","","","","","","","","","","",""
"DiggerDrillDive","","2000","","400","","","","","","Effect","","","","","","","","","","","","","","","","","","","","","","","","","","","","","","","","","","","","","","","","","","","","","","","","","","","","","","","","","","","",""
"DiggerDrillTrail","","2000","","400","","","","","","Effect","","","","","","","","","","","","","","","","","","","","","","","","","","","","","","","","","","","","","","","","","","","","","","","","","","","","","","","","","","","",""
"DiggerDrillSurface","","2000","","800","100","","","","","Damage","","","","","","","","","","","","","","","","","","","","","","100","","","","","","","","","","","","","","","","","","","","","","","","","","","","","","","","","","","","","",""
"DiggerOverchargedDrillDive","","2000","","400","","","","","","Effect","","","","","","","","","","","","","","","","","","","","","","","","","","","","","","","","","","","","","","","","","","","","","","","","","","","","","","","","","","","",""
"DiggerOverchargedDrillTrail","","2000","","400","","","","","","Effect","","","","","","","","","","","","","","","","","","","","","","","","","","","","","","","","","","","","","","","","","","","","","","","","","","","","","","","","","","","",""
"DiggerOverchargedDrillSurface","","2000","","800","100","","","","","Damage","","","","","","","","","","","","","","","","","","","","","","100","","","","","","","","","","","","","","","","","","","","","","","","","","","","","","","","","","","","","",""
"SamuraiCrossSlashArea","","1500","","","","","","","","CrossSlashGround","","","","","","","","","","","","","","","","","","","","","","","","","","","","","","","","","","","","","","","","","","","","","","","","","","","","","","","","","","","",""
"SamuraiOverchargedPullInArea","","1000","","1500","","","","","","Pushback","","","","","","","","","","","","","","","","","","","","","","-50","","","","","","","","","","","","","","","","","","","","","","","","","","","","","","","","","","","","","",""
"GhostSuperChargeArea","","600000","","1800","","","","270","","EnemyChargeSuper","","","","","","","","","","true","","","","","","","","","","","","","","","","","","","true","","","","","","","","","","","","","","","","","","","","","","","","","","","","","","",""
"GhostSpookyArea","","500","","1000","","","","","","StatusEffect","","","GhostSpooked","20","","","","","","","","","","","","","","","","","","","","","","","","","","","","","","","","","","","","","","","","","","","","","","","","","","","","","","","",""
"GraceOfAndAngelAreaEffect","","250","","1000","-5","","5","","","Heal","","","","","","","","","","","","","","","","","","","","","","","","","","","","","","","","","","","","","","","","","","","","","","","","","","","","","","","","","","","",""
"LastBreathPushBack","","100","","1200","1","","","","","Pushback","","","","","","","","","","","","","","","","","","","","","","100","","","","","","","","","","","","","","","","","","","","","","","","","","","","","","","","","","","","","",""
"DemonicRevengeAreaEffect","","1000","","1000","","","","","","Effect","","","","","","","","","","","","","","","","","","","","","","","","","","","","","","","DemonicRevengeAreaEffectExplosion","","","","","","","","","","","","","","","","","","","","","","","","","","","","",""
"DemonicRevengeFireAreaEffect","","4000","","800","40","","4","","","Dot","","","","","","","","","TRUE","","","","","","","","","","","","","","","","","","","","","","","","","","","","","","","","","","","","","","","","","","","","","","","","","","",""
"WrathOfAnAngelAreaEffect","","1000","","1500","300","","","3","","BulletSpin2","","","","","","","","","","","","WrathOfAnAngelProjectile","18","","","","","","","","","","","","","","","","","","","","","","","","","","","","","","","","","","","","","","","","","","","","","","",""
"DemonicFireAreaEffect","","10000","","450","200","","5","","","Dot","","","","","","","","","","","","","","","","","","","","","","","","","","","","","","","","","","","","","","","","","","","","","","","","","","","","","","","","","","","",""
"DemonicPowerAreaEffect","","500","","600","","","","","","Effect","","","","","","","","","","","","","","","","","","","","","","","","","","","","","","","","","","","","","BattleRoyaleBuff","","","","","","","","","","","","","","","","","","","","","","",""
"VoodooAttackEarth","","1900","","600","","","","","","Damage","","","","","","","","","","","","","","","","","","","","","","","","","","","","","","","","","","","","","","","","","","","","","","","","","","","","","","","","","","","",""
"VoodooAttackForest","","1900","","600","","","","","","Damage","","","","","","","","","","","","","","","","","","","","","","","","","","","","","","","","","","","","","","","","","","","","","","","","","","","","","","","","","","","",""
"VoodooAttackWater","","1900","","600","","","","","","Damage","","","","","","","","","","","","","","","","","","","","","","","","","","","","","","","","","","","","","","","","","","","","","","","","","","","","","","","","","","","",""
"f5625159144593ccb22972acfa8738c9a2d4d6cd","true","700","","600","","","","","","Damage","","","","","","","","","","","","","","","","","","","","","","","","","","","","","","","","","","","","","","","","","","","","","","","","","","","","","","","","","","","",""
"VoodooAttackAll","","1900","","600","","","","60","300","Damage","","","","","","","","","","","","","","","","","","","","","","","","","","","","","","","","","","","","","","","","","","","","","","","","","","","","","","","","","","","",""
"VoodooSlowDebuff","","100","","600","","","","","","StatusEffect","","","VoodooAreaSlow","","","","","","","","true","","","","","","","","","","","","","","","","","","","","","","","","","","","","","","","","","","","","","","","","","","","","","","","","",""
"BarrelBotOverchargeChargeArea","","700","","300","300","","5","2","","BulletSpin","","","","","","","","","","","","BarrelBotOverchargedProjectile","13","","","","","","","","","","","","","","","","","","","","","","","","","","","","","","","","","","","","","","","","","","","","","","",""
"DemonicRevengeAreaEffectExplosion","","700","","800","2000","","5","","","Damage","","","","","","","","","","","","","","","","","","","","","","","","","","","","","","","DemonicRevengeFireAreaEffect","","","","","","","","","","","","","","","","","","","","","","","","","","","","",""
"LightyearFlightUltiExplosion","","700","","600","","","","","","Damage","","","","","","","","","","","","","","","","","","","","","","","150","","","","","","","","","","","","","","","","","","","","","","","","","","","","","","","","","","","","",""
"LightyearSwordLanding","","2000","","600","100","","","","","Damage","","","","","","","","","","","","","","","","","","","","","","100","","","","","","","","","","","","","","","","","","","","","","","","","","","","","","","","","","","","","",""
"MeepleSuperArea","","10000","","1000","","","1","2","","MeepleCheatArea","","","","","","","","","","","","","","","","","","","","","","","","","","","","","","","","","","","","","","","","","","","","","","","","","","","","","","","","","","","",""
"MeepleOverchargedSuperArea","","10000","","1300","","","1","2","","MeepleCheatArea","","","","","","","","","","","","","","","","","","","","","","","","","","","","","","","","","","","","","","","","","","","","","","","","","","","","","","","","","","","",""
"MeepleOverchargedPassWallArea","","10000","","1300","","","","","","StatusEffect","MeepleOverchargedPassWall","MeepleOverchargedPassWall","","5","","","","","","","","","","","","","","","","","","","","","","","","","","","","","","","","","","","","","","","","","","","","","","","","","","","","","","","",""
"MeepleWallArea","","500","","900","","","","18","20","MeepleWallSpawn","","","","","","","","","","","","","","","","","","","","","","","","","","","","","","","","","","","","","","","","","","","","","","","","","","","","","","","","","","","",""
"MeepleWallAreaExplosion","","700","","900","","","","","","Damage","","","","","","","","","","","","","","","","","","","","","","","","","","","","","","","","","","","","","","","","","","","","","","","","","","","","","","","","","","","",""
"SkaterUltiLanding","","1500","","","","","","","","StatusEffect","SkaterUltiAmmoReductionSelf","","","","","","","","","TRUE","","","","","","","","","","","","","","","","","","","","","SkaterUltiTaunt","","","","","","","","","","","","","","","","","","","","","","","","","","","","",""
"SkaterUltiLandingOvercharged","","1500","","","","","","","","StatusEffect","","","","","","","","","","TRUE","","","","","","","","","","","","","","","","","","","","","SkaterUltiTauntOvercharged","","","","","","","","","","","","","","","","","","","","","","","","","","","","",""
"SkaterUltiTaunt","","200","","1000","","","","","","StatusEffect","","","SkaterUltiTaunt","","","","","","","","","","","","","","","","","","","","","","","","","","","","","","","","","","","","","","","","","","","","","","","","","","","","","","","","",""
"SkaterUltiTauntOvercharged","","200","","1500","","","","","","StatusEffect","","","SkaterUltiHCTaunt","","","","","","","","","","","","","","","","","","","","","","","","","","","","","","","","","","","","","","","","","","","","","","","","","","","","","","","","",""
"SkaterGadgetTaunt","","200","","500","","","","","","StatusEffect","","","SkaterGadgetJumpTaunt","","","","","","","","","","","","","","","","","","","","","","","","","","","","","","","","","","","","","","","","","","","","","","","","","","","","","","","","",""
"PayloadSingleMoveArea","","600000","","1500","","","","","","Effect","","","","","","","","","","","","","","","","","","","","","","","","","","","","","","","","","","","","","","","","","","","","","","","","","","","","","","","","","","","",""
"MeepleRageQuitArea","","300","","1600","","","","30","5","HpBasedStun","","","","","","","","","","","","","","","","","","","","","","120","","","","","","","","","","","","","","","","","","","","","","","","","","","","","","","","","","","","","",""
"FishTankOverchargedAreaEffect","","700","","1000","1320","","","6","","BulletExplosion","","","","","","","","","","","","hankOverchargedUltiProjectile","60","","","","","","","","","","","","","","","","","","","","","","","","","","","","","","","","","","","","","","","","","","","","","","",""
"Bo_def_overcharged_ulti1_area","","700","","300","","","","","","Effect","","","","","","","","","","","","","","","","","","","","","","","","","","","","","","","","","","","","","","","","","","","","","","","","","","","","","","","","","","","",""
"Bo_def_overcharged_ulti2_area","","700","","600","99","","","","","Damage","","","","","","","","","","","","","","","","","","","true","","","70","","","","","","","","","","","","","","","","","","","","","","","","","","","","","","","","","","","","","",""
"MinigunOverchargedHealingStationHeal","","600000","","1000","-10","","2","","","HotAndOverheals","","","","","","","","","","","","","","","","","","","","","","","","","","","","","","","","","","","","","","","","","","150","TRUE","6000","80","","","","","","","","","","","","","","",""
"MinigunOverchargedInstantHeal","","250","","1000","-30","TRUE","2","","1","Heal","","","","","","","","","","","","","","","","","","","","","","","","","","","","","","","","","","","","","","","","","","","","","","","","","","","","","","","","","","","",""
"WhirlwindOverchargedAreaEffect","","4000","","270","","","","","","StatusEffect","","","WhirlwindUltiTrailFire","10","","","","","","","","","","","","","","","","","","","","","","","1000","","","","","","","","","","","","","","","","","","","","","","","","","","","","","","","","",""
"ChronomancerUltiTimebend","","7000","","900","","","","","","StatusEffect","ChronomancerTimebendBoostSelf","ChronomancerTimebendSpeedBoost","ChronomancerTimebendSpeedReduce","","","","","","","","","","","","","","","","","","","","","","","","","","","","","","","","","","","","","","","","","","","","TRUE","TRUE","","","","","","","","","","","",""
"ChronomancerNanoPower","","7000","","900","","","","","","StatusEffect","","","ChronomancerTimebendSpeedReduce","","","","","","","","","","","","","","","","","","","","","","","","","","","","","","","","","","","","","","","","","","","","TRUE","TRUE","","","","","","","","","","","",""
"ChronomancerOverchargedUltiTimebend","","7000","","900","","","","","","StatusEffect","ChronomancerTimebendBoostSelf","ChronomancerTimebendSpeedBoost","ChronomancerTimebendSpeedReduce","","","","","","","","","","","","","","","","","","","","","","","","","","","","","","","","","","","","","","","","","","","","TRUE","TRUE","","","","","","","","","","","",""
"SoulCollectorOverchargedPushback","","700","","800","","","","","","Pushback","","","","","","","","","","","","","","","","","","","","","","150","","","true","","","","","","","","","","","","","","","","","","","","","","","","","","","","","","","","","","",""
"SoulCollectorOverchargedAreaEffect","","0","","300","","","","10","","BulletExplosion","","","","","","","","","","","","GusOverchargedAreaEffectProjectile","30","500","","","","","","","","","","","","","","","","","","","","","","","","","","","","","","","","","","","","","","","","","","","","","",""
"MorningstarFireGadgetArea","","3900","","600","30","","1","","","Dot","","","","","","","","","","","","","","","","","","","","","","","","","","","1000","","","","","","","","","","","","","","","","","","","","","","","","","","","","","","","","",""
"MorningstarIceGadgetArea","","3000","","600","0","","1","90","","Slippery","","","","","","","","","","","","","","","","","","","","","","","","","","","1000","","","","","","","","","","","","","","","","","","","","","","","","","","","","","","","","",""
"MorningstarUltiArea1","","700","","270","100","","4","","","Damage","","","","","","","","","","","","","","","","","","","","","","","","","","","1000","","","","","","","","","","","","","","","","","","","","","","","","","","","","","","","","",""
"MorningstarUltiArea2","","700","","400","100","","4","","","Damage","","","","","","","","","","","","","","","","","","","","","","","","","","","1000","","","","","","","","","","","","","","","","","","","","","","","","","","","","","","","","",""
"MorningstarUltiArea3","","700","","550","100","","4","","","Damage","","","","","","","","","","","","","","","","","","","","","","","","","","","1000","","","","","","","","","","","","","","","","","","","","","","","","","","","","","","","","",""
"MorningstarUltiArea3StatusEffect","","700","","550","","","","","","StatusEffect","","","MorningstarSuperRoot","","","","","","","","","","","","","","","","","","","","","","","","","","","","","","","","","","","","","","","","","","","","","","","","","","","","","","","","",""
"MorningstarUltiArea1SP","","4000","","270","20","","4","","","Dot","","","","","","","","","true","","","","","","","","","","","","","","","","","","1000","MorningstarUltiArea2SP;MorningstarUltiArea3SP","","","","","","","","","","","","","","","","","","","","","","","","","","","","","","","",""
"MorningstarUltiArea2SP","","4000","","400","20","","4","","","Dot","","","","","","","","","true","","","","","","","","","","","","","","","","","","1000","MorningstarUltiArea1SP;MorningstarUltiArea3SP","","","","","","","","","","","","","","","","","","","","","","","","","","","","","","","",""
"MorningstarUltiArea3SP","","4000","","550","20","","4","","","Dot","","","","","","","","","true","","","","","","","","","","","","","","","","","","1000","MorningstarUltiArea1SP;MorningstarUltiArea2SP","","","","","","","","","","","","","","","","","","","","","","","","","","","","","","","",""
"UnoScore","","700","","300","","","","","","Effect","","","","","","","","","","","","","","","","","","","","","","","","","","","","","","","","","","","","","","","","","","","","","","","","","","","","","","","","","","","",""
"UnoCardSpawn","","5000","","300","","","","","","Effect","","","","","","","","","","","","","","","","","","","","","","","","","","","","","","","","","","","","","","","","","","","","","","","","","","","","","","","","","","","",""
"Mspawn","","500","","600","","","","","","Effect","","","","","","","","","","","","","","","","","","","","","","","","","","","","","","","","","","","","","Mxp","","","","","","","","","","","","","","","","","","","","","","",""
"UnoSkip","","700","","300","","","","","","Effect","","","","","","","","","","","","","","","","","","","","","","","","","","","","","","","","","","","","","","","","","","","","","","","","","","","","","","","","","","","",""
"UnoDrawTwo","","700","","300","","","","","","Effect","","","","","","","","","","","","","","","","","","","","","","","","","","","","","","","","","","","","","","","","","","","","","","","","","","","","","","","","","","","",""
"ChronomancerTimeRewindLocation","","600000","","200","","","","","","Effect","","","","","","","","","","","","","","","","","","","","","","","","","","","","","","","","","","","","","","","","","","","","","","","","","","","","","","","","","","","",""
"ChronomanceUltiDurationIncreasePulse","","200","","200","","","","","","Effect","","","","","","","","","","","","","","","","","","","","","","","","","","","","","","","","","","","","","","","","","","","","","","","","","","","","","","","","","","","",""
"MinionSpawnArea","","600000","","1000","","","","","","Effect","","","","","","","","","","","","","","","","","","","","","","","","","","","","","","","","","","","","","","","","","","","","","","","","","","","","","","","","","","","",""
"MinionSpawnCapture","","600000","","1000","","","","","","Effect","","","","","","","","","","","","","","","","","","","","","","","","","","","","","","","","","","","","","","","","","","","","","","","","","","","","","","","","","","","",""
"MinionSpawnGauge","","600000","","1000","","","","","","Effect","","","","","","","","","","","","","","","","","","","","","","","","","","","","","","","","","","","","","","","","","","","","","","","","","","","","","","","","","","","",""
"MinionSpawnComplete","","600000","","1000","","","","","","Effect","","","","","","","","","","","","","","","","","","","","","","","","","","","","","","","","","","","","","","","","","","","","","","","","","","","","","","","","","","","",""
"AlternatorHealAura","","100","","1250","","","","","","StatusEffect","AlternatorHealAura","AlternatorHealAura","","","","","","","","","","","","","","","","","","","","","","","","","","","","","","","","","","","","","","","","","","","","TRUE","","","","","","","","","","","","","",""
"AlternatorSpeedAura","","100","","1250","","","","","","StatusEffect","AlternatorSpeedAura","AlternatorSpeedAura","","","","","","","","","","","","","","","","","","","","","","","","","","","","","","","","","","","","","","","","","","","","TRUE","","","","","","","","","","","","","",""
"AlternatorDamageAura","","100","","1250","","","","","","StatusEffect","","","AlternatorDamageAura","","","","","","","","","","","","","","","","","","","","","","","","","","","","","","","","","","","","","","","","","","","","","","","","","","","","","","","","",""
"AlternatorSlowAura","","100","","1250","","","","","","StatusEffect","","","AlternatorSlowAura","","","","","","","","","","","","","","","","","","","","","","","","","","","","","","","","","","","","","","","","","","","TRUE","","","","","","","","","","","","","",""
"AlternatorProjectileSpeedTrail","","2500","","200","","","","","","StatusEffect","AlternatorProjectileSpeedTrail","AlternatorProjectileSpeedTrail","","","","","","","","","","","","","","","","","","","","","","","","","","","","","","","","","","","","","","","","","","","","TRUE","","","","","","","","","","","","","",""
"AlternatorProjectileSlowTrail","","3500","","200","","","","","","StatusEffect","","","AlternatorProjectileSlowTrail","","","","","","","","","","","","","","","","","","","","","","","","","","","","","","","","","","","","","","","","","","","TRUE","","","","","","","","","","","","","",""
"AlternatorHealAuraOvercharged","","100","","1250","","","","","","StatusEffect","AlternatorHealAuraOvercharged","AlternatorHealAuraOvercharged","","","","","","","","","","","","","","","","","","","","","","","","","","","","","","","","","","","","","","","","","","","","TRUE","","","","","","","","","","","","","",""
"AlternatorSpeedAuraOvercharged","","100","","1250","","","","","","StatusEffect","AlternatorSpeedAuraOvercharged","AlternatorSpeedAuraOvercharged","","","","","","","","","","","","","","","","","","","","","","","","","","","","","","","","","","","","","","","","","","","","TRUE","","","","","","","","","","","","","",""
"AlternatorSpeedFromCloseAlliesArea","","600000","","1250","","","","270","","Effect","","","","","","","","","","true","","","","","","","","","","","","","","","","","","","true","","","","","","","","","","","","","","","","","","","","","","","","","","","","","","",""
"MinionSpawnKaijuGauge","","600000","","1000","","","","","","Effect","","","","","","","","","","","","","","","","","","","","","","","","","","","","","","","","","","","","","","","","","","","","","","","","","","","","","","","","","","","",""
"PainterAreaEffectMutant","","3000","","375","300","","5","50","","HotAndDot","","","","","","","","","true","","","","","","","","","","","","","","","","","","1000","","","","PainterAreaEffectEndMutant","","","","","","","","","","","","","","","","","","","","","","","","","","","","",""
"PainterAreaEffectEndMutant","","0","","375","","","","","","Effect","","","","","","","","","","","","","","","","","","","","","","","","","","","","","","","","","","","","","","","","","","","","","","","","","","","","","","","","","","","",""
"GeishaWeakSpotAttack","","700","","600","","","","200","","WeakSpotAttack","","","","","","","","","","","","","","","","","","","","true","","","","","","","","","","TRUE","","","","","","","","","","","","","","","","","","","","","","","","","","","","","",""
"GeishaStormVisibility","","5000","","1500","","","","","","StatusEffect","","","GeishaStormDebuff","2","","","","","","","","","","","","","","","","","","","","","","","","","","","","","","","","","","","","","","","","","","","","","","","","","","","","","","","",""
"GeishaStormDamage","","5000","","1500","650","","","","","Dot","","","","","","","","","","","","","","","","","","","","","","","","","","","","","","","","","","","","","","","","","","","","","","","","","1200","","","","","","","","","200","",""
"GeishaStormLoseAmmo","","100","","1200","","","","34","","LoseAmmo","","","","","","","","","","","","","","","","","","","","","","","","","","","","","","","","","","","","","","","","","","","","","","","","","","","","","","","","","","","",""
"GeishaStormVisibilityOvercharged","","5000","","1500","","","","","","StatusEffect","","","GeishaStormDebuff","2","","","","","","","","","","","","","","","","","","","","","","","","","","","","","","","","","","","","","","","","","","","","","","","","","","","","","","","",""
"GeishaStormOverchargedCenterDamage","","5000","","1200","10","","4","","","Dot","","","","","","","","","","","","","","","","","","","","","","","","","","","","","","","","","","","","","","","","","","","","","","","","","","","","","","","","","","","",""
"GeishaTransformedMarkExplosionSP","","100","","600","100","","4","","","Damage","","","","","","","","","","","","","","","","","","","","","","","","","","","","","","","","","","","","","","","","","","","","","","","","","","","","","","","","","","","",""
"GeishaTransformedMarkDamagedOvercharged","","700","","300","","","","","","Effect","","","","","","","","","","","","","","","","","","","","","","","","","","","","","","","","","","","","","","","","","","","","","","","","","","","","","","","","","","","",""
"GeishaTransformEffect","","700","","300","","","","","","Effect","","","","","","","","","","","","","","","","","","","","","","","","","","","","","","","","","","","","","","","","","","","","","","","","","","","","","","","","","","","",""
"BarleyMutationAreaEffect","","1900","","600","","","","","","Dot","","","","","","","","","","","","","","","","","","","","","","","","","","","","","","","","","","","","","","","","","","","","","","","","","","","","","","","","","","","",""
"GrayMutationArea","","700","","1000","1320","","","6","","BulletExplosion","","","","","","","","","","","","DoorManCaneGadgetProjectile","60","","","","","","","","","","","","","","","","","","","","","","","","","","","","","","","","","","","","","","","","","","","","","","",""
"MrpMutationArea","","700","","1000","0","","","2","","BulletExplosion","","","","","","","","","","","","SpawnerDudeMutantProjectile","5","","","","","","","","","","","","","","","","","","","","","","","","","","","","","","","","","","","","","","","","","","","","","","",""
"MegaBossAreaIndicatorSmall","","2000","","300","","","","","","Effect","","","","","","","","","","","","","","","","","","","","","","","","","","","","","","","","","","","","","","","","","","","","","","","","","","","","","","","","","","","",""
"MegaBossWarning360","","1000","","300","","","","","","Effect","","","","","","","","","","","","","","","","","","","","","","","","","","","","","","","","","","","","","","","","","","","","","","","","","","","","","","","","","","","",""
"MegaKenjiPushBack","","700","","1200","1200","","","","","Damage","","","","","","","","","","","","","","","","","","","","","","150","250","","","","","","","","","","","","","","","","","","","","","","","","","","","","","","","","","","","","",""
"MegaKenjiBulletExplosion360","","800","","600","500","","","15","","BulletExplosion","","","","","","","","","","","","MegaKenjiProjectileFast360","80","300","","","","","","","","","","","","","","","","","MegaKenjiBulletExplosion3602","","","","","","","","","","","","","","","","","","","","","","","","","","","","",""
"SamuraiSmashSpawn","","700","","300","","","","","","Effect","","","","","","","","","","","","","","","","","","","","","","","","","","","","","","","","","","","","","","","","","","","","","","","","","","","","","","","","","","","",""
"SamuraiSmashSpawnIncoming","","5000","","450","","","","","","Effect","","","","","","","","","","","","","","","","","","","","","","","","","","","","","","","SamuraiSpawnExplosion","","","","","","","","","","","","","","","","","","","","","","","","","","","","",""
"SamuraiSmashSpawnIncomingBoss","","5000","","300","","","","","","Effect","","","","","","","","","","","","","","","","","","","","","","","","","","","","","","","SamuraiSpawnExplosion","","","","","","","","","","","","","","","","","","","","","","","","","","","","",""
"PercenterAreaEffectMutant","","700","","","100","","5","4","","BulletExplosion","","","","","","","","","","","","PercenterProjectile","15","","","","45","","","","","","","","","","","","","","","","","","","","","","","","","","","","","","","","","","","","","","","","","","",""
"SamuraiSpawnExplosion","","700","","550","","","","","","Damage","","","","","","","","","","","","","","","","","","","","","","150","250","","","","","","","","","","","","","","","","","","","","","","","","","","","","","","","","","","","","",""
"HeistSafePushback","","100","","1200","1","","","","","Pushback","","","","","","","","","","","","","","","","","","","","","","100","","","","","","","","","","","","","","","","","","","","","","","","","","","","","","","","","","","","","",""
"MegaKenjiBulletExplosion3602","","1000","","600","500","","","18","","BulletExplosion","","","","","","","","","","","","MegaKenjiProjectileFast360","80","300","","","","","","","","","","","","","","","","","MegaKenjiBulletExplosion3603","","","","","","","","","","","","","","","","","","","","","","","","","","","","",""
"MegaKenjiBulletExplosion3603","","1000","","600","500","","","20","","BulletExplosion","","","","","","","","","","","","MegaKenjiProjectileFast360","80","300","","","","","","","","","","","","","","","","","MegaKenjiBulletExplosion3604","","","","","","","","","","","","","","","","","","","","","","","","","","","","",""
"MegaKenjiBulletExplosion3604","","1000","","600","500","","","25","","BulletExplosion","","","","","","","","","","","","MegaKenjiProjectileFast360","80","300","","","","","","","","","","","","","","","","","","","","","","","","","","","","","","","","","","","","","","","","","","","","","",""
"SamuraiItemPickup","","700","","300","","","","","","Effect","","","","","","","","","","","","","","","","","","","","","","","","","","","","","","","","","","","","","","","","","","","","","","","","","","","","","","","","","","","",""
"DemonicAreaEffect","","700","","450","300","true","5","","","Damage","","","","","","","","","","","","","","","","","","","","","","","","","","","","","","","","","","","","","","","","","","","","","","","","","","","","","","","","","","","",""
"AngelicAreaEffect","","300","","800","300","true","5","","","Damage","","","","","","","","","","","","","","","","","","","","","","","","","","","","","","","","","","","","","","","","","","","","","","","","","","","","","","","","","","","",""
"DemonicBulletAreaEffect","","200","","600","300","true","","6","","BulletExplosion","","","","","","","","","","","","DemonicProjectile","15","300","","","","","","","","","","","","","","","","","","","","","","","","","","","","","","","","","","","","","","","","","","","","","",""
"StalkerWeaponJumpArea","","300","","450","","","","","","Damage","","","","","","","","","","","","","","","","","","","","","","","","","","","","","","true","","","","","","","","","","","","","","","","","","","","","","","","","","","","","",""
"DomainDamageArea","","300","","1000","1400","","","","","Damage","","","","","","","","","","","","","","","","","","","","","","","","","","","","","","","DomainOwnedArea","","","","","","","","","","","","","","","","","","800","75","","","","","","","","","",""
"DomainDamageWarningArea","","350","","","","","","","","Effect","","","","","","","","","","","","","","","","","","","","","","","","","","","","","","","","","","","","","","","","","","","","","","","","","","","","","","","","","","","",""
"DomainOwnedArea","","20000","","500","","","","","","StatusEffect","DomainOnAreaBuff","","","2","","","","","true","","","","","","","","","","","","","","","","","","","","","","","","","","","","","","","","","","","","","","","","","","","","","","","","","","",""
"DomainOwnedAreaBig","","20000","","850","","","","","","StatusEffect","DomainOnAreaBuff","","","2","","","","","true","","","","","","","","","","","","","","","","","","","","","","","","","","","","","","","","","","","","","","","","","","","","","","","","","","",""
"DemonicAreaEffectFire","","2900","","300","300","true","5","","","Dot","","","","","","","","","true","","","","","","","","","","","","","","","","","","","","","","","","","","","","","","","","","","","","","","","","","","","","","","","","","","",""
"AngelicBulletAreaEffect","","200","","600","300","true","","12","","BulletExplosion","","","","","","","","","","","","AngelicProjectile","12","300","","","","","","","","","","","","","","","","","","","","","","","","","","","","","","","","","","","","","","","","","","","","","",""
"DodgeballScore","","700","","300","","","","","","Effect","","","","","","","","","","","","","","","","","","","","","","","","","","","","","","","","","","","","","","","","","","","","","","","","","","","","","","","","","","","",""
"TrainModeAreaEffect","","100","","800","","","","","","StatusEffect","","","CannonGirlOverchargedStun","","","","","","","","","","","","","","","","","","","","","","","","","","","","","","","","","","","","","","","","","","","","","","","","","","","","","","","","",""
"OutOfLineArea","","500","","700","","","","23","23","MeepleWallSpawn","","","","","","","","","","","","","","","","","","","","","","","","","","","","","","","","","","","","","","","","","","","","","","","","","","","","","","","","","","","",""
"SuperSneakersSpeed","","1000","","500","350","","","50","","StatusEffect","SuperSneakersSpeedBoost","SuperSneakersSpeedBoost","","","","","","","","true","","","","","","","","","","","","","","","","","","","","","","","","","","","","","","","","","","","","","","","","","","","","","","","","","",""
"TrailRunWaypointActivation","","700","","300","","","","","","Effect","","","","","","","","","","","","","","","","","","","","","","","","","","","","","","","","","","","","","","","","","","","","","","","","","","","","","","","","","","","",""
"OutOfLineArea_lvl3","","500","","700","","","","24","24","MeepleWallSpawn","","","","","","","","","","","","","","","","","","","","","","","","","","","","","","","","","","","","","","","","","","","","","","","","","","","","","","","","","","","",""
"FuryWarning","","750","","450","","","","","","Effect","","","","","","","","","","","","","","","","","","","","","","","","","","","","","","","FuryExplosion","","","","","","","","","","","","","","","","","","","","","","","","","","","","",""
"FuryWarningCritLogic","","750","","450","","","","","","Effect","","","","","","","","","","","","","","","","","","","","","","","","","","","","","","","FuryExplosion","","","","","","","","","","","","","","","","","","","","","","","","","","","","",""
"FuryExplosion","","600","","450","","","","","","Damage","","","","","","","","","","","","","","","","","","","","","","","","","","","","","","","","","","","","","","","","","","","","","","","","","","","","","","","","","","","",""
"FuryUltiArea","","10000","3000","1500","700","","","","","Dot","","","","","","","","","true","","","","","","","","","","","","","","","","","","","","","","","","","","","","","","","","","","","","","","","","","","followTargetGone","","","","","","","","",""
"FuryOverchargedUltiArea","","10000","","1500","700","","","","","Dot","","","","","","","","","true","","","","","","","","","","","","","","","","","","","","","","","","","","","","","","","","","","","","","","","","","","followTargetGone","","","","","","","","",""
"FuryGadgetTeleport","","700","","300","","","","","","Effect","","","","","","","","","","","","","","","","","","","","","","","","","","","","","","","","","","","","","","","","","","","","","","","","","","","","","","","","","","","",""
"HealBoomBox","","5000","","1000","-300","","0","","","Hot","","","","","","","","","","","","","","","","","","","","","","","","","","","","","","","","","","","","","","","","","","","","","","","","","","","","","","","","","","","",""
"PushbackBoomBox","","300","","450","","","","10","","Pushback","","","","","","","","","","","","","","","","","","","","","","100","","","","","","","","","","","","","","","","","","","","","","","","","","","","","","","","","","","","","",""
"PushbackBoomBoxLvL3","","300","","650","","","","10","","Pushback","","","","","","","","","","","","","","","","","","","","","","100","","","","","","","","","","","","","","","","","","","","","","","","","","","","","","","","","","","","","",""
"DancerBlockProjectiles","","1000","","600","","","","","","BlockProjectiles","","","","","","","","","","","","","","","","","","","","","","","","","","","","","","","","","","","","","","","","","","","","","","","","","","","","","","","","","","","",""
"RogueliteDancerBlockProjectiles","","3000","","480","","","","","","BlockProjectiles","","","","","","","","","","","","","","","","","","","","","","","","","","","","","","","","","","","","","","","","","","","","","","","","","","","","","","","","","","","",""
"DancerBlockProjectilesNanoPower","","1500","","900","","","","","","BlockProjectiles","","","","","","","","","","","","","","","","","","","","","","","","","","","","","","","","","","","","","","","","","","","","","","","","","","","","","","","","","","","",""
"CollectionEventModifierSpawn","","1000","","300","","","","","","Effect","","","","","","","","","","","","","","","","","","","","","","","","","","","","","","","","","","","","","EventCollectToken","","","","","","","","","","","","","","","","","","","","","","",""
"MegaBossCactusSpikeExplosion","","700","","300","","","","12","","BulletExplosion","","","","","","","","","","","","CactusSpike","40","","","","","","","","","","","","","","","","","","","","","","","","","","","","","","","","","","","","","","","","","","","","","","",""
"MegaTrickshotDude360PushAwayBullet","","800","","600","600","","","10","","BulletExplosion","","","","","","","","","","","","MegaBossTrickshotDudeUltiProjectile","20","300","","","","","","","","","","","","","","","","","","","","","","","","","","","","","","","","","","","","","","","","","","","","","",""
"MegaTrickshotDude360PushAwayArea","","700","","600","600","","","","","Damage","","","","","","","","","","","","","","","","","","","true","","","200","","","","","","","","","","","","","","","","","","","","","","","","","","","","","","","","","","","","","",""
"MegaTrickshotDude360Madness","","800","","600","400","","","8","","BulletExplosion","","","","","","","","","","","","MegaBossTrickshotDudeProjectile","20","300","","","","","","","","","","","","","","","","","MegaTrickshotDude360Madness2","","","","","","","","","","","","","","","","","","","","","","","","","","","","",""
"MegaTrickshotDude360Madness2","","800","","600","400","","","15","","BulletExplosion","","","","","","","","","","","","MegaBossTrickshotDudeProjectile","20","300","","","","","","","","","","","","","","","","","MegaTrickshotDude360Madness3","","","","","","","","","","","","","","","","","","","","","","","","","","","","",""
"MegaTrickshotDude360Madness3","","800","","600","600","","","10","","BulletExplosion","","","","","","","","","","","","MegaBossTrickshotDudeUltiProjectile","20","300","","","","","","","","","","","","","","","","","MegaTrickshotDude360Madness4","","","","","","","","","","","","","","","","","","","","","","","","","","","","",""
"MegaTrickshotDude360Madness4","","800","","600","800","","","6","","BulletExplosion","","","","","","","","","","","","MegaBossTrickshotDudeProjectileLarge","20","300","","","","","","","","","","","","","","","","","","","","","","","","","","","","","","","","","","","","","","","","","","","","","",""
"SubwayTrainRushProjectileSpeedTrail","","2500","","200","","","","","","StatusEffect","AlternatorProjectileSpeedTrail","AlternatorProjectileSpeedTrail","","","","","","","","","","","","","","","","","","","","","","","","","","","","","","","","","","","","","","","","","","","","TRUE","","","","","","","","","","","","","",""
"MegaBossCrowJumpKnifes","","700","","300","","","","10","","BulletExplosion","","","","","","","","","","","","MegaBossCrowJumpProjectile","80","","","","","","","","","","","","","","","","","","","","","","","","","","","","","","","","","","","","","","","","","","","","","","",""
"MegaBossCrowSwamp","","4000","","400","","","","","","Dot","","","","","","","","","","","","","","","","","","","","","","","","","","","1000","","","","","","","","","","","","","","","","","","","","","","","","","","","","","","","","",""
"MegaBossCrowSwampStatus","","4000","","400","","","","","","StatusEffect","","","MegaCrowPoisonVirus","2","","","","","true","","","","","","","","","","","","","","","","","","","","","","","","","","","","","","","","","","","","","","","","","","","","","","","","","","",""
"MegaBossCrowSwampLarge","","2000","","400","","","","","","Dot","","","","","","","","","","","","","","","","","","","","","","","","","","","1000","","","","","","","","","","","","","","","","","","","","","","","","","","","","","","","","",""
"MegaBossCrowSwampStatusLarge","","2000","","400","","","","","","StatusEffect","","","MegaCrowPoisonVirus","2","","","","","true","","","","","","","","","","","","","","","","","","","","","","","","","","","","","","","","","","","","","","","","","","","","","","","","","","",""
"MegaBossCrowUltiIndicator","","2500","","600","","","","","","Effect","","","","","","","","","","","","","","","","","","","","","","","","","","","","","","","","","","","","","","","","","","","","","","","","","","","","","","","","","","","",""
"MegaBossCrowJumpKnifesSmall","","700","","300","","","","3","","BulletExplosion","","","","","","","","","","","","MegaBossCrowJumpProjectile","80","","","","","","","","","","","","","","","","","","","","","","","","","","","","","","","","","","","","","","","","","","","","","","",""
"MegaBossCrowJumpKnifesPushAway","","700","","300","","","","5","","BulletExplosion","","","","","","","","","","","","MegaBossCrowProjectile","80","","","","","","","","","","","","","","","","","","","","","","","","","","","","","","","","","","","","","","","","","","","","","","",""
"MegaBossCrowJumpKnifesPushAwayArea","","700","","600","500","","","","","Damage","","","","","","","","","","","","","","","","","","","","","","100","","","","","","","","","","","","","","","","","","","","","","","","","","","","","","","","","","","","","",""
"MegaBossCrowJumpKnifesExplode","","700","","800","500","","","6","","Damage","","","","","","","","","","","","MegaBossCrowJumpProjectile","","","","","","","","","","","","","","","","","","","MegaBossCrowJumpKnifes","","","","","","","","","","","","","","","","","","","","","","","","","","","","",""
"MegaTickPushAwayArea","","700","","600","800","","","","","Damage","","","","","","","","","","","","","","","","","","","true","","","60","","","","","","","","","","","","","","","","","","","","","","","","","","","","","","","","","","","","","",""
"MegaTickPushAwayBoom","","700","","300","500","","","6","","BulletExplosion","","","","","","","","","","","","","8","","MegaTickMine","90","15","","","","","","","","","","","","","","","","","","","","","","","","","","","","","","","","","","","","","","","","","","",""
"MegaBossClusterBombExplosion","","700","","300","","","","6","","BulletExplosion","","","","","","","","","","","","","6","","MegaTickMine","90","15","","","","","","","","","","","","","","","","","","","","","","","","","","","","","","","","","","","","","","","","","","",""
"MegaBossClusterBombExplosion2","","700","","300","","","","10","","BulletExplosion","","","","","","","","","","","","","13","","MegaTickMine","90","15","","","","","","","","","","","","","","","","","","","","","","","","","","","","","","","","","","","","","","","","","","",""
"MegaBossClusterBombPetExplosion","","700","","600","99","","","","","Damage","","","","","","","","","","","","","","","","","","","","","","","","","","","","","","","","","","","","","","","","","","","","","","","","","","","","","","","","","","","",""
"MegaBossClusterBombPetExplosionMid","","700","","600","99","","","","","Damage","","","","","","","","","","","","","","","","","","","true","","","","","","","","","","","","","","","","","","","","","","","","","","","","","","","","","","","","","","","","",""
"MegaBossClusterBombPetExplosionLarge","","700","","600","99","","","","","Damage","","","","","","","","","","","","","","","","","","","true","","","150","","","","","","","","","","","","","","","","","","","","","","","","","","","","","","","","","","","","","",""
"MegaTickMeteorite","","800","","850","","","","","","Effect","","","","","","","","","","","","","","","","","","","","","","","","","","","","","","","MegaTickMeteoriteExplosion","","","","","","","","","","","","","","","","","","","","","","","","","","","","",""
"MegaTickMeteoriteExplosion","","100","","850","","","","","","Damage","","","","","","","","","","","","","","","","","","","","","","150","250","","","","","","","","","","","","","","","","","","","","","","","","","","","","","","","","","","","","",""
"MegaTickSlowArea","","600000","","840","","","","","","StatusEffect","","","MegaTickAreaSlow","2","","","","","","","","","","","","","","","","","","","","","","","","","","","","","","","","","","","","","","","","","","","","","","","","","","","","","","","",""
"MegaSplitterLegsDamageAreaPushAway","","300","","1000","500","","","200","","DamageAndStatusEffect","","","MegaBossSplitterTag","","","","","","","","","","","","","","","","","","","100","","","","","","","","","","","","","","","","","","","","","","","","","","","","","","","","","","","","","",""
"MegaSplitterLegsDamageArea","","300","","1000","500","","","200","","DamageAndStatusEffect","","","MegaBossSplitterTag","","","","","","","","","","","","","","","","","","","","","","","","","","","","","","","","","","","","","","","","","","","","","","","","","","","","","","","","",""
"MegaSplitterLegs360","","1000","","1000","500","","","6","","BulletExplosion","","","MegaBossSplitterTag","","","","","","","","","MegaBossSplitterProjectileSlow","25","","","","","","","","","","","","","","","","","","MegaSplitterLegs360Chain1","","","","","","","","","","","","","","","","","","","","","10","50","","","","","","",""
"MegaSplitterLegs360Chain1","","1000","","1000","500","","","8","","BulletExplosion","","","MegaBossSplitterTag","","","","","","","","","MegaBossSplitterProjectileSlow","25","","","","","","","","","","","","","","","","","","MegaSplitterLegs360Chain2","","","","","","","","","","","","","","","","","","","","","10","50","","","","","","",""
"MegaSplitterLegs360Chain2","","1000","","1000","500","","","10","","BulletExplosion","","","MegaBossSplitterTag","","","","","","","","","MegaBossSplitterProjectileSlow","25","","","","","","","","","","","","","","","","","","","","","","","","","","","","","","","","","","","","","","","10","50","","","","","","",""
"MegaCactusExplosion","","700","","300","","","","","","Damage","","","","","","","","","","","","","","","","","","","","","","","","","","","","","","","","","","","","","","","","","","","","","","","","","","","","","","","","","","","",""
"MegaCactusSpikeExplosion","","700","","300","","","","8","","BulletExplosion","","","","","","","","","","","","MegaBossCactusFrag","40","","","","","","","","","","","","","","","","","","","","","","","","","","","","","","","","","","","","","","","50","300","","","","","","",""
"MegaCactusSpikeExplosionSecond","","700","","300","","","","10","","BulletExplosion","","","","","","","","","","","","MegaBossCactusFrag","20","","","","","","","","","","","","","","","","","","MegaCactusSpikeExplosionSecondChain1","","","","","","","","","","","","","","","","","","","","","","","","","","","","",""
"MegaCactusSpikeExplosionSecondChain1","","700","","300","","","","8","","BulletExplosion","","","","","","","","","","","","MegaBossCactusFrag","25","","","","","","","","","","","","","","","","","","MegaCactusSpikeExplosionSecondChain2","","","","","","","","","","","","","","","","","","","","","","","","","","","","",""
"MegaCactusSpikeExplosionSecondChain2","","700","","300","","","","6","","BulletExplosion","","","","","","","","","","","","MegaBossCactusFrag","30","","","","","","","","","","","","","","","","","","","","","","","","","","","","","","","","","","","","","","","","","","","","","","",""
"MegaCactusUltiExplosion","","4500","","560","800","","","","","Dot","","","MegaCactusUltiExplosionSlow","","","","","","","","","","","","","","","","","","","","","","","","","","","","","","","","","","","","","","","","","","","","","","","","","","","","","","","","",""
"MegaCactusUltiExplosionLarge","","4500","","1120","800","","","","","Dot","","","MegaCactusUltiExplosionSlow","","","","","","","","","","","","","","","","","","","","","","","","","","","","","","","","","","","","","","","","","","","","","","","","","","","","","","","","",""
"MegaBossBoomPushAwayArea","","700","","600","500","","","","","Damage","","","","","","","","","","","","","","","","","","","","","","100","","","","","","","","","","","","","","","","","","","","","","","","","","","","","","","","","","","","","",""
"MegaBossCactusPushAwaySpike","","700","","300","","","","10","","BulletExplosion","","","","","","","","","","","","MegaBossCactusPushAwayFrag","30","","","","","","","","","","","","","","","","","","","","","","","","","","","","","","","","","","","","","","","","","","","","","","",""
"MegaBossCactusPushAwayArea","","700","","600","800","","","","","Damage","","","","","","","","","","","","","","","","","","","true","","","150","","","","","","","","","","","","","","","","","","","","","","","","","","","","","","","","","","","","","",""
"PushAwayAreaNanoPower","","100","","600","2000","","","","","Damage","","","","","","","","","","","","","","","","","","","true","","","60","","","","","","","","","","","","","","","","","","","","","","","","","","","","","","","","","","","","","",""
"SubwayJetpackDamage","","300","","500","","","","","","Damage","","","","","","","","","","","","","","","","","","","","","","","","","","","","","","","","","","","","","","","","","","","","","","","","","","","","","","","","","","","",""
"SubwayJetpackSlow","","300","","500","","","","","","StatusEffect","","","SS_JetpackSlow","","","","","","","","","","","","","","","","","","","","","","","","","","","","","","","","","","","","","","","","","","","","","","","","","","","","","","","","",""
"TrailRunWin","","700","","300","","","","","","Effect","","","","","","","","","","","","","","","","","","","","","","","","","","","","","","","","","","","","","","","","","","","","","","","","","","","","","","","","","","","",""
"MegaBossCrowMidSizeIndicator","","2500","","450","","","","","","Effect","","","","","","","","","","","","","","","","","","","","","","","","","","","","","","","","","","","","","","","","","","","","","","","","","","","","","","","","","","","",""
"MegaKenjiBulletExplosionPet","","1000","","600","500","","","10","","BulletExplosion","","","","","","","","","","","","MegaKenjiProjectileFast360","80","300","","","","","","","","","","","","","","","","","","","","","","","","","","","","","","","","","","","","","","","","","","","","","",""
"MegaBossCrowJumpKnifesSmallMore","","700","","300","","","","4","","BulletExplosion","","","","","","","","","","","","MegaBossCrowJumpProjectile","80","","","","","","","","","","","","","","","","","","","","","","","","","","","","","","","","","","","","","","","","","","","","","","",""
"MegaBossTrickShotDestroyArea","","700","","1200","500","","","","","Damage","","","","","","","","","","","","","","","","","","","true","","","100","","","","","","","","","","","","","","","","","","","","","","","","","","","","","","","","","","","","","",""
"MegaBossIndicatorLarge","","2500","","1200","","","","","","Effect","","","","","","","","","","","","","","","","","","","","","","","","","","","","","","","","","","","","","","","","","","","","","","","","","","","","","","","","","","","",""
"DaredevilDamageArea","","300","","700","600","","","","","Damage","","","","","","","","","","","","","","","","","","","","","","","","","","","","","","","","","","","","","","","","","","","","","","","","","","","","","","","","","","","",""
"DaredevilUltiNoDamageLeave","","700","","700","","","","","","Effect","","","","","","","","","","","","","","","","","","","","","","","","","","","","","","","","","","","","","","","","","","","","","","","","","","","","","","","","","","","",""
"DaredevilUltiNoDamageEnter","","700","","700","","","","","","Effect","","","","","","","","","","","","","","","","","","","","","","","","","","","","","","","","","","","","","","","","","","","","","","","","","","","","","","","","","","","",""
"DaredevilUltiDamage","","700","","700","","","","","","Damage","","","","","","","","","","","","","","","","","","","","","","","150","","","","","","","","","","","","","","","","","","","","","","","","","","","","","","","","","","","","",""
"DaredevilUltiWarning","","500","","450","","","","","","Effect","","","","","","","","","","","","","","","","","","","","","","","","","","","","","","","","","","","","","","","","","","","","","","","","","","","","","","","","","","","",""
"DaredevilGadgetHide","","3000","","600","","","","","","SmokeScreen","","","","","","","","","","","","","","","","","","","","","","","","","","","","","","","","","","","","","","","","","","","","","","","","","","","","","","","","","","","",""
"DaredevilSuperChargeArea","","600000","","720","","","","240","","ChargeSuperFromProjectiles","","","","","","","","","","true","","","","","","","","","","","","","","","","","","","true","","","","","","","","","","","","","","","","","","","","","","","","","","","","","","",""
"DaredevilSuperChargeAreaGadget","","600000","","1400","","","","200","","ChargeSuperFromProjectiles","","","","","","","","","","true","","","","","","","","","","","","","","","","","","","true","","","","","","","","","","","","","","","","","","","","","","","","","","","","","","",""
"TankBushGrowArea","","500","","100","800","","","","","WallSpawn","","","","","","","","","","","","","","","","","","","","","","","","","","","","","","","","","","","","","","","","","","","","","","","","","","","","","","","","","","","",""
"TankBushGrowAreaLarge","","500","","500","800","","","","","WallSpawn","","","","","","","","","","","","","","","","","","","","","","","","","","","","","","","","","","","","","","","","","","","","","","","","","","","","","","","","","","","",""
"HealOnMove","","1","","1","","","","200","","HealAbsolute","","","","","","","","","","","","","","","","","","","","","","","","","","","","","","","","","","","","","","","","","","","","","","TRUE","","","","","","","","","","","","","",""
"BulletstormUltiMarkArea","","500","","900","","","","","","StatusEffect","","","BulletstormUltiMark","","","","","","","","","","","","","","","","","","","","","","","","","","","","","","","","","","","","","","","","","","","","","","","","","","","","","","","","",""
"BulletstormUltiOverchargedMarkArea","","500","","900","","","","","","StatusEffect","","","BulletstormUltiOverchargedMark","","","","","","","","","","","","","","","","","","","","","","","","","","","","","","","","","","","","","","","","","","","","","","","","","","","","","","","","",""
"BulletstormAccessoryPushback","","100","","1200","1","","","","","Pushback","","","","","","","","","","","","","","","","","","","","","","100","","","","","","","","","","","","","","","","","","","","","","","","","","","","","","","","","","","","","",""
"BulletstormUltiWarning","","800","","900","","","","","","Effect","","","","","","","","","","","","","","","","","","","","","","","","","","","","","","","BulletstormUltiMarkArea","","","","","","","","","","","","","","","","","","","","","","","","","","","","",""
"BulletstormUltiOverchargedWarning","","800","","900","","","","","","Effect","","","","","","","","","","","","","","","","","","","","","","","","","","","","","","","BulletstormUltiOverchargedMarkArea","","","","","","","","","","","","","","","","","","","","","","","","","","","","",""
"KnockBackReceivingDmg","","100","","700","500","","","","","Damage","","","","","","","","","","","","","","","","","","","","","","100","","","","","","","","","","","","","","","","","","","","","","","","","","","","","","","","","","","","","",""
"ControllerVisionArea","","5000","","50000","","","","","","Vision","","","","","","","","","","","","","","","","","","","","","","","","","","","","","","","","","","","","","","","","","","","","","","","","","","","","","","","","","","","",""
"OnHitSpeedyUpArea","","60","","20","","","","6","","StatusEffect","OnHitSpeedyUpAreaSpeedBoost","","","","","","","","","","","","","","","","","","","","","","","","","","","","","","","","","","","","","","","","","","","","","","","","","","","","","","","","","","",""
"OnHitSpeedyUpAreaEffectOnly","","200","","40","","","","6","","Effect","","","","","","","","","","","","","","","","","","","","","","","","","","","","","","","","","","","","","","","","","","","","","","","","","","","","","","","","","","","",""
"OnHitSpeedyUpArea_StarNovaAmber","","60","","20","","","","6","","StatusEffect","StarrNovaAmberOnHitSpeedyUpAreaSpeedBoost","StarrNovaAmberOnHitSpeedyUpAreaSpeedBoost","","","","","","","","","","","","","","","","","","","","","","","","","","","","","","","","","","","","","","","","","","","","","","","","","","","","","","","","","",""
"OnHitSpeedyUpArea_MaxNanoPower","","60","","20","","","","6","","StatusEffect","OnHitSpeedyUpAreaSpeedBoost_MaxNano","","","","","","","","","","","","","","","","","","","","","","","","","","","","","","","","","","","","","","","","","","","","","","","","","","","","","","","","","","",""
"OnHitSpeedyUpArea_SamNanoPower","","60","","20","","","","6","","StatusEffect","OnHitSpeedyUpAreaSpeedBoost_SamNano","","","","","","","","","","","","","","","","","","","","","","","","","","","","","","","","","","","","","","","","","","","","","","","","","","","","","","","","","","",""
"OnGadgetSpeedyUpArea","","150","","100","700","","","6","","StatusEffect","OnGadgetSpeedyUpAreaSpeedBoost","OnGadgetSpeedyUpAreaSpeedBoost","","","","","","","","","","","","","","","","","","","","","","","","","","","","","","","","","","","","","","","","","","","","","","","","","","","","","","","","","",""
"OnKillHealArea","","50","","1250","-20","","","","","Heal","","","","","","","","","","","","","","","","","","","","","","","","","","","","","","","","","","","","","","","","","","","","","","TRUE","","","","","","","","","","","","","",""
"MegaBossDgPushBack","","700","","1000","500","","","","","Damage","","","","","","","","","","","","","","","","","","","","","","150","250","","","","","","","","","","","","","","","","","","","","","","","","","","","","","","","","","","","","",""
"MegaBossDgDamageArea","","300","","1000","1500","","","","","Damage","","","","","","","","","","","","","","","","","","","","","","","","","","","","","","","","","","","","","","","","","","","","","","","","","","","","","","","","","","","",""
"MegaBossDgSpawnBullets","","700","","300","","","","6","","BulletExplosion","","","","","","","","","","","","MegaBossDgSpawnProjectile","13","","","","","","","","","","","","","","","","","","","","","","","","","","","","","","","","","","","","","","","","","","","","","","",""
"MegaBossVecPushBack","","700","","1200","2200","","","","","Damage","","","","","","","","","","","","","","","","","","","","","","150","250","","","","","","","","","","","","","","","","","","","","","","","","","","","","","","","","","","","","",""
"MegaBossVecBigBlackhole","","700","","2500","0","","0","","","Pushback","","","","","","","","","","","","","","","","","","","","","","-350","","","","","","","","","","","","","","","","","","","","","","","","","","","","","","","","","","","","","",""
"MegaBossVecFreezeArea","","500","","300","","","","","","StatusEffect","","","VecnaStunSmash","","","","","","","","","","","","","","","","","","","","","","","","","","","","","","","","","","","","","","","","","","","","","","","","","","","","","","","","",""
"MegaBossVecFreezeExplosion","","2100","","300","","","","2000","","DelayedDamage","","","","","","","","","","","","","","","","","","","true","","","50","","","","","","","","","","","","","","","","","","","","","","","","","","","","","","","","","","","","","",""
"MegaBossFrankStunArea","","200","","3000","1200","","","40","","Stun","","","","","","","","","","","","","","","","","","","","","","","","","","","","","","","","","","","","","","","","","","","","","","","","","","","","","","","","","","","",""
"MegaBossFrankStunIndicator","","3000","","3000","","","","","","Effect","","","","","","","","","","","","","","","","","","","","","","","","","","","","","","","","","","","","","","","","","","","","","","","","","","","","","","","","","","","",""
"MegaBossFrankFireArea","","5000","","300","","","","","","Dot","","","","","","","","","","","","","","","","","","","","","","","","","","","","","","","","","","","","","","","","","","","","","","","","","","","","","","","","","","","",""
"OneHPShieldPushback","","100","","1200","1","","","","","Pushback","","","","","","","","","","","","","","","","","","","","","","100","","","","","","","","","","","","","","","","","","","","","","","","","","","","","","","","","","","","","",""
"MegaBossFrankGroundWarning","","1800","","450","","","","","","Effect","","","","","","","","","","","","","","","","","","","","","","","","","","","","","","","MegaBossFrankGroundSpike","","","","","","","","","","","","","","","","","","","","","","","","","","","","",""
"MegaBossFrankGroundSpike","","600","","450","","","","","","Damage","","","","","","","","","","","","","","","","","","","","","","","","","","","","","","","","","","","","","","","","","","","","","","","","","","","","","","","","","","","",""
"MegaBossVecClockSpawn","","2500","","800","","","","","","Effect","","","","","","","","","","","","","","","","","","","","","","","","","","","","","","","MegaBossVecClockExplosion","","","","","","","","","","","","","","","","","","","","","","","","","","","","",""
"MegaBossVecClockExplosion","","700","","1000","","","","","","Damage","","","","","","","","","","","","","","","","","","","true","","","150","250","","","","","","","","","","","","","","","","","","","","","","","","","","","","","","","","","","","","",""
"RogueliteLCardSqueak","","700","","","","","3","6","","BulletExplosion","","","","","","","","","","","","RogueliteLCardSqueakProjectile2","20","","","","45","","","","","","","","","","","","","","","","","","","","","","","","","","","","","","","","","","","","","","","","","","",""
"RogueliteLCardBombExplosion","","100","","800","1500","","3","","","Damage","","","","","","","","","","","","","","","","","","","","","","","","","","","","","","","RogueliteLCardSlowArea","","","","","","","","","","","","","","","","","","","","","","","","","","","","",""
"RogueliteLCardSlowArea","","3000","","750","","","","","","StatusEffect","","","StickyBombGadgetSlow","","","","","","","","","","","","","","","","","","","","","","","","","","","","","","","","","","","true","","","","","","","","","","","","","","","","RevealInForest","","","","","",""
"MegaBossFrankPull","","2000","","3000","","","","","","Pushback","","","","","","","","","","","","","","","","","","","","","","-150","","","","","","","","","","","","","","","","","","","","","","","","","","","","","","","","","","","","","",""
"MegaBossFrankPullWarning","","1000","","300","","","","","","Effect","","","","","","","","","","","","","","","","","","","","","","","","","","","","","","","MegaBossFrankPull","","","","","","","","","","","","","","","","","","","","","","","","","","","","",""
"RoguelikeShieldAreaEffect_S","","500","","100","","","","","","Effect","","","","","","","","","","","","","","","","","","","","","","","","","","","","","","","","","","","","","","","","","","","","","","","","","","","","","","","","","","","",""
"RoguelikeShieldAreaEffect_E","","500","","100","","","","","","Effect","","","","","","","","","","","","","","","","","","","","","","","","","","","","","","","","","","","","","","","","","","","","","","","","","","","","","","","","","","","",""
"RoguelikeShieldAreaEffect_L","","500","","100","","","","","","Effect","","","","","","","","","","","","","","","","","","","","","","","","","","","","","","","","","","","","","","","","","","","","","","","","","","","","","","","","","","","",""
"ShieldEffectInvulnerable","","1000","","100","","","","","","Effect","","","","","","","","","","","","","","","","","","","","","","","","","","","","","","","","","","","","","","","","","","","","","","","","","","","","","","","","","","","",""
"ShieldEffectDamageDeduction","","1000","","100","","","","","","Effect","","","","","","","","","","","","","","","","","","","","","","","","","","","","","","","","","","","","","","","","","","","","","","","","","","","","","","","","","","","",""
"MegaBossVecRockExplosion","","1300","","200","","","","","","Effect","","","","","","","","","","","","","","","","","","","","","","","","","","","","","","","MegaBossVecRockExplosionDamage","","","","","","","","","","","","","","","","","","","","","","","","","","","","",""
"MegaBossVecRockExplosionDamage","","300","","400","","","","","","Damage","","","","","","","","","","","","","","","","","","","true","","","150","250","","","","","","","","MegaBossVecRockExplosionBullets","","","","","","","","","","","","","","","","","","","","","","","","","","","","",""
"MegaBossVecRockExplosionBullets","","700","","1000","","","","5","","BulletExplosion","","","","","","","","","","","","MegaBossVecProjectileRockExplosionProjectiles","30","","","","","","true","","","150","250","","","","","","","","","","","","","","","","","","","","","","","","","","","","","","","","","","","","",""
"MegaBossVecBlackholeDistanceAreaEffect","","1500","","800","","","","","","Effect","","","","","","","","","","","","","","","","","","","","","","","","","","","","","","","MegaBossVecBlackholeDistanceArea","","","","","","","","","","","","","","","","","","","","","","","","","","","","",""
"MegaBossVecBlackholeDistanceArea","","1000","","1300","","","","","","Pushback","","","","","","","","","","","","","","","","","","","","","","-250","","400","","","","","","","MegaBossVecBlackholeDistanceAreaStun","MegaBossVecBlackholeDistanceAreaDmg","","","","","","","","","","","","","","","","","","","","","","","","","","","",""
"MegaBossVecBlackholeDistanceAreaStun","","700","","550","","","","","","StatusEffect","","","VecnaStunSmash","","","","","","","","","","","","","","","","","","","","","","","","","","","","","","","","","","","","","","","","","","","","","","","","","","","","","","","","",""
"MegaBossVecBigBlackholeEffect","","1800","","800","","","","","","Effect","","","","","","","","","","","","","","","","","","","","","","","","","","","","","","","MegaBossVecBigBlackhole","","","","","","","","","","","","","","","","","","","","","","","","","","","","",""
"MegaBossVecBlackholeDistanceAreaDmg","","100","","800","500","","","","","Damage","","","","","","","","","","","","","","","","","","","","","","","","","","","","","","","","","","","","","","","","","","","","","","","","","","","","","","","","","","","",""
"MegaBossVecTeleport","","700","","300","","","","","","Effect","","","","","","","","","","","","","","","","","","","","","","","","","","","","","","","","","","","","","","","","","","","","","","","","","","","","","","","","","","","",""
"MegaBossVecTeleportEnd","","700","","300","","","","","","Effect","","","","","","","","","","","","","","","","","","","","","","","","","","","","","","","","","","","","","","","","","","","","","","","","","","","","","","","","","","","",""
"MegaBossFrankAddWarning","","2000","","450","","","","","","Effect","","","","","","","","","","","","","","","","","","","","","","","","","","","","","","","MegaBossFrankAddTrigger","","","","","","","","","","","","","","","","","","","","","","","","","","","","",""
"MegaBossFrankAddTrigger","","50","","450","","","","1","","BulletExplosion","","","","","","","","","","","","MegaBossFrankCreateDemon","1","","","","","","","","","","","","","","","","","","","","","","","","","","","","","","","","","","","","","","","","","","","","","","",""
"MortisOverchargedBulletSpawner","","1800","","20","500","","5","","","ShootsProjectileToSource","","","","","","","","","","","","UndertakerAfterChargeOverchargedProjectile","","","","","","","","","","","","","","","","","","","","","","","","","","","","","","","","","","","","","","","","","","","","","","","",""
"CactusPoppingBuddy","","700","","550","","","","","","StatusEffect","","","CactusPoppingBuddy","","","","","","","","","","","","","","","","","","","","","","","","","","","","","","","","","","","","","","","","","","","","","","","","","","","","","","","","",""
"CactusCoverBuddy","","700","","800","0","","6","","","Damage","","","","","","","","","","","","","","","","","","","","","","150","","","","","","","","","","","","","","","","","","","","","","","","","","","","","","","","","","","","","",""
"ShellyBuddySPBurnArea","","2900","","300","","","","","","Dot","","","","","","","","","true","","","","","","","","","","","","","","","","","","","","","","","","","","","","","","","","","","","","","","","","","","","","","","","","","","",""
"HammerDudeGadgetSkillBlockProjectilesAreaEffect","","10000","","500","","","","","","BlockProjectiles","","","","","","","","","","","","","","","","","","","","","","","","","","","","","","","","","","","","","","","","","","","","","","","","","","","","","","","","","","","",""
"LoveBombExplosion","","700","","600","100000","","","","","Damage","","","","","","","","","","","","","","","","","","","true","","","120","","","","","","","","","","","","","","","","","","","11","","","","","","","","","","","","","","","","","","",""
"MenderGadgetSkillHealArea","","100","","1000","","","","","","StatusEffect","MenderGadgetHeal","MenderGadgetHeal","","","","","","","","","","","","","","","","","","","","","","","","","","","","","","","","","","","","","","","","","","","","","","","","","","","","","","","","","",""
"UndertakerGadgetSkillComboSpinnerAreaExplosion","","700","","800","","","","","","Damage","","","","","","","","","","","","","","","","","","","","","","","","","","","","","","true","","","","","","","","","","","","","","","","","","","","","","","","StrictLineOfSight","","","","0","",""
"UndertakerGadgetSkillComboSpinnerBuddyAreaExplosion","","700","","800","","","","50","30","PreyOnWeak","","","","","","","","","","","","","","","","","","","","","","","","","","","","","","true","","","","","","","","","","","","","","","","","","","","","","","","StrictLineOfSight","","","","0","",""
"MegaBossStickyBombClusterExplosion","","700","","","500","","","10","","BulletExplosion","","","","","","","","","","","","MegaBossStickyBombUltiBulletExplodeProjectileLarge","35","","","","45","","","","","","","","","","","","","","","","","","","","","","","","","","","","","","","","","","","","","","","","","","",""
"MegaBossOverchargeStickyBombClusterExplosion","","700","","","500","","","6","","BulletExplosion","","","","","","","","","","","","MegaBossStickyBombUltiBulletExplodeProjectile","35","","","","45","","","","","","","","","","","","","","","","","","","","","","","","","","","","","","","","","","","","","","","","","","",""
"MegaStickyBombPushAwayArea","","700","","600","500","","","","","Damage","","","","","","","","","","","","","","","","","","","true","","","150","","","","","","","","","","","","","","","","","","","","","","","","","","","","","","","","","","","","","",""
"MegaStickyBombPushAwayExplosion","","700","","","","","","8","","BulletExplosion","","","","","","","","","","","","MegaBossStickyBombUltiBulletExplodeProjectileLarge","35","","","","45","","","","","","","","","","","","","","","","","","","","","","","","","","","","","","","","","","","","","","","","","","",""
"MegaBossGhostPushBack","","700","","1000","","","","","","Damage","","","","","","","","","","","","","","","","","","","","","","","","","","","","","","","","","","","","","","","","","","","","","","","","","","","","","","","","","","","",""
"MegaBossGhostSlap","","700","","1000","800","","","","","Damage","","","","","","","","","","","","","","","","","","","","","","","","","","","","","","","","","","","","","","","","","","","","","","","","","","","","","","","","","","","",""
"MegaBossGhostSlapLarge","","700","","1000","","","","","","Damage","","","","","","","","","","","","","","","","","","","","","","","","","","","","","","","","","","","","","","","","","","","","","","","","","","","","","","","","","","","",""
"HeistBombExplosion","","700","","600","20000","","","","","Damage","","","","","","","","","","","","","","","","","","","true","","","120","","","","","","","","","","","","","","","","","","","11","","","","","","","","","","","","","","","","","","",""
"ShadowdemonIndirectExplosion","","600","","450","","","","","","Damage","","","","","","","","","","","","","","","","","","","","","","","","","","","","","","","","","","","","","","","","","","","","","","","","","","","","","","","","","","","",""
"ShadowdemonMinionTarget","","300000","","1500","","","","","","MinionTarget","","","","","","","","","","TRUE","","","","","","","","","","","","","","","","","","","TRUE","","","","","","","","","","","","","","","","","","","","","","","","","","","","","","",""
"ShadowdemonMinionSummon","","700","","700","","","","","","Effect","","","","","","","","","","","","","","","","","","","","","","","","","","","","","","","","","","","","","","","","","","","","","","","","","","","","","","","","","","","",""
"ShadowdemonTeleportGadgetLeave","","700","","700","","","","","","Effect","","","","","","","","","","","","","","","","","","","","","","","","","","","","","","","","","","","","","","","","","","","","","","","","","","","","","","","","","","","",""
"ShadowdemonTeleportGadgetEnter","","700","","700","","","","","","Effect","","","","","","","","","","","","","","","","","","","","","","","","","","","","","","","","","","","","","","","","","","","","","","","","","","","","","","","","","","","",""
"MegaBossStickyBombExplosion","","100","","1000","500","","","","","Damage","","","","","","","","","","","","","","","","","","","","","","","","","","","","","","","MegaBossStickyBombSlowArea","","","","","","","","","","","","","","","","","","","","","","","","","","","","",""
"MegaBossStickyBombExplosionLarge","","100","","1328","500","","","","","Damage","","","","","","","","","","","","","","","","","","","","","","","","","","","","","","","MegaBossStickyBombSlowAreaLarge","","","","","","","","","","","","","","","","","","","","","","","","","","","","",""
"MegaBossStickyBombUltiExplosionLarge","","700","","532","500","","","","","Damage","","","","","","","","","","","","","","","","","","","","","","","","","","","","","","","MegaBossStickyBombSlowAreaSmall","","","","","","","","","","","","","","","","","","","","","","","","","","","","",""
"MegaBossStickyBombUltiExplosion","","700","","400","500","","","","","Damage","","","","","","","","","","","","","","","","","","","","","","","","","","","","","","","MegaBossStickyBombSlowAreaTiny","","","","","","","","","","","","","","","","","","","","","","","","","","","","",""
"MegaBossStickyBombSlowArea","","4000","","780","","","","","","StatusEffect","","","MegaStickyBombAreaSlow","","","","","","","","","","","","","","","","","","","","","","","","","","","","MegaStickyBombPushAwayExplosionTiny","","","","","","","true","","","","","","","","","","","","","","","","RevealInForest","","","","","",""
"MegaBossStickyBombSlowAreaLarge","","4000","","1050","","","","","","StatusEffect","","","MegaStickyBombAreaSlow","","","","","","","","","","","","","","","","","","","","","","","","","","","","MegaStickyBombPushAwayExplosionSmall","","","","","","","true","","","","","","","","","","","","","","","","RevealInForest","","","","","",""
"MegaBossStickyBombSlowAreaSmall","","4000","","450","","","","","","StatusEffect","","","MegaStickyBombAreaSlow","","","","","","","","","","","","","","","","","","","","","","","","","","","","","","","","","","","true","","","","","","","","","","","","","","","","RevealInForest","","","","","",""
"MegaBossStickyBombSlowAreaTiny","","4000","","300","","","","","","StatusEffect","","","MegaStickyBombAreaSlow","","","","","","","","","","","","","","","","","","","","","","","","","","","","","","","","","","","true","","","","","","","","","","","","","","","","RevealInForest","","","","","",""
"LoveBombSpawn","","700","","300","","","","","","Effect","","","","","","","","","","","","","","","","","","","","","","","","","","","","","","","","","","","","","","","","","","","","","","","","","","","","","","","","","","","",""
"MegaBossInsectManUltiDamageArea","","8000","","1000","","","","","","Dot","","","","","","","","","true","","","","","","","","","","","","","","","","","","1000","","","","MegaBossInsectManBulletExplosion","","","","","","","","","","","","","","","","","","","","","","","","","","","","",""
"MegaBossInsectManUltiDamageAreaLarge","","8000","","2000","","","","","","Dot","","","","","","","","","true","","","","","","","","","","","","","","","","","","1000","","","","","","","","","","","","","","","","","","","","","","","","","","","","","","","","",""
"MegaBossInsectManPushAway","","50","","600","","","","","","Damage","","","","","","","","","","","","","","","","","","","true","","","200","","","","","","","","","MegaBossInsectManBulletExplosion","","","","","","","","","","","","","","","","","","","","","","","","","","","","",""
"MegaBossInsectManBulletExplosion","","1000","","1000","","","","6","","BulletExplosion","","","","","","","","","","","","MegaBossMosquitoProjectile","100","","","","","","","","","","","","","","","","","","","","","","","","","","","","","","","","","","","","","","","","","","","","","","",""
"MegaStickyBombPushAwayExplosionSmall","","700","","","","","","6","","BulletExplosion","","","","","","","","","","","","MegaBossStickyBombUltiBulletExplodeProjectileLarge","35","","","","45","","","","","","","","","","","","","","","","","","","","","","","","","","","","","","","","","","","","","","","","","","",""
"MegaStickyBombPushAwayExplosionTiny","","700","","","","","","3","","BulletExplosion","","","","","","","","","","","","MegaBossStickyBombUltiBulletExplodeProjectileLarge","35","","","","45","","","","","","","","","","","","","","","","","","","","","","","","","","","","","","","","","","","","","","","","","","",""
"UndertagerGadgetSkillBatsAreaEffect","","700","","300","","","","","","Effect","","","","","","","","","","","","","","","","","","","","","","","","","","","","","","","","","","","","","","","","","","","","","","","","","","","","","","","","","","","",""
"MegaBossGhostBulletExplode","","700","","","","","","6","","BulletExplosion","","","","","","","","","","","","MegaBossGhostProjectile","25","","","","45","","","","","","","","","","","","","","","","","","","","","","","","","","","","","","","","","","","","","","","","","","",""
"MegaBossRicoMoveBullet1","","800","","600","600","","","3","","BulletExplosion","","","","","","","","","","","","MegaBossTrickshotDude2UltiProjectile","20","300","","","","","","","","","","","","","","","","","","","","","","","","","","","","","","","","","","","","","","","","","","","","","",""
"MegaBossRicoMoveBullet2","","800","","600","600","","","6","","BulletExplosion","","","","","","","","","","","","MegaBossTrickshotDude2UltiProjectile","20","300","","","","","","","","","","","","","","","","","","","","","","","","","","","","","","","","","","","","","","","","","","","","","",""
"MegaBossRicoMoveBullet3","","800","","600","600","","","8","","BulletExplosion","","","","","","","","","","","","MegaBossTrickshotDude2UltiProjectile","20","300","","","","","","","","","","","","","","","","","","","","","","","","","","","","","","","","","","","","","","","","","","","","","",""
"MegaBossGhostSpookyArea","","500","","1000","","","","","","StatusEffect","","","GhostSpooked","20","","","","","","","","","","","","","","","","","","","","","","","","","","","","","","","","","","","","","","","","","","","","","","","","","","","","","","","",""
"MegaTrickshotDude2_360PushAwayBullet","","800","","600","","","","8","","BulletExplosion","","","","","","","","","","","","MegaBossTrickshotDude2ProjectileLarge","20","300","","","","","","","","","","","","","","","","","","","","","","","","","","","","","","","","","","","","","","","","","","","","","",""
"MegaTrickshotDude2_360PushAwayArea","","700","","600","600","","","","","Damage","","","","","","","","","","","","","","","","","","","true","","","200","","","","","","","","","","","","","","","","","","","","","","","","","","","","","","","","","","","","","",""
"MegaTrickshotDude2_360Madness","","800","","600","400","","","8","","BulletExplosion","","","","","","","","","","","","MegaBossTrickshotDude2Projectile","20","300","","","","","","","","","","","","","","","","","MegaTrickshotDude2_360Madness2","","","","","","","","","","","","","","","","","","","","","","","","","","","","",""
"MegaTrickshotDude2_360Madness2","","800","","600","400","","","15","","BulletExplosion","","","","","","","","","","","","MegaBossTrickshotDude2Projectile","20","300","","","","","","","","","","","","","","","","","MegaTrickshotDude2_360Madness3","","","","","","","","","","","","","","","","","","","","","","","","","","","","",""
"MegaTrickshotDude2_360Madness3","","800","","600","600","","","10","","BulletExplosion","","","","","","","","","","","","MegaBossTrickshotDude2UltiProjectile","20","300","","","","","","","","","","","","","","","","","MegaTrickshotDude2_360Madness4","","","","","","","","","","","","","","","","","","","","","","","","","","","","",""
"MegaTrickshotDude2_360Madness4","","800","","600","800","","","6","","BulletExplosion","","","","","","","","","","","","MegaBossTrickshotDude2ProjectileLarge","20","300","","","","","","","","","","","","","","","","","","","","","","","","","","","","","","","","","","","","","","","","","","","","","",""
"MegaBossMaisieUltiShockwave","","300","","1500","","","","","","Damage","","","","","","","","","","","","","","","","","","","","","","150","","","","","","","","","","","","","","","","","","","","","","","","","","","","","","","","","","","","","",""
"MegaBossMaisieShockwaveBulletExplosion","","300","","600","500","","","16","","BulletExplosion","","","","","","","","","","","","MegaBossMaisieProjectile","45","","","","","","","","","","","","","","","","","","","","","","","","","","","","","","","","","","","","","","","","","","","","","","",""
"MegaBossMaisieBulletExplosion","","700","","600","500","","","12","","BulletExplosion","","","","","","","","","","","","MegaBossMaisieExplosionProjectile","55","","","","","","","","","","","","","","","","","","","","","","","","","","","","","","","","","","","","","","","","","","","","","","",""
"MegaBossMaisieExplosionWarningEffect","","1500","","400","","","","","","Effect","","","","","","","","","","","","","","","","","","","","","","","","","","","","","","","MegaBossMaisieBulletExplosion","MegaBossMaisieExplosionAreaDmg","","","","","","","","","","","","","","","","","","","","","","","","","","","",""
"MegaBossMaisieExplosionAreaDmg","","100","","400","800","","","","","Damage","","","","","","","","","","","","","","","","","","","","","","","","","","","","","","","","","","","","","","","","","","","","","","","","","","","","","","","","","","","",""
"MegaBossCrossBomberClusterExplosion","","700","","","","","","4","","BulletExplosion","","","","","","","","","","","","MegaBossCrossBomberProjectile2","100","","","","","","","","","","","","","","","","","","","","","","","","","","","","","","","","","","","","","","","","","","","","","","",""
"MegaBossCrossBomberUltiClusterExplosion","","700","","","","","","4","","BulletExplosion","","","","","","","","","","","","MegaBossCrossBomberUltiProjectile2","40","","","","","","","","","","","","","","","","","","","","","","","","","","","","","","","","","","","","","","","","","","","","","","",""
"MegaBossOverchargedCrossBomberUltiClusterExplosion","","700","","","","","","4","","BulletExplosion","","","","","","","","","","","","MegaBossOverchargedCrossBomberUltiProjectile2","60","","","","","","","","","","","","","","","","","","MegaBossOverchargedCrossBomberUltiClusterExplosion2","","","","","","","","","","","","","","","","","","","","","","","","","","","","",""
"MegaBossOverchargedCrossBomberUltiClusterExplosion2","","700","","","","","","4","","BulletExplosion","","","","","","","","","","","","MegaBossOverchargedCrossBomberUltiProjectile2","60","","","","45","","","","","","","","","","","","","","","","","","","","","","","","","","","","","","","","","","","","","","","","","","",""
"MegaBossOverchargedCrossBomberUltiClusterExplosion3","","700","","","","","","6","","BulletExplosion","","","","","","","","","","","","MegaBossOverchargedCrossBomberUltiProjectile2","60","","","","","","","","","","","","","","","","","","","","","","","","","","","","","","","","","","","","","","","","","","","","","","",""
"MegaBossCrossBomberClusterSecondExplosion","","700","","","","","","4","","BulletExplosion","","","","","","","","","","","","MegaBossCrossBomberProjectile2","100","","","","","","","","","","","","","","","","","","MegaBossCrossBomberClusterSecondExplosion2","","","","","","","","","","","","","","","","","","","","","","","","","","","","",""
"MegaBossCrossBomberClusterSecondExplosion2","","700","","","","","","4","","BulletExplosion","","","","","","","","","","","","MegaBossCrossBomberProjectile2","100","","","","45","","","","","","","","","","","","","","","","","","","","","","","","","","","","","","","","","","","","","","","","","","",""
"MegaBossNitaMelee","","700","","1000","500","","","","","Damage","","","","","","","","","","","","","","","","","","","","","","","","","","","","","","","","","","","","","","","","","","","","","","","","","","","","","","","","","","","",""
"BowDudeSuperChargeAreaBuddy","","600000","","2100","","","","50","","ExtraSuperCharge","","","","","","","","","","","","","","","","","","","","","","","","","","","","","","","","","","","","","","","","","","","","","","","","","","","","","","","","","","","",""
"BaseballGadgetSkillHealAreaEffect","","700","","1000","1400","","","","","Damage","","","","","","","","","","","","","","","","","","","","","","","","","","","","","","","","","","","","","","","","","","","","","","","","","","","","","","","","","","","",""
"BaseballGadgetSkillHealAreaEffectBuddy","","700","","1000","1400","","","","","Damage","","","","","","","","","","","","","","","","","","","","","","","","","","","","","","","","","","","","","","","","","","","","","","","","","","","","","","","50","","","","",""
"BaseballGadgetSkillStickyAreaEffect","","3900","","750","","","","","","StatusEffect","","","BaseballGadgetStickyAreaSlow","2","","","","","","","","","","","","","","","","","","","","","","","","","","","","","","","","","","","","","","","","","","","","","","","","","","","","100;100;100","20;40;60","","",""
"BaseballGadgetSkillStickyAreaEffectBuddy","","3900","","750","","","","","","StatusEffect","","","BaseballGadgetStickyAreaSlow","2","","","","","","","","","","","","","","","","","","","","","","","","","","","","","","","","","","","","","","","","","","","","","","","","","","","","100;150;200","20;40;60","","",""
"NinjaInvisibleAreaBuddy","","600000","","1300","","","","","","StatusEffect","LeonBuddyInvisibilityStatusEffect","LeonBuddyInvisibilityStatusEffect","","","","","","","","","","","","","","","","","","","","","","","","","","","","","","","","","","","","","","","","","","","","","","","","","","","","","","","","","",""
"BullDudeStomp","","300","","800","","","","","","StatusEffect","","","BullDudeStompGadget","","","","","","","","","","","","","","","","","","","","","","","","","","","","","","","","","","","","","","","","","","","","","","","","","","","","","","","","",""
"MegaBossAssaultShotgunExplosionWarningEffect","","1500","","400","","","","","","Effect","","","","","","","","","","","","","","","","","","","","","","","","","","","","","","","MegaBossAssaultShotgunBulletExplosion","MegaBossAssaultShotgunExplosionAreaDmg","","","","","","","","","","","","","","","","","","","","","","","","","","","",""
"MegaBossAssaultShotgunExplosionAreaDmg","","100","","500","500","","","","","Damage","","","","","","","","","","","","","","","","","","","true","","","50","","","","","","","","","","","","","","","","","","","","","","","","","","","","","","","","","","","","","",""
"MegaBossAssaultShotgunBulletExplosion","","700","","600","500","","1","4","","BulletExplosion","","","","","","","","","","","","MegaBossAssaultShotgunProjectileCoin","200","","","","","","","","","","","","","","","","","","","","","","","","","","","","","","","","","","","","","","","","","","","","","","",""
"MegaBossAssaultShotgunBulletExplosion2","","700","","600","500","","1","4","","BulletExplosion","","","","","","","","","","","","MegaBossAssaultShotgunProjectileCoin","200","","","","","","","","","","","","","","","","","","","","","","","","","","","","","","","","","","","","","","","","","","","","","","",""
"MegaBossAssaultShotgunBulletExplosion3","","700","","600","500","","1","4","","BulletExplosion","","","","","","","","","","","","MegaBossAssaultShotgunProjectileCoin","200","","","","","","","","","","","","","","","","","","","","","","","","","","","","","","","","","","","","","","","","","","","","","","",""
"MegaBossAssaultShotgunExplosionAreaDmgLarge","","100","","1000","1000","","","","","Damage","","","","","","","","","","","","","","","","","","","true","","","120","","","","","","","","","","","","","","","","","","","","","","","","","","","","","","","","","","","","","",""
"MegaBossAssaultShotgunBulletExplosionLarge","","700","","600","500","","1","10","","BulletExplosion","","","","","","","","","","","","MegaBossAssaultShotgunProjectileExtraBig","200","","","","","","","","","","","","","","","","","","MegaBossAssaultShotgunBulletExplosion2","","","","","","","","","","","","","","","","","","","","","","","","","","","","",""
"MegaBossCrossBomberAreaEffectFire","","2900","","300","500","true","5","","","Dot","","","","","","","","","true","","","","","","","","","","","","","","","","","","","","","","","","","","","","","","","","","","","","","","","","","","","","","","","","","","",""
"MegaBossCrossBomberAreaEffect","","2900","","300","500","true","5","","","Damage","","","","","","","","","","","","","","","","","","","","","","","","","","","","","","","","","","","","","","","","","","","","","","","","","","","","","","","","","","","",""
"RedirecterUltiExplosion","","100","","400","","","","","","StatusEffect","","","RedirecterUltiPoison","","","","","","","","","","","","","","","","","","","","","","","","","","","","","","","","","","","","","","","","","","","","","","","","","","","","","","","","",""
"RedirecterPetUltiExplosion","","100","","700","","","","","","StatusEffect","","","RedirecterPetUltiPoison","","","","","","","","","","","","","","","","","","","","","","","","","","","","","","","","","","","","","","","","","","","","","","","","","","","","","","","","",""
"RedirecterPetUltiExplosionOvercharged","","100","","700","","","","","","StatusEffect","","","RedirecterPetUltiPoison","","","","","","","","","","","","","","","","","","","","","","","","","","","","","","","","","","","","","","","","","","","","","","","","","","","","","","","","",""
"RedirecterCocoonExplosion","","100","","900","","","","","","Pushback","","","","","","","","","","","","","","","","","","","","","","100","","","","","","","","","","","","","","","","","","","","","","","","","","","","","","","","","","","","","",""
"RedirecterPoisonTrailArea","","5000","","400","","","","","","StatusEffect","","","RedirecterPoisonTrailDamageStatus","","","","","","","","","","","","","","","","","","","","","","","","","","","","","","","","","","","","","","","","","","","","","","","","","","","","","","","","",""
"RedirecterOverchargedSnakePetPoisonTrailArea","","3000","","400","","","","","","StatusEffect","","","RedirecterPoisonTrailDamageStatus","","","","","","","","","","","","","","","","","","","","","","","","","","","","","","","","","","","","","","","","","","","","","","","","","","","","","","","","",""
"Bo_overcharged_atk_area","","700","","400","","","","","","Damage","","","","","","","","","","","","","","","","","","","","","","","","","","","","","","","","","","","","","","","","","","","","","","","","","","","","","","","","","","","",""
"BoxBombExplosion","","700","","600","4000","","","","","Damage","","","","","","","","","","","","","","","","","","","true","","","120","","","","","","","","","","","","","","","","","","","11","","","","","","","","","","","","","","","","","","",""
"MegaBossCrowPushBackL1","","700","","1200","0","","","","","Damage","","","","","","","","","","","","","","","","","","","","","","","","","","","","","","","","","","","","","","","","","","","","","","","","","","","","","","","","","","","",""
"MegaBossCrowPushBackL2","","700","","1200","0","","","","","Damage","","","","","","","","","","","","","","","","","","","","","","100","","","","","","","","","","","","","","","","","","","","","","","","","","","","","","","","","","","","","",""
"MegaBossCrowPushBackL3","","700","","1200","0","","","","","Damage","","","","","","","","","","","","","","","","","","","","","","150","","","","","","","","","","","","","","","","","","","","","","","","","","","","","","","","","","","","","",""
"MegaBossDragonCrowUltiKnifesL1","","700","","300","","","","4","","BulletExplosion","","","","","","","","","","","","MegaBossDragonCrowBoomrangProjectile","15","","","","","","","","","","","","","","","","","","","","","","","","","","","","","","","","","","","","","","","","","","","","","","",""
"MegaBossDragonCrowUltiKnifesSmallL3","","700","","300","","","","8","","BulletExplosion","","","","","","","","","","","","MegaBossDragonCrowBoomrangProjectile","25","","","","","","","","","","","","","","","","","","","","","","","","","","","","","","","","","","","","","","","","","","","","","","",""
"MegaBossDragonCrowUltiKnifesL3","","700","","300","","","","8","","BulletExplosion","","","","","","","","","","","","MegaBossDragonCrowBoomrangProjectileL3","50","","","","","","","","","","","","","","","","","","","","","","","","","","","","","","","","","","","","","","","","","","","","","","",""
"MegaBossCrowFire","","5500","","800","500","","","","","Dot","","","","","","","","","true","","","","","","","","","","","","","","","","","","20","","","","","","","","","","","","","","","","","","","","","","","","","","","","","","","","",""
"MegaBossCrowFireExplosion","","5500","","800","500","","","","","Damage","","","","","","","","","","","","","","","","","","","","","","","","","","","","","","","","","","","","","","","","","","","","","","","","","","","","","","","","","","","",""
"MegaBossCrowFireWarningEffect","","3000","","500","","","","","","Effect","","","","","","","","","","","","","","","","","","","","","","","","","","","","","","","MegaBossCrowFire","MegaBossCrowFireExplosion","","","","","","","","","","","","","","","","","","","","","","","","","","","",""
"SpeederExplosion","","100","","1200","4000","","","","","Damage","","","","","","","","","","","","","","","","","","","FALSE","","","250","250","","","","","","","","SpeederDestroyEnvironment","","","","","","","","","","","","","","","","","","","","","","","","","","","","",""
"SpeederDestroyEnvironment","","700","","600","","","","","","Damage","","","","","","","","","","","","","","","","","","","TRUE","","","","","","","","","","","","","","","","","","","","","","","","","","","","","","","","","","","","","","","","",""
"SandstormModifierSandstorm","","9000","","1000","","","","","","StatusEffect","SandstormModifierVision","SandstormModifierVision","SandstormModifierVision","2","","","","","","","","","","","","","","","","","","","","","","","","","","","","","","","","","","","","","","","","","","","","","","","","","","","","","","","",""
"SandyNanoSandstorm","","3000","","1000","","","","","","StatusEffect","NanoSandstormVision","NanoSandstormVision","","","","","","","","","","","","","","","","","","","","","","","","","","","","","","","","","","","","","","","","","","","","","","","","","","","","","","","","","",""
"BullDudeStompBuddy","","300","","800","","","","","","StatusEffect","","","BullDudeStompGadget","","","","","","","","","","","","","","","","","","","","","","","","","","","","","","","","","","","","","","","","","","","","","","","","","","","","","","","","",""
"GladiatorFire","","100","","800","","","5","","","StatusEffect","","","GladiatorFire","","","","","","","","","","","","","","","","","","","","","","","","","","","","","","","","","","","","","","","","","","","","","","","","","","","","","","","","",""
"AssaultShotgunGadgetDamageArea","","6000","","720","","","","","","Dot","","","","","","","","","","","","","","","","","","","","","","","","","","","","","","","","","","","","","","","","","","","","","","","","","","","","","","","","","","","",""
"AssaultShotgunGadgetDamageAreaBuddy","","6000","","720;1200","","","","","","Dot","","","","","","","","","","","","","","","","","","","","","","","","","","","","","","","","","","","","","","","","","","","","","","","","","","","","","","","","","","","",""
"SuperNovaCactusExplosion","","700","","300","","","","","","Damage","","","","","","","","","","","","","","","","","","","","","","","","","","","","","","","","","","","","","","","","","","","","","","","","","","","","","","","","","","","",""
"SuperNovaCactusSpikeExplosion","","700","","300","","","","4","","BulletExplosion","","","","","","","","","","","","SuperNovaCactusSpikeChain","14","","","","45","","","","","","","","","","","","","","","","","","","","","","","","","","","","","","","","","","","","","","","","","","",""
"SuperNovaCactusSpikeExplosionMini","","700","","300","","","","4","","BulletExplosion","","","","","","","","","","","","SuperNovaCactusSpike","9","","","","45","","","","","","","","","","","","","","","","","","","","","","","","","","","","","","","","","","","","","","","","","","",""
"SuperNovaCactusUltiExplosion","","4500","","1000","800","","","","","Dot","","","CactusUltiExplosionSlow","","","","","","","","","","","","","","","","","","","","","","","","","","","","","","","","","","","","","","","","","","","","","","","","","","","","","","","","",""
"SuperNovaCactusUltiSpikeExplosion","","700","","300","","","","4","","BulletExplosion","","","","","","","","","","","","SuperNovaCactusSpikeCurve","30","","","","","","","","","","","","","","","","","","","","","","","","","","","","","","","","","","","","","","","75","150","","","","","","",""
"SuperNovaVoodooAttackEarthLarge","","1900","","800","","","","","","Damage","","","","","","","","","","","","","","","","","","","","","","","","","","","","","","","","","","","","","","","","","","","","","","","","","","","","","","","","","","","",""
"SuperNovaVoodooAttackEarthMid","","1900","","600","","","","","","Damage","","","","","","","","","","","","","","","","","","","","","","","","","","","","","","","","","","","","","","","","","","","","","","","","","","","","","","","","","","","",""
"SuperNovaVoodooAttackEarthSmall","","1900","","400","","","","","","Damage","","","","","","","","","","","","","","","","","","","","","","","","","","","","","","","","","","","","","","","","","","","","","","","","","","","","","","","","","","","",""
"SuperNovaVoodooAttackForestLarge","","1900","","800","","","","","","Damage","","","","","","","","","","","","","","","","","","","","","","","","","","","","","","","","","","","","","","","","","","","","","","","","","","","","","","","","","","","",""
"SuperNovaVoodooAttackForestMid","","1900","","600","","","","","","Damage","","","","","","","","","","","","","","","","","","","","","","","","","","","","","","","","","","","","","","","","","","","","","","","","","","","","","","","","","","","",""
"SuperNovaVoodooAttackForestSmall","","1900","","400","","","","","","Damage","","","","","","","","","","","","","","","","","","","","","","","","","","","","","","","","","","","","","","","","","","","","","","","","","","","","","","","","","","","",""
"SuperNovaVoodooAttackWaterLarge","","1900","","800","","","","","","Damage","","","","","","","","","","","","","","","","","","","","","","","","","","","","","","","","","","","","","","","","","","","","","","","","","","","","","","","","","","","",""
"SuperNovaVoodooAttackWaterMid","","1900","","600","","","","","","Damage","","","","","","","","","","","","","","","","","","","","","","","","","","","","","","","","","","","","","","","","","","","","","","","","","","","","","","","","","","","",""
"SuperNovaVoodooAttackWaterSmall","","1900","","400","","","","","","Damage","","","","","","","","","","","","","","","","","","","","","","","","","","","","","","","","","","","","","","","","","","","","","","","","","","","","","","","","","","","",""
"SuperNovaVoodooSlowDebuffLarge","","100","","800","","","","","","StatusEffect","","","VoodooAreaSlow","","","","","","","","true","","","","","","","","","","","","","","","","","","","","","","","","","","","","","","","","","","","","","","","","","","","","","","","","",""
"SuperNovaVoodooSlowDebuffMid","","100","","600","","","","","","StatusEffect","","","VoodooAreaSlow","","","","","","","","true","","","","","","","","","","","","","","","","","","","","","","","","","","","","","","","","","","","","","","","","","","","","","","","","",""
"SuperNovaVoodooSlowDebuffSmall","","100","","400","","","","","","StatusEffect","","","VoodooAreaSlow","","","","","","","","true","","","","","","","","","","","","","","","","","","","","","","","","","","","","","","","","","","","","","","","","","","","","","","","","",""
"MagicalGirlFlyArea","","600000","","1300","","","","","","StatusEffect","MagicalGirlLevitation","MagicalGirlLevitation","","0","","","","","","","","","","","","","","","","","","","","","","","","","","","","","","","","","","","","","","","","","","TRUE","","","","","","","","HitLevitating","","","","","",""
"MagicalGirlBonusSkillHealingBlinkLeave","","700","","700","","","","","","Effect","","","","","","","","","","","","","","","","","","","","","","","","","","","","","","","","","","","","","","","","","","","","","","","","","","","","","","","","","","","",""
"MagicalGirlBonusSkillHealingBlinkEnter","","700","","700","","","","","","Effect","","","","","","","","","","","","","","","","","","","","","","","","","","","","","","","","","","","","","","","","","","","","","","","","","","","","","","","","","","","",""
"GladiatorGadgetSkillWallArea","","500","","500","","","","26","","GladiatorWallSpawn","","","","","","","","","","","","","","","","","","","","","","","","","","","","","","","","","","","","","","","","","","","","","","","","","","","","","","","","","","","",""
"GladiatorFireExplosion","","100","","800","500","","5","","","Damage","","","","","","","","","","","TRUE","","","","","","","","","","","","","","","","","","","","","","","","","","","","","","","","","","","","","","","","","","","","","","","46","",""
"GladiatorFireFx","","700","","300","","","","","","Effect","","","","","","","","","","","","","","","","","","","","","","","","","","","","","","","","","","","","","","","","","","","","","","","","","","","","","","","","","","","",""
"AssaultShotgunGadgetBombExplosion","","700","","800","0","","6","","","Damage","","","","","","","","","","","","","","","","","","","true","","","150","250","","","","","","","","","","","","","","","","","","","","","","","","","","","","","","","","","","","","",""
"StarNovaPickupSpawn_Spike","","6000","","1000","","","","","","Effect","","","","","","","","","","","","","","","","","","","","","","","","","","","","","","","StarNovaPickupSpawnIndicator_Spike","","","","","","","","","","","","","","","","","","","","","","","","","","","","",""
"StarNovaPickupSpawn_Fast_Spike","","100","","0","","","","","","Effect","","","","","","","","","","","","","","","","","","","","","","","","","","","","","","","StarNovaPickupSpawnIndicator_Spike","","","","","","","","","","","","","","","","","","","","","","","","","","","","",""
"StarNovaPickupSpawnIndicator_Spike","","4000","","1000","","","","","","Effect","","","","","","","","","","","","","","","","","","","","","","","","","","","","","","","","","","","","","","","","","","","","","","","","","","","","","","","","","","","",""
"StarNovaPickupSpawn_Amber","","6000","","1000","","","","","","Effect","","","","","","","","","","","","","","","","","","","","","","","","","","","","","","","StarNovaPickupSpawnIndicator_Amber","","","","","","","","","","","","","","","","","","","","","","","","","","","","",""
"StarNovaPickupSpawn_Fast_Amber","","100","","0","","","","","","Effect","","","","","","","","","","","","","","","","","","","","","","","","","","","","","","","StarNovaPickupSpawnIndicator_Amber","","","","","","","","","","","","","","","","","","","","","","","","","","","","",""
"StarNovaPickupSpawnIndicator_Amber","","4000","","1000","","","","","","Effect","","","","","","","","","","","","","","","","","","","","","","","","","","","","","","","","","","","","","","","","","","","","","","","","","","","","","","","","","","","",""
"StarNovaPickupSpawn_Bea","","6000","","1000","","","","","","Effect","","","","","","","","","","","","","","","","","","","","","","","","","","","","","","","StarNovaPickupSpawnIndicator_Bea","","","","","","","","","","","","","","","","","","","","","","","","","","","","",""
"StarNovaPickupSpawn_Fast_Bea","","100","","0","","","","","","Effect","","","","","","","","","","","","","","","","","","","","","","","","","","","","","","","StarNovaPickupSpawnIndicator_Bea","","","","","","","","","","","","","","","","","","","","","","","","","","","","",""
"StarNovaPickupSpawnIndicator_Bea","","4000","","1000","","","","","","Effect","","","","","","","","","","","","","","","","","","","","","","","","","","","","","","","","","","","","","","","","","","","","","","","","","","","","","","","","","","","",""
"StarNovaPickupSpawn_Juju","","6000","","1000","","","","","","Effect","","","","","","","","","","","","","","","","","","","","","","","","","","","","","","","StarNovaPickupSpawnIndicator_Juju","","","","","","","","","","","","","","","","","","","","","","","","","","","","",""
"StarNovaPickupSpawn_Fast_Juju","","100","","0","","","","","","Effect","","","","","","","","","","","","","","","","","","","","","","","","","","","","","","","StarNovaPickupSpawnIndicator_Juju","","","","","","","","","","","","","","","","","","","","","","","","","","","","",""
"StarNovaPickupSpawnIndicator_Juju","","4000","","1000","","","","","","Effect","","","","","","","","","","","","","","","","","","","","","","","","","","","","","","","","","","","","","","","","","","","","","","","","","","","","","","","","","","","",""
"StarNovaPickupSpawn_Stella","","6000","","1000","","","","","","Effect","","","","","","","","","","","","","","","","","","","","","","","","","","","","","","","StarNovaPickupSpawnIndicator_Stella","","","","","","","","","","","","","","","","","","","","","","","","","","","","",""
"StarNovaPickupSpawn_Fast_Stella","","100","","0","","","","","","Effect","","","","","","","","","","","","","","","","","","","","","","","","","","","","","","","StarNovaPickupSpawnIndicator_Stella","","","","","","","","","","","","","","","","","","","","","","","","","","","","",""
"StarNovaPickupSpawnIndicator_Stella","","4000","","1000","","","","","","Effect","","","","","","","","","","","","","","","","","","","","","","","","","","","","","","","","","","","","","","","","","","","","","","","","","","","","","","","","","","","",""
"GladiatorUltiArenaAreaEffect","","5000","","1500","","","","10","2000","EdgeCrossing","","","","","","","","","","","","","","","","","","","","","","70","","","","","","","","","","","","","","","","","","","","","","","","","","","1500","","","","","","","","","","",""
"GladiatorOverchargedUltiAreaEffect","","4000","","1500","600","","5","","","Dot","","","","","","","","","TRUE","","","","","","","","","","","","","","","","","","","","","","","","","","","","","","","","","","","","","","","","","","","","","","","","","","",""
"GladiatorUltiArenaDestroy","","700","","300","","","","","","Effect","","","","","","","","","","","","","","","","","","","","","","","","","","","","","","","","","","","","","","","","","","","","","","","","","","","","","","","","","","","",""
"GladiatorUltiSlowAreaNanoPower","","5000","","1500","","","","","","StatusEffect","","","SlowDownNanoPower_Damian","","","","","","","","","","","","","","","","","","","","","","","","","","","","","","","","","","","","","","","","","","","","","","","","","","","","","","","","",""
"PowerLevelerSlowAreaNanoPower","","1000","","800","","","","","","StatusEffect","","","SlowDownNanoPower_Surge","","","","","","","","","","","","","","","","","","","","","","","","","","","","","","","","","","","","","","","","","","","","","","","","","","","","","","","","",""
"MegaBossFinxTimebend","","7000","","900","","","","","","StatusEffect","ChronomancerTimebendBoostSelf","ChronomancerTimebendSpeedBoost","ChronomancerTimebendSpeedReduce","","","","","","","","","","","","","","","","","","","","","","","","","","","","","","","","","","","","","","","","","","","","TRUE","TRUE","","","","","","","","","","","",""
"MegaBossFinxTowerTimebend","","10000","","1080","","","","","","StatusEffect","MegaBossFinxTowerTimebendSpeedReduce","MegaBossFinxTowerTimebendSpeedReduce","MegaBossFinxTowerHeal","","","","","","","","","","","","","","","","","","","","","","","","","","","","","","","","","","","","","","","","","","","","TRUE","","","","","","","","","","","","",""
"MegaBossFinxTimeStopBulletExplosion","","300","","600","500","","","5","","BulletExplosion","","","","","","","","","","","","MegaBossFinxTimeStopProjectile","45","","","","","","","","","","","","","","","","","","","","","","","","","","","","","","","","","","","","","","","","","","","","","","",""
"SwarmCardSelectionSlowArea","","999999","","2000","","","","","","StatusEffect","","","SwarmCardSelectionSlow","2","","","","","","","","","","","","","","","","","","","","","","","","","","","","","","","","","","","100","30","","","","","","","","","","","","","","","","","","","80","2"
"MegaBossFinxTimeRiftBulletExplosion","","300","","600","500","","","6","","BulletExplosion","","","","","","","","","","","","MegaBossFinxTimeRiftProjectile","80","","","","","","","","","","","","","","","","","","","","","","","","","","","","","","","","","","","","","","","","","","","","","","",""
"MegaBossFinxAddWarning","","2000","","450","","","","","","Effect","","","","","","","","","","","","","","","","","","","","","","","","","","","","","","","MegaBossFinxAddTrigger","","","","","","","","","","","","","","","","","","","","","","","","","","","","",""
"MegaBossFinxAddTrigger","","50","","450","","","","1","","BulletExplosion","","","","","","","","","","","","MegaBossFinxCreateKit","1","","","","","","","","","","","","","","","","","","","","","","","","","","","","","","","","","","","","","","","","","","","","","","",""
"MegaBossFinxTrailArea","","5000","","300","","","","","","Dot","","","","","","","","","","","","","","","","","","","","","","","","","","","","","","","","","","","","","","","","","","","","","","","","","","","","","","","","","","","",""
"MegaBossFinxStasisAreaWarning","","2000","","900","","","","","","Effect","","","","","","","","","","","","","","","","","","","","","","","","","","","","","","","MegaBossFinxStasisAreaStun","MegaBossFinxStasisAreaDamage","","","","","","","","","","","","","","","","","","","","","","","","","","","",""
"MegaBossFinxStasisAreaStun","","700","","550","","","","","","StatusEffect","","","VecnaStunSmash","","","","","","","","","","","","","","","","","","","","","","","","","","","","","","","","","","","","","","","","","","","","","","","","","","","","","","","","",""
"MegaBossFinxTimebendSelf","","4500","","1350","","","","","","StatusEffect","ChronomancerTimebendBoostSelf","ChronomancerTimebendSpeedBoost","ChronomancerTimebendSpeedReduce","","","","","","","","","","","","","","","","","","","","","","","","","","","","","","","","","","","","","","","","","","","","TRUE","TRUE","","","","","","","","","","","",""
"MegaBossFinxStasisAreaDamage","","100","","800","500","","","","","Damage","","","","","","","","","","","","","","","","","","","","","","","","","","","","","","","","","","","","","","","","","","","","","","","","","","","","","","","","","","","",""
"MegaBossColetteChargeProjectileArea","","100","","600","","","","2","","BulletExplosion","","","","","","","","","","","","MegaBossPercenterProjectile","22","","","","90","true","","","","","","","","","","","","","","","","","","","","","","","","","","","","","","","","","","","","","","","","","",""
"MegaBossColetteProjectileExplodeArea","","100","","600","","","","6","","BulletExplosion","","","","","","","","","","","","MegaBossPercenterProjectile","25","","","","","true","","","","","","","","","","","","","","","","","","","","","","","","","","","","","","","","","","","","","","","","","",""
"MegaBossColetteProjectileExplodeAreaSmall","","100","","600","","","","3","","BulletExplosion","","","","","","","","","","","","MegaBossPercenterProjectileSmall","10","","","","30","true","","","","","","","","","","","","","","","","","","","","","","","","","","","","","","","","","","","","","","","","","",""
"MegaBossColetteProjectileExplodeAreaSmallDense","","100","","600","","","","6","","BulletExplosion","","","","","","","","","","","","MegaBossPercenterProjectileSmall","18","","","","","true","","","","","","","","","","","","","","","","","","","","","","","","","","","","","","","","","","","","","","","","","",""
"NanoColetteChargeProjectileArea","","100","","600","","","","2","","BulletExplosion","","","","","","","","","","","","NanoPercenterProjectile","22","","","","90","true","","","","","","","","","","","","","","","","","","","","","","","","","","","","","","","","","","","","","","","","","",""
"SwarmFireAuraL1","","5000","","1120","","","","","","StatusEffect","","","SwarmPetrolFireL1","10","","","","","","TRUE","TRUE","","","","","","","","","","","","","","","","","","","","","","","","","","","","","","","","","","","","","","","","","","","","","","","","",""
"SwarmFireAuraL2","","5000","","1400","","","","","","StatusEffect","","","SwarmPetrolFireL2","10","","","","","","TRUE","TRUE","","","","","","","","","","","","","","","","","","","","","","","","","","","","","","","","","","","","","","","","","","","","","","","","",""
"SwarmFireAuraL3","","5000","","1680","","","","","","StatusEffect","","","SwarmPetrolFireL3","10","","","","","","TRUE","TRUE","","","","","","","","","","","","","","","","","","","","","","","","","","","","","","","","","","","","","","","","","","","","","","","","",""
"MegaBossFinxTowerStasisAreaWarning","","2000","","900","","","","","","Effect","","","","","","","","","","","","","","","","","","","","","","","","","","","","","","","MegaBossFinxTowerStasisAreaStun","MegaBossFinxTowerStasisAreaDamage","","","","","","","","","","","","","","","","","","","","","","","","","","","",""
"MegaBossFinxTowerStasisAreaStun","","300","","800","","","","","","StatusEffect","","","MegaBossFinxStunSmash","","","","","","","","","","","","","","","","","","","","","","","","","","","","","","","","","","","","","","","","","","","","","","","","","","","","","","","","",""
"MegaBossFinxTowerStasisAreaDamage","","100","","800","1000","","","","","Damage","","","","","","","","","","","","","","","","","","","","","","","","","","","","","","","","","","","","","","","","","","","","","","","","","","","","","","","","","","","",""
"RockProjectileMagnetAreaStatuses","","3000","","1000","","","","","","StatusEffect","","","RockProjectileMagnetStatus","","","","","","","","","","","","","","","","","","","","","","","","","","","","","","","","","","","","","","","","","","","","TRUE","TRUE","","","followTargetGone","","","","","","","","",""
"RockProjectileMagnetAreaActions","","3000","","1000","","","","","","Action","","","","","","","RockProjectileHomingAction","","","","","","","","","","","","","","","","","","","","","","","","","","","","","","","","","","","","","","","","TRUE","TRUE","","","followTargetGone","","","","","","","","",""
"RockUltiTrail","","3900","","300","","","","","","StatusEffect","","","RockUltiTrailStatus","10","","","","","","","","","","","","","","","","","","","","","","","","","","","","","","","","","","","","","","","","","","","","","","","","","","","","","","","",""
"RockGadgetJumpArea","","300","","600","500","","","","","Damage","","","","","","","","","","","","","","","","","","","true","","","","","","","","","","","","","","","","","","","","","","","","","","","","","","","","","","","","","","","","",""
"KatanaKidUltiDamage","","600","","700","1250","","","","","Damage","","","","","","","","","","","","","","","","","","","","","","","","","","","","","","","","","","","","","","","","","","","","","","","","","","","","","","","","","","35","",""
"KatanaKidUltiWarning","","800","","700","","","","","","StatusEffect","KatanaKidHide","","","","","","","","","","","","","","","","","","","","","","","","","","","","","","KatanaKidUltiDamage","","","","","","","","","","","","","","","","","","","","","","","","","","","","",""
"GladiatorUltiArenaAreaEffectVfx","","2000","","900","","","","","","Effect","","","","","","","","","","","","","","","","","","","","","","","","","","","","","","","","","","","","","","","","","","","","","","","","","","","","","","","","","","","",""
"FutureGirlTurretArea","","600000","","2000","","","","","","StatusEffect","FutureGirlTurretAreaStatusEffect","FutureGirlTurretAreaStatusEffect","","5","","","","","","","","","","","","","","","","","","","","","","","","","","","","","","","","","","","","","","","","","","TRUE","","","","","","","","","","","","","",""
"MegaBossBlackHoleUltiShieldExplosion","","1400","","450","","","","700","","DelayedDamage","","","","","","","","","","","","","","","","","","","true","","","50","","","","","","","","","","","","","","","","","","","","","","","","","","","","","","","","","","","","","",""
"MegaBossBlackHoleUltiSuck","","700","","1200","","","","","","Pushback","","","","","","","","","","","","","","","","","","","","","","-150","","","","","","","","","","","","","","","","","","","","","","","","","","","","","","","","","","","","","",""
"MechaDudeUltiSpawnExplosion","","100","","1000","1500","","5","","","Damage","","","","","","","","","","","","","","","","","","","FALSE","","","250","250","","","","","","","","","","","","","","","","","","","","","","","","","","","","","","","","","","","","",""
"MechaDudeUltiSpawnExplosionHyperCharged","","100","","1000","1500","","5","","","Damage","","","","","","","","","","","","","","","","","","","FALSE","","","250","250","","","","","","","","","","","","","","","","","","","","","","","","","","","","","","","","","","","","",""
"MegaBossBlackHolePetExplosionWarning","","2000","","900","","","","","","Effect","","","","","","","","","","","","","","","","","","","","","","","","","","","","","","","MegaBossBlackHolePetExplosion","","","","","","","","","","","","","","","","","","","","","","","","","","","","",""
"MegaBossBlackHolePetExplosion","","1400","","900","3000","","","","","Damage","","","","","","","","","","","","","","","","","","","true","","","50","","","","","","","","","","","","","","","","","","","","","","","","","","","","","","","","","","","","","",""
"MechaDudeUltiSpawnExplosionHyperChargedStatusArea","","500","","1000","","","","","","StatusEffect","","","MechaDudeUltiSpawnExplosionHyperChargedStatusEffect","","","","","","","","","","","","","","","","","","","","","","","","","","","","","","","","","","","","","","","","","","","","","","","","","","","","","","","","",""
"MegaBossRocketGirlTrailArea","","5000","","300","","","","","","Dot","","","","","","","","","","","","","","","","","","","","","","","","","","","","","","","","","","","","","","","","","","","","","","","","","","","","","","","","","","","",""
"MegaBossBlackHoleGravityWellWarning","","4500","","2500","","","","","","Effect","","","","","","","","","","","","","","","","","","","","","","","","","","","","","","","MegaBossBlackHoleUltiSuck","MegaBossBlackHoleUltiShieldExplosion","","","","","","","","","","","","","","","","","","","","","","","","","","","",""
"MegaBossBlackHoleBoomerangTrailWarning","","1500","","1500","","","","","","Effect","","","","","","","","","","","","","","","","","","","","","","","","","","","","","","","MegaBossBlackHoleBoomerangTrailSuck","MegaBossBlackHoleBoomerangTrailExplosion","","","","","","","","","","","","","","","","","","","","","","","","","","","",""
"MegaBossBlackHoleBoomerangTrailSuck","","700","","700","","","","","","Pushback","","","","","","","","","","","","","","","","","","","","","","-150","","","","","","","","","","","","","","","","","","","","","","","","","","","","","","","","","","","","","",""
"MegaBossBlackHoleBoomerangTrailExplosion","","1400","","300","","","","700","","DelayedDamage","","","","","","","","","","","","","","","","","","","true","","","50","","","","","","","","","","","","","","","","","","","","","","","","","","","","","","","","","","","","","",""
"MegaBossRocketGirlRocketExplosion","","100","","600","","","","12","","BulletExplosion","","","","","","","","","","","","MegaBossRocketGirlStreamProjectile","40","","","","","true","","","","","","","","","","","","","","","","","","","","","","","","","","","","","","","","","","","","","","","","","",""
"MegaBossRocketGirlRainWarning","","1500","","100","","","","","","Effect","","","","","","","","","","","","","","","","","","","","","","","","","","","","","","","MegaBossRocketGirlsRainArea","","","","","","","","","","","","","","","","","","","","","","","","","","","","",""
"MegaBossRocketGirlsRainArea","","5000","","300","","","","","","Dot","","","","","","","","","","","","","","","","","","","","","","","","","","","","","","","","","","","","","","","","","","","","","","","","","","","","","","","","","","","",""
"MechaDudeGadgetBuddyFire","","3000","","500","30","","4","","","Dot","","","","","","","","","","","","","","","","","","","","","","","","","","","1000","","","","","","","","","","","","","","","","","","","","","","","","","","","","","","","0","",""
"MechaDudeBuddyGadgetHealArea","","7000","","1000","","","2","","","StatusEffect","","MechaDudeBuddyGadgetHealAuraStatus","","","","","","","","","","","","","","","","","","","","","","","","","","","","","","","","","","","","","","","","","","","","","","","","","","","","FollowSource","","","","","",""
"MechaDudeGadgetEndExplosion","","700","","600","","","","","","Damage","","","","","","","","","","","","","","","","","","","","","","150","250","","","","","","","","","","","","","","","","","","","","","","","","","","","","","","","","","","","","",""
"MechaDudeBulletHitExplosionOvercharged","","100","","600","200","","5","","","Damage","","","","","","","","","","","True","","","","","","","","","","","","","","","","","","","","","","","","","","","","","","","","","","","","","","","","","","","","","","","50","",""
"TrickshotDudeBulletBouncerAreaEffect","","600000","","200","","","","1","","BlockProjectiles","","","","","","","","","","","","","","","","","","","","","","","","","","","","","","","","","","","","","","","","","","","","","","","","","","","","","","RectangularAreaEffectCollision","","","","","",""
"RocketGirlGadgetJumpArea","","300","","600","500","","","","","Damage","","","","","","","","","","","","","","","","","","","","","","150","","","","","","","","","","","","","","","","","","","","","","","","","","","","","","","","","","","","0","",""
"RocketGirlGadgetSkillMegaRocketEndExplosion","","700","","600","","","","","","Damage","","","","","","","","","","","","","","","","","","","true","","","150","250","","","","","","","","","","","","","","","","","","","","","","","","","","","","","","","","","","","","",""
"MegaBossRocketGirlJumpExplosionWarning","","500","","2500","","","","","","Effect","","","","","","","","","","","","","","","","","","","","","","","","","","","","","","","MegaBossRocketGirlTrailArea","MegaBossRocketGirlJumpExplosion","","","","","","","","","","","","","","","","","","","","","","","","","","","",""
"MegaBossRocketGirlJumpExplosion","","1400","","900","","","","700","","Damage","","","","","","","","","","","","","","","","","","","true","","","50","","","","","","","","","","","","","","","","","","","","","","","","","","","","","","","","","","","","","",""
"PowerLevelerOverchargedUltiProjectiles","","700","","300","","","","8","","BulletExplosion","","","","","","","","","","","","PowerLevelerOverchargedUltiProjectile","18","300","","","","","","","","","","","","","","","","","","","","","","","","","","","","","","","","","","","","","","","","","","","","","",""
"MegaKatanaKidPushBack","","700","","1200","1200","","","","","Damage","","","","","","","","","","","","","","","","","","","","","","300","250","","","","","","","","","","","","","","","","","","","","","","","","","","","","","","","","","","","","",""
"MegaKatanaKidDashTrail","","5000","","300","","","","","","Dot","","","","","","","","","","","","","","","","","","","","","","","","","","","","","","","","","","","","","","","","","","","","","","","","","","","","","","","","","","","",""
"MegaKatanaKid360FishExplosion","","1200","","600","500","","","8","","BulletExplosion","","","","","","","","","","","","MegaKatanaKidFishProjectile","20","300","","","","","","","","","","","","","","","","","","","","","","","","","","","","","","","","","","","","","","","","","","","","","",""
"MegaKatanaKidUltiDamage","","500","","1400","1000","","","","","Damage","","","","","","","","","","","","","","","","","","","","","","","","","","","","","","","","","","","","","","","","","","","","","","","","","","","","","","","","","","","",""
"MegaKatanaKidFishExplosion","","500","","250","300","","","","","Damage","","","","","","","","","","","","","","","","","","","","","","","","","","","","","","","","","","","","","","","","","","","","","","","","","","","","","","","","","","","",""
"MegaKatanaKidUltiIndicator","","2000","","1600","","","","","","Effect","","","","","","","","","","","","","","","","","","","","","","","","","","","","","","","","","","","","","","","","","","","","","","","","","","","","","","","","","","","",""
"MegaBossKatanaKid_FishSpawner360FishExplosion","","2500","","600","500","","","10","","BulletExplosion","","","","","","","","","","","","MegaBossKatanaKidLobbedFishProjectile","26","400","","","","","","","","","","","","","","","","","MegaBossKatanaKid_FishSpawner360FishExplosion2","","","","","","","","","","","","","","","","","","","","","","","","","","","","",""
"MegaBossKatanaKid_FishSpawner360FishExplosion2","","1500","","600","500","","","10","","BulletExplosion","","","","","","","","","","","","MegaBossKatanaKidLobbedFishProjectile","32","500","","","","","","","","","","","","","","","","","","","","","","","","","","","","","","","","","","","","","","","","","","","","","",""
"TrickshotDudeBulletBouncerAreaEffectBuddy","","600000","","200","","","","1","","BlockProjectiles","","","","","","","","","","","","","","","","","","","","","","","","","","","","","","","","","","","","","","","","","","","","","","","","","","","","","","RectangularAreaEffectCollision","","","","","",""
"FutureGirlGadgetAreaEffect","","1900","","600","","","","","","StatusEffect","","","FutureGirlGadgetPreventHealEffect","","","","","","","","","","","","","","","","","","","","","","","","","","","","","","","","","","","","","","","","","","","","","","","","","","","","","","","","",""
"FutureGirlGadgetAreaEffectSlow","","100","","600","","","","","","StatusEffect","","","FutureGirlGadgetProjectileSlow","","","","","","","","","","","","","","","","","","","","","","","","","","","","","","","","","","","","","","","","","","","","","","","","","","","","","","","","",""
"RocketGirlGadgetJumpAreaBuddy","","300","","600","500","","","","","Damage","","","","","","","","","","","","","","","","","","","","","","150","","","","","","","","","","","","","","","","","","","","","","","","","","","","","","","","","","","","0","",""
"CookingScore","","700","","300","","","","","","Effect","","","","","","","","","","","","","","","","","","","","","","","","","","","","","","","","","","","","","","","","","","","","","","","","","","","","","","","","","","","",""
"CookingSpawnIncomingDeliveryBot","","5000","","450","","","","","","Effect","","","","","","","","","","","","","","","","","","","","","","","","","","","","","","","","","","","","","","","","","","","","","","","","","","","","","","","","","","","",""
"CookingSpawnIncomingGuardBot","","5000","","300","","","","","","Effect","","","","","","","","","","","","","","","","","","","","","","","","","","","","","","","","","","","","","","","","","","","","","","","","","","","","","","","","","","","",""
"CookingIngredientAdded","","700","","300","","","","","","Effect","","","","","","","","","","","","","","","","","","","","","","","","","","","","","","","","","","","","","","","","","","","","","","","","","","","","","","","","","","","",""
"MechaVanMoveArea","","600000","","1500","","","","","","Effect","","","","","","","","","","","","","","","","","","","","","","","","","","","","","","","","","","","","","","","","","","","","","","","","","","","","","","","","","","","",""
"MechaVanMoveAreaCharging","","600000","","1500","","","","","","Effect","","","","","","","","","","","","","","","","","","","","","","","","","","","","","","","","","","","","","","","","","","","","","","","","","","","","","","","","","","","",""
"MechaVanFodderBombDeathAttack","","3000","","800","","","","","","Dot","","","","","","","","","","","","","","","","","","","","","","","","","","","","","","","","","","","","","","","","","","","","","","","","","","","","","","","","","","","",""
"Brock_def_atk_area_fx_only","","700","","450","","","","","","Damage","","","","","","","","","","","","","","","","","","","","","","","","","","","","","","","","","","","","","","","","","","","","","","","","","","","","","","","","","","","",""
"MegaBossBlackHolePushBack","","700","","800","200","","","","","Damage","","","","","","","","","","","","","","","","","","","","","","50","100","","","","","","","","","","","","","","","","","","","","","","","","","","","","","","","","","","","","",""
