"Name","Logic","Disabled","FileName","OwnExportName","BlueExportName","RedExportName","NeutralExportName","Layer","ExportNameTop","ExportNameTopRed","ExportNameObject","Effect","LoopingEffect","ScaleLoopingEffect","HitEffect","AllowEffectInterrupt","PlaybackType","RotationType","Scale","IgnoreFadeout","SkinnedCustomValue","BlueSCW","RedSCW","SCWLayer"
"string","string","boolean","string","string","string","string","string","string","string","string","string","string","string","string","string","boolean","int","int","int","boolean","int","string","string","string"
"Brock_def_atk_area","Brock_def_atk_area","","sc/effects.sc","","","","","GroundHigh","","","","brock_def_explosion_blue","","100","","","","","70","","","","",""
"Brock_def_ulti_area","Brock_def_ulti_area","","sc/effects.sc","","","","","GroundHigh","","","","brock_def_ultiexp_blue","","100","","","","","100","","","","",""
"Brock_def_Overcharged_ulti_area","Brock_def_ulti_area","","sc/effects.sc","","","","","GroundHigh","","","","brock_def_oc_ultiexp_purple","","100","","","","","100","","","","",""
"Brock_002_atk_area","Brock_def_atk_area","","sc/effects.sc","","","","","GroundHigh","","","","brock_002_explosion_blue","","100","","","","","70","","","","",""
"Brock_002_ulti_area","Brock_def_ulti_area","","sc/effects.sc","","","","","GroundHigh","","","","brock_def_ultiexp_blue","","100","","","","","100","","","","",""
"Brock_004_atk_area","Brock_def_atk_area","","sc/effects.sc","","","","","GroundHigh","","","","brock_004_explosion_blue","","100","","","","","70","","","","",""
"Brock_004_ulti_area","Brock_def_ulti_area","","sc/effects.sc","","","","","GroundHigh","","","","brock_004_ultiexp_blue","","100","","","","","100","","","","",""
"Brock_007_atk_area","Brock_def_atk_area","","sc/effects.sc","","","","","GroundHigh","","","","brock_007_explosion_blue","","100","","","","","70","","","","",""
"Brock_007_ulti_area","Brock_def_ulti_area","","sc/effects.sc","","","","","GroundHigh","","","","brock_007_explosion_blue","","100","","","","","100","","","","",""
"Brock_008_atk_area","Brock_def_atk_area","","sc/effects.sc","","","","","GroundHigh","","","","brock_008_atk_ground","","100","","","","","70","","","","",""
"Brock_008_ulti_area","Brock_def_ulti_area","","sc/effects.sc","","","","","GroundHigh","","","","brock_008_ulti","","100","","","","","100","","","","",""
"Brock_009_atk_area","Brock_def_atk_area","","sc/effects.sc","","","","","GroundHigh","","","","brock_009_atk_explosion_blue","","100","","","","","70","","","","",""
"Brock_009_ulti_area","Brock_def_ulti_area","","sc/effects.sc","","","","","GroundHigh","","","","brock_009_explosion_blue","","100","","","","","100","","","","",""
"Brock_010_atk_area","Brock_def_atk_area","","sc/effects.sc","","","","","GroundHigh","","","","brock_010_explosion","","100","","","","","70","","","","",""
"Brock_010_ulti_area_red","Brock_def_ulti_area","","sc/effects.sc","","","","","GroundHigh","","","","brock_010_ulti_explosion_red","","100","","","","","100","","","","",""
"Brock_010_ulti_area_blue","Brock_def_ulti_area","","sc/effects.sc","","","","","GroundHigh","","","","brock_010_ulti_explosion_blue","","100","","","","","100","","","","",""
"Brock_010_ulti_area_yellow","Brock_def_ulti_area","","sc/effects.sc","","","","","GroundHigh","","","","brock_010_ulti_explosion_yellow","","100","","","","","100","","","","",""
"Brock_010_ulti_area_pink","Brock_def_ulti_area","","sc/effects.sc","","","","","GroundHigh","","","","brock_010_ulti_explosion_pink","","100","","","","","100","","","","",""
"Brock_010_ulti_area_black","Brock_def_ulti_area","","sc/effects.sc","","","","","GroundHigh","","","","brock_010_ulti_explosion_black","","100","","","","","100","","","","",""
"Brock_011_atk_area","Brock_def_atk_area","","sc/effects.sc","","","","","GroundHigh","","","","brock_011_atk_explosion_blue","","100","","","","","70","","","","",""
"Brock_011_ulti_area","Brock_def_ulti_area","","sc/effects.sc","","","","","GroundHigh","","","","brock_011_explosion_blue","","100","","","","","100","","","","",""
"Brock_012_atk_area","Brock_def_atk_area","","sc/effects.sc","","","","","GroundHigh","","","","brock_012_atk_explosion_blue","","100","","","","","70","","","","",""
"Brock_012_ulti_area","Brock_def_ulti_area","","sc/effects.sc","","","","","GroundHigh","","","","brock_012_explosion_blue","","100","","","","","100","","","","",""
"Brock_012_oc_atk_area","Brock_def_atk_area","","sc/effects.sc","","","","","GroundHigh","","","","brock_012_oc_atk_explosion_blue","","100","","","","","70","","","","",""
"Brock_012_oc_ulti_area","Brock_def_ulti_area","","sc/effects.sc","","","","","GroundHigh","","","","brock_012_oc_explosion_blue","","100","","","","","100","","","","",""
"Brock_012_spawn","HeroSpawn","","sc/effects_brawler.sc","","","","","GroundHigh","","","","brock_012_spawn","","100","","","","","100","","","","",""
"RocketGirlExplosion","RocketGirlExplosion","","sc/effects.sc","range400_blue","range400_blue","range400_red","","GroundHigh","","","","explosion_rocket_rose","","100","","","","","70","","","","",""
"RocketGirlUltiExplosion","RocketGirlUltiExplosion","","sc/effects.sc","range450_blue","range450_blue","range450_red","","GroundHigh","","","","explosion_rocket_rose_ulti","","100","","","","","100","","","","",""
"CactusExplosion","CactusExplosion","","sc/effects.sc","","","","","GroundHigh","","","","spike_def_atk1_explosion","","100","","","","","70","","","","",""
"CactusSpikeExplosion","CactusSpikeExplosion","","sc/effects.sc","","","","","GroundHigh","","","","","","100","","","","","100","","","","",""
"CactusUltiExplosion","CactusUltiExplosion","","sc/effects.sc","","","","","GroundHigh","","","","spike_def_ulti_explosion","","100","","","","","170","","","","",""
"Spike_002_atk1_explosion","CactusExplosion","","sc/effects.sc","","","","","GroundHigh","","","","spike_002_atk1_explosion","","100","","","","","70","","","","",""
"Spike_002_atk2","CactusSpikeExplosion","","sc/effects.sc","","","","","GroundHigh","","","","","","100","","","","","100","","","","",""
"Spike_002_ulti_explosion","CactusUltiExplosion","","sc/effects.sc","","","","","GroundHigh","","","","spike_002_ulti_explosion","","100","","","","","170","","","","",""
"Spike_003_atk1_explosion","CactusExplosion","","sc/effects.sc","","","","","GroundHigh","","","","spike_003_atk1_explosion","","100","","","","","70","","","","",""
"Spike_003_atk2","CactusSpikeExplosion","","sc/effects.sc","","","","","GroundHigh","","","","","","100","","","","","100","","","","",""
"Spike_003_ulti_explosion","CactusUltiExplosion","","sc/effects.sc","","","","","GroundHigh","","","","spike_003_ulti_explosion","","100","","","","","170","","","","",""
"Spike_004_atk1_explosion","CactusExplosion","","sc/effects.sc","","","","","GroundHigh","","","","spike_004_atk1_explosion","","100","","","","","70","","","","",""
"Spike_004_atk2","CactusSpikeExplosion","","sc/effects.sc","","","","","GroundHigh","","","","","","100","","","","","100","","","","",""
"Spike_004_ulti_explosion","CactusUltiExplosion","","sc/effects.sc","","","","","GroundHigh","","","","spike_004_ulti_explosion","","100","","","","","170","","","","",""
"Spike_005_atk1_explosion","CactusExplosion","","sc/effects.sc","","","","","GroundHigh","","","","spike_005_atk1_explosion","","100","","","","","70","","","","",""
"Spike_005_atk2","CactusSpikeExplosion","","sc/effects.sc","","","","","GroundHigh","","","","","","100","","","","","100","","","","",""
"Spike_005_ulti_explosion","CactusUltiExplosion","","sc/effects.sc","","","","","GroundHigh","","","","spike_005_ulti_explosion","","100","","","","","170","","","","",""
"Spike_006_atk1_explosion","CactusExplosion","","sc/effects.sc","","","","","GroundHigh","","","","spike_006_atk1_explosion","","100","","","","","70","","","","",""
"Spike_006_atk2","CactusSpikeExplosion","","sc/effects.sc","","","","","GroundHigh","","","","","","100","","","","","100","","","","",""
"Spike_006_ulti_explosion","CactusUltiExplosion","","sc/effects.sc","","","","","GroundHigh","","","","spike_006_ulti_explosion","","100","","","","","170","","","","",""
"Spike_007_atk1_explosion","CactusExplosion","","sc/effects.sc","","","","","GroundHigh","","","","spike_007_atk1_explosion","","100","","","","","100","","","","",""
"Spike_007_atk2","CactusSpikeExplosion","","sc/effects.sc","","","","","GroundHigh","","","","","","100","","","","","100","","","","",""
"Spike_007_ulti_explosion","CactusUltiExplosion","","sc/effects.sc","","","","","GroundHigh","","","","spike_007_ulti_explosion","","100","","","","","170","","","","",""
"Spike_008_atk1_explosion","CactusExplosion","","sc/effects.sc","","","","","GroundHigh","","","","spike_008_atk1_explosion","","100","","","","","100","","","","",""
"Spike_008_atk2","CactusSpikeExplosion","","sc/effects.sc","","","","","GroundHigh","","","","","","100","","","","","100","","","","",""
"Spike_008_ulti_explosion","CactusUltiExplosion","","sc/effects.sc","","","","","GroundHigh","","","","spike_008_ulti_explosion","","100","","","","","170","","","","",""
"Spike_009_atk1_explosion","CactusExplosion","","sc/effects.sc","","","","","GroundHigh","","","","spike_009_atk1_explosion","","100","","","","","100","","","","",""
"Spike_009_atk2","CactusSpikeExplosion","","sc/effects.sc","","","","","GroundHigh","","","","","","100","","","","","100","","","","",""
"Spike_009_ulti_explosion","CactusUltiExplosion","","sc/effects.sc","","","","","GroundHigh","","","","spike_009_ulti_explosion","","100","","","","","170","","","","",""
"Spike_010_atk1_explosion","CactusExplosion","","sc/effects.sc","","","","","GroundHigh","","","","spike_010_atk1_explosion","","100","","","","","100","","","","",""
"Spike_010_atk2","CactusSpikeExplosion","","sc/effects.sc","","","","","GroundHigh","","","","","","100","","","","","100","","","","",""
"Spike_010_ulti_explosion","CactusUltiExplosion","","sc/effects.sc","","","","","GroundHigh","","","","spike_010_ulti_explosion","","100","","","","","170","","","","",""
"Barley_def_atk","Barley_def_atk","","sc/effects.sc","","","","","GroundHigh","","","","barley_def_atk","","100","","","","","55","","","","",""
"Barley_def_ulti","Barley_def_ulti","","sc/effects.sc","","","","","GroundHigh","","","","barley_def_ulti","","100","","","","","55","","","","",""
"Barley_002_atk","Barley_def_atk","","sc/effects_brawler.sc","fireball_ground","fireball_ground","fireball_ground_red","","GroundHigh","","","","barley_002_atk","","100","","","","","55","","","","",""
"Barley_002_ulti","Barley_def_ulti","","sc/effects_brawler.sc","fireball_ground","fireball_ground","fireball_ground_red","","GroundHigh","","","","barley_002_ulti","","100","","","","","55","","","","",""
"Barley_004_atk","Barley_def_atk","","sc/effects.sc","","","","","GroundHigh","","","","barley_004_atk","","100","","","","","55","","","","",""
"Barley_004_ulti","Barley_def_ulti","","sc/effects.sc","","","","","GroundHigh","","","","barley_004_ulti","","100","","","","","55","","","","",""
"Barley_005_atk","Barley_def_atk","","sc/effects.sc","","","","","GroundHigh","","","","barley_005_atk","","100","","","","","55","","","","",""
"Barley_005_ulti","Barley_def_ulti","","sc/effects.sc","","","","","GroundHigh","","","","barley_005_ulti","","100","","","","","55","","","","",""
"Barley_006_atk","Barley_def_atk","","sc/effects.sc","","","","","GroundHigh","","","","barley_006_atk","","100","","","","","55","","","","",""
"Barley_006_ulti","Barley_def_ulti","","sc/effects.sc","","","","","GroundHigh","","","","barley_006_ulti","","100","","","","","55","","","","",""
"Barley_007_atk","Barley_def_atk","","sc/effects.sc","","","","","GroundHigh","","","","barley_007_atk","","100","","","","","55","","","","",""
"Barley_007_ulti","Barley_def_ulti","","sc/effects.sc","","","","","GroundHigh","","","","barley_007_ulti","","100","","","","","55","","","","",""
"Barley_008_atk","Barley_def_atk","","sc/effects.sc","","","","","GroundHigh","","","","barley_008_atk","","100","","","","","55","","","","",""
"Barley_008_ulti","Barley_def_ulti","","sc/effects.sc","","","","","GroundHigh","","","","barley_008_ulti","","100","","","","","55","","","","",""
"Barley_009_atk","Barley_def_atk","","sc/effects.sc","","","","","GroundHigh","","","","barley_009_atk","","100","","","","","55","","","","",""
"Barley_009_ulti","Barley_def_ulti","","sc/effects.sc","","","","","GroundHigh","","","","barley_009_ulti","","100","","","","","55","","","","",""
"Bo_def_ulti1_area","Bo_def_ulti1_area","","sc/effects.sc","","","","","GroundHigh","","","","bo_def_ulti1_explosion","","100","","","","","70","","","","",""
"Bo_def_ulti2_area","Bo_def_ulti2_area","","sc/effects.sc","","","","","GroundHigh","","","","bo_def_ulti2_explosion","","100","","","","","133","","","","",""
"Bo_def_atk_area","Bo_def_atk_area","","sc/effects.sc","","","","","GroundHigh","","","","bo_def_explosion_blue","","100","","","","","70","","","","",""
"Bo_003_atk_area","Bo_def_atk_area","","sc/effects.sc","","","","","GroundHigh","","","","bo_003_atk_explosion","","100","","","","","70","","","","",""
"Bo_003_ulti1_area","Bo_def_ulti1_area","","sc/effects.sc","","","","","GroundHigh","","","","bo_003_ulti1_explosion","","100","","","","","70","","","","",""
"Bo_004_atk_area","Bo_def_atk_area","","sc/effects.sc","","","","","GroundHigh","","","","bo_004_atkhit_blue","","100","","","","","70","","","","",""
"Bo_004_ulti1_area","Bo_def_ulti1_area","","sc/effects.sc","","","","","GroundHigh","","","","bo_004_ulti1_explosion","","100","","","","","70","","","","",""
"Bo_005_atk_area","Bo_def_atk_area","","sc/effects.sc","","","","","GroundHigh","","","","bo_005_atk_hit","","100","","","","","70","","","","",""
"Bo_005_ulti1_area","Bo_def_ulti1_area","","sc/effects.sc","","","","","GroundHigh","","","","bo_005_ulti1_explosion","","100","","","","","70","","","","",""
"Bo_005_ulti2_area","Bo_def_ulti2_area","","sc/effects.sc","","","","","GroundHigh","","","","bo_005_ulti2_explosion","","100","","","","","133","","","","",""
"Bo_006_atk_area","Bo_def_atk_area","","sc/effects.sc","","","","","GroundHigh","","","","bo_006_atkhit_blue","","100","","","","","70","","","","",""
"Bo_006_ulti1_area","Bo_def_ulti1_area","","sc/effects.sc","","","","","GroundHigh","","","","bo_006_ulti1_explosion","","100","","","","","70","","","","",""
"Bo_006_ulti2_area","Bo_006_ulti2_area","","sc/effects.sc","","","","","GroundHigh","","","","bo_006_ulti2_explosion","","100","","","","","133","","","","",""
"Bo_007_atk_area","Bo_def_atk_area","","sc/effects.sc","","","","","GroundHigh","","","","bo_007_atkhit","","100","","","","","70","","","","",""
"Bo_007_ulti1_area","Bo_def_ulti1_area","","sc/effects.sc","","","","","GroundHigh","","","","bo_007_ulti1_explosion","","100","","","","","70","","","","",""
"Bo_007_ulti2_area","Bo_def_ulti2_area","","sc/effects.sc","","","","","GroundHigh","","","","bo_007_ulti2_explosion","","100","","","","","133","","","","",""
"Bo_008_atk_area","Bo_def_atk_area","","sc/effects.sc","","","","","GroundHigh","","","","bo_008_atk_hit","","100","","","","","70","","","","",""
"Bo_008_ulti1_area","Bo_def_ulti1_area","","sc/effects.sc","","","","","GroundHigh","","","","bo_008_ulti1_explosion","","100","","","","","70","","","","",""
"Bo_008_ulti2_area","Bo_def_ulti2_area","","sc/effects.sc","","","","","GroundHigh","","","","bo_008_ulti2_explosion","","100","","","","","133","","","","",""
"Bo_009_atk_area","Bo_def_atk_area","","sc/effects.sc","","","","","GroundHigh","","","","bo_009_atk_hit","","100","","","","","70","","","","",""
"Bo_009_ulti1_area","Bo_def_ulti1_area","","sc/effects.sc","","","","","GroundHigh","","","","bo_009_ulti1_explosion","","100","","","","","70","","","","",""
"Bo_009_ulti2_area","Bo_def_ulti2_area","","sc/effects.sc","","","","","GroundHigh","","","","bo_009_ulti2_explosion","","100","","","","","133","","","","",""
"Piper_def_ulti","SniperBombExplosion","","sc/effects.sc","","","","","GroundHigh","","","","piper_def_ulti2_explosion","","100","","","","","133","","","","",""
"Piper_003_ulti","Bo_def_ulti2_area","","sc/effects.sc","","","","","GroundHigh","","","","piper_003_ulti2_explosion","","100","","","","","133","","","","",""
"Piper_004_ulti","Bo_def_ulti2_area","","sc/effects.sc","","","","","GroundHigh","","","","piper_004_ulti2_explosion","","100","","","","","133","","","","",""
"Piper_005_ulti","Bo_def_ulti2_area","","sc/effects.sc","","","","","GroundHigh","","","","piper_005_ulti2_explosion","","100","","","","","133","","","","",""
"Piper_006_ulti","Bo_def_ulti2_area","","sc/effects.sc","","","","","GroundHigh","","","","piper_006_ulti2_explosion","","100","","","","","133","","","","",""
"Piper_007_ulti","Bo_def_ulti2_area","","sc/effects.sc","","","","","GroundHigh","","","","piper_007_ulti2_explosion","","100","","","","","133","","","","",""
"Piper_008_ulti","Bo_def_ulti2_area","","sc/effects.sc","","","","","GroundHigh","","","","piper_008_ulti2_explosion","","100","","","","","133","","","","",""
"Piper_009_ulti","Bo_def_ulti2_area","","sc/effects.sc","","","","","GroundHigh","","","","piper_009_ulti2_explosion","","100","","","","","133","","","","",""
"Piper_010_ulti","Bo_def_ulti2_area","","sc/effects.sc","","","","","GroundHigh","","","","piper_010_ulti2_explosion","","100","","","","","133","","","","",""
"Piper_010_hc_ulti","Bo_def_ulti2_area","","sc/effects.sc","","","","","GroundHigh","","","","piper_010_hc_ulti2_explosion","","100","","","","","133","","","","",""
"BarkeepExplosion","BarkeepExplosion","","sc/effects.sc","toxic_area_effect_blue","toxic_area_effect_blue","toxic_area_effect_red","","GroundHigh","","","","explosion_barkeep","","100","","","","","55","","","","",""
"BarkeepWizardExplosion","BarkeepExplosion","","sc/effects.sc","fireball_ground","fireball_ground","fireball_ground_red","","GroundHigh","","","","explosion_barkeep_wizard","","100","","","","","55","","","","",""
"BarkeepUltiExplosion","BarkeepUltiExplosion","","sc/effects.sc","toxic_area_effect_ulti_blue","toxic_area_effect_ulti_blue","toxic_area_effect_red","","GroundHigh","","","","explosion_barkeep_ulti","","100","","","","","55","","","","",""
"BarkeepWizardUltiExplosion","BarkeepUltiExplosion","","sc/effects.sc","fireball_ground","fireball_ground","fireball_ground_red","","GroundHigh","","","","explosion_ulti_barkeep_wizard","","100","","","","","55","","","","",""
"ExplodingBarrelExplosion","ExplodingBarrelExplosion","","sc/effects.sc","gen_explosion_ring1_area","gen_explosion_ring1_area","gen_explosion_ring1_area","","GroundHigh","","","","explosion_600","","100","","","","","100","","","","",""
"PoisonBarrelExplosion","PoisonBarrelExplosion","","sc/effects.sc","toxic_area_effect_blue","toxic_area_effect_blue","toxic_area_effect_red","","GroundHigh","","","","explosion_800","","100","","","","","100","","","","",""
"TntDudeExplosion","TntDudeExplosion","","sc/effects_brawler.sc","","","","","GroundHigh","","","","explosion_tnt_dude","","100","","","","","100","","","","",""
"TntDudeUltiExplosion","TntDudeUltiExplosion","","sc/effects_brawler.sc","","","","","GroundHigh","","","","explosion_tnt_dude_ulti","","100","","","","","165","","","","",""
"SpawnerDudeExplosion","SpawnerDudeExplosion","","sc/effects_brawler.sc","","","","","GroundHigh","","","","explosion_generic_small","","100","","","","","100","","","","",""
"SpawnerDudeOverchargedExplosion","SpawnerDudeExplosion","","sc/effects_brawler.sc","","","","","GroundHigh","","","","mrp_def_oc_ulti_explosion","","100","","","","","100","","","","",""
"PengulaExplosion","SpawnerDudeExplosion","","sc/effects_brawler.sc","","","","","GroundHigh","","","","explosion_pengula","","100","","","","","100","","","","",""
"Mrp_003_atk_explosion","SpawnerDudeExplosion","","sc/effects_brawler.sc","","","","","GroundHigh","","","","mrp_003_atk_explosion","","100","","","","","100","","","","",""
"Mrp_004_atk_explosion","SpawnerDudeExplosion","","sc/effects_brawler.sc","","","","","GroundHigh","","","","mrp_004_atk_explosion","","100","","","","","100","","","","",""
"Mrp_005_atk_explosion","SpawnerDudeExplosion","","sc/effects_brawler.sc","","","","","GroundHigh","","","","mrp_005_atk_explosion","","100","","","","","100","","","","",""
"Mrp_006_atk_explosion","SpawnerDudeExplosion","","sc/effects_brawler_mrp.sc","","","","","GroundHigh","","","","mrp_006_atk_explosion","","100","","","","","100","","","","",""
"Mike_005_ulti_explosion","TntDudeUltiExplosion","","sc/effects_brawler.sc","","","","","GroundHigh","","","","dynamike_005_ulti_explosion","","100","","","","","165","","","","",""
"Mike_007_explosion","TntDudeExplosion","","sc/effects_brawler.sc","","","","","GroundHigh","","","","dynamike_007_explosion","","100","","","","","100","","","","",""
"Mike_007_ulti_explosion","TntDudeUltiExplosion","","sc/effects_brawler.sc","","","","","GroundHigh","","","","dynamike_007_ulti_explosion","","100","","","","","165","","","","",""
"Mike_008_explosion","TntDudeExplosion","","sc/effects_brawler.sc","","","","","GroundHigh","","","","dynamike_008_explosion","","100","","","","","100","","","","",""
"Mike_008_ulti_explosion","TntDudeUltiExplosion","","sc/effects_brawler.sc","","","","","GroundHigh","","","","dynamike_008_ulti_explosion","","100","","","","","165","","","","",""
"Mike_009_explosion","TntDudeExplosion","","sc/effects_brawler.sc","","","","","GroundHigh","","","","dynamike_009_explosion","","100","","","","","100","","","","",""
"Mike_009_ulti_explosion","TntDudeUltiExplosion","","sc/effects_brawler.sc","","","","","GroundHigh","","","","dynamike_009_ulti_explosion","","100","","","","","165","","","","",""
"Mike_010_explosion","TntDudeExplosion","","sc/effects_brawler.sc","","","","","GroundHigh","","","","dynamike_010_explosion","","100","","","","","100","","","","",""
"Mike_010_ulti_explosion","TntDudeUltiExplosion","","sc/effects_brawler.sc","","","","","GroundHigh","","","","dynamike_010_ulti_explosion","","100","","","","","165","","","","",""
"Mike_011_explosion","TntDudeExplosion","","sc/effects_brawler.sc","","","","","GroundHigh","","","","dynamike_011_explosion","","100","","","","","100","","","","",""
"Mike_011_ulti_explosion","TntDudeUltiExplosion","","sc/effects_brawler.sc","","","","","GroundHigh","","","","dynamike_011_ulti_explosion","","100","","","","","165","","","","",""
"Mike_012_explosion","TntDudeExplosion","","sc/effects_brawler.sc","","","","","GroundHigh","","","","dynamike_012_explosion","","100","","","","","100","","","","",""
"Mike_012_ulti_explosion","TntDudeUltiExplosion","","sc/effects_brawler.sc","","","","","GroundHigh","","","","dynamike_012_ulti_explosion","","100","","","","","165","","","","",""
"Mike_012_oc_explosion","TntDudeExplosion","","sc/effects_brawler.sc","","","","","GroundHigh","","","","dynamike_012_oc_explosion","","100","","","","","100","","","","",""
"Mike_012_oc_cluster_explosion","TntDudeOverchargedUltiClusterExplosion","","sc/effects_brawler.sc","","","","","GroundHigh","","","","dynamike_012_oc_explosion","","100","","","","","100","","","","",""
"Mike_012_oc_ulti_explosion","TntDudeUltiExplosion","","sc/effects_brawler.sc","","","","","GroundHigh","","","","dynamike_012_oc_ulti_explosion","","100","","","","","165","","","","",""
"Mike_012_oc_spawn","HeroSpawn","","sc/effects_brawler.sc","","","","","GroundHigh","","","","dynamike_012_oc_spawn","","100","","","","","100","","","","",""
"BowDudeExplosion","BowDudeExplosion","","sc/effects.sc","range400_blue","range400_blue","range400_red","","GroundHigh","","","","explosion_bow_dude","","100","","","","","70","","","","",""
"CrowUltiKnifes","CrowUltiKnifes","","sc/effects.sc","","","","","GroundHigh","","","","","","100","","","","","100","","","","",""
"Crow002UltiKnifes","CrowUltiKnifes","","sc/effects.sc","","","","","GroundHigh","","","","","","100","","","","","100","","","","",""
"Crow003UltiKnifes","CrowUltiKnifes","","sc/effects.sc","","","","","GroundHigh","","","","","","100","","","","","100","","","","",""
"Crow004UltiKnifes","CrowUltiKnifes","","sc/effects.sc","","","","","GroundHigh","","","","","","100","","","","","100","","","","",""
"Crow005UltiKnifes","CrowUltiKnifes","","sc/effects.sc","","","","","GroundHigh","","","","","","100","","","","","100","","","","",""
"Crow006UltiKnifes","CrowUltiKnifes","","sc/effects.sc","","","","","GroundHigh","","","","","","100","","","","","100","","","","",""
"Crow007UltiKnifes","CrowUltiKnifes","","sc/effects.sc","","","","","GroundHigh","","","","","","100","","","","","100","","","","",""
"Crow009UltiKnifes","CrowUltiKnifes","","sc/effects.sc","","","","","GroundHigh","","","","","","100","","","","","100","","","","",""
"Crow010UltiKnifes","CrowUltiKnifes","","sc/effects.sc","","","","","GroundHigh","","","","","","100","","","","","100","","","","",""
"crow_010_spawn","HeroSpawn","","sc/effects_brawler.sc","","","","","GroundHigh","","","","crow_010_spawn","","100","","","","","100","","","","",""
"mecha_007_spawn","HeroSpawn","","sc/effects_brawler.sc","","","","","GroundHigh","","","","mecha_007_spawn","","100","","","","","100","","","","",""
"HealingStationHeal","HealingStationHeal","","sc/effects_brawler.sc","","","","","GroundHigh","","","","pam_def_ulti_area_active","pam_def_ulti_area_loop","100","","","","","125","","","","",""
"HealingStationHeal2","HealingStationHeal","","sc/effects_brawler.sc","","","","","GroundHigh","","","","pam_003_ulti_area_active","pam_003_ulti_area_loop","100","","","","","125","","","","",""
"HealingStationHeal3","HealingStationHeal","","sc/effects_brawler.sc","","","","","GroundHigh","","","","pam_006_ulti_area_active","pam_006_ulti_area_loop","100","","","","","125","","","","",""
"HealingStationHeal4","HealingStationHeal","","sc/effects_brawler.sc","","","","","GroundHigh","","","","pam_007_ulti_area_active","pam_007_ulti_area_loop","100","","","","","125","","","","",""
"Heal","Heal","","sc/effects.sc","heal_area_effect_blue","heal_area_effect_blue","heal_area_effect_red","","GroundHigh","","","","","","100","","","","","100","","","","",""
"MineExplosion","MineExplosion","","sc/effects.sc","range450_blue","range450_blue","range450_red","","GroundHigh","","","","explosion_600","","100","","","","","133","","","","",""
"SniperBombExplosion","SniperBombExplosion","","sc/effects.sc","range450_blue","range450_blue","range450_red","","GroundHigh","","","","explosion_600","","100","","","","","133","","","","",""
"BlackHoleUltiExplosion","BlackHoleUltiExplosion","","sc/effects.sc","range450_blue","range450_blue","range450_red","","GroundHigh","","","","blackhole_ulti_damage","","100","","","","","100","","","","",""
"BlackHoleUltiSuck","BlackHoleUltiSuck","","sc/effects.sc","range450_blue","range450_blue","range450_red","","GroundHigh","","","","blackhole_ulti_suck","","100","","","","","235","","","","",""
"Tara004UltiExplosion","BlackHoleUltiExplosion","","sc/effects.sc","range450_blue","range450_blue","range450_red","","GroundHigh","","","","tara_004_ulti_explosion","","100","","","","","100","","","","",""
"Tara004UltiSuck","BlackHoleUltiSuck","","sc/effects.sc","range450_blue_tara","range450_blue_tara","range450_red","","GroundHigh","","","","tara_004_ulti_suck","","100","","","","","200","","","","",""
"Tara005UltiSuck","BlackHoleUltiSuck","","sc/effects.sc","range450_blue_tara","range450_blue_tara","range450_red","","GroundHigh","","","","tara_005_ulti_suck","","100","","","","","200","","","","",""
"Tara006UltiSuck","BlackHoleUltiSuck","","sc/effects.sc","range450_blue_tara","range450_blue_tara","range450_red","","GroundHigh","","","","tara_006_ulti_suck","","100","","","","","200","","","","",""
"Tara007UltiSuck","BlackHoleUltiSuck","","sc/effects.sc","range450_blue_tara","range450_blue_tara","range450_red","","GroundHigh","","","","tara_007_ulti_suck","","100","","","","","200","","","","",""
"Tara008UltiSuck","BlackHoleUltiSuck","","sc/effects.sc","range450_blue_tara","range450_blue_tara","range450_red","","GroundHigh","","","","tara_008_ulti_suck","","100","","","","","200","","","","",""
"ArtilleryDudeTurretExplosion","ArtilleryDudeTurretExplosion","","sc/effects.sc","","","","","GroundHigh","","","","penny_def_turret_explosion","","100","","","","","100","","","","",""
"ArtilleryDudeOverchargedTurretExplosion","ArtilleryDudeTurretExplosion","","sc/effects.sc","","","","","GroundHigh","","","","penny_def_oc_ulti_spawn","","100","","","","","100","","","","",""
"ArtilleryDudeOverchargedExplosion","BurnUlti","","sc/effects_brawler.sc","penny_def_oc_turret_exp_ring","penny_def_oc_turret_exp_ring","penny_def_oc_turret_exp_ring_red","","GroundHigh","","","","penny_def_oc_turret_exp_ground","","100","","","","","55","","","","",""
"Penny005TurretExplosion","ArtilleryDudeTurretExplosion","","sc/effects.sc","","","","","GroundHigh","","","","penny_005_turret_explosion","","100","","","","","100","","","","",""
"Penny006TurretExplosion","ArtilleryDudeTurretExplosion","","sc/effects.sc","","","","","GroundHigh","","","","penny_006_turret_explosion","","100","","","","","100","","","","",""
"Penny007TurretExplosion","ArtilleryDudeTurretExplosion","","sc/effects.sc","","","","","GroundHigh","","","","penny_007_turret_explosion","","100","","","","","100","","","","",""
"penny007BurnUlti","BurnUlti","","sc/effects_brawler.sc","fireball_ground","fireball_ground","fireball_ground_red","","GroundHigh","","","","penny_007_ulti_burn","","100","","","","","55","","","","",""
"Penny008TurretExplosion","ArtilleryDudeTurretExplosion","","sc/effects_brawler_penny.sc","","","","","GroundHigh","","","","penny_008_turret_explosion","","100","","","","","100","","","","",""
"Penny008BurnUlti","BurnUlti","","sc/effects_brawler_penny.sc","","","","","GroundHigh","","","","penny_008_ulti_burn","","100","","","","","55","","","","",""
"Penny009TurretExplosion","ArtilleryDudeTurretExplosion","","sc/effects_brawler_penny.sc","","","","","GroundHigh","","","","penny_009_turret_explosion","","100","","","","","100","","","","",""
"Penny009BurnUlti","BurnUlti","","sc/effects_brawler.sc","fireball_ground","fireball_ground","fireball_ground_red","","GroundHigh","","","","penny_009_ulti_burn","","100","","","","","55","","","","",""
"SelfDestructExplosion","SelfDestructExplosion","","sc/effects.sc","range450_blue","range450_blue","range450_red","","GroundHigh","","","","explosion_artillery_dude_turret","","100","","","","","100","","","","",""
"HealWithAutoAttack","HealWithAutoAttack","","sc/effects.sc","","","","","GroundHigh","","","","","pam_def_starpower","100","","","","","125","","","","",""
"BurnMainAttack","BurnMainAttack","","sc/effects.sc","","","","","GroundHigh","","","","brock_def_starpower","","100","","","","","28","","","","",""
"BurnMainAttackElec","BurnMainAttack","","sc/effects.sc","","","","","GroundHigh","","","","brock_007_dot","","100","","","","","28","","","","",""
"BurnMainAttackAngry","BurnMainAttack","","sc/effects.sc","","","","","GroundHigh","","","","brock_008_atk_area","","100","","","","","28","","","","",""
"BurnMainAttackHacker","BurnMainAttack","","sc/effects.sc","","","","","GroundHigh","","","","brock_009_dot","","100","","","","","28","","","","",""
"BurnMainAttackRangerRed","BurnMainAttack","","sc/effects.sc","","","","","GroundHigh","","","","brock_010_dot_red","","100","","","","","28","","","","",""
"BurnMainAttackRangerBlue","BurnMainAttack","","sc/effects.sc","","","","","GroundHigh","","","","brock_010_dot_blue","","100","","","","","28","","","","",""
"BurnMainAttackRangerYellow","BurnMainAttack","","sc/effects.sc","","","","","GroundHigh","","","","brock_010_dot_yellow","","100","","","","","28","","","","",""
"BurnMainAttackRangerPink","BurnMainAttack","","sc/effects.sc","","","","","GroundHigh","","","","brock_010_dot_pink","","100","","","","","28","","","","",""
"BurnMainAttackRangerBlack","BurnMainAttack","","sc/effects.sc","","","","","GroundHigh","","","","brock_010_dot_black","","100","","","","","28","","","","",""
"BurnMainAttackSteampunk","BurnMainAttack","","sc/effects.sc","","","","","GroundHigh","","","","brock_011_dot","","100","","","","","28","","","","",""
"BurnMainAttackPropass","BurnMainAttack","","sc/effects.sc","","","","","GroundHigh","","","","brock_012_atk_spark","","100","","","","","28","","","","",""
"PowerupSpawn","PowerupSpawn","","sc/effects.sc","power_area_effect_blue","power_area_effect_blue","power_area_effect_blue","","GroundHigh","","","","powerup_indicator","","100","","","","","40","","","","",""
"BossSpawn","BossSpawn","","sc/effects.sc","meteor_area_effect","meteor_area_effect","meteor_area_effect","","GroundHigh","","","","boss_warning","","100","","","","","40","","","","",""
"EventExplosion","EventExplosion","","sc/effects.sc","range450_blue","range450_blue","range450_red","","GroundHigh","","","","meteor_area_explosion","","100","","","","","225","","","","",""
"ExplosionSpawn","ExplosionSpawn","","sc/effects.sc","meteor_area_effect","meteor_area_effect","meteor_area_effect","","Above","meteor_ball_animation","","","meteor_warning","","100","","","","","126","","","","",""
"ClusterBombExplosion","ClusterBombExplosion","","sc/effects.sc","","","","","GroundHigh","","","","tick_def_atk1_explode","","100","","","","","100","","","","",""
"ClusterBombExplosion2","ClusterBombExplosion2","","sc/effects.sc","","","","","GroundHigh","","","","brock_def_ultiexp_blue","","100","","","","","100","","","","",""
"ClusterBombExplosion_SB","ClusterBombExplosion_SB","","sc/effects.sc","","","","","GroundHigh","","","","sb_controller_explode","","100","","","","","100","","","","",""
"SbcontrollerAreaDestroy","SbcontrollerAreaDestroy","","sc/effects.sc","","","","","GroundHigh","","","","sb_controller_destroy","","100","","","","","70","","","","",""
"Tick002Explosion","ClusterBombExplosion","","sc/effects.sc","","","","","GroundHigh","","","","tick_def_atk1_explode","","100","","","","","100","","","","",""
"Tick002Explosion2","ClusterBombExplosion2","","sc/effects.sc","","","","","GroundHigh","","","","brock_def_ultiexp_blue","","100","","","","","100","","","","",""
"Tick003Explosion","ClusterBombExplosion","","sc/effects.sc","","","","","GroundHigh","","","","tick_003_atk1_explode","","100","","","","","100","","","","",""
"Tick003Explosion2","ClusterBombExplosion2","","sc/effects.sc","","","","","GroundHigh","","","","brock_def_ultiexp_blue","","100","","","","","100","","","","",""
"Tick004Explosion","ClusterBombExplosion","","sc/effects.sc","","","","","GroundHigh","","","","tick_004_atk1_explode","","100","","","","","100","","","","",""
"Tick004Explosion2","ClusterBombExplosion2","","sc/effects.sc","","","","","GroundHigh","","","","brock_def_ultiexp_blue","","100","","","","","100","","","","",""
"Tick005Explosion","ClusterBombExplosion","","sc/effects.sc","","","","","GroundHigh","","","","tick_005_atk1_explode","","100","","","","","100","","","","",""
"Tick005Explosion2","ClusterBombExplosion2","","sc/effects.sc","","","","","GroundHigh","","","","tick_005_atk2_explode","","100","","","","","100","","","","",""
"Tick006Explosion","ClusterBombExplosion","","sc/effects.sc","","","","","GroundHigh","","","","tick_006_atk1_explode","","100","","","","","100","","","","",""
"Tick006Explosion2","ClusterBombExplosion2","","sc/effects.sc","","","","","GroundHigh","","","","tick_006_atk2_explode","","100","","","","","100","","","","",""
"Tick006PetExplosion","ClusterBombPetExplosion","","sc/effects.sc","","","","","GroundHigh","","","","tick_006_ulti_explode","","100","","","","","133","","","","",""
"Tick007Explosion","ClusterBombExplosion","","sc/effects.sc","","","","","GroundHigh","","","","tick_007_atk1_explode","","100","","","","","100","","","","",""
"Tick007Explosion2","ClusterBombExplosion2","","sc/effects.sc","","","","","GroundHigh","","","","tick_007_atk2_explode","","100","","","","","100","","","","",""
"Tick007PetExplosion","ClusterBombPetExplosion","","sc/effects.sc","","","","","GroundHigh","","","","tick_007_ulti_explode","","100","","","","","133","","","","",""
"Tick009Explosion","ClusterBombExplosion","","sc/effects.sc","","","","","GroundHigh","","","","tick_009_atk1_explode","","100","","","","","100","","","","",""
"Tick009Explosion2","ClusterBombExplosion2","","sc/effects.sc","","","","","GroundHigh","","","","tick_009_atk2_explode","","100","","","","","100","","","","",""
"Tick009PetExplosion","ClusterBombPetExplosion","","sc/effects.sc","","","","","GroundHigh","","","","tick_009_ulti_explode","","100","","","","","133","","","","",""
"Tick010Explosion","ClusterBombExplosion","","sc/effects.sc","","","","","GroundHigh","","","","tick_010_atk1_explode","","100","","","","","100","","","","",""
"Tick010Explosion2","ClusterBombExplosion2","","sc/effects.sc","","","","","GroundHigh","","","","tick_010_atk2_explode","","100","","","","","100","","","","",""
"Tick010PetExplosion","ClusterBombPetExplosion","","sc/effects.sc","","","","","GroundHigh","","","","tick_010_ulti_explode","","100","","","","","110","","","","",""
"Sandy_def_ulti","Sandy_def_ulti","","sc/effects_brawler.sc","","","","","GroundHigh","","","","sandy_def_ulti_loop","","100","","","","","1000","","","","",""
"Sandy_002_ulti","Sandy_def_ulti","","sc/effects_brawler.sc","","","","","GroundHigh","","","","sandy_002_ulti_loop","","100","","","","","1000","","","","",""
"Sandy_003_ulti","Sandy_def_ulti","","sc/effects_brawler.sc","","","","","GroundHigh","","","","sandy_003_ulti_loop","","100","","","","","1000","","","","",""
"Sandy_004_ulti","Sandy_def_ulti","","sc/effects_brawler.sc","","","","","GroundHigh","","","","sandy_004_ulti_loop","","100","","","","","1000","","","","",""
"Sandy_005_ulti","Sandy_def_ulti","","sc/effects_brawler.sc","","","","","GroundHigh","","","","sandy_005_ulti_loop","","100","","","","","1000","","","","",""
"Sandy_006_ulti","Sandy_def_ulti","","sc/effects_brawler.sc","","","","","GroundHigh","","","","sandy_006_ulti_loop","","100","","","","","1000","","","","",""
"Sandy_007_ulti","Sandy_def_ulti","","sc/effects_brawler.sc","","","","","GroundHigh","","","","sandy_007_ulti_loop","","100","","","","","1000","","","","",""
"EventHealing","EventHealing","","sc/effects.sc","healing_mushroom_area_effect_02","healing_mushroom_area_effect_02","healing_mushroom_area_effect_02","","GroundHigh","","","","","mushroom_heal","100","","","","","125","","","","",""
"HealingSpawn","HealingSpawn","","sc/effects.sc","healing_mushroom_area_effect","healing_mushroom_area_effect","healing_mushroom_area_effect","","GroundHigh","","","","healing_spawn","","100","","","","","125","","","","",""
"RaidBossExplosion","RaidBossExplosion","","sc/effects.sc","range450_blue","range450_blue","range450_red","","GroundHigh","","","","raidboss_rocket_explosion","","100","","","","","185","","","","",""
"RaidBossExplosionSpawn","RaidBossExplosionSpawn","","sc/effects.sc","meteor_area_effect","meteor_area_effect","meteor_area_effect","","GroundHigh","","","","raidboss_rocket_warning","","100","","","","","105","","","","",""
"RaidBossRocketBurn","RaidBossRocketBurn","","sc/effects.sc","brock_ground_fire_red","brock_ground_fire_red","brock_ground_fire_red","","GroundHigh","","","","burning_ground_raid_boss","","100","","","","","100","","","","",""
"HeroSpawn","HeroSpawn","","sc/effects.sc","hero_spawn_green","hero_spawn_blue","hero_spawn_red","","Above","","","","hero_spawn","","100","","","","","35","","","","",""
"AutoHeal","AutoHeal","","sc/effects.sc","heal_area_effect_blue","heal_area_effect_blue","heal_area_effect_red","","GroundHigh","","","","","heal_area_fx","100","","","","","125","","","","",""
"RoboWarsBoxSpawn","RoboWarsBoxSpawn","","sc/effects.sc","power_area_effect_blue","power_area_effect_blue","power_area_effect_blue","","GroundHigh","","","","","","100","","","","","30","","","","",""
"RoboWarsBaseExplosion","RoboWarsBaseExplosion","","sc/effects.sc","range400_blue","range400_blue","range400_red","","GroundHigh","","","","brock_def_explosion_blue","","100","","","","","70","","","","",""
"RoboWarsBaseAreaIndicator","RoboWarsBaseAreaIndicator","","sc/effects.sc","range450_blue","range450_blue","range450_red","","GroundHigh","","","","","","100","","","","","650","","","","",""
"ClusterBombPetExplosion","ClusterBombPetExplosion","","sc/effects.sc","","","","","GroundHigh","","","","bo_def_ulti2_explosion","","100","","","","","133","","","","",""
"BurnUlti","BurnUlti","","sc/effects_brawler.sc","fireball_ground","fireball_ground","fireball_ground_red","","GroundHigh","","","","barley_002_ulti","","100","","","","","55","","","","",""
"SpikeExplosionLowHealth","SpikeExplosionLowHealth","","sc/effects.sc","","","","","GroundHigh","","","","","","100","","","","","100","","","","",""
"DamageBoost","DamageBoost","","sc/effects_brawler.sc","","","","","GroundHigh","","","","arcade_def_ulti_area_active","arcade_def_ulti_area_loop","100","","","","","125","","","","",""
"DamageBoost_larger","DamageBoost_larger","","sc/effects_brawler.sc","","","","","GroundHigh","","","","arcade_def_ulti_areabig_active","arcade_def_ulti_areabig_loop","100","","","","","188","","","","",""
"ArcadeDoubleGadget","ArcadeDoubleGadget","","sc/effects_brawler_8bit.sc","","","","","Above","","","","arcade_def_gadget2_drone","","100","","","","1","100","","","","",""
"ArcadeDoubleGadgetBuddy","ArcadeDoubleGadgetBuddy","","sc/effects_brawler_8bit.sc","","","","","Above","","","","arcade_def_buddy_gadget2_drone","","100","","","","1","100","","","","",""
"BurnMainAttackWater","BurnMainAttack","","sc/effects.sc","","","","","GroundHigh","","","","brock_004_starpower","","100","","","","","28","","","","",""
"MummyUltiArea","MummyUltiArea","","sc/effects_brawler.sc","emz_def_ulti_area","emz_def_ulti_area","emz_def_ulti_area_red","","GroundHigh","","","","emz_def_ulti","","100","","","","","350","","","","",""
"Emz_002_Ulti","MummyUltiArea","","sc/effects_brawler.sc","emz_def_ulti_area","emz_def_ulti_area","emz_def_ulti_area_red","","GroundHigh","","","","emz_002_ulti","emz_002_ulti_balloons","100","","","","","350","","","","",""
"Emz_003_Ulti","MummyUltiArea","","sc/effects_brawler.sc","emz_003_ulti_area","emz_003_ulti_area","emz_003_ulti_area_red","","GroundHigh","","","","emz_003_ulti","","100","","","","","350","","","","",""
"Emz_004_Ulti","MummyUltiArea","","sc/effects_brawler.sc","emz_004_ulti_area","emz_004_ulti_area","emz_004_ulti_area_red","","GroundHigh","","","","emz_004_ulti","","100","","","","","350","","","","",""
"Emz_005_Ulti","MummyUltiArea","","sc/effects_brawler.sc","emz_005_ulti_area","emz_005_ulti_area","emz_005_ulti_area_red","","GroundHigh","","","","emz_005_ulti","","100","","","","","350","","","","",""
"Emz_006_Ulti","MummyUltiArea","","sc/effects_brawler.sc","emz_006_ulti_area","emz_006_ulti_area","emz_006_ulti_area_red","","GroundHigh","","","","emz_006_ulti","","100","","","","","350","","","","",""
"Emz_007_Ulti","MummyUltiArea","","sc/effects_brawler_emz.sc","emz_007_ulti_area","emz_007_ulti_area","emz_007_ulti_area_red","","GroundHigh","","","","emz_007_ulti","","100","","","","","350","","","","",""
"SpeedyUltiArea","SpeedyUltiArea","","sc/effects_brawler.sc","max_def_ulti_area","max_def_ulti_area","max_def_ulti_area_red","","GroundHigh","","","","max_def_ulti_active","","100","","","","","120","","","","",""
"SpeedyUltiOverchargedArea","SpeedyUltiOverchargedArea","","sc/effects_brawler.sc","max_def_oc_area","max_def_oc_area","max_def_oc_area_red","","GroundHigh","","","","max_def_oc_active","","100","","","","","120","","","","",""
"SpeedyOverchargedArea","SpeedyOverchargedArea","","sc/effects.sc","","","","","GroundHigh","","","","","","100","","","","","160","","","","",""
"SpeedyOverchargedArea2","SpeedyOverchargedArea2","","sc/effects.sc","","","","","GroundHigh","","","","","","100","","","","","160","","","","",""
"SpeedyOverchargedBuddyWeaponArea","SpeedyOverchargedBuddyWeaponArea","","sc/effects.sc","","","","","GroundHigh","","","","","max_def_oc_atk_starpower","70","","","","","146","","","","",""
"SpeedyRewindArea","SpeedyRewindArea","","sc/effects.sc","","","","","GroundHigh","","","","max_def_buddy_gadget2_sneaker","","100","","true","","","50","","","","",""
"SpeedyRewindAllyHealArea","SpeedyRewindAllyHealArea","","sc/effects.sc","","","","","GroundHigh","","","","max_def_buddy_gadget2_heal","","100","","","","","125","","","","",""
"Max003UltiArea","SpeedyUltiArea","","sc/effects_brawler.sc","max_def_ulti_area","max_def_ulti_area","max_def_ulti_area_red","","GroundHigh","","","","max_003_ulti_active","","100","","","","","120","","","","",""
"Max004UltiArea","SpeedyUltiArea","","sc/effects_brawler.sc","max_004_ulti_area","max_004_ulti_area","max_004_ulti_area_red","","GroundHigh","","","","max_004_ulti_active","","100","","","","","120","","","","",""
"Max005UltiArea","SpeedyUltiArea","","sc/effects_brawler.sc","max_005_ulti_ground","max_005_ulti_ground","max_005_ulti_ground_red","","GroundHigh","","","","max_005_ulti_active","","100","","","","","120","","","","",""
"Max006UltiArea","SpeedyUltiArea","","sc/effects_brawler_max.sc","max_006_ulti_ground","max_006_ulti_ground","max_006_ulti_ground_red","","GroundHigh","","","","max_006_ulti_active","","100","","","","","120","","","","",""
"CTFHomeBase","CTFHomeBase","","sc/effects_brawler.sc","area_mode_gift","area_mode_gift","area_mode_gift_red","","GroundHigh","","","","","mode_gift_aura","100","","","","","250","","","","",""
"DrillerUltiArea","DrillerUltiArea","","sc/effects.sc","","","","","GroundHigh","","","","driller_def_ulti","","100","","","","","290","","","","",""
"DrillerDamageArea","DrillerDamageArea","","sc/effects.sc","","","","","GroundHigh","","","","driller_def_attack","","100","","","","","100","","","","",""
"Driller_002_atk","DrillerDamageArea","","sc/effects.sc","","","","","GroundHigh","","","","driller_002_atk","","100","","","","","100","","","","",""
"Driller_003_atk","DrillerDamageArea","","sc/effects.sc","","","","","GroundHigh","","","","driller_003_atk","","100","","","","","100","","","","",""
"Driller_003_ulti","DrillerUltiArea","","sc/effects.sc","","","","","GroundHigh","","","","driller_003_ulti","","100","","","","","290","","","","",""
"Driller_004_atk","DrillerDamageArea","","sc/effects.sc","","","","","GroundHigh","","","","driller_004_atk","","100","","","","","100","","","","",""
"Driller_004_ulti","DrillerUltiArea","","sc/effects.sc","","","","","GroundHigh","","","","driller_004_ulti","","100","","","","","290","","","","",""
"Driller_005_atk","DrillerDamageArea","","sc/effects.sc","","","","","GroundHigh","","","","driller_005_atk","","100","","","","","100","","","","",""
"Driller_005_ulti","DrillerUltiArea","","sc/effects.sc","","","","","GroundHigh","","","","driller_005_ulti","","100","","","","","290","","","","",""
"Driller_006_atk","DrillerDamageArea","","sc/effects.sc","","","","","GroundHigh","","","","driller_006_atk","","100","","","","","100","","","","",""
"Driller_006_ulti","DrillerUltiArea","","sc/effects.sc","","","","","GroundHigh","","","","driller_006_ulti","","100","","","","","290","","","","",""
"Driller_007_atk","DrillerDamageArea","","sc/effects_brawler_jacky.sc","","","","","GroundHigh","","","","driller_007_atk","","100","","","","","100","","","","",""
"Driller_007_ulti","DrillerUltiArea","","sc/effects_brawler_jacky.sc","","","","","GroundHigh","","","","driller_007_ulti","","100","","","","","290","","","","",""
"Driller_008_atk","DrillerDamageArea","","sc/effects_brawler_jacky.sc","","","","","GroundHigh","","","","driller_008_atk","","100","","","","","100","","","","",""
"Driller_008_ulti","DrillerUltiArea","","sc/effects_brawler_jacky.sc","","","","","GroundHigh","","","","driller_008_ulti","","100","","","","","290","","","","",""
"KingOfHillArea","KingOfHillArea","","sc/effects_brawler.sc","area_mode_koh","area_mode_koh","area_mode_koh","area_mode_koh","GroundHigh","","","","","","100","","","","","180","","","","",""
"KingOfHillAreaCapture","KingOfHillAreaCapture","","sc/effects_brawler.sc","","","","","GroundHigh","","","","mode_koh_capturing","","100","","true","","","100","","","","",""
"KingOfHillAreaGauge","KingOfHillAreaGauge","","sc/effects_brawler.sc","area_mode_koh_captureGauge","area_mode_koh_captureGauge","area_mode_koh_captureGauge_red","","GroundHigh","","","","","","100","","","4","","180","","","","",""
"KingOfHillAreaComplete","KingOfHillAreaComplete","","sc/effects_brawler.sc","","","","","GroundHigh","","","","mode_koh_captured","mode_koh_complete","100","","","","","100","","","","",""
"Arcade002Ulti","DamageBoost","","sc/effects_brawler.sc","","","","","GroundHigh","","","","arcade_def_ulti_area_active","arcade_002_ulti_area_loop","100","","","","","125","","","","",""
"Arcade002Ulti_larger","DamageBoost_larger","","sc/effects_brawler.sc","","","","","GroundHigh","","","","arcade_def_ulti_areabig_active","arcade_002_ulti_areabig_loop","100","","","","","188","","","","",""
"Arcade003Ulti","DamageBoost","","sc/effects_brawler.sc","","","","","GroundHigh","","","","arcade_def_ulti_area_active","arcade_003_ulti_area_loop","100","","","","","125","","","","",""
"Arcade003Ulti_larger","DamageBoost_larger","","sc/effects_brawler.sc","","","","","GroundHigh","","","","arcade_def_ulti_areabig_active","arcade_003_ulti_areabig_loop","100","","","","","188","","","","",""
"Arcade004Ulti","DamageBoost","","sc/effects_brawler.sc","","","","","GroundHigh","","","","arcade_def_ulti_area_active","arcade_004_ulti_area_loop","100","","","","","125","","","","",""
"Arcade004Ulti_larger","DamageBoost_larger","","sc/effects_brawler.sc","","","","","GroundHigh","","","","arcade_def_ulti_areabig_active","arcade_004_ulti_areabig_loop","100","","","","","188","","","","",""
"Arcade005Ulti","DamageBoost","","sc/effects_brawler.sc","","","","","GroundHigh","","","","arcade_def_ulti_area_active","arcade_005_ulti_area_loop","100","","","","","125","","","","",""
"Arcade005Ulti_larger","DamageBoost_larger","","sc/effects_brawler.sc","","","","","GroundHigh","","","","arcade_def_ulti_areabig_active","arcade_005_ulti_areabig_loop","100","","","","","188","","","","",""
"Arcade006Ulti","DamageBoost","","sc/effects_brawler.sc","","","","","GroundHigh","","","","arcade_def_ulti_area_active","arcade_006_ulti_area_loop","100","","","","","125","","","","",""
"Arcade006Ulti_larger","DamageBoost_larger","","sc/effects_brawler.sc","","","","","GroundHigh","","","","arcade_def_ulti_areabig_active","arcade_006_ulti_areabig_loop","100","","","","","188","","","","",""
"Arcade007Ulti","DamageBoost","","sc/effects_brawler.sc","","","","","GroundHigh","","","","arcade_def_ulti_area_active","arcade_007_ulti_area_loop","100","","","","","125","","","","",""
"Arcade007Ulti_larger","DamageBoost_larger","","sc/effects_brawler.sc","","","","","GroundHigh","","","","arcade_def_ulti_areabig_active","arcade_007_ulti_areabig_loop","100","","","","","188","","","","",""
"WallyUltiArea","WallyUltiArea","","sc/effects.sc","","","","","GroundHigh","","","","sprout_def_ulti_explosion","","100","","","","","170","","1","","",""
"WallyExplosion","WallyExplosion","","sc/effects_brawler.sc","","","","","GroundHigh","","","","sprout_def_atk2_explosion","","100","","","","","100","","","","",""
"WallyOverchargedUltiArea","WallyOverchargedUltiArea","","sc/effects.sc","","","","","GroundHigh","","","","sprout_overcharged_ulti_explosion","","100","","","","","170","","1","","",""
"WallyOverchargedUltiWallDamageArea","WallyOverchargedUltiWallDamageArea","","sc/effects.sc","","","","","GroundHigh","","","","","","100","","","","","50","","","","",""
"Sprout_002_atk","WallyExplosion","","sc/effects_brawler.sc","","","","","GroundHigh","","","","sprout_002_atk2_explosion","","100","","","","","100","","","","",""
"Sprout_002_ulti","WallyUltiArea","","sc/effects.sc","","","","","GroundHigh","","","","sprout_002_ulti_explosion","","100","","","","","170","","4","","",""
"Sprout_003_atk","WallyExplosion","","sc/effects_brawler.sc","","","","","GroundHigh","","","","sprout_003_atk_explosion","","100","","","","","100","","","","",""
"Sprout_003_ulti","WallyUltiArea","","sc/effects.sc","","","","","GroundHigh","","","","sprout_003_ulti_explosion","","100","","","","","170","","8","","",""
"Sprout_003_chroma_ulti","WallyUltiArea","","sc/effects.sc","","","","","GroundHigh","","","","sprout_003_ulti_explosion_chroma","","100","","","","","170","","6","","",""
"Sprout_003_sp1","WallyExplosionBig","","sc/effects.sc","","","","","GroundHigh","","","","sprout_003_sp1_explosion","","100","","","","","200","","","","",""
"Sprout_004_atk","WallyExplosion","","sc/effects_brawler.sc","","","","","GroundHigh","","","","sprout_004_atk_explosion","","100","","","","","100","","","","",""
"Sprout_004_ulti","WallyUltiArea","","sc/effects.sc","","","","","GroundHigh","","","","sprout_004_ulti_explosion","","100","","","","","170","","10","","",""
"Sprout_004_sp","WallyExplosionBig","","sc/effects.sc","","","","","GroundHigh","","","","sprout_004_sp_explosion","","100","","","","","200","","","","",""
"Sprout_005_atk","WallyExplosion","","sc/effects_brawler.sc","","","","","GroundHigh","","","","sprout_005_atk2_explosion","","100","","","","","100","","","","",""
"Sprout_005_ulti","WallyUltiArea","","sc/effects.sc","","","","","GroundHigh","","","","sprout_005_ulti_explosion","","100","","","","","170","","16","","",""
"Sprout_005_sp","WallyExplosionBig","","sc/effects.sc","","","","","GroundHigh","","","","sprout_005_sp_explosion","","100","","","","","200","","","","",""
"Sprout_006_atk","WallyExplosion","","sc/effects_brawler_sprout.sc","","","","","GroundHigh","","","","sprout_006_atk2_explosion","","100","","","","","100","","","","",""
"Sprout_006_ulti","WallyUltiArea","","sc/effects.sc","","","","","GroundHigh","","","","sprout_006_ulti_explosion","","100","","","","","170","","21","","",""
"Sprout_006_sp","WallyExplosionBig","","sc/effects.sc","","","","","GroundHigh","","","","sprout_006_sp_explosion","","100","","","","","200","","","","",""
"Sprout_007_atk","WallyExplosion","","sc/effects_brawler_sprout.sc","","","","","GroundHigh","","","","sprout_007_atk2_explosion","","100","","","","","100","","","","",""
"Sprout_007_ulti","WallyUltiArea","","sc/effects.sc","","","","","GroundHigh","","","","sprout_007_ulti_explosion","","100","","","","","170","","27","","",""
"Sprout_007_sp","WallyExplosionBig","","sc/effects.sc","","","","","GroundHigh","","","","sprout_007_sp_explosion","","100","","","","","200","","","","",""
"BushGrowArea","BushGrowArea","","sc/effects.sc","","","","","GroundHigh","","","","gadget_rosa_growbush","","100","","","","","170","","3","","",""
"RocketJumpExplosion","RocketJumpExplosion","","sc/effects_brawler.sc","","","","","GroundHigh","","","","explosion_generic_big","","100","","","","","165","","","","",""
"TrickshotDudeAccessoryExplosion","TrickshotDudeAccessoryExplosion","","sc/effects.sc","","","","","GroundHigh","","","","","","100","","","","","100","","","","",""
"TrickshotDudeNanoExplosion","TrickshotDudeNanoExplosion","","sc/effects.sc","","","","","GroundHigh","","","","","","100","","","","","100","","","","",""
"TrickshotDudeNanoSuperExplosion","TrickshotDudeNanoSuperExplosion","","sc/effects.sc","","","","","GroundHigh","","","","","","100","","","","","100","","","","",""
"CactusAccessoryExplosion","CactusAccessoryExplosion","","sc/effects.sc","","","","","GroundHigh","","","","","","100","","","","","100","","","","",""
"ArtilleryDudeAccessoryExplosion","ArtilleryDudeAccessoryExplosion","","sc/effects_brawler.sc","","","","","GroundHigh","","","","explosion_generic_big","","100","","","","","165","","","","",""
"ShamanBearSlam","ShamanBearSlam","","sc/effects_brawler.sc","","","","","GroundHigh","","","","gadget_nita_petslam","","100","","","","","100","","","","",""
"BarkeepSlowPuddle","BarkeepSlowPuddle","","sc/effects.sc","","","","","GroundHigh","","","","gadget_barley_slow","","100","","","","","100","","","","",""
"BarkeepSlowPuddleSmall","BarkeepSlowPuddleSmall","","sc/effects.sc","","","","","GroundHigh","","","","gadget_barley_slow_small","","100","","","","","100","","","","",""
"MechanicSlowArea","MechanicSlowArea","","sc/effects.sc","","","","","GroundHigh","","","","gadget_jessie_spark","","100","","","","","255","","","","",""
"HookDudePushback","HookDudePushback","","sc/effects.sc","","","","","GroundHigh","","","","gadget_gene_push","","100","","","","","235","","","","",""
"ClusterBombDashMine","ClusterBombDashMine","","sc/effects.sc","","","","","GroundHigh","","","","tick_def_atk1_explode","","100","","","","","100","","","","",""
"MinigunDudeTowerBurstHeal","MinigunDudeTowerBurstHeal","","sc/effects.sc","","","","","GroundHigh","","","","gadget_pam_healburst","","100","","","","","125","","","","",""
"WhirlwindTrail","WhirlwindTrail","","sc/effects.sc","","","","","GroundHigh","","","","gadget_carl_hottrail","","100","","","","","28","","","","",""
"MummyAccessoryPushback","MummyAccessoryPushback","","sc/effects.sc","","","","","GroundHigh","","","","gadget_emz_push","","100","","","","","100","","","","",""
"PocoRegenArea","PocoRegenArea","","sc/effects.sc","","","","","GroundHigh","","","","gadget_poco_heal","","100","","","","","125","","","","",""
"UndertakerSwingDamage","UndertakerSwingDamage","","sc/effects.sc","","","","","GroundHigh","","","","gadget_mortis_shovel","","100","","","","","100","","","","",""
"BeeSniperSlowArea","BeeSniperSlowArea","","sc/effects.sc","","","","","GroundHigh","","","","","gadget_bea_honeypot","100","","","","","100","","","","",""
"BeeSniperSlowAreaNanoPower","BeeSniperSlowAreaNanoPower","","sc/effects.sc","","","","","GroundHigh","","","","","gadget_bea_honeypot","44","","","","","44","","","","",""
"BowDudeSuperChargeArea","BowDudeSuperChargeArea","","sc/effects_brawler_bo.sc","bo_def_gadget1_area","bo_def_gadget1_area","bo_def_gadget1_area_red","","GroundHigh","","","","","","100","","","","","310","","","","",""
"DrillerReflectArea","DrillerReflectArea","","sc/effects.sc","","","","","GroundHigh","","","","driller_def_sp1","","100","","","","","100","","","","",""
"WallyExplosionBig","WallyExplosionBig","","sc/effects.sc","","","","","GroundHigh","","","","sprout_def_sp1_explosion","","100","","","","","200","","","","",""
"Sprout_002_sp1","WallyExplosionBig","","sc/effects.sc","","","","","GroundHigh","","","","sprout_002_sp1_explosion","","100","","","","","200","","","","",""
"ArcadeTeleport","Bo_def_ulti1_area","","sc/effects.sc","","","","","GroundHigh","","","","gadget_arcade_teleport","","100","","","","","70","","","","",""
"ControllerUltiExplosion","ControllerUltiExplosion","","sc/effects_brawler.sc","","","","","GroundHigh","","","","explosion_generic_big","","100","","","","","100","","","","",""
"Nani004UltiExplosion","ControllerUltiExplosion","","sc/effects_brawler.sc","","","","","GroundHigh","","","","nani_004_ulti_explosion","","100","","","","","100","","","","",""
"Nani005UltiExplosion","ControllerUltiExplosion","","sc/effects_brawler.sc","","","","","GroundHigh","","","","nani_005_ulti_explosion","","100","","","","","100","","","","",""
"Nani006UltiExplosion","ControllerUltiExplosion","","sc/effects_brawler.sc","","","","","GroundHigh","","","","nani_006_ulti_explosion","","100","","","","","100","","","","",""
"Nani007UltiExplosion","ControllerUltiExplosion","","sc/effects_brawler.sc","","","","","GroundHigh","","","","nani_007_ulti_explosion","","100","","","","","100","","","","",""
"ControllerOverchargedUltiExplosion","ControllerUltiExplosion","","sc/effects_brawler.sc","","","","","GroundHigh","","","","nani_def_oc_explosion","","100","","","","","100","","","","",""
"BossTownCrushAoEArea","BossTownCrushAoEArea","","sc/effects_brawler.sc","","","","","GroundHigh","","","","boss_tc_attack_area","","100","","","","","100","","","","",""
"BossRaceBossRocketExplosion","BossRaceBossRocketExplosion","","sc/effects.sc","range450_blue","range450_blue","range450_red","","GroundHigh","","","","raidboss_rocket_explosion","","100","","","","","185","","","","",""
"BossRaceBossRocketBurn","BossRaceBossRocketBurn","","sc/effects.sc","brock_ground_fire_red","brock_ground_fire_red","brock_ground_fire_red","","GroundHigh","","","","burning_ground_raid_boss","","100","","","","","100","","","","",""
"LuchadorMeteorSpawn","LuchadorMeteorSpawn","","sc/effects_brawler.sc","gadget_primo_meteor_target","gadget_primo_meteor_target","gadget_primo_meteor_target_red","","GroundHigh","gadget_primo_meteor","gadget_primo_meteor_red","","meteor_warning","","100","","","","","120","","","","",""
"LuchadorMeteorSpawnSmall","LuchadorMeteorSpawnSmall","","sc/effects_brawler.sc","gadget_primo_meteor_target","gadget_primo_meteor_target","gadget_primo_meteor_target_red","","GroundHigh","gadget_primo_meteor","gadget_primo_meteor_red","","meteor_warning","","100","","","","","120","","","","",""
"LuchadorMeteorExplosion","LuchadorMeteorExplosion","","sc/effects.sc","","","","","GroundHigh","","","","gadget_primo_meteor","","100","","","","","168","","","","",""
"LuchadorMeteorExplosionPassive","LuchadorMeteorExplosionPassive","","sc/effects.sc","","","","","GroundHigh","","","","gadget_primo_meteor","","100","","","","","168","","","","",""
"BarkeepHealingArea","BarkeepHealingArea","","sc/effects.sc","","","","","GroundHigh","","","","gadget_barley_heal","","100","","","","","160","","","","",""
"PetrolDistributionArea","PetrolDistributionArea","","sc/effects.sc","","","","","GroundHigh","","","","amber_def_ulti_hit","","100","","","","","150","","","","",""
"OverchargedPetrolDistributionArea","OverchargedPetrolDistributionArea","","sc/effects.sc","","","","","GroundHigh","","","","amber_hc_ulti_hit","","100","","","","","150","","","","",""
"PetrolDistributionArea003","PetrolDistributionArea","","sc/effects.sc","","","","","GroundHigh","","","","amber_003_ulti_hit","","100","","","","","150","","","","",""
"PetrolDistributionArea004","PetrolDistributionArea","","sc/effects.sc","","","","","GroundHigh","","","","amber_004_ulti_hit","","100","","","","","150","","","","",""
"PetrolDistributionArea005","PetrolDistributionArea","","sc/effects.sc","","","","","GroundHigh","","","","amber_005_ulti_hit","","100","","","","","150","","","","",""
"PetrolDistributionArea006","PetrolDistributionArea","","sc/effects.sc","","","","","GroundHigh","","","","amber_006_ulti_hit","","100","","","","","150","","","","",""
"PetrolDistributionTrail","PetrolDistributionTrail","","sc/effects.sc","","","","","GroundHigh","","","","","","100","","","","","100","","","","",""
"PetrolFire","PetrolFire","","sc/effects.sc","","","","","GroundHigh","","","","amber_def_ulti_oil_burning","","100","","","","","70","","","","",""
"PetrolFireOvercharged","PetrolFireOvercharged","","sc/effects.sc","","","","","GroundHigh","","","","amber_hc_ulti_oil_burning","","100","","","","","70","","","","",""
"PetrolFire002","PetrolFire","","sc/effects.sc","","","","","GroundHigh","","","","amber_002_ulti_oil_burning","","100","","","","","70","","","","",""
"PetrolFire003","PetrolFire","","sc/effects.sc","","","","","GroundHigh","","","","amber_003_ulti_oil_burning","","100","","","","","70","","","","",""
"PetrolFire004","PetrolFire","","sc/effects.sc","","","","","GroundHigh","","","","amber_004_ulti_oil_burning","","100","","","","","70","","","","",""
"PetrolFire005","PetrolFire","","sc/effects.sc","","","","","GroundHigh","","","","amber_005_ulti_oil_burning","","100","","","","","70","","","","",""
"PetrolFire006","PetrolFire","","sc/effects.sc","","","","","GroundHigh","","","","amber_006_ulti_oil_burning","","100","","","","","70","","","","",""
"amber_006_spawn","HeroSpawn","","sc/effects_brawler.sc","","","","","GroundHigh","","","","amber_006_spawn","","100","","","","","100","","","","",""
"DamageBoostPlugIn","DamageBoostPlugInLogic","","sc/effects_brawler.sc","","","","","GroundHigh","","","","arcade_def_ulti_area_active","gadget_arcade_plugged_area","100","","","","","125","","","","",""
"DamageBoostPlugIn002","DamageBoostPlugInLogic","","sc/effects_brawler.sc","","","","","GroundHigh","","","","arcade_def_ulti_area_active","gadget_arcade002_plugged_area","100","","","","","125","","","","",""
"DamageBoostPlugIn003","DamageBoostPlugInLogic","","sc/effects_brawler.sc","","","","","GroundHigh","","","","arcade_def_ulti_area_active","gadget_arcade003_plugged_area","100","","","","","125","","","","",""
"DamageBoostPlugIn004","DamageBoostPlugInLogic","","sc/effects_brawler.sc","","","","","GroundHigh","","","","arcade_def_ulti_area_active","gadget_arcade004_plugged_area","100","","","","","125","","","","",""
"DamageBoostPlugIn005","DamageBoostPlugInLogic","","sc/effects_brawler.sc","","","","","GroundHigh","","","","arcade_def_ulti_area_active","gadget_arcade005_plugged_area","100","","","","","125","","","","",""
"DamageBoostPlugIn006","DamageBoostPlugInLogic","","sc/effects_brawler.sc","","","","","GroundHigh","","","","arcade_def_ulti_area_active","gadget_arcade006_plugged_area","100","","","","","125","true","","","",""
"DamageBoostPlugIn007","DamageBoostPlugInLogic","","sc/effects_brawler.sc","","","","","GroundHigh","","","","arcade_def_ulti_area_active","gadget_arcade007_plugged_area","100","","","","","125","true","","","",""
"BullSlowArea","BullSlowArea","","sc/effects.sc","","","","","GroundHigh","","","","gadget_bull_stomp","","100","","","","","200","","","","",""
"BullSlowArea_002","BullSlowArea","","sc/effects.sc","","","","","GroundHigh","","","","bull_002_ulti_exp","","100","","","","","200","","","","",""
"BullSlowArea_003","BullSlowArea","","sc/effects.sc","","","","","GroundHigh","","","","bull_003_ulti_exp","","100","","","","","200","","","","",""
"BullSlowArea_004","BullSlowArea","","sc/effects.sc","","","","","GroundHigh","","","","bull_004_ulti_exp","","100","","","","","200","","","","",""
"BullSlowArea_005","BullSlowArea","","sc/effects.sc","","","","","GroundHigh","","","","bull_006_ulti_exp","","100","","","","","200","","","","",""
"BullSlowArea_006","BullSlowArea","","sc/effects.sc","","","","","GroundHigh","","","","bull_005_ulti_exp","","100","","","","","200","","","","",""
"BullSlowArea_007","BullSlowArea","","sc/effects.sc","","","","","GroundHigh","","","","bull_008_ulti_exp","","100","","","","","200","","","","",""
"BullSlowArea_008","BullSlowArea","","sc/effects.sc","","","","","GroundHigh","","","","bull_009_ulti_exp","","100","","","","","200","","","","",""
"BullSlowArea_009","BullSlowArea","","sc/effects.sc","","","","","GroundHigh","","","","bull_011_ulti_exp","","100","","","","","200","","","","",""
"BullSlowArea_010","BullSlowArea","","sc/effects.sc","","","","","GroundHigh","","","","bull_007_ulti_exp","","100","","","","","200","","","","",""
"BullSlowArea_012","BullSlowArea","","sc/effects.sc","","","","","GroundHigh","","","","bull_012_ulti_exp","","100","","","","","200","","","","",""
"BullStunArea","BullStunArea","","sc/effects.sc","","","","","GroundHigh","","","","gadget_stun_stomp","","100","","","","","200","","","","",""
"BarrelBotSlowArea","BarrelBotSlowArea","","sc/effects.sc","","","","","GroundHigh","","","","gadget_darryl_slow","gadget_darryl_area","100","","","","","150","","","","",""
"PetrolDistributionGadget","PetrolDistributionGadget","","sc/effects.sc","","","","","GroundHigh","","","","","","100","","","","","150","","","","",""
"BrockAttackAreaGadget","BrockAttackAreaGadget","","sc/effects.sc","","","","","GroundHigh","","","","brock_def_explosion_blue","","100","","","","","70","","","","",""
"TeleportTileLeave","TeleportTileLeave","","sc/effects.sc","","","","","GroundHigh","","","","teleport_tile_leave","","100","","","","","70","","","","",""
"TeleportTileArrive","TeleportTileArrive","","sc/effects.sc","","","","","GroundHigh","","","","teleport_tile_arrive","","100","","","","","70","","","","",""
"IceDudeUltiArea","IceDudeUltiArea","","sc/effects_brawler.sc","lou_def_ulti_area_base","lou_def_ulti_area_base","lou_def_ulti_area_base_red","","GroundHigh","","","","lou_def_ulti_area","","100","","","","","250","","","","",""
"IceDudeKingUltiArea","IceDudeUltiArea","","sc/effects_brawler.sc","lou_def_ulti_area_base","lou_def_ulti_area_base","lou_def_ulti_area_base_red","","GroundHigh","","","","lou_002_ulti_area","","100","","","","","250","","","","",""
"IceDudeValentineUltiArea","IceDudeUltiArea","","sc/effects_brawler.sc","lou_def_ulti_area_base","lou_def_ulti_area_base","lou_def_ulti_area_base_red","","GroundHigh","","","","lou_003_ulti_area","","100","","","","","250","","","","",""
"IceDudeBurgerUltiArea","IceDudeUltiArea","","sc/effects_brawler.sc","lou_004_ulti_area_base","lou_004_ulti_area_base","lou_004_ulti_area_base_red","","GroundHigh","","","","lou_004_ulti_area","","100","","","","","250","","","","",""
"IceDudeStonetrollUltiArea","IceDudeUltiArea","","sc/effects_brawler.sc","lou_005_ulti_area_base","lou_005_ulti_area_base","lou_005_ulti_area_base_red","","GroundHigh","","","","lou_005_ulti_area","","100","","","","","250","","","","",""
"IceDude006UltiArea","IceDudeUltiArea","","sc/effects_brawler.sc","lou_def_ulti_area_base","lou_005_ulti_area_base","lou_005_ulti_area_base_red","","GroundHigh","","","","lou_006_ulti_area","","100","","","","","250","","","","",""
"IceDude007UltiArea","IceDudeUltiArea","","sc/effects_brawler_lou.sc","","","","","GroundHigh","","","","lou_007_ulti_area","","100","","","","","250","","","","",""
"lou_007_spawn","HeroSpawn","","sc/effects_brawler_lou.sc","","","","","GroundHigh","","","","lou_007_spawn","","100","","","","","100","","","","",""
"SnakeOilUltiExplosion","SnakeOilUltiExplosion","","sc/effects.sc","","","","","GroundHigh","","","","byron_def_ulti_hit","","100","","","","","160","","","","",""
"SnakeOilUltiHyperExplosion","SnakeOilUltiExplosion","","sc/effects.sc","","","","","GroundHigh","","","","byron_def_oc_ulti1_hit","","100","","","","","160","","","","",""
"SnakeOilHyperUltiBulletExplosion","SnakeOilHyperUltiBulletExplosion","","sc/effects.sc","","","","","GroundHigh","","","","","","100","","","","","160","","","","",""
"SnakeOilWizardUltiExplosion","SnakeOilUltiExplosion","","sc/effects.sc","","","","","GroundHigh","","","","byron_002_ulti_hit","","100","","","","","160","","","","",""
"SnakeOilVillainExplosion","SnakeOilUltiExplosion","","sc/effects.sc","","","","","GroundHigh","","","","byron_003_ulti_hit","","100","","","","","160","","","","",""
"SnakeOilRingMasterExplosion","SnakeOilUltiExplosion","","sc/effects.sc","","","","","GroundHigh","","","","byron_004_ulti_hit","","100","","","","","160","","","","",""
"SnakeOilSubwaySufersExplosion","SnakeOilUltiExplosion","","sc/effects.sc","","","","","GroundHigh","","","","byron_005_ulti_hit","","100","","","","","160","","","","",""
"SnakeOilWindStockExplosion","SnakeOilUltiExplosion","","sc/effects_brawler_byron.sc","","","","","GroundHigh","","","","byron_006_ulti_hit","","100","","","","","160","","","","",""
"EnragerUltiSpeed","EnragerUltiSpeed","","sc/effects.sc","","","","","GroundHigh","","","","","","100","","","","","100","","","","",""
"EnragerStarPowerDamage","EnragerStarPowerDamage","","sc/effects.sc","","","","","GroundHigh","","","","edgar_def_ulti_sp","","100","","","","","133","","","","",""
"RuffsSupplySpawn","RuffsSupplySpawn","","sc/effects_brawler.sc","ruffs_def_ulti_target","ruffs_def_ulti_target","ruffs_def_ulti_target_red","","GroundHigh","ruffs_def_ulti_crate","ruffs_def_ulti_crate_red","","ruffs_def_ulti_beacon","","100","","","","","90","","","","",""
"RuffsOverchargedSupplySpawn","RuffsOverchargedSupplySpawn","","sc/effects_brawler.sc","ruffs_def_oc_ulti_target","ruffs_def_oc_ulti_target","ruffs_def_oc_ulti_target_red","","GroundHigh","ruffs_def_oc_ulti_crate","ruffs_def_oc_ulti_crate_red","","ruffs_overcharged_ulti_beacon","","100","","","","","90","","","","",""
"RuffsSupplyExplosion","RuffsSupplyExplosion","","sc/effects.sc","","","","","GroundHigh","","","","gadget_primo_meteor","","100","","","","","118","","","","",""
"RuffsOverchargedSupplyExplosion","RuffsOverchargedSupplyExplosion","","sc/effects.sc","","","","","GroundHigh","","","","ruffs_overcharged_ulti_exp","","100","","","","","118","","","","",""
"Ruffs004SupplyExplosion","Ruffs004SupplyExplosion","","sc/effects.sc","","","","","GroundHigh","","","","ruffs_004_ulti_explosion","","100","","","","","118","","","","",""
"RuffsIncreaseHealth","RuffsIncreaseHealth","","sc/effects.sc","heal_area_effect_blue","heal_area_effect_blue","heal_area_effect_red","","GroundHigh","","","","ruffs_promotion","","100","","","","","100","","","","",""
"Ruffs002SupplySpawn","RuffsSupplySpawn","","sc/effects_brawler.sc","ruffs_def_ulti_target","ruffs_def_ulti_target","ruffs_def_ulti_target_red","","GroundHigh","ruffs_002_ulti_crate","ruffs_002_ulti_crate_red","","ruffs_002_ulti_beacon","","100","","","","","90","","","","",""
"Ruffs003SupplySpawn","RuffsSupplySpawn","","sc/effects_brawler.sc","ruffs_def_ulti_target","ruffs_def_ulti_target","ruffs_def_ulti_target_red","","GroundHigh","ruffs_def_ulti_crate","ruffs_def_ulti_crate_red","","ruffs_003_ulti_beacon","","100","","","","","90","","","","",""
"Ruffs004SupplySpawn","RuffsSupplySpawn","","sc/effects_brawler.sc","ruffs_def_ulti_target","ruffs_def_ulti_target","ruffs_def_ulti_target_red","","GroundHigh","ruffs_def_ulti_crate","ruffs_def_ulti_crate_red","","ruffs_004_ulti_beacon","","100","","","","","90","","","","",""
"Ruffs005SupplySpawn","RuffsSupplySpawn","","sc/effects_brawler.sc","ruffs_005_ulti_target","ruffs_005_ulti_target","ruffs_005_ulti_target_red","","GroundHigh","ruffs_005_ulti_crate","ruffs_005_ulti_crate_red","","ruffs_005_ulti_beacon","ruffs_005_ulti_map","100","","","","","90","","","","",""
"Ruffs005SupplyExplosion","RuffsSupplyExplosion","","sc/effects.sc","","","","","GroundHigh","","","","ruffs_005_ulti_explosion","","100","","","","","118","","","","",""
"Ruffs006SupplySpawn","RuffsSupplySpawn","","sc/effects_brawler.sc","ruffs_006_ulti_target","ruffs_006_ulti_target","ruffs_006_ulti_target_red","","GroundHigh","ruffs_006_ulti_crate","ruffs_006_ulti_crate_red","","ruffs_006_ulti_beacon","ruffs_006_ulti_udjat_eye","100","","","","","90","","","","",""
"Ruffs006SupplyExplosion","RuffsSupplyExplosion","","sc/effects.sc","","","","","GroundHigh","","","","ruffs_006_ulti_explosion","","100","","","","","118","","","","",""
"Ruffs007SupplySpawn","RuffsSupplySpawn","","sc/effects_brawler_ruffs.sc","ruffs_007_ulti_target","ruffs_007_ulti_target","ruffs_007_ulti_target_red","","GroundHigh","ruffs_007_ulti_crate","ruffs_007_ulti_crate_red","","ruffs_007_ulti_beacon","ruffs_007_ulti_target_moon","100","","","","","90","","","","",""
"Ruffs007SupplyExplosion","RuffsSupplyExplosion","","sc/effects.sc","","","","","GroundHigh","","","","ruffs_007_ulti_explosion","","100","","","","","118","","","","",""
"PocoCleanseArea","PocoCleanseArea","","sc/effects.sc","","","","","GroundHigh","","","","gadget_poco_cleanse","","100","","","","","400","","","","",""
"TickGadgetExplosion","TickGadgetExplosion","","sc/effects_brawler.sc","","","","","GroundHigh","","","","explosion_generic_big","","100","","","","","165","","","","",""
"SpeedBoost","SpeedBoost","","sc/effects.sc","","","","","GroundHigh","","","","arcade_def_ulti_area_active","gadget_stu_speed","100","","","","","400","","","","",""
"StickyBombExplosion","StickyBombExplosion","","sc/effects.sc","","","","","GroundHigh","","","","sticky_def_atk_explode","","100","","","","","150","","","","",""
"Squeak003BombExplosion","StickyBombExplosion","","sc/effects.sc","","","","","GroundHigh","","","","squeak_003_atk_explode","","100","","","","","150","","","","",""
"Squeak004BombExplosion","StickyBombExplosion","","sc/effects.sc","","","","","GroundHigh","","","","squeak_004_atk_explode","","100","","","","","150","","","","",""
"Squeak005BombExplosion","StickyBombExplosion","","sc/effects.sc","","","","","GroundHigh","","","","squeak_005_atk_explode","","100","","","","","150","","","","",""
"Squeak006BombExplosion","StickyBombExplosion","","sc/effects.sc","","","","","GroundHigh","","","","squeak_006_atk_explode","","100","","","","","150","","","","",""
"Squeak007BombExplosion","StickyBombExplosion","","sc/effects.sc","","","","","GroundHigh","","","","squeak_007_atk_explode","","100","","","","","150","","","","",""
"Squeak008BombExplosion","StickyBombExplosion","","sc/effects_brawler_squeak.sc","","","","","GroundHigh","","","","squeak_008_atk_explode","","100","","","","","150","","","","",""
"RollerFire","RollerFire","","sc/effects.sc","","","","","GroundHigh","","","","stu_def_ulti_trail","","100","","","","","100","","","","",""
"Roller002Fire","RollerFire","","sc/effects.sc","","","","","GroundHigh","","","","stu_002_ulti_trail","","100","","","","","100","","","","",""
"Roller003Fire","RollerFire","","sc/effects.sc","","","","","GroundHigh","","","","stu_003_ulti_trail","","100","","","","","100","","","","",""
"Roller004Fire","RollerFire","","sc/effects.sc","","","","","GroundHigh","","","","stu_004_ulti_trail","","100","","","","","100","","","","",""
"Roller005Fire","RollerFire","","sc/effects.sc","","","","","GroundHigh","","","","stu_005_ulti_trail","","100","","","","","100","","","","",""
"Roller006Fire","RollerFire","","sc/effects_brawler_stu.sc","","","","","GroundHigh","","","","stu_006_ulti_trail","","100","","","","","100","","","","",""
"RollerOverchargedFire","RollerFire","","sc/effects.sc","","","","","GroundHigh","","","","stu_def_oc_ulti_trail","","100","","","","","100","","","","",""
"RollerMutationArea","RollerMutationArea","","sc/effects.sc","","","","","GroundHigh","","","","","","100","","","","","100","","","","",""
"StickyBombClusterExplosion","StickyBombClusterExplosion","","sc/effects.sc","","","","","GroundHigh","","","","sticky_def_atk_explode","","100","","","","","100","","","","",""
"StickyBombUltiExplosion","StickyBombUltiExplosion","","sc/effects.sc","","","","","GroundHigh","","","","sticky_def_ulti_explode","","100","","","","","150","","","","",""
"CrossBomberClusterExplosion","CrossBomberClusterExplosion","","sc/effects.sc","","","","","GroundHigh","","","","crossbomber_def_explosion","","100","","","","","100","","","","",""
"CrossBomberUltiClusterExplosion","CrossBomberUltiClusterExplosion","","sc/effects.sc","","","","","GroundHigh","","","","crossbomber_def_explosion_ulti","","100","","","","","100","","","","",""
"OverchargedCrossBomberUltiClusterExplosion","OverchargedCrossBomberUltiClusterExplosion","","sc/effects.sc","","","","","GroundHigh","","","","crossbomber_hc_explosion_ulti","","100","","","","","100","","","","",""
"OverchargedCrossBomberUltiClusterExplosion2","OverchargedCrossBomberUltiClusterExplosion2","","sc/effects.sc","","","","","GroundHigh","","","","crossbomber_hc_explosion_ulti","","100","","","","","100","","","","",""
"Grom002ClusterExplosion","CrossBomberClusterExplosion","","sc/effects.sc","","","","","GroundHigh","","","","crossbomber_def_explosion","","100","","","","","100","","","","",""
"Grom002UltiClusterExplosion","CrossBomberUltiClusterExplosion","","sc/effects.sc","","","","","GroundHigh","","","","crossbomber_def_explosion_ulti","","100","","","","","100","","","","",""
"Grom003ClusterExplosion","CrossBomberClusterExplosion","","sc/effects.sc","","","","","GroundHigh","","","","crossbomber_def_explosion","","100","","","","","100","","","","",""
"Grom003UltiClusterExplosion","CrossBomberUltiClusterExplosion","","sc/effects.sc","","","","","GroundHigh","","","","crossbomber_def_explosion_ulti","","100","","","","","100","","","","",""
"Grom004ClusterExplosion","CrossBomberClusterExplosion","","sc/effects.sc","","","","","GroundHigh","","","","crossbomber_def_explosion","","100","","","","","100","","","","",""
"Grom004UltiClusterExplosion","CrossBomberUltiClusterExplosion","","sc/effects.sc","","","","","GroundHigh","","","","crossbomber_def_explosion_ulti","","100","","","","","100","","","","",""
"Grom005ClusterExplosion","CrossBomberClusterExplosion","","sc/effects.sc","","","","","GroundHigh","","","","crossbomber_def_explosion","","100","","","","","100","","","","",""
"Grom005UltiClusterExplosion","CrossBomberUltiClusterExplosion","","sc/effects.sc","","","","","GroundHigh","","","","crossbomber_def_explosion_ulti","","100","","","","","100","","","","",""
"Grom006ClusterExplosion","CrossBomberClusterExplosion","","sc/effects.sc","","","","","GroundHigh","","","","crossbomber_def_explosion","","100","","","","","100","","","","",""
"Grom006UltiClusterExplosion","CrossBomberUltiClusterExplosion","","sc/effects.sc","","","","","GroundHigh","","","","crossbomber_def_explosion_ulti","","100","","","","","100","","","","",""
"Squeak003ClusterExplosion","StickyBombClusterExplosion","","sc/effects.sc","","","","","GroundHigh","","","","squeak_003_ulti_explode","","100","","","","","100","","","","",""
"Squeak003UltiExplosion","StickyBombUltiExplosion","","sc/effects.sc","","","","","GroundHigh","","","","squeak_003_ulti_explode","","100","","","","","150","","","","",""
"Squeak004ClusterExplosion","StickyBombClusterExplosion","","sc/effects.sc","","","","","GroundHigh","","","","squeak_004_ulti_explode","","100","","","","","100","","","","",""
"Squeak004UltiExplosion","StickyBombUltiExplosion","","sc/effects.sc","","","","","GroundHigh","","","","squeak_004_ulti_explode","","100","","","","","150","","","","",""
"Squeak005ClusterExplosion","StickyBombClusterExplosion","","sc/effects.sc","","","","","GroundHigh","","","","squeak_005_ulti_explode","","100","","","","","100","","","","",""
"Squeak005UltiExplosion","StickyBombUltiExplosion","","sc/effects.sc","","","","","GroundHigh","","","","squeak_005_ulti_explode","","100","","","","","150","","","","",""
"Squeak006ClusterExplosion","StickyBombClusterExplosion","","sc/effects.sc","","","","","GroundHigh","","","","squeak_006_ulti_explode","","100","","","","","100","","","","",""
"Squeak006UltiExplosion","StickyBombUltiExplosion","","sc/effects.sc","","","","","GroundHigh","","","","squeak_006_ulti_explode","","100","","","","","150","","","","",""
"Squeak007ClusterExplosion","StickyBombClusterExplosion","","sc/effects.sc","","","","","GroundHigh","","","","squeak_007_ulti_explode","","100","","","","","100","","","","",""
"Squeak007UltiExplosion","StickyBombUltiExplosion","","sc/effects.sc","","","","","GroundHigh","","","","squeak_007_ulti_explode","","100","","","","","150","","","","",""
"Squeak008ClusterExplosion","StickyBombClusterExplosion","","sc/effects_brawler_squeak.sc","","","","","GroundHigh","","","","squeak_008_ulti_explode","","100","","","","","100","","","","",""
"Squeak008UltiExplosion","StickyBombUltiExplosion","","sc/effects_brawler_squeak.sc","","","","","GroundHigh","","","","squeak_008_ulti_explode","","100","","","","","150","","","","",""
"ElectroTrapExplosion","ElectroTrapExplosion","","sc/effects.sc","","","","","GroundHigh","","","","bo_def_ulti2_explosion","","100","","","","","133","","","","",""
"PullRopeStun","PullRopeStun","","sc/effects.sc","","","","","GroundHigh","","","","buzz_def_ulti_explosion","","100","","","","","150","","","","",""
"PullRopeStun002","PullRopeStun","","sc/effects.sc","","","","","GroundHigh","","","","buzz_002_ulti_explosion","","100","","","","","150","","","","",""
"PullRopeStun006","PullRopeStun","","sc/effects.sc","","","","","GroundHigh","","","","buzz_006_ulti_exp","","100","","","","","150","","","","",""
"PullRopeStun007","PullRopeStun","","sc/effects.sc","","","","","GroundHigh","","","","buzz_007_ulti_exp","","100","","","","","150","","","","",""
"PullRopeStun007Overcharge","PullRopeStun","","sc/effects.sc","","","","","GroundHigh","","","","buzz_007_oc_ulti_exp","","100","","","","","150","","","","",""
"PullRopeStun008","PullRopeStun","","sc/effects.sc","","","","","GroundHigh","","","","buzz_008_ulti_exp","","100","","","","","150","","","","",""
"PullRopeStun009","PullRopeStun","","sc/effects.sc","","","","","GroundHigh","","","","buzz_009_ulti_exp","","100","","","","","150","","","","",""
"PullRopeStun010","PullRopeStun","","sc/effects.sc","","","","","GroundHigh","","","","buzz_010_ulti_exp","","100","","","","","150","","","","",""
"PullRopeStunOvercharge","PullRopeStun","","sc/effects.sc","","","","","GroundHigh","","","","buzz_overcharged_ulti_explosion","","100","","","","","150","","","","",""
"RopeDudeSuperChargeArea","RopeDudeSuperChargeArea","","sc/effects_brawler.sc","range_dashed","range_dashed","range_dashed_red","","GroundHigh","","","","","","100","","","","","132","","","","",""
"RopeDudeSuperChargeAreaLarge","RopeDudeSuperChargeAreaLarge","","sc/effects_brawler.sc","range_dashed","range_dashed","range_dashed _red","","GroundHigh","","","","","","100","","","","","175","","","","",""
"VolleyBallTargetOccupied","VolleyBallTargetOccupied","","sc/effects_brawler.sc","ruffs_def_ulti_target","mode_valley_target_taken_blue","mode_valley_target_taken_red","","GroundHigh","","","","","","100","","","1","","100","","","","",""
"VolleyBallTarget","VolleyBallTarget","","sc/effects_brawler.sc","mode_valley_target","mode_valley_target","mode_valley_target","","GroundHigh","","","","","","100","","","","","100","","","","",""
"VolleyBallDistanceIndicator","VolleyBallDistanceIndicator","","sc/effects_brawler.sc","mode_valley_target_indicator","mode_valley_target_indicator","mode_valley_target_indicator","","GroundHigh","","","","","","100","","","1","","250","","","","",""
"VolleyBallHit","VolleyBallHit","","sc/effects_brawler.sc","","","","","GroundHigh","","","","mode_valley_hit","","100","","","","","100","","","","",""
"BasketBallGroundIndicator","BasketBallGroundIndicator","","sc/effects_brawler.sc","ruffs_def_ulti_target","ruffs_def_ulti_target","ruffs_def_ulti_target","","GroundHigh","","","","","","100","","","","","40","","","","",""
"BasketBallRimHit","BasketBallRimHit","","sc/effects_brawler.sc","","","","","GroundHigh","","","","mode_basket_hit","","100","","","","","100","","","","",""
"BasketBallThreePointArea","BasketBallThreePointArea","","sc/effects_brawler.sc","range_dashed","range_dashed","range_dashed","","GroundHigh","","","","","","100","","","","","120","","","","",""
"IceDudeGadgetActivationArea","IceDudeGadgetActivationArea","","sc/effects_brawler.sc","","","","","GroundHigh","","","","gadget_lou_freeze","","100","","","","","100","","","","",""
"GainedAmmoEffect","GainedAmmoEffect","","sc/effects.sc","","","","","Above","","","","gadget_pam_ammo_gain","","100","","","","","100","","","","",""
"LostAmmoEffect","LostAmmoEffect","","sc/effects.sc","","","","","Above","","","","gadget_pam_ammo_loss","","100","","","","","100","","","","",""
"CactusCoverHeal","CactusCoverHeal","","sc/effects.sc","","","","","GroundHigh","","","","gadget_spike_cactus_healburst","","100","","","","","125","","","","",""
"RuffsAirStrikeSpawn","RuffsAirStrikeSpawn","","sc/effects_brawler.sc","gadget_primo_meteor_target","gadget_primo_meteor_target","gadget_primo_meteor_target_red","","GroundHigh","gadget_ruffs_airstrike","gadget_ruffs_airstrike_red","","meteor_warning","","100","","","","","60","","","","",""
"RuffsAirStrikeExplosion","RuffsAirStrikeExplosion","","sc/effects.sc","","","","","GroundHigh","","","","gadget_ruffs_airstrike_explosion","","100","","","","","85","","","","",""
"NinjaInvisibleArea","NinjaInvisibleArea","","sc/effects_brawler.sc","gadget_leon_lollipop_area","gadget_leon_lollipop_area","gadget_leon_lollipop_area_red","","GroundHigh","","","","gadget_leon_lollipop","gadget_leon_lollipop_loop","100","","","","","290","","","","",""
"Ninja_010_spawn","HeroSpawn","","sc/effects_brawler.sc","","","","","GroundHigh","","","","leon_010_spawn","","100","","","","","100","","","","",""
"KnightPetExplosion","KnightPetExplosion","","sc/effects.sc","","","","","GroundHigh","","","","","","100","","","","","133","","","","",""
"KnightPetOverchargedExplosion","KnightPetExplosion","","sc/effects.sc","","","","","GroundHigh","","","","ash_def_oc_ulti_exp","","100","","","","","133","","","","",""
"Ash003PetExplosion","KnightPetExplosion","","sc/effects.sc","","","","","GroundHigh","","","","ash_003_pet_explosion","","100","","","","","133","","","","",""
"MechaDudeDestroyExplosion","MechaDudeDestroyExplosion","","sc/effects_brawler.sc","","","","","GroundHigh","","","","explosion_generic_big_area","","100","","","","","165","","","","",""
"Squeak002ClusterExplosion","StickyBombClusterExplosion","","sc/effects.sc","","","","","GroundHigh","","","","tick_def_atk1_explode","","100","","","","","100","","","","",""
"CrossBomberVisionArea","CrossBomberVisionArea","","sc/effects_brawler.sc","range_dashed","range_dashed","range_dashed_red","","GroundHigh","","","","","","100","","","","","240","","","","",""
"KickerDudeGadgetExplosion","KickerDudeGadgetExplosion","","sc/effects.sc","","","","","GroundHigh","","","","fang_def_atk_explode","","100","","","","","100","","","","",""
"KickerDudeMineExplosion","KickerDudeMineExplosion","","sc/effects.sc","","","","","GroundHigh","","","","fang_def_ultiexp_blue","","100","","","","","100","","","","",""
"KickerDudeMineExplosionOC","KickerDudeMineExplosionOC","","sc/effects.sc","","","","","GroundHigh","","","","fang_def_ocexp_blue","","100","","","","","100","","","","",""
"DuplicatorDuplicateArea","DuplicatorDuplicateArea","","sc/effects_brawler.sc","range_damage_deduction","range_damage_deduction","range_damage_deduction","","GroundHigh","","","","","","100","","","","","66","","","","",""
"DuplicatorSwapEffect","DuplicatorSwapEffect","","sc/effects.sc","","","","","GroundHigh","","","","gadget_arcade_teleport","","100","","","","","70","","","","",""
"PayloadMoveArea","PayloadMoveArea","","sc/effects_brawler.sc","area_mode_gift","payload_area_mode_blue","payload_area_mode_red","","GroundHigh","","","","","","100","","","","","150","","","","",""
"StickyBombVisionArea","StickyBombVisionArea","","sc/effects_brawler.sc","range_dashed","range_dashed","range_dashed_red","","GroundHigh","","","","","","100","","","","","50","","","","",""
"KickerDudeSweepStun","KickerDudeSweepStun","","sc/effects.sc","","","","","GroundHigh","","","","gadget_fang_sweep","","100","","","","","100","","","","",""
"PayloadMoveAreaPushed","PayloadMoveAreaPushed","","sc/effects_brawler.sc","range_dashed","payload_active_blue","payload_active_red","","GroundHigh","","","","","","100","","","","","65","","","","",""
"PayloadMoveAreaSlowed","PayloadMoveAreaSlowed","","sc/effects_brawler.sc","mode_payload_target_blue","mode_payload_target_blue","mode_payload_target_red","","GroundHigh","","","","","","100","","","","","200","","","","",""
"JetpackGirlGadgetDamageArea","JetpackGirlGadgetDamageArea","","sc/effects_brawler.sc","janet_ground","janet_ground","janet_ground_red","","GroundHigh","","","","","janet_def_gadget_sound","100","","","","","230","","","","",""
"JetpackGirlUltiExplosion","JetpackGirlUltiExplosion","","sc/effects_brawler.sc","","","","","GroundHigh","","","","janet_def_ulti_exlosion","","100","","","","","100","","","","",""
"JetpackGirlOverchargedUltiExplosion","JetpackGirlUltiExplosion","","sc/effects_brawler.sc","","","","","GroundHigh","","","","janet_def_oc_ulti_explosion","","100","","","","","100","","","","",""
"InvasionSpawnIncoming","InvasionSpawnIncoming","","sc/effects_brawler.sc","gadget_primo_meteor_target_red","gadget_primo_meteor_target","gadget_primo_meteor_target_red","","GroundHigh","","","","meteor_warning","","100","","","","","45","","","","",""
"InvasionSpawnExplosion","InvasionSpawnExplosion","","sc/effects.sc","","","","","GroundHigh","","","","","","100","","","","","100","","","","",""
"CannonGirlSmallExplosion","CannonGirlSmallExplosion","","sc/effects.sc","","","","","GroundHigh","","","","cannon_def_explosion_blue","","100","","","","","70","","","","",""
"CannonGirlExplosion","CannonGirlExplosion","","sc/effects_brawler.sc","","","","","GroundHigh","","","","bonnie_def_ulti_explosion","","100","","","","","100","","","","",""
"CannonGirlExplosionOvercharged","CannonGirlExplosionOvercharged","","sc/effects_brawler.sc","","","","","GroundHigh","","","","bonnie_def_oc_ulti_explosion","","100","","","","","100","","","","",""
"CannonGirlBulletExplosionOvercharged","CannonGirlBulletExplosionOvercharged","","sc/effects_brawler.sc","","","","","GroundHigh","","","","","","100","","","","","100","","","","",""
"Bonnie002SmallExplosion","CannonGirlSmallExplosion","","sc/effects.sc","","","","","GroundHigh","","","","bonnie_002_atk_small_hit","","100","","","","","70","","","","",""
"Bonnie002GirlExplosion","CannonGirlExplosion","","sc/effects_brawler.sc","","","","","GroundHigh","","","","bonnie_002_ulti_explosion","","100","","","","","165","","","","",""
"Bonnie003SmallExplosion","CannonGirlSmallExplosion","","sc/effects.sc","","","","","GroundHigh","","","","bonnie_003_atk_small_hit","","100","","","","","70","","","","",""
"Bonnie003GirlExplosion","CannonGirlExplosion","","sc/effects_brawler.sc","","","","","GroundHigh","","","","bonnie_003_ulti_explosion","","100","","","","","165","","","","",""
"Bonnie004SmallExplosion","CannonGirlSmallExplosion","","sc/effects.sc","","","","","GroundHigh","","","","bonnie_004_atk_small_hit","","100","","","","","70","","","","",""
"Bonnie004GirlExplosion","CannonGirlExplosion","","sc/effects_brawler.sc","","","","","GroundHigh","","","","bonnie_004_ulti_explosion","","100","","","","","165","","","","",""
"Bonnie005SmallExplosion","CannonGirlSmallExplosion","","sc/effects.sc","","","","","GroundHigh","","","","bonnie_005_atk_small_hit","","100","","","","","70","","","","",""
"Bonnie005GirlExplosion","CannonGirlExplosion","","sc/effects_brawler.sc","","","","","GroundHigh","","","","bonnie_005_ulti_explosion","","100","","","","","165","","","","",""
"Bonnie006SmallExplosion","CannonGirlSmallExplosion","","sc/effects.sc","","","","","GroundHigh","","","","bonnie_006_atk_small_hit","","100","","","","","70","","","","",""
"Bonnie006GirlExplosion","CannonGirlExplosion","","sc/effects_brawler.sc","","","","","GroundHigh","","","","bonnie_006_ulti_explosion","","100","","","","","165","","","","",""
"DrillerRebuildEffect","DrillerRebuildEffect","","sc/effects.sc","","","","","GroundHigh","","","","gadget_jacky_rebuild","","100","","","","","100","","","","",""
"MechaDudeReloadTowerArea","MechaDudeReloadTowerArea","","sc/effects_brawler.sc","meg_gadgets_ground","meg_gadgets_ground","meg_gadgets_ground_red","","GroundHigh","","","","","gadget_bo_totem","100","","","","","155","","","","",""
"JetpackGirl002UltiExplosion","JetpackGirlUltiExplosion","","sc/effects_brawler.sc","","","","","GroundHigh","","","","janet_002_ulti_exlosion","","100","","","","","100","","","","",""
"JetpackGirl003UltiExplosion","JetpackGirlUltiExplosion","","sc/effects_brawler.sc","","","","","GroundHigh","","","","janet_003_ulti_exlosion","","100","","","","","100","","","","",""
"JetpackGirl004UltiExplosion","JetpackGirlUltiExplosion","","sc/effects_brawler.sc","","","","","GroundHigh","","","","janet_004_ulti_exlosion","","100","","","","","100","","","","",""
"JetpackGirl005UltiExplosion","JetpackGirlUltiExplosion","","sc/effects_brawler.sc","","","","","GroundHigh","","","","janet_005_ulti_exlosion","","100","","","","","100","","","","",""
"JetpackGirl006UltiExplosion","JetpackGirlUltiExplosion","","sc/effects_brawler.sc","","","","","GroundHigh","","","","janet_006_ulti_exlosion","","100","","","","","100","","","","",""
"JetpackGirl007UltiExplosion","JetpackGirlUltiExplosion","","sc/effects_brawler.sc","","","","","GroundHigh","","","","janet_007_ulti_exlosion","","100","","","","","100","","","","",""
"JetpackGirl008UltiExplosion","JetpackGirlUltiExplosion","","sc/effects_brawler_janet.sc","","","","","GroundHigh","","","","janet_008_ulti_exlosion","","100","","","","","100","","","","",""
"JetpackGirl009UltiExplosion","JetpackGirlUltiExplosion","","sc/effects_brawler_janet.sc","","","","","GroundHigh","","","","janet_009_ulti_explosion","","100","","","","","100","","","","",""
"SilencerBigProjectileExplosion","SilencerBigProjectileExplosion","","sc/effects.sc","","","","","GroundHigh","","","","otto_def_gajet_hit","","100","","","","","55","","","","",""
"HuggerMineExplosion","HuggerMineExplosion","","sc/effects.sc","","","","","GroundHigh","","","","otto_def_gajet_explode","","100","","","","","100","","","","",""
"Otto002BigProjectileExplosion","SilencerBigProjectileExplosion","","sc/effects.sc","","","","","GroundHigh","","","","otto_002_gajet_hit","","100","","","","","55","","","","",""
"Otto002MineExplosion","HuggerMineExplosion","","sc/effects.sc","","","","","GroundHigh","","","","otto_def_gajet_explode","","100","","","","","100","","","","",""
"ArtilleryDudeUltiExplosion","ArtilleryDudeUltiExplosion","","sc/effects_brawler.sc","","","","","GroundHigh","","","","explosion_tnt_dude_ulti","","100","","","","","165","","","","",""
"WeaponThroweChargeArea","WeaponThroweChargeArea","","sc/effects_brawler.sc","range_dashed","range_dashed","range_dashed_red","","GroundHigh","","","","","","100","","","","","60","","","","",""
"WeaponThrowerPullArea","WeaponThrowerPullArea","","sc/effects.sc","","","","","GroundHigh","","","","bronson_gadget_pull","","100","","","","","145","","","","",""
"WeaponThrowerExplosion","WeaponThrowerExplosion","","sc/effects.sc","","","","","GroundHigh","","","","bo_def_ulti2_explosion","","100","","","","","133","","","","",""
"SoulCollectorSoulExplosion","SoulCollectorSoulExplosion","","sc/effects.sc","range450_blue","range450_blue","range450_red","","GroundHigh","","","","gus_def_gajet_explosion","","100","","","","","133","","","","",""
"ShieldTankSuperChargeArea","ShieldTankSuperChargeArea","","sc/effects_brawler.sc","range_dashed","range_dashed","range_dashed_red","","GroundHigh","","","","","","100","","","","","75","","","","",""
"ShieldTankHeal","ShieldTankHeal","","sc/effects.sc","","","","","GroundHigh","","","","gadget_spike_cactus_healburst","","100","","","","","100","","","","",""
"JesterUltiExplosion","JesterUltiExplosion","","sc/effects_brawler.sc","","","","","GroundHigh","","","","chester_def_ulti_explode","","100","","","","","165","","","","",""
"JesterUltiDamageArea","JesterUltiDamageArea","","sc/effects_brawler.sc","particle_dummy","","","","GroundHigh","","","","chester_def_ulti_damagearea","","100","","","","","250","","","","",""
"ChesterOverchargedUltiExplosion","ChesterOverchargedUltiExplosion","","sc/effects_brawler.sc","","","","","GroundHigh","","","","chester_def_oc_ulti_explode","","100","","","","","165","","","","",""
"ChesterOverchargedUltiDamageArea","ChesterOverchargedUltiDamageArea","","sc/effects_brawler.sc","particle_dummy","","","","GroundHigh","","","","chester_def_oc_ulti_damagearea","","100","","","","","250","","","","",""
"ChesterOverchargedUltiBulletExplosion","ChesterOverchargedUltiBulletExplosion","","sc/effects.sc","","","","","GroundHigh","","","","","","100","","","","","100","","","","",""
"Chester002UltiExplosion","JesterUltiExplosion","","sc/effects_brawler.sc","","","","","GroundHigh","","","","chester_002_ulti_explode","","100","","","","","165","","","","",""
"Chester002UltiDamageArea","JesterUltiDamageArea","","sc/effects_brawler.sc","particle_dummy","","","","GroundHigh","","","","chester_002_ulti_area","","100","","","","","250","","","","",""
"Chester003UltiExplosion","JesterUltiExplosion","","sc/effects_brawler.sc","","","","","GroundHigh","","","","chester_003_ulti_explode","","100","","","","","165","","","","",""
"Chester003UltiDamageArea","JesterUltiDamageArea","","sc/effects_brawler.sc","particle_dummy","","","","GroundHigh","","","","chester_003_ulti_area","","100","","","","","250","","","","",""
"Chester004UltiExplosion","JesterUltiExplosion","","sc/effects_brawler.sc","","","","","GroundHigh","","","","chester_004_ulti_explode","","100","","","","","165","","","","",""
"Chester004UltiDamageArea","JesterUltiDamageArea","","sc/effects_brawler.sc","particle_dummy","","","","GroundHigh","","","","chester_004_ulti_damagearea","","100","","","","","250","","","","",""
"Chester005UltiExplosion","JesterUltiExplosion","","sc/effects_brawler.sc","","","","","GroundHigh","","","","chester_005_ulti_explode","","100","","","","","165","","","","",""
"Chester005UltiDamageArea","JesterUltiDamageArea","","sc/effects_brawler.sc","particle_dummy","","","","GroundHigh","","","","chester_005_ulti_damagearea","","100","","","","","250","","","","",""
"Chester006UltiExplosion","JesterUltiExplosion","","sc/effects_brawler.sc","","","","","GroundHigh","","","","chester_006_ulti_explode","","100","","","","","165","","","","",""
"Chester006UltiDamageArea","JesterUltiDamageArea","","sc/effects_brawler.sc","particle_dummy","","","","GroundHigh","","","","chester_006_ulti_damagearea","","100","","","","","250","","","","",""
"DoorManDamageDropWarning","DoorManDamageDropWarning","","sc/effects_brawler_gray.sc","gray_def_gajet2_area","gray_def_gajet2_area","gray_def_gajet2_area_red","","Above","gray_def_gajet2_piano","gray_def_gajet2_piano_red","","gray_def_gajet2","","100","","","","","68","","","","",""
"DoorManDamageDropExplosion","DoorManDamageDropExplosion","","sc/effects.sc","range450_blue","range450_blue","range450_red","","GroundHigh","","","","gray_def_gajet2_explosion","","100","","","","","225","","","","",""
"DoorManPortalLeave","DoorManPortalLeave","","sc/effects.sc","","","","","GroundHigh","","","","portal_tile_leave","","100","","","","","70","","","","",""
"DoorManPortalArrive","DoorManPortalArrive","","sc/effects.sc","","","","","GroundHigh","","","","portal_tile_arrive","","100","","","","","70","","","","",""
"DoorManPortalOverchargedLeave","DoorManPortalLeave","","sc/effects.sc","","","","","GroundHigh","","","","gray_def_oc_portal_tile_leave","","100","","","","","70","","","","",""
"DoorManPortalOverchargedArrive","DoorManPortalArrive","","sc/effects.sc","","","","","GroundHigh","","","","gray_def_oc_portal_tile_arrive","","100","","","","","70","","","","",""
"gray_005_spawn","HeroSpawn","","sc/effects_brawler_gray.sc","","","","","GroundHigh","","","","gray_005_spawn","","100","","","","","100","","","","",""
"SplitterLegsDamageArea","SplitterLegsDamageArea","","sc/effects.sc","","","","","GroundHigh","","","","rt_def_ulti_ground","","100","","","","","100","","","","",""
"Splitter002LegsDamageArea","SplitterLegsDamageArea","","sc/effects.sc","","","","","GroundHigh","","","","rt_002_ulti","","100","","","","","100","","","","",""
"Splitter004LegsDamageArea","SplitterLegsDamageArea","","sc/effects.sc","","","","","GroundHigh","","","","rt_004_ulti","","100","","","","","100","","","","",""
"Splitter005LegsDamageArea","SplitterLegsDamageArea","","sc/effects.sc","","","","","GroundHigh","","","","rt_005_ulti","","100","","","","","100","","","","",""
"PuppeteerPoison","PuppeteerPoison","","sc/effects.sc","","","","","GroundHigh","","","","willow_def_atk_area","","100","","","","","55","","","","",""
"PuppeteerDive","PuppeteerDive","","sc/effects.sc","","","","","GroundHigh","","","","willow_def_gadget","","100","","","","","55","","","","",""
"PuppeteerPoisonAlternative","PuppeteerPoisonAlternative","","sc/effects.sc","","","","","GroundHigh","","","","willow_def_atk_area","","100","","","","","55","","","","",""
"Puppeteer002Poison","PuppeteerPoison","","sc/effects.sc","","","","","GroundHigh","","","","willow_002_atk_area","","100","","","","","55","","","","",""
"Puppeteer002Dive","PuppeteerDive","","sc/effects.sc","","","","","GroundHigh","","","","willow_def_gadget","","100","","","","","55","","","","",""
"Puppeteer002PoisonAlternative","PuppeteerPoisonAlternative","","sc/effects.sc","","","","","GroundHigh","","","","willow_002_atk_area","","100","","","","","55","","","","",""
"Puppeteer003Poison","PuppeteerPoison","","sc/effects.sc","","","","","GroundHigh","","","","willow_003_atk_area","","100","","","","","55","","","","",""
"Puppeteer003Dive","PuppeteerDive","","sc/effects.sc","","","","","GroundHigh","","","","willow_def_gadget","","100","","","","","55","","","","",""
"Puppeteer003PoisonAlternative","PuppeteerPoisonAlternative","","sc/effects.sc","","","","","GroundHigh","","","","willow_003_atk_area","","100","","","","","55","","","","",""
"Puppeteer004Poison","PuppeteerPoison","","sc/effects.sc","","","","","GroundHigh","","","","willow_004_atk_area","","100","","","","","55","","","","",""
"Puppeteer004Dive","PuppeteerDive","","sc/effects.sc","","","","","GroundHigh","","","","willow_def_gadget","","100","","","","","55","","","","",""
"Puppeteer004PoisonAlternative","PuppeteerPoisonAlternative","","sc/effects.sc","","","","","GroundHigh","","","","willow_004_atk_area","","100","","","","","55","","","","",""
"SplitterTagExplosion","SplitterTagExplosion","","sc/effects.sc","","","","","GroundHigh","","","","rt_def_gadget2","","100","","","","","100","","","","",""
"MaisieUltiShockwave","MaisieUltiShockwave","","sc/effects.sc","","","","","GroundHigh","","","","maisie_def_ulti_ground","","100","","","","","100","","","","",""
"Maisie002UltiShockwave","MaisieUltiShockwave","","sc/effects.sc","","","","","GroundHigh","","","","maisie_002_ulti_ground","","100","","","","","100","","","","",""
"Maisie003UltiShockwave","MaisieUltiShockwave","","sc/effects.sc","","","","","GroundHigh","","","","maisie_003_ulti_ground","","100","","","","","100","","","","",""
"Maisie004UltiShockwave","MaisieUltiShockwave","","sc/effects_brawler.sc","","","","","GroundHigh","","","","maisie_004_ulti_ground","","100","","","","","100","","","","",""
"Maisie005UltiShockwave","MaisieUltiShockwave","","sc/effects.sc","","","","","GroundHigh","","","","maisie_005_ulti_ground","","100","","","","","100","","","","",""
"FishTankBlast","FishTankBlast","","sc/effects.sc","","","","","GroundHigh","","","","tenant_def_atk_hit","","100","","","","","100","","","","",""
"Hank002Blast","FishTankBlast","","sc/effects.sc","","","","","GroundHigh","","","","hank_002_atk_hit","","100","","","","","100","","","","",""
"Hank003Blast","FishTankBlast","","sc/effects_brawler.sc","","","","","GroundHigh","","","","hank_003_atk_hit","","100","","","","","100","","","","",""
"Hank004Blast","FishTankBlast","","sc/effects_brawler.sc","","","","","GroundHigh","","","","hank_004_atk_hit","","100","","","","","100","","","","",""
"MaisieDashArea","MaisieDashArea","","sc/effects.sc","","","","","GroundHigh","","","","maisie_def_gadget","","100","","","","","70","","","","",""
"ReviverDamageArea","ReviverDamageArea","","sc/effects.sc","","","","","GroundHigh","","","","doug_def_atk_area","","100","","","","","100","","","","",""
"Reviver002DamageArea","ReviverDamageArea","","sc/effects.sc","","","","","GroundHigh","","","","doug_002_atk_area","","100","","","","","100","","","","",""
"Reviver003DamageArea","ReviverDamageArea","","sc/effects.sc","","","","","GroundHigh","","","","doug_003_atk_area","","100","","","","","100","","","","",""
"Reviver004DamageArea","ReviverDamageArea","","sc/effects.sc","","","","","GroundHigh","","","","doug_004_atk_area","","100","","","","","100","","","","",""
"ReviverDamageAreaDoubleHeal","ReviverDamageAreaDoubleHeal","","sc/effects.sc","","","","","GroundHigh","","","","doug_def_gadget1_area","","100","","","","","100","","","","",""
"ReviverDamageAreaDoubleDamage","ReviverDamageAreaDoubleDamage","","sc/effects.sc","","","","","GroundHigh","","","","doug_def_gadget2_area","","100","","","","","100","","","","",""
"DuelistSuperChargeArea","DuelistSuperChargeArea","","sc/effects_brawler.sc","range_dashed","range_dashed","range_dashed_red","","GroundHigh","","","","","","100","","","","","132","","","","",""
"FishTankUltiArea","FishTankUltiArea","","sc/effects.sc","","","","","GroundHigh","","","","","","100","","","","","100","","","","",""
"FishTank003UltiArea","FishTankUltiArea","","sc/effects.sc","","","","","GroundHigh","","","","","","100","","","","","100","","","","",""
"FishTank004UltiArea","FishTankUltiArea","","sc/effects.sc","","","","","GroundHigh","","","","","","100","","","","","100","","","","",""
"FishTankOnHitArea","FishTankOnHitArea","","sc/effects.sc","","","","","GroundHigh","","","","","","100","","","","","100","","","","",""
"CactusOverchargeUltiExplosion","CactusUltiExplosion","","sc/effects.sc","","","","","GroundHigh","","","","spike_def_overcharge_explosion","","100","","","","","170","","","","",""
"DrillerOverchargedUltiArea","DrillerOverchargedUltiArea","","sc/effects.sc","","","","","GroundHigh","","","","driller_def_overcharge","","100","","","","","290","","","","",""
"CookerUltiExplosion","CookerUltiExplosion","","sc/effects_brawler.sc","","","","","GroundHigh","","","","cooker_def_ulti","","100","","","","","165","","","","",""
"Pearl002UltiExplosion","CookerUltiExplosion","","sc/effects_brawler.sc","","","","","GroundHigh","","","","pearl_002_ulti","","100","","","","","165","","","","",""
"Pearl003UltiExplosion","CookerUltiExplosion","","sc/effects_brawler.sc","","","","","GroundHigh","","","","pearl_003_ulti","","100","","","","","165","","","","",""
"Pearl004UltiExplosion_k2","CookerUltiExplosion","","sc/effects_brawler.sc","","","","","GroundHigh","","","","pearl_004_ulti_k2","","100","","","","","165","","","","",""
"CookerOverchargedUltiExplosion","CookerUltiExplosion","","sc/effects_brawler.sc","","","","","GroundHigh","","","","cooker_def_overcharge","","100","","","","","165","","","","",""
"CookerOverchargedUltiArea","CookerOverchargedUltiArea","","sc/effects.sc","","","","","GroundHigh","","","","cooker_def_overcharge_area","","100","","","","","165","","","","",""
"ConductorSignArea","ConductorSignArea","","sc/effects.sc","","","","","GroundHigh","","","","chuck_def_ulti_spawn","","100","","","","","70","","","","",""
"ConductorSignAreaDestroy","ConductorSignAreaDestroy","","sc/effects.sc","","","","","GroundHigh","","","","chuck_def_ulti_destroy","","100","","","","","70","","","","",""
"ConductorOverchargedArea","ConductorOverchargedArea","","sc/effects.sc","","","","","GroundHigh","","","","","","","","","","","100","","","","",""
"Conductor002SignArea","ConductorSignArea","","sc/effects.sc","","","","","GroundHigh","","","","chuck_002_ulti_spawn","","100","","","","","70","","","","",""
"Conductor002SignAreaDestroy","ConductorSignAreaDestroy","","sc/effects.sc","","","","","GroundHigh","","","","chuck_002_ulti_destroy","","100","","","","","70","","","","",""
"Conductor003SignArea","ConductorSignArea","","sc/effects.sc","","","","","GroundHigh","","","","chuck_003_ulti_spawn","","100","","","","","70","","","","",""
"Conductor003SignAreaDestroy","ConductorSignAreaDestroy","","sc/effects.sc","","","","","GroundHigh","","","","chuck_003_ulti_destroy","","100","","","","","70","","","","",""
"CocoonerTrail","CocoonerTrail","","sc/effects.sc","","","","","GroundHigh","","","","charlie_starpower_slimy","","100","","","","","28","","","","",""
"RosaOverchargedUltiArea","RosaOverchargedUltiArea","","sc/effects_brawler.sc","","","","","GroundHigh","","","","rosa_def_overcharge_ground_base","","100","","","","","255","","","","",""
"MaisieOverchargedUltiBulletExplosion","MaisieOverchargedUltiBulletExplosion","","sc/effects.sc","","","","","GroundHigh","","","","","","100","","","","","100","","","","",""
"MaisieOverchargedUltiShockwave","MaisieOverchargedUltiShockwave","","sc/effects.sc","","","","","GroundHigh","","","","maisie_def_overcharge_ulti_ground","","100","","","","","100","","","","",""
"IceDudeOverchargedUltiArea","IceDudeOverchargedUltiArea","","sc/effects_brawler.sc","lou_def_oc_area_base","lou_def_oc_area_base","lou_def_oc_area_base_red","","GroundHigh","","","","lou_def_oc_area","","100","","","","","250","","","","",""
"IceDudeOverchargedUltiAreaInvisible","IceDudeOverchargedUltiAreaInvisible","","sc/effects_brawler.sc","lou_def_ulti_area_base","lou_def_ulti_area_base","lou_def_ulti_area_base_red","","GroundHigh","","","","lou_def_ulti_area_base","","100","","","","","250","","","","",""
"FishTank002UltiArea","FishTankUltiArea","","sc/effects.sc","","","","","GroundHigh","","","","","","100","","","","","100","","","","",""
"LeaperWeaponArea","LeaperWeaponArea","","sc/effects.sc","","","","","GroundHigh","","","","mico_def_atk","","100","","","","1","100","","","","",""
"LeaperUltiArea","LeaperUltiArea","","sc/effects_brawler.sc","mico_def_ulti_indicator","mico_def_ulti_indicator","mico_def_ulti_indicator_red","","GroundHigh","","","","","","100","","","","","80","","","","",""
"LeaperUltiAreaExplosion","LeaperUltiAreaExplosion","","sc/effects.sc","","","","","GroundHigh","","","","mico_def_ulti_landing","","100","","","","","70","","","","",""
"LeaperOverchargedUltiArea","LeaperOverchargedUltiArea","","sc/effects_brawler.sc","mico_def_ulti_indicator","mico_def_ulti_indicator","mico_def_ulti_indicator_red","","GroundHigh","","","","","","100","","","","","80","","","","",""
"LeaperOverchargedUltiAreaExplosion","LeaperOverchargedUltiAreaExplosion","","sc/effects.sc","","","","","GroundHigh","","","","mico_def_oc_landing","","100","","","","","70","","","","",""
"Mico_002_WeaponArea","LeaperWeaponArea","","sc/effects.sc","","","","","GroundHigh","","","","mico_002_atk","","100","","","","","100","","","","",""
"Mico_002_UltiArea","LeaperUltiArea","","sc/effects_brawler.sc","mico_def_ulti_indicator","mico_def_ulti_indicator","mico_def_ulti_indicator_red","","GroundHigh","","","","","","100","","","","","80","","","","",""
"Mico_002_UltiAreaExplosion","LeaperUltiAreaExplosion","","sc/effects.sc","","","","","GroundHigh","","","","mico_002_ulti_landing","","100","","","","","70","","","","",""
"Leaper003WeaponArea","LeaperWeaponArea","","sc/effects.sc","","","","","GroundHigh","","","","mico_003_atk","","100","","","","","100","","","","",""
"Leaper003UltiArea","LeaperUltiArea","","sc/effects_brawler.sc","mico_def_ulti_indicator","mico_def_ulti_indicator","mico_def_ulti_indicator_red","","GroundHigh","","","","","","100","","","","","80","","","","",""
"Leaper003UltiAreaExplosion","LeaperUltiAreaExplosion","","sc/effects.sc","","","","","GroundHigh","","","","mico_003_ulti_landing","","100","","","","","70","","","","",""
"Leaper004WeaponArea","LeaperWeaponArea","","sc/effects.sc","","","","","GroundHigh","","","","mico_004_atk","","100","","","","","100","","","","",""
"Leaper004UltiArea","LeaperUltiArea","","sc/effects_brawler.sc","mico_def_ulti_indicator","mico_def_ulti_indicator","mico_def_ulti_indicator_red","","GroundHigh","","","","","","100","","","","","80","","","","",""
"Leaper004UltiAreaExplosion","LeaperUltiAreaExplosion","","sc/effects.sc","","","","","GroundHigh","","","","mico_004_ulti_landing","","100","","","","","70","","","","",""
"Leaper005WeaponArea","LeaperWeaponArea","","sc/effects.sc","","","","","GroundHigh","","","","mico_005_atk","","100","","","","","100","","","","",""
"Leaper005UltiArea","LeaperUltiArea","","sc/effects_brawler.sc","mico_def_ulti_indicator","mico_def_ulti_indicator","mico_def_ulti_indicator_red","","GroundHigh","","","","","","100","","","","","80","","","","",""
"Leaper005UltiAreaExplosion","LeaperUltiAreaExplosion","","sc/effects.sc","","","","","GroundHigh","","","","mico_005_ulti_landing","","100","","","","","70","","","","",""
"CrowOverchargedUltiKnifes","CrowOverchargedUltiKnifes","","sc/effects_brawler.sc","crow_def_oc_ult_jump","crow_def_oc_ult_jump","crow_def_oc_ult_jump_red","","GroundHigh","","","","","","100","","","","","100","","","","",""
"TntDudeOverchargedUltiClusterExplosion","TntDudeOverchargedUltiClusterExplosion","","sc/effects_brawler.sc","","","","","GroundHigh","","","","dynamike_overcharge_explosion","","100","","","","","100","","","","",""
"TntDudeOverchargedUltiExplosion","TntDudeUltiExplosion","","sc/effects_brawler.sc","","","","","GroundHigh","","","","dynamike_overcharge_ulti_explosion","","100","","","","","165","","","","",""
"TntDudeOverchargedUltiClusterBombs","TntDudeOverchargedUltiClusterBombs","","sc/effects_brawler.sc","","","","","GroundHigh","","","","","","100","","","","","165","","","","",""
"TntDudeAttackNanoPowerBombs","TntDudeAttackNanoPowerBombs","","sc/effects_brawler.sc","","","","","GroundHigh","","","","","","100","","","","","165","","","","",""
"Mike012OverchargedUltiClusterBombs","TntDudeOverchargedUltiClusterBombs","","sc/effects_brawler.sc","","","","","GroundHigh","","","","","","100","","","","","165","","","","",""
"KickerDudeMineTrail","KickerDudeMineTrail","","sc/effects.sc","","","","","GroundHigh","","","","fang_def_atk_explode","","100","","","","","100","","","","",""
"KickerDudeMineNano","KickerDudeMineNano","","sc/effects.sc","","","","","GroundHigh","","","","fang_def_atk_explode","","100","","","","","100","","","","",""
"EnragerOverchargedUlti","EnragerOverchargedUlti","","sc/effects.sc","","","","","GroundHigh","","","","edgar_def_oc_jump","","100","","","","","100","","","","",""
"TwinsThrowerExplosion","TwinsThrowerExplosion","","sc/effects.sc","","","","","GroundHigh","","","","twin_def_atk_explode","","100","","","","","100","","","","",""
"TwinsThrowerExplosion2","TwinsThrowerExplosion2","","sc/effects.sc","","","","","GroundHigh","","","","twin_def_atk_explode2","","100","","","","","150","","","","",""
"Twins002ThrowerExplosion","TwinsThrowerExplosion","","sc/effects.sc","","","","","GroundHigh","","","","twin_002_atk_explode","","100","","","","","100","","","","",""
"Twins002ThrowerExplosion2","TwinsThrowerExplosion2","","sc/effects.sc","","","","","GroundHigh","","","","twin_002_atk_explode2","","100","","","","","150","","","","",""
"Twins003ThrowerExplosion","TwinsThrowerExplosion","","sc/effects.sc","","","","","GroundHigh","","","","twin_003_atk_explode","","100","","","","","100","","","","",""
"Twins003ThrowerExplosion2","TwinsThrowerExplosion2","","sc/effects.sc","","","","","GroundHigh","","","","twin_003_atk_explode2","","100","","","","","150","","","","",""
"Twins004ThrowerExplosion","TwinsThrowerExplosion","","sc/effects.sc","","","","","GroundHigh","","","","twin_004_atk_explode","","100","","","","","100","","","","",""
"Twins004ThrowerExplosion2","TwinsThrowerExplosion2","","sc/effects.sc","","","","","GroundHigh","","","","twin_004_atk_explode2","","100","","","","","150","","","","",""
"AttacherExplosion","AttacherExplosion","","sc/effects_brawler.sc","","","","","GroundHigh","","","","kit_def_ulti_explosion","","100","","","","","100","","","","",""
"Attacher002Explosion","AttacherExplosion","","sc/effects_brawler.sc","","","","","GroundHigh","","","","kit_002_ulti_explosion","","100","","","","","100","","","","",""
"Attacher003Explosion","AttacherExplosion","","sc/effects_brawler.sc","","","","","GroundHigh","","","","kit_003_ulti_explosion","","100","","","","","100","","","","",""
"Attacher004Explosion","AttacherExplosion","","sc/effects_brawler.sc","","","","","GroundHigh","","","","kit_004_ulti_explosion","","100","","","","","100","","","","",""
"AttacherExplosionOvercharged","AttacherExplosionOvercharged","","sc/effects_brawler.sc","","","","","GroundHigh","","","","kit_def_oc_ulti_explosion","","100","","","","","100","","","","",""
"InsectManUltiDamageArea","InsectManUltiDamageArea","","sc/effects_brawler.sc","","","","","GroundHigh","","","","angelo_def_ulti","","100","","TRUE","","","350","","","","",""
"InsectManUltiSwitchSkillArea","InsectManUltiSwitchSkillArea","","sc/effects_brawler.sc","","","","","GroundHigh","","","","","","100","","TRUE","","","350","","","","",""
"InsectManGadgetDamageArea","InsectManGadgetDamageArea","","sc/effects_brawler.sc","","","","","GroundHigh","","","","angelo_def_gadget1","","100","","","","","100","","","","",""
"Angelo002UltiDamageArea","InsectManUltiDamageArea","","sc/effects_brawler.sc","","","","","GroundHigh","","","","angelo_002_ulti","","100","","TRUE","","","350","","","","",""
"Angelo002UltiSwitchSkillArea","InsectManUltiSwitchSkillArea","","sc/effects_brawler.sc","","","","","GroundHigh","","","","","","100","","TRUE","","","350","","","","",""
"Angelo003UltiDamageArea","InsectManUltiDamageArea","","sc/effects_brawler.sc","","","","","GroundHigh","","","","angelo_003_ulti","","100","","TRUE","","","350","","","","",""
"Angelo003UltiSwitchSkillArea","InsectManUltiSwitchSkillArea","","sc/effects_brawler.sc","","","","","GroundHigh","","","","","","100","","TRUE","","","350","","","","",""
"Angelo004UltiDamageArea","InsectManUltiDamageArea","","sc/effects_brawler.sc","","","","","GroundHigh","","","","angelo_004_ulti","","100","","TRUE","","","350","","","","",""
"Angelo004UltiSwitchSkillArea","InsectManUltiSwitchSkillArea","","sc/effects_brawler.sc","","","","","GroundHigh","","","","","","100","","TRUE","","","350","","","","",""
"SandStormOverchargedUltiAreaSpeedBuff","SandStormOverchargedUltiAreaSpeedBuff","","sc/effects_brawler.sc","","","","","GroundHigh","","","","","","100","","","","","1000","","","","",""
"SandStormOverchargedUltiArea","SandStormOverchargedUltiArea","","sc/effects_brawler.sc","","","","","GroundHigh","","","","sandy_def_oc_loop","","100","","","","","1000","","","","",""
"ClusterBombPetOverchargedExplosion","ClusterBombPetOverchargedExplosion","","sc/effects.sc","","","","","GroundHigh","","","","tick_def_oc_pet_explode","","100","","","","","133","","","","",""
"ClusterBombOverchargedExplosion","ClusterBombOverchargedExplosion","","sc/effects.sc","","","","","GroundHigh","","","","tick_def_oc_split_explode","","100","","","","","100","","","","",""
"ClusterBombOverchargedExplosion2","ClusterBombOverchargedExplosion2","","sc/effects.sc","","","","","GroundHigh","","","","tick_def_oc_explode","","100","","","","","100","","","","",""
"StickyBombMutantClusterExplosion","StickyBombMutantClusterExplosion","","sc/effects.sc","","","","","GroundHigh","","","","sticky_def_atk_explode","","100","","","","","100","","","","",""
"BelleMutantExplosion","BelleMutantExplosion","","sc/effects.sc","","","","","GroundHigh","","","","","","100","","","","","100","","","","",""
"TwinsThrowerMutantExplosion","TwinsThrowerMutantExplosion","","sc/effects.sc","","","","","GroundHigh","","","","twin_def_atk_explode2","","100","","","","","150","","","","",""
"MutantBushGrowArea","MutantBushGrowArea","","sc/effects.sc","","","","","GroundHigh","","","","gadget_rosa_growbush","","100","","","","","170","","3","","",""
"PocoMutantRegenArea","PocoMutantRegenArea","","sc/effects.sc","","","","","GroundHigh","","","","gadget_poco_heal","","100","","","","","125","","","","",""
"PocoRogueliteRegenArea","PocoRogueliteRegenArea","","sc/effects.sc","","","","","GroundHigh","","","","gadget_poco_heal_small","","100","","","","","75","","","","",""
"ExplodingTankExplosion","ExplodingTankExplosion","","sc/effects_brawler.sc","","","","","GroundHigh","","","","explosion_tnt_dude_ulti","","100","","","","","165","","","","",""
"ExplodingTankDestroyEnvironment","ExplodingTankDestroyEnvironment","","sc/effects_brawler.sc","","","","","GroundHigh","","","","","","100","","","","","165","","","","",""
"AmbusherSuperChargeArea","AmbusherSuperChargeArea","","sc/effects_brawler.sc","range_dashed","range_dashed","range_dashed_red","","GroundHigh","","","","","","100","","","","","132","","","","",""
"AmbusherTeleport","AmbusherTeleport","","sc/effects.sc","","","","","GroundHigh","","","","lily_def_ulti_ground","","100","","","","","70","","","","",""
"AmbusherTeleportEnd","AmbusherTeleportEnd","","sc/effects.sc","","","","","GroundHigh","","","","lily_def_ulti_ground_end","","100","","","","","70","","","","",""
"Ambusher002Teleport","AmbusherTeleport","","sc/effects.sc","","","","","GroundHigh","","","","lily_002_ulti_ground","","100","","","","","70","","","","",""
"Ambusher002TeleportEnd","AmbusherTeleportEnd","","sc/effects.sc","","","","","GroundHigh","","","","lily_002_ulti_ground_end","","100","","","","","70","","","","",""
"Ambusher003Teleport","AmbusherTeleport","","sc/effects.sc","","","","","GroundHigh","","","","lily_003_ulti_ground","","100","","","","","70","","","","",""
"Ambusher003TeleportEnd","AmbusherTeleportEnd","","sc/effects.sc","","","","","GroundHigh","","","","lily_003_ulti_ground_end","","100","","","","","70","","","","",""
"Ambusher004Teleport","AmbusherTeleport","","sc/effects.sc","","","","","GroundHigh","","","","lily_004_ulti_ground","","100","","","","","70","","","","",""
"Ambusher004TeleportEnd","AmbusherTeleportEnd","","sc/effects.sc","","","","","GroundHigh","","","","lily_004_ulti_ground_end","","100","","","","","70","","","","",""
"SandStormOverchargedUltiSilenceArea","SandStormOverchargedUltiSilenceArea","","sc/effects_brawler.sc","","","","","GroundHigh","","","","","","100","","","","","1000","","","","",""
"SoulCollectorPushback","SoulCollectorPushback","","sc/effects.sc","","","","","GroundHigh","","","","gus_def_ulti_area","","100","","","","","235","","","","",""
"AmbusherUltiExplosion","AmbusherUltiExplosion","","sc/effects.sc","","","","","GroundHigh","","","","","","100","","","","","100","","","","",""
"Ambusher002UltiExplosion","AmbusherUltiExplosion","","sc/effects.sc","","","","","GroundHigh","","","","","","100","","","","","100","","","","",""
"Ambusher003UltiExplosion","AmbusherUltiExplosion","","sc/effects.sc","","","","","GroundHigh","","","","","","100","","","","","100","","","","",""
"Ambusher004UltiExplosion","AmbusherUltiExplosion","","sc/effects.sc","","","","","GroundHigh","","","","","","100","","","","","100","","","","",""
"BarleyOverchargedUlti","BarleyOverchargedUlti","","sc/effects.sc","","","","","GroundHigh","","","","barley_def_oc","","100","","","","","250","","","","",""
"InsectManOverchargedUltiDamageArea","InsectManOverchargedUltiDamageArea","","sc/effects_brawler.sc","","","","","GroundHigh","","","","angelo_overcharged_ulti","","100","","","","","350","","","","",""
"InsectManOverchargedUltiSwitchSkillArea","InsectManOverchargedUltiSwitchSkillArea","","sc/effects_brawler.sc","","","","","GroundHigh","","","","","","100","","","","","350","","","","",""
"SniperOverchargedBombExplosion","SniperOverchargedBombExplosion","","sc/effects.sc","","","","","GroundHigh","","","","piper_def_oc_exp","","100","","","","","133","","","","",""
"SniperOverchargedLanding","SniperOverchargedLanding","","sc/effects.sc","","","","","GroundHigh","","","","piper_def_oc_landing","","100","","","","","133","","","","",""
"MummyOverchargedUltiArea","MummyOverchargedUltiArea","","sc/effects_brawler.sc","emz_def_oc_area","emz_def_oc_area","emz_def_oc_area_red","","GroundHigh","","","","emz_def_oc_area_use","","100","","","","","350","","","","",""
"MummyOverchargedUltiAreaPushBack","MummyOverchargedUltiAreaPushBack","","sc/effects_brawler.sc","emz_def_oc_area","emz_def_oc_area","emz_def_oc_area_red","","GroundHigh","","","","","","100","","","","","350","","","","",""
"MummyOverchargedUltiBulletExplosion","MummyOverchargedUltiBulletExplosion","","sc/effects.sc","","","","","GroundHigh","","","","","","100","","","","","100","","","","",""
"PainterAreaExplosion","PainterAreaExplosion","","sc/effects.sc","","","","","GroundHigh","","","","berry_def_atk_hit","","100","","","","","100","","","","",""
"PainterAreaEffect","PainterAreaEffect","","sc/effects_brawler.sc","berry_def_atk_ground","berry_def_atk_ground","berry_def_atk_ground_red","","GroundHigh","","","","berry_def_ulti_hit","","100","","","","2","60","true","","","",""
"PainterAreaEffectEnd","PainterAreaEffectEnd","","sc/effects.sc","","","","","GroundHigh","","","","berry_def_atk_ground_end","","100","","","","","100","","","","",""
"PainterAccessoryArea","PainterAccessoryArea","","sc/effects.sc","","","","","GroundHigh","","","","berry_def_gadget_pushheal","","100","","","","","100","","","","",""
"Painter002AreaExplosion","PainterAreaExplosion","","sc/effects.sc","","","","","GroundHigh","","","","berry_002_atk_hit","","100","","","","","100","","","","",""
"Painter002AreaEffect","PainterAreaEffect","","sc/effects_brawler.sc","berry_002_atk_ground","berry_002_atk_ground","berry_002_atk_ground_red","","GroundHigh","","","","berry_002_ulti_hit","","100","","","","0","60","true","","","",""
"Painter002AreaEffectEnd","PainterAreaEffectEnd","","sc/effects_brawler.sc","","","","","GroundHigh","","","","berry_002_atk_ground_end","","100","","","","","100","","","","",""
"Painter003AreaExplosion","PainterAreaExplosion","","sc/effects.sc","","","","","GroundHigh","","","","berry_003_atk_hit","","100","","","","","100","","","","",""
"Painter003AreaEffect","PainterAreaEffect","","sc/effects_brawler_berry.sc","berry_003_ground","berry_003_ground","berry_003_ground_red","","GroundHigh","","","","berry_003_ulti_hit","","100","","","","0","60","true","","","",""
"Painter003AreaEffectEnd","PainterAreaEffectEnd","","sc/effects.sc","","","","","GroundHigh","","","","berry_003_ground_end","","100","","","","","100","","","","",""
"Painter004AreaExplosion","PainterAreaExplosion","","sc/effects.sc","","","","","GroundHigh","","","","berry_004_atk_hit","","100","","","","","100","","","","",""
"Painter004AreaEffect","PainterAreaEffect","","sc/effects_brawler_berry.sc","berry_004_atk_ground","berry_004_atk_ground","berry_004_atk_ground_red","","GroundHigh","","","","berry_004_ulti_hit","","100","","","","0","60","true","","","",""
"Painter004AreaEffectEnd","PainterAreaEffectEnd","","sc/effects.sc","","","","","GroundHigh","","","","berry_004_ground_end","","100","","","","","100","","","","",""
"Painter005AreaExplosion","PainterAreaExplosion","","sc/effects.sc","","","","","GroundHigh","","","","berry_005_atk_hit","","100","","","","","100","","","","",""
"Painter005AreaEffect","PainterAreaEffect","","sc/effects_brawler_berry.sc","berry_005_atk_ground","berry_005_atk_ground","berry_005_atk_ground_red","","GroundHigh","","","","berry_005_ulti_hit","","100","","","","0","60","true","","","",""
"Painter005AreaEffectEnd","PainterAreaEffectEnd","","sc/effects.sc","","","","","GroundHigh","","","","berry_005_ground_end","","100","","","","","100","","","","",""
"PainterAreaEffectOvercharged","PainterAreaEffectOvercharged","","sc/effects_brawler.sc","berry_def_oc_ulti_ground","berry_def_oc_ulti_ground","berry_def_oc_ulti_ground_red","","GroundHigh","","","","berry_def_oc_ulti_hit","","100","","","","2","60","true","","","",""
"PainterAreaEffectEndOvercharged","PainterAreaEffectEndOvercharged","","sc/effects.sc","","","","","GroundHigh","","","","berry_def_oc_ulti_ground_end","","100","","","","","100","","","","",""
"PaintBallSplash","PaintBallSplash","","sc/effects.sc","","","","","GroundHigh","","","","paint_ball_explode","","100","","","","","50","","","","",""
"PaintBallSplash_big","PaintBallSplash_big","","sc/effects.sc","","","","","GroundHigh","","","","paint_ball_explode_big","","100","","","","","50","","","","",""
"SupportArchetypeHeal","SupportArchetypeHeal","","sc/effects.sc","","","","","GroundHigh","","","","pam_def_ulti_area_active","sb_support_area_loop","100","","","","","125","","","","",""
"SupportArchetypeSpawn","SupportArchetypeSpawn","","sc/effects_brawler.sc","sb_support_summon","sb_support_summon","sb_support_summon_red","","object","","","","sb_support_bubble","","100","","","","","90","true","","","",""
"ArtilleryArchetypeCollabSpawnLvl1","ArtilleryArchetypeCollabSpawnLvl1","","sc/effects_brawler.sc","","","","","GroundHigh","sb_thrower_pjt_01","sb_thrower_pjt_01_red","","meteor_warning","","100","","","","","60","","","","",""
"ArtilleryArchetypeCollabSpawnLvl2","ArtilleryArchetypeCollabSpawnLvl2","","sc/effects_brawler.sc","","","","","GroundHigh","sb_thrower_pjt_01","sb_thrower_pjt_01_red","","meteor_warning","","100","","","","","60","","","","",""
"ArtilleryArchetypeCollabSpawnLvl3","ArtilleryArchetypeCollabSpawnLvl3","","sc/effects_brawler.sc","","","","","GroundHigh","sb_thrower_pjt_01","sb_thrower_pjt_01_red","","meteor_warning","","100","","","","","60","","","","",""
"ArtilleryArchetypeCollabExplosion","ArtilleryArchetypeCollabExplosion","","sc/effects.sc","","","","","GroundHigh","","","","gadget_ruffs_airstrike_explosion","","100","","","","","85","","","","",""
"ArtilleryArchetypeCollabBurn","ArtilleryArchetypeCollabBurn","","sc/effects.sc","","","","","GroundHigh","","","","brock_def_starpower","","100","","","","","28","","","","",""
"ArtilleryArchetypeCollabCluster","ArtilleryArchetypeCollabCluster","","sc/effects.sc","","","","","GroundHigh","","","","","","100","","","","","100","","","","",""
"MarksmanArchetypeSlowArea","MarksmanArchetypeSlowArea","","sc/effects.sc","toxic_area_effect_blue","toxic_area_effect_blue","toxic_area_effect_red","","GroundHigh","","","","","","100","","","","","50","","","","",""
"ControllerArchetypeTrail","ControllerArchetypeTrail","","sc/effects.sc","","","","","GroundHigh","","","","sb_controller_trigger","","100","","","","","100","","","","",""
"ControllerArchetypeEnd","ControllerArchetypeEnd","","sc/effects.sc","","","","","GroundHigh","","","","","","100","","","","","100","","","","",""
"CashGrabSpawn","CashGrabSpawn","","sc/effects.sc","power_area_effect_blue","power_area_effect_blue","power_area_effect_blue","","GroundHigh","","","","powerup_indicator","","100","","","","","40","","","","",""
"AssassinArchetypeExecuteAreaEffect","AssassinArchetypeExecuteAreaEffect","","sc/effects.sc","","","","","GroundHigh","","","","assassinarchetypeexecuteeffect","","100","","","","","100","","","","",""
"DiggerShrapnelArea","DiggerShrapnelArea","","sc/effects.sc","","","","","GroundHigh","","","","moe_def_atk1_explosion","","100","","","","","100","","","","",""
"DiggerShrapnelArea2","DiggerShrapnelArea2","","sc/effects.sc","","","","","GroundHigh","","","","moe_def_atk1_explosion","","100","","","","","100","","","","",""
"DiggerDrillDive","DiggerDrillDive","","sc/effects.sc","","","","","GroundLow","","","","moe_def_start_dig","","100","","","","","60","","","","",""
"DiggerDrillTrail","DiggerDrillTrail","","sc/effects.sc","","","","","GroundLow","","","","moe_underground_trail","","100","","","","","60","","","","",""
"DiggerDrillSurface","DiggerDrillSurface","","sc/effects.sc","","","","","GroundLow","","","","moe_def_atk2_explosion","","100","","","","","60","","","","",""
"DiggerOverchargedDrillDive","DiggerOverchargedDrillDive","","sc/effects.sc","","","","","GroundLow","","","","moe_def_oc_start_dig","","100","","","","","60","","","","",""
"DiggerOverchargedDrillTrail","DiggerOverchargedDrillTrail","","sc/effects.sc","","","","","GroundLow","","","","moe_def_oc_underground_trail","","100","","","","","60","","","","",""
"DiggerOverchargedDrillSurface","DiggerOverchargedDrillSurface","","sc/effects.sc","","","","","GroundLow","","","","moe_def_oc_end_crack","","100","","","","","60","","","","",""
"Digger002ShrapnelArea","DiggerShrapnelArea","","sc/effects.sc","","","","","GroundHigh","","","","moe_002_atk1_explosion","","100","","","","","100","","","","",""
"Digger002ShrapnelArea2","DiggerShrapnelArea2","","sc/effects.sc","","","","","GroundHigh","","","","moe_002_atk1_explosion","","100","","","","","100","","","","",""
"Digger002DrillDive","DiggerDrillDive","","sc/effects.sc","","","","","GroundLow","","","","moe_002_start_dig","","100","","","","","60","","","","",""
"Digger002DrillTrail","DiggerDrillTrail","","sc/effects.sc","","","","","GroundLow","","","","moe_002_underground_trail","","100","","","","","60","","","","",""
"Digger002DrillSurface","DiggerDrillSurface","","sc/effects.sc","","","","","GroundLow","","","","moe_002_ulti_spawn","","100","","","","","60","","","","",""
"Digger003ShrapnelArea","DiggerShrapnelArea","","sc/effects_brawler_moe.sc","","","","","GroundHigh","","","","moe_003_atk1_explosion","","100","","","","","100","","","","",""
"Digger003ShrapnelArea2","DiggerShrapnelArea2","","sc/effects_brawler_moe.sc","","","","","GroundHigh","","","","moe_003_atk1_explosion","","100","","","","","100","","","","",""
"Digger003DrillDive","DiggerDrillDive","","sc/effects_brawler_moe.sc","","","","","GroundLow","","","","moe_003_start_dig","","100","","","","","60","","","","",""
"Digger003DrillTrail","DiggerDrillTrail","","sc/effects_brawler_moe.sc","","","","","GroundLow","","","","moe_003_underground_trail","","100","","","","","60","","","","",""
"Digger003DrillSurface","DiggerDrillSurface","","sc/effects_brawler_moe.sc","","","","","GroundLow","","","","moe_003_ulti_spawn_01","","100","","","","","60","","","","",""
"StickyBombOverchargedClusterExplosion","StickyBombClusterExplosion","","sc/effects.sc","","","","","GroundHigh","","","","sticky_def_oc_atk_explode","","100","","","","","","","","","",""
"StickyBombOverchargedUltiExplosion","StickyBombUltiExplosion","","sc/effects.sc","","","","","GroundHigh","","","","sticky_def_oc_ulti_explode","","100","","","","","","","","","",""
"BlackHoleOverchargedUltiExplosion","BlackHoleUltiExplosion","","sc/effects_brawler.sc","tara_def_oc_ulti_range450_blue","tara_def_oc_ulti_range450_blue","tara_def_oc_ulti_range450_red","","GroundHigh","","","","blackhole_ulti_damage","","100","","","","","100","","","","",""
"BlackHoleOverchargedUltiSuck","BlackHoleUltiSuck","","sc/effects_brawler.sc","tara_def_oc_ulti_range450_blue","tara_def_oc_ulti_range450_blue","tara_def_oc_ulti_range450_red","","GroundHigh","","","","blackhole_oc_ulti_suck","","100","","","","","290","","","","",""
"SamuraiCrossSlashArea","SamuraiCrossSlashArea","","sc/effects_brawler.sc","samurai_def_ulti_hit_ground","samurai_def_ulti_hit_ground","samurai_def_ulti_hit_ground_red","","GroundHigh","","","","","","100","","","1","3","350","true","","","",""
"Samurai002CrossSlashArea","SamuraiCrossSlashArea","","sc/effects_brawler.sc","samurai_002_ulti_ground_impact","samurai_002_ulti_ground_impact","samurai_002_ulti_ground_impact_red","","GroundHigh","","","","","","100","","","1","3","350","true","","","",""
"Samurai003CrossSlashArea","SamuraiCrossSlashArea","","sc/effects_brawler_kenji.sc","samurai_003_ulti_ground_impact","samurai_003_ulti_ground_impact","samurai_003_ulti_ground_impact_red","","GroundHigh","","","","","","100","","","1","3","350","true","","","",""
"Samurai004CrossSlashArea","SamuraiCrossSlashArea","","sc/effects_brawler_kenji.sc","samurai_004_ulti_ground_impact","samurai_004_ulti_ground_impact","samurai_004_ulti_ground_impact_red","","GroundHigh","","","","","","100","","","1","3","350","true","","","",""
"SamuraiOverchargedCrossSlashArea","SamuraiCrossSlashArea","","sc/effects_brawler_kenji.sc","samurai_def_oc_ulti_hit_ground","samurai_def_oc_ulti_hit_ground","samurai_def_oc_ulti_hit_ground_red","","GroundHigh","","","","","","100","","","1","3","350","true","","","",""
"Samurai003OverchargedCrossSlashArea","SamuraiCrossSlashArea","","sc/effects_brawler_kenji.sc","samurai_003_oc_ulti_ground_impact","samurai_003_oc_ulti_ground_impact","samurai_003_oc_ulti_ground_impact_red","","GroundHigh","","","","","","100","","","1","3","350","true","","","",""
"SamuraiOverchargedPullInArea","SamuraiOverchargedPullInArea","","sc/effects_brawler_kenji.sc","","","","","GroundHigh","","","","samurai_def_oc_ulti_ground","","100","","","","","290","","","","",""
"Samurai003OverchargedPullInArea","SamuraiOverchargedPullInArea","","sc/effects_brawler_kenji.sc","","","","","GroundHigh","","","","samurai_003_oc_ulti_ground","","100","","","","","290","","","","",""
"GhostSuperChargeArea","GhostSuperChargeArea","","sc/effects_brawler.sc","range_dashed","range_dashed","range_dashed_red","","GroundHigh","","","","","","100","","","","","132","","","","",""
"GhostSpookyArea","GhostSpookyArea","","sc/effects_brawler.sc","","","","","GroundHigh","","","","shade_def_gadget2","","100","","","","","120","","","","",""
"GraceOfAndAngelAreaEffect","GraceOfAndAngelAreaEffect","","sc/effects.sc","","","","","GroundHigh","","","","toy_angel_radiant","","100","","","","","125","","","","",""
"LastBreathPushBack","LastBreathPushBack","","sc/effects_brawler.sc","","","","","GroundHigh","","","","toy_angel_rebirth_push","","100","","","","","350","","","","",""
"DemonicRevengeAreaEffect","DemonicRevengeAreaEffect","","sc/effects_brawler.sc","demon_target","demon_target","demon_target_red","","GroundHigh","","","","","","100","","","","","100","","","","",""
"DemonicRevengeFireAreaEffect","DemonicRevengeFireAreaEffect","","sc/effects_brawler.sc","demon_revenge_fire_ground","demon_revenge_fire_ground","demon_revenge_fire_ground_red","","GroundHigh","","","","toy_demon_revenge_fires","","100","","","","","100","","","","",""
"WrathOfAnAngelAreaEffect","WrathOfAnAngelAreaEffect","","sc/effects.sc","","","","","GroundHigh","","","","toy_angel_smith_pole","","100","","","","","100","","","","",""
"DemonicFireAreaEffect","DemonicFireAreaEffect","","sc/effects.sc","","","","","GroundHigh","","","","toy_demon_ground_fire","","100","","","","","100","","","","",""
"DemonicPowerAreaEffect","DemonicPowerAreaEffect","","sc/effects_brawler.sc","","","","","object","","","","toy_demon_got_power","","100","","","","","90","true","","","",""
"Enrager008StarPowerDamage","EnragerStarPowerDamage","","sc/effects.sc","","","","","GroundHigh","","","","edgar_008_ulti_sp","","100","","","","","133","","","","",""
"Enrager008OverchargedStarPowerDamage","EnragerStarPowerDamage","","sc/effects.sc","","","","","GroundHigh","","","","edgar_008_oc_ulti_sp","","100","","","","","133","","","","",""
"Enrager009StarPowerDamage","EnragerStarPowerDamage","","sc/effects_brawler_edgar.sc","","","","","GroundHigh","","","","edgar_009_ulti_sp","","100","","","","","133","","","","",""
"Enrager010StarPowerDamage","EnragerStarPowerDamage","","sc/effects_brawler_edgar.sc","","","","","GroundHigh","","","","edgar_010_ulti_sp","","100","","","","","133","","","","",""
"VoodooAttackEarth","VoodooAttackEarth","","sc/effects.sc","","","","","GroundHigh","","","","selena_def_earth_atk","","100","","","","","55","","","","",""
"VoodooAttackForest","VoodooAttackForest","","sc/effects.sc","","","","","GroundHigh","","","","selena_def_forest_atk","","100","","","","","55","","","","",""
"VoodooAttackWater","VoodooAttackWater","","sc/effects.sc","","","","","GroundHigh","","","","selena_def_water_atk","","100","","","","","55","","","","",""
"f5625159144593ccb22972acfa8738c9a2d4d6cd","Brock_def_ulti_area","true","sc/effects.sc","","","","","GroundHigh","","","","brock_def_oc_ultiexp_purple","","100","","","","","100","","","","",""
"VoodooAttackAll","VoodooAttackAll","","sc/effects.sc","","","","","GroundHigh","","","","selena_def_gadget1_all_atk","","100","","","","","55","","","","",""
"VoodooSlowDebuff","VoodooSlowDebuff","","sc/effects.sc","","","","","GroundHigh","","","","","","100","","","","","55","","","","",""
"Voodoo002AttackEarth","VoodooAttackEarth","","sc/effects.sc","","","","","GroundHigh","","","","juju_002_atk1_area","","100","","","","","55","","","","",""
"Voodoo002AttackForest","VoodooAttackForest","","sc/effects.sc","","","","","GroundHigh","","","","juju_002_atk2_area","","100","","","","","55","","","","",""
"Voodoo002AttackWater","VoodooAttackWater","","sc/effects.sc","","","","","GroundHigh","","","","juju_002_atk3_area","","100","","","","","55","","","","",""
"Voodoo003AttackEarth","VoodooAttackEarth","","sc/effects.sc","","","","","GroundHigh","","","","juju_003_atk1_area","","100","","","","","55","","","","",""
"Voodoo003AttackForest","VoodooAttackForest","","sc/effects.sc","","","","","GroundHigh","","","","juju_003_atk2_area","","100","","","","","55","","","","",""
"Voodoo003AttackWater","VoodooAttackWater","","sc/effects.sc","","","","","GroundHigh","","","","juju_003_atk3_area","","100","","","","","55","","","","",""
"BarrelBotOverchargeChargeArea","BarrelBotOverchargeChargeArea","","sc/effects.sc","","","","","GroundHigh","","","","","","100","","","","","100","","","","",""
"DemonicRevengeAreaEffectExplosion","DemonicRevengeAreaEffectExplosion","","sc/effects_brawler.sc","","","","","GroundHigh","","","","toy_demon_revenge_explosion","","100","","","","","165","","","","",""
"LightyearFlightUltiExplosion","LightyearFlightUltiExplosion","","sc/effects_brawler.sc","","","","","GroundHigh","","","","buzzlight_wing_ulti_explosion","","100","","","","","100","","","","",""
"LightyearSwordLanding","LightyearSwordLanding","","sc/effects.sc","","","","","GroundLow","","","","lightyear_sword_ulti_explosion","","100","","","","","60","","","","",""
"MeepleSuperArea","MeepleSuperArea","","sc/effects_brawler.sc","","","","","GroundHigh","","","","meeple_def_ulti_area_active","meeple_def_ulti_area_loop","100","","","","","100","","","","",""
"MeepleOverchargedSuperArea","MeepleOverchargedSuperArea","","sc/effects_brawler.sc","","","","","GroundHigh","","","","meeple_def_oc_ulti_area_active","meeple_def_oc_ulti_area_loop","100","","","","","100","","","","",""
"MeepleOverchargedPassWallArea","MeepleOverchargedPassWallArea","","sc/effects_brawler.sc","","","","","GroundHigh","","","","","","100","","","","","100","","","","",""
"Meeple002SuperArea","MeepleSuperArea","","sc/effects_brawler.sc","","","","","GroundHigh","","","","meeple_002_ulti_area_active","meeple_002_ulti_area_loop","100","","","","","100","","","","",""
"Meeple003SuperArea","MeepleSuperArea","","sc/effects_brawler.sc","","","","","GroundHigh","","","","meeple_003_ulti_area_active","meeple_003_ulti_area_loop","100","","","","","100","","","","",""
"MeepleWallArea","MeepleWallArea","","sc/effects_brawler.sc","","","","","GroundHigh","","","","meeple_def_atk_gadget_explo_spawn","","100","","","","","100","","","","",""
"MeepleWallAreaExplosion","MeepleWallAreaExplosion","","sc/effects_brawler.sc","","","","","GroundHigh","","","","meeple_def_atk_gadget_explo_spawn","","100","","","","","100","","","","",""
"SkaterUltiLanding","SkaterUltiLanding","","sc/effects.sc","","","","","GroundHigh","","","","ollie_def_ulti_ground_casting","","100","","","","","100","","","","",""
"SkaterUltiLandingOvercharged","SkaterUltiLandingOvercharged","","sc/effects.sc","","","","","GroundHigh","","","","ollie_def_oc_ground_casting","","100","","","","","100","","","","",""
"SkaterUltiTaunt","SkaterUltiTaunt","","sc/effects.sc","","","","","GroundHigh","","","","ollie_def_ulti_ground","","100","","","","","100","","","","",""
"SkaterUltiTauntOvercharged","SkaterUltiTauntOvercharged","","sc/effects.sc","","","","","GroundHigh","","","","ollie_def_oc_ground","","100","","","","","100","","","","",""
"Skater002UltiLanding","SkaterUltiLanding","","sc/effects_brawler.sc","","","","","GroundHigh","","","","ollie_002_ulti_ground_casting","","100","","","","","100","","","","",""
"Skater002UltiTaunt","SkaterUltiTaunt","","sc/effects_brawler.sc","","","","","GroundHigh","","","","ollie_002_ulti_ground","","100","","","","","100","","","","",""
"Skater003UltiLanding","SkaterUltiLanding","","sc/effects_brawler.sc","","","","","GroundHigh","","","","ollie_003_ulti_ground_casting","","100","","","","","100","","","","",""
"Skater003UltiTaunt","SkaterUltiTaunt","","sc/effects_brawler.sc","","","","","GroundHigh","","","","ollie_003_ulti_ground","","100","","","","","100","","","","",""
"SkaterGadgetTaunt","SkaterGadgetTaunt","","sc/effects_brawler2.sc","","","","","GroundHigh","","","","ollie_def_ulti_ground_gadget","","100","","","","","100","","","","",""
"PayloadSingleMoveArea","PayloadSingleMoveArea","","sc/effects_brawler.sc","area_mode_gift","payload_area_mode_blue","payload_area_mode_blue","","GroundHigh","","","","","","100","","","","","175","","","","",""
"MeepleRageQuitArea","MeepleRageQuitArea","","sc/effects.sc","","","","","GroundHigh","","","","meeple_def_ragequit_ground","","100","","","","","100","","","","",""
"FishTankOverchargedAreaEffect","FishTankOverchargedAreaEffect","","sc/effects.sc","","","","","GroundHigh","","","","","","100","","","","","100","","","","",""
"Bo_def_overcharged_ulti1_area","Bo_def_overcharged_ulti1_area","","sc/effects.sc","","","","","GroundHigh","","","","bo_def_oc_ulti1_explosion","","100","","","","","70","","","","",""
"Bo_def_overcharged_ulti2_area","Bo_def_overcharged_ulti2_area","","sc/effects.sc","","","","","GroundHigh","","","","bo_def_oc_ulti2_explosion","","100","","","","","133","","","","",""
"MinigunOverchargedHealingStationHeal","MinigunOverchargedHealingStationHeal","","sc/effects_brawler.sc","","","","","GroundHigh","","","","pam_def_oc_ulti_area_active","pam_def_oc_ulti_area_loop","100","","","","","125","","","","",""
"MinigunOverchargedInstantHeal","MinigunOverchargedInstantHeal","","sc/effects.sc","","","","","GroundHigh","","","","gadget_pam_healburst","","100","","","","","125","","","","",""
"WhirlwindOverchargedAreaEffect","WhirlwindOverchargedAreaEffect","","sc/effects_brawler.sc","","","","","GroundHigh","","","","carl_def_oc_ground_fire","","","","","","","25","","","","",""
"ChronomancerUltiTimebend","ChronomancerUltiTimebend","","sc/effects_brawler_finx.sc","finx_def_ulti_area","finx_def_ulti_area","finx_def_ulti_area_red","","GroundHigh","","","","","finx_def_ulti_area_loop","100","","","","","100","","","","",""
"ChronomancerNanoPower","ChronomancerNanoPower","","sc/effects_brawler_finx.sc","finx_def_ulti_area","finx_def_ulti_area","finx_def_ulti_area_red","","GroundHigh","","","","","finx_def_ulti_area_loop","100","","","","","100","","","","",""
"ChronomancerOverchargedUltiTimebend","ChronomancerOverchargedUltiTimebend","","sc/effects_brawler_finx.sc","finx_def_oc_ulti_area","finx_def_oc_ulti_area","finx_def_oc_ulti_area_red","","GroundHigh","","","","","finx_def_oc_ulti_area_loop","100","","","","","100","","","","",""
"Chronomancer002UltiTimebend","ChronomancerUltiTimebend","","sc/effects_brawler_finx.sc","finx_002_ulti_area","finx_002_ulti_area","finx_002_ulti_area_red","","GroundHigh","","","","","finx_002_ulti_area_loop","100","","","","","100","","","","",""
"Chronomancer003UltiTimebend","ChronomancerUltiTimebend","","sc/effects_brawler_finx.sc","finx_003_ulti_area","finx_003_ulti_area","finx_003_ulti_area_red","","GroundHigh","","","","","finx_003_ulti_area_loop","100","","","","","100","","","","",""
"SoulCollectorOverchargedPushback","SoulCollectorOverchargedPushback","","sc/effects.sc","","","","","GroundHigh","","","","gus_def_ulti_area","","100","","","","","235","","","","",""
"SoulCollectorOverchargedAreaEffect","SoulCollectorOverchargedAreaEffect","","sc/effects_brawler.sc","","","","","GroundHigh","","","","","","100","","","","","100","","","","",""
"MorningstarFireGadgetArea","MorningstarFireGadgetArea","","sc/effects_brawler_lumi.sc","lumi_def_gadget1_fire_ring","lumi_def_gadget1_fire_ring","lumi_def_gadget1_fire_ring_red","","GroundHigh","","","","lumi_def_gadget_01","","100","","","","","55","","","","",""
"MorningstarIceGadgetArea","MorningstarIceGadgetArea","","sc/effects_brawler_lumi.sc","lumi_def_gadget2_ice_ground","lumi_def_gadget2_ice_ground","lumi_def_gadget2_ice_ground_red","","GroundHigh","","","","lumi_def_gadget_02","","100","","","","","160","","","","",""
"MorningstarUltiArea1","MorningstarUltiArea1","","sc/effects_brawler.sc","","","","","GroundHigh","","","","lumi_def_ulti_explosion_01","","","","","","","60","","","","",""
"MorningstarUltiArea2","MorningstarUltiArea2","","sc/effects_brawler.sc","","","","","GroundHigh","","","","lumi_def_ulti_explosion_02","","","","","","","89","","","","",""
"MorningstarUltiArea3","MorningstarUltiArea3","","sc/effects_brawler.sc","","","","","GroundHigh","","","","lumi_def_ulti_explosion_03","","","","","","","122","","","","",""
"MorningstarUltiArea1Overcharged","MorningstarUltiArea1","","sc/effects_brawler.sc","","","","","GroundHigh","","","","lumi_def_oc_ulti_explosion_01","","","","","","","60","","","","",""
"MorningstarUltiArea2Overcharged","MorningstarUltiArea2","","sc/effects_brawler.sc","","","","","GroundHigh","","","","lumi_def_oc_ulti_explosion_02","","","","","","","89","","","","",""
"MorningstarUltiArea3Overcharged","MorningstarUltiArea3","","sc/effects_brawler.sc","","","","","GroundHigh","","","","lumi_def_oc_ulti_explosion_03","","","","","","","122","","","","",""
"MorningstarUltiArea3StatusEffect","MorningstarUltiArea3StatusEffect","","sc/effects_brawler.sc","","","","","GroundHigh","","","","","","","","","","","","","","","",""
"MorningstarUltiArea1SP","MorningstarUltiArea1SP","","sc/effects_brawler_lumi.sc","lumi_def_gadget1_fire_ring","lumi_def_gadget1_fire_ring","lumi_def_gadget1_fire_ring_red","","GroundHigh","","","","lumi_def_sp1_01","","","","","","","25","","","","",""
"MorningstarUltiArea2SP","MorningstarUltiArea2SP","","sc/effects_brawler_lumi.sc","lumi_def_gadget1_fire_ring","lumi_def_gadget1_fire_ring","lumi_def_gadget1_fire_ring_red","","GroundHigh","","","","lumi_def_sp1_02","","","","","","","41","","","","",""
"MorningstarUltiArea3SP","MorningstarUltiArea3SP","","sc/effects_brawler_lumi.sc","lumi_def_gadget1_fire_ring","lumi_def_gadget1_fire_ring","lumi_def_gadget1_fire_ring_red","","GroundHigh","","","","lumi_def_sp1_03","","","","","","","62","","","","",""
"Morningstar002UltiArea1","MorningstarUltiArea1","","sc/effects_brawler_lumi.sc","","","","","GroundHigh","","","","lumi_002_ulti_explosion_01","","","","","","","60","","","","",""
"Morningstar002UltiArea2","MorningstarUltiArea2","","sc/effects_brawler_lumi.sc","","","","","GroundHigh","","","","lumi_002_ulti_explosion_02","","","","","","","89","","","","",""
"Morningstar002UltiArea3","MorningstarUltiArea3","","sc/effects_brawler_lumi.sc","","","","","GroundHigh","","","","lumi_002_ulti_explosion_03","","","","","","","122","","","","",""
"Morningstar003UltiArea1","MorningstarUltiArea1","","sc/effects_brawler_lumi.sc","","","","","GroundHigh","","","","lumi_003_ulti_explosion_01","","","","","","","60","","","","",""
"Morningstar003UltiArea2","MorningstarUltiArea2","","sc/effects_brawler_lumi.sc","","","","","GroundHigh","","","","lumi_003_ulti_explosion_02","","","","","","","89","","","","",""
"Morningstar003UltiArea3","MorningstarUltiArea3","","sc/effects_brawler_lumi.sc","","","","","GroundHigh","","","","lumi_003_ulti_explosion_03","","","","","","","122","","","","",""
"UnoScore","UnoScore","","sc/effects.sc","","","","","GroundHigh","","","","uno_score","","100","","","","","100","","","","",""
"UnoCardSpawn","UnoCardSpawn","","sc/effects.sc","power_area_effect_blue","power_area_effect_blue","power_area_effect_blue","","GroundHigh","","","","","","100","","","","","40","","","","",""
"Mspawn","Mspawn","","sc/effects_brawler.sc","","","","","object","","","","","","100","","","","","90","true","","","",""
"UnoSkip","UnoSkip","","sc/effects.sc","","","","","GroundHigh","","","","uno_player_effect_skip","","100","","","","","100","","","","",""
"UnoDrawTwo","UnoDrawTwo","","sc/effects.sc","","","","","GroundHigh","","","","uno_player_effect_draw2","","100","","","","","100","","","","",""
"FinxTeleport","Bo_def_ulti1_area","","sc/effects.sc","","","","","GroundHigh","","","","finx_def_gadget_teleport","","100","","","","","70","","","","",""
"ChronomancerTimeRewindLocation","ChronomancerTimeRewindLocation","","sc/effects.sc","","","","","GroundHigh","","","","","finx_def_gadget_indicator","100","","","","","50","","","","",""
"ColtRankedSpawn","HeroSpawn","","sc/effects_brawler_colt.sc","","","","","GroundHigh","","","","colt_011_spawn","","100","","","","","100","","","","",""
"ChronomanceUltiDurationIncreasePulse","ChronomanceUltiDurationIncreasePulse","","sc/effects_brawler_finx.sc","","","","","GroundHigh","","","","finx_def_ulti_area_pulse","","100","","","","","100","","","","",""
"Chronomance002UltiDurationIncreasePulse","ChronomanceUltiDurationIncreasePulse","","sc/effects_brawler_finx.sc","","","","","GroundHigh","","","","finx_002_ulti_area_pulse","","100","","","","","100","","","","",""
"MinionSpawnArea","MinionSpawnArea","","sc/effects_brawler.sc","minion_spawn_area","minion_spawn_area","minion_spawn_area","minion_spawn_area","GroundHigh","","","","","","100","","","","","180","","","","",""
"MinionSpawnCapture","MinionSpawnCapture","","sc/effects_brawler.sc","","","","","GroundHigh","","","","mode_koh_capturing","","100","","true","","","100","","","","",""
"MinionSpawnGauge","MinionSpawnGauge","","sc/effects_brawler.sc","minion_spawn_gauge","minion_spawn_gauge","minion_spawn_gauge","","GroundHigh","","","","minion_spawn_ring","","100","","","4","","180","","","","",""
"MinionSpawnComplete","MinionSpawnComplete","","sc/effects_brawler.sc","","","","","GroundHigh","","","","mode_koh_captured","mode_koh_complete","100","","","","","100","","","","",""
"AlternatorHealAura","AlternatorHealAura","","sc/effects_brawler.sc","","","","","GroundHigh","","","","jaeyong_def_ulti","","100","","","","","100","","","","",""
"AlternatorHealAura002","AlternatorHealAura","","sc/effects_brawler.sc","","","","","GroundHigh","","","","jaeyong_002_ulti","","100","","","","","100","","","","",""
"AlternatorSpeedAura","AlternatorSpeedAura","","sc/effects_brawler.sc","","","","","GroundHigh","","","","jaeyong_def_ulti2","","100","","","","","100","","","","",""
"AlternatorSpeedAura002","AlternatorSpeedAura","","sc/effects_brawler.sc","","","","","GroundHigh","","","","jaeyong_002_ulti2","","100","","","","","100","","","","",""
"AlternatorDamageAura","AlternatorDamageAura","","sc/effects_brawler.sc","","","","","GroundHigh","","","","jaeyong_def_gadget1_area","","100","","","","","122","","","","",""
"AlternatorSlowAura","AlternatorSlowAura","","sc/effects_brawler.sc","","","","","GroundHigh","","","","jaeyong_def_gadget2_area","","100","","","","","100","","","","",""
"AlternatorProjectileSpeedTrail","AlternatorProjectileSpeedTrail","","sc/effects_brawler.sc","","","","","GroundHigh","","","","jaeyong_def_atk2_trail","","100","","","","","20","","","","",""
"AlternatorProjectileSpeedTrail002","AlternatorProjectileSpeedTrail","","sc/effects_brawler.sc","","","","","GroundHigh","","","","jaeyong_002_atk2_trail","","100","","","","","20","","","","",""
"AlternatorProjectileSlowTrail","AlternatorProjectileSlowTrail","","sc/effects_brawler.sc","","","","","GroundHigh","","","","jaeyong_def_gadget2_trail","","100","","","","","20","","","","",""
"AlternatorHealAuraOvercharged","AlternatorHealAuraOvercharged","","sc/effects_brawler.sc","","","","","GroundHigh","","","","jaeyong_def_oc_ulti","","100","","","","","100","","","","",""
"AlternatorSpeedAuraOvercharged","AlternatorSpeedAuraOvercharged","","sc/effects_brawler.sc","","","","","GroundHigh","","","","jaeyong_def_oc_ulti2","","100","","","","","100","","","","",""
"AlternatorSpeedFromCloseAlliesArea","AlternatorSpeedFromCloseAlliesArea","","sc/effects_brawler.sc","range_dashed","range_dashed","range_dashed_red","","GroundHigh","","","","","","100","","","","","100","","","","",""
"MinionSpawnKaijuGauge","MinionSpawnKaijuGauge","","sc/effects_brawler.sc","minion_spawn_gauge","minion_spawn_gauge","minion_spawn_gauge","","GroundHigh","","","","","","100","","","4","","180","","","","",""
"PainterAreaEffectMutant","PainterAreaEffectMutant","","sc/effects_brawler.sc","berry_def_atk_ground","berry_def_atk_ground","berry_def_atk_ground_red","","GroundHigh","","","","berry_def_ulti_hit_small","","100","","","","2","45","true","","","",""
"PainterAreaEffectEndMutant","PainterAreaEffectEndMutant","","sc/effects.sc","","","","","GroundHigh","","","","berry_def_atk_ground_end","","100","","","","","75","","","","",""
"GeishaWeakSpotAttack","GeishaWeakSpotAttack","","sc/effects_brawler2.sc","","","","","Above","","","","","","100","","","","3","250","","","","",""
"GeishaStormVisibility","GeishaStormVisibility","","sc/effects_brawler_kaze.sc","kaze_def_ulti_area","kaze_def_ulti_area","kaze_def_ulti_area_red","","GroundHigh","","","","kaze_def_ulti_loop","","100","","","","","100","","","","",""
"GeishaStormDamage","GeishaStormDamage","","sc/effects.sc","","","","","GroundHigh","","","","","","100","","","","","100","","","","",""
"GeishaStormLoseAmmo","GeishaStormLoseAmmo","","sc/effects.sc","","","","","GroundHigh","","","","","","100","","","","","100","","","","",""
"GeishaStormVisibilityOvercharged","GeishaStormVisibilityOvercharged","","sc/effects_brawler_kaze.sc","kaze_def_oc_ulti_area","kaze_def_oc_ulti_area","kaze_def_oc_ulti_area_red","","GroundHigh","","","","kaze_def_oc_ulti_loop","","100","","","","","100","","","","",""
"GeishaStormOverchargedCenterDamage","GeishaStormOverchargedCenterDamage","","sc/effects.sc","","","","","GroundHigh","","","","","","100","","","","","100","","","","",""
"GeishaTransformedMarkExplosionSP","GeishaTransformedMarkExplosionSP","","sc/effects_brawler.sc","","","","","GroundHigh","","","","kaze_def_ulti2_mark_sp_explosion","","","","","","","100","","","","",""
"GeishaTransformedMarkExplosionSPOvercharged","GeishaTransformedMarkExplosionSP","","sc/effects_brawler.sc","","","","","GroundHigh","","","","kaze_def_oc_ulti2_mark_sp_explosion","","","","","","","100","","","","",""
"GeishaTransformedMarkDamagedOvercharged","GeishaTransformedMarkDamagedOvercharged","","sc/effects.sc","","","","","GroundHigh","","","","kaze_def_oc_ulti2_mark_sp_explosion","","100","","","","","100","","","","",""
"GeishaTransformEffect","GeishaTransformEffect","","sc/effects.sc","","","","","GroundHigh","","","","kaze_def_gadget0","","100","","","","","100","","","","",""
"Geisha002StormVisibility","GeishaStormVisibility","","sc/effects_brawler_kaze.sc","kaze_002_ulti_area","kaze_002_ulti_area","kaze_002_ulti_area_red","","GroundHigh","","","","kaze_002_ulti_loop","","100","","","","","100","","","","",""
"Geisha002TransformedMarkExplosionSP","GeishaTransformedMarkExplosionSP","","sc/effects_brawler.sc","","","","","GroundHigh","","","","kaze_002_ulti2_mark_sp_explosion","","","","","","","100","","","","",""
"BarleyMutationAreaEffect","BarleyMutationAreaEffect","","sc/effects.sc","","","","","GroundHigh","","","","barley_def_atk","","100","","","","","55","","","","",""
"GrayMutationArea","GrayMutationArea","","sc/effects.sc","","","","","GroundHigh","","","","","","100","","","","","100","","","","",""
"MrpMutationArea","MrpMutationArea","","sc/effects.sc","","","","","GroundHigh","","","","","","100","","","","","100","","","","",""
"MegaBossAreaIndicatorSmall","MegaBossAreaIndicatorSmall","","sc/effects_brawler.sc","warning_bosskenji_spawn","warning_bosskenji_spawn","warning_bosskenji_spawn","","GroundHigh","","","","","","100","","","","","100","","","","",""
"MegaBossWarning360","MegaBossWarning360","","sc/effects_brawler.sc","warning_bosskenji_spread","warning_bosskenji_spread","warning_bosskenji_spread","","GroundHigh","","","","boss_warning","","100","","","","","400","","","","",""
"MegaKenjiPushBack","MegaKenjiPushBack","","sc/effects_brawler.sc","","","","","GroundHigh","","","","","","100","","","","","165","","","","",""
"MegaKenjiBulletExplosion360","MegaKenjiBulletExplosion360","","sc/effects.sc","","","","","GroundHigh","","","","","","100","","","","","100","","","","",""
"SamuraiSmashSpawn","SamuraiSmashSpawn","","sc/effects.sc","","","","","Above","","","","mode_hold_spawn","","100","","","","","100","","","","",""
"SamuraiSmashSpawnIncoming","SamuraiSmashSpawnIncoming","","sc/effects_brawler.sc","warning_bosskenji_spawn","warning_bosskenji_spawn","warning_bosskenji_spawn","","GroundHigh","","","","meteor_warning","","100","","","","","100","","","","",""
"SamuraiSmashSpawnIncomingBoss","SamuraiSmashSpawnIncomingBoss","","sc/effects_brawler.sc","warning_bosskenji_spawn","warning_bosskenji_spawn","warning_bosskenji_spawn","","GroundHigh","","","","boss_warning","","100","","","","","200","","","","",""
"PercenterAreaEffectMutant","PercenterAreaEffectMutant","","sc/effects.sc","","","","","GroundHigh","","","","","","100","","","","","100","","","","",""
"SamuraiSpawnExplosion","SamuraiSpawnExplosion","","sc/effects.sc","","","","","GroundHigh","","","","explosion_generic_small","","100","","","","","100","","","","",""
"HeistSafePushback","HeistSafePushback","","sc/effects_brawler.sc","","","","","GroundHigh","","","","mode_heist_push","","100","","","","","350","","","","",""
"MegaKenjiBulletExplosion3602","MegaKenjiBulletExplosion3602","","sc/effects.sc","","","","","GroundHigh","","","","","","100","","","","","100","","","","",""
"MegaKenjiBulletExplosion3603","MegaKenjiBulletExplosion3603","","sc/effects.sc","","","","","GroundHigh","","","","","","100","","","","","100","","","","",""
"MegaKenjiBulletExplosion3604","MegaKenjiBulletExplosion3604","","sc/effects.sc","","","","","GroundHigh","","","","","","100","","","","","100","","","","",""
"SamuraiItemPickup","SamuraiItemPickup","","sc/effects.sc","","","","","Above","","","","mode_pickup_pole","","100","","","","","100","","","","",""
"DemonicAreaEffect","DemonicAreaEffect","","sc/effects_brawler.sc","","","","","GroundHigh","","","","toy_demon_small_explosion","","100","","","","","165","","","","",""
"AngelicAreaEffect","AngelicAreaEffect","","sc/effects_brawler.sc","","","","","GroundHigh","","","","toy_angel_rebirth_push","","100","","","","","165","","","","",""
"DemonicBulletAreaEffect","DemonicBulletAreaEffect","","sc/effects.sc","","","","","GroundHigh","","","","","","100","","","","","100","","","","",""
"StalkerWeaponJumpArea","StalkerWeaponJumpArea","","sc/effects.sc","","","","","GroundHigh","","","","alli_def_atk2_area","","100","","","","1","100","","","","",""
"Stalker002WeaponJumpArea","StalkerWeaponJumpArea","","sc/effects.sc","","","","","GroundHigh","","","","alli_002_atk2_area","","100","","","","1","100","","","","",""
"DomainDamageArea","DomainDamageArea","","sc/effects.sc","","","","","GroundHigh","","","","trunk_def_atk_area","","100","","","","","100","","","","",""
"DomainDamageWarningArea","DomainDamageWarningArea","","sc/effects_brawler_trunk.sc","trunk_def_atk_area_casting","trunk_def_atk_area_casting","trunk_def_atk_area_casting_red","","GroundHigh","","","","","","100","","","","","100","","","","",""
"DomainOwnedArea","DomainOwnedArea","","sc/effects_brawler_trunk.sc","trunk_def_atk_domain","trunk_def_atk_domain_ally","trunk_def_atk_domain_red","","GroundHigh","","","","trunk_def_atk_domain","","100","","true","","2","60","","","","",""
"DomainOwnedAreaBig","DomainOwnedAreaBig","","sc/effects_brawler_trunk.sc","trunk_def_gadget1_domain","trunk_def_gadget1_domain_ally","trunk_def_gadget1_domain_red","","GroundHigh","","","","trunk_def_gadget1_domain","","100","","","","2","100","","","","",""
"Domain002DamageArea","DomainDamageArea","","sc/effects.sc","","","","","GroundHigh","","","","trunk_002_atk_area","","100","","","","","100","","","","",""
"Domain002DamageWarningArea","DomainDamageWarningArea","","sc/effects_brawler_trunk.sc","trunk_def_atk_area_casting","trunk_def_atk_area_casting","trunk_def_atk_area_casting_red","","GroundHigh","","","","","","100","","","","","100","","","","",""
"Domain002OwnedArea","DomainOwnedArea","","sc/effects_brawler_trunk.sc","trunk_002_atk_domain","trunk_002_atk_domain_ally","trunk_002_atk_domain_red","","GroundHigh","","","","trunk_002_atk_domain","","100","","true","","2","60","","","","",""
"Domain002OwnedAreaBig","DomainOwnedAreaBig","","sc/effects_brawler_trunk.sc","trunk_def_gadget1_domain","trunk_def_gadget1_domain_ally","trunk_def_gadget1_domain_red","","GroundHigh","","","","trunk_def_gadget1_domain","","100","","","","2","100","","","","",""
"DemonicAreaEffectFire","DemonicAreaEffectFire","","sc/effects_brawler.sc","","","","","GroundHigh","","","","toy_demon_area_ground","","100","","","","","28","","","","",""
"AngelicBulletAreaEffect","AngelicBulletAreaEffect","","sc/effects.sc","","","","","GroundHigh","","","","toy_angel_rebirth_push","","100","","","","","100","","","","",""
"DodgeballScore","DodgeballScore","","sc/effects.sc","","","","","GroundHigh","","","","dodgeball_score","","100","","","","","100","","","","",""
"TrainModeAreaEffect","TrainModeAreaEffect","","sc/effects_brawler.sc","","","","","GroundHigh","","","","subway_skill_hoverboard_ground","","100","","","","","100","","","","",""
"OutOfLineArea","OutOfLineArea","","sc/effects_brawler.sc","","","","","GroundHigh","","","","surbway_hurdle_spawn","","100","","","","","100","","","","",""
"SuperSneakersSpeed","SuperSneakersSpeed","","sc/effects.sc","","","","","GroundHigh","","","","","","100","","","","","100","","","","",""
"TrailRunWaypointActivation","TrailRunWaypointActivation","","sc/effects.sc","","","","","GroundHigh","","","","trailrun_waypoint_activation","","100","","","","","100","","","","",""
"OutOfLineArea_lvl3","OutOfLineArea_lvl3","","sc/effects_brawler.sc","","","","","GroundHigh","","","","surbway_hurdle_spawn","","100","","","","","100","","","","",""
"FuryWarning","FuryWarning","","sc/effects_brawler.sc","","","","","GroundHigh","","","","ziggy_def_atk_warning","","100","","","","","100","","","","",""
"FuryWarningCrit","FuryWarningCritLogic","","sc/effects_brawler.sc","","","","","GroundHigh","","","","ziggy_def_atk_warning_crit","","100","","","","","100","","","","",""
"FuryExplosion","FuryExplosion","","sc/effects.sc","","","","","GroundHigh","","","","ziggy_def_atk_explode","","100","","","","","100","","","","",""
"FuryUltiArea","FuryUltiArea","","sc/effects_brawler_ziggy.sc","ziggy_def_ulti_plazma_ground","ziggy_def_ulti_plazma_ground","ziggy_def_ulti_plazma_ground_red","","GroundHigh","","","","","ziggy_def_ulti_storm","100","ziggy_def_ulti_hit","TRUE","","","100","","","","",""
"FuryOverchargedUltiArea","FuryOverchargedUltiArea","","sc/effects_brawler_ziggy.sc","ziggy_def_oc_ulti_plazma_ground","ziggy_def_oc_ulti_plazma_ground","ziggy_def_oc_ulti_plazma_ground_red","","GroundHigh","","","","","ziggy_def_oc_ulti_storm","100","ziggy_def_oc_ulti_hit","TRUE","","","100","","","","",""
"FuryGadgetTeleport","FuryGadgetTeleport","","sc/effects.sc","","","","","GroundHigh","","","","ziggy_def_gadget1_teleport","","100","","","","","70","","","","",""
"Fury002Warning","FuryWarning","","sc/effects_brawler.sc","","","","","GroundHigh","","","","ziggy_002_atk_warning","","100","","","","","100","","","","",""
"Fury002WarningCrit","FuryWarningCritLogic","","sc/effects_brawler.sc","","","","","GroundHigh","","","","ziggy_002_atk_warning_crit","","100","","","","","100","","","","",""
"Fury002Explosion","FuryExplosion","","sc/effects.sc","","","","","GroundHigh","","","","ziggy_002_atk_explode","","100","","","","","100","","","","",""
"Fury002UltiArea","FuryUltiArea","","sc/effects_brawler_ziggy.sc","ziggy_002_ulti_ground","ziggy_002_ulti_ground","ziggy_002_ulti_ground_red","","GroundHigh","","","","","ziggy_002_ulti_storm","100","ziggy_002_ulti_hit","TRUE","","","100","","","","",""
"HealBoomBox","HealBoomBox","","sc/effects.sc","","","","","GroundHigh","","","","pam_def_ulti_area_active","subway_skill_stereoblast_heal","100","","","","","125","","","","",""
"PushbackBoomBox","PushbackBoomBox","","sc/effects.sc","","","","","GroundHigh","","","","subway_skill_stereoblast_wave","","100","","","","","70","","","","",""
"PushbackBoomBoxLvL3","PushbackBoomBoxLvL3","","sc/effects.sc","","","","","GroundHigh","","","","subway_skill_stereoblast_wave_lv3","","100","","","","","70","","","","",""
"DancerBlockProjectiles","DancerBlockProjectiles","","sc/effects_brawler.sc","","","","","GroundHigh","","","","mina_def_gadget1_active","mina_def_gadget1","100","","","","","100","","","","",""
"RogueliteDancerBlockProjectiles","RogueliteDancerBlockProjectiles","","sc/effects_brawler.sc","","","","","GroundHigh","","","","mina_def_gadget1_active","mina_def_gadget1","80","","","","","100","","","","",""
"DancerBlockProjectilesNanoPower","DancerBlockProjectiles","","sc/effects_brawler.sc","","","","","GroundHigh","","","","mina_def_gadget1_active","mina_def_gadget1","150","","","","","150","","","","",""
"CollectionEventModifierSpawn","CollectionEventModifierSpawn","","sc/effects.sc","power_area_effect_blue","power_area_effect_blue","power_area_effect_blue","","GroundHigh","","","","powerup_indicator","","100","","","","","40","","","","",""
"MegaBossCactusSpikeExplosion","MegaBossCactusSpikeExplosion","","sc/effects.sc","","","","","GroundHigh","","","","","","100","","","","","100","","","","",""
"MegaTrickshotDude360PushAwayBullet","MegaTrickshotDude360PushAwayBullet","","sc/effects.sc","","","","","GroundHigh","","","","","","100","","","","","100","","","","",""
"MegaTrickshotDude360PushAwayArea","MegaTrickshotDude360PushAwayArea","","sc/effects.sc","","","","","GroundHigh","","","","bo_def_ulti2_explosion","","100","","","","","133","","","","",""
"MegaTrickshotDude360Madness","MegaTrickshotDude360Madness","","sc/effects.sc","","","","","GroundHigh","","","","","","100","","","","","100","","","","",""
"MegaTrickshotDude360Madness2","MegaTrickshotDude360Madness2","","sc/effects.sc","","","","","GroundHigh","","","","","","100","","","","","100","","","","",""
"MegaTrickshotDude360Madness3","MegaTrickshotDude360Madness3","","sc/effects.sc","","","","","GroundHigh","","","","","","100","","","","","100","","","","",""
"MegaTrickshotDude360Madness4","MegaTrickshotDude360Madness4","","sc/effects.sc","","","","","GroundHigh","","","","","","100","","","","","100","","","","",""
"SubwayTrainRushProjectileSpeedTrail","SubwayTrainRushProjectileSpeedTrail","","sc/effects_brawler.sc","","","","","GroundHigh","","","","subway_skill_trainrush_twinkle","","100","","","","","20","","","","",""
"MegaBossCrowJumpKnifes","MegaBossCrowJumpKnifes","","sc/effects.sc","","","","","GroundHigh","","","","","","100","","","","","100","","","","",""
"MegaBossCrowSwamp","MegaBossCrowSwamp","","sc/effects.sc","","","","","GroundHigh","","","","mega_crow_swamp_small","","100","","","","","45","","","","",""
"MegaBossCrowSwampStatus","MegaBossCrowSwampStatus","","sc/effects.sc","","","","","GroundHigh","","","","mega_crow_swamp_small","","100","","","","","45","","","","",""
"MegaBossCrowSwampLarge","MegaBossCrowSwampLarge","","sc/effects.sc","","","","","GroundHigh","","","","mega_crow_swamp_large","","100","","","","","90","","","","",""
"MegaBossCrowSwampStatusLarge","MegaBossCrowSwampStatusLarge","","sc/effects.sc","","","","","GroundHigh","","","","mega_crow_swamp_large","","100","","","","","90","","","","",""
"MegaBossCrowUltiIndicator","MegaBossCrowUltiIndicator","","sc/effects_brawler.sc","warning_bosskenji_spawn","warning_bosskenji_spawn","warning_bosskenji_spawn","","GroundHigh","","","","","","100","","","","","200","","","","",""
"MegaBossCrowJumpKnifesSmall","MegaBossCrowJumpKnifesSmall","","sc/effects.sc","","","","","GroundHigh","","","","crow_009_ulti","","100","","","","","100","","","","",""
"MegaBossCrowJumpKnifesPushAway","MegaBossCrowJumpKnifesPushAway","","sc/effects.sc","","","","","GroundHigh","","","","","","100","","","","","100","","","","",""
"MegaBossCrowJumpKnifesPushAwayArea","MegaBossCrowJumpKnifesPushAwayArea","","sc/effects.sc","","","","","GroundHigh","","","","bo_def_ulti2_explosion","","100","","","","","133","","","","",""
"MegaBossCrowJumpKnifesExplode","MegaBossCrowJumpKnifesExplode","","sc/effects.sc","","","","","GroundHigh","","","","bo_def_ulti2_explosion","","100","","","","","150","","","","",""
"MegaTickPushAwayArea","MegaTickPushAwayArea","","sc/effects.sc","","","","","GroundHigh","","","","bo_def_ulti2_explosion","","100","","","","","133","","","","",""
"MegaTickPushAwayBoom","MegaTickPushAwayBoom","","sc/effects.sc","","","","","GroundHigh","","","","tick_009_atk1_explode_red","","100","","","","","100","","","","",""
"MegaBossClusterBombExplosion","MegaBossClusterBombExplosion","","sc/effects.sc","","","","","GroundHigh","","","","tick_009_atk1_explode_red","","100","","","","","100","","","","",""
"MegaBossClusterBombExplosion2","MegaBossClusterBombExplosion2","","sc/effects.sc","","","","","GroundHigh","","","","tick_009_atk1_explode_red","","100","","","","","100","","","","",""
"MegaBossClusterBombPetExplosion","MegaBossClusterBombPetExplosion","","sc/effects.sc","","","","","GroundHigh","","","","bo_def_ulti2_explosion","","100","","","","","100","","","","",""
"MegaBossClusterBombPetExplosionMid","MegaBossClusterBombPetExplosionMid","","sc/effects.sc","","","","","GroundHigh","","","","bo_def_ulti2_explosion","","100","","","","","125","","","","",""
"MegaBossClusterBombPetExplosionLarge","MegaBossClusterBombPetExplosionLarge","","sc/effects.sc","","","","","GroundHigh","","","","bo_def_ulti2_explosion","","100","","","","","150","","","","",""
"MegaTickMeteorite","MegaTickMeteorite","","sc/effects_brawler_tick.sc","tick_009_boss_meteor_target_red","tick_009_boss_meteor_target_red","tick_009_boss_meteor_target_red","","GroundHigh","tick_009_boss_pumpkin_prj","tick_009_boss_pumpkin_prj","","tick_009_boss_candy","","100","","","","","95","","","","",""
"MegaTickMeteoriteExplosion","MegaTickMeteoriteExplosion","","sc/effects.sc","","","","","GroundHigh","","","","tick_009_boss_explosion","","100","","","","","100","","","","",""
"MegaTickSlowArea","MegaTickSlowArea","","sc/effects.sc","","","","","GroundHigh","","","","","gadget_bea_honeypot","100","","","","","70","","","","",""
"MegaSplitterLegsDamageAreaPushAway","MegaSplitterLegsDamageAreaPushAway","","sc/effects.sc","","","","","GroundHigh","","","","rt_005_ulti","","100","","","","","100","","","","",""
"MegaSplitterLegsDamageArea","MegaSplitterLegsDamageArea","","sc/effects.sc","","","","","GroundHigh","","","","rt_005_ulti","","100","","","","","100","","","","",""
"MegaSplitterLegs360","MegaSplitterLegs360","","sc/effects.sc","","","","","GroundHigh","","","","rt_005_ulti","","100","","","","","100","","","","",""
"MegaSplitterLegs360Chain1","MegaSplitterLegs360Chain1","","sc/effects.sc","","","","","GroundHigh","","","","rt_005_ulti","","100","","","","","100","","","","",""
"MegaSplitterLegs360Chain2","MegaSplitterLegs360Chain2","","sc/effects.sc","","","","","GroundHigh","","","","rt_005_ulti","","100","","","","","100","","","","",""
"MegaCactusExplosion","MegaCactusExplosion","","sc/effects.sc","","","","","GroundHigh","","","","spike_009_atk1_explosion","","100","","","","","70","","","","",""
"MegaCactusSpikeExplosion","MegaCactusSpikeExplosion","","sc/effects.sc","","","","","GroundHigh","","","","","","100","","","","","100","","","","",""
"MegaCactusSpikeExplosionSecond","MegaCactusSpikeExplosionSecond","","sc/effects.sc","","","","","GroundHigh","","","","","","100","","","","","100","","","","",""
"MegaCactusSpikeExplosionSecondChain1","MegaCactusSpikeExplosionSecondChain1","","sc/effects.sc","","","","","GroundHigh","","","","","","100","","","","","100","","","","",""
"MegaCactusSpikeExplosionSecondChain2","MegaCactusSpikeExplosionSecondChain2","","sc/effects.sc","","","","","GroundHigh","","","","","","100","","","","","100","","","","",""
"MegaCactusUltiExplosion","MegaCactusUltiExplosion","","sc/effects.sc","","","","","GroundHigh","","","","mega_spike_explosion_small","","100","","","","","119","","","","",""
"MegaCactusUltiExplosionLarge","MegaCactusUltiExplosionLarge","","sc/effects.sc","","","","","GroundHigh","","","","mega_spike_explosion_large","","100","","","","","119","","","","",""
"MegaBossBoomPushAwayArea","MegaBossBoomPushAwayArea","","sc/effects.sc","","","","","GroundHigh","","","","bo_def_ulti2_explosion","","100","","","","","140","","","","",""
"MegaBossCactusPushAwaySpike","MegaBossCactusPushAwaySpike","","sc/effects.sc","","","","","GroundHigh","","","","","","100","","","","","100","","","","",""
"MegaBossCactusPushAwayArea","MegaBossCactusPushAwayArea","","sc/effects.sc","","","","","GroundHigh","","","","bo_def_ulti2_explosion","","100","","","","","133","","","","",""
"PushAwayAreaNanoPower","PushAwayAreaNanoPower","","sc/effects.sc","","","","","GroundHigh","","","","bo_def_ulti2_explosion","","100","","","","","133","","","","",""
"SubwayJetpackDamage","SubwayJetpackDamage","","sc/effects_brawler.sc","","","","","GroundHigh","","","","subway_skill_jetpack_spread","","100","","","","","100","","","","",""
"SubwayJetpackSlow","SubwayJetpackSlow","","sc/effects_brawler.sc","","","","","GroundHigh","","","","subway_skill_jetpack_spread_lv3","","100","","","","","100","","","","",""
"TrailRunWin","TrailRunWin","","sc/effects.sc","","","","","GroundHigh","","","","trailrun_win","","100","","","","","100","","","","",""
"MegaBossCrowMidSizeIndicator","MegaBossCrowMidSizeIndicator","","sc/effects_brawler.sc","warning_bosskenji_spawn","warning_bosskenji_spawn","warning_bosskenji_spawn","","GroundHigh","","","","","","100","","","","","150","","","","",""
"MegaKenjiBulletExplosionPet","MegaKenjiBulletExplosionPet","","sc/effects.sc","","","","","GroundHigh","","","","","","100","","","","","100","","","","",""
"MegaBossCrowJumpKnifesSmallMore","MegaBossCrowJumpKnifesSmallMore","","sc/effects.sc","","","","","GroundHigh","","","","crow_009_ulti","","100","","","","","100","","","","",""
"MegaBossTrickShotDestroyArea","MegaBossTrickShotDestroyArea","","sc/effects.sc","","","","","GroundHigh","","","","boss_explosion_large","","300","","","","","300","","","","",""
"MegaBossIndicatorLarge","MegaBossIndicatorLarge","","sc/effects_brawler.sc","warning_bosskenji_spawn","warning_bosskenji_spawn","warning_bosskenji_spawn","","GroundHigh","","","","","","100","","","","","300","","","","",""
"DaredevilDamageArea","DaredevilDamageArea","","sc/effects.sc","","","","","GroundHigh","","","","","gigi_def_atk_spin_impact","70","gigi_def_atk_spin_hit","","","","70","","","","",""
"DaredevilUltiNoDamageLeave","DaredevilUltiNoDamageLeave","","sc/effects.sc","","","","","GroundHigh","","","","gigi_def_ulti_teleport_up","","100","","","","","70","","","","",""
"DaredevilUltiNoDamageEnter","DaredevilUltiNoDamageEnter","","sc/effects.sc","","","","","GroundHigh","","","","gigi_def_ulti_teleport_down","","100","","","","","70","","","","",""
"DaredevilUltiDamage","DaredevilUltiDamage","","sc/effects_brawler.sc","","","","","GroundHigh","","","","gigi_def_ulti_teleport_damage","","100","","","","","100","","","","",""
"DaredevilUltiWarning","DaredevilUltiWarning","","sc/effects_brawler.sc","","","","","GroundHigh","","","","gigi_def_ulti_teleport_mark","","100","","TRUE","","","100","","","","",""
"DaredevilGadgetHide","DaredevilGadgetHide","","sc/effects_brawler_gigi.sc","gigi_def_gadget2_area","gigi_def_gadget2_area","gigi_def_gadget2_area_red","","GroundHigh","","","","gigi_def_gadget2","","100","","TRUE","","","100","","","","",""
"DaredevilSuperChargeArea","DaredevilSuperChargeArea","","sc/effects_brawler.sc","range_dashed","range_dashed","range_dashed_red","","GroundHigh","","","","","","100","","","","","56","","","","",""
"DaredevilSuperChargeAreaGadget","DaredevilSuperChargeAreaGadget","","sc/effects_brawler.sc","range_dashed","range_dashed","range_dashed_red","","GroundHigh","","","","","","100","","","","","110","","","","",""
"Daredevil002DamageArea","DaredevilDamageArea","","sc/effects.sc","","","","","GroundHigh","","","","","gigi_002_atk_spin_impact","70","gigi_002_atk_spin_hit","","","","70","","","","",""
"Daredevil002UltiNoDamageLeave","DaredevilUltiNoDamageLeave","","sc/effects.sc","","","","","GroundHigh","","","","gigi_002_ulti_teleport_up","","100","","","","","70","","","","",""
"Daredevil002UltiNoDamageEnter","DaredevilUltiNoDamageEnter","","sc/effects.sc","","","","","GroundHigh","","","","gigi_002_ulti_teleport_down","","100","","","","","70","","","","",""
"Daredevil002UltiDamage","DaredevilUltiDamage","","sc/effects_brawler.sc","","","","","GroundHigh","","","","gigi_002_ulti_teleport_damage","","100","","","","","100","","","","",""
"Daredevil002UltiWarning","DaredevilUltiWarning","","sc/effects_brawler.sc","","","","","GroundHigh","","","","gigi_002_ulti_teleport_mark","","100","","TRUE","","","100","","","","",""
"DaredevilOverchargedUltiDamage","DaredevilUltiDamage","","sc/effects_brawler.sc","","","","","GroundHigh","","","","gigi_def_oc_ulti_teleport_damage","","100","","","","","100","","","","",""
"DaredevilOverchargedUltiWarning","DaredevilUltiWarning","","sc/effects_brawler.sc","","","","","GroundHigh","","","","gigi_def_oc_ulti_teleport_mark","","100","","TRUE","","","100","","","","",""
"TankBushGrowArea","TankBushGrowArea","","sc/effects.sc","","","","","GroundHigh","","","","","","100","","","","","170","","25","","",""
"TankBushGrowAreaLarge","TankBushGrowAreaLarge","","sc/effects.sc","","","","","GroundHigh","","","","","","100","","","","","300","","3","","",""
"HealOnMove","HealOnMove","","sc/effects.sc","","","","","GroundHigh","","","","","","100","","","","","100","","","","",""
"BulletstormUltiMarkArea","BulletstormUltiMarkArea","","sc/effects_brawler.sc","","","","","GroundHigh","","","","pierce_def_ulti_area","","100","","","","","100","","","","",""
"BulletstormUltiOverchargedMarkArea","BulletstormUltiOverchargedMarkArea","","sc/effects_brawler.sc","","","","","GroundHigh","","","","pierce_def_oc_area","","100","","","","","100","","","","",""
"BulletstormAccessoryPushback","BulletstormAccessoryPushback","","sc/effects_brawler.sc","","","","","GroundHigh","","","","mode_heist_push","","100","","","","","350","","","","",""
"BulletstormUltiWarning","BulletstormUltiWarning","","sc/effects_brawler.sc","","","","","GroundHigh","","","","pierce_def_ulti_area_warning","","100","","","","","200","","","","",""
"BulletstormUltiOverchargedWarning","BulletstormUltiOverchargedWarning","","sc/effects_brawler.sc","","","","","GroundHigh","","","","pierce_def_oc_area_warning","","100","","","","","200","","","","",""
"Bulletstorm002UltiMarkArea","BulletstormUltiMarkArea","","sc/effects_brawler.sc","","","","","GroundHigh","","","","pierce_002_ulti_area","","100","","","","","100","","","","",""
"Bulletstorm002UltiWarning","BulletstormUltiWarning","","sc/effects_brawler.sc","","","","","GroundHigh","","","","pierce_002_ulti_area_warning","","100","","","","","200","","","","",""
"KnockBackReceivingDmg","KnockBackReceivingDmg","","sc/effects.sc","","","","","GroundHigh","","","","gadget_gene_push","","100","","","","","100","","","","",""
"ControllerVisionArea","ControllerVisionArea","","sc/effects_brawler.sc","","","","","GroundHigh","","","","","","100","","","","","240","","","","",""
"OnHitSpeedyUpArea","OnHitSpeedyUpArea","","sc/effects_brawler.sc","","","","","GroundHigh","","","","speedup_active","","100","","","","","20","","","","",""
"OnHitSpeedyUpAreaEffectOnly","OnHitSpeedyUpAreaEffectOnly","","sc/effects_brawler.sc","","","","","GroundHigh","","","","speedup_active","","100","","","","","40","","","","",""
"OnHitSpeedyUpArea_StarNovaAmber","OnHitSpeedyUpArea_StarNovaAmber","","sc/effects_brawler.sc","","","","","GroundHigh","","","","speedup_active","","100","","","","","20","","","","",""
"OnHitSpeedyUpArea_MaxNanoPower","OnHitSpeedyUpArea_MaxNanoPower","","sc/effects_brawler.sc","","","","","GroundHigh","","","","speedup_active","","100","","","","","20","","","","",""
"OnHitSpeedyUpArea_SamNanoPower","OnHitSpeedyUpArea_SamNanoPower","","sc/effects_brawler.sc","","","","","GroundHigh","","","","speedup_active","","100","","","","","20","","","","",""
"OnGadgetSpeedyUpArea","OnGadgetSpeedyUpArea","","sc/effects_brawler.sc","","","","","GroundHigh","","","","speedup_active","","100","","","","","100","","","","",""
"OnKillHealArea","OnKillHealArea","","sc/effects_brawler.sc","","","","","GroundHigh","","","","jaeyong_def_ulti","","100","","","","","100","","","","",""
"MegaBossDgPushBack","MegaBossDgPushBack","","sc/effects_brawler.sc","","","","","GroundHigh","","","","","","100","","","","","165","","","","",""
"MegaBossDgDamageArea","MegaBossDgDamageArea","","sc/effects.sc","","","","","GroundHigh","","","","doug_def_atk_area","","100","","","","","100","","","","",""
"MegaBossDgSpawnBullets","MegaBossDgSpawnBullets","","sc/effects.sc","","","","","GroundHigh","","","","","","100","","","","","100","","","","",""
"MegaBossVecPushBack","MegaBossVecPushBack","","sc/effects_brawler.sc","","","","","GroundHigh","","","","","","100","","","","","165","","","","",""
"MegaBossVecBigBlackhole","MegaBossVecBigBlackhole","","sc/effects.sc","range450_blue","range450_blue","range450_red","","GroundHigh","","","","boss_vecna_blackhole_center","","100","","","","","483","","","","",""
"MegaBossVecFreezeArea","MegaBossVecFreezeArea","","sc/effects.sc","","","","","GroundHigh","","","","","","100","","","","","100","","","","",""
"MegaBossVecFreezeExplosion","MegaBossVecFreezeExplosion","","sc/effects.sc","range450_blue","range450_blue","range450_red","","GroundHigh","","","","blackhole_ulti_damage","","100","","","","","100","","","","",""
"MegaBossFrankStunArea","MegaBossFrankStunArea","","sc/effects_brawler.sc","","","","","GroundHigh","","","","","","100","","","","","720","","","","",""
"MegaBossFrankStunIndicator","MegaBossFrankStunIndicator","","sc/effects.sc","range450_red","range450_red","range450_red","","GroundHigh","","","","","","100","","","","","720","","","","",""
"MegaBossFrankFireArea","MegaBossFrankFireArea","","sc/effects_brawler.sc","fireball_ground","fireball_ground","fireball_ground_red","","GroundHigh","","","","frank_boss_aoe_red","","100","","","","","50","","","","",""
"OneHPShieldPushback","OneHPShieldPushback","","sc/effects_brawler.sc","","","","","GroundHigh","","","","mode_heist_push","","100","","","","","350","","","","",""
"MegaBossFrankGroundWarning","MegaBossFrankGroundWarning","","sc/effects_brawler.sc","","","","","GroundHigh","","","","","","100","","","","","100","","","","",""
"MegaBossFrankGroundSpike","MegaBossFrankGroundSpike","","sc/effects.sc","","","","","GroundHigh","","","","ziggy_def_atk_explode","","100","","","","","100","","","","",""
"MegaBossVecClockSpawn","MegaBossVecClockSpawn","","sc/effects_brawler.sc","gadget_primo_meteor_target","gadget_primo_meteor_target","gadget_primo_meteor_target_red","","GroundHigh","gadget_primo_meteor","gadget_primo_meteor_red","","meteor_warning","","100","","","","","120","","","","",""
"MegaBossVecClockExplosion","MegaBossVecClockExplosion","","sc/effects.sc","","","","","GroundHigh","","","","gadget_primo_meteor","","100","","","","","168","","","","",""
"RogueliteLCardSqueak","RogueliteLCardSqueak","","sc/effects.sc","","","","","GroundHigh","","","","sticky_def_atk_explode","","100","","","","","100","","","","",""
"RogueliteLCardBombExplosion","RogueliteLCardBombExplosion","","sc/effects.sc","","","","","GroundHigh","","","","sticky_def_atk_explode","","100","","","","","150","","","","",""
"RogueliteLCardSlowArea","RogueliteLCardSlowArea","","sc/effects_brawler.sc","range_dashed","range_dashed","range_dashed_red","","GroundHigh","","","","","","100","","","","","50","","","","",""
"MegaBossFrankPull","MegaBossFrankPull","","sc/effects.sc","range450_red","range450_red","range450_red","","GroundHigh","","","","frank_boss_blackhole","","300","","","","","600","","","","",""
"MegaBossFrankPullWarning","MegaBossFrankPullWarning","","sc/effects_brawler.sc","warning_bosskenji_spread","warning_bosskenji_spread","warning_bosskenji_spread","","GroundHigh","","","","boss_warning","","100","","","","","400","","","","",""
"RoguelikeShieldAreaEffect_S","RoguelikeShieldAreaEffect_S","","sc/effects_brawler.sc","","","","","object","","","","buff_shield_roguelite_s","","100","","","","","100","true","","","",""
"RoguelikeShieldAreaEffect_E","RoguelikeShieldAreaEffect_E","","sc/effects_brawler.sc","","","","","object","","","","buff_shield_roguelite_e","","100","","","","","100","true","","","",""
"RoguelikeShieldAreaEffect_L","RoguelikeShieldAreaEffect_L","","sc/effects_brawler.sc","","","","","object","","","","buff_shield_roguelite_l","","100","","","","","100","true","","","",""
"ShieldEffectInvulnerable","ShieldEffectInvulnerable","","sc/effects.sc","","","","","object","","","","spawn_shield","","100","","","","","100","true","","","",""
"ShieldEffectDamageDeduction","ShieldEffectDamageDeduction","","sc/effects.sc","","","","","object","","","","buff_shield","","100","","","","","100","true","","","",""
"MegaBossVecRockExplosion","MegaBossVecRockExplosion","","sc/effects_brawler.sc","","","","","GroundHigh","","","","boss_vecna_360warning","","100","","","","","60","","","","",""
"MegaBossVecRockExplosionDamage","MegaBossVecRockExplosionDamage","","sc/effects.sc","","","","","GroundHigh","","","","boss_vecna_360explosion","","100","","","","","200","","","","",""
"MegaBossVecRockExplosionBullets","MegaBossVecRockExplosionBullets","","sc/effects.sc","","","","","GroundHigh","","","","","","100","","","","","168","","","","",""
"MegaBossVecBlackholeDistanceAreaEffect","MegaBossVecBlackholeDistanceAreaEffect","","sc/effects_brawler.sc","gadget_primo_meteor_target","gadget_primo_meteor_target","warning_spawn_opposite","","GroundHigh","","","","boss_vecna_blackhole_far_warning","","100","","","","","319","","","","",""
"MegaBossVecBlackholeDistanceArea","MegaBossVecBlackholeDistanceArea","","sc/effects.sc","","","","","GroundHigh","","","","boss_vecna_blackhole_far","","100","","","","","100","","","","",""
"MegaBossVecBlackholeDistanceAreaStun","MegaBossVecBlackholeDistanceAreaStun","","sc/effects_brawler.sc","","","","","GroundHigh","","","","","","","","","","","122","","","","",""
"MegaBossVecBigBlackholeEffect","MegaBossVecBigBlackholeEffect","","sc/effects_brawler.sc","gadget_primo_meteor_target","gadget_primo_meteor_target","warning_spawn_opposite","","GroundHigh","","","","boss_vecna_blackhole_center_warning","","100","","","","","667","","","","",""
"MegaBossVecBlackholeDistanceAreaDmg","MegaBossVecBlackholeDistanceAreaDmg","","sc/effects.sc","","","","","GroundHigh","","","","boss_vecna_blackhole_far_damage","","100","","","","","150","","","","",""
"MegaBossVecTeleport","MegaBossVecTeleport","","sc/effects.sc","","","","","GroundHigh","","","","boss_vecna_teleport_start","","100","","","","","70","","","","",""
"MegaBossVecTeleportEnd","MegaBossVecTeleportEnd","","sc/effects.sc","","","","","GroundHigh","","","","boss_vecna_teleport_end","","100","","","","","70","","","","",""
"MegaBossFrankAddWarning","MegaBossFrankAddWarning","","sc/effects_brawler.sc","warning_bosskenji_spawn","warning_bosskenji_spawn","warning_bosskenji_spawn","","GroundHigh","","","","","","100","","","","","100","","","","",""
"MegaBossFrankAddTrigger","MegaBossFrankAddTrigger","","sc/effects.sc","","","","","GroundHigh","","","","","","100","","","","","100","","","","",""
"CactusOverchargedExplosion","CactusOverchargedExplosion","","sc/effects.sc","","","","","GroundHigh","","","","spike_def_oc_atk1_explosion","","100","","","","","70","","","","",""
"CactusOverchargedSpikeExplosion","CactusOverchargedSpikeExplosion","","sc/effects.sc","","","","","GroundHigh","","","","","","100","","","","","100","","","","",""
"CactusOverchargedExplosion2","CactusOverchargedExplosion2","","sc/effects.sc","","","","","GroundHigh","","","","spike_def_oc_atk2_explosion","","100","","","","","70","","","","",""
"MortisOverchargedBulletSpawner","MortisOverchargedBulletSpawner","","sc/effects_brawler_mortis.sc","mortis_def_oc_atk_area","mortis_def_oc_atk_area","mortis_def_oc_atk_area_red","","GroundHigh","","","","mortis_def_oc_atk_area","","100","","","","","145","","","","",""
"Mortis008OverchargedBulletSpawner","MortisOverchargedBulletSpawner","","sc/effects_brawler_mortis.sc","mortis_008_oc_atk_area","mortis_008_oc_atk_area","mortis_008_oc_atk_area_red","","GroundHigh","","","","mortis_008_oc_atk_area","","100","","","","","145","","","","",""
"CactusPoppingBuddy","CactusPoppingBuddy","","sc/effects_brawler.sc","","","","","GroundHigh","","","","","","","","","","","","","","","",""
"CactusCoverBuddy","CactusCoverBuddy","","sc/effects_brawler.sc","","","","","GroundHigh","","","","gadget_spike_cactus_healburst","","100","","","","","165","","","","",""
"ShellyBuddySPBurnArea","ShellyBuddySPBurnArea","","sc/effects.sc","","","","","GroundHigh","","","","brock_def_starpower","","100","","","","","28","","","","",""
"HammerDudeGadgetSkillBlockProjectilesAreaEffect","HammerDudeGadgetSkillBlockProjectilesAreaEffect","","sc/effects_brawler.sc","","","","","GroundHigh","","","","","","100","","","","","100","","","","",""
"LoveBombExplosion","LoveBombExplosion","","sc/effects.sc","","","","","GroundHigh","","","","lovebombing_explosion","","100","","","","","100","","","","",""
"MenderGadgetSkillHealArea","MenderGadgetSkillHealArea","","sc/effects.sc","","","","","GroundHigh","","","","glowbert_def_gadget_heal","","100","","","","","125","","","","",""
"UndertakerGadgetSkillComboSpinnerAreaExplosion","UndertakerGadgetSkillComboSpinnerAreaExplosion","","sc/effects_brawler.sc","","","","","GroundHigh","","","","mortis_def_g1_shovel","","100","","","","","165","","","","",""
"UndertakerGadgetSkillComboSpinnerBuddyAreaExplosion","UndertakerGadgetSkillComboSpinnerBuddyAreaExplosion","","sc/effects_brawler.sc","","","","","GroundHigh","","","","mortis_def_g1_buffy_shovel","","100","","","","","165","","","","",""
"MegaBossStickyBombClusterExplosion","MegaBossStickyBombClusterExplosion","","sc/effects.sc","","","","","GroundHigh","","","","sticky_def_atk_explode","","100","","","","","100","","","","",""
"MegaBossOverchargeStickyBombClusterExplosion","MegaBossOverchargeStickyBombClusterExplosion","","sc/effects.sc","","","","","GroundHigh","","","","sticky_def_atk_explode","","100","","","","","100","","","","",""
"MegaStickyBombPushAwayArea","MegaStickyBombPushAwayArea","","sc/effects.sc","","","","","GroundHigh","","","","bo_def_ulti2_explosion","","100","","","","","133","","","","",""
"MegaStickyBombPushAwayExplosion","MegaStickyBombPushAwayExplosion","","sc/effects.sc","","","","","GroundHigh","","","","sticky_def_atk_explode","","100","","","","","100","","","","",""
"MegaBossGhostPushBack","MegaBossGhostPushBack","","sc/effects_brawler.sc","","","","","GroundHigh","","","","","","100","","","","","165","","","","",""
"MegaBossGhostSlap","MegaBossGhostSlap","","sc/effects_brawler.sc","","","","","GroundHigh","","","","","","100","","","","","165","","","","",""
"MegaBossGhostSlapLarge","MegaBossGhostSlapLarge","","sc/effects_brawler.sc","","","","","GroundHigh","","","","","","100","","","","","165","","","","",""
"HeistBombExplosion","HeistBombExplosion","","sc/effects.sc","gen_explosion_ring1_area","gen_explosion_ring1_area","gen_explosion_ring1_area","","GroundHigh","","","","buff_explosion_bomb_heist","","100","","","","","100","","","","",""
"ShadowdemonIndirectExplosion","ShadowdemonIndirectExplosion","","sc/effects.sc","","","","","GroundHigh","","","","sirius_def_atk_prj2_explode","","100","","","","","100","","","","",""
"ShadowdemonMinionTarget","ShadowdemonMinionTarget","","sc/effects_brawler.sc","","","","","GroundHigh","","","","","sirius_def_ulti_arrow_indicator","100","","","","","100","","","","",""
"ShadowdemonMinionSummon","ShadowdemonMinionSummon","","sc/effects.sc","","","","","GroundHigh","","","","sirius_def_ulti_summon","","100","","","","","70","","","","",""
"ShadowdemonTeleportGadgetLeave","ShadowdemonTeleportGadgetLeave","","sc/effects.sc","","","","","GroundHigh","","","","sirius_def_gadget2_start","","100","","","","","70","","","","",""
"ShadowdemonTeleportGadgetEnter","ShadowdemonTeleportGadgetEnter","","sc/effects.sc","","","","","GroundHigh","","","","sirius_def_gadget2_end","","100","","","","","70","","","","",""
"MegaBossStickyBombExplosion","MegaBossStickyBombExplosion","","sc/effects.sc","","","","","GroundHigh","","","","sticky_def_atk_explode","","100","","","","","150","","","","",""
"MegaBossStickyBombExplosionLarge","MegaBossStickyBombExplosionLarge","","sc/effects.sc","","","","","GroundHigh","","","","sticky_def_atk_explode","","100","","","","","150","","","","",""
"MegaBossStickyBombUltiExplosionLarge","MegaBossStickyBombUltiExplosionLarge","","sc/effects.sc","","","","","GroundHigh","","","","sticky_def_ulti_explode","","100","","","","","150","","","","",""
"MegaBossStickyBombUltiExplosion","MegaBossStickyBombUltiExplosion","","sc/effects.sc","","","","","GroundHigh","","","","sticky_def_ulti_explode","","100","","","","","150","","","","",""
"MegaBossStickyBombSlowArea","MegaBossStickyBombSlowArea","","sc/effects_brawler.sc","range_dashed","range_dashed","range_dashed_red","","GroundHigh","","","","","","100","","","","","78","","","","",""
"MegaBossStickyBombSlowAreaLarge","MegaBossStickyBombSlowAreaLarge","","sc/effects_brawler.sc","range_dashed","range_dashed","range_dashed_red","","GroundHigh","","","","","","100","","","","","105","","","","",""
"MegaBossStickyBombSlowAreaSmall","MegaBossStickyBombSlowAreaSmall","","sc/effects_brawler.sc","range_dashed","range_dashed","range_dashed_red","","GroundHigh","","","","","","100","","","","","45","","","","",""
"MegaBossStickyBombSlowAreaTiny","MegaBossStickyBombSlowAreaTiny","","sc/effects_brawler.sc","range_dashed","range_dashed","range_dashed_red","","GroundHigh","","","","","","100","","","","","30","","","","",""
"LoveBombSpawn","LoveBombSpawn","","sc/effects.sc","","","","","GroundHigh","","","","teleport_tile_arrive","","100","","","","","70","","","","",""
"MegaBossInsectManUltiDamageArea","MegaBossInsectManUltiDamageArea","","sc/effects_brawler.sc","","","","","GroundHigh","","","","boss_angelo_004_ulti_red","","100","","","","","500","true","","","",""
"MegaBossInsectManUltiDamageAreaLarge","MegaBossInsectManUltiDamageAreaLarge","","sc/effects_brawler.sc","","","","","GroundHigh","","","","boss_angelo_004_ulti_red_large","","100","","","","","1000","true","","","",""
"MegaBossInsectManPushAway","MegaBossInsectManPushAway","","sc/effects.sc","","","","","GroundHigh","","","","bo_def_ulti2_explosion","","100","","","","","133","","","","",""
"MegaBossInsectManBulletExplosion","MegaBossInsectManBulletExplosion","","sc/effects.sc","","","","","GroundHigh","","","","rt_005_ulti","","100","","","","","100","","","","",""
"MegaStickyBombPushAwayExplosionSmall","MegaStickyBombPushAwayExplosionSmall","","sc/effects.sc","","","","","GroundHigh","","","","sticky_def_atk_explode","","100","","","","","100","","","","",""
"MegaStickyBombPushAwayExplosionTiny","MegaStickyBombPushAwayExplosionTiny","","sc/effects.sc","","","","","GroundHigh","","","","sticky_def_atk_explode","","100","","","","","100","","","","",""
"UndertagerGadgetSkillBatsAreaEffect","UndertagerGadgetSkillBatsAreaEffect","","sc/effects.sc","","","","","GroundHigh","","","","","","100","","","","","70","","","","",""
"MegaBossGhostBulletExplode","MegaBossGhostBulletExplode","","sc/effects.sc","","","","","GroundHigh","","","","sticky_def_atk_explode","","100","","","","","100","","","","",""
"MegaBossRicoMoveBullet1","MegaBossRicoMoveBullet1","","sc/effects.sc","","","","","GroundHigh","","","","","","100","","","","","100","","","","",""
"MegaBossRicoMoveBullet2","MegaBossRicoMoveBullet2","","sc/effects.sc","","","","","GroundHigh","","","","","","100","","","","","100","","","","",""
"MegaBossRicoMoveBullet3","MegaBossRicoMoveBullet3","","sc/effects.sc","","","","","GroundHigh","","","","","","100","","","","","100","","","","",""
"MegaBossGhostSpookyArea","MegaBossGhostSpookyArea","","sc/effects_brawler.sc","","","","","GroundHigh","","","","shade_def_gadget2","","100","","","","","120","","","","",""
"MegaTrickshotDude2_360PushAwayBullet","MegaTrickshotDude2_360PushAwayBullet","","sc/effects.sc","","","","","GroundHigh","","","","","","100","","","","","100","","","","",""
"MegaTrickshotDude2_360PushAwayArea","MegaTrickshotDude2_360PushAwayArea","","sc/effects.sc","","","","","GroundHigh","","","","bo_def_ulti2_explosion","","100","","","","","133","","","","",""
"MegaTrickshotDude2_360Madness","MegaTrickshotDude2_360Madness","","sc/effects.sc","","","","","GroundHigh","","","","","","100","","","","","100","","","","",""
"MegaTrickshotDude2_360Madness2","MegaTrickshotDude2_360Madness2","","sc/effects.sc","","","","","GroundHigh","","","","","","100","","","","","100","","","","",""
"MegaTrickshotDude2_360Madness3","MegaTrickshotDude2_360Madness3","","sc/effects.sc","","","","","GroundHigh","","","","","","100","","","","","100","","","","",""
"MegaTrickshotDude2_360Madness4","MegaTrickshotDude2_360Madness4","","sc/effects.sc","","","","","GroundHigh","","","","","","100","","","","","100","","","","",""
"MegaBossMaisieUltiShockwave","MegaBossMaisieUltiShockwave","","sc/effects.sc","","","","","GroundHigh","","","","maisie_005_ulti_ground_red","","100","","","","","100","","","","",""
"MegaBossMaisieShockwaveBulletExplosion","MegaBossMaisieShockwaveBulletExplosion","","sc/effects.sc","","","","","GroundHigh","","","","","","100","","","","","100","","","","",""
"MegaBossMaisieBulletExplosion","MegaBossMaisieBulletExplosion","","sc/effects.sc","","","","","GroundHigh","","","","","","100","","","","","100","","","","",""
"MegaBossMaisieExplosionWarningEffect","MegaBossMaisieExplosionWarningEffect","","sc/effects_brawler.sc","gadget_primo_meteor_target","gadget_primo_meteor_target","warning_spawn_opposite","","GroundHigh","","","","boss_vecna_blackhole_far_warning","","100","","","","","159","","","","",""
"MegaBossMaisieExplosionAreaDmg","MegaBossMaisieExplosionAreaDmg","","sc/effects.sc","","","","","GroundHigh","","","","boss_vecna_blackhole_far_damage","","100","","","","","75","","","","",""
"MegaBossCrossBomberClusterExplosion","MegaBossCrossBomberClusterExplosion","","sc/effects.sc","","","","","GroundHigh","","","","crossbomber_def_explosion","","100","","","","","100","","","","",""
"MegaBossCrossBomberUltiClusterExplosion","MegaBossCrossBomberUltiClusterExplosion","","sc/effects.sc","","","","","GroundHigh","","","","crossbomber_def_explosion_ulti","","100","","","","","100","","","","",""
"MegaBossOverchargedCrossBomberUltiClusterExplosion","MegaBossOverchargedCrossBomberUltiClusterExplosion","","sc/effects.sc","","","","","GroundHigh","","","","crossbomber_hc_explosion_ulti","","100","","","","","100","","","","",""
"MegaBossOverchargedCrossBomberUltiClusterExplosion2","MegaBossOverchargedCrossBomberUltiClusterExplosion2","","sc/effects.sc","","","","","GroundHigh","","","","crossbomber_hc_explosion_ulti","","100","","","","","100","","","","",""
"MegaBossOverchargedCrossBomberUltiClusterExplosion3","MegaBossOverchargedCrossBomberUltiClusterExplosion3","","sc/effects.sc","","","","","GroundHigh","","","","crossbomber_hc_explosion_ulti","","100","","","","","100","","","","",""
"MegaBossCrossBomberClusterSecondExplosion","MegaBossCrossBomberClusterSecondExplosion","","sc/effects.sc","","","","","GroundHigh","","","","crossbomber_def_explosion","","100","","","","","100","","","","",""
"MegaBossCrossBomberClusterSecondExplosion2","MegaBossCrossBomberClusterSecondExplosion2","","sc/effects.sc","","","","","GroundHigh","","","","crossbomber_def_explosion","","100","","","","","100","","","","",""
"MegaBossNitaMelee","MegaBossNitaMelee","","sc/effects_brawler.sc","","","","","GroundHigh","","","","","","100","","","","","165","","","","",""
"BowDudeSuperChargeAreaBuddy","BowDudeSuperChargeAreaBuddy","","sc/effects_brawler_bo.sc","bo_def_buddy_gadget1_area","bo_def_buddy_gadget1_area","bo_def_buddy_gadget1_area_red","","GroundHigh","","","","","","100","","","","","400","","","","",""
"BaseballGadgetSkillHealAreaEffect","BaseballGadgetSkillHealAreaEffect","","sc/effects.sc","","","","","GroundHigh","","","","","","100","","","","","100","","","","",""
"BaseballGadgetSkillHealAreaEffectBuddy","BaseballGadgetSkillHealAreaEffectBuddy","","sc/effects.sc","","","","","GroundHigh","","","","","","100","","","","","100","","","","",""
"BaseballGadgetSkillStickyAreaEffect","BaseballGadgetSkillStickyAreaEffect","","sc/effects.sc","","","","","GroundHigh","","","","bibi_def_gadget2_area","","100","","","","","100","","","","",""
"BaseballGadgetSkillStickyAreaEffectBuddy","BaseballGadgetSkillStickyAreaEffectBuddy","","sc/effects.sc","","","","","GroundHigh","","","","bibi_def_buddy_gadget2_area","","100","","","","","100","","","","",""
"NinjaInvisibleAreaBuddy","NinjaInvisibleAreaBuddy","","sc/effects_brawler_leon.sc","leon_def_buddy_gadget2_lollipop_area","leon_def_buddy_gadget2_lollipop_area","leon_def_buddy_gadget2_lollipop_area_red","","GroundHigh","","","","leon_def_buddy_gadget2_lollipop","leon_def_buddy_gadget2_lollipop_loop","100","","","","","290","","","","",""
"BullDudeStomp","BullDudeStomp","","sc/effects.sc","","","","","GroundHigh","","","","bull_def_gadget2_area","","100","","","","","80","","","","",""
"MegaBossAssaultShotgunExplosionWarningEffect","MegaBossAssaultShotgunExplosionWarningEffect","","sc/effects_brawler.sc","gadget_primo_meteor_target","gadget_primo_meteor_target","warning_spawn_opposite","","GroundHigh","","","","boss_vecna_blackhole_far_warning","","100","","","","","159","","","","",""
"MegaBossAssaultShotgunExplosionAreaDmg","MegaBossAssaultShotgunExplosionAreaDmg","","sc/effects.sc","","","","","GroundHigh","","","","boss_explosion","","100","","","","","75","","","","",""
"MegaBossAssaultShotgunBulletExplosion","MegaBossAssaultShotgunBulletExplosion","","sc/effects.sc","","","","","GroundHigh","","","","","","100","","","","","100","","","","",""
"MegaBossAssaultShotgunBulletExplosion2","MegaBossAssaultShotgunBulletExplosion2","","sc/effects.sc","","","","","GroundHigh","","","","","","100","","","","","100","","","","",""
"MegaBossAssaultShotgunBulletExplosion3","MegaBossAssaultShotgunBulletExplosion3","","sc/effects.sc","","","","","GroundHigh","","","","","","100","","","","","100","","","","",""
"MegaBossAssaultShotgunExplosionAreaDmgLarge","MegaBossAssaultShotgunExplosionAreaDmgLarge","","sc/effects.sc","","","","","GroundHigh","","","","boss_explosion_large","","133","","","","","100","","","","",""
"MegaBossAssaultShotgunBulletExplosionLarge","MegaBossAssaultShotgunBulletExplosionLarge","","sc/effects.sc","","","","","GroundHigh","","","","","","100","","","","","130","","","","",""
"MegaBossCrossBomberAreaEffectFire","MegaBossCrossBomberAreaEffectFire","","sc/effects_brawler.sc","","","","","GroundHigh","","","","toy_demon_area_ground","","100","","","","","50","","","","",""
"MegaBossCrossBomberAreaEffect","MegaBossCrossBomberAreaEffect","","sc/effects_brawler.sc","","","","","GroundHigh","","","","toy_demon_small_explosion","","100","","","","","150","","","","",""
"RedirecterUltiExplosion","RedirecterUltiExplosion","","sc/effects.sc","","","","","GroundHigh","","","","najia_def_ulti2_land_explo","","100","","","","","100","","","","",""
"RedirecterPetUltiExplosion","RedirecterPetUltiExplosion","","sc/effects.sc","","","","","GroundHigh","","","","najia_def_ulti2_explo","","100","","","","","100","","","","",""
"RedirecterPetUltiExplosionOvercharged","RedirecterPetUltiExplosionOvercharged","","sc/effects.sc","","","","","GroundHigh","","","","najia_def_oc_ulti2_explo","","100","","","","","100","","","","",""
"RedirecterCocoonExplosion","RedirecterCocoonExplosion","","sc/effects_brawler.sc","","","","","GroundHigh","","","","najia_def_gadget2_explo","","100","","","","","100","","","","",""
"RedirecterPoisonTrailArea","RedirecterPoisonTrailArea","","sc/effects.sc","","","","","GroundHigh","","","","najia_def_gadget1_poison","","100","","","","","70","","","","",""
"RedirecterOverchargedSnakePetPoisonTrailArea","RedirecterOverchargedSnakePetPoisonTrailArea","","sc/effects.sc","","","","","GroundHigh","","","","najia_def_oc_trail_poison","","100","","","","","70","","","","",""
"Bo_overcharged_atk_area","Bo_overcharged_atk_area","","sc/effects.sc","","","","","GroundHigh","","","","bo_def_buddy_oc_explosion","","100","","","","","70","","","","",""
"BoxBombExplosion","BoxBombExplosion","","sc/effects.sc","gen_explosion_ring1_area","gen_explosion_ring1_area","gen_explosion_ring1_area","","GroundHigh","","","","buff_explosion_bomb_heist","","100","","","","","100","","","","",""
"MegaBossCrowPushBackL1","MegaBossCrowPushBackL1","","sc/effects_brawler.sc","","","","","GroundHigh","","","","","","100","","","","","100","","","","",""
"MegaBossCrowPushBackL2","MegaBossCrowPushBackL2","","sc/effects_brawler.sc","","","","","GroundHigh","","","","","","100","","","","","125","","","","",""
"MegaBossCrowPushBackL3","MegaBossCrowPushBackL3","","sc/effects_brawler.sc","","","","","GroundHigh","","","","","","100","","","","","150","","","","",""
"MegaBossDragonCrowUltiKnifesL1","MegaBossDragonCrowUltiKnifesL1","","sc/effects.sc","","","","","GroundHigh","","","","","","100","","","","","100","","","","",""
"MegaBossDragonCrowUltiKnifesSmallL3","MegaBossDragonCrowUltiKnifesSmallL3","","sc/effects.sc","","","","","GroundHigh","","","","","","100","","","","","100","","","","",""
"MegaBossDragonCrowUltiKnifesL3","MegaBossDragonCrowUltiKnifesL3","","sc/effects.sc","","","","","GroundHigh","","","","","","100","","","","","100","","","","",""
"MegaBossCrowFire","MegaBossCrowFire","","sc/effects_brawler.sc","fireball_ground","fireball_ground","fireball_ground_red","","GroundHigh","","","","burning_ground_raid_boss","","100","","","","","100","","","","",""
"MegaBossCrowFireExplosion","MegaBossCrowFireExplosion","","sc/effects.sc","","","","","GroundHigh","","","","penny_def_turret_explosion","","100","","","","","100","","","","",""
"MegaBossCrowFireWarningEffect","MegaBossCrowFireWarningEffect","","sc/effects_brawler.sc","gadget_primo_meteor_target","gadget_primo_meteor_target","warning_spawn_opposite","","GroundHigh","","","","boss_vecna_blackhole_far_warning","","100","","","","","280","","","","",""
"SpeederExplosion","SpeederExplosion","","sc/effects_brawler.sc","","","","","GroundHigh","","","","explosion_tnt_dude_ulti","","100","","","","","165","","","","",""
"SpeederDestroyEnvironment","SpeederDestroyEnvironment","","sc/effects_brawler.sc","","","","","GroundHigh","","","","","","100","","","","","165","","","","",""
"SandstormModifierSandstorm","SandstormModifierSandstorm","","sc/effects_brawler.sc","","","","","GroundHigh","","","","modifier_sandstorm","","100","","","","","1000","","","","",""
"SandyNanoSandstorm","SandyNanoSandstorm","","sc/effects_brawler.sc","","","","","GroundHigh","","","","modifier_sandstorm_3sec","","100","","","","","1000","","","","",""
"BullDudeStompBuddy","BullDudeStompBuddy","","sc/effects.sc","","","","","GroundHigh","","","","bull_def_buddy_gadget2_area","","100","","","","","80","","","","",""
"NinjaBuddyGadgetTeleportEffect","Bo_def_ulti1_area","","sc/effects.sc","","","","","GroundHigh","","","","leon_def_buddy_gadget1_swap","","100","","","","","70","","","","",""
"GladiatorFire","GladiatorFire","","sc/effects.sc","","","","","GroundHigh","","","","","","100","","","","","200","","","","",""
"AssaultShotgunGadgetDamageArea","AssaultShotgunGadgetDamageArea","","sc/effects_brawler_griff.sc","","","","","GroundHigh","","","","","griff_def_gadget2_area","60","","","","","","","","","",""
"AssaultShotgunGadgetDamageAreaBuddy","AssaultShotgunGadgetDamageAreaBuddy","","sc/effects_brawler_griff.sc","","","","","GroundHigh","","","","","griff_def_buddy_gadget2_area","60;100","","","","","","","","","",""
"SuperNovaCactusExplosion","SuperNovaCactusExplosion","","sc/effects.sc","","","","","GroundHigh","","","","spike_010_atk1_explosion","","100","","","","","70","","","","",""
"SuperNovaCactusSpikeExplosion","SuperNovaCactusSpikeExplosion","","sc/effects.sc","","","","","GroundHigh","","","","","","100","","","","","100","","","","",""
"SuperNovaCactusSpikeExplosionMini","SuperNovaCactusSpikeExplosionMini","","sc/effects.sc","","","","","GroundHigh","","","","","","100","","","","","100","","","","",""
"SuperNovaCactusUltiExplosion","SuperNovaCactusUltiExplosion","","sc/effects.sc","","","","","GroundHigh","","","","spike_010_ulti_explosion_large","","100","","","","","100","","","","",""
"SuperNovaCactusUltiSpikeExplosion","SuperNovaCactusUltiSpikeExplosion","","sc/effects.sc","","","","","GroundHigh","","","","","","100","","","","","100","","","","",""
"SuperNovaVoodooAttackEarthLarge","SuperNovaVoodooAttackEarthLarge","","sc/effects.sc","","","","","GroundHigh","","","","juju_003_atk1_area_large","","100","","","","","55","","","","",""
"SuperNovaVoodooAttackEarthMid","SuperNovaVoodooAttackEarthMid","","sc/effects.sc","","","","","GroundHigh","","","","juju_003_atk1_area","","100","","","","","41","","","","",""
"SuperNovaVoodooAttackEarthSmall","SuperNovaVoodooAttackEarthSmall","","sc/effects.sc","","","","","GroundHigh","","","","juju_003_atk1_area_small","","100","","","","","27","","","","",""
"SuperNovaVoodooAttackForestLarge","SuperNovaVoodooAttackForestLarge","","sc/effects.sc","","","","","GroundHigh","","","","juju_003_atk2_area_large","","100","","","","","55","","","","",""
"SuperNovaVoodooAttackForestMid","SuperNovaVoodooAttackForestMid","","sc/effects.sc","","","","","GroundHigh","","","","juju_003_atk2_area","","100","","","","","55","","","","",""
"SuperNovaVoodooAttackForestSmall","SuperNovaVoodooAttackForestSmall","","sc/effects.sc","","","","","GroundHigh","","","","juju_003_atk2_area_small","","100","","","","","55","","","","",""
"SuperNovaVoodooAttackWaterLarge","SuperNovaVoodooAttackWaterLarge","","sc/effects.sc","","","","","GroundHigh","","","","juju_003_atk3_area_large","","100","","","","","55","","","","",""
"SuperNovaVoodooAttackWaterMid","SuperNovaVoodooAttackWaterMid","","sc/effects.sc","","","","","GroundHigh","","","","juju_003_atk3_area","","100","","","","","55","","","","",""
"SuperNovaVoodooAttackWaterSmall","SuperNovaVoodooAttackWaterSmall","","sc/effects.sc","","","","","GroundHigh","","","","juju_003_atk3_area_small","","100","","","","","55","","","","",""
"SuperNovaVoodooSlowDebuffLarge","SuperNovaVoodooSlowDebuffLarge","","sc/effects.sc","","","","","GroundHigh","","","","","","100","","","","","55","","","","",""
"SuperNovaVoodooSlowDebuffMid","SuperNovaVoodooSlowDebuffMid","","sc/effects.sc","","","","","GroundHigh","","","","","","100","","","","","55","","","","",""
"SuperNovaVoodooSlowDebuffSmall","SuperNovaVoodooSlowDebuffSmall","","sc/effects.sc","","","","","GroundHigh","","","","","","100","","","","","55","","","","",""
"MagicalGirlFlyArea","MagicalGirlFlyArea","","sc/effects_brawler_stella.sc","stella_def_gadget1_flyarea","stella_def_gadget1_flyarea","stella_def_gadget1_flyarea_red","","GroundHigh","","","","stella_def_gadget1","stella_def_gadget1_loop","100","","","","","290","","","","",""
"MagicalGirlBonusSkillHealingBlinkLeave","MagicalGirlBonusSkillHealingBlinkLeave","","sc/effects.sc","","","","","GroundHigh","","","","stella_def_gadget2_teleport_leave","","100","","","","","70","","","","",""
"MagicalGirlBonusSkillHealingBlinkEnter","MagicalGirlBonusSkillHealingBlinkEnter","","sc/effects.sc","","","","","GroundHigh","","","","stella_def_gadget2_teleport_enter","","100","","","","","70","","","","",""
"GladiatorGadgetSkillWallArea","GladiatorGadgetSkillWallArea","","sc/effects_brawler.sc","","","","","GroundHigh","","","","damian_def_gadget2_spawn","","200","","","","","200","","","","",""
"GladiatorFireExplosion","GladiatorFireExplosion","","sc/effects.sc","range450_blue","range450_blue","range450_red","","GroundHigh","","","","damian_def_atk3_explosion","","100","","","","","133","","","","",""
"GladiatorFireFx","GladiatorFireFx","","sc/effects.sc","","","","","GroundHigh","","","","modifier_sandstorm","","100","","","","","70","","","","",""
"AssaultShotgunGadgetBombExplosion","AssaultShotgunGadgetBombExplosion","","sc/effects_brawler.sc","","","","","GroundHigh","","","","explosion_tnt_dude_ulti","","100","","","","","100","","","","",""
"StarNovaPickupSpawn_Spike","StarNovaPickupSpawn_Spike","","sc/effects_brawler2.sc","","","","","GroundHigh","","","","modifier_starnova_spike_ground","","100","","","","","200","","","","",""
"StarNovaPickupSpawn_Fast_Spike","StarNovaPickupSpawn_Fast_Spike","","sc/effects.sc","","","","","GroundHigh","","","","powerup_indicator","","100","","","","","0","","","","",""
"StarNovaPickupSpawnIndicator_Spike","StarNovaPickupSpawnIndicator_Spike","","sc/effects_brawler2.sc","","","","","GroundHigh","","","","modifier_starnova_spike_light","","100","","","","","200","","","","",""
"StarNovaPickupSpawn_Amber","StarNovaPickupSpawn_Amber","","sc/effects_brawler2.sc","","","","","GroundHigh","","","","modifier_starnova_amber_ground","","100","","","","","200","","","","",""
"StarNovaPickupSpawn_Fast_Amber","StarNovaPickupSpawn_Fast_Amber","","sc/effects.sc","","","","","GroundHigh","","","","powerup_indicator","","100","","","","","0","","","","",""
"StarNovaPickupSpawnIndicator_Amber","StarNovaPickupSpawnIndicator_Amber","","sc/effects_brawler2.sc","","","","","GroundHigh","","","","modifier_starnova_amber_light","","100","","","","","200","","","","",""
"StarNovaPickupSpawn_Bea","StarNovaPickupSpawn_Bea","","sc/effects_brawler2.sc","","","","","GroundHigh","","","","modifier_starnova_bea_ground","","100","","","","","200","","","","",""
"StarNovaPickupSpawn_Fast_Bea","StarNovaPickupSpawn_Fast_Bea","","sc/effects.sc","","","","","GroundHigh","","","","powerup_indicator","","100","","","","","0","","","","",""
"StarNovaPickupSpawnIndicator_Bea","StarNovaPickupSpawnIndicator_Bea","","sc/effects_brawler2.sc","","","","","GroundHigh","","","","modifier_starnova_bea_light","","100","","","","","200","","","","",""
"StarNovaPickupSpawn_Juju","StarNovaPickupSpawn_Juju","","sc/effects_brawler2.sc","","","","","GroundHigh","","","","modifier_starnova_juju_ground","","100","","","","","200","","","","",""
"StarNovaPickupSpawn_Fast_Juju","StarNovaPickupSpawn_Fast_Juju","","sc/effects.sc","","","","","GroundHigh","","","","powerup_indicator","","100","","","","","0","","","","",""
"StarNovaPickupSpawnIndicator_Juju","StarNovaPickupSpawnIndicator_Juju","","sc/effects_brawler2.sc","","","","","GroundHigh","","","","modifier_starnova_juju_light","","100","","","","","200","","","","",""
"StarNovaPickupSpawn_Stella","StarNovaPickupSpawn_Stella","","sc/effects_brawler2.sc","","","","","GroundHigh","","","","modifier_starnova_stella_ground","","100","","","","","200","","","","",""
"StarNovaPickupSpawn_Fast_Stella","StarNovaPickupSpawn_Fast_Stella","","sc/effects.sc","","","","","GroundHigh","","","","powerup_indicator","","100","","","","","0","","","","",""
"StarNovaPickupSpawnIndicator_Stella","StarNovaPickupSpawnIndicator_Stella","","sc/effects_brawler2.sc","","","","","GroundHigh","","","","modifier_starnova_stella_light","","100","","","","","200","","","","",""
"GladiatorUltiArenaAreaEffect","GladiatorUltiArenaAreaEffect","","sc/effects_brawler_kaze.sc","","","","","GroundHigh","","","","","","100","","","","","100","","","","",""
"GladiatorOverchargedUltiAreaEffect","GladiatorOverchargedUltiAreaEffect","","sc/effects_brawler.sc","fireball_ground","fireball_ground","fireball_ground_red","","GroundHigh","","","","damian_def_oc_ulti_ground","","100","","","","","150","","","","",""
"GladiatorUltiArenaDestroy","GladiatorUltiArenaDestroy","","sc/effects.sc","","","","","GroundHigh","","","","damian_def_ulti_destroy","","100","","","","","70","","","","",""
"GladiatorUltiSlowAreaNanoPower","GladiatorUltiSlowAreaNanoPower","","sc/effects.sc","","","","","GroundHigh","","","","","","100","","","","","70","","","","",""
"PowerLevelerSlowAreaNanoPower","PowerLevelerSlowAreaNanoPower","","sc/effects.sc","","","","","GroundHigh","","","","","","100","","","","","70","","","","",""
"MegaBossFinxTimebend","MegaBossFinxTimebend","","sc/effects_brawler_finx.sc","finx_def_ulti_area","finx_def_ulti_area","finx_def_ulti_area_red","","GroundHigh","","","","","finx_def_ulti_area_loop","100","","","","","100","","","","",""
"MegaBossFinxTowerTimebend","MegaBossFinxTowerTimebend","","sc/effects_brawler_finx.sc","finx_def_ulti_area","finx_def_ulti_area","finx_boss_heal_area","","GroundHigh","","","","boss_finx_tower_heal_area_active","boss_finx_tower_heal_particle_loop","100","","","","","120","","","","",""
"MegaBossFinxTimeStopBulletExplosion","MegaBossFinxTimeStopBulletExplosion","","sc/effects.sc","","","","","GroundHigh","","","","","","100","","","","","100","","","","",""
"SwarmCardSelectionSlowArea","SwarmCardSelectionSlowArea","","sc/effects_brawler_finx.sc","finx_def_ulti_area","finx_def_ulti_area","finx_def_ulti_area_red","","GroundHigh","","","","","finx_def_ulti_area_loop","222","","","","","222","","","","",""
"MegaBossFinxTimeRiftBulletExplosion","MegaBossFinxTimeRiftBulletExplosion","","sc/effects.sc","","","","","GroundHigh","","","","","","100","","","","","100","","","","",""
"MegaBossFinxAddWarning","MegaBossFinxAddWarning","","sc/effects_brawler.sc","warning_bosskenji_spawn","warning_bosskenji_spawn","warning_bosskenji_spawn","","GroundHigh","","","","","","100","","","","","100","","","","",""
"MegaBossFinxAddTrigger","MegaBossFinxAddTrigger","","sc/effects.sc","","","","","GroundHigh","","","","","","100","","","","","100","","","","",""
"MegaBossFinxTrailArea","MegaBossFinxTrailArea","","sc/effects_brawler.sc","fireball_ground","fireball_ground","fireball_ground_red","","GroundHigh","","","","frank_boss_aoe_red","","100","","","","","50","","","","",""
"MegaBossFinxStasisAreaWarning","MegaBossFinxStasisAreaWarning","","sc/effects_brawler.sc","warning_bosskenji_spawn","warning_bosskenji_spawn","warning_bosskenji_spawn","","GroundHigh","","","","","","100","","","","","200","","","","",""
"MegaBossFinxStasisAreaStun","MegaBossFinxStasisAreaStun","","sc/effects_brawler.sc","","","","","GroundHigh","","","","boss_vecna_360explosion","","","","","","","122","","","","",""
"MegaBossFinxTimebendSelf","MegaBossFinxTimebendSelf","","sc/effects_brawler_finx.sc","finx_def_oc_ulti_area","finx_def_oc_ulti_area","finx_boss_timebend_self_area_red","","GroundHigh","","","","","boss_finx_timebend_self_area_loop_red","100","","","","","150","","","","",""
"MegaBossFinxStasisAreaDamage","MegaBossFinxStasisAreaDamage","","sc/effects_brawler.sc","","","","","GroundHigh","","","","boss_finx_aoe_explosion","","100","","","","","150","","","","",""
"MegaBossColetteChargeProjectileArea","MegaBossColetteChargeProjectileArea","","sc/effects.sc","","","","","GroundHigh","","","","moe_def_atk1_explosion","","100","","","","","300","","","","",""
"MegaBossColetteProjectileExplodeArea","MegaBossColetteProjectileExplodeArea","","sc/effects.sc","","","","","GroundHigh","","","","moe_def_atk1_explosion","","100","","","","","300","","","","",""
"MegaBossColetteProjectileExplodeAreaSmall","MegaBossColetteProjectileExplodeAreaSmall","","sc/effects.sc","","","","","GroundHigh","","","","moe_def_atk1_explosion","","100","","","","","300","","","","",""
"MegaBossColetteProjectileExplodeAreaSmallDense","MegaBossColetteProjectileExplodeAreaSmallDense","","sc/effects.sc","","","","","GroundHigh","","","","moe_def_atk1_explosion","","100","","","","","300","","","","",""
"NanoColetteChargeProjectileArea","NanoColetteChargeProjectileArea","","sc/effects.sc","","","","","GroundHigh","","","","moe_def_atk1_explosion","","100","","","","","500","","","","",""
"SwarmFireAuraL1","SwarmFireAuraL1","","sc/effects_brawler.sc","demon_revenge_fire_ground","demon_revenge_fire_ground","demon_revenge_fire_ground_red","","GroundHigh","","","","toy_demon_revenge_fires","","100","","","","","140","TRUE","","","",""
"SwarmFireAuraL2","SwarmFireAuraL2","","sc/effects_brawler.sc","demon_revenge_fire_ground","demon_revenge_fire_ground","demon_revenge_fire_ground_red","","GroundHigh","","","","toy_demon_revenge_fires","","100","","","","","175","TRUE","","","",""
"SwarmFireAuraL3","SwarmFireAuraL3","","sc/effects_brawler.sc","demon_revenge_fire_ground","demon_revenge_fire_ground","demon_revenge_fire_ground_red","","GroundHigh","","","","toy_demon_revenge_fires","","100","","","","","210","TRUE","","","",""
"MegaBossFinxTowerStasisAreaWarning","MegaBossFinxTowerStasisAreaWarning","","sc/effects_brawler.sc","warning_bosskenji_spawn","warning_bosskenji_spawn","warning_bosskenji_spawn","","GroundHigh","","","","","","100","","","","","200","","","","",""
"MegaBossFinxTowerStasisAreaStun","MegaBossFinxTowerStasisAreaStun","","sc/effects_brawler.sc","","","","","GroundHigh","","","","boss_vecna_360explosion","","","","","","","115","","","","",""
"MegaBossFinxTowerStasisAreaDamage","MegaBossFinxTowerStasisAreaDamage","","sc/effects_brawler.sc","","","","","GroundHigh","","","","boss_finx_aoe_explosion","","100","","","","","150","","","","",""
"RockProjectileMagnetAreaStatuses","RockProjectileMagnetAreaStatuses","","","","","","","GroundHigh","","","","","","100","","","","","100","","","","",""
"RockProjectileMagnetAreaActions","RockProjectileMagnetAreaActions","","sc/effects_brawler_finx.sc","finx_def_ulti_area","finx_def_ulti_area","finx_def_ulti_area_red","","GroundHigh","","","","","","100","","","","","100","","","","",""
"RockUltiTrail","RockUltiTrail","","sc/effects.sc","","","","","GroundHigh","","","","bolt_def_ulti_trail","","100","","","","","28","","","","",""
"RockGadgetJumpArea","RockGadgetJumpArea","","sc/effects.sc","","","","","GroundHigh","","","","bolt_def_gadget2","","100","","","","","80","","","","",""
"KatanaKidUltiDamage","KatanaKidUltiDamage","","sc/effects.sc","","","","","GroundHigh","","","","nori_def_ulti_damage","","100","","","","","133","","","sc3d/nori_def_ulti_fish.glb","sc3d/nori_def_ulti_fish_red.glb","object"
"KatanaKidUltiWarning","KatanaKidUltiWarning","","sc/effects_brawler.sc","","","","","GroundHigh","","","","nori_def_ulti_warning","","100","","","","","100","","","","",""
"GladiatorUltiArenaAreaEffectVfx","GladiatorUltiArenaAreaEffectVfx","","sc/effects_brawler.sc","","","","","GroundHigh","","","","damian_def_ulti_ground","","100","","","","","200","","","","",""
"FutureGirlTurretArea","FutureGirlTurretArea","","sc/effects_brawler_wendy.sc","wendy_def_ulti_ground","wendy_def_ulti_ground","wendy_def_ulti_ground_red","","GroundHigh","","","","wendy_def_ulti_wind","wendy_def_ulti_loop","100","","","","","410","","","","",""
"MegaBossBlackHoleUltiShieldExplosion","MegaBossBlackHoleUltiShieldExplosion","","sc/effects.sc","range450_blue","range450_blue","range450_red","","GroundHigh","","","","boss_tara_008_exp_red","","100","","","","","100","","","","",""
"MegaBossBlackHoleUltiSuck","MegaBossBlackHoleUltiSuck","","sc/effects.sc","range450_blue","range450_blue","range450_red","","GroundHigh","","","","boss_tara_008_suck_red","","100","","","","","200","","","","",""
"MechaDudeUltiSpawnExplosion","MechaDudeUltiSpawnExplosion","","sc/effects_brawler.sc","","","","","GroundHigh","","","","mecha_def_explosion_ulti","","100","","","","","100","","","","",""
"MechaDudeUlti002SpawnExplosion","MechaDudeUltiSpawnExplosion","","sc/effects_brawler.sc","","","","","GroundHigh","","","","mecha_def_explosion_ulti","","100","","","","","100","","","","",""
"MechaDudeUlti003SpawnExplosion","MechaDudeUltiSpawnExplosion","","sc/effects_brawler.sc","","","","","GroundHigh","","","","mecha_def_explosion_ulti","","100","","","","","100","","","","",""
"MechaDudeUlti004SpawnExplosion","MechaDudeUltiSpawnExplosion","","sc/effects_brawler.sc","","","","","GroundHigh","","","","mecha_def_explosion_ulti","","100","","","","","100","","","","",""
"MechaDudeUlti005SpawnExplosion","MechaDudeUltiSpawnExplosion","","sc/effects_brawler.sc","","","","","GroundHigh","","","","mecha_def_explosion_ulti","","100","","","","","100","","","","",""
"MechaDudeUlti006SpawnExplosion","MechaDudeUltiSpawnExplosion","","sc/effects_brawler.sc","","","","","GroundHigh","","","","mecha_def_explosion_ulti","","100","","","","","100","","","","",""
"MechaDudeUlti007SpawnExplosion","MechaDudeUltiSpawnExplosion","","sc/effects_brawler.sc","","","","","GroundHigh","","","","","","100","","","","","100","","","","",""
"MechaDudeUltiSpawnExplosionHyperCharged","MechaDudeUltiSpawnExplosionHyperCharged","","sc/effects_brawler_meg.sc","","","","","GroundHigh","","","","mecha_def_buddy_oc_explosion_ulti","","100","","","","","100","","","","",""
"MechaDudeUlti007SpawnExplosionHyperCharged","MechaDudeUltiSpawnExplosionHyperCharged","","sc/effects_brawler_meg.sc","","","","","GroundHigh","","","","","","100","","","","","100","","","","",""
"MegaBossBlackHolePetExplosionWarning","MegaBossBlackHolePetExplosionWarning","","sc/effects_brawler.sc","warning_bosskenji_spawn","warning_bosskenji_spawn","warning_bosskenji_spawn","","GroundHigh","","","","","","100","","","","","200","","","","",""
"MegaBossBlackHolePetExplosion","MegaBossBlackHolePetExplosion","","sc/effects.sc","range450_blue","range450_blue","range450_red","","GroundHigh","","","","boss_tara_008_exp_red","","100","","","","","100","","","","",""
"MechaDudeUltiSpawnExplosionHyperChargedStatusArea","MechaDudeUltiSpawnExplosionHyperChargedStatusArea","","sc/effects_brawler.sc","","","","","GroundHigh","","","","","","100","","","","","210","","","","",""
"MegaBossRocketGirlBasicProjectileArea","Brock_def_atk_area","","sc/effects.sc","","","","","GroundHigh","","","","brock_012_atk_explosion_blue","","100","","","","","70","","","","",""
"MegaBossRocketGirlUltiArea","Brock_def_ulti_area","","sc/effects.sc","","","","","GroundHigh","","","","brock_012_explosion_blue","","100","","","","","100","","","","",""
"MegaBossRocketGirlTrailArea","MegaBossRocketGirlTrailArea","","sc/effects_brawler_brock.sc","","","boss_brock_012_atk_ground","","GroundHigh","","","","frank_boss_aoe_red","","50","","","","","50","","","","",""
"MegaBossBlackHoleGravityWellWarning","MegaBossBlackHoleGravityWellWarning","","sc/effects_brawler.sc","","","","","GroundHigh","","","","","","100","","","","","250","","","","",""
"MegaBossBlackHoleBoomerangTrailWarning","MegaBossBlackHoleBoomerangTrailWarning","","sc/effects_brawler.sc","gadget_primo_meteor_target","gadget_primo_meteor_target","warning_spawn_opposite","","GroundHigh","","","","","","100","","","","","150","","","","",""
"MegaBossBlackHoleBoomerangTrailSuck","MegaBossBlackHoleBoomerangTrailSuck","","sc/effects.sc","range450_blue","range450_blue","range450_red","","GroundHigh","","","","boss_tara_008_suck_red","","100","","","","","100","","","","",""
"MegaBossBlackHoleBoomerangTrailExplosion","MegaBossBlackHoleBoomerangTrailExplosion","","sc/effects.sc","range450_blue","range450_blue","range450_red","","GroundHigh","","","","boss_tara_008_exp_red","","100","","","","","60","","","","",""
"MegaBossRocketGirlRocketExplosion","MegaBossRocketGirlRocketExplosion","","sc/effects.sc","","","","","GroundHigh","","","","moe_def_atk1_explosion","","100","","","","","300","","","","",""
"MegaBossRocketGirlRainWarning","MegaBossRocketGirlRainWarning","","sc/effects_brawler.sc","gadget_primo_meteor_target","gadget_primo_meteor_target","warning_spawn_opposite","","GroundHigh","","","","","","100","","","","","100","","","","",""
"MegaBossRocketGirlsRainArea","MegaBossRocketGirlsRainArea","","sc/effects_brawler.sc","fireball_ground","fireball_ground","fireball_ground_red","","GroundHigh","","","","frank_boss_aoe_red","","100","","","","","50","","","","",""
"MechaDudeGadgetBuddyFire","MechaDudeGadgetBuddyFire","","sc/effects.sc","","","","","GroundHigh","","","","mecha_def_buddy_gadget2_ground","","100","","","","","70","","","","",""
"MechaDudeBuddyGadgetHealArea","MechaDudeBuddyGadgetHealArea","","sc/effects.sc","","","","","GroundHigh","","","","mecha_def_buddy_gadget1_area_active","mecha_def_buddy_gadget1_area","100","","","","","125","","","","",""
"MechaDudeGadgetEndExplosion","MechaDudeGadgetEndExplosion","","sc/effects.sc","","","","","GroundHigh","","","","mecha_def_buddy_gadget2_exp","","100","","","","","140","","","","",""
"MechaDudeBulletHitExplosionOvercharged","MechaDudeBulletHitExplosionOvercharged","","sc/effects.sc","","","","","GroundHigh","","","","mecha_def_buddy_oc_explosion","","100","","","","","200","","","","",""
"ShotgunGirl_010_spawn","HeroSpawn","","sc/effects_brawler.sc","","","","","GroundHigh","","","","shelly_010_spawn","","100","","","","","100","","","","",""
"TrickshotDudeBulletBouncerAreaEffect","TrickshotDudeBulletBouncerAreaEffect","","sc/effects_brawler.sc","","","","","GroundHigh","","","","","rico_def_gadget1_spawn_loop","100","","","","","40","","","","",""
"RocketGirlGadgetJumpArea","RocketGirlGadgetJumpArea","","sc/effects.sc","","","","","GroundHigh","","","","brock_def_gadget1_jump","","100","","","","","80","","","","",""
"RocketGirlGadgetSkillMegaRocketEndExplosion","RocketGirlGadgetSkillMegaRocketEndExplosion","","sc/effects.sc","","","","","GroundHigh","","","","brock_def_gadget2_exp","","100","","","","","140","","","","",""
"MegaBossRocketGirlJumpExplosionWarning","MegaBossRocketGirlJumpExplosionWarning","","sc/effects_brawler.sc","gadget_primo_meteor_target","gadget_primo_meteor_target","warning_spawn_opposite","","GroundHigh","","","","","","100","","","","","250","","","","",""
"MegaBossRocketGirlJumpExplosion","MegaBossRocketGirlJumpExplosion","","sc/effects.sc","range450_blue","range450_blue","range450_red","","GroundHigh","","","","blackhole_ulti_damage","","100","","","","","200","","","","",""
"PowerLevelerOverchargedUltiProjectiles","PowerLevelerOverchargedUltiProjectiles","","sc/effects.sc","","","","","GroundHigh","","","","","","100","","","","","100","","","","",""
"MegaKatanaKidPushBack","MegaKatanaKidPushBack","","sc/effects_brawler.sc","","","","","GroundHigh","","","","","","100","","","","","165","","","","",""
"MegaKatanaKidDashTrail","MegaKatanaKidDashTrail","","sc/effects_brawler.sc","fireball_ground","fireball_ground","fireball_ground_red","","GroundHigh","","","","frank_boss_aoe_red","","100","","","","","50","","","","",""
"MegaKatanaKid360FishExplosion","MegaKatanaKid360FishExplosion","","sc/effects.sc","","","","","GroundHigh","","","","","","100","","","","","100","","","","",""
"MegaKatanaKidUltiDamage","MegaKatanaKidUltiDamage","","sc/effects.sc","","","","","GroundHigh","","","","nori_boss_jump_damage","","100","","","","","133","","","sc3d/nori_def_ulti_fish.glb","sc3d/nori_def_ulti_fish.glb","GroundTop"
"MegaKatanaKidFishExplosion","MegaKatanaKidFishExplosion","","sc/effects_brawler.sc","","","","","GroundHigh","","","","nori_boss_fish_explosion","","100","","","","","100","","","","",""
"MegaKatanaKidUltiIndicator","MegaKatanaKidUltiIndicator","","sc/effects_brawler.sc","warning_bosskenji_spawn","warning_bosskenji_spawn","warning_bosskenji_spawn","","GroundHigh","","","","","","100","","","","","400","","","","",""
"MegaBossKatanaKid_FishSpawner360FishExplosion","MegaBossKatanaKid_FishSpawner360FishExplosion","","sc/effects.sc","","","","","GroundHigh","","","","","","100","","","","","100","","","","",""
"MegaBossKatanaKid_FishSpawner360FishExplosion2","MegaBossKatanaKid_FishSpawner360FishExplosion2","","sc/effects.sc","","","","","GroundHigh","","","","","","100","","","","","100","","","","",""
"TrickshotDudeBulletBouncerAreaEffectBuddy","TrickshotDudeBulletBouncerAreaEffect","","sc/effects_brawler.sc","","","","","GroundHigh","","","","","rico_def_buddy_gadget1_spawn_loop","100","","","","","40","","","","",""
"FutureGirlGadgetAreaEffect","FutureGirlGadgetAreaEffect","","sc/effects.sc","","","","","GroundHigh","","","","wendy_def_gadget2_area","","100","","","","","55","","","","",""
"FutureGirlGadgetAreaEffectSlow","FutureGirlGadgetAreaEffectSlow","","","","","","","GroundHigh","","","","","","","","","","","55","","","","",""
"RocketGirlGadgetJumpAreaBuddy","RocketGirlGadgetJumpAreaBuddy","","sc/effects.sc","","","","","GroundHigh","","","","brock_def_buddy_gadget1_jump","","100","","","","","80","","","","",""
"CookingScore","CookingScore","","sc/effects.sc","","","","","GroundHigh","","","","mode_foodfight_score","","100","","","","","100","","","","",""
"CookingSpawnIncomingDeliveryBot","CookingSpawnIncomingDeliveryBot","","sc/effects_brawler.sc","warning_bosskenji_spawn","warning_bosskenji_spawn","warning_bosskenji_spawn","","GroundHigh","","","","","","100","","","","","100","","","","",""
"CookingSpawnIncomingGuardBot","CookingSpawnIncomingGuardBot","","sc/effects_brawler.sc","warning_bosskenji_spawn","warning_bosskenji_spawn","warning_bosskenji_spawn","","GroundHigh","","","","","","100","","","","","200","","","","",""
"CookingIngredientAdded","CookingIngredientAdded","","sc/effects.sc","","","","","GroundHigh","","","","mode_foodfight_wok_in","","100","","","","","100","","","","",""
"MechaVanMoveArea","MechaVanMoveArea","","sc/effects_brawler.sc","area_mode_gift","payload_area_mode_blue","payload_area_mode_blue","","GroundHigh","","","","","","100","","","","","175","","","","",""
"MechaVanMoveAreaCharging","MechaVanMoveAreaCharging","","sc/effects_brawler2.sc","payload_area_mode_blue_active","payload_area_mode_blue_active","payload_area_mode_blue_active","","GroundHigh","","","","mechavan_charging_sfx","","100","","","","","175","","","","",""
"MechaVanFodderBombDeathAttack","BarkeepExplosion","","sc/effects_brawler.sc","fireball_ground","fireball_ground","fireball_ground_red","","GroundHigh","","","","barley_002_atk","","100","","","","","73","","","","",""
"Brock_def_atk_area_fx_only","Brock_def_atk_area_fx_only","","sc/effects.sc","","","","","GroundHigh","","","","brock_def_explosion_blue","","100","","","","","70","","","","",""
"MegaBossBlackHolePushBack","MegaBossBlackHolePushBack","","sc/effects_brawler.sc","","","","","GroundHigh","","","","","","100","","","","","110","","","","",""
