"Name","Disabled","Speed","PreExplosionTimeMs","Radius","IgnoreCloseWalls","Indirect","ConstantFlyTime","TriggerWithDelayMs","BouncePercent","DamageReduction","Gravity","EarlyTicks","OnAllyHitActions","OnEnemyHitActions","AreaEffect2DamagePercent","SpawnCharacter","AreaEffectTrailMinDistance","AreaEffectTrailInitialMinDistance","ShotByHero","IsBeam","IsBouncing","DistanceAddFromBounce","MaxDistanceBounces","PiercesCharacters","PiercesEnvironment","PiercesEnvironmentLikeButter","PushbackStrength","PushbackType","OverridePushbackSpeed","MaxZDuringPushback","ChainsToEnemies","ChainBullets","ChainBulletsMax","ChainSpread","ChainTravelDistance","ExecuteChainSpecialCase","DamagePercentStart","DamagePercentEnd","DamageChangeStartPromille","DamageChangeEndPromille","IgnoreDamageChangeForUltiCharge","DamagesConstantlyTickDelay","StunLengthMS","PartialStunPromille","SilenceDurationMS","ScaleStart","ScaleEnd","AttractsPet","LifeStealPercent","PassesEnvironment","SuppressHealing","SuppressHealingTicks","ConsumableShield","ConsumableShieldTicks","DamageOnlyWithOneProj","HealOwnPercent","GrapplesEnemy","KickBack","MinDistanceForSpread","IsFriendlyHomingMissile","BoomerangType","CanHitAgainAfterBounce","IsHomingMissile","UltiChargeChangePercent","TravelType","TravelTypeVariable","TravelTypeVariable2","IgnoreLevelBorder","SteerStrength","SteerIgnoreTicks","HomeDistance","SteerLifeTime","DoNotForceShow","UniqueProperty","CustomUniquePropertyValue","Zoffset","SuperChargeScalePercent","BooleanAttributes"
"string","boolean","int","int","int","boolean","boolean","boolean","int","int","int","int","int","string","string","int","string","int","int","boolean","boolean","boolean","int","int","boolean","boolean","boolean","int","int","int","int","int","int","int","int","int","int","int","int","int","int","boolean","int","int","int","int","int","int","boolean","int","boolean","int","int","int","int","boolean","int","boolean","int","int","boolean","int","boolean","boolean","int","int","int","int","boolean","int","int","int","int","boolean","int","int","int","int","string"
"ShotgunGirlProjectile","","3100","","0","","","","","","","0","2","","","","","","","true","","","","","","","","","","","","","","","","","","","","","","","","","","","","","","","","","","","","","","","","","","","","","","","","","","","","","","","","","","",""
"ShotgunGirlUltiProjectile","","4130","","50","","","","","","","0","2","","","","","","","true","","","","","true","true","","70","","","","","","","","","","","","","","","","","","","","","","","","","","","","","","","","","","","","","","","","","","","","","","","","","","",""
"ShotgunGirlOverchargedUltiProjectile","","4130","","50","","","","","","","0","2","","","","","","","true","","","","","true","true","","70","","","","","","","","","","","","","","","","","","","","","","","","","","","","","","","","","","","","","","","","","","","","","","","","","","",""
"GunslingerProjectile","","4000","","50","","","","","","","0","2","","","","","","","true","","","","","","","","","","","","","","","","","","","","","","","","","","","","","","","","","","","","","","","","","","","","","","","","","","","","","","","","","","",""
"GunslingerUltiProjectile","","4891","","101","","","","","","","0","2","","","","","","","true","","","","","true","true","","","","","","","","","","","","","","","","","","","","","","","","","","","","","","","","","","","","","","","","","","","","","","","","","","","","",""
"GunslingerOverchargedUltiProjectile","","4891","","101","","","","","","","0","2","","","","","","","true","","","","","true","true","","","","","","","","","","","","","","","","","","","","","","","","","","","","","","","","","","","","","","","","","","","","","","","","","","","","",""
"BullDudeProjectile","","2853","","0","","","","","","","0","2","","","","","","","true","","","","","","","","","","","","","","","","","","","","","","","","","","","","","","","","","","","","","","","","","","","","","","","","","","","","","","","","","","",""
"RocketGirlProjectile","","2700","","101","","","","","","","0","2","","","30","","","","true","","","","","","","","","","","","","","","","","","","","","","","","","","","","","","","","","","","","","","","","","","","","","","","","","","","","","","","","","","",""
"RocketGirlUltiProjectile","","900","","0","","true","true","","","","93","2","","","","","","","true","","","","","","","","","","","","","","","","","","","","","","","","","","","","","","","","","","","","","","","","","","","","","","","","","","","","","","","","","","","IndirectProjectileTracksSource"
"TrickshotDudeProjectile","","3478","","101","","","","","","","0","3","","","","","","","true","","true","500","6","","","","","","","","","","","","","","","","","","","","","","","","","","","","","","","","","","","","","","","","","","","","","","","","","","","","","","",""
"TrickshotDudeUltiProjectile","","4891","","101","","","","","","","0","3","","","","","","","true","","true","500","6","true","","","","","","","","","","","","","","","","","","","","","","","","","","","","","","","","","","","","","","","","","","","","","","","","","","","","","",""
"TrickshotDudeUltiOverchargedProjectile","","4891","","101","","","","","","","0","3","","","","","","","true","","true","1800","8","true","","","","","","","","","","","","","","","","","","","","","","","","","","","","","","","","","","","","","","","","","","","","","","","","","","","","","",""
"CactusProjectile","","2174","","150","","","","","","","0","2","","","","","","","true","","","","","","","","","","","","","","","","","","","","","","","","","","","","","","","","","","","","","","","","","","","","","","","","","","","","","","","","","","",""
"CactusUltiProjectile","","1739","","0","","true","","","","","240","1","","","","","","","true","","","","","","","","","","","","","","","","","","","","","","","","","","","","","","","","","","","","","","","","","","","","","","","","","","","","","","","","","","",""
"CactusOverchargedUltiProjectile","","1739","","0","","true","","","","","240","1","","","","","","","true","","","","","","","","","","","","","","","","","","","","","","","","","","","","","","","","","","","","","","","","","","","","","","","","","","","","","","","","","","",""
"CactusSpike","","3261","","50","","","","","","","0","1","","","","","","","true","","","","","","","","","","","","","","","","","","","","","","","","","","","","","","","","","","","","","","","","","","","","","","","","","","","","","","","","","","",""
"MechanicProjectile1","","2870","","150","","","","","","","0","2","","","","","","","true","","","","","","","","","","","","1","","","","20","","","","","","","","","","","","","","","","","","","","","","","","","","","","","","","","","","","","","","","","","","",""
"MechanicProjectile2","","1522","","150","","","","","","","0","1","","","","","","","true","","","","","","","","","","","","1","","","","20","","75","75","0","1000","true","","","","","","","","","","","","","","","","","","","","","","","","","","","","","","","","","","","","",""
"MechanicProjectile3","","1522","","150","","","","","","","0","1","","","","","","","true","","","","","","","","","","","","","","","","","","75","75","0","1000","true","","","","","","","","","","","","","","","","","","","","","","","","","","","","","","","","","","","","",""
"MechanicUltiProjectile","","1196","","0","","true","","","","","170","1","","","","","","","true","","","","","","","","","","","","","","","","","","","","","","","","","","","","","","","","","","","","","","","","","","","","","","","","","","","","","","","","","","",""
"MechanicOverchargedUltiProjectile","","1196","","0","","true","","","","","170","1","","","","","","","true","","","","","","","","","","","","","","","","","","","","","","","","","","","","","","","","","","","","","","","","","","","","","","","","","","","","","","","","","","",""
"ShamanProjectile","","2718","","250","","","","","","","0","1","","","","","","","true","","","","","true","","","","","","","","","","","","","","","","","","","","","","","","","","","","","","","","","","","","","","","","","","","","","","","","","","","","","",""
"ShamanUltiProjectile","","1196","","0","","true","","","","","170","1","","","","","","","true","","","","","","","","","","","","","","","","","","","","","","","","","","","","","","","","","","","","","","","","","","","","","","","","","","","","","","","","","","",""
"ShamanOverchargedProjectile","","3718","","250","","","","","","","0","1","","","","","","","true","","","","","true","","","","","","","","","","","","","","","","","","","","","","100","120","","","","","","","","","","","","","","","","","","","","","","","","","","","","","","",""
"ShamanOverChargedUltiProjectile","","1196","","0","","true","","","","","170","1","","","","","","","true","","","","","","","","","","","","","","","","","","","","","","","","","","","","","","","","","","","","","","","","","","","","","","","","","","","","","","","","","","",""
"BarkeepProjectile","","1750","","0","","true","","","","","240","1","","","","","","","true","","","","","","","","","","","","","","","","","","","","","","","","","","","","","","","","","","","","","","","","","","","","","","","","","","","","","","","","","","",""
"BarkeepUltiProjectile","","1700","","0","","true","","","","","170","1","","","","","","","true","","","","","","","","","","","","","","","","","","","","","","","","","","","","","","","","","","","","","","","","2100","","","","","","","","","","","","","","","","","","",""
"TntDudeProjectile","","1900","","0","","true","","1000","35","","430","1","","","","","","","true","","","","","","","","","","","","","","","","","","","","","","","","","","","","","","","","","","","","","","","","1000","","","","","","","","","","","","","","","","","","",""
"TntDudeOverchargedClusterProjectile","","1900","","0","","true","","1000","35","","430","1","","","","","","","true","","","","","","","","","","","","","","","","","","","","","","","","","","","","","","","","","","","","","","","","1000","","","","","","","","","","","","","","","","","","",""
"TntDudeUltiProjectile","","1600","","0","","true","","1300","35","","330","1","","","","","","","true","","","","","","","","","","","","","","","","","","","","","","","","","","","","","","","","","","","","","","","","","","","","","","","","","","","","","","","","","","",""
"TntDudeOverchargedUltiProjectile","","1600","","0","","true","","1300","35","","330","1","","","","","","","true","","","","","","","","","","","","","","","","","","","","","","","","","","","","","","","","","","","","","","","","","","","","","","","","","","","","","","","","","","",""
"TntDudeNanoChainProjectile","","1900","","0","","true","","1000","35","","430","1","","","","","","","true","","","","","","","","","","","","","","","","","","","","","","","","","","","","","","","","","","","","","","","","1000","","","","","","","","","","","","","","","","","","",""
"BoneThrowerProjectile","","1305","","0","","true","","4000","35","","150","1","","","","","","","true","","","","","","","","","","","","","","","","","","","","","","","","","","","","","true","","","","","","","","","","","","","","","","","","","","","","","","","","","","","",""
"BoneThrowerUltiProjectile","","1305","","0","","true","","15000","35","","150","1","","","","","","","true","","","","","","","","","","","","","","","","","","","","","","","","","","","","","true","","","","","","","","","","","","","","","","","","","","","","","","","","","","","",""
"DummyProjectileForLaserBall","","2499","","0","","","","","","","0","1","","","","","","","false","","true","0","","","","","","","","","","","","","","","","","","","","","","","","","","","","","","","","","","","","","","","","","","","31","","","","","","","","","","","","",""
"DummyProjectileForLaserBallBurning","","2499","","0","","","","","","","0","1","","","","","","","false","","","","","","true","true","","","","","","","","","","","","","","","","","","","","","","","","","","","","","","","","","","","","","","","31","","","","","","","","","","","","",""
"MechanicTurretProjectile","","3478","","0","","","","","","","0","2","","","","","","","","","","","","","","","","","","","","","","","","","","","","","","","","","","","","","","","","","","","","","","","","","","","","","","","","","","","","","","","","","",""
"MechanicOverchargedTurretProjectile","","3478","","0","","","","","","","0","2","","","","","","","","","","","","","","","","","","","","","","","","","","","","","","","","","","","","","","","","","","","","","","","","","","","","","","","","","","","","","","","","","",""
"UndertakerAfterChargeOverchargedProjectile","","3478","","280","","","","","","","0","2","","","","","","","","","","","","","","","","","","","","","","","","","","","","","","","","","","","","","","","","","","","","","","","","","","","","","","","","","","","","","","","","","",""
"UndertakerUltiProjectile","","3000","","400","","","","","","","0","1","","","","","","","true","","","","","true","","","","","","","","","","","","","","","","","","","","","","","","","100","true","","","","","","","","","","","","","","","","","","","","","","","","","","","",""
"UndertakerOverchargedUltiProjectile","","3500","","400","","","","","","","0","1","","","","","","","true","","","","","true","","","","","","","","","","","","","","","","","","","","","","","","","100","true","","","","","","","","","","","1","","","","","","","","","","","","","","","","",""
"UndertakerOverchargedUltiProjectileReturn","","3500","","400","","","","","","","0","1","","","","","","","true","","","","","true","","","","","","","","","","","","","","","","","","","","","","","","","100","true","","","","","","","","","","","","","","","","","","","","","","","","","","","",""
"CrowProjectile","","3261","","50","","","","","","","0","2","","","","","","","true","","","","","","","","","","","","","","","","","","","","","","","","","","","","","","","","50","80","","","","","","","","","","","","","","","","","","","","","","","","","",""
"CrowOverchargedProjectile","","3261","","50","","","","","","","0","2","","","","","","","true","","","","","true","","","","","","","","","","","","","","","","","","","","","","","","","","","50","80","","","","","","","","","1","","","","","","","","","","","","","","","","",""
"CrowOverchargedProjectile2","","3261","","50","","","","","","30","0","2","","","","","","","true","","","","","true","","","","","","","","","","","","","","","","","","","","","","","","","","","50","80","","","","","","","","","1","","","","","","","","","","","","","","","","",""
"CrowUltiProjectile","","3261","","50","","","","","","","0","1","","","","","","","true","","","","","","","","","","","","","","","","","","","","","","","","","","","","","","","","","","","","","","","","","","","","","","","","","","","","","","","","","","",""
"CrowThrowPoisonDaggerSkillProjectile","","3261","","100","","","","","","","0","2","","","","","","","true","","","","","","","","","","","","","","","","","","","","","","","","","","","","","","","","50","80","","","","","","","","","","","","","","","","","","","","","","","","","0",""
"CrowThrowPoisonDaggerSkillProjectileBuddy","","3261","","100","","","","","","","0","2","","","","","","","true","","","","","","","","","","","","1","","","","20","","","","","","","","","","","","","","","","50","80","","","","","","","","","","","","","","","","","","","","","","","","","0",""
"CrowThrowPoisonDaggerSkillProjectileBuddyChain","","3261","","100","","","","","","","0","2","","","","","","","true","","","","","","","","","","","","1","","","","20","","","","","","","","","","","","","","","","50","80","","","","","","","","","","","","","","","","","","","","","","","","","0",""
"DeadMariachiProjectile","","2500","","150","","","","","","","0","4","","","","","","","true","","","","","true","","","","","","","","","","","","","","","","","","","","","","","","","","","","","","","true","","","","","","","","","","","","","","","","","","","","","","",""
"DeadMariachiUltiProjectile","","5000","","400","","","","","","","0","1","","","","","","","true","","","","","true","","","","","","","","","","","","","","","","","","","","","","","","","","true","","","","","true","100","","","","","","","","","","","","","","","","","","","","","",""
"DeadMariachiOverchargedUltiProjectile","","5000","","400","","","","","","","0","1","","","","","","","true","","","","","true","","","","","","","","","","","","","","","","","","","","","","","","","","true","","","","","true","100","","","","","","","","","","","","","","","","","","","","","",""
"BowDudeSpawnMineProjectile","","2391","","0","","true","","","","","405","2","","","","","","","true","","","","","","","","","","","","","","","","","","","","","","","","","","","","","","","","","","","","","","","","","","","","","","","","","","","","","","","","","","",""
"BowDudeProjectile","","2800","","70","","","","","","","0","5","","","","","","","true","","","","","","","","","","","","","","","","","","","","","","","","","","","","","","","","","","","","","","","","","","","","","","","","","","","","","","","","","","",""
"SniperProjectile","","4000","","101","","","","","","","0","3","","","","","","","true","","","","","","","","","","","","","","","","","","20","100","0","850","","","","","","","","","","","","","","","","","","","","","","","","","","","","","","","","","","","","","",""
"MinigunDudeProjectile","","4130","","50","","","","","","","0","2","","","","","","","true","","","","","","","","","","","","","","","","","","","","","","","","","","","","","","","","","","","","","","","","","","","","","","","","","","","","","","","","","","",""
"MinigunDudeUltiProjectile","","1196","","0","","true","","","","","170","3","","","","","","","true","","","","","","","","","","","","","","","","","","","","","","","","","","","","","","","","","","","","","","","","","","","","","","","","","","","","","","","","","","",""
"MinigunDudeProjectileNano","","4130","","50","","","","","","","0","2","","","","","","","true","","","","","","","","","","","","","","","","","","","","","","","","","","","","","","","","","","","","","","","","","","","","","","4","","","","5","5","5","","","","","","",""
"PrimoDefProjectile","","3261","","150","","","","","","","0","1","","","","","","","true","","","","","true","","","","","","","","","","","","","","","","","","","","","","20","100","","","","","","","","","","","","","","","","","","","","","","","","","","","","","","",""
"BlackHoleProjectile","","3152","","100","","","","","","","0","2","","","","","","","true","","","","","true","","","","","","","","","","","","","","","","","","","","","","","","","","","","","","","","","","","","","","","","","","","","","","","","","","","","","",""
"BlackHoleUltiProjectile","","1522","","0","","true","","","","","200","1","","","","","","","true","","","","","","","","","","","","","","","","","","","","","","","","","","","","","","","","","","","","","","","","","","","","","","","","","","","","","","","","","","",""
"BarrelBotProjectile","","4000","","0","","","","","","","0","2","","","","","","","true","","","","","","","","","","","","","","","","","","","","","","","","","","","","","","","","","","","","","","","","","","","","","","","","","","","","","","","","","","",""
"BarrelBotOverchargedProjectile","","4000","","0","","","","","","","0","2","","","","","","","true","","","","","","","","","","","","","","","","","","","","","","","","","","","","","","","","","","","","","","","","","","","","","","","","","","","","","","","","","","",""
"ArtilleryDudeProjectile","","3400","","150","","","","","","","0","2","","","","","","","true","","","","","","","","","","","","","3","","20","16","","","","","","","","","","","","","","","","","","","","","","","","","","","","","","","","","","","","","","","","","","",""
"ArtilleryDudeProjectile2","","2500","","101","","","","","","","0","2","","","","","","","true","","","","","true","","","","","","","","","","","","","75","75","0","1000","","","","","","","","","","","","","","","","","","","","","","","","","","","","","","","","","","","","","",""
"ArtilleryDudeUltiProjectile","","1196","","0","","true","","","","","139","1","","","","","","","true","","","","","","","","","","","","","","","","","","","","","","","","","","","","","","","","","","","","","","","","","","","","","","","","","","","","","","","","","","",""
"ArtilleryDudeTurretProjectile","","750","1200","0","","true","true","","","","90","1","","","22","","","","","","","","","","","","","","","","","","","","","","","","","","","","","","","","","","","","","","","","","","","","","","","","","","","","","","","","","","","","","","",""
"ArtilleryDudeOverchargedUltiProjectile","","1196","","0","","true","","","","","139","1","","","","","","","true","","","","","","","","","","","","","","","","","","","","","","","","","","","","","","","","","","","","","","","","","","","","","","","","","","","","","","","","","","",""
"ArtilleryDudeOverchargedTurretProjectile","","750","1200","0","","true","true","","","","90","1","","","22","","","","","","","","","","","","","","","","","","","","","","","","","","","","","","","","","","","","","","","","","","","","","","","","","","","","","","","","","","","","","","",""
"ShotgunGirlPetProjectile","","2826","","0","","","","","","","0","2","","","","","","","","","","","","","","","","","","","","","","","","","","","","","","","","","","","","","","","","","","","","","","","","","","","","","","","","","","","","","","","","","",""
"BlackHolePetProjectile","","3152","","50","","","","","","","0","2","","","","","","","","","","","","true","","","","","","","","","","","","","","","","","","","","","","","","","","","","","","","","","","","","","","","","","","","","","","","","","","","","","",""
"HammerDudeProjectile","","5000","","150","","","","","","","0","2","","","","","","","true","","","","","true","","","","","","","","","","","","","","","","","","","","","","","","","","","","","","","true","","","","","","","","","","","","","","","","","","","","","","",""
"HammerDudeUltiProjectile","","6000","","250","","","","","","","0","2","","","","","","","true","","","","","true","true","true","","","","","","","","","","","","","","","","","2000","","","","","","","","","","","","true","","","","","","","","","","","","","","","","","","","","","","",""
"HookProjectile","","3200","","150","","","","","","","0","2","","","","","","","true","","","","","","","","","","","","","6","","40","17","1","","","","","","","","","","","","","","","","","","","","","","","","","","","","","","","","","","","","","","","","","",""
"HookProjectile2","","3200","","101","","","","","","","0","2","","","","","","","true","","","","","","","","","","","","","","","","","","","","","","","","","","","","","","","","","","","","","","","","","","","","","","","","","","","","","","","","","","",""
"HookUltiProjectile","","3200","","200","","","","","","","0","4","","","","","","","true","","","","","","","","","","","","","","","","","","","","","","","","","","","","","","","true","","","","","","","true","","","","","","","","","","","","","","","","","","","","",""
"HookUltiProjectile2","","2000","","200","","","","","","","0","2","","","","","","","true","","","","","","true","true","","","","","","","","","","","","","","","","","","","","","","","","true","","","","","","","true","","","","","","","","","","","","","","","","","","","","",""
"ClusterBombProjectile","","450","","0","","true","true","900","","","25","2","","","","","","","true","","","","","","","","","","","","","","","","","","","","","","","","","","","","","","","","","","","","","","","","","","","","","","","","","","","","","","","","","","",""
"ClusterBombProjectile2","","2000","","0","","true","true","","","","200","1","","","","","","","true","","","","","","","","","","","","","","","","","","","","","","","","","","","","","","","","","","","","","","","","","","","","","","","","","","","","","","","","","","",""
"ClusterBombSummonProjectile","","1196","","0","","true","","","","","170","1","","","","","","","true","","","","","","","","","","","","","","","","","","","","","","","","","","","","","","","","","","","","","","","","","","","","","","","","","","","","","","","","","","",""
"ArcadeProjectile","","4500","","50","","","","","","","0","3","","","","","","","true","","","","","","","","","","","","","","","","","","","","","","","","","","","","","","","","","","","","","","","","","","","","","","","","","","","","","","","","","","",""
"ArcadeUltiProjectile","","1196","","0","","true","","","","","170","3","","","","","","","true","","","","","","","","","","","","","","","","","","","","","","","","","","","","","","","","","","","","","","","","","","","","","","","","","","","","","","","","","","",""
"ArcadeOverchargedBuddyProjectile","","4500","","50","","","","","","","0","3","","","","","","","true","","","","","","","","","","","","","","","","","","","","","","","","","","","","","","","","","","","","","","","","","","","","","","","","","","","","","","","","","","",""
"ArcadeItemDispenserProjectile","","2000","","0","","true","","","","","300","1","","","","","","","true","","","","","","","","","","","","","","","","","","","","","","","","","","","","","","","","","","","","","","","","","","","","","","","","","","","","","","","","","","",""
"ArcadeDoubleBonusSkillProjectile","","4500","","50","","","","","","","0","3","","","","","","","true","","","","","","","","","","","","","","","","","","","","","","","","","","","","","","","","","","","","","","","","","","","","","","","","","","","","","","","","","","",""
"ArcadeDoubleBonusSkillBuddyProjectile","","4500","","50","","","","","","","0","3","","","","","","","true","","","","","","","","","","","","1","","","","20","","","","","","","","","","","","","","","","","","","","","","","","","","","","","","","","","","","","","","","","","","",""
"ArcadeDoubleBonusSkillBuddyProjectile2","","3000","","50","","","","","","","0","1","","","","","","","true","","","","","","","","","","","","1","","","","20","","75","75","0","1000","true","","","","","","","","","","","","","","","","","","","","","","","","","","","","","","","","","","","","",""
"ArcadeDoubleBonusSkillBuddyProjectile3","","3000","","50","","","","","","","0","1","","","","","","","true","","","","","","","","","","","","","","","","","","75","75","0","1000","true","","","","","","","","","","","","","","","","","","","","","","","","","","","","","","","","","","","","",""
"LeonDefProjectile","","3500","","100","","","","","","","0","2","","","","","","","true","","","","","","","","","","","","","","","","","","100","35","150","1000","","","","","","","","","","","","","","","","","","","","","","","","","","","","","","","","","","","","","",""
"LeonDefProjectileMutation","","2000","","100","","","","","","","0","2","","","","","","","true","","","","","","","","","","","","","","","","","","100","35","150","1000","","","","","","","","","","","","","","","","","","","","","","","","","","","","","","","","","","","","","",""
"RosaProjectile","","5000","","150","","","","","","","0","2","","","","","","","true","","","","","true","","","","","","","","","","","","","","","","","","","","","","","","","","","","","","","true","","","","","","","","","","","","","","","","","","","","","","",""
"CoopRangedEnemyProjectile","","4000","","100","","","","","","","0","2","","","","","","","","","","","","","","","","","","","","","","","","","","","","","","","","","","","","","","","","","","","","","","","","","","","","","","","","","","","","","","","","","",""
"BossProjectile","","3000","","150","","","","","","","0","3","","","","","","","","","","","","","true","","","","","","","","","","","","","","","","","","","","","","","","","","","","","","","","","","","","","","","","","","","","","","","","","","","","",""
"RaidBossRangedEnemyProjectile","","4000","","100","","","","","","","0","2","","","","","","","","","","","","","","","","","","","","","","","","","","","","","","","","","","","","","","","","","","","","","","","","","","","","","","","","","","","","","","","","","",""
"RaidBossProjectileRed","","5000","","150","","","","","","","0","3","","","","","","","","","","","","","","","","","","","","","","","","","","","","","","","","","","","","","","","","","","","","","","","","","","","","","","","","","","","","","","","","","",""
"RaidBossProjectileRedDestroyEnv","","5000","","150","","","","","","","0","3","","","","","","","","","","","","","true","","","","","","","","","","","","","","","","","","","","","","","","","","","","","","","","","","","","","","","","","","","","","","","","","","","","",""
"RaidBossProjectileGold","","5000","","150","","","","","","","0","3","","","","","","","","","","","","true","true","true","","","","","","","","","","","","","","","","","","","","","","","","","","","","","","","","","","","","","","","","","","","","","","","","","","","",""
"RaidBossRocketProjectile","","480","","0","","true","true","","","","20","2","","","","","","","","","","","","","","","","","","","","","","","","","","","","","","","","","","","","","","","","","","","","","","","","","","","","","","","","","","","","","","","","","",""
"ShamanStarPowerProjectile","","3000","","0","","","","","","","0","1","","","","","","","","","","","","","","","","","","","","","","","","","","","","","","","","","","","","","","true","","","","","","","","","","true","","","","","","","","","","","","","","","","","",""
"UndertakerStarPowerProjectile","","3000","","0","","","","","","","0","1","","","","","","","","","","","","","","","","","","","","","","","","","","","","","","","","","","","","","","true","","","","","","","","","","true","","","","","","","","","","","","","","","","","",""
"HammerDudeStarPowerProjectile","","3000","","0","","","","","","","0","1","","","","","","","","","","","","","","","","","","","","","","","","","","","","","","","","","","","","","","true","","","","","","","","","","true","","","","","","","","","","","","","","","","","",""
"RoboWarsBaseProjectile","","6000","","0","","true","","","","","1900","2","","","","","","","","","","","","","","","","","","","","","","","","","","","","","","","","","","","","","","","","","","","","","","","","","","","true","","","","","","","","","","","","","","",""
"WhirlwindProjectile","","3000","","250","","","","","","","0","1","","","","","","","true","","","","","true","","","","","","","","","","","","","","","","","","","","","","","","","","","","","","","","","","","","","1","","","","","","","","","","","","","6","","","",""
"WhirlwindProjectile2","","3000","","250","","","","","","","0","1","","","","","","","true","","","","","true","","","","","","","","","","","","","","","","","","","","","","","","","","true","","","","","","","","","","","1","","","","","","","","","","","","","6","","","",""
"BaseballUltiProjectile","","3000","","250","","","","","","","0","3","","","","","","","true","","true","","","true","","","","","","","","","","","","","","","","","","10","","","","","","","","","","","","","","","","","","","","","","","","","","","","","","","","","","","",""
"BaseballOverchargedUltiProjectile","","3000","","250","","","","","","","0","3","","","","","","","true","","true","","","false","","","","","","","","2","","20","100","","","","","","","10","","","","","","","","","","","","","","","","","","","","","","","","","","","","","","","","","","","",""
"BaseballOverchargedUltiProjectileChain","","3000","","250","","","","","","","0","3","","","","","","","true","","true","","","true","","","","","","","","","","","","","","","","","","10","","","","","","","","","","","","","","","","","","","","","","","","","","","","","","","","","","","",""
"TurretElecProj","","3478","","0","","","","","","","0","2","","","","","","","","","","","","","","","","","","","1","","","","14","","","","","","","","","","","","","","","","","","","","","","","","","","","","","","","","","","","","","","","","","","",""
"TurretElecProj2","","2000","","0","","","","","","","0","2","","","","","","","","","","","","","","","","","","","1","","","","14","","","","","","","","","","","","","","","","","","","","","","","","","","","","","-100","","","","","","","","","","","","","",""
"TurretElecProj3","","2000","","0","","","","","","","0","2","","","","","","","","","","","","","","","","","","","","","","","","","","","","","","","","","","","","","","","","","","","","","","","","","","","","-100","","","","","","","","","","","","","",""
"BlackHolePet2Projectile","","3000","","0","","","","","","","0","1","","","","","","","","","","","","","","","","","","","","","","","","","","","","","","","","","","","","","","true","","","","","","","","","","true","","","","","","","","","","","","","","","","","",""
"BeeSniperProjectile","","3255","","150","","","","","","","0","3","","","","","","","true","","","","","","","","","","","","","","","","","","","","","","","","","","","","","","","","","","","","","","","","","","","","","","","","","","","","","","","","","","",""
"BeeSniperChargedProjectile","","3255","","150","","","","","","","0","3","","","","","","","true","","","","","","","","","","","","","","","","","","","","","","","","","","","","","","","","","","","","","","","","","","","","","","","","","","","","","","","27","","","",""
"BeeSniperUltiProjectile","","2500","","150","","","","","","","0","2","","","","","","","true","","","","","","","","","","","","","","","","","","","","","","","","","","","","","","","","","","","","","","","","","","","","","","3","","","","","","","","","","","","",""
"BeeProjectile","","4000","","0","","","","","","","0","2","","","","","","","","","","","","","","","","","","","","","","","","","","","","","","","","","","","","","","","","","","","","","","","","","","","","","","","","","","","","","","","","","",""
"SandstormProjectile","","3500","","200","","","","","","","0","4","","","","","","","true","","","","","true","","","","","","","","","","","","","","","","","","","","","","","","","","","","","","","true","","","","","","","","","","","","","","","","","","","","","","",""
"SandstormUltiProjectile","","2000","","0","","true","","","","","300","1","","","","","","","true","","","","","","","","","","","","","","","","","","","","","","","","","","","","","","","","","","","","","","","","","","","","","","","","","","","","","","","","","","",""
"MummyProjectile","","1500","","200","","","","","","","0","3","","","","","","","true","","","","","true","","","","","","","","","","","","","","","","","","7","","","","35","125","","","","","","","","true","","","","","","","","","","1","","","","","","","","","","","","",""
"BossRaceBossProjectile","","5000","","150","","","","","","","0","3","","","","","","","","true","","","","","","","","","","","","","","","","","","","","","","","","","","","","","","","","","","","","","","","","","","","","","","","","","","","","","","","","","",""
"BossRaceBossLightningProjectile1","","3500","","250","","","","","","","0","3","","","","","","","true","","","","","","","","","","","","1","","","","40","","","","","","","","","","","","","","","","","","","","","","","","","","","","","","","","","","","","","","","","","","",""
"BossRaceBossLightningProjectile2","","2700","","250","","","","","","","0","1","","","","","","","true","","","","","","","","","","","","1","","","","40","","","","","","","","","","","","","","","","","","","","","","","","","","","","","","","","","","","","","","","","","","",""
"BossRaceBossLightningProjectile3","","2700","","250","","","","","","","0","1","","","","","","","true","","","","","","","","","","","","","","","","","","","","","","","","","","","","","","","","","","","","","","","","","","","","","","","","","","","","","","","","","","",""
"BossRaceBossRocketProjectile","","400","","0","","true","true","","","","10","2","","","","","","","true","","","","","","","","","","","","","","","","","","","","","","","","","","","","","","","","","","","","","","","","","","","","","","","","","","","","","","","","","","",""
"SpawnerDudeProjectile","","3000","","200","","","","","","","0","2","","","","","","","true","","","","","","","","","","","","","1","","","10","2","","","","","","","","","","","","","","","","","","","","","","","","","","","","","","","","","","","","","","","","","",""
"SpawnerDudeIndirectProjectile","","1000","","0","","true","true","600","35","","400","","","","","","","","true","","","","","","","","","","","","","","","","","","","","","","","","","","","","","","","","","","","","","","","","1000","","","","","","","","","","","","","","","","","","",""
"SpawnerDudeUltiProjectile","","1196","","0","","true","","","","","139","1","","","","","","","true","","","","","","","","","","","","","","","","","","","","","","","","","","","","","","","","","","","","","","","","","","","","","","","","","","","","","","","","","","",""
"SpeedyProjectile","","4000","","50","","","","","","","0","2","","","","","","","true","","","","","","","","","","","","","","","","","","","","","","","","","","","","","","","","","","","","","","","","","","","","","","","","","","","","","","","","","","",""
"SpeedyOverchargedBuddyProjectile","","4000","","50","","","","","","","0","2","","SpeedyOverchargedBuddyWeaponAction","","","","","true","","","","","","","","","","","","","","","","","","","","","","","","","","","","","","","","","","","","","","","","","","","","","","","","","","","","","","","","","","",""
"SpeedyRewindProjectile","","29000","","0","","true","","","","","250","1","","","","","","","true","","","","","","","","","","","","","","","","","","","","","","","","","","","","","","","","","","","","","","","","","","","","","","","","","","","","","","","","","","",""
"4797e4b59a7db4da9abe783a7e1ab7aa704e76d9","true","4130","","50","","","","","","","0","2","","","","","","","true","","","","","true","true","","70","","","","","","","","","","","","","","","","","","","","","","","","","","","","","","","","","","","","","","","","","","","","","","","","","","",""
"7e1d9dd07b134c1939b99ad5f462ed84c0b98a49","true","4130","","50","","","","","","","0","2","","","","","","","true","","","","","true","true","","70","","","","","","","","","","","","","","","","","","","","","","","","","","","","","","","","","","","","","","","","","","","","","","","","","","",""
"DummyProjectileForCTF","","2499","","0","","true","true","","","","700","1","","","","","","","true","","","","","","","","","","","","","","","","","","","","","","","","","","","","","","","","","","","","","","","","","","","","","","","","","","","","","","","","","","",""
"DummyProjectileForBasketBrawl","","1000","","0","","true","true","","","","100","1","","","","","","","true","","","","","","","","","","","","","","","","","","","","","","","","","","","","","","","","","","","","","","","","","","","","","","","","","","","","","","","","","","",""
"SpawnerPetProjectile","","2500","","100","","","","","","","0","","","","","","","","","","","","","","","","","","","","","","","","","","","","","","","","","","","","","","","","","","","","","","","","","","","","","","","","","","","","","","","","","","",""
"SpawnerOverchargedPetProjectile","","2500","","100","","","","","","","0","","","","","","","","","","","","","","","","","","","","","","","","","","","","","","","","","","","","","","","","","","","","","","","","","","","","","","","","","","","","","","","","","","",""
"BlowerProjectile","","3000","","50","","","","","","","0","2","","","","","","","","","","","","","","","","","","","","","","","","","","","","","","","","","","","","","","","","","","","","","","","","","","","","","","","","","","","","","","","","","",""
"BlowerUltiProjectile","","5000","","150","","","","","","","0","1","","","","","","","true","","","","","true","","","450","1","","","","","","","","","","","","","","","","","","","","","","true","","","","","true","","","","","","","","","","","","","","","","","","","","","","",""
"WallyProjectile","","1700","","50","","true","true","","","","300","1","","","","","","","true","","","","","","","","","","","","","1","","","10","2","","","","","","","","","","","","","","","","","","","","","","","1000","","","","","","","","","","","","","","","","","","",""
"WallySecondaryProjectile","","1700","","151","","","","","20","","300","","","","","","","","true","","true","500","2","","","","","","","","","","","","","","","","","","","","","","","","","","","","","","","","","","","","","","","","","","","","","","","","","","","","","","",""
"WallyUltiProjectile","","1739","","0","","true","","","","","240","1","","","","","","","true","","","","","","","","","","","","","","","","","","","","","","","","","","","","","","","","","","","","","","","","","","","","","","","","","","","","","","","","","","",""
"WallyOverchargedUltiProjectile","","1739","","0","","true","","","","","240","1","","","","","","","true","","","","","","","","","","","","","","","","","","","","","","","","","","","","","","","","","","","","","","","","","","","","","","","","","","","","","","","","","","",""
"BarrelBotSpinProjectile","","3044","","100","","","","","","","0","","","","","","","","true","","","","","","","","","","","","","","","","","","","","","","","","","","","","","","","","","","","","","","","","","","","","","","","","","","","","","","","","","","",""
"PiperHandgunProjectile","","4000","","50","","","","","","","0","3","","","","","","","true","","","","","","","","70","","","","","","","","","","","","","","","","","","","","","","","","","","","","","","","","","","","","","","","","","","","","","","","","","","",""
"ControllerUltiProjectile","","2500","","150","","","","","","","0","1","","","","","","","true","","","","","","","","","","","","","","","","","","","","","","","","","","","","","","","","","","","","","","","","","","","","","","5","","","","7","10","","200","","","","","",""
"ControllerUltiOverchargedProjectile","","2500","","150","","","","","","","0","1","","","","","","","true","","","","","","","","","","","","","","","","","","","","","","","","","","","","","","","","","","","","","","","","","","","","","","5","","","","7","10","","200","","","","","",""
"ControllerProjectile","","4000","","40","","","","","","","0","0","","","","","","","","","","","","","","","","","","","","","","","","","","","","","","","","","","","","","","","","","","","","","","","","","","","","","6","","","","","","","","","","","","",""
"CactusSpikeGadget","","2500","","50","","","","","","","0","1","","","","","","","true","","","","","","","","","","","","","","","","","","60","100","0","1000","","","","","","","","","","","","","","","","","","","","","","","","","","","","","","","","","","","","","",""
"TrickshotDudeGadgetProjectile","","4891","","101","","","","","","","0","3","","","","","","","true","","true","500","6","true","","","","","","","","","","","","","","","","","","","","","","","","","","","","","","","","","","","","","","","","","","","","","","","","","","","","","",""
"TrickshotDudeNanoProjectile","","3000","","101","","","","","","","0","3","","","","","","","true","","true","500","6","true","","","","","","","","","","","","","","","","","","","","","","","","","","","","","","","","","","","","","","","","","","","","","","","","","","","","","",""
"PowerLevelerProjectile","","3500","","150","","","","","","","0","2","","","","","","","true","","","","","","","","","","","","","2","","","12","0","","","","","","","","","","","","","","","","","","","","","","","","","","","","","7","","","","","","","","","","","","",""
"PowerLevelerProjectile2","","3000","","150","","","","","","","0","2","","","","","","","true","","","","","","","","","","","","","","","","","","50","50","0","1000","","","","","","","","","","","","","","","","","","","","","","","","","","","","","","","","","","","","","",""
"PowerLevelerOverchargedProjectile","","3500","","150","","","","","","","0","2","","","","","","","true","","","","","","","","","","","","","2","","","12","0","","","","","","","","","","","","","","","","","","","","","","","","","","","","","7","","","","","","","","","","","","",""
"PowerLevelerOverchargedProjectile2","","3000","","150","","","","","","","0","2","","","","","","","true","","","","","","","","","","","","","","","","","","50","50","0","1000","","","","","","","","","","","","","","","","","","","","","","","","","","","","","","","","","","","","","",""
"PowerLevelerOverchargedProjectileBuddy","","3500","","150","","","","","","","0","2","","","","","","","true","","","","","","","","","","","","","2","","","12","0","70","70","0","1000","","","","","","","","","","","","","","","","","","","","","","","","","7","","","","","","","","","","","","",""
"PowerLevelerOverchargedProjectile2Buddy","","3000","","150","","","","","","","0","2","","","","","","","true","","","","","","","","","","","","","","","","","","50","50","0","1000","","","","","","","","","","","","","","","","","","","","","","","","","","","","","","","","","","","","","",""
"PowerLevelerOverchargedUltiProjectile","","3000","","150","","","","","","","0","2","","","","","","","true","","","","","","","","","","","","","","","","","","50","50","0","1000","","","","","","","","","","","","","","","","","","","","","","","","","","","","","","","","","","","","","",""
"RaidBossTCBasicAttackProjectile","","2500","","200","","","","","","","0","0","","","","","","","","","","","","true","true","true","","","","","","","","","","","","","","","","","","","","","","","","","","","","","","","","","","","","","","","","","","","","","","","","","","","",""
"BarkeepHealingProjectile","","1000","","0","","true","true","","","","150","1","","","","","","","true","","","","","","","","","","","","","","","","","","","","","","","","","","","","","","","","","","","","","","","","","","","","","","","","","","","","","","","","","","",""
"SniperHomingProjectile","","4000","","101","","","","","","","0","3","","","","","","","true","","","","","","","","","","","","","","","","","","25","100","0","850","","","","","","","","","","","","","","","","","","","","","","","","","4","","","","2","7","8","17","","","","","",""
"PercenterProjectile","","4000","","150","","","","","","","0","2","","","","","","","true","","","","","","","","","","","","","","","","","","","","","","","","","","","","","","","","","","","","","","","","","","","","","","","","","","","","","","","","","","",""
"PercenterOverchargedProjectile","","4000","","150","","","","","","","0","2","","","","","","","true","","","","","","","","","","","","","","","","","","","","","","","","","","","","","","","","","","","","","","","","","","","","","","","","","","","","","","","","","","",""
"PercenterOverchargedProjectileSecondary","","4000","","150","","","","","","50","0","2","","","","","","","true","","","","","","","","","","","","","","","","","","","","","","","","","","","","","","","","","","","","","","","","","","","","","","","","","","","","","","","","","","",""
"PercenterCharmSkillProjectile","","4000","","150","","","","","","","0","2","","","","","","","true","","","","","","","","","","","","","","","","","","","","","","","","","","","","","","","","","","","","","","","","","","","","","","","","","","","","","","","","","","",""
"PercenterCharmSkillBuddyProjectile","","4000","","150","","","","","","","0","2","","","","","","","true","","","","","true","","","","","","","","","","","","","","","","","","","","","","","","","","true","","","","","","","","","","","","","","","","","","","","","","","","","","","",""
"FireDudeProjectile","","3500","","200","","","","","","","0","2","","","","","","","true","","","","","true","","","","","","","","","","","","","","","","","","","","","","10","100","","","","","","","","","","","","","","","","","","","","","","","","","","","1","","","",""
"FireDudeUltiProjectile","","1750","","0","","true","","","","","240","1","","","","","","","true","","","","","","","","","","","","","","","","","","","","","","","","","","","","","","","","","","","","","","","","","","","","","","","","","","","","","","","","","","",""
"FireDudeOverchargedUltiProjectile","","1750","","0","","true","","","","","240","1","","","","","","","true","","","","","","","","","","","","","","","","","","","","","","","","","","","","","","","","","","","","","","","","","","","","","","","","","","","","","","","","","","",""
"ArcadeStarPowerProjectileSelf","","3600","","0","","","","","","","0","1","","","","","","","","","","","","","","","","","","","","","","","","","","","","","","","","","","","","","","true","","","","","","","","","","true","","","","","","","","","","","","","","","","","",""
"ArcadeStarPowerProjectileAllies","","3600","","0","","","","","","","0","1","","","","","","","","","","","","","","","","","","","","","","","","","","","","","","","","","","","","","","true","","","","","","","","","","true","","","","","","","","","","","","","","","","","",""
"BeeSniperCirclingProjectile","","560","","200","","","","","","","0","10","","","","","","","true","","","","","","","","","","","","","","","","","","35","100","0","850","","","","","","","","","","true","","","","","","","","","","","","","","","8","","","true","","","","97","","","","","",""
"RocketGirlGadgetProjectile","","3500","","150","","","","","","","0","1","","","","","","","true","","","","","","","","","","","","","","","","","","","","","","","","","","","","","","","","","","","","","","","","","","","","","","","","","","","","","","","","","","",""
"GunslingerBigProjectile","","3804","","100","","","","","","","0","2","","","","","","","true","","","","","true","true","true","","","","","","","","","","","","","","","","","","","","","","","","","","","","","","","","","","","","","","","","","","","","","","","","","","","",""
"IceDudeUltiProjectile","","1739","","0","","true","","","","","240","1","","","","","","","true","","","","","","","","","","","","","","","","","","","","","","","","","","","","","","","","","","","","","","","","","","","","","","","","","","","","","","","","","","",""
"IceDudeOverchargedUltiProjectile","","1739","","0","","true","","","","","240","1","","","","","","","true","","","","","","","","","","","","","","","","","","","","","","","","","","","","","","","","","","","","","","","","","","","","","","","","","","","","","","","","","","",""
"IceDudeProjectile","","4000","","60","","","","","","","0","2","","","","","","","true","","","","","","","","","","","","","","","","","","","","","","","","","143","","","","","","","","","","","","","","","","","","","","","","","","","","","","","","","","","",""
"SnakeOilProjectile","","4000","","150","","","","","","","0","1","","","","","","","true","","","","","","","","","","","","","","","","","","","","","","","","","","","","","","","","","","","","","","","","","","","","","","","","","","","","","","","","","","",""
"SnakeOilUltiProjectile","","2000","","0","","true","","","","","330","1","","","","","","","true","","","","","","","","","","","","","","","","","","","","","","","","","","","","","","","","","","","","","","","","","","","","","","","","","","","","","","","","","","",""
"SnakeOilHyperUltiProjectile","","2000","","0","","true","","","","","330","1","","","","","","","true","","","","","","","","","","","","","","","","","","","","","","","","","","","","","","","","","","","","","","","","","","","","","","","","","","","","","","","","","","",""
"SnakeOilHyperExplodedProjectile","","2500","","150","","","","","","","0","1","","","","","","","true","","","","","","","","","","","","","","","","","","","","","","","","","","","","","","","","","","","","","","","","","","","","","","","","","","","","","","","","","","",""
"EnragerProjectile","","3500","","300","","","","","","","0","0","","","","","","","true","","","","","true","","","","","","","","","","","","","","","","","","","","","","","","","35","","","","","","","","","","","","","","","","","","","","","","","","","","","","",""
"EnragerOverchargedLongRangeProjectile","","7000","","300","","","","","","","0","0","","","","","","","true","","","","","true","","","","","","","","","","","","","","","","","","","","","","","","","35","","","","","","","","","","","","","","","","","","","","","","","","","","2000","","","ChangingProjectileCustomRange"
"RuffsProjectile","","3800","","70","","","","","","","0","3","","","","","","","true","","true","500","1","","","","","","","","","","","","","","","","","","","","","","","","","","","","","","","","","","","","","","","","","","","","","","","","","","","","","","",""
"RuffsUltiProjectile","","1700","","0","","true","","","","","240","1","","","","","","","true","","","","","","","","","","","","","","","","","","","","","","","","","","","","","","","","","","","","","","","","","","","","","","","","","","","","","","","","","","",""
"RuffsOverchargedUltiProjectile","","1700","","0","","true","","","","","240","1","","","","","","","true","","","","","","","","","","","","","","","","","","","","","","","","","","","","","","","","","","","","","","","","","","","","","","","","","","","","","","","","","","",""
"GeneHomingProjectile","","2500","","50","","","","","","","1900","2","","","","","","","true","","","","","","","","","","","","","","","","","","25","100","0","500","","","","","","","","","","","","","","","","","","","","","","","","","9","","","","4","2","8","40","","","","","",""
"GeneHomingNanoProjectile","","2500","","75","","","","","","","1900","2","","","","","","","true","","","","","","","","","","","","","","","","","","","","","","","","","","","","","","","","","","","","","","","","","","","","","","9","","","","4","2","8","40","","","","","",""
"NaniBounceProjectile","","6000","","0","","true","","","","","1900","2","","","","","","","true","","","","","","","","","","","","","","","","","","","","","","","","","","","","","","","","","","","","","","","","","","","","true","","","","","","","","","","","","","","",""
"NaniBounceProjectileSmall","","6000","","0","","true","","","","","1900","2","","","","","","","true","","","","","","","","","","","","","","","","","","","","","","","","","","","","","","","","","","","","","","","","","","","","true","","","","","","","","","","","","","","",""
"RollerProjectile","","3300","","150","","","","","","","0","3","","","","","","","true","","","","","","","","","","","","","","","","","","","","","","","","","","","","","","","","","","","","","","","","","","","","","","","","","","","","","","","","","","",""
"ElectroSniperProjectile","","4000","","101","","","","","","","0","3","","","","","","","true","","","","","","","","","","","","","","","","15","","","","","","","","","","","","","","","","","","","","","","","","","","","","","","","","","","","","","","","3","3","","",""
"ElectroSniperSecondaryProjectile_001","","4000","","50","","","","","","","0","1","","","","","","","true","","","","","","","","","","","","","","","","15","","","","","","","","","","","","","","","","","","","","","","","","","","","","","","10","","","","4","2","8","40","","3","3","","",""
"ElectroSniperUltiProjectile","","4000","","150","","","","","","","0","2","","","","","","","true","","","","","","","","","","","","","","","","","","","","","","","","","","","","","","","","","","","","","","","","","","","","","","","","","","","","","","","","","","",""
"ElectroSniperOverchargedUltiProjectile","","4000","","150","","","","","","","0","2","","","","","","","true","","","","","","","","","","","","","","","","","","","","","","","","","","","","","","","","","","","","","","","","","","","","","","4","","","","8","7","8","17","","","","","",""
"StickyBombProjectile","","4000","","50","","","","","","","0","2","","","","","","","","","","","","","","","","","","","","","","","","","","","","","","","","","","","","","","","","","","","","","","","","","","","","","","","","","","","","","","","","","",""
"StickyBombUltiProjectile","","800","","0","","true","true","","","","60","1","","","","","","","true","","","","","","","","","","","","","","","","","","","","","","","","","","","","","","","","","","","","","","","","","","","","","","","","","","","","","","","","","","",""
"StickyBombUltiProjectile2","","3000","","100","","","","","","","0","2","","","","","","","","","","","","","","","","","","","","","","","","","","","","","","","","","","","","","","","","","","","","","","","","","","","","","","","","","","","","","","","","","",""
"CrossBomberProjectile","","840","","0","","true","true","","","","100","1","","","","","","","true","","","","","","","","","","","","","","","","","","","","","","","","","","","","","","","","","","","","","","","","","","","","","","","","","","","","","","","","","","",""
"CrossBomberProjectile2","","3000","","125","","","","","","","0","0","","","","","","","true","","","","","true","","","","","","","","","","","","","","","","","","","","","","","","","","","","","","","true","","","","","","","","","","","","","","","","","","","","","","",""
"CrossBomberUltiProjectile","","800","","0","","true","true","","","","75","1","","","","","","","true","","","","","","","","","","","","","","","","","","","","","","","","","","","","","","","","","","","","","","","","","","","","","","","","","","","","","","","","","","",""
"CrossBomberUltiProjectile2","","3000","","375","","","","","","","0","0","","","","","","","true","","","","","true","true","","70","","","","","","","","","","","","","","","","","","","","","","","","","","","","true","","","","","","","","","","","","","","","","","","","","","","",""
"OverchargedCrossBomberUltiProjectile","","800","","0","","true","true","","","","75","1","","","","","","","true","","","","","","","","","","","","","","","","","","","","","","","","","","","","","","","","","","","","","","","","","","","","","","","","","","","","","","","","","","",""
"OverchargedCrossBomberUltiProjectile2","","3000","","375","","","","","","","0","0","","","","","","","true","","","","","true","true","","70","","","","","","","","","","","","","","","","","","","","","","","","","","","","true","","","","","","","","","","","","","","","","","","","","","","",""
"RopeDudeUltiProjectile","","3800","","150","","","","","","","0","4","","","","","","","true","","","","","","","","","","","","","","","","","","","","","","","","","","","","","","","","","","","","","","","","","","","","","","","","","","","","","","","5","","","",""
"RopeDudeOverchargedUltiProjectile","","3800","","150","","","","","","","0","4","","","","","","","true","","","","","","","","","","","","","","","","","","","","","","","","","","","","","","","","","","","","","","","","","","","","","","","","","","","","","","","5","","","",""
"RopeDudeProjectile","","4000","","250","","","","","","","0","1","","","","","","","true","","","","","true","","","","","","","","","","","","","","","","","","","","","","","","","","","","","","","true","","","","","","","","","","","","","","","","","","","","","","",""
"AssaultShotgunProjectile","","3100","","50","","","","","","","0","2","","","","","","","true","","","","","","","","","","","","","","","","","","","","","","","","","","","","","","","","","","","","","","","","","","","","","","","","","","","","","","","","","","",""
"AssaultShotgunProjectileSp1Buddy","","3100","","80","","","","","","","0","2","","","","","","","true","","","","","","","","","","","","","","","","","","150","150","0","1000","","","","","","","","","","","","","","","","","","","","","","","","","","","","","","","","","","27","","","",""
"AssaultShotgunOverchargedProjectile","","3100","","50","","","","","","","0","2","","","","","","","true","","","","","true","","","","","","","","","","","","","","","","","","","","","","","","","","","","","","","","","","","","","","","","","","","","","","","","","","","","","",""
"AssaultShotgunOverchargedProjectileSp1Buddy","","3100","","80","","","","","","","0","2","","","","","","","true","","","","","true","","","","","","","","","","","","","150","150","0","1000","","","","","","","","","","","","","","","","","","","","","","","","","","","","","","","","","","27","","","",""
"AssaultShotgunUltiProjectile","","3200","","150","","","","","","","0","1","","","","","","","true","","","","","true","","","","","","","","","","","","","50","100","0","900","","","","","","80","130","","","","","","","","","","","","","","1","","","","","","","","","","","","","","","","",""
"AssaultShotgunUltiProjectile2","","3000","","150","","","","","","","0","1","","","","","","","true","","","","","true","","","","","","","","","","","","","100","50","0","900","","","","","","130","80","","","true","","","","","","","","","","","1","","","","11","20","","true","","","","","","","","","",""
"AssaultShotgunGadgetProjectile","","1700","","0","","true","","","","","240","1","","","","","","","true","","","","","","","","","","","","","1","","","0","2","","","","","","","","","","","","","","","","","","","","","","","","","","","","","","","","","","","","","","","","","",""
"AssaultShotgunGadgetProjectile2","","1","","0","","true","","2500","","","","1","","","","","","","true","","","","","","","","","","","","","","","","","","","","","","","","","","","","","","","","","","","","","","","","","","","","","","","","","","","","","","","","","","",""
"AssaultShotgunGadgetProjectileBuddy","","1700","","0","","true","","","","","240","1","","","","AssaultShotgunBombBuddy","","","true","","","","","","","","","","","","","","","","","","","","","","","","","","","","","","","","","","","","","","","","","","","","","","","","","","","","","","","","","","",""
"AssaultShotgunOverchargedUltiProjectile","","4500","","150","","","","","","","0","1","","","","","","","true","","","","","true","","","","","","","","","","","","","50","100","0","900","","","","","","80","130","","","true","","","","","","","","","","","1","","","","","","","","","","","","","","","","",""
"AssaultShotgunOverchargedUltiProjectile2","","4500","","150","","","","","","","0","1","","","","","","","true","","","","","true","","","","","","","","","","","","","100","50","0","900","","","","","","130","80","","","true","","","","","","","","","","","1","","","","11","20","","true","","","","","","","","","",""
"AssaultShotgunOverchargedUltiProjectile3","","4500","","150","","","","","","","0","1","","","","","","","true","","","","","true","","","","","","","","","","","","","100","50","0","900","","","","","","130","80","","","true","","","","","","","","","","","1","","","","11","30","","true","","","","","","","","","",""
"HoldBallResetTrail","","2000","","50","","true","true","","","","500","1","","","","HoldingBall","","","","","","","","true","true","","","","","","","","","","","","","","","","","","","","","","","","","true","","","","","","","","","","","","","","","","","","","","","","","","","","","",""
"RollerGadgetProjectile","","4000","","100","","","","","","","0","2","","","","","","","","","","","","","","","","","","","","","","","","","","","","","","","","","","","","","","","","","","","","","","","","","","","","","","","","","","","","","","","","","",""
"KnightProjectile1","","5000","","250","","","","","","","0","2","","","","","","","true","","","","","true","","","","","","","","","","","","","","","","","","","","","","","","","","","","","","","","","","","","","","","","","","","","","","","","","","","","","",""
"KnightProjectile2","","5000","","250","","","","","","","0","2","","","","","","","true","","","","","true","","","","","","","","","","","","","150","150","0","1000","","","","","","","","","","","","","","","","","","","","","","","","","","","","","","","","","","","","","",""
"KnightProjectile3","","5000","","250","","","","","","","0","2","","","","","","","true","","","","","true","","","","","","","","","","","","","200","200","0","1000","","","","","","","","","","","","","","","","","","","","","","","","","","","","","","","","","","","","","",""
"KnightUltiProjectile","","1196","","0","","true","","","","","170","1","","","","","","","true","","","","","","","","","","","","","","","","","","","","","","","","","","","","","","","","","","","","","","","","","","","","","","","","","","","","","","","","","","",""
"MechaDudeProjectile","","4000","","150","","","","","","","0","2","","","","","","","true","","","","","","","","","","","","","","","","","","","","","","","","","","","","","","","","","","","","","","","","","","","","","","","","","","","","","","","","","","",""
"MechaDudeBigProjectile","","4500","","100","true","","","","","","0","2","","","","","","","true","","","","","","","","","","","","","","","","","","","","","","","","","","","","","","","","","","","","","","","","","","","","","","","","","","","","","","","","","","",""
"DuplicatorProjectile","","4500","","100","","","","","","","0","2","","","","","","","true","","","","","","","","","","","","","","","","","","","","","","","","","","","","","","","","","","","","","","","","","","","","","","","","","","","","","","","","","","",""
"DuplicatorUltiProjectile","","1196","","0","","true","","","","","170","1","","","","","","","true","","","","","","","","","","","","","","","","","","","","","","","","","","","","","","","","","","","","","","","","","","","","","","","","","","","","","","","","","","",""
"OverchargedDuplicatorUltiProjectile","","1196","","0","","true","","","","","170","1","","","","","","","true","","","","","","","","","","","","","","","","","","","","","","","","","","","","","","","","","","","","","","","","","","","","","","","","","","","","","","","","","","",""
"OverchargedDuplicatorProjectile","","4500","","100","","","","","","","0","2","","","","","","","true","","","","","","","","","","","","","","","","","","","","","","","","","","","","","","","","","","","","","","","","","","","","","","","","","","","","","","","","","","",""
"KickerDudeProjectile","","3200","","300","","","","","","","0","1","","","","","","","true","","","","","","","","","","","","","1","","","20","1","","","","","","","","","","50","100","","","","","","","","true","","","","","","","","","","","","","","","","","","","","","","",""
"KickerDudeProjectile2","","4500","","100","","","","","","","0","2","","","","","","","true","","","","","","","","","","","","","","","","","","25","25","0","1000","","","","","","","","","","","","","","","","","","","","","","","","300","","","","","","","","","","","","","",""
"37f901aa7e3ec65beb084459d9fe977d4c219318","true","4130","","50","","","","","","","0","2","","","","","","","true","","","","","true","true","","70","","","","","","","","","","","","","","","","","","","","","","","","","","","","","","","","","","","","","","","","","","","","","","","","","","",""
"f28c1588967f18e7f4135feb09d1ccb7fd1dbe4c","true","4130","","50","","","","","","","0","2","","","","","","","true","","","","","true","true","","70","","","","","","","","","","","","","","","","","","","","","","","","","","","","","","","","","","","","","","","","","","","","","","","","","","",""
"KickerDudeMinesProjectile","","450","","0","","true","true","900","","","25","2","","","","","","","true","","","","","","","","","","","","","","","","","","","","","","","","","","","","","","","","","","","","","","","","","","","","","","","","","","","","","","","","","","",""
"FleaUltiProjectile","","1200","","0","","true","","","","","139","1","","","","","","","true","","","","","","","","","","","","","","","","","","","","","","","","","","","","","","","","","","","","","","","","","","","","","","","","","","","","","","","","","","",""
"FleaSpawnProjectile","","800","","0","","true","true","","","","70","2","","","","","","","true","","","","","","","","","","","","","","","","","","","","","","","","","","","","","","","","","","","","","","","","","","","","","","","","","","","","","","","","","","",""
"FleaOverchargedSpawnProjectile","","1000","","0","","true","true","","","","70","2","","","","","","","true","","","","","","","","","","","","","","","","","","","","","","","","","","","","","","","","","","","","","","","","","","","","","","","","","","","","","","","","","","",""
"FleaProjectile1","","3500","","100","","","","","","","0","2","","","","","","","","","","","","","","","","","","","","","","","","","","","","","","","","","","","","","","","","","","","","","","","","","","","","","","","","","","","","","","","","","",""
"FleaProjectile2","","3500","","150","","","","","","","0","2","","","","","","","","","","","","","","","","","","","","","","","","","","","","","","","","","","","","","","","","","","","","","","","","","","","","","","","","","","","","","","","","","",""
"FleaProjectile3","","3500","","200","","","","","","","0","2","","","","","","","","","","","","","","","","","","","","","","","10","","","","","","","","","","","","","","","","","","","","","","","","","","","","","","","","","","","","","","","","","","",""
"FleaProjectileNano4","","3500","","300","","","","","","","0","2","","","","","","","","","","","","","","","","","","","","","","","10","","","","","","","","","","","","","","","","","","","","","","","","","","","","","","","","","","","","","","","","","","",""
"PercenterLifestealProjectile","","4000","","150","","","","","","","0","2","","","","","","","true","","","","","","","","","","","","","","","","","","","","","","","","","","","","","","80","","","","","","","","","","","","","","","","","","","","","","","","","","","","",""
"BaseballStickyProjectile","","3000","","250","","","","","","","0","3","","","","","","","true","","true","","","true","","","","","","","","","","","","","","","","","","10","","","","","","","","","","","","","","","","","","","","","","","","","","","","","","","","","","","",""
"MummyAcidProjectile","","1500","","200","","","","","","","0","3","","","","","","","true","","","","","true","","","","","","","","","","","","","","","","","","7","","","","35","125","","","true","","","","","true","","","","","","","","","","1","","","","","","","","","","","","",""
"ElectroSniperBounceProjectile","","4000","","101","","","","","","","0","3","","","","","","","true","","true","3000","1","","","","","","","","","","","","","","","","","","","","","","","","","","","","","","","","","","","","","","","","","","","","","","","","","","","3","3","","",""
"JetpackGirlUltiProjectile","","1500","","0","","true","true","","","","20","2","","","","","","","true","","","","","","","","","","","","","","","","","","","","","","","","","","","","","","","","","","","","","","","","1000","","","","","","","","","","","","","","","","","","",""
"JetpackGirlProjectile","","3650","","100","","","","","","","0","","","","","","","","true","","","","","true","","","","","","","","","","","","","","","","","","","","","","50","100","","","","","","","","true","","","","","","","","","","","","","","","","","","","","","","",""
"CannonGirlProjectile","","3800","","150","","","","","","","0","2","","","","","","","true","","","","","","","","","","","","","0","","135","6","3","","","","","","","","","","","","","","","","","","","","","","","","","","","","","","","","","","","","","","","","","",""
"CannonGirlSmallProjectile","","3000","","100","","","","","","","25","2","","","","","","","true","","","","","","","","","","","","","","","","","","","","","","","","","","","","","","","","","","","","","","","","","","","","","","","","","","","","","","","","","","",""
"CannonGirlChainProjectile","","3261","","50","","","","","","","0","1","","","","","","","true","","","","","","","","","","","","","","","","","","25","25","0","1000","","","","","","","","","","","","","","","","","","","","","","","","","","","","","","","","","","","","","",""
"CannonGirlExplosionProjectileOvercharged","","3000","","100","","","","","","","25","2","","","","","","","true","","","","","","","","","","","","","","","","","","","","","","","","","","","","","","","","","","","","","","","","","","","","","","","","","","","","","","","","","","",""
"FlameDudeCirclingProjectile","","560","","200","","","","","","","0","0","","","","","","","true","","","","","true","","","","","","","","","","","","","","","","","","10","","","","","","","","true","","","","","","","","","","","","","","","8","800","","true","","","","100","","","","","",""
"SilencerProjectile","","3600","","100","","","","","","","0","3","","","","","","","true","","","","","","","","","","","","","","","","","","","","","","","","","","","","","","","","","","","","","","","","","","","","","","","","","","","","","","","","","","",""
"SilencerBigProjectile","","3600","","200","","","","","","","0","3","","","","","","","true","","","","","","","","","","","","","","","","","","","","","","","","","","","","","","","","","","","","","","","","","","","","","-100","","","","","","","","","","","","","",""
"SilencerUltiProjectile","","3200","","200","","","","","","","0","2","","","","","","","","","","","","","","","","","","","","","","","","","","","","","","","","","","","","","","","","","","","","","","","","","","","","","","","","","","","","","","7","","","",""
"SilencerOverchargedUltiProjectile","","3200","","200","","","","","","","0","2","","","","","","","","","","","","","","","","","","","","","","","","","","","","","","","","","","","","","","","","","","","","","","","","","","","","","","","","","","","","","","7","","","",""
"WeaponThrowerProjectile","","5000","","150","","","","","","","0","2","","","","","","","true","","","","","true","","","","","","","","","","","","","","","","","","","","","","","","","","","","","","","true","","","","","","","","","","","","","","","","","","","","","","",""
"WeaponThrowerProjectile2","","3261","","150","","","","","","","0","1","","","","","","","true","","","","","true","","","","","","","","","","","","","","","","","","","","","","20","100","","","","","","","","","","","","","","","","","","","","","","","","","","","","","","",""
"WeaponThrowerUltiProjectile","","2900","","250","","","","","","","0","1","","","","","","","true","","","","","true","","","","","","","","","","","","","","","","","","","","","","","","","","","","","","","","","","","","","","","","","","","","","","","","","","","","","",""
"WeaponThrowerUltiProjectile2","","3600","","100","","","","","","","0","0","","","","","","","true","","","","","true","","","","","","","","","","","","","","","","","","","","","","","","","","true","","","","","","","","","","","","","","","","","","","","","","","","8","","","",""
"WeaponThrowerOverchargedUltiProjectile","","3600","","250","","","","","","","0","1","","","","","","","true","","","","","true","","","","","","","","","","","","","","","","","","","","","","","","","","","","","","","","","","","","","","","","","","","","","","","","","","","","","",""
"WeaponThrowerOverchargedUltiProjectile2","","4400","","100","","","","","","","0","0","","","","","","","true","","","","","true","","","","","","","","","","","","","","","","","","","","","","","","","","true","","","","","","","","","","","","","","","","","","","","","","","","8","","","",""
"SoulCollectorProjectile","","4000","","150","","","","","","","0","1","","","","","","","true","","","","","","","","","","","","","","","","","","","","","","","","","","","","","","","","","","","","","","","","","","","","","","","","","","","","","","","","","","",""
"SoulCollectorUltiProjectile","","3600","","200","","","","","","","0","2","","","","","","","","","","","","","","","","","","","","","","","","","","","","","","","","","","","","","","true","","","2600","200","","","","","","","","","","","","","","","","","","","","","","","",""
"ShieldTankProjectile","","4200","","250","","","","","","","0","","","","","","","","true","","","","","true","","","","","","","","","","","","","100","50","150","1000","","","","","","","","","","","","","","","true","","","","","","","","","","","","","","","","","","","","","","",""
"ShieldTankUltiProjectile","","4200","","50","","","","","","","0","1","","","","","","","true","","","","","","","","","","","","","","","","","","","","","","","","","","","","","","","","","","","","","","","","","","","","","","","","","","","","","","","","","","",""
"ShieldTankOverchargedUltiProjectile","","4200","","50","","","","","","","0","1","","","","","","","true","","","","","","","","","","","","","","","","","","","","","","","","","","","","","","","","","","","","","","","","","","","","","","","","","","","","","","","","","","",""
"JesterProjectile","","3300","","100","","","","","","","0","2","","","","","","","true","","","","","","","","","","","","","","","","","","","","","","","","","","","","","","","","","","","","","","","","","","","","","","","","","","","","","","","","","","",""
"JesterUltiProjectileExploding","","800","","0","","true","true","","","","75","1","","","","","","","true","","","","","","","","","","","","","","","","","","","","","","","","","","","","","","","","","","","","","","","","","","","","","","","","","","","","","","","","","","",""
"JesterUltiProjectileStunning","","3000","","150","","","","","","","0","2","","","","","","","true","","","","","","","","","","","","","","","","","","","","","","","","1000","","","","","","","","","","","","","","","","","","","","","","","","","","","","","","","","","","",""
"JesterUltiProjectilePoisoning","","2000","","200","","","","","","","0","3","","","","","","","true","","","","","true","","","","","","","","","","","","","","","","","","","","","","35","125","","","","","","","","true","","","","","","","","","","1","","","","","","","","","","","","",""
"ChesterOverchargedUltiProjectilePoisoning","","1800","","200","","","","","","","0","3","","","","","","","true","","","","","true","","","","","","","","","","","","","","","","","","","","","","35","125","","","","","","","","true","","","","","","","","","","1","","","","","","","","","","","","",""
"JesterProjectileSP","","3300","","100","","","","","","","0","2","","","","","","","TRUE","","","","","","","","","","","","","","","","","","","","","","","","","","","","","","","","","","","","","","","","","","","","","","","","","","","","","","","","","","",""
"DoorManProjectile","","3804","","50","","","","","","","0","2","","","","","","","true","","","","","","","","","","","","","","","","","","","","","","","","","","","","","","","","","","","","","","","","","","","","","","","","","","","","","","","","","","",""
"DoorManCaneGadgetProjectile","","3200","","200","","","","","","","0","4","","","","","","","true","","","","","","","","","","","","","","","","","","","","","","","","","","","","","","","true","","","","","","","true","","","","","","","","","","","","","","","","","","","","",""
"DoorManCaneGadgetProjectile2","","2000","","200","","","","","","","0","2","","","","","","","true","","","","","","true","true","","","","","","","","","","","","","","","","","","","","","","","","true","","","","","","","true","","","","","","","","","","","","","","","","","9","200","","",""
"BeamerProjectile","","3800","","100","","","","","","","0","1","","","","","","","true","","","","","","","","","","","","","","","","","","","","","","","","","","","","","","","","","","","","","","","","","","","","","","","","","","","","","","","","","","",""
"BeamerUltiProjectile","","5000","","250","","","","","","","0","2","","","","","","","true","","","","","true","","","","","","","","","","","","","","","","","","","","","","","","","","true","","","","","","","","","","","","","","","","","","true","","","","","","","","","",""
"SplitterProjectile","","4500","","50","","","","","","","0","3","","","","","","","true","","","","","","","","","","","","","","","","","","","","","","","","","","","","","","","","","","","","","","","","","","","","","","","","","","","","","","","","","","",""
"SplitterCirclingProjectile","","29","","100","","","","","","","0","3","","","","","","","true","","","","","true","","","","","","","","","","","","","","","","","","10","","","","","","","","true","","","","","","","","","","","","","","","8","","","true","","","","100","","","","","",""
"PuppeteerProjectile","","1750","","0","","true","","","","","240","1","","","","","","","true","","","","","","","","","","","","","","","","","","","","","","","","","","","","","","","","","","","","","","","","","","","","","","","","","","","","","","","","","","",""
"PuppeteerUltiProjectile","","4130","","150","","","","","","","0","2","","","","","","","true","","","","","","","","","","","","","","","","","","","","","","","","","","","","","","","","","","","","","","","","","","","","","","","","","","","","","","","12","80","","",""
"OverchargedPuppeteerUltiProjectile","","4130","","150","","","","","","","0","2","","","","","","","true","","","","","","","","","","","","","","","","","","","","","","","","","","","","","","","","","","","","","","","","","","","","","","","","","","","","","","","12","80","","",""
"MaisieProjectile","","3000","","101","","","","","","","0","3","","","","","","","true","","","","","","","","","","","","","","","","","","","","","","","","","","","","","","","","","","","","","","","","","","","","","","2","","","","","","","","","","","","",""
"FishTankUltiProjectile","","4000","","101","","","","","","","0","3","","","","","","","true","","","","","","","","","","","","","","","","","","","","","","","","","","","","","","","","","","","","","","","","","","","","","","","","","","","","","","","","","","",""
"FishTankUltiProjectileSmall","","3000","","75","","","","","","","0","3","","","","","","","true","","","","","","","","","","","","","","","","","","","","","","","","","","","","","","","","","","","","","","","","","","","","","","","","","","","","","","","","","","",""
"DuelistProjectile","","3800","","100","","","","","","","0","2","","","","","","","true","","","","","","","","","","","","","","","","","","","","","","","","","","","","","","","","","","","","","","","","","","","","","","","","","","","","","","","","","","",""
"DuelistUltiProjectile","","3800","","200","","","","","","","0","2","","","","","","","true","","","","","","","","","","","","","","","","","","","","","","","","","","","","","","","true","","","","","","","","","","","","","","","","","","true","","","","","","13","160","","",""
"DuelistOverchargedUltiProjectile","","3800","","200","","","","","","","0","2","","","","","","","true","","","","","","","","","","","","","","","","","","","","","","","","","","","","","","","true","","","","","","","","","","","","","","","","","","true","","","","","","13","160","","",""
"DuelistSilenceProjectile","","3800","","200","","","","","","","0","3","","","","","","","true","","","","","","","","","","","","","","","","","","","","","","","","","","1000","","","","","","","","","","","","","","","","","","","","","","","","","","","","","","","","",""
"ReviverUltiProjectile","","4500","","200","","","","","","","0","3","","","","","","","true","","","","","","","","","","","","","","","","","","","","","","","","","","","","","","","true","","","","","","","","","","","","","","","4","","","","7","3","4","11","","14","40","","",""
"ReviverOverchargedUltiProjectile","","4500","","200","","","","","","","0","3","","","","","","","true","","","","","","","","","","","","","","","","","","","","","","","","","","","","","","","true","","","","","","","","","","","","","","","4","","","","7","3","4","11","","14","40","","",""
"CookerProjectile","","4000","","100","","","","","","","0","2","","","","","","","true","","","","","","","","","","","","","","","","","","","","","","","","","","","","","","","","","","","","","","","","","","","","","","","","","","","","","","","15","-380","","",""
"ConductorProjectile","","1750","","200","","","","","","","0","3","","","","","","","true","","","","","true","","","","","","","","","","","","","100","50","150","1000","","","","","","20","100","","","","","","","","","","","","","","","","","","1","100","","","","","","","","","","","",""
"ConductorUltiProjectile","","1500","","0","","true","","","","","139","3","","","","","","","true","","","","","","","","","","","","","","","","","","","","","","","","","","","","","","","","","","","","","","","","","","","","","","","","","","","","","","","","","","",""
"ConductorOverchargedProjectile","","1750","","200","","","","","","","0","2","","","","","","","true","","","","","true","","","","","","","","","","","","","","","","","","","","","","20","100","","","","","","","","","","","","","","","","","","1","100","","","","","","","","","","","",""
"CocoonerProjectile","","4200","","150","","","","","","","0","1","","","","","","","true","","","","","","","","","","","","","","","","","","","","","","","","","","","","","","","","","","","","","","","","","","1","","","","","","","","","","","","","16","","","",""
"CocoonerProjectile2","","4200","","150","","","","","","","0","1","","","","","","","true","","","","","true","","","","","","","","","","","","","","","","","","","","","","","","","","true","","","","","","","","","","","1","","","","","","","","","","","","","16","","","",""
"CocoonerUltiProjectile","","3300","","200","","","","","","","0","2","","","","CocoonerCocoon","","","","","","","","","","","","","","","","","","","","","","","","","","","","","","","","","","","","","","","","","","","","","","","","","","","","","","","","","","17","","","",""
"CocoonerOverchargedUltiProjectile","","3300","","200","","","","","","","0","2","","","","CocoonerCocoon","","","","","","","","","","","","","","","","","","","","","","","","","","","","","","","","","","","","","","","","","","","","","","","","","","","","","","","","","","17","","","",""
"MechanicOverchargedTurretElecProj","","3478","","0","","","","","","","0","2","","","","","","","","","","","","","","","","","","","1","","","","14","","","","","","","","","","","","","","","","","","","","","","","","","","","","","","","","","","","","","","","","","","",""
"MechanicOverchargedTurretElecProj2","","2000","","0","","","","","","","0","2","","","","","","","","","","","","","","","","","","","1","","","","14","","","","","","","","","","","","","","","","","","","","","","","","","","","","","","","","","","","","","","","","","","",""
"MechanicOverchargedTurretElecProj3","","2000","","0","","","","","","","0","2","","","","","","","","","","","","","","","","","","","","","","","","","","","","","","","","","","","","","","","","","","","","","","","","","","","","","","","","","","","","","","","","","",""
"CrowOverchargedUltiProjectile","","3261","","50","","","","","","","0","1","","","","","","","true","","","","","true","","","","","","","","","","","","","","","","","","","","","","","","","","","","","","","","","","","","","1","","","","","","","","","","","","","","","","",""
"CrowOverchargedUltiProjectile2","","3261","","50","","","","","","","0","1","","","","","","","true","","","","","true","","","","","","","","","","","","","","","","","","","","","","","","","","TRUE","","","","","","","","","","","1","","","","","","","","","","","","","","","","",""
"LeaperShotgunProjectile","","3600","","0","","","","","","","0","2","","","","","","","true","","","","","","","","","","","","","","","","","","","","","","","","","","","","","","","","","","","","","","","","","","","","","","","","","","","","","","","","","","",""
"TwinsThrowerProjectile","","2000","","0","","true","","","","","260","1","","","","","","","true","","","","","","","","","","","","","","","","","","","","","","","","","","","","","","","","","","","","","","","","","","","","","","","","","","","","","","","","","","",""
"TwinsShotgunProjectile","","3400","","0","","","","","","","0","2","","","","","","","true","","","","","","","","","","","","","","","","","","","","","","","","","","","","","","","","","","","","","","","","","","","","","","","","","","","","","","","","","","",""
"TwinsUltiProjectile","","1196","","0","","true","","","","","170","1","","","","","","","true","","","","","","","","","","","","","","","","","","","","","","","","","","","","","","","","","","","","","","","","","","","","","","","","","","","","","","","","","","",""
"TwinsHCUltiProjectile","","1196","","0","","true","","","","","170","1","","","","","","","true","","","","","","","","","","","","","","","","","","","","","","","","","","","","","","","","","","","","","","","","","","","","","","","","","","","","","","","","","","",""
"AttacherProjectile","","1900","","0","","true","","800","35","","430","1","","","","","","","true","","","","","","","","","","","","","","","","","","","","","","","","","","","","","","","","","","","","","","","","1000","","","","","","","","","","","","","","","","","","",""
"AttacherProjectileOvercharged","","1900","","0","","true","","800","35","","430","1","","","","","","","true","","","","","","","","","","","","","","","","","","","","","","","","","","","","","","","","","","","","","","","","1000","","","","","","","","","","","","","","","","","","",""
"AxeJugglerProjectile","","4500","","125","","","","","","","0","2","","","","","","","true","","","","","","","","","","","","","1","3","","","4","","","","","","","","","","","","","","","","","","","","","","","","","","","","","","","","","","","","","","","","","",""
"AxeJugglerProjectile2","","860","","125","","","","","","","0","0","","","","","","","true","","","","","true","","","","","","","","","","","","","200","200","0","1000","","10","","","","","","","","true","","","","","","","","","","","","","","","8","650","10","true","","","","160","TRUE","19","-50","","",""
"AxeJugglerOverchargedProjectile2","","860","","125","","","","","","","0","0","","","","","","","true","","","","","true","","","","","","","","","","","","","200","200","0","1000","","10","","","","","","","","true","","","","","","","","","","","","","","","8","650","10","true","","","","160","TRUE","19","-50","","",""
"MosquitoProjectile","","4000","","100","","","","","","","0","3","","","","","","","true","","","","","","","","","","","","","","","","","","","","","","","","","","","","","","","","","","","","","","","","","","","","","","","","","","","","","","","18","","","",""
"MosquitoProjectilePoison","","4000","","100","","","","","","","0","3","","","","","","","true","","","","","","","","","","","","","","","","","","","","","","","","","","","","","","","","40","80","","","","","","","","","","","","","","","","","","","","","","18","50","","",""
"SandstormOverchargedUltiProjectile","","2000","","0","","true","","","","","300","1","","","","","","","true","","","","","","","","","","","","","","","","","","","","","","","","","","","","","","","","","","","","","","","","","","","","","","","","","","","","","","","","","","",""
"ClusterBombOverchargedSummonProjectile","","3000","","0","","true","","","","","170","1","","","","","","","true","","","","","","","","","","","","","","","","","","","","","","","","","","","","","","","","","","","","","","","","","","","","","","","","","","","","","","","","","","",""
"RocketGirlUltiOverchargedProjectile","","870","","0","","true","true","","","","93","2","","","","","","","true","","","","","","","","","","","","","","","","","","","","","","","","","","","","","","","","","","","","","","","","","","","","","","","","","","","","","","","","","","",""
"SpeedyOverchargedProjectile","","1000","","0","","true","true","","","","150","1","","","","","","","true","","","","","","","","","","","","","","","","","","","","","","","","","","","","","","","","","","","","","","","","","","","","","","9","","","","","","","","","","","","",""
"HookUltiOverchargedProjectile","","3200","","200","","","","","","","0","4","","","","","","","true","","","","","","","","","","","","","","","","","","","","","","","","","","","","","","","true","","","","","","","true","","","","","","","","","","","","","","","","","","","","",""
"HookUltiOverchargedProjectile2","","3200","","200","","","","","","","0","4","","","","","","","true","","","","","","","","","","","","","","","","","","","","","","","","","","","","","","","true","","","","","","","true","","","","","","","","","","","","","","","","","","","","",""
"ElectroSniperMutantProjectile","","4000","","101","","","","","","","0","3","","","","","","","true","","","","","","","","","","","","","","","","","","","","","","","","","","","","","","","","","","","","","","","","","","","","","","","","","","","","","","","3","3","","",""
"DragonRiderProjectile","","3800","","200","","","","","","","0","0","","","","","","","true","","","","","true","","","","","","","","","","","","","200","200","700","1000","","10","","","","","","","","","","","","","","","","","","","","","","","","","","","","","","","","","","","",""
"DragonRiderDragonProjectile","","3500","","250","","","","","","","0","2","","","","","","","true","","","","","","","","","","","","","","","","","","","","","","","","","","","10","100","","","","","","","","","","","","","","","","","","","","","","","","","","","","","","",""
"DragonRiderDragonOverchargedProjectile","","3500","","250","","","","","","","0","2","","","","","","","true","","","","","","","","","","","","","","","","","","","","","","","","","","","10","100","","","","","","","","","","","","","","","","","","","","","","","","","","","","","","",""
"AmbusherProjectile","","3500","","300","","","","","","","0","0","","","","","","","true","","","","","true","","","","","","","","","","","","","","","","","","","","","","","","","","","","","","","","","","","","","","","","","","","","","","","","","","","","","",""
"AmbusherUltiProjectile","","3800","","200","","","","","","","0","2","","","","","","","true","","","","","","","","","","","","","","","","","","","","","","","","","","","","","","","","","","","","","","","","","","","","","","","","","","","","","","","21","","","",""
"AmbusherUltiProjectile2","","2000","","0","","true","","","","","330","0","","","","","","","true","","","","","","","","","","","","","","","","","","","","","","","","","","","","","","","","","","","","","","","","","","","","","","","","","","","","","","","20","","","",""
"AmbusherOverchargedUltiProjectile","","5000","","200","","","","","","","0","2","","","","","","","true","","true","1000","5","","","","","","","","","","","","","","","","","","","","","","","","","","","","","","","","","","","","","","","","","","","","","","","","","","","21","","","",""
"GodzillaUltiProjectile","","6000","","50","","","","","","","0","4","","","","","","","true","","","","","true","","","","","","","","","","","","","","","","","","","","","","","","","","","","","","","","","","","","","","","","","","","","","","","","","","22","","","",""
"GodzillaClawsProjectile","","3500","","300","","","","","","","0","0","","","","","","","true","","","","","true","","","","","","","","","","","","","","","","","","","","","","","","","35","","","","","","","","","","","","","","","","","","","","","","","","","","","","",""
"BlowerUltiOverchargedProjectile","","5000","","150","","","","","","","0","1","","","","","","","true","","","","","true","","","700","1","","","","","","","","","","","","","","","","","","","","","","true","","","","","true","","","","","","","","","","","","","","","","","","","","","","",""
"BarkeepOverchargedUltiProjectile","","2300","","0","","true","","","","","170","1","","","","","","","true","","","","","","","","","","","","","","","","","","","","","","","","","","","","","","","","","","","","","","","","2100","","","","","","","","","","","","","","","","","","",""
"HammerDudeOverchargedUltiProjectile","","6000","","250","","","","","","","0","2","","","","","","","true","","","","","true","true","true","","","","","","","","","","","","","","","","","2000","","","","","","","","","","","","true","","","","","","","","","","","","","","","","","","","","","","",""
"PainterProjectile","","2200","","0","","true","","","","","330","1","","","","","","","true","","","","","","","","","","","","","","","","","","","","","","","","","","","","","","","","","","","","","","","","","","","","","","","","","","","","","","","","","","",""
"PainterUltiProjectile","","2400","","250","","","","","","","0","3","","","","","500","","true","","","","","true","","","","","","","","","","","","","","","","","","","","","","20","200","","","","","","","","true","","","","","","","","","","","","","","","","","","","","","","",""
"CrabProjectile","","3500","","150","","","","","","","0","2","","","","","","","true","","","","","","","","","","","","","","","","","","","","","","","","","","","","","","","","","","","","","","","","","","","","","","","","","","","","","","","","","","",""
"CrabUltiProjectile","","3000","","150","","","","","","","0","2","","","","","","","true","","","","","","","","","","","","","","","","","","50","100","0","750","","","","","","","","","","","","","","","","","","","","","","","","","","","","","","","","","","","","","",""
"CrabOverchargedUltiProjectile","","3000","","150","","","","","","","0","2","","","","","","","true","","","","","true","","","","","","","","","","","","","50","100","0","750","","","","","","","","","","","","","","","","","","","","","1","","","","","","","","","","","","","","","","",""
"CrabOverchargedUltiReturnProjectile","","3000","","150","","","","","","","0","1","","","","","","","true","","","","","true","","","","","","","","","","","","","","","","","","","","","","","","","","","","","","","","","","","","","1","","","","","","","","","","","","","","","","",""
"MummyOverchargedProjectile","","1500","","200","","","","","","","0","3","","","","","","","true","","","","","true","","","","","","","","","","","","","","","","","","7","","","","35","125","","","","","","","","true","","","","","","","","","","1","","","","","","","","","","","","",""
"SupportArchetypeProjectile","","1700","","0","","true","","","","","240","1","","","","","","","true","","","","","","","","","","","","","","","","","","","","","","","","","","","","","","","","","","","","","","","","","","","","","","","","","","","","","","","","","","",""
"ArtilleryArchetypeCollabClusterProjectile","","4000","","101","","","","","","","0","3","","","","","","","true","","","","","","","","","","","","","","","","","","","","","","","","","","","","","","","","","","","","","","","","","","","","","","","","","","","","","","","","","","",""
"ControllerArchetypeCollabProjectileLvl1","","3000","","0","","","","","","","0","3","","","","","500","","true","","","","","true","","","","","","","","","","","","","","","","","","","","","","","","","","","","","","","","","","","","","","","","","","","","","","","","","","","","","",""
"ControllerArchetypeCollabProjectileLvl2","","3000","","0","","","","","","","0","3","","","","","300","","true","","","","","true","","","","","","","","","","","","","","","","","","","","","","","","","","","","","","","","","","","","","","","","","","","","","","","","","","","","","",""
"ControllerArchetypeCollabProjectileLvl3","","3000","","0","","","","","","","0","3","","","","","300","","true","","","","","true","","","","","","","","","","","","","","","","","","","","","","","","","","","","","","","","","","","","","","","","","","","","","","","","","","","","","",""
"DamageDealerArchetypeCollabProjectileLvl1","","4000","","50","","","","","","","0","2","","","","","","","true","","","","","","","","","","","","","","","","","","","","","","","","","","","","","","","","","","","","","","","","","","","","","","","","","","","","","","","","","","",""
"DamageDealerArchetypeCollabProjectileLvl3","","4000","","50","","","","","","","0","2","","","","","","","true","","","","","","","","","","","","","","","","","","","","","","","","","","","","","","","","","","","","","","","","","","2","","","","","","","","","","","","","","","","",""
"DamageDealerArchetypeCollabProjectileLvl3Return","","2000","","50","","","","","","","0","1","","","","","","","true","","","","","","","","","","","","","","","","","","","","","","","","","","","","","","","TRUE","","","","","","100","","","","","2","","","","","","","","","","","","","23","","","",""
"DiggerProjectile","","2800","","150","","","","","","","200","2","","","","","","","true","","","","","","","","","","","","","1","","","8","1","","","","","","","","","","","","","","","","","","","","","","","1000","","","","","","","","","","","","","","","","","","",""
"DiggerProjectileBounce","","2800","","150","","","","","","","600","0","","","","","","","true","","","","","","","","","","","","","","","","","","","","","","","","","","","","","","","","","","","","","","","","","","","","","","","","","","","","","","","","","","",""
"DiggerProjectileBounceSP","","2800","","150","","","","","","","600","0","","","","","","","true","","","","","","","","","","","","","1","","","4","1","","","","","","","","","","","","","","","","","","","","","","","","","","","","","","","","","","","","","","","","","",""
"DiggerProjectileShrapnel","","2800","","100","","","","","","","0","0","","","","","","","true","","","","","","","","","","","","","","","","","","","","","","","","","","","","","","","","","","","","","","","","","","","","","","","","","","","","","","","","","","",""
"SamuraiUltiProjectile","","1000","","0","","true","true","","","","170","1","","","","","","","true","","","","","","","","","","","","","","","","","","","","","","","","","","","","","","","","","","","","","","","","","","","","","","","","","","","","","","","24","","","",""
"SamuraiOverchargedUltiProjectile","","1000","","0","","true","true","","","","170","1","","","","","","","true","","","","","","","","","","","","","","","","","","","","","","","","","","","","","","","","","","","","","","","","","","","","","","","","","","","","","","","24","","","",""
"StickyBombOverchargedUltiProjectile","","800","","0","","true","true","","","","60","1","","","","","","","true","","","","","","","","","","","","","1","","","15","1","","","","","","","","","","","","","","","","","","","","","","","","","","","","","","","","","","","","","","","","","",""
"StickyBombOverchargedUltiProjectileBounce","","800","","0","","","true","","","","60","1","","","","","","","","","TRUE","","","TRUE","","","","","","","","","","","","","","","","","","","","","","","","","","","","","","","","","","","","","","","","","","","","","","","","","","","","","",""
"StickyBombOverchargedUltiProjectile2","","3000","","100","","","","","","","0","2","","","","","","","","","","","","","","","","","","","","","","","","","","","","","","","","","","","","","","","","","","","","","","","","","","","","","","","","","","","","","","","","","",""
"BlackHoleOverchargedUltiProjectile","","1522","","0","","true","","","","","200","1","","","","","","","true","","","","","","","","","","","","","","","","","","","","","","","","","","","","","","","","","","","","","","","","","","","","","","","","","","","","","","","","","","",""
"DiggerDrillProjectile","","3500","","200","","","","","","","0","2","","","","","","","true","","","","","true","","","","","","","","","","","","","","","","","","","","","","","","","","","","","","","","","","","","","","","","","","","","","","","","","","","","","",""
"DiggerDrillOverchargedProjectile","","3500","","200","","","","","","","0","2","","","","","","","true","","","","","true","","","","","","","","","","","","","","","","","","","","","","","","","","","","","","","","","","","","","","","","","","","","","","","","","","","","","",""
"DemonicSoulCollectorProjectile","","1500","","101","","","","","","","0","3","","","","","","","true","","","","","","","","","","","","","","","","","","","","","","","","","","","","","","","TRUE","","","","","","","","","","","","","","","10","","","","20","0","30","80","","25","","","",""
"WrathOfAnAngelProjectile","","2700","","150","","","","","","","0","2","","","","","","","true","","","","","","","","","","","","","","","","","","","","","","","","","","","","","","","","","","","","","","","","","","","","","","","","","","","","","","","","","","",""
"ArcadeOverchargedTurretProjectile","","4500","","50","","","","","","","0","3","","","","","","","true","","","","","","","","","","","","","","","","","","","","","","","","","","","","","","","","","","","","","","","","","","","","","","","","","","","","","","","","","","",""
"VoodooUltiProjectile","","1196","","0","","true","","","","","170","1","","","","","","","true","","","","","","","","","","","","","","","","","","","","","","","","","","","","","","","","","","","","","","","","","","","","","","","","","","","","","","","","","","",""
"VoodooOverchargedUltiProjectile","","1196","","0","","true","","","","","170","1","","","","","","","true","","","","","","","","","","","","","","","","","","","","","","","","","","","","","","","","","","","","","","","","","","","","","","","","","","","","","","","","","","",""
"VoodooPetProjectile","","2500","","100","","","","","","","0","","","","","","","","","","","","","","","","","","","","","","","","","","","","","","","","","","","","","","","","","","","","","","","","","","","","","","","","","","","","","","","","","","",""
"VoodooPetOverchargedProjectile","","2500","","100","","","","","","","0","","","","","","","","","","","","","","","","","","","","","","","","","","","","","","","","","","","","","","","","","","","","","","","","","","","","","","","","","","","","","","","","","","",""
"DemonicPowerProjectile","","1700","","0","","true","","","","","240","1","","","","","","","true","","","","","","","","","","","","","","","","","","","","","","","","","","","","","","","","","","","","","","","","","","","","","","","","","","","","","","","","","","",""
"VoodooProjectileEarth","","1750","","0","","true","","","","","240","1","","","","","","","true","","","","","","","","","","","","","","","","","","","","","","","","","","","","","","","","","","","","","","","","","","","","","","","","","","","","","","","","","","",""
"VoodooProjectileForest","","1750","","0","","true","","","","","240","1","","","","","","","true","","","","","","","","","","","","","","","","","","","","","","","","","","","","","","","","","","","","","","","","","","","","","","","","","","","","","","","","","","",""
"VoodooProjectileWater","","1750","","0","","true","","","","","240","1","","","","","","","true","","","","","","","","","","","","","","","","","","","","","","","","","","","","","","","","","","","","","","","","","","","","","","","","","","","","","","","","","","",""
"VoodooPetSlowProjectile","","2500","","100","","","","","","","0","","","","","","","","","","","","","","","","","","","","","","","","","","","","","","","","","","","","","","","","","","","","","","","","","","","","","","","","","","","","","","","","","","",""
"VoodooOverchargedPetSlowProjectile","","2500","","325","","","","","","","0","","","","","","","","","","","","","","","","","","","","","","","","","","","","","","","","","","","","","","","","","","","","","","","","","","","","","","","","","","","","","","","","","","",""
"VoodooProjectileAll","","1750","","0","","true","","","","","240","1","","","","","","","true","","","","","","","","","","","","","","","","","","","","","","","","","","","","","","","","","","","","","","","","","","","","","","","","","","","","","","","","","","",""
"LightyearLaserProjectile","","4000","","101","","","","","","","0","2","","","","","","","true","","","","","","","","","","","","","","","","","","","","","","","","","","","","","","","","","","","","","","","","","","","","","","","","","","","","","","","","","","",""
"LightyearLaserUltiProjectile","","4000","","101","","","","","","","0","2","","","","","","","true","","","","","","","","","","","","","","","","","","","","","","","","","","","","","","","","","","","","","","","","","","","","","","","","","","","","","","","","","","",""
"LightyearFlightProjectile","","3500","","100","","","","","","","0","2","","","","","","","true","","","","","","","","","","","","","","","","","","100","50","150","1000","","","","","","","","","","","","","","","","","","","","","","","","","","","","","","","","","","","","","",""
"LightyearFlightUltiProjectile","","3000","","0","","true","true","","","","20","2","","","","","","","true","","","","","","","","","","","","","","","","","","","","","","","","","","","","","","","","","","","","","","","","1000","","","","","","","","","","","","","","","","","","",""
"MeepleProjectile","","3000","","101","","","","","","","0","3","","","","","","","true","","","","","","","","","","","","","","","","","","","","","","","","","","","","","","","","","","","","","","","","","","","","","","4","","","","2","5","5","15","","","","","",""
"MeepleUltiProjectile","","1196","","0","","true","","","","","170","3","","","","","","","true","","","","","","","","","","","","","","","","","","","","","","","","","","","","","","","","","","","","","","","","","","","","","","","","","","","","","","","","","","",""
"MeepleOverchargedUltiProjectile","","1196","","0","","true","","","","","170","3","","","","","","","true","","","","","","","","","","","","","","","","","","","","","","","","","","","","","","","","","","","","","","","","","","","","","","","","","","","","","","","","","","",""
"MeepleWallProjectile","","1600","","0","","true","","","","","330","1","","","","","","","true","","","","","","","","","","","","","","","","","","","","","","","","","","","","","","","","","","","","","","","","","","","","","","","","","","","","","","","","","","",""
"SkaterProjectile","","3000","","100","","","","","","","0","","","","","","","","true","","","","","true","","","","","","","","","","","","","","","","","","","","","","","","","","","","","","","true","","","","","","","","","","","","","","","","","","","","","","",""
"SkaterProjectileTaunt","","3000","","100","","","","","","","0","","","","","","","","true","","","","","true","","","","","","","","","","","","","","","","","","","","","","","","","","","","","","","true","","","","","","","","","","","","","","","","","","","","","","",""
"hankOverchargedUltiProjectile","","4000","","101","","","","","","","0","3","","","","","","","TRUE","","","","","","","","","","","","","","","","","","","","","","","","","","","","","","","","","","","","","","","","","","","","","","4","","","","5","3","15","40","","","","","",""
"BeameOverchargedUltiProjectile","","5000","","250","","","","","","","0","2","","","","","","","true","","","","","true","","","","","","","","","","","","","","","","","","","","","","","","","","true","","","","","","","","","","","","","","","","","","true","","","","","","","","","",""
"BeaOverchargedUltiProjectile","","2500","","150","","","","","","","0","2","","","","","","","true","","","","","","","","","","","","","2","","20","17","2","","","","","","","","","","","","","","","","","","","","","","","","","","","","","3","","","","","","","","","","","","",""
"BeaOverchargedUltiProjectile2","","2500","","101","","","","","","","0","2","","","","","","","true","","","","","","","","","","","","","","","","","","","","","","","","","","","","","","","","","","","","","","","","","","","","","","","","","","","","","","","","","","",""
"BowDudeSpawnOverchargedMineProjectile","","2391","","0","","true","","","","","405","2","","","","","","","true","","","","","","","","","","","","","","","","","","","","","","","","","","","","","","","","","","","","","","","","","","","","","","","","","","","","","","","","","","",""
"MinigunDudeOverchargedUltiProjectile","","1196","","0","","true","","","","","170","3","","","","","","","true","","","","","","","","","","","","","","","","","","","","","","","","","","","","","","","","","","","","","","","","","","","","","","","","","","","","","","","","","","",""
"SpawnerDudeOverchargedUltiProjectile","","1196","","0","","true","","","","","139","1","","","","","","","true","","","","","","","","","","","","","","","","","","","","","","","","","","","","","","","","","","","","","","","","","","","","","","","","","","","","","","","","","","",""
"ChesterOverchargedUltiProjectile","","800","","0","","true","true","","","","75","1","","","","","","","true","","","","","","","","","","","","","","","","","","","","","","","","","","","","","","","","","","","","","","","","","","","","","","","","","","","","","","","","","","",""
"MorningstarProjectile","","3500","","170","","","","","","","0","1","","","","","","","true","","","","","true","","","","","","","","","","","","","","","","","","","","","","","","","","","","","","","","","","","","","","","","","","","","","","","","","","","","","",""
"MorningstarProjectileRecall","","4000","","170","","","","","","","0","0","","","","","","","true","","","","","true","","","","","","","","","","","","","","","","","","","","","","","","","","true","","","","","","","","","","","","","","","","","","","","","","","","26","","","",""
"MorningstarProjectileRecallFrozenSP","","3600","","170","","","","","","","0","0","","","","","","","true","","","","","true","","","","","","","","","","","","","","","","","","","","","","","","","","true","","","","","","","","","","","","","","","","","","","","","","","","26","","","",""
"MorningstarUltiProjectile1","","29000","","0","","true","","","","","0","1","","","","","","","true","","","","","true","","","","","","","","","","","","","","","","","","","","","","","","","","true","","","","","","","","","","","","","","","","","","","","","","","","","240","","","ChangingProjectileCustomRange"
"MorningstarUltiProjectile2","","29000","","0","","true","","","","","0","1","","","","","","","true","","","","","true","","","","","","","","","","","","","","","","","","","","","","","","","","true","","","","","","","","","","","","","","","","","","","","","","","","","555","","","ChangingProjectileCustomRange"
"MorningstarUltiProjectile3","","29000","","0","","true","","","","","0","1","","","","","","","true","","","","","true","","","","","","","","","","","","","","","","","","","","","","","","","","true","","","","","","","","","","","","","","","","","","","","","","","","","","","",""
"MorningstarUltiProjectileOvercharged1","","29000","","0","","true","","","","","0","1","","","","","","","true","","","","","true","","","","","","","","","","","","","","","","","","","","","","","","","","true","","","","","","","","","","","","","","","","","","","","","","","","","240","","","ChangingProjectileCustomRange"
"MorningstarUltiProjectileOvercharged2","","29000","","0","","true","","","","","0","1","","","","","","","true","","","","","true","","","","","","","","","","","","","","","","","","","","","","","","","","true","","","","","","","","","","","","","","","","","","","","","","","","","555","","","ChangingProjectileCustomRange"
"MorningstarUltiProjectileOvercharged3","","29000","","0","","true","","","","","0","1","","","","","","","true","","","","","true","","","","","","","","","","","","","","","","","","","","","","","","","","true","","","","","","","","","","","","","","","","","","","","","","","","","","","",""
"ChronomancerProjectile","","3000","","100","","","","","","","0","2","","","","","","","true","","","","","","","","","","","","","","","","","","","","","","","","","","","","","","","","","","","","","","","","","","","","","","","","","","","","","","","","","","",""
"ChronomancerProjectileSecondary","","3000","","60","","","","","","","0","2","","","","","","","true","","","","","","","","","","","","","","","","","","","","","","","","","","","","","","","","","","","","","","","","","","","","","","","","","","","","","","","","","","",""
"ChronomancerUltiProjectile","","2000","","0","","true","","","","","300","1","","","","","","","true","","","","","","","","","","","","","","","","","","","","","","","","","","","","","","","","","","","","","","","","","","","","","","","","","","","","","","","","","","",""
"ChronomancerUltiHyperProjectile","","2000","","0","","true","","","","","300","1","","","","","","","true","","","","","","","","","","","","","","","","","","","","","","","","","","","","","","","","","","","","","","","","","","","","","","","","","","","","","","","","","","",""
"ChronomancerProjectileStasis","","3000","","100","","","","","","","0","2","","","","","","","true","","","","","","","","","","","","","","","","","","","","","","","","","","","","","","","","","","","","","","","","","","","","","","","","","","","","","","","","","","",""
"ChronomancerProjectileStasisSecondary","","3000","","60","","","","","","","0","2","","","","","","","true","","","","","","","","","","","","","","","","","","","","","","","","","","","","","","","","","","","","","","","","","","","","","","","","","","","","","","","","","","",""
"GusOverchargedUltiProjectile","","3600","","200","","","","","","","0","2","","","","","","","","","","","","","","","","","","","","","","","","","","","","","","","","","","","","","","true","","","2600","200","","","","","","","","","","","","","","","","","","","","","","","",""
"GusOverchargedAreaEffectProjectile","","3600","","150","","","","","","","0","1","","","","","","","true","","","","","","","","","","","","","","","","","","","","","","","","","","","","","","","","","","","","","","","","","","","","","","","","","","","","","","","","","","",""
"MtowerProjectile","","2500","","100","","","","","","","0","2","","","","","","","true","","","","","","","","","","","","","","","","","","","","","","","","","","","","","","","","","","","","","","","","","","","","","","10","","","","40","2","30","50","","","","","",""
"ArenaXPProjectile","","3500","","50","","","","","","","0","2","","","","","","","true","","","","","","","","","","","","","","","","","","","","","","","","","","","","","","","true","","","","","","","","","","","","","","","10","","","","40","2","30","50","","23","","","",""
"MobaKaijuProjectile","","500","","100","","","","","","","0","2","","","","","","","","","","","","","","","","","","","","","","","","","","","","","","","","","","","","","","","","","","","","","","","","","","","","","4","","","","10","0","15","20","","","","","",""
"MobaBigKaijuProjectile","","800","","100","","","","","","","0","2","","","","","","","","","","","","","","","","","","","","","","","","","","","","","","","","","","","","","","","","","","","","","","","","","","","","","4","","","","10","0","15","20","","","","","",""
"AlternatorHealProjectile","","3500","","225","","","","","","","0","1","","","","","","","true","","","","","true","","","","","","","","","","","","","","","","","","","","","","","","","","","","","","","","","","","","","","","","","","","","","","","","","","","","","",""
"AlternatorSpeedProjectile","","3700","","225","","","","","","","0","2","","","","","300","","true","","","","","true","","","","","","","","","","","","","","","","","","","","","","","","","","","","","","","","","","","","","","","","","","","","","","","","","","","","","",""
"AlternatorDamageProjectile","","3500","","225","","","","","","","0","2","","","","","","","true","","","","","true","","","","","","","","","","","","","","","","","","","","","","","","","","","","","","","","","","","","","","","","","","","","","","","","","","","","","",""
"AlternatorSlowProjectile","","3500","","225","","","","","","","0","2","","","","","300","","true","","","","","true","","","","","","","","","","","","","","","","","","","","","","","","","","","","","","","","","","","","","","","","","","","","","","","","","","","","","",""
"GeishaUltiProjectile","","1000","","0","","true","true","","","","170","1","","","","","","","true","","","","","","","","","","","","","","","","","","","","","","","","","","","","","","","","","","","","","","","","","","","","","","","","","","","","","","","","","","",""
"GeishaUltiProjectileOvercharged","","1000","","0","","true","true","","","","170","1","","","","","","","true","","","","","","","","","","","","","","","","","","","","","","","","","","","","","","","","","","","","","","","","","","","","","","","","","","","","","","","","","","",""
"GeishaTransformedProjectile","","3500","","100","","","","","","","0","2","","","","","","","true","","","","","","","","","","","","","","","","","","100","50","150","1000","","","","","","","","","","","","","","","","","","","","","","","","","","","","","","","","","","","","","",""
"SpawnerDudeMutantProjectile","","2000","","200","","","","","","","0","2","","","","","","","true","","","","","","","","","","","","","","","","","2","","","","","","","","","","","","","","","","","","","","","","","","","","","","","","","","","","","","","","","","","",""
"ArenaBaseProjectile","","5500","","200","","","","","","","0","2","","","","","","","true","","","","","","","","","","","","","","","","","","","","","","","","","","","50","100","","","true","","","","","","","","","","","","","","","","","","","","","","","","","","800","",""
"MegaKenjiProjectileSlowBounce","","1400","","0","","","","","","","0","2","","","","","","","true","","true","","","","","","","","","","","","","","","","","","","","","","","","","","","","","","","","","","","","","","","","","","","","","","","","","","","","","","","","",""
"MegaKenjiProjectileSpawnRobot","","2500","","0","","true","","","","","400","1","","","","MegaSamuraiRangedEnemy","","","true","","","","","","","","","","","","","","","","","","","","","","","","","","","","","","","","","","","","","","","","","","","","","","","","","","","","","","","","","","",""
"MegaKenjiProjectileFast360","","1650","","0","","","","","","","0","3","","","","","","","true","","","","","","","","","","","","","","","","","","","","","","","","","","","","","","","true","","","","","","","","","","","","","","","","","","","","","","","","","","","",""
"MegaKenjiProjectileDeath","","4000","","0","","","","","","","0","3","","","","","","","true","","","","","","","","","","","","","","","","","","","","","","","","","","","","","","","true","","","","","","","","","","","","","","","","","","","","","","","","","","","",""
"SamuraiRangedEnemyProjectile","","4000","","100","","","","","","","0","2","","","","","","","","","","","","","","","","","","","","","","","","","","","","","","","","","","","","","","","","","","","","","","","","","","","","","","","","","","","","","","","","","",""
"BaseballOverchargedUltiProjectileSticky","","3000","","250","","","","","","","0","3","","","","","","","true","","true","","","false","","","","","","","","2","","20","100","","","","","","","10","","","","","","","","","","","","","","","","","","","","","","","","","","","","","","","","","","","",""
"BaseballOverchargedUltiProjectileStickyChain","","3000","","250","","","","","","","0","3","","","","","","","true","","true","","","true","","","","","","","","","","","","","","","","","","10","","","","","","","","","","","","","","","","","","","","","","","","","","","","","","","","","","","",""
"AngelicProjectile","","3000","","100","","","","","","","0","2","","","","","","","","","","","","","","","","","","","","","","","","","","","","","","","","","","","","","","","","","","","","","","","","","","","","","","","","","","","","","","","700","","",""
"DemonicProjectile","","4000","","100","","","","","","","0","2","","","","","","","","","","","","","","","","","","","","","","","","","","","","","","","","","","","","","","true","","","","","","","","","","","","","","","","","","","","","","","","","700","","",""
"DemonicProjectileBoomerang","","4000","","100","","","","","","","0","2","","","","","","","","","","","","TRUE","","","","","","","","","","","","","","","","","","","","","","","","","","true","","","","","","","","","","","1","","","","","","","","","","","","","","700","","",""
"BrawlersMagnetProjectile1_lvl1","","2000","","200","","","","","","","0","4","","","","","","","true","","","","","","","","","","","","","","","","","","","","","","","","","","","","","","","true","","","","","","","true","","","","","","","","","","","","","","","","","","","","",""
"BrawlersMagnetProjectile2_lvl1","","2000","","200","","","","","","","0","2","","","","","","","true","","","","","","true","true","","","","","","","","","","","","","","","","","","","","","","","","true","","","","","","","true","","","","","","","","","","","","","","","","","","","","",""
"BrawlersMagnetProjectile1_lvl3","","3000","","200","","","","","","","0","4","","","","","","","true","","","","","","","","","","","","","","","","","","","","","","","","","","","","","","","true","","","","","","","true","","","","","","","","","","","","","","","","","","","","",""
"BrawlersMagnetProjectile2_lvl3","","3000","","200","","","","","","","0","2","","","","","","","true","","","","","","true","true","","","","","","","","","","","","","","","","","","","","","","","","true","","","","","","","true","","","","","","","","","","","","","","","","","","","","",""
"SignalStrikeProjectile","","4000","","225","","","","","","","0","2","","","","","300","","true","","","","","","","","","","","","","","","","","","","","","","","","","","","","","","","","","","","","","","","","","","","","","","","","","","","","","","","","","","",""
"SignalStrikeProjectile_lvl3","","4000","","225","","","","","","","0","2","","","","","300","","true","","","","","","","","","","","","","","","","","","","","","","","","","","","","","","","","","","","","","","","","","","","","","","","","","","","","","","","","","","",""
"EndOfLineProjectile","","3200","","0","","true","","","","","330","1","","","","","","","true","","","","","","","","","","","","","","","","","","","","","","","","","","","","","","","","","","","","","","","","","","","","","","","","","","","","","","","","","","",""
"BoomBoxProjectile","","1750","","0","","true","","","","","240","1","","","","","","","true","","","","","","","","","","","","","","","","","","","","","","","","","","","","","","","","","","","","","","","","","","","","","","","","","","","","","","","","","","",""
"BoomBoxProjectile_lvl2","","1750","","0","","true","","","","","240","1","","","","","","","true","","","","","","","","","","","","","","","","","","","","","","","","","","","","","","","","","","","","","","","","","","","","","","","","","","","","","","","","","","",""
"BoomBoxProjectile_lvl3","","1750","","0","","true","","","","","240","1","","","","","","","true","","","","","","","","","","","","","","","","","","","","","","","","","","","","","","","","","","","","","","","","","","","","","","","","","","","","","","","","","","",""
"HookTimeProjectile_lvl1","","2000","","150","","","","","","","0","1","","","","","","","true","","","","","","","","","","","","","","","","","","","","","","","","","","","","","","","","","","","","","","","","","","","","","","","","","","","","","","","5","","","",""
"HookTimeProjectile_lvl3","","4500","","150","","","","","","","0","1","","","","","","","true","","","","","","","","","","","","","","","","","","","","","","","","","","","","","","","","","","","","","","","","","","","","","","","","","","","","","","","5","","","",""
"JetpackProjectileDamage","","1500","","200","","true","true","","","","20","2","","","","","","","true","","","","","","","","","","","","","","","","","","","","","","","","","","","","","","","","","","","","","","","","1000","","","","","","","","","","","","","","","","","","",""
"JetpackProjectileDamageAndSlow","","1500","","200","","true","true","","","","20","2","","","","","","","true","","","","","","","","","","","","","","","","","","","","","","","","","","","","","","","","","","","","","","","","1000","","","","","","","","","","","","","","","","","","",""
"EndOfLineProjectile_lvl3","","3200","","0","","true","","","","","330","1","","","","","","","true","","","","","","","","","","","","","","","","","","","","","","","","","","","","","","","","","","","","","","","","","","","","","","","","","","","","","","","","","","",""
"DancerProjectileSingle","","3000","","150","","","","","","","0","1","","","","","","","true","","","","","","","","","","","","","","","","","","","","","","","","","","","","","","","","","","","","","","","","","","","","","","","","","","","","","","","","","","",""
"DancerProjectileDouble","","3000","","200","","","","","","","0","1","","","","","","","true","","","","","","","","","","","","","","","","","","","","","","","","","","","","","","","","","","","","","","","","","","","","","","","","","","","","","","","","","","",""
"DancerProjectileTriple","","3000","","150","","","","","","","0","2","","","","","","","true","","","","","true","","","","","","","","","","","","","","","","","","","","","","","","","","","","","","","true","","","","","","","","","","","","","","","","","","","","","","",""
"DancerProjectileUlti","","2200","","400","","","","","","","0","","","","","","","","true","","","","","true","","","-60","4","","","","","","","","","","","","","","","","","","","","","","","","","","","true","","","","","","","","","","","","","","","","","","","","","","",""
"DancerOverchargedProjectileUlti","","3000","","400","","","","","","","0","","","","","","","","true","","true","1000","3","true","","","-250","4","","","","","","","","","","","","","","","","","","","","","","","","","","","","","","","","","","","","","","","","","","","","","","","","","",""
"FuryProjectile","","29000","","0","","true","","","","","250","1","","","","","","","true","","","","","","","","","","","","","","","","","","","","","","","","","","","","","","","","","","","","","","","","","","","","","","","","","","","","","","","","","","",""
"FuryProjectileCrit","","29000","","0","","true","","","","","250","1","","","","","","","true","","","","","","","","","","","","","","","","","","","","","","","","","","","","","","","","","","","","","","","","","","","","","","","","","","","","","","","","","","",""
"FuryUltiProjectile","","1000","","1500","","","","","","","0","0","","","","","","","true","","","","","true","","","","","","","","","","","","","","","","","","-1","","","","","","","","true","","","","","","","","","","","","","","","14","50","","","","","","","","28","","","",""
"FuryOverchargedUltiProjectile","","1000","","1500","","","","","","","0","0","","","","","","","true","","","","","true","","","","","","","","","","","","","","","","","","-1","","","","","","","","true","","","","","","","","","","","3","","","","14","50","","","","","","","","28","","","",""
"FuryOverchargedUltiProjectileReturn","","1000","","1500","","","","","","","0","0","","","","","","","true","","","","","true","","","","","","","","","","","","","","","","","","-1","","","","","","","","true","","","","","","","","","","","3","","","","14","50","","","","","","","","28","","","",""
"MegaBossCrowProjectile","","1500","","40","","","","","","","0","2","","","","","","","true","","","","","","","","","","","","","","","","","","","","","","","","","","","","","","","","","","","","","","","","","","","","","","","","","","","","","","","","","","",""
"MegaBossCactusProjectile","","1800","","195","","","","","","","0","","","","","","","","true","","","","","","","","","","","","","","","","","","","","","","","","","","","","","","","","","","","","","","","","","","","","","","","","","","","","","","","","","","0",""
"MegaBossCactusFrag","","1000","","65","","","","","","","0","","","","","","","","true","","","","","","","","","","","","","","","","","","","","","","","","","","","","","","","","","","","","","","","","","","","","","","","","","","","","","","","","","","",""
"MegaBossCactusUltiProjectile","","1739","","0","","true","","","","","240","","","","","","","","true","","","","","","","","","","","","","","","","","","","","","","","","","","","","","","","","","","","","","","","","","","","","","","","","","","","","","","","","","","",""
"MegaBossCactusPushAwayFrag","","2500","","65","","","","","","","0","","","","","","","","true","","","","","","","","","","","","","","","","","","","","","","","","","","","","","","","","","","","","","","","","","","","","","","","","","","","","","","","","","","",""
"MegaBossCactusProjectileSecond","","1800","","195","","","","","","","0","","","","","","","","true","","","","","","","","","","","","","","","","","","","","","","","","","","","","","","","","","","","","","","","","","","","","","","","","","","","","","","","","","","",""
"MegaTickProjectile","","800","","0","","true","true","900","","","60","2","","","","","","","true","","","","","","","","","","","","","","","","","","","","","","","","","","","","","","","","","","","","","","","","","","","","","","","","","","","","","","","","","","",""
"MegaTickSummonProjectile","","1200","","0","","true","","","","","170","1","","","","","","","true","","","","","","","","","","","","","","","","","","","","","","","","","","","","","","","","","","","","","","","","","","","","","","","","","","","","","","","","","","",""
"MegaTickSummonProjectileMid","","1000","","0","","true","","","","","130","1","","","","","","","true","","","","","","","","","","","","","","","","","","","","","","","","","","","","","","","","","","","","","","","","","","","","","","","","","","","","","","","","","","",""
"MegaTickSummonProjectileLarge","","1500","","0","","true","","","","","150","1","","","","","","","true","","","","","","","","","","","","","","","","","","","","","","","","","","","","","","","","","","","","","","","","","","","","","","","","","","","","","","","","","","",""
"MegaTickSecondProjectile","","1700","","0","","true","","","","","240","1","","","","","","","true","","","","","","","","","","","","","","","","","","","","","","","","","","","","","","","","","","","","","","","","","","","","","","","","","","","","","","","","","","",""
"MegaBossTrickshotDudeProjectile","","1100","","85","","","","","","","0","","","","","","","","true","","true","3000","5","","","","","","","","","","","","","","","","","","","","","","","","","","","","","","","","","","","","","","","TRUE","","","","","","","","","","","","","","","",""
"MegaBossTrickshotDudeUltiProjectile","","1600","","85","","","","","","","0","","","","","","","","true","","true","3000","5","true","","","","","","","","","","","","","","","","","","","","","","","","","","","","","","","","","","","","","","TRUE","","","","","","","","","","","","","","","",""
"MegaBossTrickshotDudeProjectileLarge","","900","","150","","","","","","","0","","","","","","","","true","","true","3000","5","true","","","","","","","","","","","","","","","","","","","","","","","","","","","","","","","","","","","","","","TRUE","","","","","","","","","","","","","","","",""
"MegaBossTrickshotDudeProjectileLargeExtra","","2300","","260","","","","","","","0","","","","","","","","true","","true","3000","5","true","","","","","","","","","","","","","","","","","","","","","","","","","","","","","","","","","","","","","","TRUE","","","","","","","","","","","","","","","",""
"MegaBossCrowJumpProjectile","","1000","","50","","","","","","","0","1","","","","","","","true","","","","","","","","","","","","","1","","10","1","3","","","","","","","","","","","","","","","","","","","","","","","","","","","","","","","","","","","","","","","","","",""
"MegaBossCrowSwampProjectile","","1504","","0","","true","","","","","170","1","","","","","","","true","","","","","","","","","","","","","","","","","","","","","","","","","","","","","","","","","","","","","","","","2100","","","","","","","","","","","","","","","","","","",""
"MegaBossCrowSwampProjectileLarge","","1504","","0","","true","","","","","180","1","","","","","","","true","","","","","","","","","","","","","","","","","","","","","","","","","","","","","","","","","","","","","","","","2100","","","","","","","","","","","","","","","","","","",""
"MegaBossCrowJumpProjectileChain","","1000","","101","","","","","","","0","3","","","","","","","true","","true","","1","","","","","","","","","","","","","","","","","","","","","","","","","","","","","","","","","","","","","","","","","","","","","","","","","","","","","","",""
"MegaBossSplitterProjectileSlow","","1400","","65","","","","","","","0","3","","","","","","","true","","","","","","","","","","","","","","","","","","","","","","","","","","","","","","","true","","","","","","","","","","","","","","","","","","","","","","","","","","","",""
"MegaBossSplitterProjectile","","1900","","50","","","","","","","0","3","","","","","","","true","","","","","","","","","","","","","","","","","","","","","","","","","","","","","","","","","","","","","","","","","","","","","","","","","","","","","","","","","","",""
"MegaBossSplitterProjectilePierce","","4000","","150","","","","","","","0","3","","","","","","","true","","true","2000","3","true","true","true","","","","","","","","","","","","","","","","","","","","","","","","","","","","","","","","","","","","","","","","","","","","","","","","","","","",""
"MegaBossSplitterSpawnRobotsThrow","","2500","","0","","true","","","","","400","1","","","","MegaSplitterTwinsEnemyThrow","","","true","","","","","","","","","","","","","","","","","","","","","","","","","","","","","","","","","","","","","","","","","","","","","","","","","","","","","","","","","","",""
"MegaBossSplitterSpawnRobotsShoot","","2200","","0","","true","","","","","400","1","","","","MegaSplitterTwinsEnemyShoot","","","true","","","","","","","","","","","","","","","","","","","","","","","","","","","","","","","","","","","","","","","","","","","","","","","","","","","","","","","","","","",""
"MegaBossTwinsThrowerProjectile","","2000","","0","","true","","","","","260","1","","","","","","","true","","","","","","","","","","","","","","","","","","","","","","","","","","","","","","","","","","","","","","","","","","","","","","","","","","","","","","","","","","",""
"MegaBossTwinsShotgunProjectile","","2800","","0","","","","","","","0","2","","","","","","","true","","","","","","","","","","","","","","","","","","","","","","","","","","","","","","","","","","","","","","","","","","","","","","","","","","","","","","","","","","",""
"MegaKenjiProjectileSpawnKenji","","2000","","0","","true","","","","","400","1","","","","MegaKenjiPet","","","true","","","","","","","","","","","","","","","","","","","","","","","","","","","","","","","","","","","","","","","","","","","","","","","","","","","","","","","","","","",""
"MegaBossSpikeSummonPet","","1500","","0","","true","","","","","300","","","","","MegaBossCactusCover","","","true","","","","","","","","","","","","","","","","","","","","","","","","","","","","","","","","","","","","","","","","","","","","","","","","","","","","","","","","","","",""
"MegaBossCactusPetShoot","","2000","","62","","","","","","","0","1","","","","","","","true","","","","","","","","","","","","","","","","","","","","","","","","","","","","","","","","","","","","","","","","","","","","","","","","","","","","","","","","","","",""
"MegaSamuraiRangedEnemyProjectile","","1700","","100","","","","","","","0","2","","","","","","","","","","","","","","","","","","","","","","","","","","","","","","","","","","","","","","","","","","","","","","","","","","","","","","","","","","","","","","","","","",""
"ActorPlaceholderProjectile","","3500","","40","","","","","","","0","2","","","","","","","true","","","","","","","","","","","","","","","","","","","","","","","","","","","","","","","","","","","","","","","","","","","","","","","","","","","","","","","","","","",""
"BulletstormProjectile","","4000","","100","","","","","","","0","2","","","","","","","true","","","","","","","","","","","","","","","","","","","","","","","","","","","","","","","","","","","","","","","","","","","","","","","","","","","","","","","","","","",""
"BulletstormLastShotProjectile","","4000","","110","","","","","","","0","2","","","","","","","true","","","","","","","","","","","","","","","","","","","","","","","","","","","","","","","","","","","","","","","","","","","","","","","","","","","","","","","","","","",""
"BulletstormUltiProjectile","","29000","","0","","true","","","","","260","1","","","","","","","true","","","","","","","","","","","","","","","","","","","","","","","","","","","","","","","","","","","","","","","","","","","","","","","","","","","","","","","","","","",""
"BulletstormUltiOverchargedProjectile","","29000","","0","","true","","","","","260","1","","","","","","","true","","","","","","","","","","","","","","","","","","","","","","","","","","","","","","","","","","","","","","","","","","","","","","","","","","","","","","","","","","",""
"BulletstormShellProjectile","","2000","","0","","true","","","","","300","1","","","","","","","true","","","","","","","","","","","","","","","","","","","","","","","","","","","","","","","","","","","","","","","","","","","","","","","","","","","","","","","","","","",""
"BulletstormOnShellPickedUpProjectile","","4000","","100","","","","","","","0","2","","","","","","","true","","","","","","","","","","","","","","","","","","","","","","","","","","","","","","","true","","","","","","","","","","","","","","","","","","","","","","","","","","","",""
"BulletstormUltiMarkedProjectile","","4500","","80","","","","","","","0","2","","","","","","","true","","","","","","","","","","","","","","","","","","","","","","","","","","","","","","","true","","","","","","","","","","","","","","","9","","","","4","2","8","40","","","","","",""
"BulletstormUltiOverchargedMarkedProjectile","","4500","","80","","","","","","","0","2","","","","","","","true","","","","","true","","","","","","","","","","","","","","","","","","","","","","","","","","true","","","","","","","","","","","","","","","9","","","","4","2","8","40","","","","","",""
"MegaBossDgProjectile","","3100","","0","","","","","","","0","2","","","","","","","true","","","","","","","","","","","","","","","","","","","","","","","","","","","","","","","","","","","","","","","","","","","","","","","","","","","","","","","","","","",""
"MegaBossDgSpawn","","2500","","0","","true","","","","","400","1","","","","","","","true","","","","","","","","","","","","","","","","","","","","","","","","","","","","","","","","","","","","","","","","","","","","","","","","","","","","","","","","","","",""
"MegaBossDgSpawnProjectile","","3100","","0","","","","","","","0","2","","","","","","","true","","","","","","","","","","","","","","","","","","","","","","","","","","","","","","","","","","","","","","","","","","","","","","","","","","","","","","","","","","",""
"MegaBossVecProjectileDropClock","","29000","","0","","true","","","","","260","1","","","","","","","true","","","","","","","","","","","","","","","","","","","","","","","","","","","","","","","","","","","","","","","","","","","","","","","","","","","","","","","","","","",""
"MegaBossVecProjectileLong","","3100","","0","","","","","","","0","2","","","","","","","true","","","","","","","","","","","","","","","","","","","","","","","","","","","","","","","","","","","","","","","","","","","","","","","","","","","","","","","","","","",""
"MegaBossVecProjectileFreeze","","29000","","0","","true","","","","","260","1","","","","","","","true","","","","","","","","","","","","","","","","","","","","","","","","","","","","","","","","","","","","","","","","","","","","","","","","","","","","","","","","","","",""
"RogueliteCirclingProjectileClose","","560","","200","","","","","","","0","0","","","","","","","true","","","","","true","","","","","","","","","","","","","","","","","","20","","","","","","","","true","","","","","","","","","","","","","","","8","550","","true","","","","99999","","","1000","","",""
"RogueliteCirclingProjectileFar","","560","","200","","","","","","","0","5","","","","","","","true","","","","","true","","","","","","","","","","","","","","","","","","20","","","","","","","","true","","","","","","","","","","","","","","","8","800","","true","","","","99999","","","1000","","",""
"RogueliteCirclingProjectile3","","560","","200","","","","","","","0","10","","","","","","","true","","","","","true","","","","","","","","","","","","","","","","","","20","","","","","","","","true","","","","","","","","","","","","","","","8","500","","true","","","","99999","","","1000","","",""
"EnragerPullProjectile","","4000","","150","","","","","","","0","1","","","","","","","true","","","","","","","","","","","","","","","","","","","","","","","","","","","","","","","","","","","","","","","","","","","","","","","","","","","","","","","29","","","",""
"EnragerPullProjectileBuddy","","4000","","150","","","","","","","0","1","","","","","","","true","","","","","","","","","","","","","","","","","","","","","","","","","","","","","","","","","","","","","","","","","","","","","","","","","","","","","","","29","","","",""
"MegaBossFrankProjectile","","2200","","150","","","","","","","0","2","","","","","","","true","","","","","true","","","","","","","","","","","","","","","","","","","","","","","","","","","","","","","true","","","","","","","","","","","","","","","","","","","","","","",""
"MegaBossFrankUltiProjectile","","2200","","200","true","","","","","","0","2","","","","","","","true","","","","","true","true","","","","","","","","","","","","","","","","","","500","","","","","","","","","","","","true","","","","","","","","","","","","","","","","","","","","","","",""
"MegaBossFrankSpawnAdd","","2500","","0","","true","","","","","400","1","","","","","","","true","","","","","","","","","","","","","","","","","","","","","","","","","","","","","","","","","","","","","","","","","","","","","","","","","","","","","","","","","","",""
"MegaBossFrankGroundSpikeProjectile","","29000","","0","","true","","","","","260","1","","","","","","","true","","","","","","","","","","","","","","","","","","","","","","","","","","","","","","","","","","","","","","","","","","","","","","","","","","","","","","","","","","",""
"RogueliteLCardSqueakProjectile2","","3000","","100","","","","","","","0","2","","","","","","","","","","","","","","","","","","","","","","","","","","","","","","","","","","","","","","","","","","","","","","","","","","","","","","","","","","","","","","","","","",""
"MegaBossVecProjectileRockExplosion","","29000","","0","","true","","","","","260","1","","","","","","","true","","","","","","","","","","","","","","","","","","","","","","","","","","","","","","","","","","","","","","","","","","","","","","","","","","","","","","","","","","",""
"MegaBossVecProjectileRockExplosionProjectiles","","1700","","65","","","","","","","0","","","","","","","","true","","","","","","true","true","","","","","","","","","","","","","","","","","","","","","","","","","","","","","","","","","","","","","","","","","","","","","","","","","","","",""
"MegaBossVecProjectileBlackholeDistance","","29000","","0","","true","","","","","260","1","","","","","","","true","","","","","","","","","","","","","","","","","","","","","","","","","","","","","","","","","","","","","","","","","","","","","","","","","","","","","","","","","","",""
"MegaBossVecAttackSlowProjectile","","1500","","400","","","","","","","0","","","","","","","","true","","","","","true","true","true","-100","4","","","","","","","","","","","","","","","","","","","","","","true","","","","","true","","","","","","","","","","","","","","","","","","","","","","",""
"MegaBossVecTeleport","","2500","","200","","","","","","","0","2","","","","","","","true","","","","","","","","","","","","","","","","","","","","","","","","","","","","","","","true","","","","","","","","","","","","","","","","","","","","","","","","21","","","",""
"MegaBossFrankCreateDemon","","1000","","0","","true","","","","","260","1","","","","MegaFrankMeleeEnemy","","","true","","","","","","","","","","","","","","","","","","","","","","","","","","","","","","","","","","","","","","","","","","","","","","","","","","","","","","","","","","",""
"ShellyOverchargedProjectile","","4430","","","","","","","","","0","2","","","","","","","true","","","","","","","","","","","","","","","","","","","","","","","","","","","","","","","","","","","","","","","","","","","","","","","","","","","","","","","","","","",""
"SpikeOverchargedProjectile","","2174","","150","","","","","","","0","2","","","","","","","true","","","","","","","","","","","","","","","","","","","","","","","","","","","","","","","","","","","","","","","","","","","","","","","","","","","","","","","","","","",""
"SpikeOverchargedFrag","","3261","","50","","","","","","","0","1","","","","","","","true","","","","","","","","","","","","","","","","","","","","","","","","","","","","","","","","","","","","","","","","","","","","","","","","","","","","","","","","","","",""
"GunslingerOverchargedProjectile","","4000","","50","","","","","","","0","2","","","","","","","true","","","","","","","","","","","","","","","","","","","","","","","","","","","","","","","","","","","","","","","","","","","","","","","","","","","","","","","","","","",""
"MenderProjectile","","5000","","150","","","","","","","0","1","","","","","","","true","","","","","","","","","","","","","","","","","","","","","","","","","","","","","","","","","","","","","","","","","","","","","","","","","","","","","","","","","","",""
"MenderUltiProjectile","","5000","","300","","","","","","","0","1","","MenderUltiFearAction;MenderUltiSlowAction","","","","","true","","","","","true","","","","","","","","","","","","","","","","","","","","","","","","","","","","","","","true","","","","","","","","","","","","","","","","","","","","","","",""
"MenderUltiOverchargedProjectile","","5000","","300","","","","","","","0","1","","MenderUltiOverchargedStatusesAction","","","","","true","","","","","true","","","","","","","","","","","","","","","","","","","","","","","","","","","","","","","true","","","","","","","","","","","","","","","","","","","","","","",""
"ShadowdemonProjectileDirect","","2500","","70","","","","","","","0","1","","","","","","","true","","","","","","","","","","","","","","","","","","","","","","","","","","","","","","","","","","","","","","","","","","","","","","","","","","","","","","","","","","",""
"ShadowdemonProjectileIndirect","","2500","","0","","true","","","","","1000","1","","","","","","","true","","","","","","","","","","","","","","","","","","","","","","","","","","","","","","","","","","","","","","","","","","","","","","","","","","","","","","","","","","",""
"ShadowdemonUltiProjectile","","29000","","0","","true","","","","","260","0","","","","","","","true","","","","","","","","","","","","","","","","","","","","","","","","","","","","","","","","","","","","","","","","","","","","","","","","","","","","","","","","","","",""
"ShadowdemonCloneBulletProjectile","","3800","","70","","","","","","","0","1","","ShadowdemonCloneBulletHit","","","","","true","","","","","","","","","","","","","","","","","","","","","","","","","","","","","","","","","","","","","","","","","","","","","","","","","","","","","","","","","","",""
"HammerDudeWeaponOverchargedProjectile","","5000","","150","","","","","","","0","2","","","","","","","true","","","","","true","","","","","","","","","","","","","","","","","","","","","","","","","","","","","","","true","","","","","","","","","","","","","","","","","","","","","","",""
"MummyWeaponOverchargedProjectile","","1500","","250","","","","","","","0","3","","","","","","","true","","","","","true","","","","","","","","","","","","","","","","","","7","","","","35","125","","","","","","","","true","","","","","","","","","","1","","","","","","","","","","","","",""
"CactusBonusSkillCoverProjectile","","2500","","0","","true","","","","","240","1","","","","CactusCover","","","true","","","","","","","","","","","","","","","","","","","","","","","","","","","","","","","","","","","","","","","","","","","","","","","","","","","","","","","","","","",""
"CactusBonusSkillCoverProjectileBuddy","","2500","","0","","true","","","","","240","1","","","","CactusCoverBuddy","","","true","","","","","","","","","","","","","","","","","","","","","","","","","","","","","","","","","","","","","","","","","","","","","","","","","","","","","","","","","","",""
"CactusSpikeGadgetBuddy","","2500","","50","","","","","","","0","1","","","","","","","true","","","","","","","","","","","","","","","","","","60","100","0","1000","","","","","","","","","","","","","","","","","","","","","","","","","","","","","","","","","","","","","0",""
"ShotgunGirlProjectileGadgetSkill","","4300","","0","","","","","","","0","2","","","","","","","true","","","","","","","","","","","","","","","","","","","","","","","","","","","","","","","","","","","","","","","","","","","","","","","","","","","","","","","","","","",""
"GunslingerDoubleShotProjectile","","4891","","101","","","","","","","0","2","","","","","","","true","","","","","","","","","","","","","","","","","","","","","","","","","","","","","","","","","","","","","","","","","","","","","","","","","","","","","","","","","","",""
"GunslingerDoubleShotProjectileBuddy","","4891","","101","","","","","","","0","2","","","","","","","true","","","","","","","","","","","","","","","","","","","","","","","","","","","","","","","","","","","","","","","","","","","","","","","","","","","","","","","","","","",""
"GunslingerSilverBulletProjectileBuddy","","3804","","120","","","","","","","0","2","","","","","","","true","","","","","true","true","true","","","","","","","","","","","","","","","","","","","","","","","","","","","","","","","","","","","","","","","","","","","","","","","","","","","",""
"GunslingerSilverBulletProjectile","","3804","","101","","","","","","","0","2","","","","","","","true","","","","","true","true","true","","","","","","","","","","","","","","","","","","","","","","","","","","","","","","","","","","","","","","","","","","","","","","","","","","","",""
"DummyProjectileForLoveBomb","","2499","","0","","true","true","","","","700","1","","","","","","","true","","","","","","","","","","","","","","","","","","","","","","","","","","","","","","","","","","","","","","","","","","","","","","","","","","","","","","","","","","",""
"MummyGadgetSkillAcidSprayProjectile","","1500","","200","","","","","","","0","3","","","","","","","true","","","","","true","","","","","","","","","","","","","","","","","","7","","","","35","125","","","true","","","","","true","","","","","","","","","","1","","","","","","","","","","","","",""
"MummyGadgetSkillAcidSprayProjectileBuddy","","1500","","200","","","","","","","0","3","","","","","","","true","","","","","true","","","","","","","","","","","","","","","","","","7","","","","35","125","","","true","","","","","true","","","","","","","","","","1","","","","","","","","","","","","",""
"MummyGadgetSkillFriendzonerProjectile","","5000","","80","","","","","","","0","1","","","","","","","true","","","","","true","","","260","1","","","","","","","","","","","","","","","","","","","","","","","","","","","true","","","","","","","","","","","","","","","","","","","","","","",""
"MummyGadgetSkillFriendzonerProjectileBuddy","","5000","","80","","","","","","","0","1","","","","","","","true","","","","","true","","","320","5","","","","","","","","","","","","","","","","","","","","","","","","","","","true","","","","","","","","","","","","","","","","","","","","20","","",""
"HammerDudeGadgetSkillNoiseCancelBuddyProjectile","","5000","","150","","","","","","","0","2","","","","","","","true","","","","","true","","","","","","","","","","","","","","","","","","","","","","","","","","","","","","","true","","","","","","","","","","","","","","","","","","","","","","",""
"HammerDudeGadgetSkillAttractionBuddyProjectile","","5000","","150","","","","","","","0","2","","","","","","","true","","","","","true","","","-150","","","","","","","","","","","","","","","","","","","","","","","","","","","","true","","","","","","","","","","","","","","","","","","","","","","",""
"HammerDudeGadgetSkillNoiseCancelProjectile","","5000","","150","","","","","","","0","2","","","","","","","true","","","","","true","","","","","","","","","","","","","","","","","","","","","","","","","","","","","","","true","","","","","","","","","","","","","","","","","","","","","","",""
"HammerDudeGadgetSkillAttractionProjectile","","5000","","150","","","","","","","0","2","","","","","","","true","","","","","true","","","-150","","","","","","","","","","","","","","","","","","","","","","","","","","","","true","","","","","","","","","","","","","","","","","","","","","","",""
"UndertakerGadgetSkillComboSpinnerProjectile","","5000","","0","","","","","","","0","1","","","","","","","true","","","","","true","","","","","","","","","","","","","","","","","","","","","","","","","","","","","","","","","","","","","","","","","","","","","","","","","","","","","","IgnoreCharacterCollisions;AllowDynamicRange;VisualizeProjectileHitArea"
"UndertakerGadgetSkillComboSpinnerProjectileBuddy","","5000","","0","","","","","","","0","1","","","","","","","true","","","","","true","","","","","","","","","","","","","","","","","","","","","","","","","","","","","","","","","","","","","","","","","","","","","","","","","","","","","","IgnoreCharacterCollisions;AllowDynamicRange;VisualizeProjectileHitArea"
"MegaBossStickyBombProjectile","","2500","","140","","","","","","","0","2","","","","","","","","","","","","","","","","","","","","","","","","","","","","","","","","","","","","","","","","","","","","","","","","","","","","","","","","","","","","","","","","","",""
"MegaBossStickyBombUltiProjectile","","700","","0","","true","true","","","","60","1","","","","","","","true","","","","","","","","","","","","","","","","","","","","","","","","","","","","","","","","","","","","","","","","","","","","","","","","","","","","","","","","","","",""
"MegaBossStickyBombOverchargedUltiProjectile","","700","","0","","true","true","","","","60","1","","","","","","","true","","","","","","","","","","","","","1","","","15","1","","","","","","","","","","","","","","","","","","","","","","","","","","","","","","","","","","","","","","","","","",""
"MegaBossStickyBombOverchargedUltiProjectileBounce1","","700","","0","","","true","","","","60","1","","","","","","","","","TRUE","","","TRUE","","","","","","","","1","","","15","1","","","","","","","","","","","","","","","","","","","","","","","","","","","","","","","","","","","","","","","","","",""
"MegaBossStickyBombOverchargedUltiProjectileBounce2","","700","","0","","","true","","","","60","1","","","","","","","","","TRUE","","","TRUE","","","","","","","","1","","","15","1","","","","","","","","","","","","","","","","","","","","","","","","","","","","","","","","","","","","","","","","","",""
"MegaBossStickyBombOverchargedUltiProjectileBounce3","","700","","0","","","true","","","","60","1","","","","","","","","","TRUE","","","TRUE","","","","","","","","1","","","15","1","","","","","","","","","","","","","","","","","","","","","","","","","","","","","","","","","","","","","","","","","",""
"MegaBossStickyBombOverchargedUltiProjectileBounce4","","700","","0","","","true","","","","60","1","","","","","","","","","TRUE","","","TRUE","","","","","","","","","","","","","","","","","","","","","","","","","","","","","","","","","","","","","","","","","","","","","","","","","","","","","",""
"MegaBossStickyBombProjectileLarge","","3000","","200","","","","","","","0","2","","","","","","","","","","","","","","","","","","","","","","","","","","","","","","","","","","","","","","","","","","","","","","","","","","TRUE","","","","","","","","","","","","","","","",""
"MegaBossStickyBombUltiBulletExplodeProjectileLarge","","2500","","100","","","","","","","0","2","","","","","","","","","","","","","","","","","","","","","","","","","","","","","","","","","","","","","","","","","","","","","","","","","","","","","","","","","","","","","","","","","",""
"MegaBossStickyBombUltiBulletExplodeProjectile","","2500","","100","","","","","","","0","2","","","","","","","","","","","","","","","","","","","","","","","","","","","","","","","","","","","","","","","","","","","","","","","","","","","","","","","","","","","","","","","","","",""
"MegaBossMosquitoProjectile","","2200","","110","","","","","","","0","3","","","","","","","true","","","","","","","","","","","","","","","","","","","","","","","","","","","","","","","","","","","","","","","","","","","TRUE","","","","","","","","","","","","18","","","",""
"MegaBossMosquitoProjectileLarge","","2600","","180","","","","","","","0","3","","","","","","","true","","true","8000","2","true","","","","","","","","","","","","","","","","","","","","","","","","","","","","","","","","","","","","","","TRUE","","","","","","","","","","","","18","","","",""
"UndertakerGadgetSkillBatsProjectile","","1000","","100","","","","","","","10","1","","","","","","","true","","","","","true","","","","","","","","","","","","","","","","","","","","","","","","","","true","","","","","","","","","","","","","","","","","","","","","","","","20","","","",""
"UndertakerGadgetSkillBatsProjectileBuddy","","1000","","100","","","","","","","10","1","","","","","","","true","","","","","true","","","","","","","","","","","","","","","","","","","","","","","","","100","true","","","","","","","","","","","","","","","","","","","","","","","","20","","","",""
"MegaBossGhostProjectile","","800","","100","","","","","","","0","","","","","","","","true","","true","1000","4","true","","","","","","","","","","","","","","","","","","","","","","","","","","","","","","","","","","","","","","TRUE","","","","","","","","","","","","","","","",""
"ShotgunGirlProjectileGadgetSkillBuddy","","4300","","0","","","","","","","0","2","","","","","","","true","","","","","","","","","","","","","","","","","","","","","","","","","","","","","","","","","","","","","","","","","","","","","","","","","","","","","","","","","","",""
"MegaBossTrickshotDude2Projectile","","900","","85","","","","","","","0","","","","","","","","true","","true","3000","5","","","","","","","","","","","","","","","","","","","","","","","","","","","","","","","","","","","","","","","TRUE","","","","","","","","","","","","","","","",""
"MegaBossTrickshotDude2UltiProjectile","","1300","","85","","","","","","","0","","","","","","","","true","","true","3000","5","true","","","","","","","","","","","","","","","","","","","","","","","","","","","","","","","","","","","","","","TRUE","","","","","","","","","","","","","","","",""
"MegaBossTrickshotDude2ProjectileLarge","","900","","150","","","","","","","0","","","","","","","","true","","true","3000","5","true","","","","","","","","","","","","","","","","","","","","","","","","","","","","","","","","","","","","","","TRUE","","","","","","","","","","","","","","","",""
"MegaBossTrickshotDude2ProjectileLargeExtra","","1600","","250","","","","","","","0","","","","","","","","true","","true","3000","5","true","","","","","","","","","","","","","","","","","","","","","","","","","","","","","","","","","","","","","","TRUE","","","","","","","","","","","","","","","",""
"RedirecterProjectile","","1700","","100","","","","","","","0","1","","","","","","","true","","","","","true","","","","","","","","","","","","","","","","","","","","","","","","","","","","","","","","","","","","","","","","","","","","","","","","","","","","","","RotateTowardsAimDirection"
"RedirecterProjectileSecondary","","3100","","80","","","","","","","0","1","","","","","","","true","","","","","","","","","","","","","","","","","","60","100","0","800","","","","","","","","","","","","","","","","","","","","","","","","","","","","","","","","","","","","","",""
"RedirecterUltiProjectile","","900","","0","","true","true","","","","50","1","","","","","","","true","","","","","","","","","","","","","","","","","","","","","","","","","","","","","","","","","","","","","","","","","","","","","","","","","","","","","","","","","","",""
"RedirecterUltiProjectileOvercharged","","900","","0","","true","true","","","","50","1","","","","","","","true","","","","","","","","","","","","","","","","","","","","","","","","","","","","","","","","","","","","","","","","","","","","","","","","","","","","","","","","","","",""
"RedirecterGadgetProjectileMagnet","","3700","","120","","","","","","","0","1","","RedirecterAttachProjectileMagnetAction","","","","","true","","","","","","","","","","","","","","","","","","","","","","","","","","","","","","","","","","","","","","","","","","","","","","","","","","","","","","","","","","",""
"MegaBossMaisieProjectile","","2500","","101","","","","","","","0","3","","","","","","","true","","","","","","","","","","","","","","","","","","","","","","","","","","","","","","","","","","","","","","","","","","","","","","2","50","","","","","","","","","","","",""
"MegaBossMaisieBigProjectile","","3800","","202","","","","","","","0","3","","","","","","","true","","","","","true","","","300","1","","","","","","","","","","","","","","","","","","","","","","true","","","","","","","","","","","","","","","2","80","","","","","","","","","","","",""
"MegaBossMaisieCreateExplosion","","29000","","0","","true","","","","","260","1","","","","","","","true","","","","","","","","","","","","","","","","","","","","","","","","","","","","","","","","","","","","","","","","","","","","","","","","","","","","","","","","","","",""
"MegaBossMaisieExplosionProjectile","","2500","","101","","","","","","","0","3","","","","","","","true","","","","","true","","","","","","","","","","","","","","","","","","","","","","","","","","true","","","","","","","","","","","","","","","2","50","","","","","","","","","","","",""
"MegaBossShamanProjectile","","2000","","250","","","","","","","0","1","","","","","","","true","","","","","true","true","true","","","","","","","","","","","","","","","","","","","","","","","","","","","","","","","","","","","","","","","","","","","","","","","","","","","",""
"MegaBossShamanUltiProjectile","","1500","","0","","true","","","","","170","1","","","","","","","true","","","","","","","","","","","","","","","","","","","","","","","","","","","","","","","","","","","","","","","","","","","","","","","","","","","","","","","","","","",""
"MegaBossCrossBomberProjectile","","700","","0","","true","true","","","","100","1","","","","","","","true","","","","","","","","","","","","","","","","","","","","","","","","","","","","","","","","","","","","","","","","","","","","","","","","","","","","","","","","","","",""
"MegaBossCrossBomberSecondProjectile","","700","","0","","true","true","","","","100","1","","","","","","","true","","","","","","","","","","","","","","","","","","","","","","","","","","","","","","","","","","","","","","","","","","","","","","","","","","","","","","","","","","",""
"MegaBossCrossBomberProjectile2","","1400","","100","","","","","","","0","0","","","","","","","true","","","","","","","","","","","","","","","","","","","","","","","","","","","","","","","","","","","","true","","","","","","","","","","","","","","","","","","","","","","",""
"MegaBossCrossBomberUltiProjectile","","700","","0","","true","true","","","","75","1","","","","","","","true","","","","","","","","","","","","","","","","","","","","","","","","","","","","","","","","","","","","","","","","","","","","","","","","","","","","","","","","","","",""
"MegaBossCrossBomberUltiProjectile2","","1200","","150","","","","","","","0","0","","","","","","","true","","","","","true","","","40","","","","","","","","","","","","","","","","","","","","","","","","","","","","true","","","","","","","","","","","","","","","","","","","","","","",""
"MegaBossCrossBomberSummonPet","","1500","","0","","true","","","","","180","","","","","MegaBossGromRatPet","","","true","","","","","","","","","","","","","","","","","","","","","","","","","","","","","","","","","","","","","","","","","","","","","","","","","","","","","","","","","","",""
"MegaBossOverchargedCrossBomberUltiProjectile","","800","","0","","true","true","","","","75","1","","","","","","","true","","","","","","","","","","","","","","","","","","","","","","","","","","","","","","","","","","","","","","","","","","","","","","","","","","","","","","","","","","",""
"MegaBossOverchargedCrossBomberUltiProjectile2","","2000","","250","","","","","","","0","0","","","","","","","true","","","","","true","","","70","","","","","","","","","","","","","","","","","","","","","","","","","","","","true","","","","","","","","","","","","","","","","","","","","","","",""
"MegaBossAssaultShotgunProjectileCoin","","2400","","50","","","","","","","0","2","","","","","","","true","","","","","","","","","","","","","","","","","","","","","","","","","","","","","","","","","","","","","","","","","","","","","","","","","","","","","","","","","","",""
"MegaBossAssaultShotgunProjectile","","2400","","50","","","","","","","0","2","","","","","","","true","","","","","","","","","","","","","","","","","","","","","","","","","","","","","","","","","","","","","","","","","","","","","","","","","","","","","","","","","","",""
"MegaBossAssaultShotgunProjectileBig","","2000","","70","","","","","","","0","2","","","","","","","true","","","","","","","","","","","","","","","","","","","","","","","","","","","","","","","","","","","","","","","","","","","","","","","","","","","","","","","","","","",""
"MegaBossAssaultShotgunProjectileExtraBig","","1800","","90","","","","","","","0","2","","","","","","","true","","","","","","","","","","","","","","","","","","","","","","","","","","","","","","","","","","","","","","","","","","","","","","","","","","","","","","","","","","",""
"MegaBossAssaultShotgunUltiProjectile","","2500","","200","","","","","","","0","1","","","","","","","true","","","","","true","","","","","","","","","","","","","50","100","200","900","","","","","","80","130","","","","","","","","","","","","","","1","","","","","","","","","","","","","","","","",""
"MegaBossAssaultShotgunUltiProjectile2","","2500","","200","","","","","","","0","1","","","","","","","true","","","","","true","","","","","","","","","","","","","100","50","200","900","","","","","","130","80","","","true","","","","","","","","","","","1","","","","11","20","","true","","","","","","","","","",""
"MegaBossAssaultShotgunOverchargedUltiProjectile","","2800","","180","","","","","","","0","1","","","","","","","true","","","","","true","","","","","","","","","","","","","50","100","200","900","","","","","","80","130","","","true","","","","","","","","","","","1","","","","","","","","","","","","","","","","",""
"MegaBossAssaultShotgunOverchargedUltiProjectile2","","2800","","180","","","","","","","0","1","","","","","","","true","","","","","true","","","","","","","","","","","","","100","50","200","900","","","","","","130","80","","","true","","","","","","","","","","","1","","","","11","20","","true","","","","","","","","","",""
"MegaBossAssaultShotgunOverchargedUltiProjectile3","","2800","","180","","","","","","","0","1","","","","","","","true","","","","","true","","","","","","","","","","","","","100","50","200","900","","","","","","130","80","","","true","","","","","","","","","","","1","","","","11","30","","true","","","","","","","","","",""
"MegaBossAssaultShotgunGadgetProjectile","","50","","280","","true","","2500","50","","100","1","","","","","","","true","","","","","","","","","","","","","","","","","","","","","","","","","","","","","","","","","","","","","","","","","","","","","","","","","","","","","","","","","","",""
"MegaBossAssaultShotgunBombExplosion","","1500","","180","","true","","2500","","","200","1","","","","","","","true","","","","","","","","","","","","","","","","","","","","","","","","","","","","","","","","","","","","","","","","","","","","","","","","","","","","","","","","","","",""
"BowDudeGadgetSkillProjectile","","2500","","0","","true","","","","","240","1","","","","","","","true","","","","","","","","","","","","","","","","","","","","","","","","","","","","","","","","","","","","","","","","","","","","","","","","","","","","","","","","","","",""
"BowDudeGadgetSkillProjectileBuddy","","2500","","0","","true","","","","","240","1","","","","","","","true","","","","","","","","","","","","","","","","","","","","","","","","","","","","","","","","","","","","","","","","","","","","","","","","","","","","","","","","","","",""
"BowDudeProjectileTripWire","","10000","","70","","","","","","","0","2","","","","","","","true","","","","","TRUE","","","70","","","","","","","","","","","","","","","","","","","","","","","true","","","","","","","","","","","","","","","","","","","","","","","","","720","","0",""
"BaseballGadgetSkillStickyProjectile","","2500","","0","","true","","","","","170","1","","","","","","","true","","","","","","","","","","","","","","","","","","","","","","","","","","","","","","","","","","","","","","","","2100","","","","","","","","","","","","","","","","","","",""
"BaseballGadgetSkillStickyProjectileBuddy","","2500","","0","","true","","","","","170","1","","","","","","","true","","","","","","","","","","","","","","","","","","","","","","","","","","","","","","","","","","","","","","","","2100","","","","","","","","","","","","","","","","","","",""
"BullDudeOverchargedProjectile","","4200","","250","","","","","","","0","","","","","","","","true","","","","","true","","","","","","","","","","","","","100","20","100","800","","","","","","","","","","","","","","","true","","","","","","","","","","","","","","","","","","","","","","",""
"BullDudeGadgetSkillMarkEnemyProjectile","","3150","","250","","","","","","","0","1","","","","","","","true","","","","","","","","","","","","","","","","","","","","","","","","","","","","","","","","","","","","","","","","","","","","","","","","","","","","","","","","","","",""
"NinjaBonusSkillInvisibleAreaProjectile","","2500","","0","","true","","","","","240","1","","","","","","","true","","","","","","","","","","","","","","","","","","","","","","","","","","","","","","","","","","","","","","","","","","","","","","","","","","","","","","","","","","",""
"NinjaBonusSkillInvisibleAreaProjectileBuddy","","2500","","0","","true","","","","","240","1","","","","","","","true","","","","","","","","","","","","","","","","","","","","","","","","","","","","","","","","","","","","","","","","","","","","","","","","","","","","","","","","","","",""
"MegaBossDragonCrowProjectile","","1500","","50","","","","","","","0","2","","","","","","","true","","","","","","","","","","","","","","","","","","","","","","","","","","","","","","","","60","80","","","","","","","","","","","","","","","","","","","","","","","","","",""
"MegaBossDragonCrowUltiProjectile","","1800","","50","","","","","","","0","1","","","","","","","true","","","","","","","","","","","","","","","","","","","","","","","","","","","","","","","","","","","","","","","","","","","","","","","","","","","","","","","","","","",""
"MegaBossDragonCrowBoomrangProjectile","","1500","","50","","","","","","","0","2","","","","","","","true","","","","","true","","","","","","","","","","","","","","","","","","","","","","","","","","","60","80","","","","","","","","","1","","","","","","","","","","","","","","","","",""
"MegaBossDragonCrowBoomrangProjectile2","","1500","","50","","","","","","","0","2","","","","","","","true","","","","","true","","","","","","","","","","","","","","","","","","","","","","","","","","","60","80","","","","","","","","","1","","","","","","","","","","","","","","","","",""
"MegaBossDragonFireProjectile","","1700","","150","","","","","","","0","2","","","","","","","true","","","","","true","","","","","","","","","","","","","","","","","","","","","","30","100","","","","","","","","","","","","","","","","","","","","","","","","","","","","","","",""
"MegaBossDragonFireAreaExplosionProjectile","","29000","","0","","true","","","","","260","1","","","","","","","true","","","","","","","","","","","","","","","","","","","","","","","","","","","","","","","","","","","","","","","","","","","","","","","","","","","","","","","","","","",""
"MegaBossDragonCrowSummon","","29000","","0","","true","","","","","170","1","","","","","","","true","","","","","","","","","","","","","","","","","","","","","","","","","","","","","","","","","","","","","","","","","","","","","","","","","","","","","","","","","","",""
"MegaBossDragonCirclingProjectile","","560","","50","","","","","","","0","5","","","","","","","true","","","","","true","","","","","","","","","","","","","","","","","","20","","","","","","","","true","","","","","","","","","","","","","","","8","800","","true","","","","99999","","","500","","",""
"BullDudeGadgetSkillMarkEnemyProjectileBuddy","","3150","","250","","","","","","","0","1","","","","","","","true","","","","","","","","","","","","","","","","","","","","","","","","","","","","","","","","","","","","","","","","","","","","","","","","","","","","","","","","","","",""
"LeonDefOverchargedProjectile","","3500","","100","","","","","","","0","2","","","","","","","true","","","","","","","","","","","","","","","","","","100","75","150","1000","","","","","","","","","","","","","","","","","","","","","","","","","","","","","","","","","","","","","",""
"BowDudeOverchargedProjectile","","2800","","70","","","","","","","0","5","","","","","","","true","","","","","","","","","","","","","","","","","","","","","","","","","","","","","","","","","","","","","","","","","","","","","","","","","","","","","","","","","","",""
"MegaBossMaisieSummonTurret","","1500","","0","","true","","","","","300","","","","","MegaBossMaisieTurret","","","true","","","","","","","","","","","","","","","","","","","","","","","","","","","","","","","","","","","","","","","","","","","","","","","","","","","","","","","","","","",""
"MegaBossMaisieTurretProjectile","","2000","","50","","","","","","","0","1","","","","","","","true","","","","","","","","","","","","","","","","","","","","","","","","","","","","","","","","","","","","","","","","","","","","","","","","","","","","","","","","","","",""
"BowDudeProjectileTripWireBuddy","","10000","","70","","","","","","","0","2","","","","","","","true","","","","","true","","","70","","","","","","","","","","","","","","","","","","","","","","","true","","","","","","","","","","","","","","","","","","","","","","","","","720","","0",""
"SandstormModifierProjectile","","200","","1500","","","","","","","0","0","","","","","","","","","","","","true","","","","","","","","","","","","","","","","","","-1","","","","","","","","true","","","","","","","","","","","","","","","","","","","","","","","","","","","",""
"MegaBossShamanBearUltiProjectile","","1500","","0","","true","","","","","170","1","","","","","","","true","","","","","","","","","","","","","","","","","","","","","","","","","","","","","","","","","","","","","","","","","","","","","","","","","","","","","","","","","","",""
"MegaBossDragonFireProjectileBig","","1400","","225","","","","","","","0","2","","","","","","","true","","","","","true","","","","","","","","","","","","","","","","","","","","","","30","100","","","","","","","","","","","","","","","","","","","","","","","","","","","","","","",""
"GladiatorProjectile","","5000","","300","","","","","","","0","1","","","","","","","true","","","","","TRUE","","","","","","","","","","","","","","","","","","","","","","20","100","","","","","","","","","","","","","","","","","","","","","","","","","","","","","","",""
"GladiatorProjectileFire","","5000","","300","","","","","","","0","1","","","","","","","true","","","","","TRUE","","","200","","","","","","","","","","","","","","","","","","","20","100","","","","","","","","","","","","","","","","","","","","","","","","","","","","","","",""
"GladiatorUltiProjectile","","1196","","0","","true","","","","","170","3","","","","","","","true","","","","","","","","","","","","","","","","","","","","","","","","","","","","","","","","","","","","","","","","","","","","","","","","","","","","","","","","","","",""
"GladiatorOverchargedUltiProjectile","","1196","","0","","true","","","","","170","3","","","","","","","true","","","","","","","","","","","","","","","","","","","","","","","","","","","","","","","","","","","","","","","","","","","","","","","","","","","","","","","","","","",""
"AssaultShotgunGadgetProjectileCoinShower","","2500","","0","","true","","","","","240","1","","","","","","","true","","","","","","","","","","","","","","","","","","","","","","","","","","","","","","","","","","","","","","","","","","","","","","","","","","","","","","","","","","",""
"AssaultShotgunGadgetProjectileCoinShowerBuddy","","2500","","0","","true","","","","","240","1","","","","","","","true","","","","","","","","","","","","","","","","","","","","","","","","","","","","","","","","","","","","","","","","","","","","","","","","","","","","","","","","","","",""
"SuperNovaCactusProjectile","","2174","","150","","","","","","","0","2","","","","","","","true","","","","","","","","","","","","","","","","","","","","","","","","","","","","","","","","","","","","","","","","","","","","","","","","","","","","","","","","","","",""
"SuperNovaCactusUltiProjectile","","1739","","0","","true","","","","","240","1","","","","","","","true","","","","","","","","","","","","","","","","","","","","","","","","","","","","","","","","","","","","","","","","","","","","","","","","","","","","","","","","","","",""
"SuperNovaCactusSpikeChain","","2800","","50","","","","","","","0","1","","","","","","","true","","","","","","","","","","","","","","","","","","","","","","","","","","","","","","","","","","","","","","","","","","","","","","","","","","","","","","","","","","",""
"SuperNovaCactusSpike","","2200","","50","","","","","","","0","1","","","","","","","true","","","","","","","","","","","","","","","","","","","","","","","","","","","","","","","","","","","","","","","","","","","","","","","","","","","","","","","","","","",""
"SuperNovaCactusSpikeCurve","","2200","","50","","","","","","","0","1","","","","","","","true","","","","","","","","","","","","","","","","","","","","","","","","","","","","","","","","","","","","","","","","","","","","","","","","","","","","","","","","","","",""
"SuperNovaBeeSniperProjectile","","2800","","105","","","","","","","0","2","","","","","","","true","","","","","","","","","","","","","","","","","","","","","","","","","","","","","","","","","","","","true","","","","","","","","","","","","","","","","","","","","","","",""
"SuperNovaBeeSniperChargedProjectile","","2800","","200","","","","","","","0","3","","","","","","","true","","","","","true","TRUE","TRUE","","","","","","","","","","","","","","","","","","","","","","","","","","","","","","","","","","","","","","","","","","true","","","","","","27","","","",""
"SuperNovaBeeSniperUltiProjectile","","2500","","150","","","","","","","0","2","","","","","","","true","","","","","true","","","","","","","","","","","","","","","","","","","","","","","","","","","","","","","true","","","","","","","","","","3","","","","","","","","","","","","",""
"SuperNovaVoodooProjectileEarth","","1750","","40","","true","","","","","400","1","","","","","","","true","","","","","","","","","","","","","1","","","8","1","","","","","","","","","","","","","","","","","","","","","","","","","","","","","","","","","","","","","","","","","",""
"SuperNovaVoodooProjectileEarthChain1","","1750","","40","","true","","","","","400","1","","","","","","","true","","","","","","","","","","","","","1","","","10","1","","","","","","","","","","","","","","","","","","","","","","","","","","","","","","","","","","","","","","","","","",""
"SuperNovaVoodooProjectileEarthChain2","","1750","","40","","true","","","","","400","1","","","","","","","true","","","","","","","","","","","","","","","","","","","","","","","","","","","","","","","","","","","","","","","","","","","","","","","","","","","","","","","","","","",""
"SuperNovaVoodooProjectileForest","","1750","","40","","true","","","","","400","1","","","","","","","true","","","","","","","","","","","","","1","","","11","1","","","","","","","","","","","","","","","","","","","","","","","","","","","","","","","","","","","","","","","","","",""
"SuperNovaVoodooProjectileForestChain1","","1750","","40","","true","","","","","400","1","","","","","","","true","","","","","","","","","","","","","1","","","14","1","","","","","","","","","","","","","","","","","","","","","","","","","","","","","","","","","","","","","","","","","",""
"SuperNovaVoodooProjectileForestChain2","","1750","","40","","true","","","","","400","1","","","","","","","true","","","","","","","","","","","","","","","","","","","","","","","","","","","","","","","","","","","","","","","","","","","","","","","","","","","","","","","","","","",""
"SuperNovaVoodooProjectileWater","","1750","","40","","true","","","","","400","1","","","","","","","true","","","","","","","","","","","","","1","","","10","1","","","","","","","","","","","","","","","","","","","","","","","","","","","","","","","","","","","","","","","","","",""
"SuperNovaVoodooProjectileWaterChain1","","1750","","40","","true","","","","","400","1","","","","","","","true","","","","","","","","","","","","","1","","","12","1","","","","","","","","","","","","","","","","","","","","","","","","","","","","","","","","","","","","","","","","","",""
"SuperNovaVoodooProjectileWaterChain2","","1750","","40","","true","","","","","400","1","","","","","","","true","","","","","","","","","","","","","","","","","","","","","","","","","","","","","","","","","","","","","","","","","","","","","","","","","","","","","","","","","","",""
"SuperNovaVoodooUltiProjectile","","1196","","0","","true","","","","","170","1","","","","","","","true","","","","","","","","","","","","","","","","","","","","","","","","","","","","","","","","","","","","","","","","","","","","","","","","","","","","","","","","","","",""
"SuperNovaVoodooPetProjectile","","2500","","150","","","","","","","0","","","","","","","","","","","","","","","","","","","","","","","","","","","","","","","","","","","","","","","","","","","","","","","","","","","","","","","","","","","","","","","","","","",""
"SuperNovaFireDudeProjectile","","2800","","200","","","","","","","0","2","","","","","","","true","","","","","true","","","","","","","","","","","","","","","","","","","","","","10","100","","","","","","","","","","","","","","","","","","","","","","","","","","","1","","","",""
"SuperNovaFireDudeUltiProjectile","","2800","","0","","true","","","","","280","1","","","","","","","true","","","","","","","","","","","","","","","","","","","","","","","","","","","","","","","","","","","","","","","","","","","","","","","","","","","","","","","","","","",""
"MagicalGirlProjectile","","15000","","250","","","","","","","0","0","","","","","","","true","","","","","true","","","","","","","","","","","","","","","","","","","","","","","","","","","","","","","","","","","","","","","","","","","","","","","","","","","","","","ExtrapolateVisuals"
"MagicalGirlProjectile2","","15000","","250","","","","","","","0","0","","","","","","","true","","","","","true","","","","","","","","","","","","","","","","","","","","","","","","","","","","","","","","","","","","","","","","","","","","","","","","","","","","","","ExtrapolateVisuals"
"MagicalGirlProjectileHealingSP","","15000","","250","","","","","","","0","0","","","","","","","true","","","","","true","","","","","","","","","","","","","","","","","","","","","","","","","","","","","","","","40","","","","","","","","","","","","","","","","","","","","","","HealAndDamage;NoHealSelf;ExtrapolateVisuals"
"MagicalGirlProjectile2HealingSP","","15000","","250","","","","","","","0","0","","","","","","","true","","","","","true","","","","","","","","","","","","","","","","","","","","","","","","","","","","","","","","40","","","","","","","","","","","","","","","","","","","","","","HealAndDamage;NoHealSelf;ExtrapolateVisuals"
"MagicalGirlBonusSkillFlyAreaProjectile","","2500","","0","","true","","","","","240","1","","","","","","","true","","","","","","","","","","","","","","","","","","","","","","","","","","","","","","","","","","","","","","","","","","","","","","","","","","","","","","","","","","",""
"MagicalGirlBonusSkillProjectileHealing","","700","","300","","","","","","","0","1","","","","","","","true","","","","","true","","","","","","","","","","","","","","","","","","","","","","","","","","","","","","","","100","","","","","","","","","","","","","","","","","","","","","","HealAndDamage;NoHealSelf"
"MegaBossFinxTimebendProjectile","","2000","","0","","true","","","","","300","1","","","","","","","true","","","","","true","true","","","","","","","","","","","","","","","","","","","","","","","","","","","","","","","","","","","","","","","","","","","","","","","","","","","","",""
"MegaBossFinxTimeStopProjectile","","2200","","200","true","","","","","","0","2","","","","","","","true","","","","","","","","","","","","","","","","","","","","","","","","","","","","","","","","","","","","","","","","","","","","","","","","","","","","","","","","","","",""
"MegaBossFinxProjectile","","900","","100","","","","","","","0","2","","","","","","","true","","","","","","","","","","","","","","","","","","","","","","","","","","","","","","","","","","","","","","","","","","","","","","","","","","","","","","","","","","",""
"MegaBossFinxProjectileSecondary","","700","","60","","","","","","","0","2","","","","","","","true","","","","","","","","","","","","","","","","","","","","","","","","","","","","","","","","","","","","","","","","","","","","","","","","","","","","","","","","","","",""
"MegaBossFinxTimeRiftProjectile","","2200","","300","true","","","","","","0","2","","","","","600","","true","","","","","true","true","","","","","","","","","","","","","","","","","","","","","","","","","","","","","","","","","","","","","","","","","","","","","","","","","","","","",""
"MegaBossFinxSpawnKittensProjectile","","5000","","0","","true","","","","","260","1","","","","","","","true","","","","","","","","","","","","","","","","","","","","","","","","","","","","","","","","","","","","","","","","","","","","","","","","","","","","","","","","","","",""
"MegaBossFinxReturnChronomancerProjectile","","3300","","100","","","","","","","0","2","","","","","","","true","","","","","","","","","","","","","","","","","","","","","","","","","","","","","","","","","","","","","","","","","","","","","","","","","","","","","","","","","","",""
"MegaBossFinxReturnChronomancerProjectileSecondary","","3300","","60","","","","","","","0","2","","","","","","","true","","","","","","","","","","","","","","","","","","","","","","","","","","","","","","","","","","","","","","","","","","","","","","","","","","","","","","","","","","",""
"GladiatorGadgetSkillProjectileAmp","","2500","","0","","true","","","","","240","1","","","","","","","true","","","","","","","","","","","","","","","","","","","","","","","","","","","","","","","","","","","","","","","","","","","","","","","","","","","","","","","","","","",""
"GladiatorGadgetSkillProjectileWall","","2500","","0","","true","","","","","240","1","","","","","","","true","","","","","","","","","","","","","","","","","","","","","","","","","","","","","","","","","","","","","","","","","","","","","","","","","","","","","","","","","","",""
"NanoPercenterProjectile","","2200","","150","","","","","","","0","2","","","","","","","true","","","","","","","","","","","","","","","","","","","","","","","","","","","","","","","","","","","","","","","","","","","","","","","","","","","","","","","","","","",""
"MegaBossFinxCreateKit","","1000","","0","","true","","","","","260","1","","","","MegaBossFinxKitten","","","true","","","","","","","","","","","","","","","","","","","","","","","","","","","","","","","","","","","","","","","","","","","","","","","","","","","","","","","","","","",""
"MegaBossPercenterProjectile","","1600","","140","","","","","","","0","2","","","","","","","true","","","","","","","","","","","","","","","","","","","","","","","","","","","","","","","","","","","","","","","","","","","","","","","","","","","","","","","","","","",""
"MegaBossPercenterProjectileSmall","","1200","","100","","","","","","","0","2","","","","","","","true","","","","","","","","","","","","","","","","","","","","","","","","","","","","","","","","","","","","","","","","","","","","","","","","","","","","","","","","","","",""
"MegaBossPercenterThrowProjectile","","1800","","0","","true","","","","","240","2","","","","","","","true","","","","","","","","","","","","","","","","","","","","","","","","","","","","","","","","","","","","","","","","","","","","","","","","","","","","","","","","","","",""
"MegaBossPercenterProjectileLarge","","2400","","250","","","","","","","0","2","","","","","","","true","","","","","","","","","","","","","","","","","","","","","","","","","","","","","","","","","","","","","","","","","","","","","","","","","","","","","","","","","","",""
"MegaBossPercenterSpawnTurrentProjectile","","2200","","0","","true","","","","","220","1","","","","","","","true","","","","","","","","","","","","","","","","","","","","","","","","","","","","","","","","","","","","","","","","","","","","","","","","","","","","","","","","","","",""
"MegaBossPercenterTurrentPetProjectile","","2200","","0","","true","","","","","150","1","","","","","","","true","","","","","","","","","","","","","","","","","","","","","","","","","","","","","","","","","","","","","","","","","","","","","","","","","","","","","","","","","","",""
"KatanaKidProjectile","","4000","","130","","","","","","","0","3","","","","","","","true","","","","","","","","","","","","","","","","","","","","","","","","","","","","","","","","","","","","","","","","","","","","","","","","","","","","","","","18","","","",""
"KatanaKidFullChargeProjectile","","4000","","130","","","","","","","0","3","","","","","","","true","","","","","","","","","","","","","","","","","","","","","","","","","","","","","","","","","","","","","","","","","","","","","","","","","","","","","","","18","","","",""
"KatanaKidGadgetSkillFishNetProjectile","","4000","","120","","","","","","","0","3","","","","","","","true","","","","","","","","","","","","","","","","","","","","","","","","","","","","","","","","","","","","true","","","","","","","","","","","","","","","","","","","","","","",""
"FutureGirlProjectile","","4000","","250","","","","","","","0","1","FutureGirlGiveConsumableShield","","","","","","true","","","","","","","","","","","","","","","","","","","","","","","","","","","","","","","","","","","","","","","","","","","","","","","","","","","","","","","","","","",""
"FutureGirlUltiProjectile","","1196","","0","","true","","","","","170","3","","","","","","","true","","","","","","","","","","","","","","","","","","","","","","","","","","","","","","","","","","","","","","","","","","","","","","","","","","","","","","","","","","",""
"FutureGirlTurretTetherProjectile","","3600","","0","","","","","","","0","1","","","","","","","","","","","","","","","","","","","","","","","","","","","","","","","","","","","","","","true","","","","","","","","","","true","","","","","","","","","","","","","","","","","",""
"FutureGirlGadgetProjectile","","3000","","0","","true","","","","","400","1","","","","","","","true","","","","","","","","","","","","","","","","","","","","","","","","","","","","","","","","","","","","","","","","","","","","","","","","","","","","","","","","","","",""
"MegaBossBlackHoleProjectile","","1750","","100","","","","","","","0","2","","","","","","","true","","true","","","true","","","","","","","","","","","","","","","","","","","","","","","","","","","","","","","","","","","","","","","","","","","","","","","","","","","","","",""
"MegaBossBlackHoleShieldPetProjectile","","3000","","100","","","","","","","0","1","","","","","","","","","","","","","","","","","","","","","","","","","","","","","","","","","","","","","","true","","","10000","","","","","","","true","","","","","","","","","","","","","","","","","",""
"MegaBossBlackHoleUltiShieldPetProjectile","","1000","","0","","true","","","","","200","1","","","","MegaBossBlackHoleShieldPet","","","true","","","","","","","","","","","","","","","","","","","","","","","","","","","","","","","","","","","","","","","","","","","","","","","","","","","","","","","","","","",""
"MegaBossBlackHoleUltiExplodingPetProjectile","","1000","","0","","true","","","","","200","1","","","","MegaBossBlackHoleExplodePet","","","true","","","","","","","","","","","","","","","","","","","","","","","","","","","","","","","","","","","","","","","","","","","","","","","","","","","","","","","","","","",""
"MegaBossBlackHoleExplosionPetProjectile","","3000","","100","","","","","","","0","1","","","","","","","","","","","","","","","","","","","","","","","","","","","","","","","","","","","","","","","","","","","","","","","","","","","","","","","","","","","","","","","","","",""
"MechaDudeSendItProjectile","","2200","","200","","","","","","","0","2","","","","","","","true","","","","","true","","","150","","","","","","","","","","","","","","","","","","","","","","","","","","","","","","","","","","","","","","","","","","","","","","","","","","",""
"MechaDudeSendItProjectileBuddy","","2200","","200","","","","","","","0","2","","","","","200","","true","","","","","true","","","150","","","","","","","","","","","","","","","","","","","","","","","","","","","","","","","","","","","","","","","","","","","","","","","","","","",""
"MegaBossBlackholeSpreadProjectile","","1750","","150","","true","","","","","300","1","","","","","","","true","","","","","","","","","","","","","","","","","","0","100","0","900","","","","","","80","130","","","true","","","","","","","","","","","1","","","","","","","","","","","","","","","","",""
"MegaBossBlackholeSpreadProjectileReturn","","2000","","150","","","","","","","0","1","","","","","","","true","","","","","true","","","","","","","","","","","","","100","50","0","900","","","","","","130","80","","","true","","","","","","","","","","","1","","","","11","18","","true","","","","","","","","","",""
"MegaBossRocketGirlProjectileBasic","","1750","","101","","","","","","","0","2","","","","","","","true","","","","","","true","","","","","","","","","","","","","","","","","","","","","","","","","","","","","","","","","","","","","","","","","","","","","","","","","","","","",""
"MegaBossRocketGirlUltiProjectile","","870","","0","","true","true","","","","93","2","","","","","","","true","","","","","","","","","","","","","","","","","","","","","","","","","","","","","","","","","","","","","","","","","","","","","","","","","","","","","","","","","","",""
"MegaBossRocketGirlStreamProjectile","","1750","","75","true","","","","","","0","2","","","","","900","1250","true","","","","","true","","","","","","","","","","","","","","","","","","","","","","","","","","","","","","","","","","","","","","","","","","","","","","","","","","","","","",""
"MegaBossBlackHoleGravityWellProjectile","","800","","0","","true","true","","","","200","1","","","","","","","true","","","","","","","","","","","","","","","","","","","","","","","","","","","","","","","","","","","","","","","","","","","","","","","","","","","","","","","","","","",""
"MegaBossBlackHoleBoomerangWellProjectile","","800","","0","","true","true","","","","200","1","","","","","","","true","","","","","","","","","","","","","","","","","","","","","","","","","","","","","","","","","","","","","","","","","","1","","","","","","","","","","","","","","","","",""
"MegaBossBlackHoleBoomerangWellChainProjectile","","1200","","50","","","","","","","0","1","","","","","1200","","true","","","","","","","","","","","","","","","","","","","","","","","","","","","","","","","true","","","","","","","","","","","","","","","15","1200","","","","","","","","","","","",""
"MegaBossRocketGirlMatryoshkaProjectile","","400","","0","","true","true","","","","93","1","","","","","","","true","","","","","","","","","","","","","","","","","","","","","","","","","","","","","","","","","","","","","","","","","","","","","","","","","","","","","","","","","","",""
"MegaBossRocketGirlRainProjectile","","15000","","0","","true","true","","","","300","2","","","","","","","true","","","","","","","","","","","","","","","","","","","","","","","","","","","","","","","","","","","","","","","","","","","","","","","","","","","","","","","","","","",""
"MegaBossRocketGirlClusterProjectile","","1250","","75","","","","","","","0","2","","","","","","","true","","","","","","","","","","","","","","","","","","","","","","","","","","","","","","","","","","","","","","","","","","","","","","","","","","","","","","","","","","",""
"MechaDudeProjectileHyperCharged","","2500","","150","","","","","","","0","1","","","","","","","true","","","","","","","","","","","","","","","","","","","","","","","","","","","","","","","","","","","","","","","","","","","","","","4","","","","10","5","30","20","","","","","",""
"MechaDudeBigProjectileHyperChargedBuddy","","4500","","100","true","","","","","","0","2","","MechaDudeOverchargeShotAreaEffectAction","","","","","true","","","","","","","","","","","","","","","","","","","","","","","","","","","","","","","","","","","","","","","","","","","","","","","","","","","","","","","","","","",""
"TrickShotGadgetSkillContainerProjectile","","2500","","0","","true","","","","","240","1","","","","","","","true","","","","","","","","","","","","","","","","","","","","","","","","","","","","","","","","","","","","","","","","","","","","","","","","","","","","","","","","","","",""
"TrickshotDudeGadgetSkillSplitterShotProjectile","","3400","","150","","","","","","","0","2","","","","","","","true","","","","","","","","","","","","","3","","20","16","3","","","","","","","","","","","","","","","","","","","","","","","","","","","","","","","","","","","","","","","","","",""
"TrickshotDudeGadgetSkillSplitterShotProjectile2","","2500","","101","","","","","","","0","2","","","","","","","true","","","","","true","","","","","","","","","","","","","75","75","0","1000","","","","","","","","","","","","","","","","","","","","","","","","","","","","","","","","","","","","","",""
"TrickShotGadgetSkillContainerProjectileBuddy","","2500","","0","","true","","","","","240","1","","","","","","","true","","","","","","","","","","","","","","","","","","","","","","","","","","","","","","","","","","","","","","","","","","","","","","","","","","","","","","","","","","",""
"TrickshotDudeGadgetSkillSplitterShotProjectileBuddy","","3400","","150","","","","","","","0","2","","","","","","","true","","","","","","","","","","","","","3","","20","16","3","","","","","","","","","","","","","","","","","","","","","","","","","","","","","","","","","","","","","","","","","",""
"TrickshotDudeProjectileBigBulletSplit","","3478","","101","","","","","","","0","3","","","","","","","true","","true","500","6","","","","","","","","","","","","","","","","","","","","","","","","","","","","","","","","","","","","","","","","","","","","","","","","","","","","","","",""
"TrickshotDudeProjectileBigBulletSplitBuddy","","3478","","101","","","","","","","0","3","","","","","","","true","","true","500","6","","","","","","","","","","","","","","","","","","","","","","","","","","","","","","","","","","","","","","","","","","","","","","","","","","","","","","",""
"TrickshotDudeGadgetSkillProjectile","","3500","","0","","true","","","","","500","1","","","","","","","true","","","","","","","","","","","","","","","","","","","","","","","","","","","","","","","","","","","","","","","","","","","","","","","","","","","","","","","","","","",""
"RocketGirlGadgetSkillMegaRocketProjectile","","2700","","150","","","","","","","0","2","","","","","","","true","","","","","","","","","","","","","","","","","","","","","","","","","","","","","","","","","","","","","","","","","","","","","","","","","","","","","","","","","","",""
"RocketGirlGadgetSkillMegaRocketProjectileBuddy","","2700","","150","","","","","","","0","2","","","","","","","true","","","","","","","","","","","","","4","4","10","15","2","","","","","","","","","","","","","","","","","","","","","","","","","","","","","","","","","","","","","","","","","",""
"RocketGirlGadgetSplittingProjectile","","2700","","100","","","","","","75","0","2","","","30","","","","true","","","","","","","","","","","","","","","","","","","","","","","","","","","","","","","","","","","","","","","","","","","","","","","","","","","","","","","","","","",""
"RocketGirlProjectileSecondary","","2700","","60","","","","","","","0","2","","","","","","","true","","","","","","","","","","","","","","","","","","","","","","","","","","","","","","","","","","","","","","","","","","","","","","","","","","","","","","","","","","",""
"MegaKatanaKidHookProjectile","","2400","","300","","","","","","","0","4","","","","","","","true","","","","","","","","","","","","","","","","","","","","","","","","","","","","","","","true","","","","","","","true","","","","","","","","","","","","","","","","","","","","",""
"MegaKatanaKidHookProjectile2","","3200","","300","","","","","","","0","4","","","","","","","true","","","","","","","","","","","","","","","","","","","","","","","","","","","","","","","true","","","","","","","true","","","","","","","","","","","","","","","","","","","","",""
"MegaKatanaKidProjectile","","3000","","250","","","","","","","0","3","","","","","","","true","","","","","","","","","","","","","","","","","","","","","","","","","","","","","","","","","","","","","","","","","","","","","","","","","","","","","","","18","","","",""
"MegaKatanaKidFishProjectile","","1250","","100","","","","","20","","300","","","","","","","","true","","true","300","2","","","","","","","","","","","","","","","","","","","","","","","","","","","","","","","","","","","","","","","","","","","","","","","","","","","","","","",""
"TrickshotDudeGadgetSkillProjectileBuddy","","3500","","0","","true","","","","","500","1","","","","","","","true","","","","","","","","","","","","","","","","","","","","","","","","","","","","","","","","","","","","","","","","","","","","","","","","","","","","","","","","","","",""
"TrickshotDudeProjectileOverchargeBuddy","","3478","","101","","","","","","","0","3","","","","","","","true","","true","500","6","","","","","","","","","","","","","","","","","","","","","","","","","","","","","","","","","","","","","","","","","","","","","","","","","","","","","","",""
"MechaVanMeleeNinjaStabProjectile","","3500","","300","","","","","","","0","0","","","","","","","true","","","","","true","","","","","","","","","","","","","","","","","","","","","","","","","","","","","","","","","","","","","","","","","","","","","","","","","","","","","",""
"MechaVanSniperPiercingProjectile","","3500","","101","","","","","","","0","3","","","","","","","true","","","","","","true","","","","","","","","","","","","20","100","0","850","","","","","","","","","","","","","","","","","","","","","","","","","","","","","","","","","","","","","",""
"MechaVanSniperLongRangeProjectile","","4000","","250","","","","","","","0","2","","","","","","","true","","","","","true","true","","","","","","","","","","","","","","","","","","","","","","","","","","","","","","","","","","","","","","","","","","","","","","","","","","","","",""
"MegaBossKatanaKidLobbedFishProjectile","","1700","","50","","true","true","","","","300","1","","","","","","","true","","","","","","","","","","","","","1","","","10","2","","","","","","","","","","","","","","","","","","","","","","","1000","","","","","","","","","","","","","","","","","","",""
"RocketGirlProjectileOvercharged","","2700","","101","","","","","","","0","2","","","30","","","","true","","","","","","","","","","","","","","","","","","","","","","","","","","","","","","","","","","","","","","","","","","","","","","","","","","","","","","","","","","",""
