"Name","BehaviorType","EquipType","OverchargedVersion","CanMoveAtSameTime","Targeted","AutoAttackTargetingType","AttackFacing","Cooldown","BonusSkillCooldown","ActiveTime","CastingTime","CastingRange","RangeVisual","RangeInputScale","MaxCastingRange","AllowAimOutsideMap","ForceValidTile","RechargeTime","MaxCharge","Damage","DamageForUlti","PercentDamage","MsBetweenAttacks","Spread","AttackPattern","NumBulletsInOneAttack","TwoGuns","ExecuteFirstAttackImmediately","MovementSpeed","ChargePushback","OverchargedChargePushback","ChargeSpeed","ChargeType","NumSpawns","MaxSpawns","BreakInvisibilityOnAttack","SeeInvisibilityDistance","AlwaysCastAtMaxRange","RestrictCastOnSkillActive","Projectiles","OverchargedProjectiles","OverchargedChainProjectile","SummonedCharacters","OverchargedSummonedCharacters","AreaEffectObject","DontTriggerAreaAtEndOfCharge","AreaEffectObject2","AreaEffect2AtEndOfCharge","OverchargedAreaEffectObject","OverchargedAreaEffectObject2","AreaEffectFollowType","MeleeAttackPiercesEnvironment","MeleeAttackOnHitActions","ConsumableShieldValue","ConsumableShieldTicks","SpawnedItem","OverchargedSpawnedItem","SpawnItemTriggerType","ButtonSWF","ButtonExportName","ButtonExportNameBlue","CastingEffect","AttackEffect","OverchargedAttackEffect","UseEffect","OverchargedUseEffect","EndEffect","OverchargedEndEffect","LoopEffect","LoopEffect2","OverchargedLoopEffect","OverchargedLoopEffect2","OverrideMusicWhenEquipped","ChargeMoveSound","MultiShot","SkillChangeType","SecondarySkill","SecondarySkill2","SecondarySkill3","SecondarySkill4","ShowTimerBar","ChargedShotCount","DamageModifier","HoldToShoot","UsableInShadowRealm","HealSelfOnActivationType","HealSelfOnActivationPower","LowHealthSpeedupPercent","ActivationSelfStatusEffects","ActivationSelfStatusEffectsOvercharged","OnChargeHitStatusEffect","OnChargeHitStatusEffectOvercharged","InterruptType","TID","Desc","BooleanAttributes","CustomString","CustomString2","CustomValue","CustomValue2","BotUsageHint","ForceWalkAnim","AttackAnimationSpeed","OnChargeHitSelfStatusEffect","ShowChainIndicator"
"string","String","String","String","boolean","boolean","int","int","int","int","int","int","int","int","int","int","boolean","int","int","int","int","int","int","int","int","int","int","boolean","boolean","int","int","int","int","int","int","int","boolean","int","boolean","boolean","string","string","string","string","string","string","boolean","string","boolean","string","string","string","boolean","string","int","int","string","string","int","string","string","string","string","string","string","string","string","string","string","string","string","string","string","string","string","boolean","int","string","string","string","string","boolean","int","int","boolean","boolean","int","int","int","string","string","string","string","int","String","String","String","string","string","int","int","string","boolean","int","string","boolean"
"ShotgunGirlWeapon","Attack","weapon","ShotgunGirlOverchargedWeapon","true","true","","","250","","150","","23","","","","","","1500","3","300","-1","","100","60","","5","","true","","","","","","","","","","","","ShotgunGirlProjectile","","","","","","","","","","","","","","","","","","","","","","","shelly_def_atk","","","","","","","","","","","","","","","","","","","","","","true","","","","","","","","","","","","","","","","","","","",""
"ShotgunGirlUlti","Attack","ulti","","true","true","","","250","","150","","23","","","","","","","","320","-1","","100","100","","9","","true","","","","","","","","","","","","ShotgunGirlUltiProjectile","ShotgunGirlOverchargedUltiProjectile","","","","","","","","","","","","","","","","","","","","","","shelly_def_ulti","shelly_def_overcharge","","","","","","","","","","","","","","","","","","","","","","","","","","","","","","","","","","","","","","","","",""
"GunslingerWeapon","Attack","weapon","GunslingerOverchargedWeapon","true","true","","","50","","650","","27","","","","","","1300","3","360","-1","","100","0","","1","true","true","","","","","","","","","","","","GunslingerProjectile","","","","","","","","","","","","","","","","","","","","","","","colt_def_atk","","","","","","","","","","","","","","","","","","","","","","true","","","","","","","","","","","","","","","","","","","",""
"GunslingerUlti","Attack","ulti","","true","true","","","50","","1250","","33","","","","","","","","320","-1","","100","0","","1","true","true","","","","","","","","","","","","GunslingerUltiProjectile","GunslingerOverchargedUltiProjectile","","","","","","","","","","","","","","","","","","","","","","colt_def_ulti","colt_def_overcharge","dummy_effect","","","","","","","","","","","","","","","","","","","","","","","","","","","","","","","","","","","","","","","",""
"BullDudeWeapon","Attack","weapon","BullDudeOverchargedWeapon","true","true","","","250","","150","","16","","","","","","1600","3","440","-1","","100","90","","5","","true","","","","","","","","","","","","BullDudeProjectile","","","","","","","","","","","","","","","","","","","","","","","bull_def_atk","","","","","","","","","","","","","","","","","","","","","","true","","","","","","","","","","","","","","","","","","","",""
"BullDudeUlti","Charge","ulti","","","true","","","50","","","","33","","","","","","","","1000","-1","","","","","","","","","130","","2000","1","","","","","false","","","","","","","","","BullSlowArea","true","","","","","","","","","","","","","","","","","bull_dude_ulti","","","","bull_dude_ulti_loop","","bull_def_overcharge","bull_def_overcharge_loop","","Rhinostep","","1","","","","","","","","","","","","","","","","","","","","","","","","","","","","",""
"RocketGirlWeapon","Attack","weapon","RocketGirlWeaponBuddy","true","true","","","250","","150","","27","","","","","","1950","3","1160","-1","","100","","","1","","true","","","","","","","","","","","","RocketGirlProjectile","","","","","","","","","","","","","","","","","","","","","","","brock_def_atk","","","","","","","","","","","","","","","","","","","","","","true","","","","","","","","","","","","","","","","","","","",""
"RocketGirlUlti","Attack","ulti","","true","true","","","250","","1850","","25","","","","","","","","1040","-1","","200","160","9","1","","true","","","","","","","","","","","","RocketGirlUltiProjectile","RocketGirlUltiOverchargedProjectile","","","","","","","","","","","","","","","","","","","","","","brock_def_ulti","brock_def_oc_ulti","","","","","","","","","","","","","","","","","","","","","","","","","","","","","","","","","","","","","","","","",""
"TrickshotDudeWeapon","Attack","weapon","TrickshotDudeWeaponBuddyOvercharged","true","true","","","50","","600","","29","","","","","","1100","3","300","-1","","120","15","1","1","","true","","","","","","","","","","","","TrickshotDudeProjectile","","","","","","","","","","","","","","","","","","","","","","","rico_def_atk","","","","","","","","","","","","","","","","","","","","","","true","","","","","","","","","","","","","","","","","","","",""
"TrickshotDudeUlti","Attack","ulti","","true","true","","","50","","1250","","40","","","","","","","","360","-1","","100","20","1","1","","true","","","","","","","","","","","","TrickshotDudeUltiProjectile","TrickshotDudeUltiOverchargedProjectile","","","","","","","","","","","","","","","","","","","","","","rico_def_ulti","rico_def_oc","","","","","","","","","","","","","","","","","","","","","","","","","","","","","","","","","","","","","","","","",""
"CactusWeapon","Attack","weapon","CactusOverchargedWeapon","true","true","","","250","","150","","23","","","","","","2000","3","540","-1","","100","","","1","","true","","","","","","","","","","","","CactusProjectile","","","","","","","","","","","","","","","","","","","","","","","cactus_attack","cactus_attack_buddy","","","","","","","","","","","","","","","","","","","","","true","","","","","","","","","","","","","","","","","","","",""
"CactusUlti","Attack","ulti","","true","true","","","250","","150","","23","","","","","","","","400","-1","","100","0","","1","","true","","","","","","","","","","","","CactusUltiProjectile","CactusOverchargedUltiProjectile","","","","","","","","","","","","","","","","","","","","","","cactus_attack_ulti","","","","","","","","","","","","","","","","","","","","","","","","","","","","","","","","","","","","","","","","","",""
"BarkeepWeapon","Attack","weapon","","true","true","","","250","","150","","22","","","","","","2000","3","800","-1","","100","0","","1","","true","","","","","","","","","","","","BarkeepProjectile","","","","","","","","","","","","","","","","","","","","","","","barkeep_attack","","","","","","","","","","","","","","","","","","","","","","true","","","","","","","","","","","","","","","","","","","",""
"BarkeepUlti","Attack","ulti","","true","true","","","250","","1050","","28","","","","","","","","800","-1","","200","75","9","1","","true","","","","","","","","","","","","BarkeepUltiProjectile","BarkeepOverchargedUltiProjectile","","","","","","","","","","","","","","","","","","","","","","barkeep_attack_ulti","","","","","","","","","","","","","","","","","","","","","","","","","","","","","","","","","","","","","","","","","",""
"MechanicWeapon","Attack","weapon","","true","true","","","250","","150","","27","","","","","","1800","3","1060","-1","","100","0","","1","","true","","","","","","","","","","","","MechanicProjectile1","","","","","","","","","","","","","","","","","","","","","","","mechanic_attack","","","","","","","","","","","","","","","","","","","","","","true","","","","","","","","","","","","","","","","","","","",""
"MechanicUlti","Attack","ulti","","true","true","","","50","","250","","15","","","","","1","","","","-1","","200","","","1","","true","","","","","","1","1","","","","","MechanicUltiProjectile","MechanicOverchargedUltiProjectile","","MechanicTurret","","","","","","","","","","","","","","","","","","","","mechanic_ulti","","","","","","","","","","","","","","","","","","","","","","","","","","","","","","","","","","","","","","","","","",""
"ShamanWeapon","Attack","weapon","ShamanOverchargedWeapon","true","true","","","250","","150","","18","","","","","","1100","3","960","-1","","100","0","","1","","true","","","","","","","","","","","","ShamanProjectile","","","","","","","","","","","","","","","","","","","","","","","shaman_attack","","","","","","","","","","","","","","","","","","","","","","true","","","","","","","","","","","","","","","","","","","",""
"ShamanOverchargedWeapon","Attack","weapon","","true","true","","","250","","150","","20","","","","","","1100","3","960","-1","","100","0","","1","","true","","","","","","","","","","","","ShamanOverchargedProjectile","ShamanOverchargedProjectile","","","","","","","","","","","","","","","","","","","","","","shaman_attack","nita_def_buddy_oc_atk","","","","","","","","","","","","","","","","","","","","","true","","","","","","","","","","","","","","","","","","","",""
"ShamanUlti","Attack","ulti","","true","true","","","50","","250","","15","","","","","1","","","","-1","","200","","","1","","true","","","","","","1","1","","","","","ShamanUltiProjectile","ShamanOverChargedUltiProjectile","","ShamanPet","","","","","","","","","","","","","","","","","","","","shaman_ulti","","","","","","","","","","","","","","","","","","","","","","","","","","","","","","","","","","","","","","","","","",""
"TntDudeWeapon","Attack","weapon","","true","true","","","250","","150","","22","","","","","","1400","3","800","-1","","100","30","","2","","true","","","","","","","","","","","","TntDudeProjectile","","","","","","","","","","","","","","","","","","","","","","","tnt_attack","","","","","","","","","","","","","","","","","","","","","","true","","","","","","","","","","","","","","","","","","","",""
"TntDudeUlti","Attack","ulti","","true","true","","","250","","150","","22","","","","","","","","2200","-1","","100","0","","1","","true","","","","","","","","","","","","TntDudeUltiProjectile","TntDudeOverchargedUltiProjectile","","","","","","","","","","","","","","","","","","","","","","tnt_attack_ulti","","","","","","","","","","","","","","","","","","","","","","","","","","","","","","","","","","","","","","","","","",""
"LuchadorWeapon","Attack","weapon","","true","true","","","50","","650","","9","","","","","","800","3","380","-1","","150","0","","1","true","true","","","","","","","","","","","","PrimoDefProjectile","","","","","","","","","","","","","","","","","","","","","","","luchador_attack","","","","","","","","","","","","","","","","","","","","","","true","","","","","","","","","","","","","","","","","","","",""
"LuchadorUlti","Charge","ulti","","","true","","","50","","","","27","","","","","","","","960","-1","","","","","","","","","130","-100","1600","3","","","","","","","","","","","","","","","","","","","","","","","","","","","","","","","","luchador_ulti","luchador_overcharged_ulti","luchador_ulti_ground_hit","luchador_overcharged_ulti_ground_hit","","","","","","","","","","","","","","","","","","","","","","","","","","","","","","","","","","","","",""
"UndertakerWeapon","Charge","weapon","UndertakerOverchargedWeapon","","true","","","0","","","","8","","","","","","2400","3","1000","-1","","","","","","","","","","","2700","4","","","","","true","true","","","","","","","","","","","","","","","","","","","","","","","","","","mortis_def_atk","","","","","","","","","","","","","","","","","","","","true","","","","","","","","","","","","","","","","","","","",""
"UndertakerUlti","Attack","ulti","","true","true","","","0","","200","","30","","","","","","","","900","-1","","150","","","1","","true","","","","","","","","","","","","UndertakerUltiProjectile","UndertakerOverchargedUltiProjectile","","","","","","","","","","","","","","","","","","","","","","undertaker_attack_ulti","","dummy_effect","","","","","","","","","","","","","","","","","","","","","","","","","","","","","","","","","","","","","","","",""
"CrowWeapon","Attack","weapon","CrowOverchargedWeapon","true","true","","","250","","150","","26","","","","","","1600","3","420","-1","","100","45","","3","","true","","","","","","","","","","","","CrowProjectile","","","","","","","","","","","","","","","","","","","","","","","crow_attack","","","","","","","","","","","","","","","","","","","","","","true","","","","","","","","","","","","","","","","","","","",""
"CrowOverchargedWeapon","Attack","weapon","","true","true","","","250","","150","","26","","","","","","1600","3","420","-1","","100","45","","3","","true","","","","","","","","","","","","CrowOverchargedProjectile","CrowOverchargedProjectile","","","","","","","","","","","","","","","","","","","","","","crow_attack","crow_def_buddy_oc_atk","","","","","","","","","","","","","","","","","","","","","true","","","","","","","","","","","","","","","","","","","",""
"CrowUlti","Charge","ulti","","","true","","","50","","","","26","","","","","","","","320","-1","","","","","","","","","0","","3000","2","","","","","","","","","","","","CrowUltiKnifes","","","","CrowOverchargedUltiKnifes","","","","","","","","","","","","","","","","crow_ulti","","","","","","","","","","","","","","","","","","","","","","","","","","","","","","","","","","","","","","","",""
"DeadMariachiWeapon","Attack","weapon","","true","true","","","250","","150","","21","","","","","","1600","3","760","-1","","100","130","","4","","true","","","","","","","","","","","","DeadMariachiProjectile","","","","","","","","","","","","","","","","","","","","","","","poco_def_atk_direct","","poco_def_atk_root","","","","","","","","","","","","","","","","","","","","true","","","","","","","","","","","","","","","","","","","",""
"DeadMariachiUlti","Attack","ulti","","true","true","","","250","","150","","28","","","","","","","","2100","-1","","100","130","","3","","true","","","","","","","","","","","","DeadMariachiUltiProjectile","DeadMariachiOverchargedUltiProjectile","","","","","","","","","","","","","","","","","","","","","","poco_def_atk_direct","poco_def_oc_muzzle","poco_def_ulti_root","","","","","","","","","","","","","","","","","","","","","","","","","","","","","","","","","","","","","","","",""
"DeadMariachiWeaponNanoPower","Attack","weapon","","true","true","","","250","","150","","21","","","","","","1600","3","760","-1","","100","180","28","12","","true","","","","","","","","","","","","DeadMariachiProjectile","","","","","","","","","","","","","","","","","","","","","","","poco_def_atk_direct","","poco_def_atk_root","","","","","","","","","","","","","","","","","","","","true","","","","","","","","","","","","","","","","","","","",""
"BowDudeWeapon","Attack","weapon","BowDudeOverchargedWeapon","true","true","","","50","","650","","26","","","","","","1700","3","640","-1","","200","30","2","1","","true","","","","","","","","","","","","BowDudeProjectile","","","","","","","","","","","","","","","","","","","","","","","bow_dude_attack","","","","","","","","","","","","","","","","","","","","","","true","","","","","","","","","","","","","","","","","","","",""
"BowDudeUlti","Attack","ulti","","true","true","","","50","","250","","26","","","","","1","","","1440","-1","","200","","","1","","true","","","","","","1","1","","","","","BowDudeSpawnMineProjectile","BowDudeSpawnOverchargedMineProjectile","","","","","","","","","","","","","","","BoxOfMines","BoxOfOverchargedMines","","","","","","bo_def_ulti_attack","","","","","","","","","","","","","","","","","","","","","","","","","","","","","","","","","","","","","","","","","",""
"SniperWeapon","Attack","weapon","","true","true","","","500","","150","","30","","","","","","2300","3","1800","-1","","100","","","1","","true","","","","","","","","","","","","SniperProjectile","","","","","","","","","","","","","","","","","","","","","","","sniper_attack","","","","","","","","","","","","","","","","","","","","","","true","","","","","","","","","","","","","","","","","","","",""
"SniperUlti","Charge","ulti","","","true","","","50","","","","26","","","","","","","","900","-1","","","","","","","","","0","","1500","6","1","1","","","","","","","","","","","","","","","","","","","","","BoxOfBombs","OverchargedBoxOfBombs","","","","","","","","sniper_ulti","","piper_def_ulti_end","","","","","","","","","","","","","","","","","","","","","","","","","","","","","","","","","","","","","",""
"SniperWeaponNanoPower","Attack","weapon","","true","true","","","500","","500","","30","","","","","","2300","3","1800","-1","","250","","","1","","true","","","","","","","","","","","","SniperProjectile","","","","","","","","","","","","","","","","","","","","","","","sniper_attack","","","","","","","","","","","","","","","","","","","","","","true","","","","","","","","","","","","","","","","","","","",""
"MinigunDudeWeapon","Attack","weapon","","true","true","","","50","","950","","27","","","","","","1300","3","300","-1","","100","60","3","1","","true","","","","","","","","","","","","MinigunDudeProjectile","","","","","","","","","","","","","","","","","","","","","","","pam_def_atk","","","","","","","","","","","","","","","","","","","","","","true","","","","","","","","","","","","","","","","","","","",""
"MinigunDudeUlti","Attack","ulti","","true","true","","","50","","250","","15","","","","","1","","","","-1","","200","","","1","","true","","","","","","1","1","","","","","MinigunDudeUltiProjectile","MinigunDudeOverchargedUltiProjectile","","HealingStation","OverchargedHealingStation","","","","","","","","","","","","","","","","","","","minigun_ulti","","","","","","","","","","","","","","","","","","","","","","","","","","","","","","","","","","","","","","","","","",""
"MinigunDudeWeaponNano","Attack","weapon","","true","true","","","50","","950","","27","","","","","","1300","3","300","-1","","100","60","3","1","","true","","","","","","","","","","","","MinigunDudeProjectileNano","","","","","","","","","","","","","","","","","","","","","","","pam_def_atk","","","","","","","","","","","","","","","","","","","","","","true","","","","","","","","","","","","","","","","","","","",""
"BlackHoleWeapon","Attack","weapon","","true","true","","","250","","150","","24","","","","","","1800","3","480","-1","","100","50","","3","","true","","","","","","","","","","","","BlackHoleProjectile","","","","","","","","","","","","","","","","","","","","","","","tara_def_atk","","","","","","","","","","","","","","","","","","","","","","true","","","","","","","","","","","","","","","","","","","",""
"BlackHoleUlti","Attack","ulti","","true","true","","","250","","150","","20","","","","","","","","800","-1","","100","0","","1","","true","","","","","","","","","","","","BlackHoleUltiProjectile","BlackHoleOverchargedUltiProjectile","","","","","","","","","","","","","","","","","","","","","","blackhole_ulti","","","","","","","","","","","","","","","","","","","","","","","","","","","","","","","","","","","","","","","","","",""
"BarrelBotWeapon","Attack","weapon","","true","true","","","50","","550","","18","","","","","","1800","3","240","-1","","250","80","","5","true","true","","","","","","","","","","","","BarrelBotProjectile","BarrelBotOverchargedProjectile","","","","","","","","","","","","","","","","","","","","","","darryl_def_atk","darryl_def_oc_atk_fire","","","","","","","","","","","","","","","","","","","","","true","","","","","","","","","","","","","","","","","","","",""
"BarrelBotUlti","Charge","ulti","","","true","","","50","","","","21","","","","","","","","660","-1","","","","","","","","","70","","2400","7","","","","","true","","","","","","","","","","","BarrelBotOverchargeChargeArea","","follow","","","","","","","","","","","","","","barrel_bot_ulti","","","","barrel_bot_ulti_loop","","","","","Barrelbot_step","","","","","","","","","","","","","","","BarrelbotShield","BarrelbotShieldOvercharged","","","","","","","","","","","","","","",""
"BarrelBotWeaponNanoPower","Attack","weapon","","true","true","","","50","","550","","18","","","","","","1800","3","240","-1","","250","","19","24","","true","","","","","","","","","","","","BarrelBotProjectile","BarrelBotOverchargedProjectile","","","","","","","","","","","","","","","","","","","","","","darryl_def_atk","darryl_def_oc_atk_fire","","","","","","","","","","","","","","","","","","","","","true","","","","","","","","","","","","","","","","","","","",""
"ArtilleryDudeWeapon","Attack","weapon","","true","true","","","250","","150","","26","","","","","","2000","3","980","-1","","100","0","","1","","true","","","","","","","","","","","","ArtilleryDudeProjectile","","","","","","","","","","","","","","","","","","","","","","","penny_def_atk","","","","","","","","","","","","","","","","","","","","","","true","","","","","","","","","","","","","","","","","","","",""
"ArtilleryDudeUlti","Attack","ulti","","true","true","","","50","","250","","15","","","","","1","","","","-1","","200","","","1","","true","","","","","","1","1","","","","","ArtilleryDudeUltiProjectile","ArtilleryDudeOverchargedUltiProjectile","","ArtilleryDudeTurret","","","","","","","","","","","","","","","","","","","","artillery_dude_ulti","","","","","","","","","","","","","","","","","","","","","","","","","","","","","","","","","","","","","","","","","",""
"DummySkillForLaserBall","Attack","utility","","true","true","3","","250","","150","","24","","","","TRUE","","","","","-1","","100","","","1","","true","","","","","","","","","","","","DummyProjectileForLaserBall","","","","","","","","","","","","","","","","","","","","","","","laser_ball_throw","","","","","","","","","","","","","","","","","","","","","","","","","","","","","","","","","","","","","","","","","",""
"DummyUltiSkillForLaserBall","Attack","utility","","true","true","3","","250","","150","","36","","","","TRUE","","","","","-1","","100","","","1","","true","","","","","","","","","","","","DummyProjectileForLaserBall","","","","","","","","","","","","","","","","","","","","","","","laser_ball_throw_ulti","","","","","","","","","","","","","","","","","","","","","","","","","","","","","","","","","","","","","","","","","",""
"DummySkillForLaserBallBurning","Attack","utility","","true","true","3","","250","","150","","24","","","","TRUE","","","","","-1","","100","","","1","","true","","","","","","","","","","","","DummyProjectileForLaserBallBurning","","","","","","","","","","","","","","","","","","","","","","","laser_ball_throw","","","","","","","","","","","","","","","","","","","","","","","","","","","","","","","","","","","","","","","","","",""
"DummyUltiSkillForLaserBallBurning","Attack","utility","","true","true","3","","250","","150","","36","","","","TRUE","","","","","-1","","100","","","1","","true","","","","","","","","","","","","DummyProjectileForLaserBallBurning","","","","","","","","","","","","","","","","","","","","","","","laser_ball_throw_ulti","","","","","","","","","","","","","","","","","","","","","","","","","","","","","","","","","","","","","","","","","",""
"BossRapidFire","Attack","weapon","","","true","3","","50","","1850","1250","40","","","","","","1250","3","900","-1","","300","90","3","1","","true","","","","","","","","","","","","BossProjectile","","","","","","","","","","","","","","","","","","","","","","","minion_missile_atk","","minion_warning_long","","","","","","","","","","","","","","","","","","","","","","","","","","","","","","","","","","","","","","","",""
"BossCharge","Charge","ulti","","","true","3","","50","","","1000","33","","","","","","","","1400","-1","","","","","","","","","130","","1800","1","","","","","true","","","","","","","","","","","","","","","","","","","","","","","","","","","","","","","minion_rush","","","","","Rhinostep","","","","","","","","","","","","","","","","","","","","","","","","","","","","","","",""
"HammerDudeWeapon","Attack","weapon","HammerDudeOverchargedWeapon","","true","","","50","","700","","18","","","","","","800","3","1160","-1","","600","130","","4","","","","","","","","","","","","","true","HammerDudeProjectile","","","","","","","","","","","","","","","","","","","","","","","hammer_dude_attack","","","","","","","","","","","","","","","","","","","","","","true","","","60","","","","","","","","","","","","","","","","",""
"HammerDudeUlti","Attack","ulti","","","true","","","50","","1200","","21","","","","","","","","1240","-1","","1100","130","","4","","","","","","","","","","","","","true","HammerDudeUltiProjectile","HammerDudeOverchargedUltiProjectile","","","","","","","","","","","","","","","","","","","","","","hammer_dude_ulti","frank_def_oc_ulti","hammer_dude_start_ulti","frank_def_oc_atk_trail","","","","","","","","","","","","","","","","","","","","","","","","","","","","","","","","","","","","","","",""
"HookWeapon","Attack","weapon","","true","true","","","250","","150","","17","","","","","","2000","3","1000","-1","","100","0","","1","","true","","","","","","","","","","","","HookProjectile","","","","","","","","","","","","","","","","","","","","","","","gene_def_atk","","","","","","","","","","","","","","","","","","","","","","true","","","","","","","","","","","","","","","","","","","",""
"HookUlti","Attack","ulti","","true","true","","","250","","150","","23","","","","","","","","","-1","","100","","","1","","true","","","","","","","","","","","","HookUltiProjectile","HookUltiOverchargedProjectile","","","","","","","","","","","","","","","","","","","","","","gene_def_ulti","","","","","","","","","","","","","","","","","","","","","","","","","","","","","","","","","","","","","","","","","",""
"ClusterBombDudeWeapon","Attack","weapon","","true","true","","","250","","150","","26","","","","","","2400","3","680","-1","","100","0","","1","","true","","","","","","","","","","","","ClusterBombProjectile","","","","","","","","","","","","","","","","","","","","","","","tick_def_atk","","","","","","","","","","","","","","","","","","","","","","true","","","","","","","","","","","","","","","","","","","",""
"ClusterBombDudeUlti","Attack","ulti","","true","true","","","50","","250","","10","","","","","1","","","","-1","","200","","","1","","true","","","","","","1","1","","","","","ClusterBombSummonProjectile","ClusterBombOverchargedSummonProjectile","","ClusterBombPet","","","","","","","","","","","","","","","","","","","","","","tick_def_ulti","","","","","","","","","","","","","","","","","","","","","","","","","","","","","","","","","","","","","","","",""
"BoneThrowerWeapon","Attack","weapon","","true","true","","","250","","150","","27","","","","","","2000","3","","-1","","100","0","","1","","true","","","","","","","","","","","","BoneThrowerProjectile","","","","","","","","","","","","","","","","","","","","","","","bonethrower_attack","","","","","","","","","","","","","","","","","","","","","","true","","","","","","","","","","","","","","","","","","","",""
"BoneThrowerUlti","Attack","ulti","","true","true","","","250","","150","","27","","","","","","","","100","-1","","500","","","1","","true","","","","","","","","","","","","BoneThrowerUltiProjectile","","","","","","","","","","","","","","","","","","","","","","","bonethrower_ulti","","","","","","","","","","","","","","","","","","","","","","","","","","","","","","","","","","","","","","","","","",""
"NinjaWeapon","Attack","weapon","NinjaOverchargedWeapon","true","true","","","50","","450","","29","","","","","","1900","3","480","-1","","100","35","2","1","true","true","","","","","","","","","","","","LeonDefProjectile","","","","","","","","","","","","","","","","","","","","","","","ninja_attack","","","","","","","","","","","","","","","","","","","","","","true","","","","","","","","","","","","","","","","","","","",""
"NinjaUlti","Invisibility","ulti","","true","","","","50","","6000","","","","","","","","","","","-1","","","","","","","","","","","","","","","true","1200","","","","","","","","","","","","","","","","","","","","","","","","","","","","ninja_go_invisible","ninja_go_invisible_overcharged","","","","","","","","","","","","","","","true","","","","","","","","","","","","","","","","","","","","","","","",""
"RosaWeapon","Attack","weapon","","true","true","","","50","","800","","11","","","","","","1000","3","500","-1","","250","130","","3","true","true","","","","","","","","","","","","RosaProjectile","","","","","","","","","","","","","","","","","","","","","","","rosa_def_atk","","","","","","","","","","","","","","","","","","","","","","true","","","","","","","","","","","","","","","","","","","",""
"RosaUlti","Shield","ulti","","true","","","","50","","4000","","","","","","","","","","","-1","","70","","","","","","","","","","","","","","","","","","","","","","","","","","RosaOverchargedUltiArea","","","","","","","","","","","","","","","","rosa_def_ulti","rosa_def_overcharge_use","","","rosa_def_ulti_loop","","rosa_def_overcharge_loop","","","","","","","","","","true","","","","","","","","","","","","","","","","","","","","","","","",""
"SandstormUlti","Attack","ulti","","true","true","","","250","","150","","22","","","","","","","","","-1","","100","0","","1","","true","","","","","","","","","","","","SandstormUltiProjectile","SandstormOverchargedUltiProjectile","","","","","","","","","","","","","","","","","","","","","","tnt_attack_ulti","","","","","","","","","","","","","","","","","","","","","","","","","","","","","","","","","","","","","","","","","",""
"WhirlwindWeapon","Attack","weapon","","true","true","","","500","","150","","25","","","","","","2000","1","820","-1","","100","0","","1","","true","","","","","","","","","","","","WhirlwindProjectile","","","","","","","","","","","","","","","","","","","","","","","whirlwind_attack","","","","","","","","","","","","","","","","","","","","","","true","","","","","","","","","","","","","","","","","","","",""
"WhirlwindUlti","Ww","ulti","","true","","","","50","","3000","","7","","","","","","","","500","-1","","600","","","","","","","","","","","","","","","true","","","","","","","","","","","","","","","","","","","","","","","","","","","","","","","carl_def_ulti_loop","carl_def_ulti_ground","carl_def_oc_ulti_loop","carl_def_oc_ulti_ground","","","","","","","","","true","","","","","","","","","","","","","","","","","","","","","","","",""
"BaseballWeapon","Attack","weapon","BaseballOverchargedWeapon","true","true","","","50","","700","","11","","","","","","800","3","1400","-1","","600","300","","1","","","","200","","2000","","","","","","","","","","","","","","","","","","","","","","","","","","","","","","","bibi_def_atk","","bibi_swing","","","","","","","","","","","","","","","","","","","","true","","","","","","","","","","","","","","","","","","","",""
"BaseballUlti","Attack","ulti","","true","true","","","50","","150","","120","","","","","","","","900","-1","","100","","","","","true","","","","","","","","","","","","BaseballUltiProjectile","BaseballOverchargedUltiProjectile","","","","","","","","","","","","","","","","","","","","","","bibi_def_ulti","","","","","","","","","","","","","","","","","","","","","","","","","","","","","","","","","","","","","","","","","",""
"ArcadeWeapon","Attack","weapon","ArcadeWeaponOvercharged","true","true","","","50","","650","","30","","","","","","1350","3","340","-1","","100","18","3","1","","true","","","","","","","","","","","","ArcadeProjectile","","","","","","","","","","","","","","","","","","","","","","","arcade_def_atk","","","","","","","","","","","","","","","","","","","","","","true","","","","","","","","","","","","","","","","","","","",""
"ArcadeWeaponOvercharged","Attack","weapon","","true","true","","","50","","650","150","30","","","","","","100","3","340","-1","","100","18","3","1","","true","","","","","","","","","","","","ArcadeOverchargedBuddyProjectile","","","","","","","","","","","","","","","","","","","","","","","","arcade_def_oc_atk","","","","","","","","","","","","","","","","","","","","","true","","","","","","","","","","","AllowReactivation;CancelBeforeReactivation;RechargeDuringCooldown;CastingTimeOnlyOnReactivation","","","","","","","","",""
"ArcadeUlti","Attack","ulti","","true","true","","","50","","250","","15","","","","","1","","","","-1","","200","","","1","","true","","","","","","1","1","","","","","ArcadeUltiProjectile","ArcadeUltiOverchargedProjectile","","DamageBooster","DamageBoosterOvercharge","","","","","","","","","","","","","","","","","","","","","arcade_def_ulti_atk","","","","","","","","","","","","","","","","","","","","","","","","","","","","","","","","","","","","","","","",""
"ArcadeDoubleBonusSkill","AimableArea","bonusSkill","","true","true","","","250","15000","50","","30","","","","","","","1","340","-1","","100","18","","1","","","","","","","","","","","","","","","","","","","ArcadeDoubleGadget","","","","","","follow","","","","","","","","sc/ui.sc","icon_item_8bit_2","","","luchador_attack","","","","","","","","","","","","","","","","","","","","","","","","","","","","","","","","","AllowConcurrentSkills;UseWeaponAmmo","","","","","","","","",""
"ArcadeDoubleBonusSkillBuddy","AimableArea","bonusSkill","","true","true","","","250","15000","50","","30","","","","","","","1","340","-1","","100","18","","1","","","","","","","","","","","","","","","","","","","ArcadeDoubleGadgetBuddy","","","","","","follow","","","","","","","","sc/ui.sc","icon_item_8bit_2","","","luchador_attack","","","","","","","","","","","","","","","","","","","","","","","","","","","","","","","","","AllowConcurrentSkills;UseWeaponAmmo","","","","","","","","",""
"SandstormWeapon","Attack","weapon","","true","true","","","250","","150","","18","","","","","","1800","3","900","-1","","100","80","4","3","","true","","","","","","","","","","","","SandstormProjectile","","","","","","","","","","","","","","","","","","","","","","","poco_def_atk_direct","","","","","","","","","","","","","","","","","","","","","","true","","","","","","","","","","","","","","","","","","","",""
"BeeSniperWeapon","Attack","weapon","","true","true","","","50","","150","","30","","","","","","900","1","800","-1","","100","","","1","","true","","","","","","","","","","","","BeeSniperProjectile;BeeSniperChargedProjectile","","","","","","","","","","","","","","","","","","","","","","","bea_def_atk","","","","","","","","","","","","","","","","","","","1","275","","true","","","","","","","","","","","","","","","","","","","",""
"BeeSniperUlti","Attack","ulti","","true","true","","","50","","150","","27","","","","","","","","100","-1","","100","30","","7","","true","","","","","","","","","","","","BeeSniperUltiProjectile","BeaOverchargedUltiProjectile","","","","","","","","","","","","","","","","","","","","","","tick_def_atk","","dummy_effect","","","","","","","","","","","","","","","","","","","","","","","","","","","","","","","","","","","","","","","",""
"MummyWeapon","Attack","weapon","MummyOverchargedWeapon","true","true","","","250","","150","","20","","","","","","2000","3","560","-1","","100","80","5","5","","true","","","","","","","","","","","","MummyProjectile","","","","","","","","","","","","","","","","","","","","","","","emz_def_atk","","","","","","","","","","","","","","","","","","","","","","true","","","","","","","","","","","","","","","","","","","",""
"MummyUlti","AreaBuff","ulti","","true","","","","50","","5000","","","","","","","","","","240","-1","","70","","","","","","","","","","","","","","","","","","","","","","MummyUltiArea","","","","MummyOverchargedUltiArea","MummyOverchargedUltiAreaPushBack","follow","","","","","","","","","","","","","","emz_def_ulti_use","","","","dummy_effect","","","","","","","","","","","","true","","","","","","","","","","","","","","","","","","","","","","","",""
"SpawnerDudeUlti","Attack","ulti","","true","true","","","50","","250","","15","","","","","1","","","","-1","","200","","","1","","true","","","","","","1","1","","","","","SpawnerDudeUltiProjectile","SpawnerDudeOverchargedUltiProjectile","","SpawnerDudeTurret","OverchargedSpawnerDudeTurret","","","","","","","","","","","","","","","","","","","","mrp_def_oc_ulti","","","","","","","","","","","","","","","","","","","","","","","","","","","","","","","","","","","","","","","","",""
"SpawnerDudeWeapon","Attack","weapon","","true","true","","","250","","150","","21","","","","","","1600","3","760","-1","","100","","","1","","true","","","","","","","","","","","","SpawnerDudeProjectile","","","","","","","","","","","","","","","","","","","","","","","colt_def_atk","","","","","","","","","","","","","","","","","","","","","","true","","","","","","","","","","","","","","","","","","","",""
"SpeedyWeapon","Attack","weapon","SpeedyWeaponOverchargedBuddy","true","true","","","50","","450","","25","","","","","","1300","4","320","-1","","100","30","6","1","","true","","","","","","","","","","","","SpeedyProjectile","","","","","","","","","","","","","","","","","","","","","","","colt_def_atk","","","","","","","","","","","","","","","","","","","","","","true","","","","","","","","","","","","","","","","","","","",""
"SpeedyWeaponOverchargedBuddy","Attack","weapon","","true","true","","","50","","450","","25","","","","","","1300","4","320","-1","","100","30","6","1","","true","","","","","","","","","","","","SpeedyOverchargedBuddyProjectile","","","","","","","","","","","","","","","","","","","","","","","colt_def_atk","max_def_oc_atk","","","","","","","","","","","","","","","","","","","","","true","","","","","","","","","","","","","","","","","","","",""
"SpeedyUlti","AreaBuff","ulti","","true","","","","50","","4000","","","","","","","","","","","-1","","","","","","","","","","","","","","","","","","","","SpeedyOverchargedProjectile","","","","SpeedyUltiArea","","","","SpeedyUltiOverchargedArea","","follow","","","","","","","","","","","","","","","","","","dummy_effect","","","","","","","","","","","","","","","","","","","","","","","","","","","","","","","","","","","",""
"SpeedyDashBonusSkill","Charge","bonusSkill","","","true","1","","100","15000","","","10","","","","","","","1","","-1","","","","","","","","","","","2400","5","","","","","","","","","","","","","","","","","","","","","","","","","","sc/ui.sc","icon_item_max_1","","","","","gadget_max_dash","","","","","","","","","","","","","","","","","","","","","","","","SpeedyGadgetDashShield","","","","","","","","","","","","","","","",""
"SpeedyDashBonusSkillBuddy","Charge","bonusSkill","","","true","1","","100","15000","","","10","","","","","","","2","","-1","","","","","","","","","","","2400","5","","","","","","","","","","","","","","","","","","","","","","","","","","sc/ui.sc","icon_item_max_1","","","","","gadget_max_dash","","","","","","","","","","","","","","","","","","","","","","","","SpeedyGadgetDashShield;SpeedyGadgetDashBuddyTimer","","","","","","","","","","","","","","","",""
"SpeedyRewindBonusSkill","Attack","bonusSkill","","true","true","2","","250","15000","300","","8","","","","","1","100","1","","-1","","300","0","","1","","true","","","","","","","","","","","","SpeedyRewindProjectile","","","","","","","","","","","","","","","","","","","sc/ui.sc","icon_item_max_2","","","ziggy_def_atk","","","","","","","","","","","","","5","SpeedyRewindBonusSkillBlink","","","","","","","","","","","","","","","","","","","AimIndirectAsFlat;NoBonusSkillCooldown","","","","","","","","",""
"SpeedyRewindBonusSkillBlink","DestroyArea","bonusSkill","","true","","","","250","15000","150","","","","","","","","100","1","","-1","","100","0","","1","","true","","","","","","","","","","","","","","","","","SpeedyRewindArea","","","","","","","","","","","","","","sc/ui.sc","icon_item_max_2","","","leon_def_gadget2","","","","","","","","","","","","","8","SpeedyRewindBonusSkill","","","","","","","","","","","","","","","","","","","FullBonusSkillCooldownOnDeath","","","","","","","","",""
"0e9d34ed18eca9b03d3f31595b82f20876a5316d","Attack","weapon","ShotgunGirlOverchargedWeapon","true","true","","","250","","150","","23","","","","","","1500","3","300","-1","","100","60","","5","","true","","","","","","","","","","","","ShotgunGirlProjectile","","","","","","","","","","","","","","","","","","","","","","","shelly_def_atk","","","","","","","","","","","","","","","","","","","","","","true","","","","","","","","","","","","","","","","","","","",""
"77db00da316a2f4fe624c33fa1fbaeb6a63966a2","Attack","weapon","ShotgunGirlOverchargedWeapon","true","true","","","250","","150","","23","","","","","","1500","3","300","-1","","100","60","","5","","true","","","","","","","","","","","","ShotgunGirlProjectile","","","","","","","","","","","","","","","","","","","","","","","shelly_def_atk","","","","","","","","","","","","","","","","","","","","","","true","","","","","","","","","","","","","","","","","","","",""
"DummySkillForCTF","Attack","utility","","true","true","3","","250","","150","","13","","200","","","","","","","-1","","100","","","1","","true","","","","","","","","","","","","DummyProjectileForCTF","","","","","","","","","","","","","","","","","","","","","","","laser_ball_throw","","","","","","","","","","","","","","","","","","","","","","","","","","","","","","","","","","","","","","","","","",""
"DummyUltiSkillForCTF","Attack","utility","","true","true","3","","250","","150","","20","","300","","","","","","","-1","","100","","","1","","true","","","","","","","","","","","","DummyProjectileForCTF","","","","","","","","","","","","","","","","","","","","","","","laser_ball_throw_ulti","","","","","","","","","","","","","","","","","","","","","","","","","","","","","","","","","","","","","","","","","",""
"DrillerWeapon","Attack","weapon","","true","","","1","250","","150","","10","","","","","","1800","3","","-1","","1000","","","","","","","","","","","","","","","","","","","","","","DrillerDamageArea","","","","","","follow","","","","","","","","","","","","luchador_attack","","","","","","","","","","","","","","","","","","","","","","true","","","","","","","","","","","","","","","","","","","",""
"DrillerUlti","Attack","ulti","","true","","","1","250","","500","","","","","","","","","","","-1","","1000","","","","","","","","","","","","","","","","","","","","","","DrillerUltiArea","","","","DrillerOverchargedUltiArea","","follow","","","","","","","","","","","","","","driller_def_ulti_use","driller_def_overcharge_use","","","dummy_effect","","","","","","","","","","","","","","","","","","","","","","","","","","","","","","","","","","","",""
"BlowerWeapon","Attack","weapon","","true","true","","","250","","150","","25","","","","","","1200","3","300","-1","","100","","7","6","","true","","","","","","","","","","","","BlowerProjectile","","","","","","","","","","","","","","","","","","","","","","","bull_def_atk","","","","","","","","","","","","","","","","","","","","","","true","","","","","","","","","","","","","","","","","","","",""
"BlowerUlti","Attack","ulti","","true","true","","","250","","150","","30","","","","","","","","800","-1","","100","","7","4","","true","","","","","","","","","","","","BlowerUltiProjectile","BlowerUltiOverchargedProjectile","","","","","","","","","","","","","","","","","","","","","","shelly_def_ulti","gale_def_oc_ulti","","","","","","","","","","","","","","","","","","","","","","","","","","","","","","","","","","","","","","","","",""
"ControllerWeapon","Attack","weapon","","true","true","","","500","","150","","26","","","","","","1800","3","800","-1","","100","50","","3","","true","","","","","","","","","","","","ControllerProjectile","","","","","","","","","","","","","","","","","","","","","","","bull_def_atk","","","","","","","","","","","","","","","","","","","","","","true","","","","","","","","","","","","","","","","","","","",""
"ControllerUlti","Attack","ulti","","","true","","","50","","150","","10","","","","","","","","1800","-1","","100","0","","1","","true","","","","","","","","","","","","ControllerUltiProjectile","ControllerUltiOverchargedProjectile","","","","","","","","","","","","","","","","","","","","","","colt_def_ulti","nani_def_oc_muzzle","dummy_effect","","","","","","","","","","","","","","","","","","","","","","","","","","","","","","","","","","","","","","","",""
"WallyWeapon","Attack","weapon","","true","true","","","250","","150","","15","","","","","10","1500","3","1100","-1","","100","30","","1","","true","","","","","","","","","","","","WallyProjectile","","","","","","","","","","","","","","","","","","","","","","","sprout_def_atk","","","","","","","","","","","","","","","","","","","","","","true","","","","","","","","","","","","","","","","","","","",""
"WallyUlti","Attack","ulti","","true","true","","","250","","150","","23","","","","","1","","","","-1","","100","0","","1","","true","","","","","","","","","","","","WallyUltiProjectile","WallyOverchargedUltiProjectile","","","","","","","","","","","","","","","","","","","","","","sprout_def_ulti","sprout_def_oc_muzzle","","","","","","","","","","","","","","","","","","","","","","","","","","","","","","","","","","","","","","","","",""
"PowerLevelerWeapon","Attack","weapon","PowerLevelerWeaponOverchargedBuddy","true","true","","","250","","150","","20","","","","","","2000","3","1180","-1","","100","0","","1","","true","","","","","","","","","","","","PowerLevelerProjectile","PowerLevelerOverchargedProjectile","","","","","","","","","","","","","","","","","","","","","","surge_def_atk","","","","","","","","","","","","","","","","","","","","","","true","","","","","","","","","","","","","","","","","","","",""
"PowerLevelerWeaponOverchargedBuddy","Attack","weapon","","true","true","","","250","","350","","20","","","","","","2000","3","1180","-1","","200","0","11","1","","true","","","","","","","","","","","","PowerLevelerProjectile","PowerLevelerOverchargedProjectile;PowerLevelerOverchargedProjectileBuddy","","","","","","","","","","","","","","","","","","","","","","surge_def_atk","surge_def_oc_atk","","","","","","","","","","","","","","","","","","","","","true","","","","","","","","","","","","","","","","","","","",""
"PowerLevelerUlti","Charge","ulti","PowerLevelerUltiOvercharged","","true","","","50","","","","10","","","","","","","","1000","-1","","","","","","","","","100","","4000","9","","","","","","","","","","","","","","","true","","PowerLevelerOverchargedUltiProjectiles","","","","","","","","","","","","","","","surge_def_ulti_use","surge_def_oc_ulti_use","surge_def_ulti_ground","surge_def_oc_ulti_ground","","","","","","","","","","","","","","","","","","","","","","","","","","","","","","","","","","","","",""
"PowerLevelerUltiOvercharged","Charge","ulti","","","true","","","50","","","","20","","","","","","","","1000","-1","","","","","","","","","100","","4000","9","","","","","","","","","","","","","","","true","","PowerLevelerOverchargedUltiProjectiles","","","","","","","","","","","","","","","surge_def_ulti_use","surge_def_oc_ulti_use","surge_def_ulti_ground","surge_def_oc_ulti_ground","","","","","","","","","","","","","","","","","","","","","","","","","","","","","","","","","","","","",""
"BossTownCrushCharge","Charge","ulti","","","true","3","","50","","","1500","33","","","","","","","","1000","-1","","","","","","","","","130","","1800","3","","","","","","","","","","","","","","","","","","","","","","","","","","","","","","mode_tc_boss_atk_jump","","mode_tc_boss_atk_jump","","luchador_ulti_ground_hit","","minion_rush","","","","","Rhinostep","","","","","","","","","","","","","","","","","","","","","","","","","","","","","","",""
"BossTownCrushAoE","Attack","weapon","","","","","1","250","","1500","2000","10","","","","","","1800","3","","-1","","800","","","","","","","","","","","","","","","","","","","","","","BossTownCrushAoEArea","","","","","","follow","","","","","","","","","","","","luchador_attack","","minion_warning_long","","","","","","","","","","","","","","","","","","","","","","","","","","","","","","","","","","","","","","","",""
"RaidBossRapidFire","Attack","weapon","","","true","3","","50","","1850","1250","60","","","","","","1250","3","1200","-1","","300","100","2","1","","true","","","","","","","","","","","","RaidBossProjectileRed","","","","","","","","","","","","","","","","","","","","","","","minion_rocket_atk","","minion_warning_long","","","","","","","","","","","1","","","","","","","","","","","","","","","","","","","","","","","","","","","","",""
"RaidBossRapidFire2","Attack","weapon","","","true","3","","50","","1850","1000","60","","","","","","1250","3","1400","-1","","200","150","2","1","","true","","","","","","","","","","","","RaidBossProjectileRed","","","","","","","","","","","","","","","","","","","","","","","minion_rocket_atk","","minion_warning_medium","","","","","","","","","","","1","","","","","","","","","","","","","","","","","","","","","","","","","","","","",""
"RaidBossRapidFire3","Attack","weapon","","","true","3","","50","","1850","750","60","","","","","","1250","3","1700","-1","","100","250","2","1","","true","","","","","","","","","","","","RaidBossProjectileRedDestroyEnv","","","","","","","","","","","","","","","","","","","","","","","minion_rocket_atk","","minion_warning_short","","","","","","","","","","","1","","","","","","","","","","","","","","","","","","","","","","","","","","","","",""
"RaidBossRapidFire4","Attack","weapon","","","true","3","","50","","1850","750","60","","","","","","1250","3","2000","-1","","100","250","2","1","","true","","","","","","","","","","","","RaidBossProjectileGold","","","","","","","","","","","","","","","","","","","","","","","minion_rocket_atk","","minion_warning_short","","","","","","","","","","","1","","","","","","","","","","","","","","","","","","","","","","","","","","","","",""
"RaidBossCharge","Charge","ulti","","","true","3","","50","","","1250","40","","","","","","","","1200","-1","","","","","","","","","130","","2000","1","","","","","true","","","","","","","","","","","","","","","","","","","","","","","","","","","","","","","minion_rush","","","","","Rhinostep","","1","","","","","","","","","","","","","","","","","","","","","","","","","","","","",""
"RaidBossCharge2","Charge","ulti","","","true","3","","50","","","1000","50","","","","","","","","1400","-1","","","","","","","","","130","","2500","1","","","","","true","","","","","","","","","","","","","","","","","","","","","","","","","","","","","","","minion_rush","","","","","Rhinostep","","1","","","","","","","","","","","","","","","","","","","","","","","","","","","","",""
"RaidBossCharge3","Charge","ulti","","","true","3","","50","","","750","60","","","","","","","","1700","-1","","","","","","","","","130","","3000","1","","","","","true","","","","","","","","","","","","","","","","","","","","","","","","","","","","","","","minion_rush","","","","","Rhinostep","","1","","","","","","","","","","","","","","","","","","","","","","","","","","","","",""
"RaidBossCharge4","Charge","ulti","","","true","3","","50","","","750","60","","","","","","","","2000","-1","","","","","","","","","130","","3000","1","","","","","true","","","","","","","","","","","","","","","","","","","","","","","","","","","","","","","minion_rush","","","","","Rhinostep","","1","","","","","","","","","","","","","","","","","","","","","","","","","","","","",""
"BossRapidFire2","Attack","weapon","","","true","3","","50","","1850","1250","32","","","","","","1250","3","900","-1","","300","90","3","1","","true","","","","","","","","","","","","BossProjectile","","","","","","","","","","","","","","","","","","","","","","","minion_rocket_atk","","minion_warning_long","","","","","","","","","","","","","","","","","","","","","","","","","","","","","","","","","","","","","","","",""
"BossRapidFire3","Attack","weapon","","","true","3","","50","","1850","1250","32","","","","","","1250","3","900","-1","","300","90","3","1","","true","","","","","","","","","","","","BossProjectile","","","","","","","","","","","","","","","","","","","","","","","minion_rocket_atk","","minion_warning_long","","","","","","","","","","","","","","","","","","","","","","","","","","","","","","","","","","","","","","","",""
"BossRaceBossRapidFire","Attack","weapon","","","true","3","","50","","1850","750","60","","","","","","1250","3","1400","-1","","200","150","2","1","","true","","","","","","","","","","","","BossRaceBossProjectile","","","","","","","","","","","","","","","","","","","","","","","minion_rocket_atk","","minion_warning_short","","","","","","","","","","","1","","","","","","","","","","","","","","","","","","","","","","","","","","","","",""
"BossRaceBossCharge","Charge","ulti","","","true","3","","50","","","750","50","","","","","","","","1400","-1","","","","","","","","","130","","2500","1","","","","","true","","","","","","","","","","","","","","","","","","","","","","","","","","","","","","","minion_rush","","","","","Rhinostep","","","","","","","","","","","","","","","","","","","","","","","","","","","","","","",""
"BossRaceBossChainLightning","Attack","weapon","","","true","3","","50","","1050","750","60","","","","","","1250","3","1400","-1","","200","150","2","1","","true","","","","","","","","","","","","BossRaceBossLightningProjectile1","","","","","","","","","","","","","","","","","","","","","","","minion_rocket_atk","","minion_warning_short","","","","","","","","","","","1","","","","","","","","","","","","","","","","","","","","","","","","","","","","",""
"BossRaceBossRockets","Attack","ulti","","","true","3","","50","","1050","750","60","","","","","","1250","3","700","-1","","200","750","","1","","true","","","","","","","","","","","","BossRaceBossRocketProjectile","","","","","","","","","","","","","","","","","","","","","","","minion_rocket_atk","","minion_warning_short","","","","","","","","","","","1","","","","","","","","","","","","","","","","","","","","","","","","","","","","",""
"PercenterWeapon","Attack","weapon","PercenterOverchargedWeapon","true","true","","","250","","150","","26","","","","","","1600","3","1100","-1","39","100","","","1","","true","","","","","","","","","","","","PercenterProjectile","","","","","","","","","","","","","","","","","","","","","","","brock_def_atk","","","","","","","","","","","","","","","","","","","","","","true","","","","","","","","","","","","","","","","","","","",""
"PercenterUlti","Charge","ulti","","","true","","","50","","","","33","","","","","","","","2200","-1","22","","","","","","","","0","","4000","10","","","","","true","","","","","","","","","","","","","","","","","","","","","","","","","","","","","","","colette_def_ulti","colette_def_ulti_cover","colette_def_overcharge","colette_def_overcharge_cover","","Rhinostep","","","","","","","","","","","","","","","","","","","","","","","","","","","","","","",""
"FireDudeWeapon","Attack","weapon","","true","true","","","50","","100","","25","","","","","","220","40","210","-1","","100","30","","1","","true","","","","","","","","","","","","FireDudeProjectile","","","","","","","","","","","","","","","","","","","","","","","","","","","","","","","","","","","","","","","","","","","","true","true","","","","","","","","","","","","","","","","","","","",""
"FireDudeUlti","Attack","ulti","","true","true","","","250","","150","","22","","","","","","","","","-1","","100","0","","1","","true","","","","","","","","","","","","FireDudeUltiProjectile","FireDudeOverchargedUltiProjectile","","","","","","","","","","","","","","","","","","","","","","barkeep_attack","amber_hc_ulti_muzzle","","","","","","","","","","","","","","","","","","","","","","","","","","","","","","","","","","","","","","","","",""
"IceDudeWeapon","Attack","weapon","","true","true","","","250","","350","","28","","","","","","1100","3","440","-1","","100","0","","1","true","true","","","","","","","","","","","","IceDudeProjectile","","","","","","","","","","","","","","","","","","","","","","","colt_def_atk","","","","","","","","","","","","","","","","","","","","","","true","","","","","","","","","","","","","","","","","","","",""
"IceDudeUlti","Attack","ulti","","true","true","","","250","","150","","23","","","","","","","","40","-1","","100","0","","1","","true","","","","","","","","","","","","IceDudeUltiProjectile","IceDudeOverchargedUltiProjectile","","","","","","","","","","","","","","","","","","","","","","cactus_attack_ulti","","","","","","","","","","","","","","","","","","","","","","","","","","","","","","","","","","","","","","","","","",""
"SnakeOilWeapon","Attack","weapon","","true","true","","","500","","150","","30","","","","","","1450","3","","-1","","100","","","1","","true","","","","","","","","","","","","SnakeOilProjectile","","","","","","","","","","","","","","","","","","","","","","","sniper_attack","","","","","","","","","","","","","","","","","","","","","","true","","","","","","","","","","","","","","","","","","","",""
"SnakeOilUlti","Attack","ulti","","true","true","","","250","","150","","22","","","","","","","","1500","-1","","100","0","","1","","true","","","","","","","","","","","","SnakeOilUltiProjectile","SnakeOilHyperUltiProjectile","","","","","","","","","","","","","","","","","","","","","","tnt_attack_ulti","","","","","","","","","","","","","","","","","","","","","","","","","","","","","","","","","","","","","","","","","",""
"EnragerWeapon","Attack","weapon","EnragerOverchargedWeapon","true","true","","","50","","250","","6","","","","","","700","3","540","-1","","100","0","","1","true","true","","","","","","","","","","","","EnragerProjectile","","","","","","","","","","","","","","","","","","","","","","","luchador_attack","","","","","","","","","","","","","","","","","","","","","","true","","","","","","","","","","","","","","","","","","","",""
"EnragerUlti","Charge","ulti","","","true","","","50","","","","20","","","","","","","","","-1","","","","","","","","","","","3500","11","","","","","","","","","","","","","","","","EnragerOverchargedUlti","","","","","","","","","","","","","","","","crow_ulti","","","edgar_overcharged_ultiend","","","","","","","","","","","","","","","","","","","","","","","","","","","","","","","","","","","","EnragerUltiSpeedBoost",""
"RuffsWeapon","Attack","weapon","","true","true","","","250","","150","","27","","","","","","1400","3","600","-1","","100","","7","2","","true","","","","","","","","","","","","RuffsProjectile","","","","","","","","","","","","","","","","","","","","","","","bull_def_atk","","","","","","","","","","","","","","","","","","","","","","true","","","","","","","","","","","","","","","","","","","",""
"RuffsUlti","Attack","ulti","","true","true","","","200","","150","","23","","","","","","","","1000","-1","","100","0","","1","","true","","","","","","","","","","","","RuffsUltiProjectile","RuffsOverchargedUltiProjectile","","","","","","","","","","","","","","","","","","","","","","cactus_attack_ulti","","","","","","","","","","","","","","","","","","","","","","","","","","","","","","","","","","","","","","","","","",""
"RollerWeapon","Attack","weapon","","true","true","","","100","","250","","23","","","","","","1500","3","540","-1","","100","0","","1","true","true","","","","","","","","","","","","RollerProjectile","RollerOverchargedProjectile","","","","","","","","","","","","","","","","","","","","","","colt_def_atk","stu_def_oc_atk","","","","","","","","","","","","","","","","","","","","","true","","","","","","","","","","","","","","","","","","","",""
"RollerUlti","Charge","ulti","","","true","1","","0","","","","7","","","","","","","","","-1","","","","","","","","","100","","3000","12","","","","","true","","","","","","","RollerFire","","","","RollerOverchargedFire","","trail","","","","","","","","","","","","","","","","","","colette_def_ulti","stu_def_ulti_cover","stu_def_oc_ulti_cover","","","","","","","","","","","","","","","","","","","","","","","","","","","","","","","","","",""
"ElectroSniperWeapon","Attack","weapon","","true","true","","","500","","150","","30","","","","","","1400","3","1040","-1","","100","","","1","","true","","","","","","","","","","","","ElectroSniperProjectile","","","","","","","","","","","","","","","","","","","","","","","sniper_attack","","","","","","","","","","","","","","","","","","","","","","true","","","","","","","","","","","","","","","","","","","",""
"ElectroSniperUlti","Attack","ulti","","true","true","","","500","","150","","32","","","","","","","","550","-1","","100","","","1","","true","","","","","","","","","","","","ElectroSniperUltiProjectile","ElectroSniperOverchargedUltiProjectile","","","","","","","","","","","","","","","","","","","","","","sniper_attack","","","","","","","","","","","","","","","","","","","","","","","","","","","","","","","","","","","","","","","","","",""
"StickyBombWeapon","Attack","weapon","","true","true","","","250","","150","","23","","","","","99","2100","3","1160","-1","","100","0","","1","","true","","","","","","1","10","","","","","StickyBombProjectile","","","","","","","","","","","","","","","","StickyBomb","","","","","","","colt_def_atk","","","","","","","","","","","","","","","","","","","","","","true","","","","","","","","","","","","","","","","","","","",""
"StickyBombUlti","Attack","ulti","","true","true","","","250","","150","","25","","","","","1","","","1000","-1","","100","0","","1","","true","","","","","","","","","","","","StickyBombUltiProjectile","StickyBombOverchargedUltiProjectile","","","","","","","","","","","","","","","","","","","","","","tnt_attack_ulti","","","","","","","","","","","","","","","","","","","","","","","","","","","","","","","","","","","","","","","","","",""
"CrossBomberWeapon","Attack","weapon","","true","true","","","75","","350","","23","","","","","10","2000","3","1040","-1","","300","0","","1","","true","","","","","","","","","","","","CrossBomberProjectile","","","","","","","","","","","","","","","","","","","","","","","tnt_attack_ulti","","","","","","","","","","","","","","","","","","","","","","true","","","","","","","","","","","","","","","","","","","",""
"CrossBomberUlti","Attack","ulti","","true","true","","","250","","150","","25","","","","","10","","","1600","-1","","100","0","","1","","true","","","","","","","","","","","","CrossBomberUltiProjectile","OverchargedCrossBomberUltiProjectile","","","","","","","","","","","","","","","","","","","","","","tnt_attack_ulti","grom_def_oc_ulti","","","","","","","","","","","","","","","","","","","","","","","","","","","","","","","","","","","","","","","","",""
"RopeDudeWeapon","Attack","weapon","","true","true","","","50","","750","","8","","","","","","1000","3","420","-1","","150","165","2","3","true","true","","","","","","","","","","","","RopeDudeProjectile","","","","","","","","","","","","","","","","","","","","","","","","","","","","","","","","","","","","","","","","","","","","","true","","","","","","","","","","","","","","","","","","","",""
"RopeDudeUlti","Attack","ulti","","true","true","","","250","","150","","30","","","","","","","","","-1","","100","","","1","","true","","","","","","","","","","","","RopeDudeUltiProjectile","RopeDudeOverchargedUltiProjectile","","","","","","","","","","","","","","","","","","","","","","","","","","","","","","","","","","","","","","","","","","","","","","","","","","","","","","","","","","","","","","","",""
"AssaultShotgunWeapon","Attack","weapon","AssaultShotgunOverchargedWeapon","true","true","","","50","","600","","25","","","","","","1600","3","280","-1","","200","30","10","3","","true","","","","","","","","","","","","AssaultShotgunProjectile;AssaultShotgunProjectileSp1Buddy","","","","","","","","","","","","","","","","","","","","","","","shelly_def_atk","","","","","","","","","","","","","","","","","","","","","","true","","","","","","","","","","","","","","","","","","","",""
"AssaultShotgunUlti","Attack","ulti","","true","true","","","500","","150","","27","","","","","","","","720","-1","","100","150","10","5","","true","","","","","","","","","","","","AssaultShotgunUltiProjectile","AssaultShotgunOverchargedUltiProjectile","","","","","","","","","","","","","","","","","","","","","","whirlwind_attack","griff_def_oc_ulti","","","","","","","","","","","","","","","","","","","","","","","","","","","","","","","","","","","","","","","","",""
"DummySkillForBasketBrawl","Attack","utility","","true","true","3","","250","","150","","15","","200","","true","","","","","-1","","100","","","1","","true","","","","","","","","","","","","DummyProjectileForBasketBrawl","","","","","","","","","","","","","","","","","","","","","","","laser_ball_throw","","","","","","","","","","","","","","","","","","","","","","","","","","","","","","","","","","","","","","","","","",""
"DummyUltiSkillForBasketBrawl","Attack","utility","","true","true","3","","250","","150","","20","","300","","true","","","","","-1","","100","","","1","","true","","","","","","","","","","","","DummyProjectileForBasketBrawl","","","","","","","","","","","","","","","","","","","","","","","laser_ball_throw_ulti","","","","","","","","","","","","","","","","","","","","","","","","","","","","","","","","","","","","","","","","","",""
"KnightWeapon","Attack","weapon","","true","true","","","250","","400","","14","","","","","","1400","3","800","-1","","300","","","1","","","","","","","","","","","","","","KnightProjectile1","","","","","","","","","","","","","","","","","","","","","","","hammer_dude_attack","","ash_def_atk_sfx","","","","","","","","","","","","","","","","","","","","true","","","","","","","","","","","","","","","","","","","",""
"KnightUlti","Attack","ulti","","true","true","","","50","","250","","15","","","","","1","","","","-1","","200","","","1","","true","","","","","","5","5","","","","","KnightUltiProjectile","KnightOverchargedUltiProjectile","","KnightPet","","","","","","","","","","","","","","","","","","","","","","tick_def_ulti","","","","","","","","","","","","","","","","","","","","","","","","","","","","","","","","","","","","","","","",""
"MechaDudeWeapon","Attack","weapon","MechaDudeWeaponOverChargedBuddy","true","true","","","50","","250","","27","","","","","","1300","3","300","-1","","100","","6","1","","true","","","","","","","","","","","","MechaDudeProjectile","","","","","","","","","","","","","","","","","","","","","","","colt_def_atk","","","","","","","","","","","","","","","","","","","","","","true","","","","","","","","","","","","","","","","","","","",""
"MechaDudeUlti","ChangeCharacter","ulti","","","","","","50","","1100","1000","","","","","","","","","","-1","","","","","","","","","","","","","","","","","","","","","","MechaDudeBig","","","","","","","","","","","","","","","","","","","","tick_def_atk","","dummy_effect","","","","","","","","","","","","","","","","","","","","","","","","","","","","","","","","","","","","","","","",""
"MechaDudeBigWeapon","Attack","weapon","MechaDudeBigWeaponBuddy","true","true","","","50","","850","","22","","","","","","1100","3","150","-1","","100","20","","2","true","true","","","","","","","","","","","","MechaDudeBigProjectile","","","","","","","","","","","","","","","","","","","","","","","colt_def_atk","","","","","","","","","","","","","","","","","","","","","","true","","","","","","","","","","","","","","","","","","","",""
"MechaDudeBigUlti","Attack","ulti","","true","true","","","50","","350","","13","","","","","","","","1700","-1","","200","300","","1","","","","","","","","","","","","","","","","","","","","","","","","","","","","","","","","","sc/ui.sc","button_ulti_meg","button_ulti_blue_meg","","bibi_def_atk","","mecha_swing","","","","","","","","","","","","","","","","","","","","","","","","","","","","","","","","","","","","","","","",""
"DuplicatorWeapon","Attack","weapon","","true","true","","","50","","650","","27","","","","","","1700","3","280","-1","","100","30","3","1","","true","","","","","","","","","","","","DuplicatorProjectile","","","","","","","","","","","","","","","","","","","","","","","pam_def_atk","","","","","","","","","","","","","","","","","","","","","","true","","","","","","","","","","","","","","","","","","","",""
"DuplicatorUlti","Attack","ulti","","true","true","","","50","","250","","15","","","","","1","","","","-1","","200","","","1","","true","","","","","","1","1","","","","","DuplicatorUltiProjectile","OverchargedDuplicatorUltiProjectile","","DuplicatorPet","OverchargedDuplicatorPet","","","","","","","","","","","","","","","","","","","shaman_ulti","","","","","","","","","","","","","","","","","","","","","","","","","","","","","","","","","","","","","","","","","",""
"KickerDudeWeapon","Attack","weapon","","true","true","","2","250","","500","","8","","","","","","1000","3","1360","-1","","500","","","1","","true","","","","","","","","","","","","KickerDudeProjectile","","","","","","","","","","","","","","","","","","","","","","","fang_def_atk","","","","","","","","","","","","","","","","","","","","","","true","","","","","","","","","","","","","","","","","","","","TRUE"
"KickerDudeUlti","Charge","ulti","","","true","","2","250","","","","30","","","","","","","","1500","-1","","","","","","","","","0","","4000","8","","","","","true","","","","","","","","","","","","","","","","","","","","","","","","","","","","","","","fang_def_ulti","fang_def_ulti_cover","fang_def_ulti_overcharged","fang_def_ulti_cover_overcharged","","Rhinostep","","","","","","","","","","","","","","","","","","","","","","","","","","","","","","",""
"af7471448dff60d0beceb4d09bcc464cf07eaa2f","Attack","weapon","ShotgunGirlOverchargedWeapon","true","true","","","250","","150","","23","","","","","","1500","3","300","-1","","100","60","","5","","true","","","","","","","","","","","","ShotgunGirlProjectile","","","","","","","","","","","","","","","","","","","","","","","shelly_def_atk","","","","","","","","","","","","","","","","","","","","","","true","","","","","","","","","","","","","","","","","","","",""
"f833e7088ef3f64bdf1d3db5f2b6713bf93859f0","Attack","weapon","ShotgunGirlOverchargedWeapon","true","true","","","250","","150","","23","","","","","","1500","3","300","-1","","100","60","","5","","true","","","","","","","","","","","","ShotgunGirlProjectile","","","","","","","","","","","","","","","","","","","","","","","shelly_def_atk","","","","","","","","","","","","","","","","","","","","","","true","","","","","","","","","","","","","","","","","","","",""
"FleaPetWeapon","Charge","weapon","","","true","","","500","","500","","8","","","","true","","100","3","300","-1","","","","","","","","","","","2700","14","","","","","true","","","","","","","","","","","","","","","","","","","","","","","","","","","mortis_def_atk","","","","","","","","","","","","","","","","","","","","true","","","","","","","","","","","","","","","","","","","",""
"FleaPetUltiDummy","Attack","ulti","","","","3","","","","","","","","","","","","","","","-1","","","","","","","","","","","","","","","","","","","","","","","","","","","","","","","","","","","","","","","","","","","","","","","","","","","","","","","","","","","","","","","","","","","","","","","","","","","","","","","","","","","",""
"FleaWeapon","Attack","weapon","","true","true","","2","500","","500","","28","","","","","","1600","3","400","-1","","150","","11","1","","true","","","","","","","","","","","","FleaProjectile1;FleaProjectile2;FleaProjectile3","","","","","","","","","","","","","","","","","","","","","","","colt_def_atk","","","","","","","","","","","","","","","","","","","","30","","true","","","","","","","","","","","","","","","","","","","",""
"FleaUlti","Attack","ulti","","true","true","","2","251","","250","","15","","","","","1","","","","-1","","200","","","1","","true","","","","","","1","10","","","","","FleaUltiProjectile","FleaOverchargedSpawnProjectile","","FleaBigEgg","FleaOverchargedBigEgg","","","","","","","","","","","","","","","","","","","","","","","","","","","","","","","","","","","","","","","","","","","","","","","","","","","","","","","","","","","","",""
"JetpackGirlWeapon","Attack","weapon","","true","true","","","200","","150","","12","","","","","","1500","3","1000","-1","","100","160","13","4","","true","","","","","","","","","","","","JetpackGirlProjectile","","","","","","","","","","","","","","","","","","","","","","","janet_def_atk_direct","","janet_def_atk_root","","","","","","","","","","","","","","","","","","","","true","","","","","","","","","","","","","","","","","","","",""
"JetpackGirlUlti","Attack","ulti","","true","true","1","3","50","","6000","","7","","","","","","","","800","-1","","760","0","12","1","","","","","","1400","15","","","","","","","JetpackGirlUltiProjectile","JetpackGirlOverchargedUltiProjectile","","","","","","","","","","","","","","","","","","","","","","","","","","","","","","","","","","","","","","","","","","","","","","","","JetpackGirlLevitation","JetpackGirlLevitationOvercharged","","","","","","","","","","","","","","",""
"CannonGirlWeapon","Attack","weapon","","true","true","","2","50","","250","","27","","","","","","1000","1","1120","-1","","200","","","1","","true","","","","","","","","","","","","CannonGirlProjectile","","","","","","","","","","","","","","","","","","","","","","","brock_def_atk","","","","","","","","","","","","","","","","","","","","","","true","","","","","","","","","","","","","","","","","","","",""
"CannonGirlUlti","Charge","ulti","","","true","","2","50","","150","","22","","","","","","","","1000","-1","","","","","","","","","","","2500","16","","","","","","","","","","CannonGirlSmall","","CannonGirlExplosion","","","","CannonGirlExplosionOvercharged","","","","","","","","","","","","","","","","","","cannongirl_ulti_ground_hit","dummy_effect","","","","","","","","","","","","","","","","","","","","","","","","","","","","","","","","","","","","",""
"CannonGirlSmallWeapon","Attack","weapon","","true","true","","","50","","350","","15","","","","","","2000","3","580","-1","","100","40","2","1","","true","","","","","","","","","","","","CannonGirlSmallProjectile","","","","","","","","","","","","","","","","","","","","","","","tnt_attack_ulti","","","","","","","","","","","","","","","","","","","","","","true","","","","","","","","","","","","","","","","","","","",""
"CannonGirlSmallUlti","ChangeCharacter","ulti","","","","","","600","","600","500","","","","","","","","","620","-1","","","","","","","","","","","","","","","","","","","","","","CannonGirl","","CannonGirlExplosion","","","","","","","","","","","","","","sc/ui.sc","button_ulti_bonnie","button_ulti_blue_bonnie","","","","bonnie_def_ulti_return","","","","","","","","","","","","","","","","","","","","","","","","","","","","","","","","","","","","","","","",""
"CannonGirlWeaponNanoPower","Attack","weapon","","true","true","","2","50","","500","","27","","","","","","1000","1","1120","-1","","200","","","1","","true","","","","","","","","","","","","CannonGirlProjectile","","","","","","","","","","","","","","","","","","","","","","","brock_def_atk","","","","","","","","","","","","","","","","","","","","","","true","","","","","","","","","","","","","","","","","","","",""
"SilencerWeapon","Attack","weapon","","true","true","","","250","","400","","27","","","","","","1500","3","500","-1","","120","22","1","1","","true","","","","","","","","","","","","SilencerProjectile","","","","","","","","","","","","","","","","","","","","","","","rico_def_atk","","","","","","","","","","","","","","","","","","","","","","true","","","","","","","","","","","","","","","","","","","",""
"SilencerUlti","Attack","ulti","","true","true","","","50","","100","","27","","","","","1","1000","","340","-1","","100","","","1","","true","","","","","","1","10","","","","","SilencerUltiProjectile","SilencerOverchargedUltiProjectile","","","","","","","","","","","","","","","SilencerHugger","","3","","","","","gene_def_atk","","","","","","","","","","","","","","","","","","","","","","","","","","","","","","","","","","","","","","","","","",""
"WeaponThrowerWeapon","Attack","weapon","","true","true","","","100","","600","","9","","","","","","1600","3","800","-1","","300","100","2","1","true","true","","","","","","","","","","","","WeaponThrowerProjectile","","","","","","","","","","","","","","","","","","","","","","","rosa_def_atk","","","","","","","","","","","","","1","WeaponThrowerWeapon2","","","","","","","","true","","","","","","","","","","","","","","","","","","","",""
"WeaponThrowerWeapon2","Attack","weapon","","true","true","","","100","","300","","9","","","","","","900","3","500","-1","","150","50","2","1","true","true","","","","","","","","","","","","WeaponThrowerProjectile2","","","","","","","","","","","","","","","","","","","","","","","luchador_attack","","","","","","","","","","","","","1","WeaponThrowerWeapon","","","","","","","","true","","","","","","","","","","","","","","","","","","","",""
"WeaponThrowerUlti","Attack","ulti","","true","true","","","50","","300","","26","","","","","","","","1400","-1","","250","","","1","","true","","","","","","1","1","","","","","WeaponThrowerUltiProjectile","WeaponThrowerOverchargedUltiProjectile","","","","","","","","","","","","","","","WeaponThrowerWeapon","WeaponThrowerOverchargedWeapon","","","","","","whirlwind_attack","","dummy_effect","","","","","","","","","","","5","WeaponThrowerUlti2","","","","","","","","","","","","","","","","","","","","","","","","","","","",""
"WeaponThrowerUlti2","RecallWeapon","ulti","","true","","","","50","","100","","26","","","","","","","","700","-1","","150","","","1","","","","","","","","","","","","","","WeaponThrowerUltiProjectile2","WeaponThrowerOverchargedUltiProjectile2","","","","","","","","","","","","","","","","","","sc/ui.sc","button_ulti_sam","button_ulti_blue_sam","","","","","","","","","","","","","","","1","WeaponThrowerUlti","","","","","","","","","","","","","","","","","","","","","","","","","","","",""
"SoulCollectorWeapon","Attack","weapon","","true","true","","","500","","150","","28","","","","","","1500","3","1080","-1","","100","","","1","","true","","","","","","1","10","","","","","SoulCollectorProjectile","","","","","","","","","","","","","","","","SoulCollectorSoul","","3","","","","","sniper_attack","","","","","","","","","","","","","","","","","","","","","","true","","","","","","","","","","","","","","","","","","","",""
"SoulCollectorUlti","Attack","ulti","","true","true","","","500","","150","","28","","","","","","","","","-1","","100","","","1","","true","","","","","","","","","","","","SoulCollectorUltiProjectile","GusOverchargedUltiProjectile","","","","","","","","","","","","","","","","","","","","","","whirlwind_attack","gus_def_oc_atk","dummy_effect","","","","","","","","","","","","","","","","","","","","","","","","","","","","","","","","","","","","AimAtTeammates","","","",""
"ShieldTankWeapon","Attack","weapon","","true","true","","","350","","250","","16","","","","","","1800","3","1380","-1","","200","90","","3","","true","","","","","","","","","","","","ShieldTankProjectile","","","","","","","","","","","","","","","","","","","","","","","sniper_attack","","","","","","","","","","","","","","","","","","","","","","true","","","","","","","","","","","","","","","","","","","",""
"ShieldTankUlti","ProjectileShield","ulti","","true","true","","2","250","","3000","","9","","","","","","","","800","-1","","100","120","","","","","620","","","","","","","","","","","ShieldTankUltiProjectile","ShieldTankOverchargedUltiProjectile","","","","","","","","","","","","","","","","","","","","","","","","","","","","buster_shield","","buster_shield_overcharged","","","","","","","","","","true","","","","","","","","","","","","","","","","","","","","","","","",""
"JesterWeapon","Attack","weapon","","true","true","","","250","","150","","25","","","","","","1900","3","670","-1","","100","30","14","4","","true","","","","","","","","","","","","JesterProjectile;JesterProjectileSP","","","","","","","","","","","","","","","","","","","","","","","tara_def_atk","","","","","","","","","","","","","","","","","","","","","","true","","","","","","","","","","","","","","","","","","","",""
"JesterUltiExploding","Attack","ulti","","true","true","","","250","","150","","19","","","","","","","","1600","-1","","150","0","","1","","true","","","","","","","","","","","","JesterUltiProjectileExploding","","","","","","","","","","","","","","","","","","","sc/ui.sc","button_ulti_chester_indirect_explosion","button_ulti_blue_chester_indirect_explosion","","chester_def_atk","","","","","","","","","","","","","1","JesterUltiStunning","JesterUltiPoisoning","JesterUltiDamageArea","JesterUltiHeal","","","","","","","","","","","","","","","","","TID_JESTER_ULTI_EXPLOSION","","1","","","","","",""
"JesterUltiStunning","Attack","ulti","","true","true","","","250","","150","","26","","","","","","","","200","-1","","150","","","1","","true","","","","","","","","","","","","JesterUltiProjectileStunning","","","","","","","","","","","","","","","","","","","sc/ui.sc","button_ulti_chester_direct_stunt","button_ulti_blue_chester_direct_stunt","","chester_def_ulti_stun","","","","","","","","","","","","","1","JesterUltiExploding","JesterUltiPoisoning","JesterUltiDamageArea","JesterUltiHeal","","","","","","","","","","","","","","","","","TID_JESTER_ULTI_STUN","","2","","","","","",""
"JesterUltiPoisoning","Attack","ulti","","true","true","","","250","","150","","17","","","","","","","","290","-1","","150","100","5","5","","true","","","","","","","","","","","","JesterUltiProjectilePoisoning","","","","","","","","","","","","","","","","","","","sc/ui.sc","button_ulti_chester_cone_poison","button_ulti_blue_chester_cone_poison","","chester_def_ulti_poison_spray","","","","","","","","","","","","","1","JesterUltiExploding","JesterUltiStunning","JesterUltiDamageArea","JesterUltiHeal","","","","","","","","","","","","","","","","","TID_JESTER_ULTI_POISON","","3","","","","","",""
"JesterUltiDamageArea","Attack","ulti","","true","","","","250","","150","","","","","","","","","","160","-1","","150","","","1","","","","","","","","","","","","","","","","","","","JesterUltiDamageArea","","","","","","","","","","","","","","sc/ui.sc","button_ulti_chester_drop_damaging_area","button_ulti_blue_chester_drop_damaging_area","","barkeep_attack","","dummy_effect","","","","","","","","","","","1","JesterUltiExploding","JesterUltiStunning","JesterUltiPoisoning","JesterUltiHeal","","","","","","","","","","","","","","","","","TID_JESTER_ULTI_AREA","","4","","","","","",""
"JesterUltiHeal","Heal","ulti","","true","","","","250","","150","","","","","","","","","","2400","-1","","150","","","","","","","","","","","","","","","","","","","","","","","","","","","","","","","","","","","","sc/ui.sc","button_ulti_chester_direct_heal","button_ulti_blue_chester_direct_heal","","","","chester_def_ulti_heal","","","","","","","","","","","1","JesterUltiExploding","JesterUltiStunning","JesterUltiPoisoning","JesterUltiDamageArea","","","","","","","","","","","","","","","","","TID_JESTER_ULTI_HEAL","","5","","","","","",""
"DoorManWeapon","Attack","weapon","","true","true","","","500","","150","","27","","","","","","1400","3","1280","-1","","100","0","","1","","true","","","","","","","","","","","","DoorManProjectile","","","","","","","","","","","","","","","","","","","","","","","gray_def_atk","","","","","","","","","","","","","","","","","","","","","","true","","","","","","","","","","","","","","","","","","","",""
"DoorManUlti","Portals","ulti","","true","true","","","50","","250","","20","","","","","1","","","","-1","","200","","","1","","true","","","","2000","","","","","","","","","","","","","","","","","","","","","","","","Portal","OverChargedPortal","","","","","","","","","","","","","","","","","","","","","","","","","","","","","","","","","","","","","","","","","","","","","","","",""
"DoorManWeaponNanoPower","Attack","weapon","","true","true","","","500","","150","","33","","","","","","1400","3","1160","-1","","100","0","","1","","true","","","","","","","","","","","","DoorManProjectile","","","","","","","","","","","","","","","","","","","","","","","gray_def_atk","","","","","","","","","","","","","","","","","","","","","","true","","","","","","","","","","","","","","","","","","","",""
"BeamerWeapon","Attack","weapon","","true","true","","","500","","150","","27","","","","","","1500","3","1400","-1","","100","","","1","","true","","","","","","","","","","","","BeamerProjectile","","","","","","","","","","","","","","","","","","","","","","","sniper_attack","","","","","","","","","","","","","","","","","","","","","","true","","","","","","","","","","","","","","","","","","","",""
"BeamerUlti","Attack","ulti","","","true","","2","150","","300","750","120","","","","true","","100","1","2500","-1","","300","","","1","","true","","","","","","","","","","true","","BeamerUltiProjectile","","","","","","","","","","","","","","","","","","","","","","","bibi_def_ulti","","","","","","","","","","","","","","","","","","","","","","","","","","","","","","","","","","","","","","","","","",""
"SplitterWeapon","Attack","weapon","","true","true","","","500","","150","","30","","","","","","1500","3","700","-1","","100","0","","1","","true","","","","","","","","","","","","SplitterProjectile","","","","","","","","","","","","","","","","","","","","","","","arcade_def_atk","","","","","","","","","","","","","1","","","","","","","","","true","","","","","","","","","","","","","","","","","","","",""
"SplitterUlti","Split","ulti","","true","","","","50","","250","","","","","","","","","","","-1","","200","","","1","","true","","","","","","1","1","","","","","","","","","","","","","","","","follow","","","","","","","","","","","","","","arcade_def_ulti_atk","","","","","","","","","","","","","","","","","","","","","","","","","","","","","","","","","","","","","","","",""
"SplitterLegsWeapon","Attack","weapon","","true","","","1","500","","150","","10","","","","","","1800","3","","-1","","1000","","","","","","","","","","","","","","","","","","","","","","SplitterLegsDamageArea","","","","","","follow","","","","","","","","","","","","luchador_attack","","","","","","","","","","","","","1","","","","","","","","","true","","","","","","","","","","","","","","","","","","","",""
"SplitterWeaponNanoPower","Attack","weapon","","true","true","","","500","","800","","30","","","","","","1500","3","700","-1","","250","45","2","1","","true","","","","","","","","","","","","SplitterProjectile","","","","","","","","","","","","","","","","","","","","","","","arcade_def_atk","","","","","","","","","","","","","1","","","","","","","","","true","","","","","","","","","","","","","","","","","","","",""
"PuppeteerWeapon","Attack","weapon","","true","true","","","250","","150","","22","","","","","","2000","3","","-1","","100","0","","1","","true","","","","","","","","","","","","PuppeteerProjectile","","","","","","","","","","","","","","","","","","","","","","","barkeep_attack","","","","","","","","","","","","","","","","","","","","","","true","","","","","","","","","","","","","","","","","","","",""
"PuppeteerUlti","Attack","ulti","","true","true","","","500","","150","","25","","","","","","1500","","","-1","","150","","","1","","true","","","","","","","","","","","","PuppeteerUltiProjectile","OverchargedPuppeteerUltiProjectile","","","","","","","","","","","","","","","","","","","","","","shelly_def_ulti","willow_hc_ulti_muzzle","","","","","","","","","","","","","","","","","","","","","","","","","","","","","","","","","","","","","","","","",""
"MaisieWeapon","Attack","weapon","","true","true","","","250","","150","","26","","","","","","1500","3","1500","-1","","100","","","1","","true","","","","","","","","","","","","MaisieProjectile","","","","","","","","","","","","","","","","","","","","","","","maisie_def_atk","","","","","","","","","","","","","","","","","","","","","","true","","","","","","","","","","","","","","","","","","","",""
"MaisieUlti","Attack","ulti","","true","","","1","250","","150","500","10","","","","","","1800","","","-1","","1000","","","","","","","","","","","","","","","","","","","","","","MaisieUltiShockwave","","","","MaisieOverchargedUltiShockwave","MaisieOverchargedUltiBulletExplosion","follow","","","","","","","","","","","","shelly_def_ulti","","","","","","","","","","","","","","","","","","","","","","","","","","","","","","","","","","","","","","","","","",""
"MaisieWeaponNanoPower","Attack","weapon","","true","true","","","250","","900","","26","","","","","","1500","3","1500","-1","","300","","","1","","true","","","","","","","","","","","","MaisieProjectile","","","","","","","","","","","","","","","","","","","","","","","maisie_def_atk","","","","","","","","","","","","","","","","","","","","","","true","","","","","","","","","","","","","","","","","","","",""
"FishTankWeapon","Attack","weapon","","true","true","","2","250","","150","","10","","","","true","","250","1","","-1","","150","","15","","","","","","","","","","","","","","","","","","","","FishTankBlast","","","","","","follow","","","","","","","","","","","","","","","","","","","","","","","","","","","","","","","","","","true","","","","","","","","","","","","","","","","","","","",""
"FishTankUlti","Attack","ulti","","true","","","","250","","150","","","","","","","","","","1320","-1","","100","","","","","true","","","","","","","","","","","","","","","","","FishTankUltiArea","","","","FishTankOverchargedAreaEffect","","follow","","","","","","","","","","","","tenant_def_ulti","hank_def_oc_ulti","dummy_effect","","","","","","","","","","","","","","","","","","","","","2","50","","","","","","","","","","","","","","","","","",""
"DuelistWeapon","Attack","weapon","","true","true","","","100","","450","","16","","","","","","1200","3","800","-1","","200","","","1","","true","","","","","","","","","","","","DuelistProjectile","","","","","","","","","","","","","","","","","","","","","","","cordelius_def_atk","","","","","","","","","","","","","","","","","","","","","","true","","","","","","","","","","","","","","","","","","","",""
"DuelistUlti","Attack","ulti","","true","true","","","250","","150","","27","","","","true","","","","","-1","","150","","","1","","true","","","","","","","","","","","","DuelistUltiProjectile","DuelistOverchargedUltiProjectile","","","","","","","","","","","","","","","","","","","","","","cordelius_ulti_atk","cordelius_def_oc_muzzle","","","","","","","","","","","","","","","","","","","","","","","","","","","","","","","","","","","","","","","","",""
"ReviverWeapon","Attack","weapon","","true","","","1","250","","150","","10","","","","","","1500","3","1200","-1","","1000","","","","","","","","","","","","","","","","","","","","","","ReviverDamageArea","","","","","","follow","","","","","","","","","","","","luchador_attack","","","","","","","","","","","","","","","","","","","","","","true","","","","","","","","","","","","","","","","","","","",""
"ReviverUlti","Attack","ulti","","true","true","","","500","","150","","28","","","","","","2000","","","-1","","100","","","1","","true","","","","","","","","","","","","ReviverUltiProjectile","ReviverOverchargedUltiProjectile","","","","","","","","","","","","","","","","","","","","","","doug_def_ulti","doug_def_oc_ulti_muzzle","","","","","","","","","","","","","","","","","","","","","","","","","","","","","","","","","","","","","","","","",""
"CookerWeapon","Attack","weapon","","true","true","","","50","","650","","27","","","","","","1500","3","280","-1","","100","40","1","1","","true","","","","","","","","","","","","CookerProjectile","","","","","","","","","","","","","","","","","","","","","","","pam_def_atk","","","","","","","","","","","","","","","","","","","","","","true","","","","","","","","","","","","","","","","","","","",""
"CookerUlti","Attack","ulti","","true","","","1","250","","150","300","","","","","","","","","","-1","","1000","","","","","","","","","","","","","","","","","","","","","","CookerUltiExplosion","","","","CookerOverchargedUltiExplosion","CookerOverchargedUltiArea","","","","","","","","","","","","","shelly_def_ulti","","","","","","","","","","","","","","","","","","","","","","","","","","","","","","","","","","","","","","","","","",""
"CookerWeaponNanoPower","Attack","weapon","","true","true","","","50","","650","","27","","","","","","1500","3","280","-1","","80","120","1","1","","true","","","","","","","","","","","","CookerProjectile","","","","","","","","","","","","","","","","","","","","","","","pam_def_atk","","","","","","","","","","","","","","","","","","","","","","true","","","","","","","","","","","","","","","","","","","",""
"ConductorWeapon","Attack","weapon","","true","true","","","350","","500","","20","","","","","","2000","3","540","-1","","150","","","1","","true","","","","","","","","","","","","ConductorProjectile","","","","","","","","","","","","","","","","","","","","","","","emz_def_atk","","","","","","","","","","","","","","","","","","","","","","true","","","","","","","","","","","","","","","","","","","",""
"ConductorUltiSpawn","Attack","ulti","","true","true","","","50","","250","","30","","","","","1","","","400","-1","","200","","","1","","true","","","","","","1","3","","","","","ConductorUltiProjectile","","","","","","","","","","","","","","","","ConductorSign","","","sc/ui.sc","button_ulti_chuck_1","button_ulti_blue_chuck_1","","","","","","","","","","","","","","","3","ConductorUltiCharge","","","","","","","","","","","","","","","","","","","","","","","","","","","",""
"ConductorUltiCharge","Charge","ulti","","","","","","50","","150","","20","","","","","","","","1750","-1","","","","","","","","","0","","3700","17","","","","","true","","","","","","","","","","","ConductorOverchargedArea","","follow","","","","","","","","sc/ui.sc","button_ulti_chuck_2","button_ulti_blue_chuck_2","","","","","","","","chuck_def_ulti_use","fang_def_ulti_cover","chuck_def_oc_ulti_use","fang_def_ulti_cover_overcharged","","Rhinostep","","4","ConductorUltiSpawn","","","","","","","","","","","","","","","","","","","","","","","","","","","",""
"CocoonerWeapon","Attack","weapon","","true","true","","","500","","150","","27","","","","","","2000","1","800","-1","","100","0","","1","","true","","","","","","","","","","","","CocoonerProjectile","","","","","","","","","","","","","","","","","","","","","","","whirlwind_attack","","","","","","","","","","","","","","","","","","","","","","true","","","","","","","","","","","","","","","","","","","",""
"CocoonerUlti","Attack","ulti","","true","true","","2","251","","250","","27","","","","","","","","","-1","","200","","","1","","true","","","","","","1","10","","","","","CocoonerUltiProjectile","CocoonerOverchargedUltiProjectile","","","","","","","","","","","","","","","","","","","","","","","","","","","","","","","","","","","","","","","","","","","","","","","","","","","","","","","","","","","","","","","",""
"CocoonerPetWeapon","Charge","weapon","","","true","","","750","","750","","6","","","","true","","100","3","400","-1","","","","","","","","","","","2200","4","","","","","true","","","","","","","","","","","","","","","","","","","","","","","","","","","mortis_def_sound","","","","","","","","","","","","","","","","","","","","true","","","","","","","","","","","","","","","","","","","",""
"CocoonerPetUltiDummy","Attack","ulti","","","","3","","","","","","","","","","","","","","","-1","","","","","","","","","","","","","","","","","","","","","","","","","","","","","","","","","","","","","","","","","","","","","","","","","","","","","","","","","","","","","","","","","","","","","","","","","","","","","","","","","","","",""
"LeaperWeapon","Charge","weapon","","","true","","","750","","","","12","","","","","","2400","3","1140","-1","","","","","","","","","","","5200","18","","","","","","","","","","","","LeaperWeaponArea","","","","","","","","","","","","","","","","","","","","mico_def_atk_jump","","","","","","","","","","","","","","","","","","","","true","","","","","","","","","","","","","","","","","","","",""
"LeaperUlti","FlyJump","ulti","","","","","","1000","","6000","1000","","","","","","","","","","-1","","","","","","","","1025","","","","","","","","","","","","","","","","LeaperUltiArea","","","","LeaperOverchargedUltiArea","","","","","","","","","","","","","","","","mico_def_ulti_casting","mico_def_oc_casting","","","","","","","","","","","","","","","","","","","","","","","","","","","","","","","","","","","","","","",""
"AttacherWeapon","Attack","weapon","","true","true","","","100","","250","","11","","","","","","800","3","1000","-1","","100","150","","1","","","","","","","","","","","","","","","","","","","","","","","","","","","","","","","","","","","","","","","","","","","","","","","","","","1","AttacherWeaponAlternate","AttacherWeaponAlternateOvercharge","","","","","","","true","","","","","","","","","","","","TID_ATTACHER_WEAPON","","","","","","","",""
"AttacherUlti","Charge","ulti","","true","true","","","50","","","","20","","","","","","","","1000","-1","","","","","","","","","","","6000","19","","","","","","","","","","","","","","","","","","","","","","","","","","","","","","","","crow_ulti","","","","","","","","","","","1","AttacherUltiAlternate","","","","","","","","","","","","","","","","","","","","","","","","","","","",""
"AttacherWeaponAlternate","Attack","weapon","","true","true","","","250","","150","","22","","","","","","2000","3","1600","-1","","100","0","","1","","true","","","","","","","","","","","","AttacherProjectile","","","","","","","","","","","","","","","","","","","","","","","barkeep_attack","","","","","","","","","","","","","1","AttacherWeapon","","","","","","","","true","","","","","","","","","","","","TID_ATTACHER_WEAPON_ATTACHED","","","","","","","",""
"AttacherUltiAlternate","Charge","ulti","","true","true","","","50","","","","6","","","","","","","","0","-1","","","","","","","","","","","2000","5","","","","","","","","","","","","","","","","","","","","","","","","","","","","","","","","crow_ulti","","","","","","","","","","","1","AttacherUlti","","","","","","","","","","","","","","","","","","","","","","","","","","","",""
"AttacherWeaponAlternateOvercharge","Attack","weapon","","true","true","","","250","","150","","30","","","","","","2000","3","1600","-1","","100","0","","1","","true","","","","","","","","","","","","AttacherProjectileOvercharged","","","","","","","","","","","","","","","","","","","","","","","barkeep_attack","","","","","","","","","","","","","1","AttacherWeapon","","","","","","","","true","","","","","","","","","","","","TID_ATTACHER_WEAPON_ATTACHED","","","","","","","",""
"TwinsWeaponThrower","Attack","weapon","","true","true","","","250","","300","","22","","","","","","2200","3","700","-1","","300","0","","1","","true","","","","","","","","","","","","TwinsThrowerProjectile","","","","","","","","","","","","","","","","","","","","","","","twin_def_atk","","","","","","","","","","","","","1","TwinsWeaponShotgun","","","","","","","","true","","","","","","","","","","","","","","","","","","","",""
"TwinsWeaponShotgun","Attack","weapon","","true","true","","","250","","500","","20","","","","","","1800","3","200","-1","","250","25","16","3","","true","","","","","","","","","","","","TwinsShotgunProjectile","","","","","","","","","","","","","","","","","","","","","","","","","","","","","","","","","","","","1","TwinsWeaponThrower","","","","","","","","true","","","","","","","","","","","","","","","","","","","",""
"TwinsUlti","Attack","ulti","","true","true","","","50","","250","","15","","","","","1","","","","-1","","300","","","1","","true","","","","","","1","1","","","","","TwinsUltiProjectile","","","TwinsPet","","","","","","","","","","","","","","","","","","","","shaman_ulti","","","","","","","","","","","","","","","","","","","","","","","","","","","","","","","","","","","","","","","","","",""
"TwinsUltiDummy","Attack","ulti","","","","3","","","","","","","","","","","","","","","-1","","","","","","","","","","","","","","","","","","","","","","","","","","","","","","","","","","","","","","","","","","","","","","","","","","","","","","","","","","","","","","","","","","","","","","","","","","","","","","","","","","","",""
"TwinsHyperUlti","Attack","overchargedUlti","","true","true","","","50","","250","","15","","","","","1","","","","-1","","300","40","","2","","true","","","","","","1","2","","","","","TwinsHCUltiProjectile;TwinsHCUltiProjectile","TwinsHCUltiProjectile;TwinsHCUltiProjectile","","TwinsPet;TwinsPetHyper","","","","","","","","","","","","","","","","","","","","shaman_ulti","","","","","","","","","","","","","","","","","","","","","","","","","","","","","","","","","AlternateProjectiles","","","","","","","","",""
"AxeJugglerWeapon","Attack","weapon","","true","true","","","250","","150","","24","","","","","","1500","3","460","-1","","150","","","1","","true","","","","","","","","","","","","AxeJugglerProjectile","","AxeJugglerOverchargedProjectile2","","","","","","","","","","","","","","","","","","","","","melodie_def_atk","","","","","","","","","","","","","","","","","","","","","","true","","","","","","","","","","","","","","","","","","","",""
"AxeJugglerUlti","Charge","ulti","","","true","1","","","","","","16","","","","","","","","","-1","","","","","","","","","","","3700","5","","","","","true","","","","AxeJugglerOverchargedProjectile2","","","","","","","","","","","","","","","","","","","","","","","","","","","melodie_def_ulti","stu_def_ulti_cover","melodie_def_hc_ulti","","","","","","","","","","","","","","","","","","","","","","","","","","","","","","","","","",""
"InsectManWeapon","Attack","weapon","","true","true","","2","500","","150","","30","","","","","","100","1","2000","-1","","100","","17","1","","true","","","","","","","","","","","","MosquitoProjectile","","","","","","","","","","","","","","","","","","","","","","","angelo_def_atk","","","","","","","","","","","","","1","InsectManWeaponPoison","","","","","","","","true","","","","","","","","","","","","","","50","","","","","",""
"InsectManUlti","Attack","ulti","","true","","","","","","","","","","","","","","","","500","-1","","70","","","","","","","","","","","","","","","","","","","","","","InsectManUltiDamageArea","","InsectManUltiSwitchSkillArea","","InsectManOverchargedUltiDamageArea","InsectManOverchargedUltiSwitchSkillArea","","","","","","","","","","","","","","","emz_def_ulti_use","","","","dummy_effect","","","","","","","","","","","","","","","","","","","","","","","","","","","","","","","","","","","",""
"InsectManWeaponPoison","Attack","weapon","","true","true","","","500","","150","","30","","","","","","100","1","2000","-1","","100","","17","1","","true","","","","","","","","","","","","MosquitoProjectilePoison","","","","","","","","","","","","","","","","","","","","","","","angelo_def_atk","","","","","","","","","","","","","1","InsectManWeapon","","","","","","","","true","","","","","","","","","","","","","","50","","","","","",""
"InsectManChargeGadget","Charge","utility","","","true","","","50","","1000","","18","","","","","","100","1","","-1","","760","0","12","1","","","","","","2000","20","","","","","","","","","","","","InsectManGadgetDamageArea","","","","","","","","","","","","","","","","","","","","","","","","","","","","","","","1","","","","","","","","","true","","","","","","","","","","","","","","","","","","","",""
"InsectManWeaponNanoPower","Attack","weapon","","true","true","","2","500","","150","","30","","","","","","100","1","2000","-1","","100","150","17","3","","true","","","","","","","","","","","","MosquitoProjectile","","","","","","","","","","","","","","","","","","","","","","","angelo_def_atk","","","","","","","","","","","","","1","InsectManWeaponPoison","","","","","","","","true","","","","","","","","","","","","","","50","","","","","",""
"DragonRiderWeapon","Attack","weapon","","true","true","","2","250","","500","","12","","","","","","1000","3","700","-1","","500","","","1","","true","","","","","","","","","","","","DragonRiderProjectile","","","","","","","","","","","","","","","","","","","","","","","","","","","","","","","","","","","","1","DragonRiderDragonWeapon","","","","","","","","true","","","","","","","","","","","","","","","","","","","",""
"DragonRiderDragonWeapon","Attack","weapon","","true","true","","2","60","","120","","17","","","","","","220","40","70","-1","","120","90","","4","","true","","","","","","","","","","","","DragonRiderDragonProjectile","DragonRiderDragonOverchargedProjectile","","","","","","","","","","","","","","","","","","","","","","","","","","","","","","","","","","","1","DragonRiderWeapon","","","","","","","true","true","","","","","","","","","","","","","","","","","","","",""
"DragonRiderUlti","MountUp","ulti","","","","","","600","","600","500","","","","","","","","","","-1","","","","","","","","","","","","","","","","","","","","","","","","","","","","","","","","","","","","","","","","","","","","draco_def_ulti_use","draco_def_oc_ulti_use","","","","","","","","","","","","","","","","","","","","","","","","","","","","","","","","","200","50","","","","",""
"AmbusherWeapon","Attack","weapon","","true","true","","","50","","150","","6","","","","","","800","2","1060","-1","","150","0","","1","","true","","","","","","","","","","","","AmbusherProjectile","","","","","","","","","","","","","","","","","","","","","","","bea_def_atk","","","","","","","","","","","","","","","","","","","","","","true","","","","","","","","","","","","","","","","","","","",""
"AmbusherUlti","Attack","ulti","","true","true","","","250","","150","","27","","","","","","","","500","-1","","150","","","1","","true","","","","","","","","","","","","AmbusherUltiProjectile","AmbusherOverchargedUltiProjectile","","","","","","","","","","","","","","","","","","","","","","cordelius_ulti_atk","cordelius_def_oc_muzzle","","","","","","","","","","","","1","AmbusherUlti2","","","","","","","","","","","","","","","","","","","","","","","","","","","",""
"AmbusherUlti2","Attack","ulti","","true","true","","","250","","150","","27","","","","","","","","1000","-1","","150","","","1","","true","","","","","","","","","","","","AmbusherUltiProjectile2","AmbusherUltiProjectile2","","","","","","","","","","","","","","","","","","","","","","cordelius_ulti_atk","cordelius_def_oc_muzzle","","","","","","","","","","","","1","","","","","","","","","","","","","","","","","","","","","","","","","","","","",""
"GodzillaWeapon1","Attack","weapon","","true","true","1","2","50","","700","","13","","","","","","800","1","2000","-1","","700","100","","1","","true","","","","","","","","","","","","","","","","","","","","","","","","","","","","","","","","","","","godzilla_atk_claw","","","","","","","","","","","","","2","GodzillaWeapon2","","","","","","","","true","","","","","","","","","","","","","","","","","","","",""
"GodzillaWeapon2","Attack","weapon","","true","true","1","2","50","","700","","13","","","","","","800","1","2000","-1","","700","100","","1","","true","","","","","","","","","","","","","","","","","","","","","","","","","","","","","","","","","","","godzilla_atk_bite","","","","","","","","","","","","","2","GodzillaWeapon1","","","","","","","","true","","","","","","","","","","","","","","","","","","","",""
"GodzillaUlti","Attack","ulti","","false","true","","","50","","2000","","30","","","","","","","","1000","-1","","100","180","2","1","","true","","","","","","","","","","","","Godzilla1UltiProjectile","","","","","","","","","","","","","","","","","","","","","","","godzilla_ulti","","","","","","","","","","","","","","","","","","","","","","","","","","","","","","","","","","","","","","","","","",""
"PainterWeapon","Attack","weapon","","true","true","","","250","","150","","19","","","","","","2400","3","660","-1","","100","0","","1","","true","","","","","","","","","","","","PainterProjectile","","","","","","","","","","","","","","","","","","","","","","","","","","","","","","","","","","","","","","","","","","","","","true","","","","","","","","","","","","","","","","","","","",""
"PainterUlti","Charge","ulti","","","true","1","","","","","","25","","","","","","","","1520","-1","","","","","","","","","","","3000","21","","","","","true","","","","","","","PainterAreaEffect","","","","PainterAreaEffectOvercharged","","","","","","","","","","","","","","","","","","","","berry_def_ulti","","","","","","","","","","","","","","","","","","","","","","","","","","","","","","","","","","","",""
"CrabWeapon1","Attack","weapon","","true","true","","","200","","200","","23","","","","","","2000","3","700","-1","","200","0","","1","","true","","","","","","","","","","","","CrabProjectile","","","","","","","","","","","","","","","","","","","","","","","clancy_def_atk","","","","","","","","","","","","","1","CrabWeapon1","CrabWeapon2","CrabWeapon3","","","","","","true","","","","","","","","","","","","","","","","","","","",""
"CrabWeapon2","Attack","weapon","","true","true","","","200","","400","","23","","","","","","2000","3","750","-1","","200","0","","1","","true","","","","","","","","","","","","CrabProjectile","","","","","","","","","","","","","","","","","","","","","","","clancy_def_atk","","","","","","","","","","","","","1","CrabWeapon1","CrabWeapon2","CrabWeapon3","","","","","","true","","","","","","","","","","","","","","","","","","","",""
"CrabWeapon3","Attack","weapon","","true","true","","","200","","400","","23","","","","","","2000","3","800","-1","","200","100","20","1","","true","","","","","","","","","","","","CrabProjectile","","","","","","","","","","","","","","","","","","","","","","","clancy_def_atk","","","","","","","","","","","","","1","CrabWeapon1","CrabWeapon2","CrabWeapon3","","","","","","true","","","","","","","","","","","","","","","","","","","",""
"CrabUlti1","Attack","ulti","","true","true","","","250","","1000","","17","","","","","","","","600","-1","","150","220","22","2","","true","","","","","","","","","","","","CrabUltiProjectile","CrabOverchargedUltiProjectile","","","","","","","","","","","","","","","","","","","","","","clancy_def_ulti","clancy_def_oc_ulti_muzzle","dummy_effect","","","","","","","","","","","1","CrabUlti1","CrabUlti2","CrabUlti3","","","","","","","","","","","","","","","","","","","","50","340","","","","",""
"CrabUlti2","Attack","ulti","","true","true","","","250","","1000","","25","","","","","","","","600","-1","","150","220","22","2","","true","","","","","","","","","","","","CrabUltiProjectile","CrabOverchargedUltiProjectile","","","","","","","","","","","","","","","","","","","","","","clancy_def_ulti","clancy_def_oc_ulti_muzzle","dummy_effect","","","","","","","","","","","1","CrabUlti1","CrabUlti2","CrabUlti3","","","","","","","","","","","","","","","","","","","","50","340","","","","",""
"CrabUlti3","Attack","ulti","","true","true","","","250","","1000","","25","","","","","","","","700","-1","","150","220","22","2","","true","","","","","","","","","","","","CrabUltiProjectile","CrabOverchargedUltiProjectile","","","","","","","","","","","","","","","","","","","","","","clancy_def_ulti","clancy_def_oc_ulti_muzzle","dummy_effect","","","","","","","","","","","1","CrabUlti1","CrabUlti2","CrabUlti3","","","","","","","","","","","","","","","","","","","","50","340","","","","",""
"DiggerWeapon","Attack","weapon","","true","true","","","250","","150","","15","","","","","","1500","3","500","-1","","150","","","1","","true","","","","","","","","","","","","DiggerProjectile","","","","","","","","","","","","","","","","","","","","","","","tnt_attack_ulti","","","","","","","","","","","","","","","","","","","","","","true","","","","","","","","","","","","","","","","","","","",""
"DiggerUlti","Charge","ulti","","true","true","","2","50","","150","","22","","","","","","","","600","-1","","","","","","","","","","","2500","22","","","","","","","","","","DiggerDrill","","DiggerDrillDive","","DiggerDrillSurface","","DiggerOverchargedDrillDive","DiggerOverchargedDrillSurface","","","","","","","","","sc/ui.sc","button_ulti_digger","button_ulti_blue_digger","","","","bonnie_def_ulti_return","","cannongirl_ulti_ground_hit","","","","","","","","","","","","","","","","","","","","","","","","","","","","","","","","","","","","","",""
"DiggerDrillWeapon","Attack","weapon","","true","true","","2","50","","100","","5","","","","","","220","40","280","-1","","100","","","1","","true","","","","","","","","","","","","DiggerDrillProjectile","DiggerDrillOverchargedProjectile","","","","","","","","","","","","","","","","","","","","","","","","moe_underground_start_end","","","","","","","","","","","1","","","","","","","","true","true","","","","","","","","","","","","","","","","","","","",""
"DiggerDrillUlti","ChangeCharacter","ulti","","","","","","300","","300","","","","","","","","","","","-1","","","","","","","","","","","","","","","","","","","","","","Digger","","","","","","","","","","","","","","","","","","","","","","moe_underground_start_end","","","","","","","","","","","","","","","","","","","","","","","","","","","","","","","","","","","","","","","",""
"SamuraiWeaponDash","Charge","weapon","","","true","","","200","","","","8","","","","","","1000","3","750","-1","","","","","","","","","","","2700","4","","","","","true","","","","","","","","","","","","","","","","","","","","","","","","","","","","","","","","","","","","","","4","SamuraiWeaponSlash","","","","","","","","true","","","","","","","","","","","","","","","","","","","",""
"SamuraiWeaponSlash","Attack","weapon","","true","true","","","150","","250","","11","","","","","","1000","3","1000","-1","","150","300","","1","","true","","","","","","","","","","","","","","","","","","","","","","","","","","","","","","","","","","","","","","","","","","","","","","","","5","SamuraiWeaponDash","","","","","","","","true","","","","","","","","","","","","","","","","","","","",""
"SamuraiUlti","Attack","ulti","","","true","","","50","","150","","22","","","","","","","","1300","-1","","100","","","1","","true","","","","8000","23","","","","","","","SamuraiUltiProjectile","SamuraiOverchargedUltiProjectile","","","","","","","","","","","","","","","","","","","","","","","","","","","","","","","","","","","","","","","","","","","","","","","","SamuraiHide","","","","","","","","","","","","","","","",""
"GhostWeapon","Attack","weapon","","true","true","","","150","","250","350","11","","","","","","800","3","800","-1","","150","300","","1","","","","","","","","","","","","","","","","","","","","","","","","","","true","","","","","","","","","","","","","","","","","","","","","","","","","","","","","","","","","true","","","","","","","","2","","","","","","","","","","","",""
"GhostUlti","Charge","ulti","","true","true","1","","50","","150","","10","","","","","","","","","-1","","100","","","","","","","","","3000","25","","","","","true","","","","","","","","","","","","","","true","","","","","","","","","","","","","shade_def_ulti","shade_def_oc_ulti","","","","","","","","","","","","","","","","","","","","","","","GhostIncorporeal","","","","","","","","","","","","","","","",""
"VoodooWeaponEarth","Attack","weapon","","true","true","","","250","","150","","19","","","","","","1600","3","1000","-1","","100","0","","1","","true","","","","","","","","","","","","VoodooProjectileEarth","","","","","","","","","","","","","","","","","","","","","","","","","","","","","","","","","","","","9","VoodooWeaponForest","VoodooWeaponWater","","","","","","","true","","","","","","","","","","","","","","0","","","","","",""
"VoodooWeaponForest","Attack","weapon","","true","true","","","250","","150","","27","","","","","","1600","3","800","-1","","100","0","","1","","true","","","","","","","","","","","","VoodooProjectileForest","","","","","","","","","","","","","","","","","","","","","","","","","","","","","","","","","","","","1","","","","","","","","","true","","","","","","","","","","","","","","7","","","","","",""
"VoodooWeaponWater","Attack","weapon","","true","true","","","250","","150","","19","","","","","","1600","3","800","-1","","100","0","","1","","true","","","","","","","","","","","","VoodooProjectileWater","","","","","","","","","","","","","","","","","","","","","","","","","","","","","","","","","","","","1","","","","","","","","","true","","","","","","","","","","","","","","9","","","","","",""
"VoodooUlti","Attack","ulti","","true","true","","","50","","250","","15","","","","","10","","","","-1","","200","","","1","","true","","","","","","1","1","","","","","VoodooUltiProjectile","VoodooOverchargedUltiProjectile","","VoodooPet","","","","","","","","","","","","","","","","","","","","selena_ulti","","","","","","","","","","","","","","","","","","","","","","","","","","","","","","","","","","","","","","","","","",""
"VoodooWeaponAll","Attack","weapon","","true","true","","","250","","150","","27","","","","","","2000","3","1000","-1","","100","0","","1","","true","","","","","","","","","","","","VoodooProjectileAll","","","","","","","","","","","","","","","","","","","","","","","","","","","","","","","","","","","","1","","","","","","","","","true","","","","","","","","","","","","","","-1","","","","","",""
"InstagibWeapon","Attack","weapon","","true","true","","","500","","150","","30","","","","","","2500","1","1","-1","","100","","","1","","true","","","","","","","","","","","","SniperProjectile","","","","","","","","","","","","","","","","","","","","","","","sniper_attack","","","","","","","","","","","","","","","","","","","","","","true","","","","","","","","","","","","","","","","","","","",""
"LightyearWeapon","Attack","weapon","","true","true","","","250","","150","","27","","","","","","1400","3","1080","-1","","100","","","1","","true","","","","","","","","","","","","LightyearLaserProjectile","","","","","","","","","","","","","","","","","","","","","","","brock_def_atk","","","","","","","","","","","","","","","","","","","","","","true","","","","","","","","","TID_LIGHTYEAR_WEAPON","TID_LIGHTYEAR_WEAPON_DESC","","","","","","","","","",""
"LightyearUlti","Attack","ulti","","true","true","","","50","","599","","25","","","","","","1300","1","500","-1","","100","70","2","1","","true","","","","","","","","","","","","LightyearLaserUltiProjectile","","","","","","","","","","","","","","","","","","","","","","","buzzlight_def_atk_muzzle","","","","","","","","","","","","","","","","","","","","","","","","","","","","","","","TID_LIGHTYEAR_ULTI","TID_LIGHTYEAR_ULTI_DESC","","","","","","","","","",""
"LightyearSwordWeapon","Attack","weapon","","true","true","","","150","","250","","11","","","","","","1500","3","1200","-1","","150","300","","1","","","","","","","","","","","","","","","","","","","","","","","","","","","","","","","","","","","","","","","","","","","","","","","","","","","","","","","","","","","true","","","","","","","","","TID_LIGHTYEAR_SWORD_WEAPON","TID_LIGHTYEAR_SWORD_WEAPON_DESC","","","","","","","","","",""
"LightyearSwordUlti","Charge","ulti","","","true","","","50","","","","27","","","","","","","","960","-1","","","","","","","","","","","2500","26","","","","","","","","","","","","","","LightyearSwordLanding","true","","","","","","","","","","","","","","","","","luchador_ulti","luchador_overcharged_ulti","","","","","","","","","","","","","","","","","","","","","","","","","","","","TID_LIGHTYEAR_SWORD_ULTI","TID_LIGHTYEAR_SWORD_ULTI_DESC","","","","","","","","","",""
"LightyearFlightWeapon","Attack","weapon","","true","true","","","50","","350","","20","","","","","","1900","3","1000","-1","","150","0","","1","","true","","","","","","","","","","","","LightyearFlightProjectile","","","","","","","","","","","","","","","","","","","","","","","ninja_attack","","","","","","","","","","","","","","","","","","","","","","true","","","","","","","","","TID_LIGHTYEAR_FLIGHT_WEAPON","TID_LIGHTYEAR_FLIGHT_WEAPON_DESC","","","","","","","","","",""
"LightyearFlightUlti","Charge","ulti","","true","true","","","50","","1300","","27","","","","","","","","700","-1","","200","0","","1","","","","","","2400","6","","","","","true","","LightyearFlightUltiProjectile","","","","","","","","","","","","","","","","","","","","","","","","","buzzlight_wing_ulti","","","","","","","","","","","","","","","","","","","","","","","","","","","","","TID_LIGHTYEAR_FLIGHT_ULTI","TID_LIGHTYEAR_FLIGHT_ULTI_DESC","","","","","","","","","",""
"MeepleWeapon","Attack","weapon","","true","true","","","500","","150","","23","","","","","","1700","3","1260","-1","","100","","","1","","true","","","","","","","","","","","","MeepleProjectile","","","","","","","","","","","","","","","","","","","","","","","meeple_def_atk","","","","","","","","","","","","","1","","","","","","","","","true","","","","","","","","","","","","","","","","","","","",""
"MeepleWallWeapon","Attack","weapon","","true","true","","","250","","150","","23","","","","","1","2000","3","500","-1","","100","0","","1","","true","","","","","","","","","","","","MeepleWallProjectile","","","","","","","","","","","","","","","","","","","","","","","sprout_def_ulti","","","","","","","","","","","","","1","","","","","","","","","","","","","","","","","","","","","","","","","","","","",""
"MeepleUlti","Attack","ulti","","true","true","2","","50","","250","","15","","","","","","","","","-1","","200","","","1","","true","","","","","","1","1","","","","","MeepleUltiProjectile","MeepleOverchargedUltiProjectile","","","","","","","","","","","","","","","","","","","","","","meeple_def_ulti","","","","","","","","","","","","","","","","","","","","","","","","","","","","","","","","","","","","","","","","","",""
"SkaterWeapon","Attack","weapon","","true","true","","","350","","250","","19","","","","","","1800","3","900","-1","","200","27","","2","","true","","","","","","","","","","","","SkaterProjectile","","","","","","","","","","","","","","","","","","","","","","","ollie_def_atk","","","","","","","","","","","","","","","","","","","","","","true","","","","","","","","","","","","","","","","","","","",""
"SkaterUlti","Charge","ulti","","","true","","","50","","","","17","","","","","","","","","-1","","","","","","","","","","","2300","4","","","","","","","","","","","","","","SkaterUltiLanding","true","","SkaterUltiLandingOvercharged","follow","","","","","","","","","","","","","","ollie_def_ulti_trail","luchador_overcharged_ulti","","","","","","","","","","","","","","","","","","","","","","","","","","","","","","","","","","","","","","",""
"SkaterOverchargedUlti","Charge","overchargedUlti","","","true","","","50","","","","20","","","","","","","","","-1","","","","","","","","","","","4000","4","","","","","","","","","","","","","","SkaterUltiLanding","true","","SkaterUltiLandingOvercharged","follow","","","","","","","","","","","","","","ollie_def_ulti_trail","luchador_overcharged_ulti","","","","","","","","","","","","","","","","","","","","","","","","","","","","","","","","","","","","","","",""
"MechaDudeBigOverchargedUlti","Attack","overchargedUlti","","true","true","","2","50","","350","","20","","","","","","","","1700","-1","","200","300","","1","","","","","","","","","","","","","","","","","","","","","","","","","","","MechadDudeOverchargedSlow","","","","","","sc/ui.sc","button_ulti_meg","button_ulti_blue_meg","","","mecha_overcharged_swing","","","","","","","","","","","","","","","","","","","","","","","","","","","","","","","","","","","","","","","","",""
"BeamerOverchargedUlti","Attack","overchargedUlti","","","true","","2","150","","300","750","120","","","","true","","100","1","2500","-1","","300","170","","3","","true","","","","","","","","","","true","","BeameOverchargedUltiProjectile","","","","","","","","","","","","","","","","","","","","","","","bibi_def_ulti","mandy_def_oc_ulti","","","","","","","","","","","","","","","","","","","","","","","","","","","","","","","","","","","","","","","","",""
"JesterOverchargedUlti","Attack","overchargedUlti","","true","true","","","250","","150","","19","","","","","","","","1600","-1","","150","0","","1","","true","","","","","","","","","","","","ChesterOverchargedUltiProjectile","","","","","","","","","","","","","","","","","","","sc/ui.sc","button_ulti_chester_indirect_explosion","button_ulti_blue_chester_indirect_explosion","","chester_def_oc_ulti","","","","","","","","","","","","","","","","","","","","","","","","","","","","","","","","","","TID_JESTER_ULTI_EXPLOSION","","1","","","","","",""
"MorningstarWeapon","Attack","weapon","","true","true","","","150","","250","","24","","","","","","","2","600","-1","","250","","","1","","true","","","","","","1","2","","","","","MorningstarProjectile","","","","","","","","","","","","","","","","MorningstarGroundedWeapon","","","","","","","whirlwind_attack","","dummy_effect","","","","","","","","","","","6","MorningstarWeaponRecall","","","","","","","","true","","","","","","","","","","","","","","","","","","","",""
"MorningstarWeaponRecall","RecallWeapon","weapon","","true","","","","50","","250","","","","","","","","","1","900","-1","","50","","","1","","","","","","","","","","","","","","MorningstarProjectileRecall;MorningstarProjectileRecallFrozenSP","","","","","","","","","","","","","","","","","","","","","","","","","","","","","","","","","","","","1","MorningstarWeapon","","","","","","","","true","","","","","","","","","","","","","","","","","","","",""
"MorningstarUlti","Attack","ulti","","true","true","","","50","","950","","22","","","","true","","100","1","1000","-1","","300","","11","1","","true","","","","","","","","","","true","","MorningstarUltiProjectile1;MorningstarUltiProjectile2;MorningstarUltiProjectile3","MorningstarUltiProjectile1Overcharged;MorningstarUltiProjectile2Overcharged;MorningstarUltiProjectile3Overcharged","","","","","","","","","","","","","","","","","","","","","","lumi_def_ulti","","","","","","","","","","","","","","","","","","","","20","","","","","","","","","","","","","HideAimPath","","","","","","","","",""
"DuplicatorOverchargedPetWeapon","Attack","weapon","","true","true","","","50","","650","","27","","","","","","1700","3","380","-1","","100","30","3","1","","true","","","","","","","","","","","","OverchargedDuplicatorProjectile","","","","","","","","","","","","","","","","","","","","","","","pam_def_atk","","","","","","","","","","","","","","","","","","","","","","true","","","","","","","","","","","","","","","","","","","",""
"ChronomancerWeapon","Attack","weapon","","true","true","","","250","","150","","25","","","","","","1300","3","900","-1","","100","","23","3","","true","","","","","","","","","","","","ChronomancerProjectile;ChronomancerProjectileSecondary","","","","","","","","","","","","","","","","","","","","","","","finx_def_atk","","","","","","","","","","","","","","","","","","","","","","true","","","","","","","","","","","","","","","","","","","",""
"ChronomancerUlti","Attack","ulti","","true","true","2","","250","","150","","22","","","","","","","","","-1","","100","0","","1","","true","","","","","","","","","","","","ChronomancerUltiProjectile","ChronomancerUltiHyperProjectile","","","","","","","","ChronomancerOverchargedUltiTimebend","","follow","","","","","","","","","","","","tnt_attack_ulti","","","","","","","","","","","","","","","","","","","","","","","","","","","","","","","","","","","","","","","","","",""
"AlternatorWeaponHeal","Attack","weapon","","true","true","","","300","","250","","25","","","","","","1500","3","850","-1","","250","","","1","","true","","","","","","","","","","","","AlternatorHealProjectile","","","","","","","","","","","","","","","","","","","","","","","jaeyong_def_atk","","","","","","","","","","Jae_Healing_Music","","","1","AlternatorWeaponSpeed","","","","","","","","true","","","","","","","","","","","","","","","","","","","",""
"AlternatorWeaponSpeed","Attack","weapon","","true","true","","","300","","250","","25","","","","","","1500","3","750","-1","","250","","","1","","true","","","","","","","","","","","","AlternatorSpeedProjectile","","","","","","","","","","","","","","","","","","","","","","","jaeyong_def_atk2","","","","","","","","","","Jae_Hyper_Music","","","1","AlternatorWeaponHeal","","","","","","","","true","","","","","","","","","","","","","","","","","","","",""
"AlternatorWeaponDamage","Attack","weapon","","true","true","","","300","","250","","25","","","","","","1500","3","1050","-1","","250","","","1","","true","","","","","","","","","","","","AlternatorDamageProjectile","","","","","","","","","","","","","","","","","","","","","","","jaeyong_def_gadget1","","","","","","","","","","Jae_Power_Mode","","","1","","","","","","","","","true","","","","","","","","","","","","","","","","","","","",""
"AlternatorWeaponSlow","Attack","weapon","","true","true","","","300","","250","","25","","","","","","1500","3","750","-1","","250","","","1","","true","","","","","","","","","","","","AlternatorSlowProjectile","","","","","","","","","","","","","","","","","","","","","","","jaeyong_def_atk2","","","","","","","","","","Jae_Slow_Mode","","","1","","","","","","","","","true","","","","","","","","","","","","","","","","","","","",""
"AlternatorUltiHeal","AreaBuff","ulti","","true","","","","50","","100","","","","","","","","","","","-1","","","","","","","","","","","","","","","","","","","","","","","","AlternatorHealAura","","","","AlternatorHealAuraOvercharged","","","","","","","","","","sc/ui.sc","button_ulti_jae_heal","button_ulti_blue_jae_heal","","","","","","","","dummy_effect","","","","","","","5","AlternatorUltiSpeed","","","","","","","","","","","","","","","","","","","","","","","","","","","",""
"AlternatorUltiSpeed","AreaBuff","ulti","","true","","","","50","","100","","","","","","","","","","","-1","","","","","","","","","","","","","","","","","","","","","","","","AlternatorSpeedAura","","","","AlternatorSpeedAuraOvercharged","","","","","","","","","","sc/ui.sc","button_ulti_jae_speed","button_ulti_blue_jae_speed","","","","","","","","dummy_effect","","","","","","","5","AlternatorUltiHeal","","","","","","","","","","","","","","","","","","","","","","","","","","","",""
"GeishaWeapon","Charge","weapon","","","true","","","200","","","","8","","","","","","1000","3","750","-1","","","","","","","","","","","2700","4","","","","","","","","","","","","","","GeishaWeakSpotAttack","true","","","","","","","","","","","","","","","","","","","","","","","","","","","","","","","","","","","","","true","","","","","","","","","","","HideAimPath","","","120","90","","","","",""
"GeishaUlti","Attack","ulti","","","true","","","50","","150","","22","","","","","","","","650","-1","","100","","","1","","true","","","","","","","","","","","","GeishaUltiProjectile","GeishaUltiProjectileOvercharged","","","","","","","","","","","","","","","","","","","","","","","","","","","","","","","","","","","","","","","","","","","","","","","","","","","","","","","","","","","","","","","",""
"GeishaTransformedWeapon","Attack","weapon","","true","true","","","50","","350","","20","","","","","","1900","3","750","-1","","150","0","","1","","true","","","","","","","","","","","","GeishaTransformedProjectile","","","","","","","","","","","","","","","","","","","","","","","brock_def_atk","","","","","","","","","","","","","","","","","","","","","","true","","","","","","","","","","","","","","","","","","","",""
"GeishaTransformedUlti","Charge","ulti","","","true","","","50","","","","27","","","","","","","","","-1","","","","","","","","","","","4000","4","","","","","true","","","","","","","","","","TRUE","","","","","","","","","","","","","","","","","luchador_ulti","luchador_overcharged_ulti","","","kaze_def_ulti2","kaze_def_ulti2_cover","","","","","","","","","","","","","","","","","","","","","GeishaTransformedUltiDamageMark","GeishaTransformedUltiDamageMarkOvercharged","","","","","","","","","","","","",""
"MegaKenjiPushAway","Attack","weapon","","","true","","1","50","","700","","5","","","","","","800","1","1200","-1","","600","300","","1","","","","400","","2000","","","","","","","","","","","","","MegaKenjiPushBack","","","","","","","","","","","","","","","","","","","","samurai_mega_atk1_slash","","","","","","","","","","","","","","","","","","","","true","","","","","","","","","","","","","","","","","","","",""
"MegaKenjiAttackSlowProjectiles","Attack","weapon","","","true","","1","150","","4000","","100","","","","","","1000","1","500","-1","","200","150","1","150","","true","","","","","","","","","","true","","MegaKenjiProjectileSlowBounce","","","","","","","","","","","","","","","","","","","","","","","samurai_mega_atk2_muzzle","","","","","","","","","","","","","","","","","","","","","","true","","","","","","","","","","","","","","","","","","","",""
"MegaKenjiSpawnRobots","Attack","weapon","","true","true","","1","150","","2400","","30","","","","","","1000","1","","-1","","800","360","10","1","","true","","","","","","","","","","","","MegaKenjiProjectileSpawnRobot","","","","","","","","","","","","","","","","","","","","","","","","","","","","","","","","","","","","","","","","","","","","","true","","","","","","","","","","","","","","","","","","","",""
"MegaKenjiCharge","Charge","weapon","","","true","","1","50","","","","50","","","","","","","","800","-1","","","","","","","","","130","","4000","1","","","","","true","","","","","","","","","","","","","","","","","","","","","","","","","","","","","","","samurai_mega_atk4_charge_rush","","","","","","","","","","","","","","","","true","","","","","","","","","","","","","","","","","","","",""
"MegaKenji360Madness","Attack","weapon","","","","","1","150","","3000","","55","","","","","","1000","1","","-1","","3000","360","","1","","true","","","","","","","","","","true","","","","","","","MegaKenjiBulletExplosion360","","","","","","","","","","","","","","","","","","","","","","","","","","","","","","","","","","","","","","","","true","","","","","","","","","","","","","","","","","","","",""
"MegaKenjiAttackDeath","Attack","weapon","","","","","1","150","","1000","","30","","","","","","1000","1","2000","-1","","30","150","1","150","","","","","","","","","","","","true","","MegaKenjiProjectileDeath","","","","","","","","","","","","","","","","","","","","","","","samurai_mega_atk2_muzzle","","","","","","","","","","","","","","","","","","","","","","true","","","","","","","","","","","","","","","","","","","",""
"StalkerWeaponDash","Charge","weapon","","","true","","","100","","250","","8","","","","","","2100","3","1300","-1","","100","","","","","","","","","4000","28","","","","","true","","","","","","","","","","","","","","","","","","","","","","","","","","","alli_def_atk1","","","","","","","","","","","1","StalkerWeaponJump","","","","","","","","true","","","","","","","","","","","","","","","","","","","",""
"StalkerWeaponJump","Charge","weapon","","","true","","","100","","250","","11","","","","","","2800","3","1300","-1","","100","","","","","","","","","9000","29","","","","","","","","","","","","StalkerWeaponJumpArea","","","","","","","","","","","","","","","","","","","","alli_def_atk2_jump","","","","","","","","","","","1","","","","","","","","","true","","","","","","","","","","","","","","","","","","","",""
"StalkerUlti","StatusEffect","ulti","","true","","","","50","","150","","","","","","","","","","","-1","","","","","","","","","","","","","","","","","","","","","","","","","","","","","","","","","","","","","","","","","","","","alli_def_ulti_invisible","alli_def_oc_ulti_invisible","","","","","","","","","","","","","","","","","","","","","","","StalkerUltiInvisible;StalkerUltiDamageTargetCurrentHpBoost","","","","","","","","","","","","","","","",""
"DomainWeapon","Attack","weapon","","true","","","1","250","","150","350","10","","","","","","1500","3","1400","-1","","1000","","","","","","","","","","","","","","","","","","","","","","DomainDamageArea","","DomainDamageWarningArea","","","","follow","","","","","","","","","","","","luchador_attack","","","","","","","","","","","","","1","","","","","","","","","true","","","","","","","","","","","","","","","","","","","",""
"DomainUlti","Charge","ulti","","","true","","","50","","","","21","","","","","","","","150","-1","","","","","","","","","","","2400","27","","","","","true","","","","","","","DomainOwnedArea","","","","","","trail","","","","","","","","","","","","","","trunk_def_ulti","","","","trunk_def_ulti_loop","","","","","Barrelbot_step","","","","","","","","","","","","","","","BarrelbotShield","","","","","","","","","","3","","","","","",""
"DomainOverchargedUlti","Charge","ulti","","","true","","","50","","","","21","","","","","","","","150","-1","","","","","","","","","","","2400","7","","","","","true","","","","","","","DomainOwnedArea","","","","","","trail","","","","","","","","","","","","","","trunk_def_oc_ulti","","","","trunk_def_ulti_loop","","","","","Barrelbot_step","","","","","","","","","","","","","","","BarrelbotShield","","DomainOverchargedUltiDamage","","","","","","","","","","","","","",""
"DummySkillForDodgeBall","Attack","utility","","true","true","0","","250","","150","","29","","","","TRUE","","","","","-1","","100","","","1","","true","","","","","","","","","","","","DummyProjectileForLaserBall","","","","","","","","","","","","","","","","","","","","","","","laser_ball_throw","","","","","","","","","","","","","","","","","","","","","","","","","","","","","","","","","","","","","","","","","",""
"DummyUltiSkillForDodgeBall","Attack","utility","","true","true","0","","250","","150","","37","","","","TRUE","","","","","-1","","100","","","1","","true","","","","","","","","","","","","DummyProjectileForLaserBall","","","","","","","","","","","","","","","","","","","","","","","laser_ball_throw_ulti","","","","","","","","","","","","","","","","","","","","","","","","","","","","","","","","","","","","","","","","","",""
"DummySkillForAirDisc","Attack","utility","","true","true","3","","250","","150","","48","","","","TRUE","","","","","-1","","100","","","1","","true","","","","","","","","","","","","DummyProjectileForLaserBall","","","","","","","","","","","","","","","","","","","","","","","laser_ball_throw","","","","","","","","","","","","","","","","","","","","","","","","","","","","","","","","","","","","","","","","","",""
"SuperSneakers_1","Charge","bonusSkill","","","true","1","","5000","8000","","","12","","","","","","","1","","-1","","","","","","","","","","","6000","11","","","","","","","","","","","","","","","","","","","","","","","","","","sc/ui.sc","icon_bonus_skill_subway_sneakers_ingame","icon_bonus_skill_blue_subway_sneakers_ingame","","","","jump_smoke_sb","","","","","","","","","","","","","","","","","","","","","","","","","","","","","","","","","","","","","","","",""
"BrawlersMagnet_1","Attack","bonusSkill","","true","true","","","250","10000","150","","18","","","","","","","1","","-1","","100","","","1","","true","","","","","","","","","","","","BrawlersMagnetProjectile1_lvl1","","","","","","","","","","","","","","","","","","","sc/ui.sc","icon_bonus_skill_subway_magnet_ingame","icon_bonus_skill_blue_subway_magnet_ingame","","gene_def_ulti","","","","","","","","","","","","","","","","","","","","","","","","","","","","","","","","","","","","","","","","","",""
"TrainMode_1","Charge","bonusSkill","","","true","","","50","8000","","","15","","","","","","","1","1000","-1","","","","","","","","","130","","1500","30","","","","","false","","","","","","","","","","","","","","","","","","","","","sc/ui.sc","icon_bonus_skill_subway_signal_ingame","icon_bonus_skill_blue_subway_signal_ingame","","","","subway_skill_hoverboard","","","","","","","","","Rhinostep","","1","","","","","","","","","","","","","","","","","","","","","","","","","","","","",""
"Jetpack_1","Attack","bonusSkill","","true","true","1","3","50","20000","2500","","7","","","","","","","1","200","-1","","200","0","12","1","","","","","","1600","15","","","","","","true","JetpackProjectileDamage","","","","","","","","","","","","","","","","","","","sc/ui.sc","icon_bonus_skill_subway_jetpack_ingame","icon_bonus_skill_blue_subway_jetpack_ingame","","","","subway_skill_jetpack_pole","","","","","","","","","","","","","","","","","","","","","","","","","","","","","","","","","","1","","","TRUE","","",""
"SignalStrike_1","Attack","bonusSkill","","true","true","","","300","5000","150","","30","","","","","","1450","1","750","-1","","150","","","1","","true","","","","","","","","","","","","SignalStrikeProjectile","","","","","","","","","","","","","","","","","","","sc/ui.sc","icon_bonus_skill_subway_train_ingame","icon_bonus_skill_blue_subway_train_ingame","","jaeyong_def_atk2","","","","","","","","","","Jae_Hyper_Music","","","1","AlternatorWeaponHeal","","","","","","","","","","","","","","","","","","","","","","","","","","","",""
"EnfOfLine_1","Attack","bonusSkill","","true","true","","","250","12000","150","","23","","","","","1","2000","1","500","-1","","100","0","","1","","true","","","","","","","","","","","","EndOfLineProjectile","","","","","","","","","","","","","","","","","","","sc/ui.sc","icon_bonus_skill_subway_endofline_ingame","icon_bonus_skill_blue_subway_endofline_ingame","","sprout_def_ulti","","","","","","","","","","","","","1","","","","","","","","","","","","","","","","","","","","","","","","","","","","",""
"HookyTime_1","Attack","bonusSkill","","true","true","","","250","8000","150","","30","","","","","","","1","","-1","","100","","","1","","true","","","","","","","","","","","","HookTimeProjectile_lvl1","","","","","","","","","","","","","","","","","","","sc/ui.sc","icon_bonus_skill_subway_hook_ingame","icon_bonus_skill_blue_subway_hook_ingame","","","","subway_skill_pogopull_sound","","","","","","","","","","","","","","","","","","","","","","","","","","","","","","","","","","","","","","","",""
"BoomBox_1","Attack","bonusSkill","","true","true","","","250","8000","150","","22","","","","","","2000","1","800","-1","","100","0","","1","","true","","","","","","1","3","","","","","BoomBoxProjectile","","","","","","","","","","","","","","","","","","","sc/ui.sc","icon_bonus_skill_subway_boombox_ingame","icon_bonus_skill_blue_subway_boombox_ingame","","barkeep_attack","","","","","","","","","","","","","","","","","","","","","","","","","","","","","","","","","","","","","","","","","",""
"SuperSneakers_2","Charge","bonusSkill","","","true","1","","5000","6000","","","12","","","","","","","1","","-1","","","","","","","","","","","6000","11","","","","","","","","","","","","SuperSneakersSpeed","","","","","","","","","","","","","","sc/ui.sc","icon_bonus_skill_subway_sneakers_ingame","icon_bonus_skill_blue_subway_sneakers_ingame","","","","jump_smoke_sb","","","","","","","","","","","","","","","","","","","","","","","","","","","","","","","","","","","","","","","",""
"BrawlersMagnet_2","Attack","bonusSkill","","true","true","","","250","8000","150","","18","","","","","","","1","","-1","","100","","","1","","true","","","","","","","","","","","","BrawlersMagnetProjectile1_lvl1","","","","","","","","","","","","","","","","","","","sc/ui.sc","icon_bonus_skill_subway_magnet_ingame","icon_bonus_skill_blue_subway_magnet_ingame","","gene_def_ulti","","","","","","","","","","","","","","","","","","","","","","","","","","","","","","","","","","","","","","","","","",""
"TrainMode_2","Charge","bonusSkill","","","true","","","50","6000","","","15","","","","","","","1","1000","-1","","","","","","","","","130","","2500","30","","","","","false","","","","","","","","","","","","","","","","","","","","","sc/ui.sc","icon_bonus_skill_subway_signal_ingame","icon_bonus_skill_blue_subway_signal_ingame","","","","subway_skill_hoverboard","","","","","","","","","Rhinostep","","1","","","","","","","","","","","","","","","","","","","","","","","","","","","","",""
"Jetpack_2","Attack","bonusSkill","","true","true","1","3","50","20000","2500","","7","","","","","","","1","200","-1","","200","0","12","1","","","","","","1600","15","","","","","","true","JetpackProjectileDamageAndSlow","","","","","","","","","","","","","","","","","","","sc/ui.sc","icon_bonus_skill_subway_jetpack_ingame","icon_bonus_skill_blue_subway_jetpack_ingame","","","","subway_skill_jetpack_pole","","","","","","","","","","","","","","","","","","","","","","","","","","","","","","","","","","1","","","TRUE","","",""
"SignalStrike_2","Attack","bonusSkill","","true","true","","","300","3500","150","","30","","","","","","1450","1","750","-1","","150","","","1","","true","","","","","","","","","","","","SignalStrikeProjectile","","","","","","","","","","","","","","","","","","","sc/ui.sc","icon_bonus_skill_subway_train_ingame","icon_bonus_skill_blue_subway_train_ingame","","jaeyong_def_atk2","","","","","","","","","","Jae_Hyper_Music","","","1","AlternatorWeaponHeal","","","","","","","","","","","","","","","","","","","","","","","","","","","",""
"EnfOfLine_2","Attack","bonusSkill","","true","true","","","250","10000","150","","23","","","","","1","2000","1","500","-1","","100","0","","1","","true","","","","","","","","","","","","EndOfLineProjectile","","","","","","","","","","","","","","","","","","","sc/ui.sc","icon_bonus_skill_subway_endofline_ingame","icon_bonus_skill_blue_subway_endofline_ingame","","sprout_def_ulti","","","","","","","","","","","","","1","","","","","","","","","","","","","","","","","","","","","","","","","","","","",""
"HookyTime_2","Attack","bonusSkill","","true","true","","","250","6000","150","","30","","","","","","","1","","-1","","100","","","1","","true","","","","","","","","","","","","HookTimeProjectile_lvl1","","","","","","","","","","","","","","","","","","","sc/ui.sc","icon_bonus_skill_subway_hook_ingame","icon_bonus_skill_blue_subway_hook_ingame","","","","subway_skill_pogopull_sound","","","","","","","","","","","","","","","","","","","","","","","","","","","","","","","","","","","","","","","",""
"BoomBox_2","Attack","bonusSkill","","true","true","","","250","8000","150","","22","","","","","","2000","1","800","-1","","100","0","","1","","true","","","","","","1","3","","","","","BoomBoxProjectile_lvl2","","","","","","","","","","","","","","","","","","","sc/ui.sc","icon_bonus_skill_subway_boombox_ingame","icon_bonus_skill_blue_subway_boombox_ingame","","barkeep_attack","","","","","","","","","","","","","","","","","","","","","","","","","","","","","","","","","","","","","","","","","",""
"SuperSneakers_3","Charge","bonusSkill","","","true","1","","5000","6000","","","12","","","","","","","1","","-1","","","","","","","","","","","6000","11","","","","","","","","","","","","SuperSneakersSpeed","","","","","","","","","2000","200","","","","sc/ui.sc","icon_bonus_skill_subway_sneakers_ingame","icon_bonus_skill_blue_subway_sneakers_ingame","","","","jump_smoke_sb","","","","","","","","","","","","","","","","","","","","","","","","","","","","","","","","","","","","","","","",""
"BrawlersMagnet_3","Attack","bonusSkill","","true","true","","","250","8000","150","","18","","","","","","","1","","-1","","100","","","1","","true","","","","","","","","","","","","BrawlersMagnetProjectile1_lvl3","","","","","","","","","","","","","","","","","","","sc/ui.sc","icon_bonus_skill_subway_magnet_ingame","icon_bonus_skill_blue_subway_magnet_ingame","","gene_def_ulti","","","","","","","","","","","","","","","","","","","","","","","","","","","","","","","","","","","","","","","","","",""
"TrainMode_3","Charge","bonusSkill","","","true","","","50","6000","","","15","","","","","","","1","1000","-1","","","","","","","","","130","","2500","30","","","","","false","","","","","","","","","TrainModeAreaEffect","true","","","","","","","","","","","sc/ui.sc","icon_bonus_skill_subway_signal_ingame","icon_bonus_skill_blue_subway_signal_ingame","","","","subway_skill_hoverboard_faint","","","","","","","","","Rhinostep","","1","","","","","","","","","","","","","","","","","","","","","","","","","","","","",""
"Jetpack_3","Attack","bonusSkill","","true","true","1","3","50","20000","2500","","7","","","","","","","1","200","-1","","100","0","12","1","","","","","","1600","15","","","","","","true","JetpackProjectileDamageAndSlow","","","","","","","","","","","","","","","","","","","sc/ui.sc","icon_bonus_skill_subway_jetpack_ingame","icon_bonus_skill_blue_subway_jetpack_ingame","","","","subway_skill_jetpack_pole","","","","","","","","","","","","","","","","","","","","","","","","","","","","","","","","","","1","","","TRUE","","",""
"SignalStrike_3","Attack","bonusSkill","","true","true","","","300","3500","150","","30","","","","","","1450","1","750","-1","","150","","","1","","true","","","","","","","","","","","","SignalStrikeProjectile_lvl3","","","","","","","","","","","","","","","","","","","sc/ui.sc","icon_bonus_skill_subway_train_ingame","icon_bonus_skill_blue_subway_train_ingame","","jaeyong_def_atk2","","","","","","","","","","Jae_Hyper_Music","","","1","AlternatorWeaponHeal","","","","","","","","","","","","","","","","","","","","","","","","","","","",""
"EnfOfLine_3","Attack","bonusSkill","","true","true","","","250","10000","150","","23","","","","","1","2000","1","500","-1","","100","0","","1","","true","","","","","","","","","","","","EndOfLineProjectile_lvl3","","","","","","","","","","","","","","","","","","","sc/ui.sc","icon_bonus_skill_subway_endofline_ingame","icon_bonus_skill_blue_subway_endofline_ingame","","sprout_def_ulti","","","","","","","","","","","","","1","","","","","","","","","","","","","","","","","","","","","","","","","","","","",""
"HookyTime_3","Attack","bonusSkill","","true","true","","","250","6000","150","","30","","","","","","","1","","-1","","100","","","1","","true","","","","","","","3","","","","","HookTimeProjectile_lvl3","","","","","","","","","","","","","","","","","","","sc/ui.sc","icon_bonus_skill_subway_hook_ingame","icon_bonus_skill_blue_subway_hook_ingame","","","","subway_skill_pogopull_sound","","","","","","","","","","","","","","","","","","","","","","","","","","","","","","","","","","","","","","","",""
"BoomBox_3","Attack","bonusSkill","","true","true","","","250","8000","150","","22","","","","","","2000","1","800","-1","","100","0","","1","","true","","","","","","1","","","","","","BoomBoxProjectile_lvl3","","","","","","","","","","","","","","","","","","","sc/ui.sc","icon_bonus_skill_subway_boombox_ingame","icon_bonus_skill_blue_subway_boombox_ingame","","barkeep_attack","","","","","","","","","","","","","","","","","","","","","","","","","","","","","","","","","","","","","","","","","",""
"PlaceholderSkillParry","Attack","bonusSkill","","true","true","","","250","8000","150","","22","","","","","","2000","1","0","-1","","100","0","","1","","true","","","","","","1","","","","","","","","","","","","","","","","","","","","","","","","","sc/ui.sc","icon_bonus_skill_subway_boombox_ingame","icon_bonus_skill_blue_subway_boombox_ingame","","barkeep_attack","","","","","","","","","","","","","","","","","","","","","","","","","","PlaceholderParryStatusEffect","","","","","","","","","","","","","","","",""
"PlaceholderSkillBlink","BlinkToPlaceholder","bonusSkill","","","true","","","100","7000","","","22","","","","","1","","1","0","-1","","","","","","","","","","","","","","","","","","","","","","","","","","","","","","","","","","","","","","","","","","","","","","","","","","","","","","","","","","","","","","","","","","","","","","","","","","","","","","","","","","","",""
"DancerWeaponSingle","Attack","weapon","","true","true","","","250","","150","","24","","","","","","1400","3","800","-1","","150","","","1","","true","","","","","","","","","","","","DancerProjectileSingle","","","","","","","","","","","","","","","","","","","","","","","mina_def_atk1","","","","","","","","","","","","","5","DancerWeaponDouble","DancerWeaponTriple","","","","","","","true","","","","","","","","","","","","","","","","","","","",""
"DancerWeaponDouble","Attack","weapon","","true","true","","","250","","150","","18","","","","","","1400","3","1000","-1","","150","","","1","","true","","","","","","","","","","","","DancerProjectileDouble","","","","","","","","","","","","","","","","","","","","","","","mina_def_atk2","","","","","","","","","","","","","5","DancerWeaponTriple","","","","","","","","true","","","","","","","","","","","","","","","","","","","",""
"DancerWeaponTriple","Attack","weapon","","true","true","","","250","","150","500","14","","","","","","1400","3","1800","-1","","150","130","","3","","true","","","","","","","","","","","","DancerProjectileTriple","","","","","","","","","","","","","","","","","","","","","","","mina_def_atk3","","","","","","","","","","","","","5","DancerWeaponSingle","","","","","","","","true","","","","","","","","","","","","","","","","","","","",""
"DancerUlti","Attack","ulti","","true","true","","","50","","200","","21","","","","","","","","1000","-1","","200","","","1","","true","","","","","","","","","","","","DancerProjectileUlti","","","","","","","","","","","","","","","","","","","","","","","mina_def_ulti","","","","","","","","","","","","","","","","","","","","","","","","","","","","","","","","","","","","","","","","","",""
"DancerOverchargedUlti","Attack","overchargedUlti","","true","true","","","50","","200","","21","","","","","","","","1000","-1","","200","170","","3","","true","","","","","","","","","","","","DancerOverchargedProjectileUlti","","","","","","","","","","","","","","","","","","","","","","","mina_def_ulti","","","","","","","","","","","","","","","","","","","","","","","","","","","","","","","","","","","","","","","","","",""
"FuryWeapon","Attack","weapon","","true","true","","","250","","300","","22","","","","","","1800","3","950","-1","","300","0","","1","","true","","","","","","","","","","","","FuryProjectile","","","","","","","","","","","","","","","","","","","","","","","ziggy_def_atk","","","","","","","","","","","","","1","FuryWeaponSp","","","","","","","","true","","","","","","","","","","","AimIndirectAsFlat","","","","","","","","",""
"FuryWeaponSp","Attack","weapon","","true","true","","","250","","300","","22","","","","","","1900","3","1130","-1","","300","0","","1","","true","","","","","","","","","","","","FuryProjectileCrit","","","","","","","","","","","","","","","","","","","","","","","ziggy_def_atk","","","","","","","","","","","","","5","FuryWeapon","","","","","","","","true","","","","","","","","","","","AlwaysCriticalHit;AimIndirectAsFlat","","","","","","","","",""
"FuryUlti","Attack","ulti","","","true","","2","150","","300","200","40","","","","true","","100","1","700","-1","","300","","","1","","true","","","","","","","","","","true","","FuryUltiProjectile","FuryOverchargedUltiProjectile","","","","","","","","","","","","","","","","","","","","","","ziggy_def_ulti","","","","","","","","","","","","","","","","","","","","","","","","","","","","","","","","","","","","","","","","","",""
"MegaBossTrickshotWeapon","Attack","weapon","","","true","","1","100","","1200","","25","","","","","","1200","3","300","-1","","500","150","","3","","true","","","","","","","","","","true","","MegaBossTrickshotDudeProjectile","","","","","","","","","","","","","","","","","","","","","","","rico_def_atk","rico_008_hc_atk","","","","","","","","","","","","","","","","","","","","","true","","","","","","","","","","","","","","","","","","","",""
"MegaBossTrickshotDudeUlti","Attack","weapon","","","true","","","100","","1500","","25","","","","","","","","500","-1","","500","200","","3","","true","","","","","","","","","","true","","MegaBossTrickshotDudeUltiProjectile","","","","","","","","","","","","","","","","","","","","","","","rico_def_ulti","rico_008_hc_ulti","","","","","","","","","","","","","","","","","","","","","","","","","","","","","","","","","","","","","","","","",""
"MegaBossTrickshotWeaponSecond","Attack","weapon","","","true","","","100","","3200","","25","","","","","","","","800","-1","","1500","250","","3","","true","","","","","","","","","","true","","MegaBossTrickshotDudeProjectileLarge","","","","","","","","","","","","","","","","","","","","","","","rico_def_ulti","rico_008_hc_ulti","","","","","","","","","","","","","","","","","","","","","","","","","","","","","","","","","","","","","","","","",""
"MegaBossTrickshotPushAway","Attack","weapon","","","","","1","100","","1000","","10","","","","","","500","1","","-1","","500","360","","1","","true","","200","","","","","","","","true","","","","","","","MegaTrickshotDude360PushAwayBullet","","MegaTrickshotDude360PushAwayArea","","","","","","","","","","","","","","","","","","","","","","","","","","","","","","","","","","","","","","true","","","","","","","","","","","","","","","","","","","",""
"MegaBossTrickshotDude360Madness","Attack","weapon","","","","","1","100","","3000","","20","","","","","","1000","1","","-1","","3000","360","","1","","true","","","","","","","","","","true","","","","","","","MegaTrickshotDude360Madness","","MegaBossTrickShotDestroyArea","","","","","","","","","","","","","","","","","","","","","","","","","","","","","","","","","","","","","","true","","","","","","","","","","","","","","","","","","","",""
"MegaBossTrickshotUltraSuper","Attack","weapon","","","true","","","50","","5500","","40","","","","","","","","800","-1","","2500","300","","3","","true","","","","","","","","","","true","","MegaBossTrickshotDudeProjectileLargeExtra","","","","","","","","","","","","","","","","","","","","","","","rico_def_ulti","rico_008_hc_ulti","","","","","","","","","","","","","","","","","","","","","","","","","","","","","","","","","","","","","","","","",""
"MegaBossCactusPushAway","Attack","weapon","","","true","","1","50","","700","","8","","","","","","800","1","800","-1","","600","300","","1","","","","400","","2000","","","","","","","","","","","","","MegaBossCactusPushAwayArea","","MegaBossCactusPushAwaySpike","","","","","","","","","","","","","","","","","","","","","","","","","","","","","","","","","","","","","","true","","","","","","","","","","","","","","","","","","","",""
"MegaBossCactusWeapon","Attack","weapon","","","true","","","250","","150","","30","","","","","","2000","3","500","-1","","100","","","1","","true","","","","","","","","","","","","MegaBossCactusProjectile","","","","","","","","","","","","","","","","","","","","","","","cactus_attack","","","","","","","","","","","","","","","","","","","","","","true","","","","","","","","","","","","","","","","","","","",""
"MegaBossCactusUlti","Attack","ulti","","","true","","","250","","2000","","25","","","","","","","","800","-1","","400","130","9","1","","true","","","","","","","","","","","","MegaBossCactusUltiProjectile","","","","","","","","","","","","","","","","","","","","","","","cactus_attack_ulti","","","","","","","","","","","","","","","","","","","","","","","","","","","","","","","","","","","","","","","","","",""
"MegaBossCactusSecondWeapon","Attack","weapon","","","true","","","250","","150","","30","","","","","","2000","3","500","-1","","100","130","","3","","true","","","","","","","","","","","","MegaBossCactusProjectileSecond","","","","","","","","","","","","","","","","","","","","","","","cactus_attack","","","","","","","","","","","","","","","","","","","","","","true","","","","","","","","","","","","","","","","","","","",""
"MegaTickWeapon","Attack","weapon","","","true","","1","250","","150","","15","","","","","","2400","3","500","-1","","100","","","1","","true","","","","","","","","","","true","","MegaTickProjectile","","","","","","","","","","","","","","","","","","","","","","","tick_def_atk","","","","","","","","","","","","","","","","","","","","","","true","","","","","","","","","","","","","","","","","","","",""
"MegaTickUlti","Attack","ulti","","","true","","","50","","4000","100","15","","","","","1","","","","-1","","500","360","10","1","","true","","","","","","1","20","","","true","","MegaTickSummonProjectile","","","MegaBossClusterBombPetSmall","","","","","","","","","","","","","","","","","","","","","","tick_def_ulti","","","","","","","","","","","","","","","","","","","","","","","","","","","","","","","","","","","","","","","",""
"MegaTickWeaponSecond","Attack","ulti","","","true","","","200","","500","","30","","","","","","","","800","-1","","500","0","","1","","true","","","","","","","","","","","","MegaTickSecondProjectile","","","","","","","","","","","","","","","","","","","","","","","cactus_attack_ulti","","","","","","","","","","","","","","","","","","","","","","","","","","","","","","","","","","","","","","","","","",""
"MegaTickUltiMid","Attack","ulti","","","true","","","50","","1200","100","15","","","","","1","","","","-1","","400","360","10","1","","true","","","","","","1","10","","","","","MegaTickSummonProjectileMid","","","MegaBossClusterBombPetMid","","","","","","","","","","","","","","","","","","","","","","tick_def_ulti","","","","","","","","","","","","","","","","","","","","","","","","","","","","","","","","","","","","","","","",""
"MegaTickUltiLarge","Attack","ulti","","","true","","","50","","250","","25","","","","","1","","","","-1","","200","","","1","","true","","","","","","1","3","","","","","MegaTickSummonProjectileLarge","","","MegaBossClusterBombPetBig","","","","","","","","","","","","","","","","","","","","","","tick_def_ulti","","","","","","","","","","","","","","","","","","","","","","","","","","","","","","","","","","","","","","","",""
"MegaTickPushAway","Attack","weapon","","","true","","1","50","","700","","5","","","","","","800","1","800","-1","","600","300","","1","","","","50","","2000","","","","","","","","","","","","","MegaTickPushAwayArea","","MegaTickPushAwayBoom","","","","","","","","","","","","","","","","","","","","","","","","","","","","","","","","","","","","","","true","","","","","","","","","","","","","","","","","","","",""
"MegaBossCrowWeapon","Attack","weapon","","","true","","1","250","","1000","","40","","","","","","1400","3","300","-1","","500","200","","6","","true","","","","","","","","","","true","","MegaBossCrowProjectile","","","","","","","","","","","","","","","","","","","","","","","crow_attack","","","","","","","","","","","","","","","","","","","","","","true","","","","","","","","","","","","","","","","","","","",""
"MegaBossCrowUltiBack","Charge","ulti","","","true","","","50","","","","18","","","","","","","","300","-1","","","","","","","","","0","","3000","2","","","","","true","","","","","","","MegaBossCrowJumpKnifesSmall","","","","","","","","","","","","","","","","","","","","crow_ulti","","","","","","","","","","","","","","","","","","","","","","","","","","","","","","","","","","","","","","","",""
"MegaBossCrowUlti","Charge","ulti","","","true","","","50","","","","18","","","","","","","","300","-1","","","","","","","","","0","","3000","2","","","","","","","","","","","","MegaBossCrowJumpKnifesSmallMore","","","","","","","","","","","","","","","","","","","","crow_ulti","","","","","","","","","","","","","","","","","","","","","","","","","","","","","","","","","","","","","","","",""
"MegaBossCrowSecondWeapon","Attack","weapon","","","true","","1","250","","1500","","40","","","","","","1400","3","300","-1","","250","50","10","1","","true","","","","","","","","","","true","","MegaBossCrowProjectile","","","","","","","","","","","","","","","","","","","","","","","crow_attack","","","","","","","","","","","","","","","","","","","","","","true","","","","","","","","","","","","","","","","","","","",""
"MegaBossCrowPushAway","Attack","weapon","","","true","","1","50","","700","","7","","","","","","800","1","800","-1","","600","300","","1","","","","400","","2000","","","","","","","","","","","","","MegaBossCrowJumpKnifesPushAway","","MegaBossCrowJumpKnifesPushAwayArea","","","","","","","","","","","","","","","","","","","","","","","","","","","","","","","","","","","","","","true","","","","","","","","","","","","","","","","","","","",""
"MegaBossCrowSecondUlti","Attack","weapon","","true","true","","","250","","500","","50","","","","","","2000","3","500","-1","","500","0","","1","","true","","","","","","","","","","","","MegaBossCrowSwampProjectileLarge","","","","","","","","","","","","","","","","","","","","","","","","","","","","","","","","","","","","","","","","","","","","","true","","","","","","","","","","","","","","","","","","","",""
"MegaBossSplitterAtk","Attack","weapon","","","","","1","500","","","","10","","","","","","1800","3","500","-1","","1000","","","","","","","80","","","","","","","","","","","","","","","MegaSplitterLegsDamageArea","","","","","","follow","","","","","","","","","","","","luchador_attack","","","","","","","","","","","","","1","","","","","","","","","true","","","","","","","","","","","","","","","","","","","",""
"MegaBossSplitterAtkPushAway","Attack","weapon","","","","","1","500","","","","10","","","","","","1800","3","500","-1","","1000","","","","","","","80","","","","","","","","","","","","","","","MegaSplitterLegsDamageAreaPushAway","","MegaSplitterLegs360Chain2","","","","follow","","","","","","","","","","","","luchador_attack","","","","","","","","","","","","","1","","","","","","","","","true","","","","","","","","","","","","","","","","","","","",""
"MegaBossSplitterWeapon","Attack","weapon","","","true","","","2000","","1700","","30","","","","","","1500","3","500","-1","","170","360","2","1","","true","","","","","","","","","","","","MegaBossSplitterProjectile","","","","","","","","","","","","","","","","","","","","","","","arcade_def_atk","","","","","","","","","","","","","1","","","","","","","","","true","","","","","","","","","","","","","","","","","","","",""
"MegaBossSplitterUlti360","Attack","weapon","","","","","1","250","","3000","","200","","","","","","1800","3","500","-1","","1000","","","","","","","","","","","","","","","","","","","","","","MegaSplitterLegs360","","","","","","follow","","","","","","","","","","","","luchador_attack","","","","","","","","","","","","","","","","","","","","","","true","","","","","","","","","","","","","","","","","","","",""
"MegaBossSplitterWeaponRange","Attack","weapon","","","true","","","500","","2000","","200","","","","true","","1500","3","800","-1","","2000","0","","1","","true","","","","","","","","","","true","","MegaBossSplitterProjectilePierce","","","","","","","","","","","","","","","","","","","","","","","arcade_def_atk","","","","","","","","","","","","","1","","","","","","","","","true","","","","","","","","","","","","","","","","","","","",""
"MegaBossSplitterLegDefence","AreaBuff","ulti","","","true","","2","250","","3000","","200","","","","","","","","100","-1","","100","120","","","","","620","","","","","","","","","","","ShieldTankUltiProjectile","ShieldTankOverchargedUltiProjectile","","","","","","","","","","","","","5000","200","","","","","","","","","","","","","","buff_shield_boss","","","","","","","","","","","","true","","","","","","","","","","","","","","","","","","","","","","","",""
"MegaBossSplitterSpawnRobotsShoot","Attack","weapon","","","true","","1","150","","1000","","60","","","","","","1000","1","","-1","","1000","","","1","","true","","","","","","","","","","","","MegaBossSplitterSpawnRobotsShoot","","","","","","","","","","","","","","","","","","","","","","","","","","","","","","","","","","","","","","","","","","","","","true","","","","","","","","","","","","","","","","","","","",""
"MegaBossSplitterSpawnRobotsThrow","Attack","weapon","","","true","","1","150","","1000","","60","","","","","","1000","1","","-1","","1000","","","1","","true","","","","","","","","","","","","MegaBossSplitterSpawnRobotsThrow","","","","","","","","","","","","","","","","","","","","","","","","","","","","","","","","","","","","","","","","","","","","","true","","","","","","","","","","","","","","","","","","","",""
"MegaBossSplitterCharge","Charge","weapon","","","true","","1","50","","","","22","","","","","","","","500","-1","","","","","","","","","80","","2000","1","","","","","true","","","","","","","MegaSplitterLegsDamageArea","","","","","","","","","","","","","","","","","","","","","","","","samurai_mega_atk4_charge_rush","","","","","","","","","","","","","","","","true","","","","","","","","","","","","","","","","","","","",""
"MegaKenjiSpawnKenji","Attack","weapon","","true","true","","1","150","","800","","30","","","","","","1500","1","500","-1","","800","","","1","","true","","","","","","","","","","","","MegaKenjiProjectileSpawnKenji","","","","","","","","","","","","","","","","","","","","","","","","","","","","","","","","","","","","","","","","","","","","","true","","","","","","","","","","","","","","","","","","","",""
"MegaBossCactusPet","Attack","weapon","","","true","","1","150","","2400","","60","","","","","","500","1","","-1","","800","180","10","1","","true","","","","","","","","","","","","MegaBossSpikeSummonPet","","","","","","","","","","","","","","","","","","","","","","","","","","","","","","","","","","","","","","","","","","","","","true","","","","","","","","","","","","","","","","","","","",""
"MegaBossCactusCharge","Charge","weapon","","","true","","1","50","","","","30","","","","","","","","800","-1","","","","","","","","","80","","1500","1","","","","","","","","","","","","MegaCactusUltiExplosionLarge","","","","","","","","","","","","","","","","","","","","","","","","samurai_mega_atk4_charge_rush","","","","","","","","","","","","","","","","true","","","","","","","","","","","","","","","","","","","",""
"ActorPlaceholder","Attack","bonusSkill","","true","true","","","300","12000","150","","24","","","","","","1450","1","0","-1","","150","","","1","","true","","","","","","","","","","","","ActorPlaceholderProjectile","","","","","","","","","","","","","","","","","","","sc/ui.sc","button_ulti_skull","button_ulti_blue_skull","","jaeyong_def_atk2","","","","","","","","","","","","","","","","","","","","","","","","","","","","","","","","","","","","","","","","","",""
"BulletstormWeapon","Attack","weapon","","true","true","","","500","","150","","30","","","","","","","3","950","-1","","100","","","1","","true","","","","","","","","","","","","BulletstormProjectile","","","","","","","","","","","","","","","","","","","","","","","pierce_def_atk","","","","","","","","","","","","","1","BulletstormWeaponLastShot","","","","","","","","true","","","","","","","","","","","","","","","","","","","",""
"BulletstormWeaponLastShot","Attack","weapon","","true","true","","","500","","150","","30","","","","","","","3","1500","-1","","100","","","1","","true","","","","","","","","","","","","BulletstormLastShotProjectile","","","","","","","","","","","","","","","","","","","","","","","pierce_def_atk_last","","","","","","","","","","","","","1","","","","","","","","","true","","","","","","","","","","","AlwaysCriticalHit","","","","","","","","",""
"BulletstormUlti","Attack","ulti","","true","true","","","250","","300","","25","","","","","","","","","-1","","300","","","1","","true","","","","","","","","","","","","BulletstormUltiProjectile","BulletstormUltiOverchargedProjectile","","","","","","","","","","","","","","","","","","","","","","","","","","","","","","","","","","","","","","","","","","","","","","","","","","","","","","","AimIndirectAsFlat","","","","","","","","",""
"DaredevilWeapon","RapidFireArea","weapon","","true","","","","","","190","","10","","","","","","220","10","600","-1","","660","","","","","true","","","","","","","","","","","","","","","","","DaredevilDamageArea","","","","","","follow","","","","","","","","","","","","","","","","gigi_def_atk_spin_end","","gigi_def_atk_spin","","","","","","","1","","","","","","","","true","true","","","","DaredevilWeaponSpeedup","","","","","","","AllowReactivation","","","15","","","","","",""
"DaredevilUlti","Blink","ulti","DaredevilOverchargedUlti","","true","","","100","","","800","22","","","","","1","","","1300","-1","","","","","","","","","","","","","","","","","","","","","","","","DaredevilUltiNoDamageLeave","","DaredevilUltiNoDamageEnter","true","DaredevilUltiNoDamageLeave","DaredevilOverchargedUltiDamage","","","","","","","","","","","","gigi_def_ulti_casting","","","","","","","","","","","","","","7","DaredevilUltiReturn","","","","","","","","","","","","","","","","","","","","","","","","","","","",""
"DaredevilUltiReturn","BlinkReturn","ulti","DaredevilOverchargedUltiReturn","","","","","100","","","","","","","","","1","","","1300","-1","","","","","","","","","","","","","","","","","","","","","","","","DaredevilUltiDamage","","DaredevilUltiNoDamageEnter","true","DaredevilOverchargedUltiDamage","DaredevilUltiNoDamageEnter","","","","","","","","","","","","","","","","","","","","","","","","","","5","DaredevilUlti","","","","","","","","","","","","","","","","","","","","","","","","","","","",""
"MegaBossFrankAttackPushAway","Attack","weapon","","","true","","","50","","1200","","10","","","","","","","","1240","-1","","1100","270","","6","","","","","","","","","","","","","","MegaBossFrankProjectile","HammerDudeOverchargedUltiProjectile","","","","","","","","","","","","","","","","","","","","","","frank_boss_atk_red","frank_def_oc_ulti","hammer_dude_start_ulti","frank_def_oc_atk_trail","","","","","","","","","","","","","","","","","","","","","","","","","","","","","","","","","","","","","","",""
"MegaBossFrankAttackHammer","Attack","weapon","","","true","","1","100","","1000","","30","","","","","","1800","3","1160","-1","","900","270","","6","","","","","","","","","","","","","","MegaBossFrankProjectile","","","","","","","","","","","","","","","","","","","","","","","frank_boss_atk_red","","hammer_dude_start_ulti","","","","","","","","","","","","","","","","","","","","true","","","","","","","","","","","","","","","","","","50","",""
"MegaBossFrankAttackUlti","Attack","weapon","","","true","","","150","","1750","","35","","","","","","","","1500","-1","","1400","","25","12","","","","","","","","","","","","","","MegaBossFrankProjectile","HammerDudeOverchargedUltiProjectile","","","","","","","","","","","","","","","","","","","","","","frank_boss_atk_red","frank_def_oc_ulti","hammer_dude_start_ulti","frank_def_oc_atk_trail","","","","","","","","","","","","","","","","","","","","","","","","","","","","","","","","","270","","","","75","",""
"MegaBossFrankAttackCharge","Charge","weapon","","","true","","1","100","","150","","35","","","","","","","","1750","-1","","","","","","","","","150","","1500","1","","","","","true","","","","","","","","","","","","","","","","","","","","","","","","","","","","","","","frank_boss_rush","","","","","","","","","","","","","","","","true","","","","","","","","","","","","","","","","","","","",""
"MegaBossFrankAttackHyper","Attack","weapon","","","true","","","100","","1200","","40","","","","","","","","1500","-1","","1100","0","19","14","","","","","","","","","","","","","","MegaBossFrankUltiProjectile","HammerDudeOverchargedUltiProjectile","","","","","","","","","","","","","","","","","","","","","","frank_def_oc_ulti","frank_def_oc_ulti","frank_def_oc_atk_trail","frank_def_oc_atk_trail","","","","","","","","","","","","","","","","","","","","","","","","","","","","","","","","","","","","","","",""
"MegaBossFangPushAway","Attack","weapon","","","true","","","50","","1200","","21","","","","","","","","1240","-1","","1100","130","","4","","","","","","","","","","","","","","HammerDudeUltiProjectile","HammerDudeOverchargedUltiProjectile","","","","","","","","","","","","","","","","","","","","","","hammer_dude_ulti","frank_def_oc_ulti","hammer_dude_start_ulti","frank_def_oc_atk_trail","","","","","","","","","","","","","","","","","","","","","","","","","","","","","","","","","","","","","","",""
"MegaBossFangAttack2","Attack","weapon","","true","true","","2","250","","500","","8","","","","","","1000","3","1360","-1","","500","","","1","","true","","","","","","","","","","","","KickerDudeProjectile","","","","","","","","","","","","","","","","","","","","","","","fang_def_atk","","","","","","","","","","","","","","","","","","","","","","true","","","","","","","","","","","","","","","","","","","",""
"MegaBossFangAttack3","Charge","ulti","","","true","","2","250","","","","30","","","","","","","","1500","-1","","","","","","","","","0","","4000","8","","","","","true","","","","","","","","","","","","","","","","","","","","","","","","","","","","","","","fang_def_ulti","fang_def_ulti_cover","fang_def_ulti_overcharged","fang_def_ulti_cover_overcharged","","Rhinostep","","","","","","","","","","","","","","","","","","","","","","","","","","","","","","",""
"MegaBossFangAttack4","Attack","weapon","","true","true","","2","250","","500","","8","","","","","","1000","3","1360","-1","","500","","","1","","true","","","","","","","","","","","","KickerDudeProjectile","","","","","","","","","","","","","","","","","","","","","","","fang_def_atk","","","","","","","","","","","","","","","","","","","","","","true","","","","","","","","","","","","","","","","","","","",""
"MegaBossFangAttack5","Charge","ulti","","","true","","2","250","","","","30","","","","","","","","1500","-1","","","","","","","","","0","","4000","8","","","","","true","","","","","","","","","","","","","","","","","","","","","","","","","","","","","","","fang_def_ulti","fang_def_ulti_cover","fang_def_ulti_overcharged","fang_def_ulti_cover_overcharged","","Rhinostep","","","","","","","","","","","","","","","","","","","","","","","","","","","","","","",""
"MegaBossEmzPushAway","Attack","weapon","","","true","","","50","","1200","","21","","","","","","","","1240","-1","","1100","130","","4","","","","","","","","","","","","","","HammerDudeUltiProjectile","HammerDudeOverchargedUltiProjectile","","","","","","","","","","","","","","","","","","","","","","hammer_dude_ulti","frank_def_oc_ulti","hammer_dude_start_ulti","frank_def_oc_atk_trail","","","","","","","","","","","","","","","","","","","","","","","","","","","","","","","","","","","","","","",""
"MegaBossEmzAttack2","Attack","weapon","","true","true","","","250","","150","","20","","","","","","2000","3","560","-1","","100","80","5","5","","true","","","","","","","","","","","","MummyProjectile","","","","","","","","","","","","","","","","","","","","","","","emz_def_atk","","","","","","","","","","","","","","","","","","","","","","true","","","","","","","","","","","","","","","","","","","",""
"MegaBossEmzAttack3","AreaBuff","ulti","","true","","","","50","","5000","","","","","","","","","","240","-1","","70","","","","","","","","","","","","","","","","","","","","","","MummyUltiArea","","","","MummyOverchargedUltiArea","MummyOverchargedUltiAreaPushBack","follow","","","","","","","","","","","","","","emz_def_ulti_use","","","","dummy_effect","","","","","","","","","","","","true","","","","","","","","","","","","","","","","","","","","","","","",""
"MegaBossEmzAttack4","Attack","weapon","","true","true","","","250","","150","","20","","","","","","2000","3","560","-1","","100","80","5","5","","true","","","","","","","","","","","","MummyProjectile","","","","","","","","","","","","","","","","","","","","","","","emz_def_atk","","","","","","","","","","","","","","","","","","","","","","true","","","","","","","","","","","","","","","","","","","",""
"MegaBossEmzAttack5","AreaBuff","ulti","","true","","","","50","","5000","","","","","","","","","","240","-1","","70","","","","","","","","","","","","","","","","","","","","","","MummyUltiArea","","","","MummyOverchargedUltiArea","MummyOverchargedUltiAreaPushBack","follow","","","","","","","","","","","","","","emz_def_ulti_use","","","","dummy_effect","","","","","","","","","","","","true","","","","","","","","","","","","","","","","","","","","","","","",""
"MegaBossDgPushAway","Attack","weapon","","","true","","1","50","","700","","3","","","","","","800","1","500","-1","","600","300","","1","","","","400","","2000","","","","","","","","","","","","","MegaBossDgPushBack","","","","","","","","","","","","","","","","","","","","boss_demogorgon_slash","","","","","","","","","","","","","","","","","","","","true","","","","","","","","","","","","","","","","","","","",""
"MegaBossDgAttackProjectile","Attack","weapon","","","true","","","500","","150","","10","","","","","","2300","3","1700","-1","","100","","","1","","true","","","","","","","","","","","","MegaBossDgProjectile","","","","","","","","","","","","","","","","","","","","","","","","","","","","","","","","","","","","","","","","","","","","","true","","","","","","","","","","","","","","","","","","","",""
"MegaBossDgAttackPortalSpawn","Attack","weapon","","","true","","1","150","","2400","","30","","","","","","1000","1","","-1","","800","360","10","1","","true","","","","","","","","","","","","MegaBossDgSpawn","","","","","","","","","","","","","","","","","","","","","","","","","","","","","","","","","","","","","","","","","","","","","true","","","","","","","","","","","","","","","","","","","",""
"MegaBossDgAttackArea","Attack","weapon","","","","","1","250","","150","","10","","","","","","1500","3","1500","-1","","1000","","","","","","","","","","","","","","","","","","","","","","MegaBossDgDamageArea","","","","","","follow","","","","","","","","","","","","","","","","","","","","","","","","","","","","","","","","","","true","","","","","","","","","","","","","","","","","","","",""
"MegaBossDgAttackCharge","Charge","weapon","","","true","","1","50","","","","15","","","","","","","","1000","-1","","","","","","","","","200","","2500","1","","","","","true","","","","","","","","","","","","","","","","","","","","","","","","","","","","","","","boss_demogorgon_rush","","","","","","","","","","","","","","","","true","","","","","","","","","","","","","","","","","","","",""
"MegaBossVecPushAway","Attack","weapon","","","true","","1","50","","700","","5","","","","","","800","1","2200","-1","","600","300","","1","","","","400","","2000","","","","","","","","","","","","","MegaBossVecPushBack","","","","","","","","","","","","","","","","","","","","boss_vecna_slash","","","","","","","","","","","","","","","","","","","","true","","","","","","","","","","","","","","","","","","","",""
"MegaBossVecAttackDropClock","Attack","ulti","","true","true","","","250","","150","","50","","","","","","","","500","-1","","150","","","1","","true","","","","","","","","","","","","MegaBossVecTeleport","","","","","","","","","","","","","","","","","","","","","","","cordelius_ulti_atk","cordelius_def_oc_muzzle","","","","","","","","","","","","1","AmbusherUlti2","","","","","","","","","","","","","","","","","","","","","","","","","","","",""
"MegaBossVecAttackRockExplosion","Attack","weapon","","","true","","1","50","","3200","","15","","","","","","1400","3","1000","-1","","600","400","18","1","","true","","","","","","","","","","","","MegaBossVecProjectileRockExplosion","","","","","","","","","","","","","","","","","","","","","","","","","","","","","","","","","","","","","","","","","","","","","true","","","","","","","","","","","","","","","","","","","",""
"MegaBossVecAttackFreeze","Attack","weapon","","","true","","1","50","","650","","30","","","","","","1400","3","360","-1","","600","0","","1","","true","","","","","","","","","","","","MegaBossVecProjectileFreeze","","","","","","","","","","","","","","","","","","","","","","","","","","","","","","","","","","","","","","","","","","","","","true","","","","","","","","","","","","","","","","","","","",""
"MegaBossVecAttackBigBlackhole","Attack","weapon","","","","","1","250","","3200","","30","","","","","","1500","3","2500","-1","","1000","","","","","","","","","","","","","","","","","","","","","","MegaBossVecBigBlackholeEffect","","","","","","follow","","","","","","","","","","","","","","","","","","","","","","","","","","","","","","","","","","true","","","","","","","","","","","","","","","","","","","",""
"MegaBossVecAttackBlackholeDistance","Attack","weapon","","","true","","1","50","","3000","","15","","","","","","1400","3","1200","-1","","3000","400","18","3","","true","","","","","","","","","","true","","MegaBossVecProjectileBlackholeDistance","","","","","","","","","","","","","","","","","","","","","","","","","","","","","","","","","","","","","","","","","","","","","true","","","","","","","","","","","","","","","","","","","",""
"EnragerPull","Attack","bonusSkill","","true","true","","","250","18000","150","","20","","","","","","","1","","-1","","100","","","1","","true","","","","","","","","","","","","EnragerPullProjectile","","","","","","","","","","","","","","","","","","","sc/ui.sc","icon_item_edgar_1","icon_item_edgar_1","","","","edgar_gadget1_throw","","","","","","","","","","","","","","","","","","","","","","","","","","","","","","","","","","","","","","","",""
"MegaBossFrankAoePull","Attack","ulti","","","","","1","250","","1500","","35","","","","","","","","","-1","","1000","","","","","","","","","","","","","","","","","","","","","","MegaBossFrankPullWarning","","","","","","follow","","","","","","","","","","","","","","driller_def_ulti_use","driller_def_overcharge_use","","","dummy_effect","","","","","","","","","","","","","","","","","","","","","","","","","","","","","","","","","","","",""
"MegaBossFrankSpawnAdds","Attack","weapon","","true","true","","1","150","","2400","","30","","","","","","1000","1","","-1","","800","360","10","1","","true","","","","","","1","","","","","","MegaBossFrankSpawnAdd","","","","","","","","","","","","","","","","","","","","","","","","","","","","","","","","","","","","","","","","","","","","","true","","","","","","","","","","","","","","","","","","","",""
"MegaBossFrankPetWeapon","Charge","weapon","","","true","","","0","","","","8","","","","","","2000","2","550","-1","","","","","","","","","","","2700","4","","","","","true","","","","","","","","","","","","","","","","","","","","","","","","","","","mortis_def_atk","","","","","","","","","","","","","","","","","","","","true","","","","","","","","","","","","","","","","","","","",""
"MegaBossFrankGroundSpikes","Attack","weapon","","true","","","1","150","","3500","","30","","","","TRUE","","100","1","","-1","","200","360","10","1","","true","","","","","","","","","","","","MegaBossFrankGroundSpikeProjectile","","","","","","","","","","","","","","","","","","","","","","","","","","","","","","","","","","","","","","","","","","","","","true","","","","","","","","","","","","","","","","","","75","",""
"MegaBossVecAttackSlowProjectile","Attack","ulti","","","true","","","500","","1200","","55","","","","","","","","800","-1","","200","180","18","1","","true","","","","","","","","","","","","MegaBossVecAttackSlowProjectile","","","","","","","","","","","","","","","","","","","","","","","","","","","","","","","","","","","","","","","","","","","","","","","","","","","","","","","","","","","","","","","","",""
"ShotgunGirlBuddyBonusSkill","Charge","bonusSkill","","","true","1","","5000","15000","","","12","","","","","","","1","","-1","","","","","","","","","","","6000","11","","","","","","","","","","","","","","","","","","","","","","","","","","sc/ui.sc","icon_item_shelly_1","","","","","jump_smoke_sb","","","","","","","","","","","","","","","","","","","","","","","","","","","","","","","","","","","","","","","",""
"ShotgunGirlOverchargedWeapon","Attack","weapon","","true","true","","","250","","150","","23","","","","","","1500","3","300","-1","","100","60","","5","","true","","","","","","","","","","","","ShellyOverchargedProjectile","ShellyOverchargedProjectile","","","","","","","","","","","","","","","","","","","","","","shelly_def_atk","","","","","","","","","","","","","","","","","","","","","","true","","","","","","","","","","","","","","","","","","","",""
"GunslingerOverchargedWeapon","Attack","weapon","","true","true","","","50","","370","","27","","","","","","1400","3","360","-1","","95","0","","1","true","true","","","","","","","","","","","","GunslingerOverchargedProjectile","GunslingerOverchargedProjectile","","","","","","","","","","","","","","","","","","","","","","colt_def_atk","","","","","","","","","","","","","","","","","","","","","","true","","","","","","","","","","","","","","","","","","","",""
"CactusOverchargedWeapon","Attack","weapon","","true","true","","","250","","150","","23","","","","","","2000","3","540","-1","","100","","","1","","true","","","","","","","","","","","","SpikeOverchargedProjectile","SpikeOverchargedProjectile","","","","","","","","","","","","","","","","","","","","","","cactus_attack","","","","","","","","","","","","","","","","","","","","","","true","","","","","","","","","","","","","","","","","","","",""
"MummyOverchargedWeapon","Attack","weapon","","true","true","","","250","","150","","20","","","","","","2000","3","560","-1","","100","100","5","5","","true","","","","","","","","","","","","MummyWeaponOverchargedProjectile","MummyWeaponOverchargedProjectile","","","","","","","","","","","","","","","","","","","","","","emz_def_atk","","","","","","","","","","","","","","","","","","","","","","true","","","","","","","","","","","","","","","","","","","",""
"HammerDudeOverchargedWeapon","Attack","weapon","","","true","","","50","","300","","18","","","","","","800","3","1160","-1","","200","130","","4","","","","","","","","","","","","","true","HammerDudeWeaponOverchargedProjectile","HammerDudeWeaponOverchargedProjectile","","","","","","","","","","","","","","","","","","","","","","hammer_dude_attack","","","","","","","","","","","","","","","","","","","","","","true","","","","","","","","","","","","","","","","","","35","",""
"UndertakerOverchargedWeapon","Charge","weapon","","","true","","","0","","","","8","","","","","","2400","3","500","-1","","","","","","","","","","","2700","4","","","","","true","","","","","","","MortisOverchargedBulletSpawner","true","","","","","","","","","","","","","","","","","","","mortis_def_atk","mortis_def_oc_atk","","","","","","","","","","","","","","","","","","","true","","","","","","","","","","","","","","","","","","","",""
"MenderWeapon","Attack","weapon","","true","true","","","200","","125","","22","","","","","","1700","3","280","-1","","100","","","1","","true","","","","","","","","","","","","MenderProjectile","","","","","","","","","","","","","","","","","","","","","","","glowbert_def_atk","","","","","","","","","","","","","","","","","","","","","","true","","","","","","","","","","","","","","","","","","","",""
"MenderUlti","Attack","ulti","","","true","","","150","","225","175","17","","","","","","","","750","-1","","150","220","","4","","","","","","","","","","","","","","MenderUltiProjectile","MenderUltiOverchargedProjectile","","","","","","","","","","","","","","","","","","","","","","","","glowbert_def_ulti","","","","","","","","","","","","","","","","","","","","","","","","","","","","","","","","","","","","","","","",""
"MenderGadgetSkillDashHeal","Charge","bonusSkill","","","true","1","","50","17000","","","13","","","","","","","1","","-1","","","","","","","","","","","2300","4","","","","","","","","","","","","","","MenderGadgetSkillHealArea","true","","","","","","","","","","","sc/ui.sc","icon_item_mender_1","","","","","glowbert_def_gadget_heal_trail","","","","","","","","","","","","","","","","","","","","","","","","","","","","","","","","","","","","","","","",""
"ShadowdemonWeapon","Attack","weapon","","true","true","","","300","","250","","22","","","","","","1600","3","600","-1","","250","","","2","","true","","","","","","","","","","","","ShadowdemonProjectileIndirect;ShadowdemonProjectileDirect","","","","","","","","","","","","","","","","","","","","","","","sirius_def_atk","","","","","","","","","","","","","","","","","","","","","","true","","","","","","","","","","","AlternateProjectiles","","","","","","","","",""
"ShadowdemonUltiCommand","Attack","ulti","","true","true","2","","50","","300","","30","","","","","","","","","-1","","","","","1","","true","","","","","","","","","","","","ShadowdemonUltiProjectile","","","","","","","","","","","","","","","","","","","sc/ui.sc","button_ulti_sirius","button_ulti_blue_sirius","","","","","","","","","","","","","","","3","ShadowdemonUltiSummon","","","","","","","","","","","","","","","","","","","AimIndirectAsFlat","","","","","","","","",""
"ShadowdemonUltiSummon","ShadowdemonSummon","ulti","","true","","","","50","","300","","","","","","","","","","","-1","","","","","","","","","","","","","","","","","","","","","","","","","","","","","","","","","","","","","","","","","","","","","","","","","","","","","","","5","ShadowdemonUltiCommand","","","","","","","","","","","","","","","","","","","","","","","","","","","",""
"ShadowdemonGadgetCloneBullet","Attack","bonusSkill","","true","true","","","250","20000","150","","27","","","","","","","1","","-1","","100","","","1","","true","","","","","","","","","","","","ShadowdemonCloneBulletProjectile","","","","","","","","","","","","","","","","","","","sc/ui.sc","icon_item_shadowdemon_1","","","sirius_def_atk","","","","","","","","","","","","","","","","","","","","","","","","","","","","","","","","","","","","","","","","","",""
"BuddyAccessoryAimSkill","Charge","bonusSkill","","","true","","","5000","15000","","","12","","","","","","","1","","-1","","","","","","","","","","","6000","1","","","","","","","","","","","","","","","","","","","","","","","","","","sc/ui.sc","icon_item_shelly_1","","","","","jump_smoke_sb","","","","","","","","","","","","","","","","","","","","","","","","","","","","","","","","","","","","","","","",""
"CactusBonusSkillPoppin","Attack","bonusSkill","","true","true","","","250","17000","1500","","23","","","","","","1500","1","500","-1","","1500","60","","5","","true","","","","","","","","","","","","CactusSpikeGadget","","","","","","","","","","","","","","","","","","","sc/ui.sc","icon_item_spike_1","","","cactus_attack_gadget1","","","","","","","","","","","","","","","","","","","","","","","","","","","","","","","","","","","","","","","","","",""
"CactusBonusSkillCover","Attack","bonusSkill","","true","true","","","250","20000","150","","22","","","","","","2000","1","800","-1","","100","0","","1","","true","","","","","","1","1","","","","","CactusBonusSkillCoverProjectile","","","CactusCover","","","","","","","","","","","","","","","","sc/ui.sc","icon_item_spike_2","","","cactus_attack_gadget2","","","","","","","","","","","","","","","","","","","","","","","","","","","","","","","","","DontSummonOvercharged","","","","","","","","",""
"CactusBonusSkillPoppinBuddy","Attack","bonusSkill","","true","true","","","250","17000","1500","","23","","","","","","1500","1","500","-1","","1500","60","","5","","true","","","","","","","","","","","","CactusSpikeGadgetBuddy","","","","","","","","","","","","","","","","","","","sc/ui.sc","icon_item_spike_1","","","cactus_attack_buddy_gadget1","","","","","","","","","","","","","","","","","","","","","","","","","","","","","","","","","","","","","","","","","",""
"CactusBonusSkillCoverBuddy","Attack","bonusSkill","","true","true","","","250","20000","150","","22","","","","","","2000","1","800","-1","","100","0","","1","","true","","","","","","1","1","","","","","CactusBonusSkillCoverProjectileBuddy","","","CactusCoverBuddy","","","","","","","","","","","","","","","","sc/ui.sc","icon_item_spike_2","","","cactus_attack_buddy_gadget2","","","","","","","","","","","","","","","","","","","","","","","","","","","","","","","","","DontSummonOvercharged","","","","","","","","",""
"ShotgunGirlBuddyClayPigeons","Attack","bonusSkill","","true","true","","","250","18000","150","","30","","","","","","1500","3","300","-1","","100","30","","5","","true","","","","","","","","","","","","ShotgunGirlProjectileGadgetSkillBuddy","","","","","","","","","","","","","","","","","","","sc/ui.sc","icon_item_shelly_2","","","shelly_def_buddy_atk","shelly_def_buddy_atk","","","","","","","","","","","","","","","","","","","","","","","","","","","","","","","","UseWeaponAmmo","","","","","","","","",""
"ShotgunGirlClayPigeons","Attack","bonusSkill","","true","true","","","250","18000","150","","30","","","","","","1500","3","300","-1","","100","30","","5","","true","","","","","","","","","","","","ShotgunGirlProjectileGadgetSkill","","","","","","","","","","","","","","","","","","","sc/ui.sc","icon_item_shelly_2","","","shelly_def_atk","shelly_def_buddy_atk","","","","","","","","","","","","","","","","","","","","","","","","","","","","","","","","UseWeaponAmmo","","","","","","","","",""
"GunslingerGadgetSkillSilverBullet","Attack","bonusSkill","","true","true","","","50","17000","150","","33","","","","","","","1","600","-1","","100","0","","1","true","true","","","","","","","","","","","","GunslingerSilverBulletProjectile","","","","","","","","","","","","","","","","","","","sc/ui.sc","icon_item_colt_2","","","colt_def_atk","colt_def_overcharge","dummy_effect","","","","","","","","","","","","","","","","","","","","","","","","","","","","","","","UseWeaponAmmo","","","","","","","","",""
"GunslingerGadgetSkillDoubleShot","Attack","bonusSkill","","true","true","","","50","15000","300","","33","","","","","","","1","320","0","","100","0","","1","true","true","","","","","","","","","","","","GunslingerDoubleShotProjectile","","","","","","","","","","","","","","","","","","","sc/ui.sc","icon_item_colt_1","","","colt_def_ulti","colt_def_overcharge","dummy_effect","","","","","","","","","","","","","","","","","","","","","","","","","","","","","","","","","","","","","","","",""
"GunslingerGadgetSkillDoubleShotBuddy","Attack","bonusSkill","","true","true","","","50","15000","300","","33","","","","","","","1","320","0","","100","0","","1","true","true","","","","","","","","","","","","GunslingerDoubleShotProjectileBuddy","","","","","","","","","","","","","","","","","","","sc/ui.sc","icon_item_colt_1","","","colt_def_buddy_gadget1_atk","colt_def_overcharge","dummy_effect","","","","","","","","","","","","","","","","","","","","","","","","","","","","","","","","","","","","","","","",""
"GunslingerGadgetSkillSilverBulletBuddy","Attack","bonusSkill","","true","true","","","50","17000","150","","33","","","","","","","1","1000","-1","","100","0","","1","true","true","","","","","","","","","","","","GunslingerSilverBulletProjectileBuddy","","","","","","","","","","","","","","","","","","","sc/ui.sc","icon_item_colt_2","","","colt_def_buddy_gadget2_atk","colt_def_overcharge","dummy_effect","","","","","","","","","","","","","","","","","","","","","","","","","","","","","","","UseWeaponAmmo","","","","","","","","",""
"DummySkillForLoveBomb","Attack","utility","","true","true","0","","250","","150","","18","","200","","","","","","","-1","","100","","","1","","true","","","","","","","","","","","","DummyProjectileForLoveBomb","","","","","","","","","","","","","","","","","","","","","","","laser_ball_throw","","","","","","","","","","","","","","","","","","","","","","","","","","","","","","","","","","","","","","","","","",""
"DummyUltiSkillForLoveBomb","Attack","utility","","true","true","0","","250","","150","","24","","300","","","","","","","-1","","100","","","1","","true","","","","","","","","","","","","DummyProjectileForLoveBomb","","","","","","","","","","","","","","","","","","","","","","","laser_ball_throw_ulti","","","","","","","","","","","","","","","","","","","","","","","","","","","","","","","","","","","","","","","","","",""
"MummyGadgetSkillAcidSpray","Attack","bonusSkill","","true","true","","","250","16000","150","","20","","","","","","2000","1","560","-1","","100","80","5","5","","true","","","","","","","","","","","","MummyGadgetSkillAcidSprayProjectile","","","","","","","","","","","","","","","","","","","sc/ui.sc","icon_item_emz_2","","","emz_def_atk","","","","","","","","","","","","","","","","","","","","","","","","","","","","","","","","","UseWeaponAmmo","","","","","","","","",""
"MummyGadgetSkillAcidSprayBuddy","Attack","bonusSkill","","true","true","","","250","16000","150","","20","","","","","","2000","1","560","-1","","100","80","5","5","","true","","","","","","","","","","","","MummyGadgetSkillAcidSprayProjectileBuddy","","","","","","","","","","","","","","","","","","","sc/ui.sc","icon_item_emz_2","","","emz_def_buddy_gadget1_atk","","","","","","","","","","","","","","","","","","","","","","","","","","","","","","","","","UseWeaponAmmo","","","","","","","","",""
"MummyGadgetSkillFriendzoner","Attack","bonusSkill","","true","true","","","250","19000","150","","12","","","","","","","1","250","0","","100","","7","4","","true","","","","","","","","","","","","MummyGadgetSkillFriendzonerProjectile","","","","","","","","","","","","","","","","","","","sc/ui.sc","icon_item_emz_1","","","emz_def_atk","gale_def_oc_ulti","","","","","","","","","","","","","","","","","","","","","","","","","","","","","","","","","","","","","","","","",""
"MummyGadgetSkillFriendzonerBuddy","Attack","bonusSkill","","true","true","","","250","19000","150","","12","","","","","","","1","250","0","","100","","7","4","","true","","","","","","","","","","","","MummyGadgetSkillFriendzonerProjectileBuddy","","","","","","","","","","","","","","","","","","","sc/ui.sc","icon_item_emz_1","","","emz_def_buddy_gadget2_atk","gale_def_oc_ulti","","","","","","","","","","","","","","","","","","","","","","","","","","","","","","","","","","","","","","","","",""
"MegaBossGhostPushAway","Attack","weapon","","","true","","1","50","","700","","8","","","","","","800","1","500","-1","","600","300","","1","","","","400","","2000","","","","","","","","","","","","","MegaBossGhostPushBack","","","","","","","","","","","","","","","","","","","","shade_def_oc_atk","","","","","","","","","","","","","","","","","","","","true","","","","","","","","","","","","","","","","","","","",""
"MegaBossGhostDash","Charge","weapon","","true","true","","1","50","","","","10","","","","","","","","500","-1","","","","","","","","","80","","2000","25","","","","","","","","","","","","MegaBossGhostSpookyArea","","","","","","","","","","","","","","","","","","","","","","","","shade_003_ulti_red","","","","","","","","","","","","","","","","true","","","","MegaBossGhostIncorporeal","","","","","","","","","","","","","","","",""
"MegaBossGhostSlap","Attack","weapon","","true","true","3","1","150","","250","","11","","","","","","800","3","600","-1","","150","300","","1","","","","","","","","","","","","","","","","","","","","","","","","","","true","","","","","","","","","","","","","shade_003_atk","","","","","","","","","","","","","","","","","","","","true","","","","","","","","2","","","","","","","","","","","",""
"MegaBossGhostSlapLarge","Attack","weapon","","true","true","3","1","150","","250","","15","","","","","","800","3","800","-1","","150","300","","1","","","","100","","","","","","","","","","","","","","","MegaBossGhostBulletExplode","","","","","","","true","","","","","","","","","","","","","shade_003_gadget1","","","","","","","","","","","","","","","","","","","","true","","","","","","","","2","","","","","","","","","","","",""
"MegaBossStickyPushAway","Attack","weapon","","","","","1","500","","250","","10","","","","","","1800","3","500","-1","","200","","","","","","","80","","","","","","","","","","","","","","","MegaStickyBombPushAwayArea","","MegaStickyBombPushAwayExplosion","","","","follow","","","","","","","","","","","","luchador_attack","","","","","","","","","","","","","1","","","","","","","","","true","","","","","","","","","","","","","","","","","","","",""
"MegaBossStickyBombWeapon","Attack","weapon","","","true","","","250","","1000","","35","","","","","99","2100","3","500","-1","","300","100","","1","","true","","","","","","1","99","","","","","MegaBossStickyBombProjectile","","","","","","","","","","","","","","","","MegaBossStickyBomb","","","","","","","colt_def_atk","","","","","","","","","","","","","","","","","","","","","","true","","","","","","","","","","","","","","","","","","","",""
"MegaBossStickyBombUlti","Attack","ulti","","","true","","","250","","250","","30","","","","","1","","","500","-1","","200","0","","1","","true","","","","","","","","","","","","MegaBossStickyBombUltiProjectile","","","","","","","","","","","","","","","","","","","","","","","tnt_attack_ulti","","","","","","","","","","","","","","","","","","","","","","","","","","","","","","","","","","","","","","","","","",""
"MegaBossStickyBombDash","Charge","weapon","","","true","","1","50","","","","10","","","","","","","","500","-1","","","","","","","","","80","","2000","1","","","","","true","","","","","","","MegaSplitterLegsDamageArea","","","","","","","","","","","","","","","","","","","","","","","","samurai_mega_atk4_charge_rush","","","","","","","","","","","","","","","","true","","","","","","","","","","","","","","","","","","","",""
"MegaBossStickyBombWeaponSecond","Attack","weapon","","","true","","","250","","250","","55","","","","","99","2100","3","500","-1","","200","0","","1","","true","","","","","","1","99","","","","","MegaBossStickyBombProjectileLarge","","","","","","","","","","","","","","","","MegaBossStickyBombLarge","","","","","","","colt_def_atk","","","","","","","","","","","","","","","","","","","","","","true","","","","","","","","","","","","","","","","","","","",""
"MegaBossStickyBombUltiSecond","Attack","ulti","","","true","","","250","","500","","30","","","","","1","","","800","-1","","500","0","","1","","true","","","","","","","","","","","","MegaBossStickyBombOverchargedUltiProjectile","","","","","","","","","","","","","","","","","","","","","","","tnt_attack_ulti","","","","","","","","","","","","","","","","","","","","","","","","","","","","","","","","","","","","","","","","","",""
"MegaBossInsectManPushAway","Attack","weapon","","","true","","1","50","","700","","5","","","","","","800","1","1200","-1","","600","300","","1","","","","400","","2000","","","","","","","","","","","","","MegaKenjiPushBack","","","","","","","","","","","","","","","","","","","","samurai_mega_atk1_slash","","","","","","","","","","","","","","","","","","","","true","","","","","","","","","","","","","","","","","","","",""
"MegaBossInsectManWeapon","Attack","weapon","","","true","","2","500","","150","","100","","","","","","100","1","500","-1","","100","400","17","5","","true","","","","","","","","","","","","MegaBossMosquitoProjectile","","","","","","","","","","","","","","","","","","","","","","","angelo_def_atk","","","","","","","","","","","","","","","","","","","","","","true","","","","","","","","","","","","","","50","","","","","",""
"MegaBossInsectManUlti","Attack","ulti","","","","","","","","","","100","","","","","","","","500","-1","","70","","","","","","","","","","","","","","","","","","","","","","MegaBossInsectManUltiDamageAreaLarge","","","","InsectManOverchargedUltiDamageArea","InsectManOverchargedUltiSwitchSkillArea","","","","","","","","","","","","","","","emz_def_ulti_use","","","","dummy_effect","","","","","","","","","","","","","","","","","","","","","","","","","","","","","","","","","","","",""
"MegaBossInsectManWeaponSecond","Attack","weapon","","","true","","2","500","","150","","100","","","","","","100","1","1000","-1","","100","200","17","3","","true","","","","","","","","","","","","MegaBossMosquitoProjectileLarge","","","","","","","","","","","","","","","","","","","","","","","angelo_def_atk","","","","","","","","","","","","","","","","","","","","","","true","","","","","","","","","","","","","","50","","","","","",""
"MegaBossInsectManUltiSecond","Attack","ulti","","","","","","","","","","100","","","","","","","","500","-1","","70","","","","","","","","","","","","","","","","","","","","","","MegaBossInsectManUltiDamageAreaLarge","","","","InsectManOverchargedUltiDamageArea","InsectManOverchargedUltiSwitchSkillArea","","","","","","","","","","","","","","","emz_def_ulti_use","","","","dummy_effect","","","","","","","","","","","","","","","","","","","","","","","","","","","","","","","","","","","",""
"MegaBossInsectManJump","Charge","ulti","","","true","","","50","","","","7","","","","","","","","300","-1","","","","","","","","","0","","3000","2","","","","","true","","","","","","","MegaBossInsectManBulletExplosion","","","","","","","","","","","","","","","","","","","","crow_ulti","","","","","","","","","","","","","","","","","","","","","","","","","","","","","","","","","","","","","","","",""
"HammerDudeGadgetSkillNoiseCancel","Attack","bonusSkill","","true","true","","","50","16000","700","","18","","","","","","800","1","600","0","","700","45","","1","","true","","","","","","","","","","","true","HammerDudeGadgetSkillNoiseCancelProjectile","","","","","","","","","","","","","","","","","","","sc/ui.sc","icon_item_frank_1","","","","","","","","","","","","","","","","","","","","","","","","","","","","","HammerDudeGadgetSkillNoiseCancelStatusEffect","","","","","","","FixRecoilAnimation","","","","","","","10","",""
"HammerDudeGadgetSkillAttraction","Attack","bonusSkill","","","true","","","50","20000","700","","22","","","","","","800","1","1240","-1","","600","0","","1","","","","","","","","","","","","","true","HammerDudeGadgetSkillAttractionProjectile","","","","","","","","","","","","","","","","","","","sc/ui.sc","icon_item_frank_2","","","","","frank_def_atk_pre_sfx","","","","","","","","","","","","","","","","","","","","","","","60","","","","","","","","UseWeaponAmmo","","","","","","","","",""
"HammerDudeGadgetSkillNoiseCancelBuddy","Attack","bonusSkill","","true","true","","","50","16000","700","","18","","","","","","800","1","600","0","","700","45","","1","","true","","","","","","","","","","","true","HammerDudeGadgetSkillNoiseCancelBuddyProjectile","","","","","","","","","","","","","","","","","","","sc/ui.sc","icon_item_frank_1","","","hammer_dude_buddy_gadget1_atk","","","","","","","","","","","","","","","","","","","","","","","","","","HammerDudeGadgetSkillNoiseCancelStatusEffect","","","","","","","FixRecoilAnimation","","","","","","","10","",""
"HammerDudeGadgetSkillAttractionBuddy","Attack","bonusSkill","","","true","","","50","20000","700","","22","","","","","","800","1","1240","-1","","600","0","","1","","","","","","","","","","","","","true","HammerDudeGadgetSkillAttractionBuddyProjectile","","","","","","","","","","","","","","","","","","","sc/ui.sc","icon_item_frank_2","","","hammer_dude_buddy_gadget2_atk","","frank_def_atk_pre_sfx","","","","","","","","","","","","","","","","","","","","","","","60","","","","","","","","UseWeaponAmmo","","","","","","","","",""
"UndertakerGadgetSkillComboSpinner","Attack","bonusSkill","","true","true","","","250","18000","150","","8","","","","","","2000","1","1000","-1","","100","0","","1","","true","","","","","","","","","","","","UndertakerGadgetSkillComboSpinnerProjectile","","","","","","","","","","","","","","","","","","","sc/ui.sc","icon_item_mortis_1","","","barkeep_attack","","","","","","","","","","","","","","","","","","","","","","","","","","","","","","","","","","","","","","","","","",""
"UndertakerGadgetSkillComboSpinnerBuddy","Attack","bonusSkill","","true","true","","","250","18000","150","","8","","","","","","2000","1","1000","-1","","100","0","","1","","true","","","","","","","","","","","","UndertakerGadgetSkillComboSpinnerProjectileBuddy","","","","","","","","","","","","","","","","","","","sc/ui.sc","icon_item_mortis_1","","","barkeep_attack","","","","","","","","","","","","","","","","","","","","","","","","","","","","","","","","","","","","","","","","","",""
"UndertakerGadgetSkillReload","Charge","bonusSkill","","","true","","","0","24000","","","15","","","","","","2400","1","1000","-1","","","","","","","","","","","3600","4","","","","","true","","","","","","","","true","","","","","","","","","","","","","sc/ui.sc","icon_item_mortis_2","","","","","mortis_def_atk","mortis_def_oc_atk","","","","","","","","","","","","","","","","","","","","","","","","","","","","","","DontResetCharge","","","","","","","","",""
"UndertakerGadgetSkillReloadBuddy","Charge","bonusSkill","","","true","","","0","24000","","","15","","","","","","2400","1","1000","-1","","","","","","","","","","","3600","4","","","","","true","","","","","","","","true","","","","","","","","","","","","","sc/ui.sc","icon_item_mortis_2","","","","","mortis_def_atk","mortis_def_oc_atk","","","","","","","","","","","","","","","","","","","","","","","","","","","","","","Reload;DontResetCharge","","","100","","","","","",""
"ShotgungirlGadgetSkillReload","Charge","bonusSkill","","","true","1","","0","16000","","","8","","","","","","2400","1","0","-1","","","","","","","","","","","2500","4","","","","","true","","","","","","","","true","","","","","","","","","","","","","sc/ui.sc","icon_item_shelly_1","","","","","","","","","gadget_max_dash","","","","","","","","","","","","","","","","","","","","","","","","","","","Reload","","","300","","","","","",""
"ShotgungirlGadgetSkillReloadBuddy","Charge","bonusSkill","","","true","1","","0","16000","","","8","","","","","","2400","1","0","-1","","","","","","","","","","","2500","4","","","","","true","","","","","","","","true","","","","","","","","","","","","","sc/ui.sc","icon_item_shelly_1","","","","","","","","","shelly_def_buddy_gadget_dash","","","","","","","","","","","","","","","","","","","","ShotgunGirlGadgetSkillImmunityShieldBuddy","","","","","","","Reload","","","300","","","","","",""
"UndertakerGadgetSkillBats","Attack","bonusSkill","","","true","1","","250","24000","150","","15","","","","","99","2000","1","0","0","","100","0","","1","","true","","","","","","","","","","","","UndertakerGadgetSkillBatsProjectile","","","","","","","","","","","","","","","","","","","sc/ui.sc","icon_item_mortis_2","","","","","mortis_def_gadget2_use","","","","","","","","","","","","","","","","","","","","","","","","MortisGadgetSkillBatsStatusEffect","","","","","","","","","","","","","","","",""
"UndertakerGadgetSkillBatsBuddy","Attack","bonusSkill","","","true","1","","250","24000","150","","15","","","","","99","2000","1","760","0","","100","0","","1","","true","","","","","","","","","","","","UndertakerGadgetSkillBatsProjectileBuddy","","","","","","","","","","","","","","","","","","","sc/ui.sc","icon_item_mortis_2","","","","","mortis_def_gadget2_buffy_use","","","","","","","","","","","","","","","","","","","","","","","","MortisGadgetSkillBatsStatusEffectBuddy","","","","","","","","","","","","","","","",""
"MegaBossTrickshot2Weapon","Attack","weapon","","","true","","1","100","","1200","","25","","","","","","1200","3","300","-1","","500","150","","3","","true","","","","","","","","","","true","","MegaBossTrickshotDude2Projectile","","","","","","","","","","","","","","","","","","","","","","","rico_def_atk","rico_008_hc_atk","","","","","","","","","","","","","","","","","","","","","true","","","","","","","","","","","","","","","","","","","",""
"MegaBossTrickshot2DudeUlti","Attack","weapon","","","true","","","100","","1500","","25","","","","","","","","500","-1","","500","200","","3","","true","","","","","","","","","","true","","MegaBossTrickshotDude2UltiProjectile","","","","","","","","","","","","","","","","","","","","","","","rico_def_ulti","rico_008_hc_ulti","","","","","","","","","","","","","","","","","","","","","","","","","","","","","","","","","","","","","","","","",""
"MegaBossTrickshot2WeaponSecond","Attack","weapon","","","true","","","100","","3200","","25","","","","","","","","800","-1","","1500","250","","3","","true","","","","","","","","","","true","","MegaBossTrickshotDude2ProjectileLarge","","","","","","","","","","","","","","","","","","","","","","","rico_def_ulti","rico_008_hc_ulti","","","","","","","","","","","","","","","","","","","","","","","","","","","","","","","","","","","","","","","","",""
"MegaBossTrickshot2PushAway","Attack","weapon","","","","","1","100","","1000","","10","","","","","","500","1","","-1","","500","360","","1","","true","","200","","","","","","","","true","","","","","","","MegaTrickshotDude2_360PushAwayBullet","","MegaTrickshotDude2_360PushAwayArea","","","","","","","","","","","","","","","","","","","","","","","","","","","","","","","","","","","","","","true","","","","","","","","","","","","","","","","","","","",""
"MegaBossTrickshot2Dude360Madness","Attack","weapon","","","","","1","100","","3000","","20","","","","","","1000","1","","-1","","3000","360","","1","","true","","","","","","","","","","true","","","","","","","MegaTrickshotDude2_360Madness","","MegaBossTrickShotDestroyArea","","","","","","","","","","","","","","","","","","","","","","","","","","","","","","","","","","","","","","true","","","","","","","","","","","","","","","","","","","",""
"MegaBossTrickshot2UltraSuper","Attack","weapon","","","true","","","50","","5500","","40","","","","","","","","800","-1","","2500","300","","3","","true","","","","","","","","","","true","","MegaBossTrickshotDude2ProjectileLargeExtra","","","","","","","","","","","","","","","","","","","","","","","rico_def_ulti","rico_008_hc_ulti","","","","","","","","","","","","","","","","","","","","","","","","","","","","","","","","","","","","","","","","",""
"MegaBossTrickshot2Dash","Charge","weapon","","","true","","1","50","","","","18","","","","","","","","500","-1","","","","","","","","","80","","2000","1","","","","","","","","","","","","MegaTrickshotDude2_360PushAwayBullet","","","","","","","","","","","","","","","","","","","","","","","","shade_003_ulti_red","","","","","","","","","","","","","","","","true","","","","","","","","","","","","","","","","","","","",""
"DummySkillForSpeeder","Attack","utility","","true","true","1","","250","","150","","24","","","","TRUE","","","","","-1","","100","","","1","","true","","","","","","","","","","","","DummyProjectileForLaserBall","","","","","","","","","","","","","","","","","","","","","","","laser_ball_throw","","","","","","","","","","","","","","","","","","","","","","","","","","","","","","","","","","","","","","","","","",""
"DummySkillForShuriken","Attack","utility","","true","true","","","250","","150","","48","","","","TRUE","","","","","-1","","100","","","1","","true","","","","","","","","","","","","DummyProjectileForLaserBall","","","","","","","","","","","","","","","","","","","","","","","laser_ball_throw","","","","","","","","","","","","","","","","","","","","","","","","","","","","","","","","","","","","","","","","","",""
"RedirecterWeapon","Attack","weapon","","true","true","","","100","","125","","18","","","","","","800","1","300","-1","","100","","","1","","true","","","","","","","","","","","","RedirecterProjectile","","","","","","","","","","","","","","","","","","","","","","","najia_def_atk1","","","","","","","","","","","","","1","RedirecterWeaponSecondary","","","","","","","","true","","","","","","","","","","","","","","","","","","","",""
"RedirecterWeaponSecondary","Attack","weapon","","true","true","","","100","","125","","20","","","","TRUE","","800","1","600","-1","","100","","","1","","true","","","","","","","","","","","","RedirecterProjectileSecondary","","","","","","","","","","","","","","","","","","","","","","","","","","","","","","","","","","","","1","RedirecterWeapon","","","","","","","","true","","","","","","","","","","","","","","","","","","","",""
"RedirecterUlti","Attack","ulti","RedirecterUltiOvercharged","true","true","","","250","","125","","16","","","","","","","","750","-1","","100","270","","3","","true","","","","","","1","3","","","","","RedirecterUltiProjectile","","","RedirecterSnakePet","","","","","","","","","","","","","","","","","","","","najia_def_ulti1","","","","","","","","","","","","","","","","","","","","","","","","","","","","","","2","","","","","","","","","","","",""
"RedirecterUltiOvercharged","Attack","ulti","","true","true","","","250","","125","","16","","","","","","","","750","-1","","100","270","","6","","true","","","","","","1","6","","","","","RedirecterUltiProjectileOvercharged","","","OverchargedRedirecterSnakePet","","","","","","","","","","","","","","","","","","","","najia_def_ulti1","","","","","","","","","","","","","","","","","","","","","","","","","","","","","","2","","","","","","","","","","","",""
"RedirecterGadgetProjectileMagnet_UNUSED","Attack","bonusSkill","","true","true","","","150","12000","125","","27","","","","","","700","1","750","-1","","100","","","1","","true","","","","","","","","","","","true","RedirecterGadgetProjectileMagnet","","","","","","","","","","","","","","","","","","","sc/ui.sc","icon_item_redirecter_1","","","glowbert_def_atk","","","","","","","","","","","","","","","","","","","","","","","","","","","","","","","","","","","","","","","","","",""
"RedirecterSnakePetWeapon","Charge","weapon","","","true","","","500","","500","","8","","","","true","","100","3","300","-1","","","","","","","","","","","2700","14","","","","","true","","","","","","","","","","","","","","","","","","","","","","","","","","","mortis_def_atk","","","","","","","","","","","","","","","","","","","","true","","","","","","","","","","","","","","","","","","","",""
"RedirecterSnakePetUltiDummy","Attack","ulti","","","","3","","","","","","","","","","","","","","","-1","","","","","","","","","","","","","","","","","","","","","","","","","","","","","","","","","","","","","","","","","","","","","","","","","","","","","","","","","","","","","","","","","","","","","","","","","","","","","","","","","","","",""
"GladiatorWeaponFirePunch","Attack","weapon","","true","true","","","200","","200","","8","","","","","","1200","3","1000","-1","","200","0","","1","","TRUE","","","","20","8","","","","","","","GladiatorProjectileFire","","","","","","","","","","","follow","","","","","","","","","","","","luchador_attack","","","","","","","","","","","","","5","GladiatorWeapon","","","","","","","","true","","","","","","","","","","","","","","","","","","","",""
"GladiatorWeapon","Attack","weapon","","true","true","","","200","","200","","8","","","","","","1200","3","700","-1","","200","0","","1","","true","","","","20","8","","","","","","","GladiatorProjectile","","","","","","","","","","","","","","","","","","","","","","","luchador_attack","","","","","","","","","","","","","1","GladiatorWeaponFirePunch","","","","","","","","true","","","","","","","","","","","","","","","","","","","",""
"GladiatorUlti","Charge","ulti","","","true","","","300","","400","","18","","","","","","","","","-1","","500","","","","","","","0","","3000","26","","","","","","","","","","","","","","","","","","","","","","","","","","","","","","","","crow_ulti","","","","","","","","","","","","","","","","","","","","","","","","","","","","","","","","","","","","","","","",""
"MegaBossMaisieWeapon","Attack","weapon","","","","","","300","","2000","","45","","","","","","300","3","500","-1","","400","150","2","1","","true","","","","","","","","","","true","","MegaBossMaisieProjectile","","","","","","","","","","","","","","","","","","","","","","","maisie_005_atk","","","","","","","","","","","","","","","","","","","","","","true","","","","","","","","","","","","","","","","","","","",""
"MegaBossMaisieUlt","Attack","ulti","","true","","","1","250","","150","500","45","","","","","","1800","","","-1","","1000","","","","","","","","","","","","","","","","","","","","","","MegaBossMaisieUltiShockwave","","MegaBossMaisieShockwaveBulletExplosion","","","","follow","","","","","","","","","","","","shelly_def_ulti","","","","","","","","","","","","","","","","","","","","","","","","","","","","","","","","","","","","","","","","","",""
"MegaBossMaisiePushAway","Charge","weapon","","","true","","1","50","","","","5","","","","","","","","600","-1","","","","","","","","","200","","2000","3","","","","","true","","","","","","","MegaBossMaisieUltiShockwave","","","","","","","","","","","","","","","","","","","","","","","","boss_demogorgon_rush","","","","","","","","","","","","","","","","true","","","","","","","","","","","","","","","","","","","",""
"MegaBossMaisieBigProjectile","Attack","weapon","","","","","1","250","","2000","200","55","","","","","","1800","1","800","-1","","800","60","2","1","","true","","","","","","","","","","true","","MegaBossMaisieBigProjectile","","","","","","","","","","","","","","","","","","","","","","","maisie_005_atk","","","","","","","","","","","","","","","","","","","","","","true","","","","","","","","","","","","","","","","","","","",""
"MegaBossMaisieChargeBlast","Charge","weapon","","","true","","1","50","","","","32","","","","","","","","800","-1","","","","","","","","","200","","3000","1","","","","","true","","","","","","","MegaBossMaisieUltiShockwave","","","","","","","","","","","","","","","","","","","","","","","","boss_demogorgon_rush","","","","","","","","","","","","","","","","true","","","","","","","","","","","","","","","","","","","",""
"MegaBossMaisieBulletExplosions","Attack","weapon","","true","true","","1","150","","1800","","35","","","","","","1000","1","","-1","","300","360","10","1","","true","","","","","","","","","","","","MegaBossMaisieCreateExplosion","","","","","","","","","","","","","","","","","","","","","","","","","","","","","","","","","","","","","","","","","","","","","true","","","","","","","","","","","","","","","","","","","",""
"MegaBossNitaMelee","Attack","weapon","","","true","","1","50","","700","","8","","","","","","800","1","500","-1","","600","300","","1","","","","400","","2000","","","","","","","","","","","","","MegaBossNitaMelee","","","","","","","","","","","","","","","","","","","","bear_attack","","","","","","","","","","","","","","","","","","","","true","","","","","","","","","","","","","","","","","","","",""
"MegaBossNitaWeapon","Attack","weapon","","","true","","","250","","1500","","80","","","","","","1100","3","800","-1","","500","","","1","","true","","","","","","","","","","true","","MegaBossShamanProjectile","","","","","","","","","","","","","","","","","","","","","","","shaman_attack","","","","","","","","","","","","","","","","","","","","","","true","","","","","","","","","","","","","","","","","","","",""
"MegaBossNitaSummonBruceWithNitaCustom","Attack","ulti","","","true","","","50","","250","","42","","","","","1","","","","-1","","200","200","","1","","true","","","","","","1","6","","","true","","MegaBossShamanUltiProjectile","","","MegaBossBearWithNitaCustom","","","","","","","","","","","","","","","","","","","","shaman_ulti","","","","","","","","","","","","","","","","","","","","","","","","","","","","","","","","","","","","","","","","","",""
"MegaBossNitaSummonSmallBear","Attack","ulti","","","true","","","50","","250","","25","","","","","1","","","","-1","","200","200","","1","","true","","","","","","1","40","","","true","","MegaBossShamanBearUltiProjectile","","","MegaBossShamanPet","","","","","","","","","","","","","","","","","","","","shaman_ulti","","","","","","","","","","","","","","","","","","","","","","","","","","","","","","","","","","","","","","","","","",""
"MegaBossNitaDefence","AreaBuff","ulti","","","true","","2","250","","3000","","200","","","","","","","","100","-1","","100","120","","","","","","","","","","","","","","","","","","","","","","","","","","","","","","2000","200","","","","","","","","","","","","","","","","","","","","","","","","","","","","","","","","","","","","","","","","","","","","","","","","","",""
"MegaBossCrossBomberMelee","Attack","weapon","","","true","","1","50","","700","","8","","","","","","800","1","500","-1","","600","300","","1","","","","400","","2000","","","","","","","","","","","","","MegaBossGhostPushBack","","","","","","","","","","","","","","","","","","","","shade_def_oc_atk","","","","","","","","","","","","","","","","","","","","true","","","","","","","","","","","","","","","","","","","",""
"MegaBossCrossBomberWeapon","Attack","weapon","","","true","","","75","","350","","32","","","","","10","2000","3","400","-1","","300","0","","1","","true","","","","","","","","","","","","MegaBossCrossBomberProjectile","","","","","","","","","","","","","","","","","","","","","","","tnt_attack_ulti","","","","","","","","","","","","","","","","","","","","","","true","","","","","","","","","","","","","","","","","","","",""
"MegaBossCrossBomberWeaponSecond","Attack","weapon","","","true","","","75","","1000","","32","","","","","10","2000","3","400","-1","","500","0","","1","","true","","","","","","","","","","","","MegaBossCrossBomberSecondProjectile","","","","","","","","","","","","","","","","","","","","","","","tnt_attack_ulti","","","","","","","","","","","","","","","","","","","","","","true","","","","","","","","","","","","","","","","","","","",""
"MegaBossCrossBomberUlti","Attack","ulti","","","true","","","250","","150","","32","","","","","10","","","800","-1","","100","0","","1","","true","","","","","","","","","","","","MegaBossCrossBomberUltiProjectile","","","","","","","","","","","","","","","","","","","","","","","tnt_attack_ulti","grom_def_oc_ulti","","","","","","","","","","","","","","","","","","","","","","","","","","","","","","","","","","","","","","","","",""
"MegaBossCrossBomberHCUlti","Attack","ulti","","","true","","","250","","150","","32","","","","","10","","","800","-1","","100","0","","1","","true","","","","","","","","","","","","MegaBossOverchargedCrossBomberUltiProjectile","","","","","","","","","","","","","","","","","","","","","","","tnt_attack_ulti","grom_def_oc_ulti","","","","","","","","","","","","","","","","","","","","","","","","","","","","","","","","","","","","","","","","",""
"MegaBossCrossBombWeapon360","Attack","weapon","","","true","","","75","","1800","","32","","","","","10","2000","3","500","-1","","1800","200","19","4","","true","","","","","","","","","","","","MegaBossCrossBomberProjectile","","","","","","","","","","","","","","","","","","","","","","","tnt_attack_ulti","","","","","","","","","","","","","","","","","","","","","","true","","","","","","","","","","","","","","","","","","","",""
"MegaBossCrossBombUlti360","Attack","weapon","","","true","","","75","","2500","","32","","","","","10","2000","3","800","-1","","1250","30","19","4","","true","","","","","","","","","","","","MegaBossCrossBomberUltiProjectile","","","","","","","","","","","","","","","","","","","","","","","tnt_attack_ulti","","","","","","","","","","","","","","","","","","","","","","true","","","","","","","","","","","","","","","","","","","",""
"MegaBossCrossBombPet","Attack","weapon","","","true","","1","150","","2400","","32","","","","","","500","1","500","-1","","800","360","10","1","","true","","","","","","3","20","","","","","MegaBossCrossBomberSummonPet","","","","","","","","","","","","","","","","","","","","","","","","","","","","","","","","","","","","","","","","","","","","","true","","","","","","","","","","","","","","","","","","","",""
"MegaBossAssaultShotgunWeapon","Attack","weapon","","","true","","","50","","1800","","50","","","","","","1700","3","500","-1","","200","50","10","3","","true","","","","","","","","","","","","MegaBossAssaultShotgunProjectile","","","","","","","","","","","","","","","","","","","","","","","shelly_def_atk","","","","","","","","","","","","","","","","","","","","","","true","","","","","","","","","","","","","","","","","","","",""
"MegaBossAssaultShotgunWeaponSecond","Attack","weapon","","","true","","","50","","1800","","50","","","","","","1700","3","500","-1","","200","300","10","5","","true","","","","","","","","","","","","MegaBossAssaultShotgunProjectileBig","","","","","","","","","","","","","","","","","","","","","","","shelly_def_atk","","","","","","","","","","","","","","","","","","","","","","true","","","","","","","","","","","","","","","","","","","",""
"MegaBossAssaultShotgunWeaponThird","Attack","weapon","","","true","","","50","","1800","","50","","","","","","1700","3","500","-1","","250","","19","14","","true","","","","","","","","","","","","MegaBossAssaultShotgunProjectile","","","","","","","","","","","","","","","","","","","","","","","shelly_def_atk","","","","","","","","","","","","","","","","","","","","","","true","","","","","","","","","","","","","","","","","","","",""
"MegaBossAssaultShotgunWeaponForth","Attack","weapon","","","true","","","50","","1800","","50","","","","","","1700","3","500","-1","","200","1","19","8","","true","","","","","","","","","","","","MegaBossAssaultShotgunProjectileBig","","","","","","","","","","","","","","","","","","","","","","","shelly_def_atk","","","","","","","","","","","","","","","","","","","","","","true","","","","","","","","","","","","","","","","","","","",""
"MegaBossAssaultShotgunUlti","Attack","ulti","","","true","","","500","","1400","","35","","","","","","","","500","-1","","700","","19","12","","true","","","","","","","","","","","","MegaBossAssaultShotgunUltiProjectile","","","","","","","","","","","","","","","","","","","","","","","shelly_def_atk","griff_def_oc_ulti","","","","","","","","","","","","","","","","","","","","","","","","","","","","","","","","","","","","","","","","",""
"MegaBossAssaultShotgunHCUlti","Attack","ulti","","","true","","","500","","150","","50","","","","","","","","700","-1","","100","500","19","9","","true","","","","","","","","","","","","MegaBossAssaultShotgunOverchargedUltiProjectile","","","","","","","","","","","","","","","","","","","","","","","shelly_def_atk","griff_def_oc_ulti","","","","","","","","","","","","","","","","","","","","","","","","","","","","","","","","","","","","","","","","",""
"MegaBossAssaultShotgunBomb","Attack","weapon","","true","true","","1","150","","2500","","22","","","","","","1000","1","500","-1","","200","360","19","1","","true","","","","","","","","","","true","","MegaBossAssaultShotgunBombExplosion","","","","","","","","","","","","","","","","","","","","","","","shelly_def_atk","","","","","","","","","","","","","","","","","","","","","","true","","","","","","","","","","","","","","","","","","","",""
"MegaBossAssaultShotgunMeleeBomb","Attack","weapon","","true","true","","","250","","1000","","8","","","","","","2000","3","1000","-1","","250","300","","1","","true","","","","","","","","","","","","MegaBossAssaultShotgunGadgetProjectile","","","","","","","","","","","","","","","","","","","","","","","shelly_def_atk","","","","","","","","","","","","","","","","","","","","","","true","","","","","","","","","","","","","","","","","","","",""
"BowDudeGadgetSkillTotem","Attack","bonusSkill","","true","true","","","250","19000","150","","22","","","","","","2000","1","800","-1","","100","0","","1","","true","","","","","","1","1","","","","","BowDudeGadgetSkillProjectile","","","BowDudeTotem","","","","","","","","","","","","","","","","sc/ui.sc","icon_item_bo_1","","","bo_def_gadget1","","","","","","","","","","","","","","","","","","","","","","","","","","","","","","","","","DontSummonOvercharged","","","","","","","","",""
"BowDudeGadgetSkillTotemBuddy","Attack","bonusSkill","","true","true","","","250","19000","150","","22","","","","","","2000","1","800","-1","","100","0","","1","","true","","","","","","1","1","","","","","BowDudeGadgetSkillProjectileBuddy","","","BowDudeTotemBuddy","","","","","","","","","","","","","","","","sc/ui.sc","icon_item_bo_1","","","bo_def_buddy_gadget1","","","","","","","","","","","","","","","","","","","","","","","","","","","","","","","","","DontSummonOvercharged","","","","","","","","",""
"BaseballGadgetSkillHeal","Attack","bonusSkill","","true","","","1","50","18000","150","800","11","","","","","","800","1","1400","-1","","6000","","","","","","","","","","","","","","","","","","","","","","BaseballGadgetSkillHealAreaEffect","","","","","","follow","","","","","","","","","","","","bibi_def_atk","","bibi_swing","","","","","","","","","","","","","","","","","","","","true","","","","BaseballGadgetSkillHealStatusEffect","","","","","","","","","","","","","","","",""
"BaseballGadgetSkillSticky","Attack","bonusSkill","","true","true","","","250","21000","150","","17","","","","","","","1","","-1","","200","","9","1","","true","","","","","","","","","","","","BaseballGadgetSkillStickyProjectile","","","","","","","","","","","","","","","","","","","","icon_item_bibi_2","","","barkeep_attack_ulti","","","","","","","","","","","","","","","","","","","","","","","","","","","","","","","","","","","","","","","","","",""
"BaseballGadgetSkillHealBuddy","Attack","bonusSkill","","true","","","1","50","18000","150","800","11","","","","","","800","1","1400","-1","","6000","","","","","","","","","","","","","","","","","","","","","","BaseballGadgetSkillHealAreaEffectBuddy","","","","","","follow","","","","","","","","","","","","bibi_def_atk","","bibi_swing","","","","","","","","","","","","","","","","","","","","true","","","","BaseballGadgetSkillHealStatusEffect","","","","","","","","","","","","","","","",""
"BaseballGadgetSkillStickyBuddy","Attack","bonusSkill","","true","true","","","250","21000","150","","17","","","","","","","1","","-1","","400","","9","1","","true","","","","","","","","","","","","BaseballGadgetSkillStickyProjectileBuddy","","","","","","","","","","","","","","","","","","","","icon_item_bibi_2","","","barkeep_attack_ulti","","","","","","","","","","","","","","","","","","","","","","","","","","","","","","","","","","","","","","","","","",""
"BullDudeOverchargedWeapon","Attack","weapon","","true","true","","","250","","150","","14","","","","","","1600","3","2200","-1","","100","90","","3","","true","","","","","","","","","","","","BullDudeOverchargedProjectile","","","","","","","","","","","","","","","","","","","","","","","sniper_attack","","","","","","","","","","","","","","","","","","","","","","true","","","","","","","","","","","","","","","","","","","",""
"BullDudeGadgetSkillMarkEnemy","Attack","bonusSkill","","true","true","","","250","18000","150","","18","","","","","","1100","1","800","-1","","100","0","","1","","true","","","","","","","","","","","","BullDudeGadgetSkillMarkEnemyProjectile","","","","","","","","","","","","","","","","","","","sc/ui.sc","icon_item_bull_1","","","bull_def_gadget1_atk","","","","","","","","","","","","","","","","","","","","","","","","","","","","","","","","","","","","","","","","","",""
"BullDudeGadgetSkillStomp","Attack","bonusSkill","","true","","","1","250","20000","150","","10","","","","","","1800","1","","-1","","1000","","","","","","","","","","","","","","","","","","","","","","BullDudeStomp","","","","","","follow","","","","","","","","sc/ui.sc","icon_item_bull_2","","","luchador_attack","","","","","","","","","","","","","","","","","","","","","","","","","","","","","","","","","","","","","","","","","",""
"NinjaBonusSkillInvisibleArea","Attack","bonusSkill","","true","true","","","250","20000","150","","22","","","","","","2000","1","800","-1","","100","0","","1","","true","","","","","","1","1","","","","","NinjaBonusSkillInvisibleAreaProjectile","","","NinjaInvisibleArea","","","","","","","","","","","","","","","","sc/ui.sc","icon_item_leon_2","","","leon_def_gadget2","","","","","","","","","","","","","","","","","","","","","","","","","","","","","","","","","DontSummonOvercharged","","","","","","","","",""
"NinjaBonusSkillInvisibleAreaBuddy","Attack","bonusSkill","","true","true","","","250","20000","150","","22","","","","","","2000","1","800","-1","","100","0","","1","","true","","","","","","1","1","","","","","NinjaBonusSkillInvisibleAreaProjectileBuddy","","","NinjaInvisibleAreaBuddy","","","","","","","","","","","","","","","","sc/ui.sc","icon_item_leon_2","","","leon_def_buddy_gadget2","","","","","","","","","","","","","","","","","","","","","","","","","","","","","","","","","DontSummonOvercharged","","","","","","","","",""
"MegaBossDragonCrowMeleeL1","Attack","weapon","","","true","","1","50","","700","","4","","","","","","800","1","500","-1","","600","300","","1","","","","","","","","","","","","","","","","","","","MegaBossCrowPushBackL1","","","","","","","","","","","","","","","","","","","","boss_vecna_slash","","","","","","","","","","","","","","","","","","","","true","","","","","","","","","","","","","","","","","","","",""
"MegaBossDragonCrowMeleeL2","Attack","weapon","","","true","","1","50","","700","","4","","","","","","800","1","500","-1","","600","300","","1","","","","","","","","","","","","","","","","","","","MegaBossCrowPushBackL2","","","","","","","","","","","","","","","","","","","","boss_vecna_slash","","","","","","","","","","","","","","","","","","","","true","","","","","","","","","","","","","","","","","","","",""
"MegaBossDragonCrowMeleeL3","Attack","weapon","","","true","","1","50","","700","","4","","","","","","800","1","1000","-1","","600","300","","1","","","","","","","","","","","","","","","","","","","MegaBossCrowPushBackL3","","","","","","","","","","","","","","","","","","","","boss_vecna_slash","","","","","","","","","","","","","","","","","","","","true","","","","","","","","","","","","","","","","","","","",""
"MegaBossDragonCrowWeaponL1","Attack","weapon","","true","true","","","250","","150","","26","","","","","","1400","3","300","-1","","100","200","","3","","true","","","","","","","","","","","","MegaBossDragonCrowBoomrangProjectile","","","","","","","","","","","","","","","","","","","","","","","crow_attack","","","","","","","","","","","","","","","","","","","","","","true","","","","","","","","","","","","","","","","","","","",""
"MegaBossDragonCrowWeaponSecondL1","Attack","weapon","","true","true","","","250","","150","","26","","","","","","1400","3","300","-1","","100","300","","5","","true","","","","","","","","","","","","MegaBossDragonCrowBoomrangProjectile","","","","","","","","","","","","","","","","","","","","","","","crow_attack","","","","","","","","","","","","","","","","","","","","","","true","","","","","","","","","","","","","","","","","","","",""
"MegaBossDragonCrowWeaponL2","Attack","weapon","","true","true","","","250","","150","","30","","","","","","1400","3","300","-1","","100","200","","5","","true","","","","","","","","","","","","MegaBossDragonCrowBoomrangProjectile","","","","","","","","","","","","","","","","","","","","","","","crow_attack","","","","","","","","","","","","","","","","","","","","","","true","","","","","","","","","","","","","","","","","","","",""
"MegaBossDragonCrowWeaponSecondL2","Attack","weapon","","true","true","","","250","","150","","30","","","","","","1400","3","300","-1","","100","","19","8","","true","","","","","","","","","","","","MegaBossDragonCrowBoomrangProjectile","","","","","","","","","","","","","","","","","","","","","","","crow_attack","","","","","","","","","","","","","","","","","","","","","","true","","","","","","","","","","","","","","","","","","","",""
"MegaBossDragonCrowDefenceL2","AreaBuff","ulti","","","true","","2","250","","1000","","200","","","","","","","","100","-1","","100","120","","","","","","","","","","","","","","","","","","","","","","","","","","","","","","2000","200","","","","","","","","","","","","","","","","","","","","","","","","","","","","","","","","","","","","","","","","","","","","","","","","","",""
"MegaBossDragonCrowFire360L2","Attack","weapon","","true","true","","1","150","","2000","","35","","","","","","1000","1","500","-1","","2000","360","19","1","","true","","","","","","","","","","","","MegaBossDragonFireAreaExplosionProjectile","","","","","","","","","","","","","","","","","","","","","","","","","","","","","","","","","","","","","","","","","","","","","true","","","","","","","","","","","","","","","","","","","",""
"MegaBossDragonCrowWeaponL3","Attack","weapon","","","true","","1","50","","3000","","24","","","","","","800","1","400","-1","","200","400","2","1","","","","","","","","","","","","","","MegaBossDragonFireProjectileBig","","","","","MegaBossCrowPushBackL3","","","","","","","","","","","","","","","","","","","","","","","","","","","","","","","","","","","","","","","","true","","","","","","","","","","","","","","","","","","","",""
"MegaBossDragonCrowWeaponSecondL3","Attack","weapon","","","true","","1","50","","3000","","42","","","","","","800","1","400","-1","","150","70","3","1","","","","","","","","","","","","","","MegaBossDragonFireProjectile","","","","","MegaBossCrowPushBackL3","","","","","","","","","","","","","","","","","","","","","","","","","","","","","","","","","","","","","","","","true","","","","","","","","","","","","","","","","","","","",""
"MegaBossDragonCrowUltiL3","Charge","ulti","","","true","","","50","","","","50","","","","","","","","250","-1","","","","","","","","","0","","3000","6","","","","","","","","","","","","MegaBossDragonCrowUltiKnifesL3","","","","","","","","","","","","","","","","","","","","crow_ulti","","","","","","","","","","","","","","","","","","","","","","","","","","","","","","","","","","","","","","","",""
"MegaBossDragonCrowUltiSecondL3","Charge","ulti","","","true","","","50","","","","50","","","","","","","","250","-1","","","","","","","","","0","","3000","6","","","","","","","","","","","","MegaBossDragonCrowUltiKnifesL3","","","","","","","","","","","","","","","","","","","","crow_ulti","","","","","","","","","","","","","","","","","","","","","","","","","","","","","","","","","","","","","","","",""
"MegaBossDragonCrowChargeL3","Charge","weapon","","","true","","1","50","","","","30","","","","","","","","1200","-1","","","","","","","","","200","","4000","1","","","","","true","","","","","","","MegaBossDragonCrowUltiKnifesSmallL3","","","","","","","","","","","","","","","","","","","","","","","","boss_demogorgon_rush","","","","","","","","","","","","","","","","true","","","","","","","","","","","","","","","","","","","",""
"MegaBossDragonCrowFire360L3","Attack","weapon","","true","true","","1","150","","2000","","35","","","","","","1000","1","500","-1","","2000","360","19","6","","true","","","","","","","","","","","","MegaBossDragonFireAreaExplosionProjectile","","","","","","","","","","","","","","","","","","","","","","","","","","","","","","","","","","","","","","","","","","","","","true","","","","","","","","","","","","","","","","","","","",""
"MegaBossDragonCrowSummon","Attack","ulti","","","true","","","30","","250","","25","","","","","1","","","","-1","","200","200","","1","","true","","","","","","2","2","","","true","","MegaBossDragonCrowSummon","","","MegaBossCrowDragonL3Ghost1","","","","","","","","","","","","","","","","","","","","shaman_ulti","","","","","","","","","","","","","","","","","","","","","","","","","","","","","","","","","","","","","","","","","",""
"BullDudeGadgetSkillMarkEnemyBuddy","Attack","bonusSkill","","true","true","","","250","18000","150","","18","","","","","","1100","1","800","-1","","100","0","","1","","true","","","","","","","","","","","","BullDudeGadgetSkillMarkEnemyProjectileBuddy","","","","","","","","","","","","","","","","","","","sc/ui.sc","icon_item_bull_1","","","bull_def_buddy_gadget1_atk","","","","","","","","","","","","","","","","","","","","","","","","","","","","","","","","","","","","","","","","","",""
"NinjaOverchargedWeapon","Attack","weapon","","true","true","","","50","","450","","29","","","","","","1900","3","480","-1","","100","35","2","1","true","true","","","","","","","","","","","","LeonDefOverchargedProjectile","","","","","","","","","","","","","","","","","","","","","","","ninja_attack","ninja_buddy_attack","","","","","","","","","","","","","","","","","","","","","true","","","","","","","","","","","","","","","","","","","",""
"CrowThrowPoisonDagger","Attack","bonusSkill","","true","true","","","250","17000","150","","25","","","","","","2000","1","800","-1","","100","0","","1","","true","","","","","","1","1","","","","","CrowThrowPoisonDaggerSkillProjectile","","","","","","","","","","","","","","","","","","","sc/ui.sc","icon_item_crow_2","","","crow_def_gadget2","","","","","","","","","","","","","","","","","","","","","","","","","","","","","","","","","","","","","","","","","",""
"CrowThrowPoisonDaggerBuddy","Attack","bonusSkill","","true","true","","","250","17000","150","","25","","","","","","2000","1","800","-1","","100","0","","1","","true","","","","","","1","1","","","","","CrowThrowPoisonDaggerSkillProjectileBuddy","","","","","","","","","","","","","","","","","","","sc/ui.sc","icon_item_crow_2","","","crow_def_buddy_gadget2","","","","","","","","","","","","","","","","","","","","","","","","","","","","","","","","","","","","","","","","","",""
"BowDudeOverchargedWeapon","Attack","weapon","","true","true","","","50","","650","","26","","","","","","1700","3","640","-1","","150","30","2","1","","true","","","","","","","","","","","","BowDudeOverchargedProjectile","","","","","","","","","","","","","","","","","","","","","","","bow_dude_attack","bow_dude_buddy_attack","","","","","","","","","","","","","","","","","","","","","true","","","","","","","","","","","","","","","","","","","",""
"MegaBossMaisieCreateTurrets","Attack","weapon","","true","true","","1","150","","1500","","35","","","","","","1000","1","","-1","","600","360","10","1","","true","","","","","","1","10","","","","","MegaBossMaisieSummonTurret","","","","","","","","","","","","","","","","","","","","","","","","","","","","","","","","","","","","","","","","","","","","","true","","","","","","","","","","","","","","","","","","","",""
"BaseballOverchargedWeapon","Attack","weapon","","true","true","","","50","","300","","11","","","","","","800","3","1400","-1","","200","300","","1","","","","200","","2000","","","","","","","","","","","","","","","","","","","","","","","","","","","","","","","bibi_def_atk","bibi_def_buddy_oc_atk","","","","","","","","","","","","","","","","","","","","","true","","","","","","","","","","","","","","","","","","","",""
"BullDudeGadgetSkillStompBuddy","Attack","bonusSkill","","true","","","1","250","20000","150","","10","","","","","","1800","1","","-1","","1000","","","","","","","","","","","","","","","","","","","","","","BullDudeStompBuddy","","","","","","follow","","","","","","","","sc/ui.sc","icon_item_bull_2","","","luchador_attack","","","","","","","","","","","","","","","","","","","","","","","","","","","","","","","","","","","","","","","","","",""
"AssaultShotgunBonusSkillBomb","Attack","bonusSkill","","true","true","","","250","20000","150","","22","","","","","","2000","1","800","-1","","100","0","","1","","true","","","","","","1","1","","","","","AssaultShotgunGadgetProjectile","","","","","","","","","","","","","","","","","","","sc/ui.sc","icon_item_griff_1","","","griff_def_gadget1_atk","griff_def_gadget1_atk","","","","","","","","","","","","","","","","","","","","","","","","","","","","","","","","DontSummonOvercharged","","","","","","","","","true"
"MagicalGirlWeapon","Attack","weapon","","true","true","","","50","","400","","17","","","","","","1400","3","540","-1","","250","0","11","1","true","true","","","","","","","","","","","","MagicalGirlProjectile;MagicalGirlProjectile2","","","","","","","","","","","","","","","","","","","","","","","stella_def_atk","","","","","","","","","","","","","1","MagicalGirlWeaponTransformed","","","","","","","","true","","","","","","","","","","","","","","","","","","","",""
"MagicalGirlWeaponTransformed","Attack","weapon","","true","true","","","150","","250","","11","","","","","","700","3","1100","-1","","150","300","","1","","true","","","","","","","","","","","","","","","","","","","","","","","","","","","","","","","","","","","","","","","","","","","","","","","","1","MagicalGirlWeapon","","","","","","","","true","","","","","","","","","","","","","","","","","","","",""
"MagicalGirlUlti","Charge","ulti","","","true","","","600","","","","13","","","","","","","","300","-1","","","","","","","","","","","2300","4","","","","","","","","","","","","","","","","","","","","","","","","","","","","","","","","","","","","","","","","","","","","","","","","","","","","","","","","","MagicalGirlShieldOvercharged","","","","","","","","","140","","","","","",""
"MagicalGirlBonusSkillFlyArea","Attack","bonusSkill","","true","true","","","250","20000","150","","22","","","","","","2000","1","","0","","100","0","","1","","true","","","","","","1","1","","","","","MagicalGirlBonusSkillFlyAreaProjectile","","","MagicalGirlFlyArea","","","","","","","","","","","","","","","","sc/ui.sc","icon_item_starr_nova_1","","","leon_def_gadget2","","","","","","","","","","","","","","","","","","","","","","","","","","","","","","","","","DontSummonOvercharged","","","","","","","","",""
"MagicalGirlBonusSkillHealing","Attack","bonusSkill","","true","true","","","250","20000","150","","22","","","","","","2000","1","800","0","","100","0","","1","","true","","","","","","","","","","","","MagicalGirlBonusSkillProjectileHealing","","","","","","","","","","","","","","","","","","","sc/ui.sc","icon_item_starr_nova_2","","","leon_def_gadget2","","","","","","","","","","","","","5","MagicalGirlBonusSkillHealingBlink","","","","","","","","","","","","","","","","","","","NoBonusSkillCooldown","","","","","","","","",""
"MagicalGirlBonusSkillHealingBlink","BlinkToProjectile","bonusSkill","","true","","","","250","20000","150","","","","","","","","2000","1","","0","","100","0","","1","","true","","","","","","","","","","","","MagicalGirlBonusSkillProjectileHealing","","","","","MagicalGirlBonusSkillHealingBlinkLeave","","MagicalGirlBonusSkillHealingBlinkEnter","","","","","","","","","","","","sc/ui.sc","icon_item_starr_nova_2_alt","","","leon_def_gadget2","","","","","","","","","","","","","8","MagicalGirlBonusSkillHealing","","","","","","","","","","","","","","","","","","","FullBonusSkillCooldownOnDeath","","","","","","","","",""
"AssaultShotgunBonusSkillCoinShower","Attack","bonusSkill","","true","true","","","","15000","","","22","","","","","","","1","300","","","","","","1","","true","","","","","","1","1","","","","","AssaultShotgunGadgetProjectileCoinShower","","","","","","","","","","","","","","","","","","","sc/ui.sc","icon_item_griff_2","","","griff_def_gadget2_atk","","","","","","","","","","","","","","","","","","","","","","","","","","","","","","","","","DontSummonOvercharged","","","","","","","","",""
"SuperNovaCactusWeapon","Attack","weapon","","true","true","","","250","","150","","11","","","","","","1600","3","1080","-1","","100","","","1","","true","","","","","","","","","","","","SuperNovaCactusProjectile","","","","","","","","","","","","","","","","","","","","","","","cactus_attack","","","","","","","","","","","","","","","","","","","","","","true","","","","","","","","","","","","","","","","","","","",""
"SuperNovaCactusUlti","Attack","ulti","","true","true","","","250","","150","","17","","","","","","","","800","-1","","100","0","","1","","true","","","","","","1","3","","","","","SuperNovaCactusUltiProjectile","","","SuperNovaCactusCover","","","","","","","","","","","","","","","","","","","","cactus_attack_ulti","","","","","","","","","","","","","","","","","","","","","","","","","","","","","","","","","","","","","","","","","",""
"SuperNovaBeeSniperWeapon","Attack","weapon","","true","true","","","50","","150","","28","","","","","","900","1","1800","-1","","100","200","","3","","true","","","","","","","","","","","","SuperNovaBeeSniperProjectile","","","","","","","","","","","","","","","","","","","","","","","bea_def_atk","bea_def_atk","","","","","","","","","","","","10","SuperNovaBeeSniperWeaponSecond","","","","","","","","true","","","","","","","","","","","","","","","","","","","",""
"SuperNovaBeeSniperWeaponSecond","Attack","weapon","","true","true","","","50","","150","","40","","","","","","900","1","3500","-1","","100","","","1","","true","","","","","","","","","","","","SuperNovaBeeSniperChargedProjectile","","","","","","","","","","","","","","","","","","","","","","","bea_def_atk","","","","","","","","","","","","","5","SuperNovaBeeSniperWeapon","","","","","","","","true","","","","","","","","","","","","","","","","","","","",""
"SuperNovaBeeSniperUlti","Attack","ulti","","true","true","","","50","","150","","20","","","","","","","","1000","-1","","100","360","19","15","","true","","","","","","","","","","","","SuperNovaBeeSniperUltiProjectile","","","","","","","","","","","","","","","","","","","","","","","tick_def_atk","","dummy_effect","","","","","","","","","","","","","","","","","","","","","","","","","","","","","","","","","","","","","","","",""
"SuperNovaFireDudeWeapon","Attack","weapon","","true","true","","","50","","100","","17","","","","","","300","25","250","-1","","150","150","","3","","true","","","","","","","","","","","","SuperNovaFireDudeProjectile","","","","","","","","","","","","","","","","","","","","","","","","","","","","","","","","","","","","","","","","","","","","true","true","","","","","","","","","","","","","","","","","","","",""
"SuperNovaFireDudeUlti","Attack","ulti","","true","true","","","250","","150","","26","","","","","","","","","-1","","100","0","","2","","true","","","","","","","","","","","","SuperNovaFireDudeUltiProjectile","","","","","","","","","","","","","","","","","","","","","","","barkeep_attack","","","","","","","","","","","","","","","","","","","","","","","","","","","","","","","","","","","","","","","","","",""
"SuperNovaVoodooWeaponEarth","Attack","weapon","","true","true","","","250","","150","","10","","","","","","1600","3","1600","-1","","100","0","","1","","true","","","","","","","","","","","","SuperNovaVoodooProjectileEarth","","","","","","","","","","","","","","","","","","","","","","","","","","","","","","","","","","","","9","SuperNovaVoodooWeaponForest","SuperNovaVoodooWeaponWater","","","","","","","true","","","","","","","","","","","","","","0","","","","","","TRUE"
"SuperNovaVoodooWeaponForest","Attack","weapon","","true","true","","","250","","150","","10","","","","","","1600","3","1400","-1","","100","0","","1","","true","","","","","","","","","","","","SuperNovaVoodooProjectileForest","","","","","","","","","","","","","","","","","","","","","","","","","","","","","","","","","","","","1","","","","","","","","","true","","","","","","","","","","","","","","7","","","","","","TRUE"
"SuperNovaVoodooWeaponWater","Attack","weapon","","true","true","","","250","","150","","10","","","","","","1600","3","1400","-1","","100","0","","1","","true","","","","","","","","","","","","SuperNovaVoodooProjectileWater","","","","","","","","","","","","","","","","","","","","","","","","","","","","","","","","","","","","1","","","","","","","","","true","","","","","","","","","","","","","","9","","","","","","TRUE"
"SuperNovaVoodooUlti","Attack","ulti","","true","true","","","50","","250","","15","","","","","10","","","","-1","","200","","","1","","true","","","","","","1","2","","","","","SuperNovaVoodooUltiProjectile","","","SuperNovaVoodooPet","","","","","","","","","","","","","","","","","","","","selena_ulti","","","","","","","","","","","","","","","","","","","","","","","","","","","","","","","","","","","","","","","","","",""
"SuperNovaVoodooPetWeapon","Attack","weapon","","","true","","","1200","","1500","","16","","","","","","1000","3","800","-1","","250","100","2","1","","true","","","","","","","","","","","","SuperNovaVoodooPetProjectile","","","","","","","","","","","","","","","","","","","","","","","max_def_atk","","","","","","","","","","","","","1","","","","","","","","","true","","","","","","","","","","","","","","","","","","","",""
"SuperNovaPercenterWeapon","Attack","weapon","","true","true","","","250","","150","","26","","","","","","1600","3","1100","-1","39","100","","","1","","true","","","","","","","","","","","","PercenterProjectile","","","","","","","","","","","","","","","","","","","","","","","brock_def_atk","","","","","","","","","","","","","","","","","","","","","","true","","","","","","","","","","","","","","","","","","","",""
"SuperNovaPercenterUlti","Charge","ulti","","","true","","","50","","","","33","","","","","","","","2200","-1","22","","","","","","","","0","","4000","10","","","","","true","","","","","","","","","","","","","","","","","","","","","","","","","","","","","","","colette_def_ulti","colette_def_ulti_cover","colette_def_overcharge","colette_def_overcharge_cover","","Rhinostep","","","","","","","","","","","","","","","","","","","","","","","","","","","","","","",""
"SuperNovaChronomancerWeapon","Attack","weapon","","true","true","","","250","","150","","25","","","","","","1300","3","900","-1","","100","","23","3","","true","","","","","","","","","","","","ChronomancerProjectile;ChronomancerProjectileSecondary","","","","","","","","","","","","","","","","","","","","","","","finx_def_atk","","","","","","","","","","","","","","","","","","","","","","true","","","","","","","","","","","","","","","","","","","",""
"SuperNovaChronomancerUlti","Attack","ulti","","true","true","2","","250","","150","","22","","","","","","","","","-1","","100","0","","1","","true","","","","","","","","","","","","ChronomancerUltiProjectile","ChronomancerUltiHyperProjectile","","","","","","","","ChronomancerOverchargedUltiTimebend","","follow","","","","","","","","","","","","tnt_attack_ulti","","","","","","","","","","","","","","","","","","","","","","","","","","","","","","","","","","","","","","","","","",""
"RockWeapon","StatusEffect","weapon","","true","","","","300","","150","","","","","","","","2200","2","","-1","","","","","","","","","","","","","","","","","","","","","","","","","","","","","","","","","","","","","","","","","","","","crow_ulti","","","","","","","","","","","","","","","","","","","","true","","","","RockWeaponDamageBoost","","","","","","","","","","","","","","","",""
"RockUlti","StatusEffect","ulti","","true","","","","50","","150","","","","","","","","","","","-1","","","","","","","","","","","","","","","","","","","","","","","","","","","","","","","","","","","","","","","","","","","","bolt_def_ulti","bolt_def_oc_ulti","","","","","","","","","","","","","","","","","","","","","","","RockUltiDamageReduction","","","","","","","","","","","","","","","",""
"RockGadgetJump","Charge","bonusSkill","","","true","","","50","20000","","","12","","","","","","","1","600","-1","","","","","","","","","","","5000","11","","","","","","","","","","","","","","RockGadgetJumpArea","TRUE","","","","","","","","","","","sc/ui.sc","icon_item_bolt_2","","","","","","","","","","","","","","","","","","","","","","","","","","","","","","","","","","","","","","","","","","","","",""
"AssaultShotgunBonusSkillCoinShowerBuddy","Attack","bonusSkill","","true","true","","","","15000","","","22","","","","","","","1","300","","","","","","1","","true","","","","","","1","1","","","","","AssaultShotgunGadgetProjectileCoinShowerBuddy","","","","","","","","","","","","","","","","","","","sc/ui.sc","icon_item_griff_2","","","griff_def_buddy_gadget2_atk","","","","","","","","","","","","","","","","","","","","","","","","","","","","","","","","","DontSummonOvercharged","","","","","","","","",""
"AssaultShotgunBonusSkillBombBuddy","Attack","bonusSkill","","true","true","","","250","20000","150","","22","","","","","","2000","1","","-1","","100","0","","1","","true","","","","","","1","1","","","","","AssaultShotgunGadgetProjectileBuddy","","","AssaultShotgunBombBuddy","","","","","","","","","","","","","","","","sc/ui.sc","icon_item_griff_1","","","griff_def_buddy_gadget1_atk","griff_def_buddy_gadget1_atk","","","","","","","","","","","","","","","","","","","","","","","","","","","","","","","","DontSummonOvercharged","","","","","","","","",""
"DummySkillForChargeBall","Attack","utility","","true","true","3","","250","","150","","18","","","","TRUE","","","","","-1","","100","","17","1","","true","","","","","","","","","","","","DummyProjectileForLaserBall","","","","","","","","","","","","","","","","","","","","","","","laser_ball_throw","","","","","","","","","","","","","","","","","","","","","","","","","","","","","","","","","","","","","","","","","",""
"DummyUltiSkillForChargeBall","Attack","utility","","true","true","3","","250","","150","","36","","","","TRUE","","","","","-1","","100","","17","1","","true","","","","","","","","","","","","DummyProjectileForLaserBall","","","","","","","","","","","","","","","","","","","","","","","laser_ball_throw_ulti","","","","","","","","","","","","","","","","","","","","","","","","","","","","","","","","","","","","","","","","","",""
"GladiatorUltiArena","Charge","ulti","","","true","","","50","","","","18","","","","","","","","","-1","","100","","","","","","","","","3000","2","","","","","","","","","","","","","","GladiatorUltiArenaAreaEffect","TRUE","","","","","","","","","","","","","","","","","","","","","","","","","","","","","","","","","","","","","","","","","","","","","","","","","","","","","","","","",""
"AssaultShotgunOverchargedWeapon","Attack","weapon","","true","true","","","50","","650","","25","","","","","","1700","3","280","-1","","200","30","10","3","","true","","","","","","","","","","","","AssaultShotgunOverchargedProjectile;AssaultShotgunOverchargedProjectileSp1Buddy","","","","","","","","","","","","","","","","","","","","","","","shelly_def_atk","","","","","","","","","","","","","","","","","","","","","","true","","","","","","","","","","","","","","","","","","","",""
"MegaBossPercenterWeapon","Attack","weapon","","","true","","","250","","1500","","35","","","","","","1600","3","800","-1","","300","60","6","1","","true","","","","","","","","","","","","MegaBossPercenterProjectile","","","","","","","","","","","","","","","","","","","","","","","brock_def_atk","","","","","","","","","","","","","","","","","","","","","","true","","","","","","","","","","","","","","","","","","","",""
"MegaBossPercenterWeapon360","Attack","weapon","","","true","","","250","","1500","","30","","","","","","1600","3","800","-1","","1500","200","19","10","","true","","","","","","","","","","true","","MegaBossPercenterThrowProjectile","","","","","","","","","","","","","","","","","","","","","","","brock_def_atk","","","","","","","","","","","","","","","","","","","","","","true","","","","","","","","","","","","","","","","","","","",""
"MegaBossPercenterWeaponLarge","Attack","weapon","","","true","","","250","","2000","","100","","","","","","1600","3","1000","-1","","1000","","","1","","true","","","","","","","","","","true","","MegaBossPercenterProjectileLarge","","","","","","","","","","","","","","","","","","","","","","","brock_def_atk","","","","","","","","","","","","","","","","","","","","","","true","","","","","","","","","","","","","","","","","","","",""
"MegaBossPercenterUlti","Charge","ulti","","","true","","","50","","","","30","","","","","","","","800","-1","","","","","","","","","0","","2000","10","","","","","true","","","","","","","MegaBossColetteChargeProjectileArea","true","","","","","trail","","","1500","100","","","","","","","","","","","","","","colette_def_ulti","colette_def_ulti_cover","colette_def_overcharge","colette_def_overcharge_cover","","Rhinostep","","","","","","","","","","","","","","","","","","","","","","","","","","","","","","",""
"MegaBossPercenterSpawnTurrent","Attack","weapon","","","true","","1","150","","2000","","48","","","","","","1000","1","","-1","","1000","90","","1","","true","","","","","","1","6","","","true","","MegaBossPercenterSpawnTurrentProjectile","","","MegaBossPercenterTurret","","","","","","","","","","","","","","","","","","","","","","","","","","","","","","","","","","","","","","","","","","true","","","","","","","","","","","","","","","","","","","",""
"MegaBossPercenterTurrentSpawnPet","Attack","weapon","","","true","","1","150","","1000","","1","","","","","","1000","1","","-1","","1000","","","1","","true","","","","","","2","50","","","","","MegaBossPercenterTurrentPetProjectile","","","MegaBossPercenterPet","","","","","","","","","","","","","","","","","","","","","","","","","","","","","","","","","","","","","","","","","","true","","","","","","","","","","","","","","","","","","","",""
"MegaBossPercenterPetSkill","Charge","weapon","","","true","","","300","","","","10","","","","","","","","250","-1","","","","","","","","","0","","2000","10","","","","","true","","","","","","","","","","","","","","","","","","","","","","","","","","","","","","","colette_def_ulti","colette_def_ulti_cover","colette_def_overcharge","colette_def_overcharge_cover","","Rhinostep","","","","","","","","","","","","","","","","","","","","","","","","","","","","","","",""
"MegaBossFinxWeaponSkill","Attack","weapon","","","true","","","250","","600","","45","","","","","","1300","3","800","-1","","250","","23","5","","true","","","","","","","","","","true","","ChronomancerProjectile;ChronomancerProjectileSecondary","","","","","","","","","","","","","","","","","","","","","","","finx_def_atk","","","","","","","","","","","","","","","","","","","","","","true","","","","","","","","","","","","","","","","","","","",""
"MegaBossFinxSpawnTimebends","Attack","weapon","","","true","","1","150","","3000","","30","","","","","","1000","1","","-1","","800","360","10","1","","true","","","","","","","","","","","","MegaBossFinxTimebendProjectile","","","","","","","","","","","","","","","","","","","","","","","","","","","","","","","","","","","","","","","","","","","","","true","","","","","","","","","","","","","","","","","","","",""
"MegaBossFinxTowerStasis","Attack","weapon","","","","","1","250","","12000","","75","","","","","","500","3","","-1","","10000","","","","","","","","","","","","","","","","","","","","","","MegaBossFinxTowerTimebend","","","","","","follow","","","","","","","","","","","","luchador_attack","","","","","","","","","","","","","","","","","","","","","","true","","","","","","","","","","","","","","","","","","","",""
"MegaBossFinxTowerPushAway","Attack","weapon","","","true","","1","50","","700","","2","","","","","","800","1","1200","-1","","600","300","","1","","","","400","","2000","","","","","","","","","","","","","MegaKenjiPushBack","","","","","","","","","","","","","","","","","","","","samurai_mega_atk1_slash","","","","","","","","","","","","","","","","","","","","true","","","","","","","","","","","","","","","","","","","",""
"MegaBossFinxTimeStopShots","Attack","weapon","","","","","1","250","","150","500","45","","","","","","1800","","","-1","","1000","","","","","","","","","","","","","","","","","","","","","","MegaBossFinxTimeStopBulletExplosion","","","","","","follow","","","","","","","","","","","","shelly_def_ulti","","","","","","","","","","","","","","","","","","","","","","","","","","","","","","","","","","","","","","","","","",""
"MegaBossFinxTimeRift","Attack","weapon","","","","","1","250","","150","500","45","","","","","","1800","","","-1","","1000","","","","","","","","","","","","","","","","","","","","","","MegaBossFinxTimeRiftBulletExplosion","","","","","","follow","","","","","","","","","","","","shelly_def_ulti","","","","","","","","","","","","","","","","","","","","","","","","","","","","","","","","","","","","","","","","","",""
"MegaBossFinxKittenWeapon","Attack","weapon","","true","true","","","100","","250","","7","","","","","","800","3","300","-1","","300","150","","1","","","","","","","","","","","","","","","","","","","","","","","","","","","","","","","","","","","","","","","","","","","","","","","","","","1","AttacherWeaponAlternate","AttacherWeaponAlternateOvercharge","","","","","","","true","","","","","","","","","","","","TID_ATTACHER_WEAPON","","","","","","","",""
"MegaBossFinxSpawnKittens","Attack","weapon","","true","true","","1","150","","2500","","35","","","","","","1000","1","","-1","","500","360","10","1","","true","","","","","","1","","","","TRUE","","MegaBossFinxSpawnKittensProjectile","","","","","","","","","","","","","","","","","","","","","","","","","","","","","","","","","","","","","","","","","","","","","true","","","","","","","","","","","","","","","","","","","",""
"MegaBossFinxTimebendSelf","Attack","weapon","","true","","","1","250","","150","","50","","","","","","1800","3","","-1","","1000","","","","","","","","","","","","","","","","","","","","","","MegaBossFinxTimebendSelf","","","","","","follow","","","","","","","","","","","","luchador_attack","","","","","","","","","","","","","","","","","","","","","","true","","","","","","","","","","","","","","","","","","","",""
"MegaBossFinxReturnedSpawnTimebends","Attack","weapon","","","true","","1","150","","3000","","35","","","","","","1000","1","","-1","","500","360","10","1","","true","","","","","","","","","","","","MegaBossFinxTimebendProjectile","","","","","","","","","","","","","","","","","","","","","","","","","","","","","","","","","","","","","","","","","","","","","true","","","","","","","","","","","","","","","","","","","",""
"MegaBossFinxReturnedWeaponSkill","Attack","weapon","","","true","","","250","","2000","","50","","","","","","1300","3","800","-1","","400","","23","5","","true","","","","","","","","","","true","","MegaBossFinxReturnChronomancerProjectile;MegaBossFinxReturnChronomancerProjectileSecondary","","","","","","","","","","","","","","","","","","","","","","","finx_def_atk","","","","","","","","","","","","","","","","","","","","","","true","","","","","","","","","","","","","","","","","","","",""
"MegaBossFinxPushAway","Attack","weapon","","","true","","1","50","","700","","5","","","","","","800","1","1200","-1","","600","300","","1","","","","400","","2000","","","","","","","","","","","","","MegaKenjiPushBack","","","","","","","","","","","","","","","","","","","","samurai_mega_atk1_slash","","","","","","","","","","","","","","","","","","","","true","","","","","","","","","","","","","","","","","","","",""
"MegaBossFinxCharge","Charge","weapon","","","true","","1","50","","","","35","","","","","","","","1000","-1","","","","","","","","","200","","1500","1","","","","","true","","","","","","","","","","","","","","","","","","","","","","","","","","","","","","","boss_demogorgon_rush","","","","","","","","","","","","","","","","true","","","","","","","","","","","","","","","","","","","",""
"MegaBossFinxTowerIdle","Attack","weapon","","","","","1","250","","1000","","75","","","","","","500","3","","-1","","1000","","","","","","","","","","","","","","","","","","","","","","MegaBossFinxTowerStasisAreaWarning","","","","","","","","","","","","","","","","","","luchador_attack","","","","","","","","","","","","","","","","","","","","","","true","","","","","","","","","","","","","","","","","","","",""
"GladiatorGadgetSkillAmp","Attack","bonusSkill","","true","true","2","","250","15000","150","","22","","","","","","2000","1","800","-1","","100","0","","1","","true","","","","","","1","1","","","","","GladiatorGadgetSkillProjectileAmp","","","","","","","","","","","","","","","","GladiatorHealingItem","","","sc/ui.sc","icon_item_gladiator_1","","","bo_def_gadget1","bo_def_gadget1","","","","","","","","","","","","","","","","","","","","","","","","","","","","","","","","DontSummonOvercharged","","","","","","","","",""
"GladiatorGadgetSkillWall","Attack","bonusSkill","","true","true","","","250","20000","150","","22","","","","","","2000","1","800","-1","","100","0","","1","","true","","","","","","1","1","","","","","GladiatorGadgetSkillProjectileWall","","","","","","","","","","","","","","","","","","","sc/ui.sc","icon_item_gladiator_2","","","bo_def_gadget1","bo_def_gadget1","","","","","","","","","","","","","","","","","","","","","","","","","","","","","","","","DontSummonOvercharged;SnapAimToTile","","","","","","","","",""
"EnragerPullBuddy","Attack","bonusSkill","","true","true","","","250","18000","150","","20","","","","","","","1","","-1","","100","","","1","","true","","","","","","","","","","","","EnragerPullProjectileBuddy","","","","","","","","","","","","","","","","","","","sc/ui.sc","icon_item_edgar_1","icon_item_edgar_1","","","","edgar_gadget1_throw","","","","","","","","","","","","","","","","","","","","","","","","","","","","","","","","","","","","","","","EnragerGadgetBuddySpeedBoost",""
"EnragerOverchargedWeapon","Attack","weapon","","true","true","","","50","","450","","6","","","","","","700","3","540","-1","","100","0","11","1","true","true","","","","","","","","","","","","EnragerProjectile;EnragerProjectile;EnragerOverchargedLongRangeProjectile;EnragerOverchargedLongRangeProjectile","","","","","","","","","","","","","","","","","","","","","","","luchador_attack","","","","","","","","","","","","","","","","","","","","-50","","true","","","","","","","","","","","ChangingProjectileModifyDamageLastHalf","","","","","","","","",""
"PercenterOverchargedWeapon","Attack","weapon","","true","true","","","250","","150","","26","","","","","","1600","3","1100","-1","39","100","","","1","","true","","","","","","","","","","","","PercenterOverchargedProjectile","","","","","","","","","","","","","","","","","","","","","","","brock_def_atk","colette_def_buddy_oc_atk","","","","","","","","","","","","","","","","","","","","","true","","","","","","","","","","","","","","","","","","","",""
"PercenterCharmAttack","Attack","bonusSkill","","true","true","","","250","22000","150","","25","","","","","","2000","1","0","-1","","100","0","","1","","true","","","","","","1","1","","","","","PercenterCharmSkillProjectile","","","","","","","","","","","","","","","","","","","sc/ui.sc","icon_item_colette_1","","","colette_def_buddy_gadget1","colette_def_buddy_gadget1","","","","","","","","","","","","","","","","","","","","","","","","","","","","","","","","UseWeaponAmmo","","","","","","","","",""
"PercenterCharmAttackBuddy","Attack","bonusSkill","","true","true","","","250","22000","150","","25","","","","","","2000","1","0","-1","","100","0","","1","","true","","","","","","1","1","","","","","PercenterCharmSkillBuddyProjectile","","","","","","","","","","","","","","","","","","","sc/ui.sc","icon_item_colette_1","","","colette_def_buddy_gadget1","colette_def_buddy_gadget1","","","","","","","","","","","","","","","","","","","","","","","","","","","","","","","","UseWeaponAmmo","","","","","","","","",""
"PercenterLifestealAttack","Attack","bonusSkill","","true","true","","","250","17000","150","","25","","","","","","2000","3","500","-1","39","100","0","","1","","true","","","","","","1","1","","","","","PercenterLifestealProjectile","","","","","","","","","","","","","","","","","","","sc/ui.sc","icon_item_colette_2","","","colette_def_buddy_gadget2","colette_def_buddy_gadget2","","","","","","","","","","","","","","","","","","","","","","","","","","","","","","","","UseWeaponAmmo","","","","","","","","",""
"PercenterLifestealAttackBuddy","Attack","bonusSkill","","true","true","","","250","17000","150","","25","","","","","","2000","3","500","-1","39","100","0","","1","","true","","","","","","1","1","","","","","PercenterLifestealBuddyProjectile","","","","","","","","","","","","","","","","","","","sc/ui.sc","icon_item_colette_2","","","colette_def_buddy_gadget2","colette_def_buddy_gadget2","","","","","","","","","","","","","","","","","","","","","","","","","","","","","","","","UseWeaponAmmo","","","","","","","","",""
"KatanaKidWeaponSlash","Attack","weapon","","true","true","","2","300","","250","","11","","","","","","100","1","1100","-1","","150","260","","1","","true","","","","","","","","","","","","","","","","","","","","","","","","","","","","","","","","","","","nori_def_atk_slash","","","","","","","","","","","","","1","","","","","","","","","true","","","","","","","","","","","UseHoldAim;ApplySkillSwapImmediatelyOnClient","","","40","","","","","",""
"KatanaKidWeaponRanged","Attack","weapon","","true","true","","2","300","","150","","8","","","24","","","100","1","720","-1","","100","","26","1","","true","","","","","","","","","","","","KatanaKidProjectile","","","","","","","","","","","","","","","","","","","","","","","nori_def_atk","","","","","","","","","","","","","1","","","","","","","","","true","","","","","","","","","","","UseHoldAim;ApplySkillSwapImmediatelyOnClient","","","40","","","","","",""
"KatanaKidWeaponFullChargeRanged","Attack","weapon","","true","true","","2","300","","150","","8","","","24","","","100","1","720","-1","","100","","26","1","","true","","","","","","","","","","","","KatanaKidFullChargeProjectile","","","","","","","","","","","","","","","","","","","","","","","nori_def_atk_max","","","","","","","","","","","","","1","","","","","","","","","true","","","","","","","","","","","UseHoldAim;ApplySkillSwapImmediatelyOnClient","","","40","","","","","",""
"KatanaKidUlti","Charge","ulti","","","true","","","50","","","","20","","","","","","","","1250","-1","","","","","","","","","","","5000","11","","","","","","","","","","","","","","KatanaKidUltiWarning","true","","","","","","","","","","","","","","","","","crow_ulti","","","","","","","","","","","","","","","","","","","","","","","","","","","","","","","","","","","","","","","",""
"KatanaKidGadgetSkillFishNet","Attack","bonusSkill","","true","true","","2","50","20000","150","","22","","","","","","100","1","400","0","","100","","","1","","true","","","","","","","","","","","","KatanaKidGadgetSkillFishNetProjectile","","","","","","","","","","","","","","","","","","","sc/ui.sc","icon_item_nori_2","","","nori_def_gadget2","","","","","","","","","","","","","","","","","","","","","","","","","","","","","","","","","","","","","","","","","",""
"MegaBossFinxReturnedSpawnKittens","Attack","weapon","","true","true","","1","150","","3000","","30","","","","","","1000","1","","-1","","300","360","10","1","","true","","","","","","1","","","","TRUE","","MegaBossFinxSpawnKittensProjectile","","","","","","","","","","","","","","","","","","","","","","","","","","","","","","","","","","","","","","","","","","","","","true","","","","","","","","","","","","","","","","","","","",""
"SuperNovaMagicalGirlUlti","Charge","ulti","","","true","","","600","","","","13","","","","","","","","1000","-1","","","","","","","","","","","2000","4","","","","","","","","","","","","","","","","","","","","","","","","","","","","","","","","","","","","","","","","","","","","","","","","","","","","","","","","","","","","","","","","","","140","","","","","",""
"SuperNovaMagicalGirlWeaponTransformed","Attack","weapon","","true","true","","","150","","250","","11","","","","","","700","3","1500","-1","","150","300","","1","","true","","","","","","","","","","","","","","","","","","","","","","","","","","","","","","","","","","","","","","","","","","","","","","","","1","MagicalGirlWeapon","","","","","","","","true","","","","","","","","","","","","","","","","","","","",""
"FutureGirlWeapon","Attack","weapon","","true","true","","","500","","150","","24","","","","","","1450","3","1100","-1","","100","","","1","","true","","","","","","","","","","","","FutureGirlProjectile","","","","","","","","","","","","","","","","","","","","","","","","","","","","","","","","","","","","","","","","","","","","","true","","","","","","","","","","","","","","","","","","","",""
"FutureGirlUlti","Attack","ulti","","true","true","","","50","","250","","15","","","","","1","","","","-1","","200","","","1","","true","","","","","","1","1","","","","","FutureGirlUltiProjectile","","","FutureGirlTurret","","","","","","","","","","","","","","","","","","","","","","","","","","","","","","","","","","","","","","","","","","","","","","","","","","","","","","","","","","","","","",""
"FutureGirlEscapeGadgetSkill","Charge","bonusSkill","","","true","1","","0","18000","","","15","","","","","","2400","1","","-1","","","","","","","","","","","3500","11","","","","","true","","","","","","","","","","","","","","","","","","","","","sc/ui.sc","icon_item_wendy_1","","","","","wendy_gadget_1_sfx","","","edgar_overcharged_ultiend","","","","","","","","","","","","","","","","","","","","","","","","","","","","","","","","","","","","",""
"FutureGirlProjectileGadgetSkill","Attack","bonusSkill","","true","true","","","250","18000","150","","30","","","","","","2000","1","1100","-1","","100","0","","1","","true","","","","","","1","1","","","","","FutureGirlGadgetProjectile","","","","","","","","","","","","","","","","","","","sc/ui.sc","icon_item_wendy_2","","","wendy_def_gadget2","wendy_def_gadget2","","","","","","","","","","","","","","","","","","","","","","","","","","","","","","","","UseWeaponAmmo","","","","","","","","",""
"MegaBossBlackHoleWeapon","Attack","weapon","","","true","","","250","","800","","50","","","","","","2000","3","300","-1","","250","100","","3","","true","","","","","","","","","","true","","MegaBossBlackHoleProjectile","","","","","","","","","","","","","","","","","","","","","","","tara_008_atk","","","","","","","","","","","","","","","","","","","","","","true","","","","","","","","","","","","","","","","","","","",""
"MegaBossBlackHoleUltiShield","Attack","ulti","","","true","","","250","","150","","45","","","","","","","","800","-1","","100","0","","1","","true","","","","","","1","","","","true","","MegaBossBlackHoleUltiShieldPetProjectile","","","","","","","","","","","","","","","","","","","","","","","blackhole_ulti","","","","","","","","","","","","","","","","","","","","","","","","","","","","","","","","","","","","","","","","","",""
"MegaBossBlackHolePetShield","Attack","weapon","","","true","","","250","","","","20","","","","","","","","480","-1","","","","","1","","true","","","","","","","","","","","","MegaBossBlackHoleShieldPetProjectile","","","","","","","","","","","","","","","","","","","","","","","tara_def_atk","","","","","","","","","","","","","","","","","","","","","","true","","","","","","","","","","","","","","","","","","","",""
"MegaBossBlackHoleUltiExplodingPet","Attack","ulti","","","true","","","250","","150","","45","","","","","","","","800","-1","","100","0","","1","","true","","","","","","1","","","","true","","MegaBossBlackHoleUltiExplodingPetProjectile","","","","","","","","","","","","","","","","","","","","","","","blackhole_ulti","","","","","","","","","","","","","","","","","","","","","","","","","","","","","","","","","","","","","","","","","",""
"MechaDudeGadgetSkillSendIt","Attack","bonusSkill","","true","true","","","250","22000","150","","20","","","","","","800","1","800","0","","100","0","5","1","","true","","","","","","","","","","","","MechaDudeSendItProjectile","","","","","","","","","","","","","","","","","","","sc/ui.sc","icon_item_meg_2","","","","","","","","","","","","","","","","","","","","","","","","","","","","","","","","","","","","UseWeaponAmmo","","","","","","","","",""
"MechaDudeGadgetSkillSendItBuddy","Attack","bonusSkill","","true","true","","","250","22000","150","","22","","","","","","800","1","800","0","","100","0","5","1","","true","","","","","","","","","","","","MechaDudeSendItProjectileBuddy","","","","","","","","","","","","","","","","","","","sc/ui.sc","icon_item_meg_2","","","","","","","","","","","","","","","","","","","","","","","","","","","","","","","","","","","","UseWeaponAmmo","","","","","","","","",""
"MegaBossBlackHoleSpreadAttack","Attack","weapon","","","true","","","500","","150","","27","","","","","","","","500","-1","","200","270","10","7","","true","","","","","","","","","","true","","MegaBossBlackholeSpreadProjectile","","","","","","","","","","","","","","","","","","","","","","","whirlwind_attack","griff_def_oc_ulti","","","","","","","","","","","","","","","","","","","","","","","","","","","","","","","","","","","","","","","","",""
"MegaBossRocketGirlWeaponBasic","Attack","weapon","","","true","","","250","","1500","","45","","","","","","2100","3","500","-1","","300","80","2","1","","true","","","","","","","","","","true","","MegaBossRocketGirlProjectileBasic","","","","","","","","","","","","","","","","","","","","","","","brock_def_atk","","","","","","","","","","","","","","","","","","","","","","true","","","","","","","","","","","","","","","","","","","",""
"MegaBossRocketGirlUlti","Attack","weapon","","","true","","","250","","1250","","45","","","","","","","","500","-1","","150","120","9","1","","true","","","","","","","","","","","","MegaBossRocketGirlUltiProjectile","","","","","","","","","","","","","","","","","","","","","","","brock_012_ulti_atk","brock_012_oc_ulti_atk","","","","","","","","","","","","","","","","","","","","","","","","","","","","","","","","","","","","","","","","",""
"MegaBossRocketGirlWeaponRotatingStream","Attack","weapon","","","true","","1","250","","4999","","45","","","","","","2100","","500","-1","","416","","27","1","","","","","","","","","","","","true","","MegaBossRocketGirlStreamProjectile","","","","","","","","","","","","","","","","","","","","","","","brock_012_atk","","","","","","","","","","","","","","","","","","","","","","true","","","","","","","","","","","","","","360","","","","","",""
"MegaBossBlackHoleGravityWells","Attack","weapon","","","true","","","250","","2000","","40","","","40","","","","","500","-1","","400","800","","1","","true","","","","","","","","","","","","MegaBossBlackHoleGravityWellProjectile","","","","","","","","","","","","","","","","","","","","","","","blackhole_ulti","","","","","","","","","","","","","","","","","","","","","","","","","","","","","","","","","","","","","","","","","",""
"MegaBossBlackHoleBoomerangWells","Attack","weapon","","","true","","","250","","2000","","40","","","40","","","","","500","-1","","2000","0","19","8","","true","","","","","","","","","","true","","MegaBossBlackHoleBoomerangWellProjectile","","","","","MegaBossBlackHoleGravityWellWarning","","","","","","follow","","","","","","","","","","","","blackhole_ulti","","","","","","","","","","","","","","","","","","","","","","","","","","","","","","","","","","","","","","","","","",""
"MegaBossRocketGirlMatryoshka","Attack","weapon","","","true","","","250","","500","","40","","","40","","","","","500","-1","","100","1200","","1","","true","","","","","","","","","","","","MegaBossRocketGirlMatryoshkaProjectile","","","","","","","","","","","","","","","","","","","","","","","brock_012_ulti_atk","","","","","","","","","","","","","","","","","","","","","","","","","","","","","","","","","","","","","","","","","",""
"MegaBossRocketGirlRocketRain","Attack","weapon","","","true","","","250","","2000","","40","","","40","","","","","500","-1","","200","1200","","1","","true","","","","","","","","","","","","MegaBossRocketGirlRainProjectile","","","","","","","","","","","","","","","","","","","","","","","blackhole_ulti","","","","","","","","","","","","","","","","","","","","","","","","","","","","","","","","","","","","","","","","","",""
"MegaBossRocketGirlWeaponRotatingStreamOvercharged","Attack","weapon","","","true","","1","250","","2999","","45","","","","","","2100","","500","-1","","220","","27","1","","","","","","","","","","","","true","","MegaBossRocketGirlStreamProjectile","","","","","","","","","","","","","","","","","","","","","","","brock_012_atk","","","","","","","","","","","","","","","","","","","","","","true","","","","","","","","","","","","","","360","","","","","",""
"MegaBossRocketGirlUltiOvercharged","Attack","weapon","","","true","","","250","","1500","","45","","","","","","","","500","-1","","100","200","9","1","","true","","","","","","","","","","","","MegaBossRocketGirlUltiProjectile","","","","","","","","","","","","","","","","","","","","","","","brock_012_ulti_atk","brock_012_oc_ulti_atk","","","","","","","","","","","","","","","","","","","","","","","","","","","","","","","","","","","","","","","","",""
"MechaDudeBigOverchargedUltiBuddy","Attack","overchargedUlti","","true","true","","2","50","","350","","22","","","","","","","","1700","50","","200","300","","1","","","","","","","","","","","","","","","","","","","","","","","","","","","","","","","","","sc/ui.sc","button_ulti_meg","button_ulti_blue_meg","","","mecha_overcharged_swing","","","","","","","","","","","","","","","","","","","","","","","","","","","","","","","","","","","","","","","","",""
"MechaDudeWeaponOverChargedBuddy","Attack","weapon","","true","true","","","50","","350","","27","","","","","","1300","3","300","-1","","100","","6","1","","true","","","","","","","","","","","","MechaDudeProjectile","MechaDudeProjectileHyperCharged","","","","","","","","","","","","","","","","","","","","","","colt_def_atk","mecha_def_buddy_oc_atk1","","","","","","","","","","","","","","","","","","","","","true","","","","","","","","","","","","","","","","","","","",""
"TrickshotDudeGadgetSkillSpawnContainer","Attack","bonusSkill","","true","true","","","250","19000","150","","22","","","","","","2000","1","800","-1","","100","0","","1","","true","","","","","","1","1","","","","","TrickshotDudeGadgetSkillProjectile","","","TrickshotDudeGadgetSkillContainer","","","","","","","","","","","","","","","","sc/ui.sc","icon_item_ricochet_1","","","rico_def_gadget1_atk","","","","","","","","","","","","","","","","","","","","","","","","","","","","","","","","","DontSummonOvercharged","","","","","","","","",""
"TrickshotDudeGadgetSkillSplitterShot","Attack","bonusSkill","","true","true","","","250","17000","150","","29","","","","","","2000","1","980","0","","100","0","","1","","true","","","","","","","","","","","","TrickshotDudeGadgetSkillSplitterShotProjectile","","","","","","","","","","","","","","","","","","","sc/ui.sc","icon_item_ricochet_2","","","rico_def_gadget2_atk","","","","","","","","","","","","","","","","","","","","","","true","","","","","","","","","","","","","","","","","","","",""
"TrickshotDudeGadgetSkillSpawnContainerBuddy","Attack","bonusSkill","","true","true","","","250","19000","150","","22","","","","","","2000","1","800","-1","","100","0","","1","","true","","","","","","1","1","","","","","TrickshotDudeGadgetSkillProjectileBuddy","","","TrickshotDudeGadgetSkillContainerBuddy","","","","","","","","","","","","","","","","sc/ui.sc","icon_item_ricochet_1","","","rico_def_buddy_gadget1_atk","","","","","","","","","","","","","","","","","","","","","","","","","","","","","","","","","DontSummonOvercharged","","","","","","","","",""
"TrickshotDudeGadgetSkillSplitterShotBuddy","Attack","bonusSkill","","true","true","","","250","17000","150","","29","","","","","","2000","1","980","0","","100","0","","1","","true","","","","","","","","","","","","TrickshotDudeGadgetSkillSplitterShotProjectileBuddy","","","","","","","","","","","","","","","","","","","sc/ui.sc","icon_item_ricochet_2","","","rico_def_buddy_gadget2_atk","","","","","","","","","","","","","","","","","","","","","","true","","","","","","","","","","","","","","","","","","","",""
"MechaDudeBigWeaponBuddy","Attack","weapon","","true","true","","","50","","850","","22","","","","","","1100","3","150","-1","","100","20","","2","true","true","","","","","","","","","","","","MechaDudeBigProjectile","MechaDudeBigProjectileHyperChargedBuddy","","","","","","","","","","","","","","","","","","","","","","colt_def_atk","mecha_def_buddy_oc_atk2","","","","","","","","","","","","","","","","","","","","","true","","","","","","","","","","","","","","","","","","","",""
"TrickshotDudeWeaponBuddyOvercharged","Attack","weapon","","true","true","","","50","","720","","29","","","","","","1100","3","300","-1","","120","15","1","1","","true","","","","","","","","","","","","TrickshotDudeProjectileOverchargeBuddy","","","","","","","","","","","","","","","","","","","","","","","rico_def_atk","rico_def_buddy_oc","","","","","","","","","","","","","","","","","","","","","true","","","","","","","","","","","","","","","","","","","",""
"RocketGirlGadgetSkillJump","Charge","bonusSkill","","","true","","","50","20000","","","12","","","","","","","1","500","0","","","","","","","","","","","4000","11","","","","","","","","","","","","RocketGirlGadgetJumpArea","","RocketGirlGadgetJumpArea","TRUE","","","","","","","","","","","sc/ui.sc","icon_item_bolt_2","","","","","","","","","","","","","","","","","","","","","","","","","","","","","","","","","","","","","","","","","","","","",""
"RocketGirlGadgetSkillMegaRocket","Attack","bonusSkill","","true","true","","","250","22000","150","","27","","","","","","800","1","1000","0","","100","0","5","1","","true","","","","","","","","","","","","RocketGirlGadgetSkillMegaRocketProjectile","","","","","","","","","","","","","","","","","","","sc/ui.sc","icon_item_emz_2","","","brock_def_gadget2_atk","","","","","","","","","","","","","","","","","","","","","","","","","","","","","","","","","","","","","","","","","",""
"RocketGirlGadgetSkillMegaRocketBuddy","Attack","bonusSkill","","true","true","","","250","22000","150","","27","","","","","","800","1","1000","0","","100","0","5","1","","true","","","","","","","","","","","","RocketGirlGadgetSkillMegaRocketProjectileBuddy","","","","","","","","","","","","","","","","","","","sc/ui.sc","icon_item_emz_2","","","brock_def_buddy_gadget2_atk","","","","","","","","","","","","","","","","","","","","","","","","","","","","","","","","","","","","","","","","","",""
"MegaBossRocketGirlJump","Attack","ulti","","","true","","","50","","","","7","","","","","","","","300","-1","","","","","","","","","","","","","","","","","true","","","","","","","MegaBossRocketGirlJumpExplosionWarning","true","","","","","","","","","","","","","","","","","","","crow_ulti","","","","","","","","","","","","","","","","","","","","","","","","","","","","","","","","","","","","","","","",""
"MegaKatanaKidPushAway","Attack","weapon","","","true","","1","50","","700","","5","","","","","","800","1","1200","-1","","600","300","","1","","","","500","","2000","","","","","","","","","","","","","MegaKatanaKidPushBack","","","","","","","","","","","","","","","","","","","","samurai_mega_atk1_slash","","","","","","","","","","","","","","","","","","","","true","","","","","","","","","","","","","","","","","","","",""
"MegaKatanaKidWeaponRanged","Attack","weapon","","true","true","","2","50","","500","","40","","","","","","100","1","1000","-1","","500","","","1","","true","","","","","","","","","","","","MegaKatanaKidProjectile","","","","","","","","","","","trail","","","","","","","","","","","","nori_def_atk","","","","","","","","","","","","","","","","","","","","","","true","","","","","","","","","","","","","","","","","","","",""
"MegaKatanaKidWeaponSlash","Attack","weapon","","true","true","","2","50","","500","","25","","","","","","100","1","1000","-1","","500","260","","1","","true","","","","","","","","","","","","","","","","","","","","","","","","","","","","","","","","","","","nori_boss_slash","","","","","","","","","","","","","","","","","","","","","","true","","","","","","","","","","","","","","","","","","","",""
"MegaKatanaKid360Fish","Attack","weapon","","true","","","1","50","","500","","30","","","","","","1000","1","","-1","","500","360","","1","","true","","","","","","","","","","true","","","","","","","MegaKatanaKid360FishExplosion","","","","","","","","","","","","","","","","","","","","","","","","","","","","","","","","","","","","","","","","true","","","","","","","","","","","","","","","","","","","",""
"MegaKatanaKidUlti","Charge","weapon","","","true","","2","50","","","","30","","","","","","","","1000","-1","","","","","","","","","","","4000","11","","","","","","","","","","","","","","MegaKatanaKidUltiDamage","true","","","","","","","","","","","","","","","","","crow_ulti","","","","","","","","","","","","","","","","","","","","true","","","","","","","","","","","","","","","","","","","",""
"MegaKatanaKidHook","Attack","weapon","","true","true","","2","50","","200","","50","","","","","","400","1","","-1","","200","400","","3","","true","","","","","","","","","","","","MegaKatanaKidHookProjectile","","","","","","","","","","","","","","","","","","","","","","","gene_def_ulti","","","","","","","","","","","","","","","","","","","","","","true","","","","","","","","","","","","","","","","","","","",""
"RocketGirlWeaponBuddy","Attack","weapon","","true","true","","","250","","150","","27","","","","","","1950","3","1160","-1","","100","","23","3","","true","","","","","","","","","","","","RocketGirlProjectile;RocketGirlProjectileSecondary","","","","","","","","","","","","","","","","","","","","","","","brock_def_atk","","","","","","","","","","","","","","","","","","","","","","true","","","","","","","","","","","","","","","60","","","","",""
"RocketGirlGadgetSkillJumpBuddy","Charge","bonusSkill","","","true","","","50","20000","","","12","","","","","","","1","500","0","","","","","","","","","","","4000","11","","","","","","","","","","","","RocketGirlGadgetJumpAreaBuddy","","RocketGirlGadgetJumpAreaBuddy","TRUE","","","","","","","","","","","sc/ui.sc","icon_item_bolt_2","","","","","","","","","","","","","","","","","","","","","","","","","","","","","","","","","","","","","","","","","","","","",""
"MechaVanMeleeNinjaStab","Attack","weapon","","true","true","","","50","","150","","6","","","","","","800","2","1060","-1","","150","0","","1","","true","","","","","","","","","","","","MechaVanMeleeNinjaStabProjectile","","","","","","","","","","","","","","","","","","","","","","","bea_def_atk","","","","","","","","","","","","","","","","","","","","","","true","","","","","","","","","","","","","","","","","","","",""
"MechaVanMeleeNinjaPull","Attack","weapon","","","true","","","50","","700","","22","","","","","","800","1","1240","-1","","600","0","","1","","","","","","","","","","","","","","HammerDudeGadgetSkillAttractionProjectile","","","","","","","","","","","","","","","","","","","","","","","","","frank_def_atk_pre_sfx","","","","","","","","","","","","","","","","","","","","","","","","","","","","","","","","","","","","","","","",""
"MechaVanSniperPiercing","Attack","weapon","","true","true","","","500","","150","","30","","","","","","2300","3","1800","-1","","100","","","1","","true","","","","","","","","","","","","MechaVanSniperPiercingProjectile","","","","","","","","","","","","","","","","","","","","","","","sniper_attack","","","","","","","","","","","","","","","","","","","","","","true","","","","","","","","","","","","","","","","","","","",""
"MechaVanSniperLongRange","Attack","weapon","","","true","","2","150","","300","750","120","","","","true","","100","1","2500","-1","","300","","","1","","true","","","","","","","","","","true","","MechaVanSniperLongRangeProjectile","","","","","","","","","","","","","","","","","","","","","","","bibi_def_ulti","","","","","","","","","","","","","","","","","","","","","","","","","","","","","","","","","","","","","","","","","",""
"MechaVanTankShortRange","Attack","weapon","","true","true","","","50","","700","","11","","","","","","800","3","1400","-1","","600","300","","1","","","","200","","2000","","","","","","","","","","","","","","","","","","","","","","","","","","","","","","","bibi_def_atk","","bibi_swing","","","","","","","","","","","","","","","","","","","","true","","","","","","","","","","","","","","","","","","","",""
"MechaVanTankDash","Charge","weapon","","","true","","","50","","","","20","","","","","","","","1000","-1","","","","","","","","","130","","2000","1","","","","","false","","","","","","","","","BullSlowArea","true","","","","","","","","","","","","","","","","","bull_dude_ulti","","","","bull_dude_ulti_loop","","bull_def_overcharge","bull_def_overcharge_loop","","Rhinostep","","1","","","","","","","","","","","","","","","","","","","","","","","","","","","","",""
"MechaVanFriendlyMegBossWeapon","Attack","weapon","","true","true","","","50","","850","","22","","","","","","1100","3","1000","-1","","100","20","","2","true","true","","","","","","","","","","","","MechaDude007BigProjectileHyperChargedBuddy","MechaDude007BigProjectileHyperChargedBuddy","","","","","","","","","","","","","","","","","","","","","","mecha_def_buddy_oc_atk2","mecha_def_buddy_oc_atk2","","","","","","","","","","","","","","","","","","","","","true","","","","","","","","","","","","","","","","","","","",""
"MegaBossKatanaKid_FishSpawnerPushAway","Attack","weapon","","","true","","1","50","","700","","2","","","","","","800","1","500","-1","","600","300","","1","","","","400","","2000","","","","","","","","","","","","","MegaKenjiPushBack","","","","","","","","","","","","","","","","","","","","samurai_mega_atk1_slash","","","","","","","","","","","","","","","","","","","","true","","","","","","","","","","","","","","","","","","","",""
"MegaBossKatanaKid_FishSpawner360Fish","Attack","weapon","","","","","1","50","","750","","55","","","","","","1000","1","","-1","","500","360","","1","","true","","","","","","","","","","true","","","","","","","MegaBossKatanaKid_FishSpawner360FishExplosion","","","","","","","","","","","","","","","","","","","","","","","","","","","","","","","","","","","","","","","","true","","","","","","","","","","","","","","","","","","","",""
"MegaBossKatanaKid_FishSpawnerIdle","Attack","weapon","","","","","1","250","","4000","","75","","","","","","500","3","","-1","","1000","","","","","","","","","","","","","","","","","","","","","","","","","","","","","","","","","","","","","","","","luchador_attack","","","","","","","","","","","","","","","","","","","","","","true","","","","","","","","","","","","","","","","","","","",""
"MegaBossRocketGirlChargeJump","Charge","ulti","","","true","","","50","","1500","","40","","","","","","","","1000","-1","","","","","","","","","130","-100","2000","3","","","","","true","","","","","","","","","MegaBossRocketGirlRocketExplosion","true","","","","","","","","","","","","","","","","","luchador_ulti","luchador_overcharged_ulti","luchador_ulti_ground_hit","luchador_overcharged_ulti_ground_hit","","","","","","","","","","","","","","","","","","","","","","","","","","","","","","","","","","","","",""
"MegaBossBlackHolePushAway","Attack","weapon","","","true","","1","50","","700","","5","","","","","","800","1","700","-1","","600","300","","1","","","","400","","2000","","","","","","","","","","","","","MegaBossBlackHolePushBack","","","","","","","","","","","","","","","","","","","","mode_heist_push","","","","","","","","","","","","","","","","","","","","true","","","","","","","","","","","","","","","","","","","",""
