"Name","ServerOnly","NeverRemove","Stackable","Type","Value","Projectile","AreaEffect","Character","Skill","StatusEffect","Item","Components","OverchargeActive","SpawnedObjectDamage","SpawnedObjectRange","BooleanAttributes"
"string","boolean","boolean","boolean","string","string","string","string","string","string","string","string","string","boolean","int","int","string"
"elPrimo1","TRUE","","TRUE","IncreaseMaxHp","10","","","","","","","","","","",""
"elPrimo2","","","","OverrideChargeSpeed","2600","","","","","","","","","","",""
"elPrimo3","","","","OverrideUltiCharge","150","","","","","","","","","","",""
"Bea1","TRUE","","","TriggerProjectileOnHittingEnemy","500","BeeSniperCirclingProjectile","","","","","","","","","",""
"Lola1","TRUE","","","OverrideMaxSpawns","2","","","","","","","","","","",""
"Lola2","TRUE","","","OverrideNumSpawns","2","","","","","","","","","","",""
"Lola3","","","","OverrideUltiCharge","115","","","","","","","","","","",""
"Lola4","TRUE","","","OverrideSpawnCharacterRandomDist","350","","","","","","","","","","",""
"Angelo1","TRUE","","","OverrideSpreadBasicAttack","80","","","","","","","","","","",""
"Angelo2","TRUE","","","OverrideNumBulletsInBasicAttack","3","","","","","","","","","","",""
"Nita1","TRUE","","","OverrideMaxSpawns","2","","","","","","","","","","",""
"Nita2","TRUE","","","OverrideNumSpawns","2","","","","","","","","","","",""
"Nita3","TRUE","","","OverrideSpawnCharacterRandomDist","300","","","","","","","","","","",""
"Penny1","TRUE","","","OverrideMaxSpawns","2","","","","","","","","","","",""
"Penny2","TRUE","","","OverrideNumSpawns","2","","","","","","","","","","",""
"Griff1","","","","OverrideSpreadUlti","300","","","","","","","","","","",""
"Griff2","TRUE","","","OverrideNumBulletsInUlti","10","","","","","","","","","","",""
"Max1","TRUE","","","OverrideBasicAttackRechargeTime","100","","","","","","","","","","",""
"Tick1","TRUE","","","OverrideMaxSpawns","3","","","","","","","","","","",""
"Tick2","TRUE","","","OverrideNumSpawns","3","","","","","","","","","","",""
"Frank1","TRUE","","","IncreaseMaxHp","10","","","","","","","","","","",""
"Frank2","","","","IncreaseSpeedPercent","20","","","","","","","","","","",""
"Frank3","TRUE","","","OverridePierceEnvironment","1","","","","","","","","","","",""
"Spike1","TRUE","","","OverrideNumBulletsInBasicAttackBulletExplosion","8","","","","","","","","","","",""
"Spike2","TRUE","","","OverrideBulletExplosionCurvature","180","","","","","","","","","","",""
"Spike3","TRUE","","","OverrideBulletExplosionCurvatureAddedDistance","1000","","","","","","","","","","",""
"Gale1","TRUE","","","OverrideNumBulletsInUlti","12","","","","","","","","","","",""
"Shelly1","TRUE","","","OverrideUltiAttackPattern","19","","","","","","","","","","",""
"Shelly2","TRUE","","","OverrideNumBulletsInUlti","30","","","","","","","","","","",""
"Shelly3","","","","OverrideSpreadUlti","200","","","","","","","","","","",""
"Crow1","TRUE","","","OverridePiercesCharacters","1","","","","","","","","","","",""
"Crow2","TRUE","","","OverrideBasicAttackIsBoomerang","1","","","","","","","","","","",""
"Bo1","","","","OverrideUltiCharge","125","","","","","","","","","","",""
"Bo2","TRUE","","","OverrideNumMaxItems","99","","","","","","","","","","",""
"Carl1","TRUE","","","OverrideSpeedProjectile","3500","","","","","","","","","","",""
"Melodie1","TRUE","","","OverrideBasicAttackSteerLifeTime","300","","","","","","","","","","",""
"Melodie2","TRUE","","","AddChainBulletsMaxProjectile","2","","","","","","","","","","",""
"Poco1","TRUE","","","TriggerAreaEffectWhenReceivingDmg","1","","PocoMutantRegenArea","","","","","","","","",""
"Brock1","TRUE","","","OverrideSpawnAreaEffect2BasicAttack","","","MorningstarUltiArea3SP","","","","","","","","",""
"Brock2","TRUE","","","OverrideAreaEffect2DamagePercent","150","","","","","","","","","","",""
"Meg1","","","","OverrideBasicAttackCastingRange","32","","","","","","","","","","",""
"Meg1_Transform","","","","OverrideBasicAttackCastingRange","32","","","","","","","","","","",""
"Meg2_Transform","TRUE","","","OverrideSpreadBasicAttack","50","","","","","","","","","","",""
"Colt1","TRUE","","","OverridePierceEnvironment","1","","","","","","","","","","",""
"Colt2","","","","OverrideBasicAttackCastingRange","35","","","","","","","","","","",""
"Sprout1","TRUE","","","OverrideMaxDistanceAddBounces","4","","","","","","","","","","",""
"Sprout2","","","","OverrideDistanceAddFromBounce","1500","","","","","","","","","","",""
"Sprout3","TRUE","","","ChainProjectileTriggersSpawnAreaEffect","","","","","","","","","","","",""
"Sprout4","TRUE","","","ProjectileBounceTriggersSpawnAreaEffect","","","","","","","","","","","",""
"Ruffs1","TRUE","","","OverrideMaxDistanceAddBounces","6","","","","","","","","","","",""
"Ruffs2","","","","OverrideDistanceAddFromBounce","2300","","","","","","","","","","",""
"Ruffs3","TRUE","","","OverrideNumBulletsInBasicAttack","3","","","","","","","","","","",""
"Gray1","TRUE","","","SpawnAreaEffectWhenGoingThrowPortal","","","GrayMutationArea","","","","","","","","",""
"Gray2","","","","OverrideUltiCharge","130","","","","","","","","","","",""
"Squeak1","","","","OverrideUltiCharge","110","","","","","","","","","","",""
"Mandy1","TRUE","","","OverrideNumBulletsInUlti","3","","","","","","","","","","",""
"Mandy2","","","","OverrideSpreadUlti","200","","","","","","","","","","",""
"Hank1","TRUE","","","TriggerAreaEffectWhenReceivingDmg","0.1","","FishTankUltiArea","","","","","","","","",""
"Rosa1","TRUE","","","TriggerAreaEffectOnBasicAttack","","","MutantBushGrowArea","","","","","","","","",""
"Rosa2","TRUE","","","ApplyStatusEffectToEnemiesAllTime","","","","","","MutantRosaForceShow","","","","","",""
"Rico1","TRUE","","","OverrideMaxDistanceAddBounces","5","","","","","","","","","","",""
"Rico2","","","","OverrideDistanceAddFromBounce","2000","","","","","","","","","","",""
"Eve1","TRUE","","","SpawnCharacterOnGetHurt","1","","","FleaPet","","","","","","","",""
"Belle1","","","","AddChainTravelDistancePercent","50","","","","","","","","","","",""
"Belle2","","","","OverrideNumsChainsForward","3","","","","","","","","","","",""
"Belle3","","","","OverrideChainProjectile","","ElectroSniperMutantProjectile","","","","","","","","","",""
"Belle4","","","","OverrideChainProjectileTravelType","13","","","","","","","","","","",""
"Ash1","TRUE","","","OverrideMaxSpawns","20","","","","","","","","","","",""
"Ash2","TRUE","","","OverrideNumSpawns","2","","","","","","","","","","",""
"ASh3","","","","OverrideUltiCharge","150","","","","","","","","","","",""
"Piper1","TRUE","","","OverrideMsBetweenBasicAttacks","200","","","","","","","","","","",""
"Piper2","TRUE","","","OverrideActiveTimeBasicAttack","400","","","","","","","","","","",""
"Janet1","TRUE","","","OverrideMsBetweenAttackUlti","460","","","","","","","","","","",""
"Janet2","","","","OverrideUltiCharge","85","","","","","","","","","","",""
"Buzz1","","","","OverrideUltiCastingRange","60","","","","","","","","","","",""
"Buzz2","TRUE","","","IncreaseMaxHp","20","","","","","","","","","","",""
"Buzz3","","","","OverrideUltiCharge","120","","","","","","","","","","",""
"Grom1","","","","OverrideUltiCharge","80","","","","","","","","","","",""
"Grom2","TRUE","","","OverrideNumBulletsInUltiExplosionUlti","8","","","","","","","","","","",""
"Bonnie1","TRUE","","","OverrideNumBulletsInBasicAttack","3","","","","","","","","","","",""
"Bonnie2","TRUE","","","OverrideSpreadBasicAttack","150","","","","","","","","","","",""
"Bonnie3","TRUE","","","TriggerStunWithCharge","10","","","","","","","","","","",""
"Carl2","","","","IncreaseSpeedPercentWhileSkillActive","100","","","","WhirlwindUlti","","","","","","",""
"Emz1","TRUE","","","OverridePushBack","50","","","","","","","","","","",""
"Stu1","TRUE","","","TriggerAreaEffectWhenUlti","","","RollerMutationArea","","","","","","","","",""
"8bit1","TRUE","","","OverrideMaxSpawns","6","","","","","","","","","","",""
"8bit2","","","","OverrideUltiCharge","170","","","","","","","","","","",""
"8bit3","TRUE","","","AddExtraHealthToSummonedMinions","2000","","","","","","","","","","",""
"Gene1","","","","OverrideUltiCharge","120","","","","","","","","","","",""
"Gene2","TRUE","","","AddUltiSteerStrength","20","","","","","","","","","","",""
"Gene3","TRUE","","","OverrideUltiSteerIgnoreTicks","5","","","","","","","","","","",""
"Gene4","TRUE","","","OverrideUltiHomeDistance","20","","","","","","","","","","",""
"Gene5","TRUE","","","OverrideUltiSteerLifeTime","15","","","","","","","","","","",""
"Gene6","TRUE","","","OverrideUltiTravelType","4","","","","","","","","","","",""
"Berry1","TRUE","","","SpawnAreaEffectWhileMoving","20","","PainterAreaEffectMutant","","","","","","","","",""
"Charlie1","TRUE","","","SpawnCharacterWhileMoving","40","","","CocoonerPet","","","","","","","",""
"Bull1","TRUE","","","AddChargeUltiAutomaticallyPerSecond","500","","","","","","","","","","",""
"Jessie1","TRUE","","","OverridePetAttackPattern","20","","","","","","","","","","",""
"Jessie2","TRUE","","","AddExtraHealthToSummonedMinions","2000","","","","","","","","","","",""
"Jessie3","","","","AddExtraScaleToPets","100","","","","","","","","","","",""
"Finx1","TRUE","","","AddAreaEffectThatFollows","","","ChronomancerUltiTimebend","","","","","","","","",""
"Kenji1","TRUE","","","OverrideBasicAttackRechargeTime","100","","","","","","","","","","",""
"Juju1","TRUE","","","AddExtraHealthToSummonedMinions","5000","","","","","","","","","","",""
"Juju2","","","","AddExtraScaleToPets","140","","","","","","","","","","",""
"Lily1","TRUE","","","OverrideMaxDistanceAddBouncesUlti","8","","","","","","","","","","",""
"Lily2","TRUE","","","OverrideDistanceAddFromBounceUlti","5000","","","","","","","","","","",""
"Lily3","","","","OverrideIsBouncing","1","","","","","","","","","","",""
"Lily4","","","","OverrideUltiCastingRange","50","","","","","","","","","","",""
"Barley1","TRUE","","","OverrideChainAreaEffectBasicAttack","","","BarleyMutationAreaEffect","","","","","","","","",""
"Leon1","TRUE","","","SpawnCharacterOnUlti","2","","","NinjaMutation","","","","","","","",""
"Leon2","TRUE","","","OverrideMaxSpawns","6","","","","","","","","","","",""
"Leon3","TRUE","","","OverrideSpawnCharacterRandomDist","600","","","","","","","","","","",""
"Leon4","","","","OverrideUltiCharge","125","","","","","","","","","","",""
"Leon5","TRUE","","","OverrideUltiSkillTargetSelf","","","","","","","","","","","",""
"Tara1","TRUE","","","SpawnCharacterOnUlti","3","","","BlackHolePet","","","","","","","",""
"Tara2","TRUE","","","OverrideMaxSpawns","10","","","","","","","","","","",""
"Tara3","TRUE","","","OverrideSpawnCharacterRandomDist","600","","","","","","","","","","",""
"Tara4","","","","OverrideUltiCharge","100","","","","","","","","","","",""
"Gus1","","","","OverrideChargeUpMax","1","","","","","","","","","","",""
"Gus2","","","","OverrideChargeUp","1","","","","","","","","","","",""
"Gus3","TRUE","","","IgnoreChargeReset","1","","","","","","","","","","",""
"Olli1","","","","OverrideAreaEffectStatusEffectEnemy","","","SkaterUltiTaunt","","","SkaterMutantTaunt","","","","","",""
"Olli2","TRUE","","","IncreaseMaxHp","20","","","","","","","","","","",""
"MrP1","","","","OverrideSpawnAreaEffect1BasicAttack","","","MrpMutationArea","","","","","","","","",""
"Draco1","","","","OverrideMountUpDurationTicks","-1","","","","","","","","","","",""
"Amber1","TRUE","","","OverrideSpreadBasicAttack","20","","","","","","","","","","",""
"Amber2","TRUE","","","OverrideNumBulletsInBasicAttack","2","","","","","","","","","","",""
"Amber3","TRUE","","","SpawnAreaEffectWhileMoving","10","","PetrolDistributionTrail","","","","","","","","",""
"Byron1","TRUE","","","OverrideSpreadBasicAttack","60","","","","","","","","","","",""
"Byron2","TRUE","","","OverrideNumBulletsInBasicAttack","3","","","","","","","","","","",""
"Edgar1","","","","OverrideChargeSpeed","4000","","","","","","","","","","",""
"Edgar2","","","","OverrideUltiCastingRange","50","","","","","","","","","","",""
"Fang1","","","","OverrideChainChargeRange","60","","","","","","","","","","",""
"Fang2","","","","OverrideUltiCharge","110","","","","","","","","","","",""
"Fang3","TRUE","","","IncreaseMaxHp","15","","","","","","","","","","",""
"Meeple1","TRUE","","","AddBasicAttackSteerStrength","10","","","","","","","","","","",""
"Meeple2","TRUE","","","OverrideBasicAttackSteerIgnoreTicks","8","","","","","","","","","","",""
"Meeple3","TRUE","","","OverrideBasicAttackHomeDistance","40","","","","","","","","","","",""
"Meeple4","TRUE","","","OverrideBasicAttackSteerLifeTime","15","","","","","","","","","","",""
"Meeple5","TRUE","","","OverrideNumBulletsInBasicAttack","3","","","","","","","","","","",""
"Meeple6","TRUE","","","OverrideSpreadBasicAttack","250","","","","","","","","","","",""
"Meeple7","","","","OverrideBasicAttackCastingRange","25","","","","","","","","","","",""
"Colette1","TRUE","","","SpawnAreaEffectWhileCharging","5","","PercenterAreaEffectMutant","","","","","","","","",""
"Colette2","TRUE","","","BulletExplosionAlignBrawlerFacing","","","","","","","","","","","",""
"Shade1","TRUE","","","ApplyStatusEffectWhenDeadCenter","","","","","","MutantGhostIncorporeal","","","","","",""
"Shade2","","","","OverrideUltiCharge","120","","","","","","","","","","",""
"Surge1","TRUE","","","OverrideLvlUpValue","3","","","","","","","","","","",""
"Surge2","TRUE","","","OverrideBasicAttackRechargeTime","500","","","","","","","","","","",""
"Jae1","TRUE","","","SpawnAreaEffectWhileMoving","8","","AlternatorProjectileSpeedTrail","","","","","","","","",""
"Jae2","","","","OverrideUltiCharge","300","","","","","","","","","","",""
"Mortis1","TRUE","","","ShootProjectileIfChargeUpReadyOnBasicAttack","1500","UndertakerUltiProjectile","","","","","","","","","",""
"Moe1","TRUE","","","OverrideTransformTicks","500","","","","","","","","","","",""
"Moe1_Transform","TRUE","","","OverrideTransformTicks","500","","","","","","","","","","",""
"Moe2","","","","OverrideChargeSpeed","4500","","","","","","","","","","",""
"Maisie1","TRUE","","","AddBasicAttackSteerStrength","10","","","","","","","","","","",""
"Maisie2","TRUE","","","OverrideBasicAttackSteerIgnoreTicks","8","","","","","","","","","","",""
"Maisie3","TRUE","","","OverrideBasicAttackHomeDistance","40","","","","","","","","","","",""
"Maisie4","TRUE","","","OverrideBasicAttackSteerLifeTime","15","","","","","","","","","","",""
"Maisie5","TRUE","","","OverrideBasicAttackTravelType","4","","","","","","","","","","",""
"Maisie6","TRUE","","","OverrideMsBetweenBasicAttacks","300","","","","","","","","","","",""
"Maisie7","TRUE","","","OverrideActiveTimeBasicAttack","600","","","","","","","","","","",""
"Pearl1","","","","OverrideChargeUp","12000","","","","","","","","","","",""
"Pearl2","TRUE","","","IgnoreChargeReset","1","","","","","","","","","","",""
"Pearl3","TRUE","","","PreventLosingCharge","1","","","","","","","","","","",""
"Penny4","TRUE","","","OverrideSpawnCharacterRandomDist","350","","","","","","","","","","",""
"Tick3","TRUE","","","OverrideSpawnCharacterRandomDist","480","","","","","","","","","","",""
"Angels1_1","TRUE","","","AddChargeUltiAutomaticallyPerSecond","200","","","","","","","","","","",""
"Angels1_2","TRUE","","","AddReloadSpeedBuffToPets","20","","","","","","","","","","",""
"Angels2_1","TRUE","","","ChargeUltiByHealing","30","","","","","","","","","","",""
"Angels2_2","TRUE","","","AddStatusEffectToProjectileForAllies","","AngelicProjectile","","","","AngelicHot","","","","","",""
"Angels3_1","TRUE","","","ShootProjectileOnBasicAttack","","AngelicProjectile","","","","ShootProjectileOnBasicAttackCooldown","","","","","",""
"Angels4_1","TRUE","","","ApplyStatusEffectWhenUsingUlti","","","","","","SpeedWhenUsingUltiAngels","","","","","",""
"Angels4_2","TRUE","","","SpawnCharacterOnAreaEffect","","","AngelicAreaEffect","AngelicPet","","","","","","","",""
"Angels5_1","TRUE","","","AddConsumableShieldWhenDealingDamage","10;100;5000","","","","","","","","","","",""
"Angels5_2","TRUE","","","AddExtraHealthToSummonedMinions","2000","","","","","","","","","","",""
"Angels6_1","TRUE","","","SpawnAreaEffectWhileMoving","100","","AngelicAreaEffect","","","","","","","","",""
"Angels7_1","TRUE","","","TriggerAreaEffectWhenUlti","","","AngelicAreaEffect","","","SpeedWhenUsingUltiAngels","","","","","",""
"Angels8_1","TRUE","","","AddReloadSpeedPercent","60","","","","","","","","","","",""
"Angels8_2","TRUE","","","AddChainAreaEffectToAreaEffect","","","AngelicBulletAreaEffect;AngelicAreaEffect","","","","","","","","",""
"Demons1_1","TRUE","","","SetInvisibleOnKill","4","","","","","","","","","","",""
"Demons1_2","TRUE","","","AddChainProjectileToProjectile","","DemonicProjectileBoomerang;DemonicProjectile","","","","","","","","","",""
"Demons1_3","TRUE","","","AddBoomerangToProjectile","1","DemonicProjectile","","","","","","","","","",""
"Demons2_1","TRUE","","","ApplyStatusEffectToAlliesAllTime","","","","","","InvokDemonicPetAfterDying","","","","","",""
"Demons2_2","TRUE","","","AddChainAreaEffectToProjectile","","DemonicProjectile","DemonicAreaEffect","","","","","","","","",""
"Demons3_1","TRUE","","","AddChargeUltiWhenReceivingDmg","20","","","","","","","","","","",""
"Demons3_2","TRUE","","","AddDeathAreaEffectToPets","","","DemonicAreaEffect","","","","","","","","",""
"Demons4_1","TRUE","","","ShootProjectileOnBasicAttack","","DemonicProjectile","","","","ShootProjectileOnBasicAttackCooldown","","","","","",""
"Demons5_1","TRUE","","","TriggerAreaEffectWhenUlti","","","DemonicBulletAreaEffect","","","","","","","","",""
"Demons6_1","","","","BoostUltiCharge","20","","","","","","","","","","",""
"Demons6_2","TRUE","","","AddExtraHealthToSummonedMinions","2000","","","","","","","","","","",""
"Demons7_1","TRUE","","","SpawnAreaEffectOnKillX","","","DemonicAreaEffect","","","InvokDemonicPetAfterDying","","","","","",""
"Demons8_1","TRUE","","","SpawnCharacterOnKill","1","","","DemonicPet","","","","","","","",""
"Demons8_2","TRUE","","","AddChainAreaEffectToAreaEffect","","","DemonicAreaEffectFire;DemonicAreaEffect","","","","","","","","",""
"DuplicatorPet1","TRUE","TRUE","","PetTooClose","3","","","","","DuplicatorPetTooCloseCripple","","","","","",""
"ColtSpeedSp","","TRUE","TRUE","AddStatusEffectOnStart","","","","","","GunslingerStarPowerMovementSpeed","","","","","",""
"R_MaxHp_S","TRUE","","TRUE","IncreaseMaxHp","20","","","","","","","","","","",""
"R_MaxHp_E","TRUE","","TRUE","IncreaseMaxHp","30","","","","","","","","","","",""
"R_MaxHp_L","TRUE","","TRUE","IncreaseMaxHp","50","","","","","","","","","","",""
"R_MaxHp_Absolute_S","TRUE","","TRUE","IncreaseMaxHpAbsolute","1000","","","","","","","","","","",""
"R_MaxHp_Absolute_E","TRUE","","TRUE","IncreaseMaxHpAbsolute","1500","","","","","","","","","","",""
"R_MaxHp_Absolute_L","TRUE","","TRUE","IncreaseMaxHpAbsolute","2500","","","","","","","","","","",""
"R_MaxHp_Absolute_ULTRA","TRUE","","TRUE","IncreaseMaxHpAbsolute","10000","","","","","","","","","","",""
"R_MaxHp_Absolute_Mini_S","TRUE","","TRUE","IncreaseMaxHpAbsolute","500","","","","","","","","","","",""
"R_MaxHp_Absolute_Mini_E","TRUE","","TRUE","IncreaseMaxHpAbsolute","1000","","","","","","","","","","",""
"R_MaxHp_Absolute_Mini_L","TRUE","","TRUE","IncreaseMaxHpAbsolute","2000","","","","","","","","","","",""
"R_Reload_S","TRUE","","TRUE","AddReloadSpeedPercent","20","","","","","","","","","","",""
"R_Reload_E","TRUE","","TRUE","AddReloadSpeedPercent","30","","","","","","","","","","",""
"R_Reload_L","TRUE","","TRUE","AddReloadSpeedPercent","50","","","","","","","","","","",""
"R_Reload_Mini_S","TRUE","","TRUE","AddReloadSpeedPercent","10","","","","","","","","","","",""
"R_Reload_Mini_E","TRUE","","TRUE","AddReloadSpeedPercent","20","","","","","","","","","","",""
"R_Reload_Mini_L","TRUE","","TRUE","AddReloadSpeedPercent","40","","","","","","","","","","",""
"R_MoveSpeed_S","","","TRUE","IncreaseSpeedPercent","10","","","","","","","","","","",""
"R_MoveSpeed_E","","","TRUE","IncreaseSpeedPercent","20","","","","","","","","","","",""
"R_MoveSpeed_L","","","TRUE","IncreaseSpeedPercent","30","","","","","","","","","","",""
"R_MoveSpeed_Max_L","","","TRUE","IncreaseSpeedPercent","50","","","","","","","","","","",""
"R_MoveSpeed_WithPet_S","","","TRUE","IncreasePetSpeedPercent","10","","","","","","","","","","",""
"R_MoveSpeed_WithPet_E","","","TRUE","IncreasePetSpeedPercent","20","","","","","","","","","","",""
"R_MoveSpeed_WithPet_L","","","TRUE","IncreasePetSpeedPercent","30","","","","","","","","","","",""
"R_MoveSpeed_Mini_S","","","TRUE","IncreaseSpeedPercent","15","","","","","","","","","","",""
"R_MoveSpeed_Mini_E","","","TRUE","IncreaseSpeedPercent","20","","","","","","","","","","",""
"R_MoveSpeed_Mini_L","","","TRUE","IncreaseSpeedPercent","25","","","","","","","","","","",""
"R_Damage_S","TRUE","","TRUE","AddDamagePercent","15","","","","","","","","","","",""
"R_Damage_E","TRUE","","TRUE","AddDamagePercent","25","","","","","","","","","","",""
"R_Damage_L","TRUE","","TRUE","AddDamagePercent","35","","","","","","","","","","",""
"R_Damage_ULTRA","TRUE","","TRUE","AddDamagePercent","100","","","","","","","","","","",""
"R_Damage_Mini_S","TRUE","","TRUE","AddDamagePercent","10","","","","","","","","","","",""
"R_Damage_Mini_E","TRUE","","TRUE","AddDamagePercent","20","","","","","","","","","","",""
"R_Damage_Mini_L","TRUE","","TRUE","AddDamagePercent","30","","","","","","","","","","",""
"R_SuperRate_S","","","TRUE","AddUltiOnlyChargePercent","30","","","","","","","","","","",""
"R_SuperRate_E","","","TRUE","AddUltiOnlyChargePercent","60","","","","","","","","","","",""
"R_SuperRate_L","","","TRUE","AddUltiOnlyChargePercent","100","","","","","","","","","","",""
"R_HCRate_S","","","TRUE","AddHCOnlyChargePercent","30","","","","","","","","","","",""
"R_HCRate_E","","","TRUE","AddHCOnlyChargePercent","60","","","","","","","","","","",""
"R_HCRate_L","","","TRUE","AddHCOnlyChargePercent","100","","","","","","","","","","",""
"R_SuperRate_Mini_S","","","TRUE","AddUltiOnlyChargePercent","25","","","","","","","","","","",""
"R_SuperRate_Mini_E","","","TRUE","AddUltiOnlyChargePercent","50","","","","","","","","","","",""
"R_SuperRate_Mini_L","","","TRUE","AddUltiOnlyChargePercent","75","","","","","","","","","","",""
"R_HCRate_Mini_S","","","TRUE","AddHCOnlyChargePercent","25","","","","","","","","","","",""
"R_HCRate_Mini_E","","","TRUE","AddHCOnlyChargePercent","50","","","","","","","","","","",""
"R_HCRate_Mini_L","","","TRUE","AddHCOnlyChargePercent","75","","","","","","","","","","",""
"R_AttackRange_E","","","TRUE","AddCastingRange","1","","","","","","","","","","",""
"R_AttackRange_L","","","TRUE","AddCastingRange","2","","","","","","","","","","",""
"R_AttackRange_ULTRA","","","TRUE","AddCastingRange","2","","","","","","","","","","",""
"R_AttackRange_Max_L","","","TRUE","AddCastingRange","3","","","","","","","","","","",""
"R_AttackRange_Mini_L","","","TRUE","AddCastingRange","1","","","","","","","","","","",""
"R_AttackRange_Cone_E_1","","","TRUE","AddCastingRange","1","","","","","","","","","","",""
"R_AttackRange_Cone_E_2","","","TRUE","AddSpreadBasicAttackPercent","-15","","","","","","","","","","",""
"R_AttackRange_Cone_E_3","TRUE","","TRUE","AddSpreadUltiAttackPercent","-15","","","","","","","","","","",""
"R_AttackRange_Cone_L_1","","","TRUE","AddCastingRange","2","","","","","","","","","","",""
"R_AttackRange_Cone_L_2","","","TRUE","AddSpreadBasicAttackPercent","-35","","","","","","","","","","",""
"R_AttackRange_Cone_L_3","TRUE","","TRUE","AddSpreadUltiAttackPercent","-35","","","","","","","","","","",""
"R_AttackRange_Cone_Mini_L_1","","","TRUE","AddCastingRange","1","","","","","","","","","","",""
"R_AttackRange_Cone_Mini_L_2","","","TRUE","AddSpreadBasicAttackPercent","-40","","","","","","","","","","",""
"R_AttackRange_Cone_Mini_L_3","TRUE","","TRUE","AddSpreadUltiAttackPercent","-40","","","","","","","","","","",""
"R_ProjectileSpeed_S","TRUE","","TRUE","AddProjectileSpeedPercent","15","","","","","","","","","","",""
"R_ProjectileSpeed_E","TRUE","","TRUE","AddProjectileSpeedPercent","25","","","","","","","","","","",""
"R_ProjectileSpeed_L","TRUE","","TRUE","AddProjectileSpeedPercent","35","","","","","","","","","","",""
"R_ProjectileSpeed_Max_S","TRUE","","TRUE","AddProjectileSpeedPercent","20","","","","","","","","","","",""
"R_ProjectileSpeed_Max_E","TRUE","","TRUE","AddProjectileSpeedPercent","35","","","","","","","","","","",""
"R_ProjectileSpeed_Max_L","TRUE","","TRUE","AddProjectileSpeedPercent","50","","","","","","","","","","",""
"R_GadgetCooldown_S","","","TRUE","DecreaseGadgetCooldownPercent","10","","","","","","","","","","",""
"R_GadgetCooldown_E","","","TRUE","DecreaseGadgetCooldownPercent","30","","","","","","","","","","",""
"R_GadgetCooldown_L","","","TRUE","DecreaseGadgetCooldownPercent","60","","","","","","","","","","",""
"R_GadgetCooldown_Mini_S","","","TRUE","DecreaseGadgetCooldownPercent","15","","","","","","","","","","",""
"R_GadgetCooldown_Mini_E","","","TRUE","DecreaseGadgetCooldownPercent","25","","","","","","","","","","",""
"R_GadgetCooldown_Mini_L","","","TRUE","DecreaseGadgetCooldownPercent","50","","","","","","","","","","",""
"R_BulletSize_S","","","TRUE","AddBulletSizePercent","20","","","","","","","","","","",""
"R_BulletSize_E","","","TRUE","AddBulletSizePercent","35","","","","","","","","","","",""
"R_BulletSize_L","","","TRUE","AddBulletSizePercent","50","","","","","","","","","","",""
"R_BulletSize_ULTRA","","","TRUE","AddBulletSizePercent","150","","","","","","","","","","",""
"R_BulletSize_Mini_S","","","TRUE","AddBulletSizePercent","15","","","","","","","","","","",""
"R_BulletSize_Mini_E","","","TRUE","AddBulletSizePercent","25","","","","","","","","","","",""
"R_BulletSize_Mini_L","","","TRUE","AddBulletSizePercent","40","","","","","","","","","","",""
"R_BulletSizeArea_Mini_WithItem_S","","","TRUE","AddAreaEffectPercent","5","","","","","","","","","","",""
"R_BulletSizeArea_Mini_WithItem_E","","","TRUE","AddAreaEffectPercent","10","","","","","","","","","","",""
"R_BulletSizeArea_Mini_WithItem_L","","","TRUE","AddAreaEffectPercent","15","","","","","","","","","","",""
"R_AreaEffectSize_S","","","TRUE","AddAreaEffectPercent","20","","","","","","","","","","",""
"R_AreaEffectSize_E","","","TRUE","AddAreaEffectPercent","30","","","","","","","","","","",""
"R_AreaEffectSize_L","","","TRUE","AddAreaEffectPercent","50","","","","","","","","","","",""
"R_AreaEffectSize_ULTRA","","","TRUE","AddAreaEffectPercent","100","","","","","","","","","","",""
"R_AreaEffectSize_Mini_S","","","TRUE","AddAreaEffectPercent","10","","","","","","","","","","",""
"R_AreaEffectSize_Mini_E","","","TRUE","AddAreaEffectPercent","20","","","","","","","","","","",""
"R_AreaEffectSize_Mini_L","","","TRUE","AddAreaEffectPercent","35","","","","","","","","","","",""
"R_AreaEffectSize_Melee_S","","","TRUE","AddAreaEffectPercent","15","","","","","","","","","","",""
"R_AreaEffectSize_Melee_E","","","TRUE","AddAreaEffectPercent","20","","","","","","","","","","",""
"R_AreaEffectSize_Melee_L","","","TRUE","AddAreaEffectPercent","25","","","","","","","","","","",""
"R_AreaEffect_BulletSize_S_1","","","TRUE","AddBulletSizePercent","15","","","","","","","","","","",""
"R_AreaEffect_BulletSize_S_2","","","TRUE","AddAreaEffectPercent","10","","","","","","","","","","",""
"R_AreaEffect_BulletSize_E_1","","","TRUE","AddBulletSizePercent","25","","","","","","","","","","",""
"R_AreaEffect_BulletSize_E_2","","","TRUE","AddAreaEffectPercent","20","","","","","","","","","","",""
"R_AreaEffect_BulletSize_L_1","","","TRUE","AddBulletSizePercent","35","","","","","","","","","","",""
"R_AreaEffect_BulletSize_L_2","","","TRUE","AddAreaEffectPercent","30","","","","","","","","","","",""
"R_BulletSizeThrower_S","","","TRUE","AddBulletSizePercent","15","","","","","","","","","","",""
"R_BulletSizeThrower_E","","","TRUE","AddBulletSizePercent","25","","","","","","","","","","",""
"R_BulletSizeThrower_L","","","TRUE","AddBulletSizePercent","40","","","","","","","","","","",""
"R_AreaEffectSizeThrower_S","","","TRUE","AddAreaEffectPercent","15","","","","","","","","","","",""
"R_AreaEffectSizeThrower_E","","","TRUE","AddAreaEffectPercent","25","","","","","","","","","","",""
"R_AreaEffectSizeThrower_L","","","TRUE","AddAreaEffectPercent","35","","","","","","","","","","",""
"R_BulletSizeThrower_Mini_S","","","TRUE","AddBulletSizePercent","10","","","","","","","","","","",""
"R_BulletSizeThrower_Mini_E","","","TRUE","AddBulletSizePercent","20","","","","","","","","","","",""
"R_BulletSizeThrower_Mini_L","","","TRUE","AddBulletSizePercent","30","","","","","","","","","","",""
"R_AreaEffectSizeThrower_Mini_S","","","TRUE","AddAreaEffectPercent","10","","","","","","","","","","",""
"R_AreaEffectSizeThrower_Mini_E","","","TRUE","AddAreaEffectPercent","20","","","","","","","","","","",""
"R_AreaEffectSizeThrower_Mini_L","","","TRUE","AddAreaEffectPercent","30","","","","","","","","","","",""
"R_DamageReduction_S","TRUE","","TRUE","DamageReductionPercent","15","","","","","","","","","","",""
"R_DamageReduction_E","TRUE","","TRUE","DamageReductionPercent","25","","","","","","","","","","",""
"R_DamageReduction_L","TRUE","","TRUE","DamageReductionPercent","30","","","","","","","","","","",""
"R_DamageReduction_Max_L","TRUE","","TRUE","DamageReductionPercent","40","","","","","","","","","","",""
"R_DamageReduction_Effect_E","TRUE","","","TriggerFollowAreaEffectWhenReceivingDmg_1","","","RoguelikeShieldAreaEffect_E","","","","","","","","",""
"R_DamageReduction_Effect_L","TRUE","","","TriggerFollowAreaEffectWhenReceivingDmg_2","","","RoguelikeShieldAreaEffect_L","","","","","","","","",""
"R_DamageReduction_Mini_S","TRUE","","TRUE","DamageReductionPercent","10","","","","","","","","","","",""
"R_DamageReduction_Mini_E","TRUE","","TRUE","DamageReductionPercent","15","","","","","","","","","","",""
"R_DamageReduction_Mini_L","TRUE","","TRUE","DamageReductionPercent","20","","","","","","","","","","",""
"R_LifeSteal_S","TRUE","","TRUE","LifeStealFromDamagePercent","15","","","","","","","","","","",""
"R_LifeSteal_E","TRUE","","TRUE","LifeStealFromDamagePercent","20","","","","","","","","","","",""
"R_LifeSteal_L","TRUE","","TRUE","LifeStealFromDamagePercent","35","","","","","","","","","","",""
"R_LifeSteal_Mini_S","TRUE","","TRUE","LifeStealFromDamagePercent","10","","","","","","","","","","",""
"R_LifeSteal_Mini_E","TRUE","","TRUE","LifeStealFromDamagePercent","15","","","","","","","","","","",""
"R_LifeSteal_Mini_L","TRUE","","TRUE","LifeStealFromDamagePercent","25","","","","","","","","","","",""
"R_LifeSteal_Pet_S","TRUE","","TRUE","LifeStealFromDamagePercent","15","","","","","","","","","","",""
"R_LifeSteal_Pet_E","TRUE","","TRUE","LifeStealFromDamagePercent","20","","","","","","","","","","",""
"R_LifeSteal_Pet_L","TRUE","","TRUE","LifeStealFromDamagePercent","30","","","","","","","","","","",""
"R_RegenFaster","TRUE","","","AddRegenSpeed","80","","","","","","","","","","",""
"R_ConsShield_Mini","TRUE","","","AddConsumableShieldWhenDealingDamage","35;100;4000","","","","","","","","","","",""
"R_ConsShield","TRUE","","","AddConsumableShieldWhenDealingDamage","40;100;4000","","","","","","","","","","",""
"R_SpawnBushOnMove","TRUE","","","SpawnAreaEffectWhileMoving","5","","TankBushGrowArea","","","","","","","","",""
"R_SpawnBushOnAttack_L","TRUE","","","TriggerAreaEffectOnBasicAttack","","","TankBushGrowAreaLarge","","","","","","","","",""
"R_HealOnKill","TRUE","","","SpawnAreaEffectSelfOnKill","2000","","OnKillHealArea","","","","","","","","",""
"R_InvisibleOnKill","TRUE","","","SetInvisibleOnKill","5","","","","","","","","","","",""
"R_PowerCubeOnUlti","TRUE","","","DropPowercubeOnUlti","5","","","","","","","","","","",""
"R_HealOnMove","TRUE","","","SpawnAreaEffectWhileMoving","8","","HealOnMove","","","","","","","","",""
"R_SpeedUpOnAtk","TRUE","","","TriggerAreaEffectOnBasicAttack","","","OnHitSpeedyUpArea","","","","","","","","",""
"R_SpeedUpOnSuper","TRUE","","","TriggerAreaEffectWhenUlti","","","OnHitSpeedyUpArea","","","","","","","","",""
"R_KnockbackOnTakeDmg","TRUE","","","TriggerAreaEffectWhenReceivingDmg","1","","KnockBackReceivingDmg","","","","","","","","",""
"R_SeeThroghtBushOnSuper","TRUE","","","TriggerAreaEffectWhenUlti","","","ControllerVisionArea","","","","","","","","",""
"R_SlowDownOnHit","TRUE","","","AddStatusEffectToEnermyOnHit_1","","","","","","MarksmanHitSlowdown","","","","","",""
"R_PoisonOnHit_S","TRUE","","","AddStatusEffectToEnermyOnHit_1","","","","","","MarksmanHitPoison_S","","","","","",""
"R_PoisonOnHit_E","TRUE","","","AddStatusEffectToEnermyOnHit_2","","","","","","MarksmanHitPoison_E","","","","","",""
"R_PoisonOnHit_L","TRUE","","","AddStatusEffectToEnermyOnHit_1","","","","","","MarksmanHitPoison_L","","","","","",""
"R_BurnOnHit_S","TRUE","","","AddStatusEffectToEnermyOnHit_1","","","","","","RogueHitBurn_S","","","","","",""
"R_BurnOnHit_E","TRUE","","","AddStatusEffectToEnermyOnHit_2","","","","","","RogueHitBurn_E","","","","","",""
"R_BurnOnHit_L","TRUE","","","AddStatusEffectToEnermyOnHit_1","","","","","","RogueHitBurn_L","","","","","",""
"R_BurnOnHit_Hold_S","TRUE","","","AddStatusEffectToEnermyOnHit_1","","","","","","RogueHitBurnHold_S","","","","","",""
"R_BurnOnHit_Hold_E","TRUE","","","AddStatusEffectToEnermyOnHit_2","","","","","","RogueHitBurnHold_E","","","","","",""
"R_BurnOnHit_Hold_L","TRUE","","","AddStatusEffectToEnermyOnHit_1","","","","","","RogueHitBurnHold_L","","","","","",""
"R_AutoChargeUlti_E","TRUE","","TRUE","AddChargeUltiAutomaticallyPerSecond","100","","","","","","","","","","",""
"R_AutoChargeUlti_L","TRUE","","TRUE","AddChargeUltiAutomaticallyPerSecond","144","","","","","","","","","","",""
"R_AutoChargeUlti_Max_L","TRUE","","TRUE","AddChargeUltiAutomaticallyPerSecond","300","","","","","","","","","","",""
"R_AutoChargeUlti_Max_E","TRUE","","TRUE","AddChargeUltiAutomaticallyPerSecond","500","","","","","","","","","","",""
"R_AutoChargeUlti_Sam_E","TRUE","","TRUE","AddChargeUltiAutomaticallyPerSecond","1000","","","","","","","","","","",""
"R_HomeInOnAtk_1","TRUE","","","AddBasicAttackSteerStrength","3","","","","","","","","","","",""
"R_HomeInOnAtk_2","TRUE","","","OverrideBasicAttackSteerIgnoreTicks","5","","","","","","","","","","",""
"R_HomeInOnAtk_3","TRUE","","","OverrideBasicAttackHomeDistance","5","","","","","","","","","","",""
"R_HomeInOnAtk_4","TRUE","","","OverrideBasicAttackTravelType","4","","","","","","","","","","",""
"R_HomeInOnAtk_Max_1","TRUE","","","AddBasicAttackSteerStrength","4","","","","","","","","","","",""
"R_HomeInOnUlti_1","TRUE","","","AddUltiSteerStrength","3","","","","","","","","","","",""
"R_HomeInOnUlti_2","TRUE","","","OverrideUltiSteerIgnoreTicks","5","","","","","","","","","","",""
"R_HomeInOnUlti_3","TRUE","","","OverrideUltiHomeDistance","5","","","","","","","","","","",""
"R_HomeInOnUlti_4","TRUE","","","OverrideUltiTravelType","4","","","","","","","","","","",""
"R_HomeInOnAtk_Melee_1","TRUE","","","AddBasicAttackSteerStrength","6","","","","","","","","","","",""
"R_HomeInOnAtk_Melee_2","TRUE","","","OverrideBasicAttackSteerIgnoreTicks","0","","","","","","","","","","",""
"R_HomeInOnAtk_Melee_3","TRUE","","","OverrideBasicAttackHomeDistance","5","","","","","","","","","","",""
"R_HomeInOnAtk_Melee_4","TRUE","","","OverrideBasicAttackTravelType","4","","","","","","","","","","",""
"R_DestroyEnvironment","TRUE","","","OverridePierceEnvironment","1","","","","","","","","","","",""
"R_PassEnvironment","","","","OverridePassEnvironment","1","","","","","","","","","","",""
"R_PierceCharacter","TRUE","","","OverridePiercesCharacters","1","","","","","","","","","","",""
"R_HealBuff_S","TRUE","","TRUE","HealingBuff","40","","","","","","","","","","",""
"R_HealBuff_E","TRUE","","TRUE","HealingBuff","60","","","","","","","","","","",""
"R_HealBuff_L","TRUE","","TRUE","HealingBuff","100","","","","","","","","","","",""
"R_HealBuff_Mini_S","TRUE","","TRUE","HealingBuff","30","","","","","","","","","","",""
"R_HealBuff_Mini_E","TRUE","","TRUE","HealingBuff","50","","","","","","","","","","",""
"R_HealBuff_Mini_L","TRUE","","TRUE","HealingBuff","90","","","","","","","","","","",""
"R_VisionInBush_S","","","TRUE","AddVisionInBush","1","","","","","","","","","","",""
"R_VisionInBush_E","","","TRUE","AddVisionInBush","2","","","","","","","","","","",""
"R_VisionInBush_L","","","TRUE","AddVisionInBush","3","","","","","","","","","","",""
"R_MoveSpeedInBush_S","TRUE","","TRUE","IncreaseSpeedInBushPercent","15","","","","","","","","","","",""
"R_MoveSpeedInBush_E","TRUE","","TRUE","IncreaseSpeedInBushPercent","30","","","","","","","","","","",""
"R_MoveSpeedInBush_Mini_E","TRUE","","TRUE","IncreaseSpeedInBushPercent","15","","","","","","","","","","",""
"R_PowerCubeOnKill","TRUE","","","DropPowercubeOnKill","1","","","","","","","","","","",""
"R_SpeedUpOnGadget_S","","","","TriggerAreaEffectOnGadget","","","OnGadgetSpeedyUpArea","","","","","","","","",""
"R_PowerCubeEffective_E","TRUE","","","PowerCubeMoreEffective","25","","","","","","","","","","",""
"R_PowerCubeEffective_L","TRUE","","","PowerCubeMoreEffective","50","","","","","","","","","","",""
"R_PowerCubeDouble_L","TRUE","","","PowerCubeDouble","","","","","","","","","","","",""
"R_PowerCubeOnStart_S","TRUE","","","StartWithPowerCube_S","1","","","","","","","","","","",""
"R_PowerCubeOnStart_E","TRUE","","","StartWithPowerCube_E","2","","","","","","","","","","",""
"R_PowerCubeOnStart_L","TRUE","","","StartWithPowerCube_L","3","","","","","","","","","","",""
"R_PowerCubeOnKillDouble_L","TRUE","","","MultiplyPowerCubeOnKill","2","","","","","","","","","","",""
"R_HighHealthDamage_L","TRUE","","TRUE","AddHighHealthDamage","50","","","","","","","","","","",""
"R_LowHealthDamage_L","TRUE","","TRUE","AddLowHealthDamage","50","","","","","","","","","","",""
"R_LowHealthDamage_Mini_L","TRUE","","TRUE","AddLowHealthDamage","35","","","","","","","","","","",""
"R_LowHealthDamage_E","TRUE","","TRUE","AddLowHealthDamage","20","","","","","","","","","","",""
"R_ChargeSuperOnStart_S","TRUE","","","InstantChargeSuperPercentAtStart","50","","","","","","","","","","",""
"R_ChargeSuperOnStart_E","TRUE","","","InstantChargeSuperPercentAtStart","100","","","","","","","","","","",""
"R_ChargeHCOnStart_E","TRUE","","","InstantChargeHCPercentAtStart","50","","","","","","","","","","",""
"R_ChargeHCOnStart_Mini_L","TRUE","","","InstantChargeHCPercentAtStart","60","","","","","","","","","","",""
"R_ChargeHCOnStart_L","TRUE","","","InstantChargeHCPercentAtStart","75","","","","","","","","","","",""
"R_FireBallAround_E","TRUE","","","SpawnProjectileOnStartOrSelectPerk_1","3","RogueliteCirclingProjectileClose","","","","","","","","","",""
"R_FireBallAround_L","TRUE","","","SpawnProjectileOnStartOrSelectPerk_2","5","RogueliteCirclingProjectileFar","","","","","","","","","",""
"R_DashSpeed_Mini_E","TRUE","","TRUE","AddChargeSpeedPercentage","25","","","","","","","","","","",""
"R_DashSpeed_E","TRUE","","TRUE","AddChargeSpeedPercentage","50","","","","","","","","","","",""
"R_DashSpeed_Mini_L","TRUE","","TRUE","AddChargeSpeedPercentage","50","","","","","","","","","","",""
"R_PetMoveSpeed_S","","","TRUE","IncreasePetSpeedPercent","30","","","","","","","","","","",""
"R_PetMoveSpeed_E","","","TRUE","IncreasePetSpeedPercent","50","","","","","","","","","","",""
"R_PetMaxHP_S_1","TRUE","","TRUE","AddExtraHealthToSummonedMinionsPercent","40","","","","","","","","","","",""
"R_PetMaxHP_S_2","","","TRUE","AddExtraScaleToPets","18","","","","","","","","","","",""
"R_PetMaxHP_E_1","TRUE","","TRUE","AddExtraHealthToSummonedMinionsPercent","60","","","","","","","","","","",""
"R_PetMaxHP_E_2","","","TRUE","AddExtraScaleToPets","28","","","","","","","","","","",""
"R_PetMaxHP_L_1","TRUE","","TRUE","AddExtraHealthToSummonedMinionsPercent","80","","","","","","","","","","",""
"R_PetMaxHP_L_2","","","TRUE","AddExtraScaleToPets","50","","","","","","","","","","",""
"R_PetNumber_L_1","TRUE","","TRUE","AddMaxSpawns","1","","","","","","","","","","",""
"R_PetNumber_L_2","TRUE","","TRUE","AddNumSpawns","1","","","","","","","","","","",""
"R_ShootTwice_MainAtk_L_1","TRUE","","","ActiveTimeBasicAttackAddPercent","400","","","","","","","","","","",""
"R_ShootTwice_MainAtk_L_2","TRUE","","","MsBetweenBasicAttacksMultiply","4","","","","","","","","","","",""
"R_ShootTwice_Throw_L","TRUE","","","ActiveTimeBasicAttackAddPercent","100","","","","","","","","","","",""
"R_TriggerSuper_MoreTimes_Pet_L_1","","","","AddUltiUse","1","","","","","","","","","","",""
"R_TriggerSuper_MoreTimes_Pet_L_2","TRUE","","","OverrideMaxSpawns","2","","","","","","","","","","",""
"R_TriggerSuper_MoreTimes_1_L","","","","AddUltiUse","1","","","","","","","","","","",""
"R_Eve_TriggerSuper_MoreTimes_L_1","","","","AddUltiUse","1","","","","","","","","","","",""
"R_Eve_TriggerSuper_MoreTimes_L_2","TRUE","","","OverrideMaxSpawns","20","","","","","","","","","","",""
"R_Boomerang_L","TRUE","","","OverrideBasicAttackIsBoomerang","1","","","","","","","","","","",""
"R_ChargeUpSpeed_L","","","TRUE","AddHoldChargeUpTimePercent","100","","","","","","","","","","",""
"R_Spread_L","","","","AddSpreadBasicAttackPercent","200","","","","","","","","","","",""
"R_DOT_E","TRUE","","TRUE","AddStatusEffectTimePercentage","50","","","","","","","","","","",""
"R_DOT_L","TRUE","","TRUE","AddStatusEffectTimePercentage","75","","","","","","","","","","",""
"R_Berry_L","TRUE","","","TriggerAreaEffectWhenReceivingDmg","1","","PainterAreaEffectMutant","","","","","","","","",""
"R_Lumi_L","TRUE","","","IncreaseMaxHp","1","","","","","","","","","","",""
"R_Nita_L","TRUE","","","IncreaseMaxHp","1","","","","","","","","","","",""
"R_Bull_L","TRUE","","","IncreaseMaxHp","1","","","","","","","","","","",""
"R_Rico_Bounce_S_1","","","TRUE","AddNormalDistanceAddFromBouncePercent","80","","","","","","","","","","",""
"R_Rico_Bounce_S_2","","","TRUE","AddUltiDistanceAddFromBouncePercent","35","","","","","","","","","","",""
"R_Rico_Bounce_S_3","TRUE","","","OverrideMaxDistanceAddBounces","6","","","","","","","","","","",""
"R_Rico_Bounce_S_4","TRUE","","","OverrideMaxDistanceAddBouncesUlti","7","","","","","","","","","","",""
"R_Rico_Bounce_E_1","","","TRUE","AddNormalDistanceAddFromBouncePercent","150","","","","","","","","","","",""
"R_Rico_Bounce_E_2","","","TRUE","AddUltiDistanceAddFromBouncePercent","70","","","","","","","","","","",""
"R_Rico_Bounce_E_3","TRUE","","","OverrideMaxDistanceAddBounces","6","","","","","","","","","","",""
"R_Rico_Bounce_E_4","TRUE","","","OverrideMaxDistanceAddBouncesUlti","7","","","","","","","","","","",""
"R_Rico_Bounce_L_1","","","TRUE","AddNormalDistanceAddFromBouncePercent","250","","","","","","","","","","",""
"R_Rico_Bounce_L_2","","","TRUE","AddUltiDistanceAddFromBouncePercent","180","","","","","","","","","","",""
"R_Rico_Bounce_L_3","TRUE","","","OverrideMaxDistanceAddBounces","6","","","","","","","","","","",""
"R_Rico_Bounce_L_4","TRUE","","","OverrideMaxDistanceAddBouncesUlti","7","","","","","","","","","","",""
"R_Ruff_Bounce_S_1","","","TRUE","AddNormalDistanceAddFromBouncePercent","50","","","","","","","","","","",""
"R_Ruff_Bounce_S_2","TRUE","","","OverrideMaxDistanceAddBounces","4","","","","","","","","","","",""
"R_Ruff_Bounce_E_1","","","TRUE","AddNormalDistanceAddFromBouncePercent","100","","","","","","","","","","",""
"R_Ruff_Bounce_E_2","TRUE","","","OverrideMaxDistanceAddBounces","4","","","","","","","","","","",""
"R_Ruff_Bounce_L_1","","","TRUE","AddNormalDistanceAddFromBouncePercent","250","","","","","","","","","","",""
"R_Ruff_Bounce_L_2","TRUE","","","OverrideMaxDistanceAddBounces","4","","","","","","","","","","",""
"R_Gus_L_1","","","","OverrideChargeUpMax","1","","","","","","","","","","",""
"R_Gus_L_2","","","","OverrideChargeUp","1","","","","","","","","","","",""
"R_Gus_L_3","","","","IgnoreChargeReset","1","","","","","","","","","","",""
"R_Brock_L","TRUE","","","OverrideActiveTimeBasicAttack","300","","","","","","","","","","",""
"R_Mortis_Dash_E_1","","","TRUE","AddCastingRange","1","","","","","","","","","","",""
"R_Mortis_Dash_E_2","TRUE","","TRUE","AddChargeSpeedPercentage","50","","","","","","","","","","",""
"R_Mortis_Dash_L_1","","","TRUE","AddCastingRange","2","","","","","","","","","","",""
"R_Mortis_Dash_L_2","TRUE","","TRUE","AddChargeSpeedPercentage","100","","","","","","","","","","",""
"R_Tick_BulleNumber_E","TRUE","","TRUE","AddBulletExplosionNumber","1","","","","","","","","","","",""
"R_Tick_BulleNumber_L","TRUE","","TRUE","AddBulletExplosionNumber","2","","","","","","","","","","",""
"R_Shelly_L_1","TRUE","","","OverrideNumBulletsInUlti","14","","","","","","","","","","",""
"R_Shelly_L_2","","","","OverrideSpreadUlti","200","","","","","","","","","","",""
"R_Hank_L","TRUE","","","TriggerAreaEffectWhenReceivingDmg","0.1","","FishTankOnHitArea","","","","","","","","",""
"R_Primo_L","TRUE","","","TriggerAreaEffectWhenReceivingDmg","0.1","","LuchadorMeteorSpawnSmall","","","","","","","","",""
"R_Draco_Super_L","","","","OverrideMountUpDurationTicks","-1","","","","","","","","","","",""
"R_Barley_Slow_L","TRUE","","","SpawnAreaEffectWhileMoving","20","","BarkeepSlowPuddleSmall","","","","","","","","",""
"R_Carl_Reload_L","TRUE","","TRUE","AddReloadSpeedPercent","75","","","","","","","","","","",""
"R_Emz_Area_L","","","TRUE","AddAreaEffectPercent","35","","","","","","","","","","",""
"R_8Bit_Speed_L","","","TRUE","IncreaseSpeedPercent","50","","","","","","","","","","",""
"R_Frank_HP_L","TRUE","","TRUE","IncreaseMaxHp","50","","","","","","","","","","",""
"R_Angelo_Area_L","","","TRUE","AddAreaEffectPercent","100","","","","","","","","","","",""
"R_Ash_PetNumber_L_1","TRUE","","TRUE","AddMaxSpawns","1","","","","","","","","","","",""
"R_Ash_PetNumber_L_2","TRUE","","TRUE","AddNumSpawns","10","","","","","","","","","","",""
"R_Eve_PetNumber_L_1","TRUE","","TRUE","AddMaxSpawns","1","","","","","","","","","","",""
"R_Eve_PetNumber_L_2","TRUE","","TRUE","AddNumSpawns","1","","","","","","","","","","",""
"R_Poco_Heal_L","TRUE","","","TriggerAreaEffectWhenReceivingDmg","1","","PocoRogueliteRegenArea","","","","","","","","",""
"R_Meeple_HomeInMore_L","TRUE","","","AddBasicAttackSteerStrength","4","","","","","","","","","","",""
"R_Angelo_HoldTime_L","","","","AddHoldChargeUpTimePercent","100","","","","","","","","","","",""
"R_Gale_MoreBullet_S","","","TRUE","AddBasicAttackNumBullets","2","","","","","","","","","","",""
"R_Gale_MoreBullet_E_1","","","TRUE","AddBasicAttackNumBullets","4","","","","","","","","","","",""
"R_Gale_MoreBullet_E_2","","","TRUE","AddUltiAttackNumBullets","1","","","","","","","","","","",""
"R_Gale_MoreBullet_L_1","","","TRUE","AddBasicAttackNumBullets","6","","","","","","","","","","",""
"R_Gale_MoreBullet_L_2","","","TRUE","AddUltiAttackNumBullets","3","","","","","","","","","","",""
"R_Dynamike_Delay_L","","","TRUE","ReduceTriggerWithDelayMs","60","","","","","","","","","","",""
"R_Olli_Bullet_L","","","TRUE","AddBasicAttackNumBullets","3","","","","","","","","","","",""
"R_Olli_Spread_L","","","TRUE","AddSpreadBasicAttackPercent","300","","","","","","","","","","",""
"R_Janet_ActiveTime_L","","","TRUE","AddActiveTimeUltiAttackPercentage","60","","","","","","","","","","",""
"R_Buster_ActiveTime_L","","","","AddActiveTimeUltiAttackPercentage","100","","","","","","","","","","",""
"R_Chuck_Super_E","TRUE","","TRUE","AddChargeUltiAutomaticallyPerSecond","500","","","","","","","","","","",""
"R_Gene_SuperRange_L","","","","OverrideUltiCastingRange","150","","","","","","","","","","",""
"R_Bea_Shield_L","TRUE","","","AddOneHPShield","1","","OneHPShieldPushback","","","OneHPInvulnerability","","","","","",""
"R_Byron_StatusEffect_L","TRUE","","TRUE","AddStatusEffectTimePercentage","50","","","","","","","","","","",""
"R_Spike_BulletMore_E","TRUE","","","AddBulletExplosionNumber","1","","","","","","","","","","",""
"R_Spike_BulletMore_L","TRUE","","","AddBulletExplosionNumber","2","","","","","","","","","","",""
"R_Sprout_GadgetCooldown_L","","","","DecreaseGadgetCooldownPercent","80","","","","","","","","","","",""
"R_Charlie_Spider_L","TRUE","","","SpawnCharacterWhileMoving","60","","","CocoonerPet","","","","","","","",""
"R_Bo_InfinateMine_L","TRUE","","","OverrideNumMaxItems","99","","","","","","","","","","",""
"R_Codilus_MainAtk_L","TRUE","","","ActiveTimeBasicAttackAddPercent","50","","","","","","","","","","",""
"R_Shade_SuperLastTime_L","","","","AddActiveTimeUltiAttackPercentage","100","","","","","","","","","","",""
"R_Melodie_Notes_L","TRUE","","TRUE","AddChainBulletsMaxProjectile","2","","","","","","","","","","",""
"R_Buzz_SuperRange_L_1","","","","OverrideUltiCastingRange","60","","","","","","","","","","",""
"R_Buzz_SuperRange_L_2","TRUE","","","AddProjectileSpeedPercent","60","","","","","","","","","","",""
"R_Bo_MainAtkMore_L","TRUE","","","ActiveTimeBasicAttackAddPercent","30","","","","","","","","","","",""
"R_Squeak_SpawnAreaE_L","TRUE","","","TriggerAreaEffectWhenUlti","","","RogueliteLCardSqueak","","","","","","","","",""
"R_Colt_MoreBullet_L","TRUE","","","ActiveTimeBasicAttackAddPercent","45","","","","","","","","","","",""
"R_Nani_Bullets_L_1","","","TRUE","AddBasicAttackNumBullets","2","","","","","","","","","","",""
"R_Nani_Bullets_L_2","","","TRUE","AddSpreadBasicAttackPercent","80","","","","","","","","","","",""
"R_Nani_Super_E","TRUE","","TRUE","AddUltiSteerLifeTimePercent","50","","","","","","","","","","",""
"R_Nani_Super_L","TRUE","","TRUE","AddUltiSteerLifeTimePercent","150","","","","","","","","","","",""
"R_Hank_Range_S_1","","","TRUE","AddCastingRangePercent","10","","","","","","","","","","",""
"R_Hank_Range_S_2","","","TRUE","AddAreaEffectPercent","10","","","","","","","","","","",""
"R_Hank_Range_S_3","","","TRUE","AddEffectSizePercent","10","","","","","","","","","","",""
"R_Hank_Range_E_1","","","TRUE","AddCastingRangePercent","15","","","","","","","","","","",""
"R_Hank_Range_E_2","","","TRUE","AddAreaEffectPercent","15","","","","","","","","","","",""
"R_Hank_Range_E_3","","","TRUE","AddEffectSizePercent","15","","","","","","","","","","",""
"R_Hank_Range_L_1","","","TRUE","AddCastingRangePercent","25","","","","","","","","","","",""
"R_Hank_Range_L_2","","","TRUE","AddAreaEffectPercent","25","","","","","","","","","","",""
"R_Hank_Range_L_3","","","TRUE","AddEffectSizePercent","25","","","","","","","","","","",""
"R_Add_Bullets_BasicAttack_ULTRA_1","","","TRUE","AddBasicAttackNumBullets","4","","","","","","","","","","",""
"R_Add_Bullets_BasicAttack_ULTRA_2","","","TRUE","AddSpreadBasicAttack","80","","","","","","","","","","",""
"R_Add_Bullets_BasicAttack_L_1","","","TRUE","AddBasicAttackNumBullets","1","","","","","","","","","","",""
"R_Add_Bullets_BasicAttack_L_2","","","TRUE","AddSpreadBasicAttack","30","","","","","","","","","","",""
"R_Kit_PowerCube_E","TRUE","","","StartWithPowerCube_E","1","","","","","","","","","","",""
"R_Mina_Shield_L","TRUE","","","TriggerAreaEffectWhenUlti","","","RogueliteDancerBlockProjectiles","","","","","","","","",""
"R_Chuck_Pole_E","TRUE","","TRUE","AddNumMaxItems","1","","","","","","","","","","",""
"R_Chuck_Pole_L","TRUE","","TRUE","AddNumMaxItems","2","","","","","","","","","","",""
"R_Clancy_Level_L","TRUE","","TRUE","StartWithLevel","7","","","","","","","","","","",""
"R_Kit_AttackRange_L_1","","","TRUE","AddCastingRange","1","","","","","","","","","","",""
"R_Kit_AttackRange_L_2","","","TRUE","AddSpreadBasicAttackPercent","-40","","","","","","","","","","",""
"R_Kit_AttackRange_L_3","","","TRUE","AddEffectSizePercent","35","","","","","","","","","","",""
"R_Shade_AttackRange_L_1","","","TRUE","AddCastingRange","1","","","","","","","","","","",""
"R_Shade_AttackRange_L_2","","","TRUE","AddEffectSizePercent","15","","","","","","","","","","",""
"R_Otis_ActiveTime_L","TRUE","","TRUE","ActiveTimeBasicAttackAddPercent","20","","","","","","","","","","",""
"R_PowerCubeOnStart_ULTRA","TRUE","","","StartWithPowerCube_ULTRA","20","","","","","","","","","","",""
"R_MoveSpeed_ULTRA","","","TRUE","IncreaseSpeedPercent","45","","","","","","","","","","",""
"ActorPlaceholderTrait","TRUE","TRUE","TRUE","IncreaseMaxHp","10","","","","","","","","","","",""
"DemogorgonLifeSteal","TRUE","TRUE","","LifeStealFromDamagePercent","30","","","","","","","","","","",""
"R_God_ScaleUp","TRUE","","TRUE","AddExtraScale","40","","","","","","","","","","",""
"R_God_Max_ScaleUp","TRUE","","TRUE","AddExtraScale","100","","","","","","","","","","",""
"R_Leon_Super_L","","","TRUE","AddActiveTimeUltiAttackPercentage","200","","","","","","","","","","",""
"R_Bibi_Range_L_1","","","TRUE","AddCastingRange","1","","","","","","","","","","",""
"R_Bibi_Range_L_2","","","TRUE","AddEffectSizePercent","50","","","","","","","","","","",""
"R_MaxHp_Absolute_Mini_Mini_S","TRUE","","TRUE","IncreaseMaxHpAbsolute","800","","","","","","","","","","",""
"R_MaxHp_Absolute_Mini_Mini_E","TRUE","","TRUE","IncreaseMaxHpAbsolute","1000","","","","","","","","","","",""
"R_MaxHp_Absolute_Mini_Mini_L","TRUE","","TRUE","IncreaseMaxHpAbsolute","1500","","","","","","","","","","",""
"R_GadgetCooldown_Mini_Min_S","","","TRUE","DecreaseGadgetCooldownPercent","15","","","","","","","","","","",""
"R_GadgetCooldown_Mini_Min_E","","","TRUE","DecreaseGadgetCooldownPercent","25","","","","","","","","","","",""
"R_GadgetCooldown_Mini_Min_L","","","TRUE","DecreaseGadgetCooldownPercent","40","","","","","","","","","","",""
"R_HCTime_L","","","TRUE","AddHCActiveTimePercent","120","","","","","","","","","","",""
"R_MoveSpeed_Mini_Mini_S","","","TRUE","IncreaseSpeedPercent","10","","","","","","","","","","",""
"R_MoveSpeed_Mini_Mini_E","","","TRUE","IncreaseSpeedPercent","15","","","","","","","","","","",""
"R_MoveSpeed_Mini_Mini_L","","","TRUE","IncreaseSpeedPercent","20","","","","","","","","","","",""
"R_Frank_Scale_S","TRUE","","TRUE","AddExtraScale","5","","","","","","","","","","",""
"R_Frank_Scale_E","TRUE","","TRUE","AddExtraScale","15","","","","","","","","","","",""
"R_Frank_Scale_L","TRUE","","TRUE","AddExtraScale","30","","","","","","","","","","",""
"R_Melodie_Notes_E","TRUE","","TRUE","AddChainBulletsMaxProjectile","1","","","","","","","","","","",""
"R_BulletSize_Max_S","","","TRUE","AddBulletSizePercent","30","","","","","","","","","","",""
"R_BulletSize_Max_E","","","TRUE","AddBulletSizePercent","45","","","","","","","","","","",""
"R_BulletSize_Max_L","","","TRUE","AddBulletSizePercent","60","","","","","","","","","","",""
"R_Janet_ActiveTime_E","","","TRUE","AddActiveTimeUltiAttackPercentage","30","","","","","","","","","","",""
"R_Frank_SpeedDown_S","","","TRUE","IncreaseSpeedPercent","-4","","","","","","","","","","",""
"R_Frank_SpeedDown_E","","","TRUE","IncreaseSpeedPercent","-7","","","","","","","","","","",""
"R_Frank_SpeedDown_L","","","TRUE","IncreaseSpeedPercent","-11","","","","","","","","","","",""
"R_MoveSpeedInBush_Mini_S","TRUE","","TRUE","IncreaseSpeedInBushPercent","10","","","","","","","","","","",""
"R_Kaze_EffectSize_S","","","TRUE","AddEffectSizePercent","15","","","","","","","","","","",""
"R_Kaze_EffectSize_E","","","TRUE","AddEffectSizePercent","25","","","","","","","","","","",""
"R_Kaze_EffectSize_L","","","TRUE","AddEffectSizePercent","45","","","","","","","","","","",""
"R_MaxHp_Absolute_Meg_S","TRUE","","TRUE","IncreaseMaxHpAbsolute","500","","","","","","","","","","",""
"R_MaxHp_Absolute_Meg_E","TRUE","","TRUE","IncreaseMaxHpAbsolute","800","","","","","","","","","","",""
"R_MaxHp_Absolute_Meg_L","TRUE","","TRUE","IncreaseMaxHpAbsolute","1000","","","","","","","","","","",""
"R_HighHealthDamage_E","TRUE","","TRUE","AddHighHealthDamage","25","","","","","","","","","","",""
"ShadowdemonMinionDamage","TRUE","TRUE","","DamageOutputReducePercent","45","","","","","","","","","","",""
"ShadowdemonMinionHealth","TRUE","TRUE","","IncreaseMaxHp","-40","","","","","","","","","","",""
"ShadowdemonMinionDamageOvercharged","TRUE","TRUE","","DamageOutputReducePercent","30","","","","","","","","","","",""
"ShadowdemonMinionHealthOvercharged","TRUE","TRUE","","IncreaseMaxHp","-15","","","","","","","","","","",""
"MB_StickyBomb_Slow","TRUE","","","SpawnAreaEffectWhileMoving","15","","MegaBossStickyBombSlowAreaSmall","","","","","","","","",""
"MB_Shade_PassWall","TRUE","","","AddStatusEffectOnStart","","","","","","MegaBossGhostIncorporeal","","","","","",""
"MB_Crow_ProjectileSpeed","TRUE","","TRUE","AddProjectileSpeedPercent","35","","","","","","","","","","",""
"MB_Rico_BulletExplode_1","TRUE","","","SpawnAreaEffectWhileMoving","12","","MegaBossRicoMoveBullet1","","","","","","","","",""
"MB_Rico_BulletExplode_2","TRUE","","","SpawnAreaEffectWhileMoving","12","","MegaBossRicoMoveBullet2","","","","","","","","",""
"MB_Rico_BulletExplode_3","TRUE","","","SpawnAreaEffectWhileMoving","12","","MegaBossRicoMoveBullet3","","","","","","","","",""
"MB_Grom_BulletSize","","","TRUE","AddBulletSizePercent","50","","","","","","","","","","",""
"MB_Grom_AreaEffectSize","","","TRUE","AddAreaEffectPercent","50","","","","","","","","","","",""
"MB_Grom_EffectSize","","","TRUE","AddEffectSizePercent","50","","","","","","","","","","",""
"MB_Griff_ProjectilSize","","","TRUE","AddBulletSizePercent","50","","","","","","","","","","",""
"MB_Nita_ProjectilSize","","","TRUE","AddBulletSizePercent","100","","","","","","","","","","",""
"MB_DragonCrowL1_ProjectilSize","","","TRUE","AddBulletSizePercent","15","","","","","","","","","","",""
"MB_DragonCrowL2_ProjectilSize","","","TRUE","AddBulletSizePercent","40","","","","","","","","","","",""
"MB_DragonCrowL3_ProjectilSize","","","TRUE","AddBulletSizePercent","110","","","","","","","","","","",""
"MB_Crow_FireBallAround","TRUE","","","SpawnProjectileOnStartOrSelectPerk_2","2","MegaBossDragonCirclingProjectile","","","","","","","","","",""
"MB_Colette_ProjectilSize","","","TRUE","AddBulletSizePercent","10","","","","","","","","","","",""
"SN_Spike_ProjectileSize","","","","AddBulletSizePercent","50","","","","","","","","","","",""
"SN_Spike_ProjectileSpeed","","","","AddProjectileSpeedPercent","-20","","","","","","","","","","",""
"SN_Spike_AreaEffect","","","","AddAreaEffectPercent","40","","","","","","","","","","",""
"SN_Juju_ProjectileSize","","","","AddBulletSizePercent","50","","","","","","","","","","",""
"SN_Juju_AreaEffect","","","","AddAreaEffectPercent","65","","","","","","","","","","",""
"SN_Juju_ProjectileSpeed","","","","AddProjectileSpeedPercent","-35","","","","","","","","","","",""
"SN_Stella_AttackRange","","","","AddCastingRange","1","","","","","","","","","","",""
"SN_Stella_EffectSize","","","","AddEffectSizePercent","20","","","","","","","","","","",""
"SN_Stella_ChargeSpeed","TRUE","","TRUE","AddChargeSpeedPercentage","50","","","","","","","","","","",""
"SN_AttackRange_Minus1","","","","AddCastingRange","-1","","","","","","","","","","",""
"SN_Bea_ProjectileSize","","","","AddBulletSizePercent","50","","","","","","","","","","",""
"SN_Bea_ProjectileSpeed","","","","AddProjectileSpeedPercent","-10","","","","","","","","","","",""
"SN_Colette_ProjectileSize","","","","AddBulletSizePercent","30","","","","","","","","","","",""
"SN_Finx_AreaEffect","","","","AddAreaEffectPercent","30","","","","","","","","","","",""
"SN_Spike_ChargeSuper","","","","AddChargeUltiAutomaticallyPerSecond","1000","","","","","","","","","","",""
"SN_Juju_ChargeSuper","","","","AddChargeUltiAutomaticallyPerSecond","1000","","","","","","","","","","",""
"SN_Bea_ChargeSuper","","","","AddChargeUltiAutomaticallyPerSecond","1000","","","","","","","","","","",""
"SN_Amber_ChargeSuper","","","","AddChargeUltiAutomaticallyPerSecond","1000","","","","","","","","","","",""
"SN_Stella_ChargeSuper","","","","AddChargeUltiAutomaticallyPerSecond","1400","","","","","","","","","","",""
"SN_ChargeSuper","","","","AddChargeUltiAutomaticallyPerSecond","1500","","","","","","","","","","",""
"SN_ChargeRateNerf","","","","AddUltiOnlyChargePercent","-60","","","","","","","","","","",""
"SN_Amber_ProjectileSize","","","","AddBulletSizePercent","50","","","","","","","","","","",""
"SN_HP_Buff","","","","IncreaseMaxHp","0","","","","","","","","","","",""
"SN_Damage_Buff","","","","AddDamagePercent","0","","","","","","","","","","",""
"SN_SpeedUpOnAtk","TRUE","","","TriggerAreaEffectOnBasicAttack","","","OnHitSpeedyUpArea_StarNovaAmber","","","","","","","","",""
"SN_AntiBoss_Shield","","","","DamageReductionPercent","40","","","","","","","","","","",""
"Mod_speedup","","","TRUE","IncreaseSpeedPercent","30","","","","","","","","","","",""
"ColtOverchargedProjectileBuff","TRUE","","TRUE","MsBetweenBasicAttacksAddPercentage","-1","","","","","","","","","","",""
"ColtOverchargedProjectileBuff2","TRUE","","TRUE","ActiveTimeBasicAttacksAddPercentage","-80","","","","","","","","","","",""
"ColtBuddySp1","TRUE","TRUE","TRUE","ApplyStatusEffectOnHit","","","","","","ColtSpeedBuddySp","","","","","",""
"EmzBuddySp2","TRUE","TRUE","","ApplyStatusEffectWhenUsingUlti","","","","","","EmzBuddySp2","","","","","",""
"FrankBuddySp1","TRUE","TRUE","","ApplyStatusEffectOnKill","","","","","","FrankBuddySp1","","","","","",""
"MortisBuddySp1","TRUE","TRUE","","GainMaxHpOnKill","250","","","","","","","","","","",""
"EmzBuddySp1","TRUE","TRUE","","ApplyStatusEffectToEnemiesOnHitWithBasicAttack","","","","","","EmzBuddySp1","","","","","",""
"SpikeSp1","TRUE","TRUE","","LifeStealFromDamagePercentOnlyUlti","75","","","","","","","","","","",""
"SpikeBuddySp1","TRUE","TRUE","","AddProjectileSpeedPercentOnlyUlti","30","","","","","","","","","","",""
"MortisBuddySp2","TRUE","TRUE","","ApplyStatusEffectOnLongDash","","","","","","MortisBuddySp2","","","","","",""
"ColtBuddySp2","TRUE","TRUE","","OverrideProjectileDmgPercentageOverDistance","105","","","","","","","","","","",""
"ShelllyBuddySp1","TRUE","TRUE","","AddChainAreaEffectToUltiProjectileMod","4","","ShellyBuddySPBurnArea","","","","","","","","",""
"ShelllyBuddySp2","TRUE","TRUE","","ApplyStatusEffectOnMedikit","","","","","","ShelllyBuddySp2","","","","","",""
"ShamanBuddySp1","TRUE","TRUE","","PetLifestealOverhealShield","20","","","","","","","","","","",""
"ShamanBuddySp2","TRUE","TRUE","","ApplyStatusEffectWhenUsingUlti","","","","","","ShamanSp2AmmoReloadBoost","","","","","",""
"CrowBuddySp2","","TRUE","","IncreaseStatusEffectsTicks","20","","","","","","","","","","",""
"CrowBuddySp1","","TRUE","","ReceiveStatusEffectBasedOnNumberOfAppliedStatusEffects","","","","","","CrowBuddySp1","","","","","",""
"BullDude_Gadget_1","","TRUE","","HealOnKillIfEnemyHasStatusEffect","10","","","","","BullGadget1","","","","","",""
"BullDude_Gadget_2","","TRUE","","ApplyStatusEffectOnStun","","","","","","BullDudeGadget2","","","","","",""
"NinjaBuddySp2","","TRUE","","AddActiveTimeUltiAttackPercentage","17","","","","","","","","","","",""
"NinjaBuddySp1","","TRUE","","ApplyStatusEffectWhileInvisibleDuringSuper","","","","","","NinjaBuddySp1","","","","","",""
"BaseballSP2ExtraUltiDuration","TRUE","TRUE","","ExtraUltiDuration","50","","","","","","","","","","",""
"BowDudeSPHiddenDuringAttackInForest","TRUE","TRUE","","HiddenDuringAttackInForest","","","","","","","","","","","",""
"BowDudeSPMineShotSpeed","TRUE","TRUE","","AddProjectileSpeedPercentOnlyUlti","100","","","","","","","","","","",""
"RedirecterStarPowerCurrentHPPoisonTrait","TRUE","","","ApplyStatusEffectOnApplyStatus","","","","","","RedirecterStarPowerCurrentHPPoison","","","","","",""
"RedirecterStarPowerSpawnPetOnTargetDeathTrait","TRUE","","","ApplyStatusEffectOnApplyStatus","","","","","","RedirecterStarPowerSpawnPetOnTargetDeath","","","","","",""
"IgnoreStatusEffects","TRUE","TRUE","","IgnoreStatusEffects","","","","","","","","","","","",""
"GhostDeadCenterBoost","","TRUE","","MeleeDeadCenterBoost","100;100","","","","","","","","","","",""
"SamuraiLifeSteal","","TRUE","","LifeStealFromDamagePercent","35","","","","","","","","","","",""
"CrowGadgetDaggerSlow","","TRUE","","AddStatusEffectToEnermyOnHit_1","","","","","","CrowPoisonDaggerSlow","","","","","",""
"Gladiator_SpawnFireAreaOnExpire","TRUE","","","SpawnAreaEffectOnStatusExpire","","","GladiatorFire","","","","","","","","","DontTargetSelf"
"AssaultShotgunSp1_Spread","FALSE","TRUE","","AddSpreadBasicAttackPercent","50","","","","","","","","","","",""
"AssaultShotgunSp1_Salvo","FALSE","TRUE","","AddSalvoBasicAttack","1","","","","","","","","","","",""
"Gladiator_SpawnFireAreaExplosionOnExpire","TRUE","","","SpawnAreaEffectOnStatusExpire","","","GladiatorFireExplosion","","","","","","","","",""
"AssaultShotgunBuddySp1","FALSE","TRUE","","OverrideBasicAttackPatternAtFullAmmo","25","","","","","","","","","","",""
"AssaultShotgunBuddySp2","TRUE","TRUE","","UltiHealSelfOnReturn","5","","","","","","","","","","",""
"GladiatorOverrideChargeUpType","","TRUE","","OverrideChargeUpType","8","","","","","","","","","","",""
"GladiatorOverrideChargeUpMax","","TRUE","","OverrideChargeUpMax","10","","","","","","","","","","",""
"SwarmMeteorOverTimeLevel1","TRUE","","TRUE","SpawnAreaEffectOverTime","60","","PetrolFire","","","SwarmCooldownTimer","","","","","",""
"SwarmShootDemonicProjectileOverTimeLevel1","TRUE","","TRUE","ShootProjectileOverTime","60","BarkeepProjectile","","","","SwarmCooldownTimer","","","","","",""
"SwarmShootOtherProjectileOverTimeLevel1","TRUE","","TRUE","ShootProjectileOverTime","30","ElectroSniperMutantProjectile","","","","SwarmCooldownTimer","","","","","",""
"SwarmTimeBendOverTimeLevel1","TRUE","","TRUE","SpawnAreaEffectOverTime","60","","ChronomancerOverchargedUltiTimebend","","","SwarmCooldownTimer","","","","","",""
"SwarmWhirlwindProjectileOverTimeLevel1","TRUE","","TRUE","ShootProjectileOverTime","60","WhirlwindProjectile","","","","SwarmCooldownTimer","","","","","",""
"SwarmBarleyBottleFireL1","TRUE","","TRUE","ShootProjectileOverTime","60","BarkeepProjectile","","","","SwarmCooldownTimer","","","","2000","5000",""
"SwarmBarleyBottleFireL2","TRUE","","TRUE","ShootProjectileOverTime","45","BarkeepProjectile","","","","SwarmCooldownTimer","","","","2000","5000",""
"SwarmWhirlwindFireL1","TRUE","","TRUE","ShootProjectileOverTime","60","WhirlwindProjectile","","","","SwarmCooldownTimer","","","","1500","2000",""
"SwarmWhirlwindFireL2","TRUE","","TRUE","ShootProjectileOverTime","45","WhirlwindProjectile","","","","SwarmCooldownTimer","","","","1500","2000",""
"SwarmHealthBoostL1","TRUE","","TRUE","GainMaxHpKeepDeficit","500","","","","","","","","","","",""
"SwarmHealthBoostL2","TRUE","","TRUE","GainMaxHpKeepDeficit","1000","","","","","","","","","","",""
"SwarmHealthBoostL3","TRUE","","TRUE","GainMaxHpKeepDeficit","2000","","","","","","","","","","",""
"SwarmDamageBoostL1","TRUE","","TRUE","AddDamagePercent","10","","","","","","","","","","",""
"SwarmDamageBoostL2","TRUE","","TRUE","AddDamagePercent","20","","","","","","","","","","",""
"SwarmDamageBoostL3","TRUE","","TRUE","AddDamagePercent","35","","","","","","","","","","",""
"SwarmBarleyBottleFireL3","TRUE","","TRUE","ShootProjectileOverTime","45","BarkeepProjectile","","","","SwarmCooldownTimer","","","","2500","5000",""
"SwarmWhirlwindFireL3","TRUE","","TRUE","ShootProjectileOverTime","45","WhirlwindProjectile","","","","SwarmCooldownTimer","","","","1800","2000",""
"MB_FinxL1_ProjectilSize","","","TRUE","AddBulletSizePercent","50","","","","","","","","","","",""
"MB_FinxL2_ProjectilSize","","","TRUE","AddBulletSizePercent","75","","","","","","","","","","",""
"EnragerBuddySp1","TRUE","TRUE","","ExtraUltiChargeFromAreaEffectInnerRadiusHeroHit","1000","","","","","","","","","","",""
"EnragerBuddySp2","TRUE","TRUE","","HealPercentOnKill","20","","","","","","","","","","",""
"MB_FinxTowerUntargetable","TRUE","TRUE","","FinxTowerUntargetable","","","","","","FinxTowerUntargetable","","","","","",""
"MB_FinxTowerAreaEffect","","TRUE","","AddAreaEffectThatFollows","","","MegaBossFinxTowerTimebend","","","","","","","","",""
"Swarm_PickupRange_Base","","TRUE","TRUE","AddPickupRange","0","","","","","","","","","","",""
"Swarm_MoveSpeed_Base","","","TRUE","IncreaseSpeedPercent","0","","","","","","","","","","",""
"SwarmElectroBoltFireL1","TRUE","","TRUE","ShootProjectileOverTime","60","ElectroSniperMutantProjectile","","","","SwarmCooldownTimer","","","","1500","4000",""
"SwarmElectroBoltFireL2","TRUE","","TRUE","ShootProjectileOverTime","50","ElectroSniperMutantProjectile","","","","SwarmCooldownTimer","","","","1500","4000",""
"SwarmElectroBoltFireL3","TRUE","","TRUE","ShootProjectileOverTime","50","ElectroSniperMutantProjectile","","","","SwarmCooldownTimer","","","","2000","4000",""
"SwarmElectroBoltFireL2_2","TRUE","","TRUE","ShootProjectileOverTime","50;12","ElectroSniperMutantProjectile","","","","SwarmCooldownTimer","","","","1500","4000",""
"SwarmElectroBoltFireL3_2","TRUE","","TRUE","ShootProjectileOverTime","50;12","ElectroSniperMutantProjectile","","","","SwarmCooldownTimer","","","","2000","4000",""
"SwarmFireAuraTraitL1","TRUE","","","AddAreaEffectThatFollows","480;560","","SwarmFireAuraL1","","","","","","","","",""
"SwarmFireAuraTraitL2","TRUE","","","AddAreaEffectThatFollows","480;560","","SwarmFireAuraL2","","","","","","","","",""
"SwarmFireAuraTraitL3","TRUE","","","AddAreaEffectThatFollows","600;840","","SwarmFireAuraL3","","","","","","","","",""
"PercenterOverchargeFollowupProjectile","TRUE","TRUE","","PercenterHcBuddyProjectile","5;30","PercenterOverchargedProjectileSecondary","","","","","","","TRUE","","",""
"MB_FinxL2_AreaSize","","","TRUE","AddAreaEffectPercent","35","","","","","","","","","","",""
"ColetteLifestealBuddyOverheal","TRUE","TRUE","TRUE","OverhealShield","60;1000","","","","","","","","","","",""
"MB_FinxTowerAreaSize","","","TRUE","AddAreaEffectPercent","50","","","","","","","","","","",""
"RockProjectileMagnet_SteerStrength","TRUE","","","AddProjectileSteerStrength","30","","","","","","","","","","",""
"RockProjectileMagnet_SteerIgnoreTicks","TRUE","","","OverrideProjectileSteerIgnoreTicks","1","","","","","","","","","","",""
"RockProjectileMagnet_SteerHomeDistance","TRUE","","","OverrideProjectileHomeDistance","10","","","","","","","","","","",""
"RockProjectileMagnet_OverrideTravelType","TRUE","","","OverrideProjectileTravelType","10","","","","","","","","","","",""
"PercenterBuddySp1","TRUE","TRUE","","OverrideChargeSpeed","6000","","","","","","","","","","",""
"PercenterBuddySp2","TRUE","TRUE","","StealAmmoOnChargeHit","33;100","","","","","","","","","","",""
"RockChargeUltiOnMove","TRUE","TRUE","","ChargeUltiOnMove","14;1","","","","","","","","","","",""
"PercenterSp2ChargeDamageReduction","TRUE","TRUE","","ApplyStatusEffectWhenUsingUlti","","","","","","PercenterStarPowerChargeDamageReductionBase","","","","","",""
"ConductorSp2ChargeAmmoSteal","TRUE","TRUE","","StealAmmoOnChargeHit","33;100","","","","","","","","","","",""
"FutureGirlTraitShieldOnMoving","TRUE","TRUE","TRUE","AddConsumableShieldOnMoving","5;-1;-1;100","","","","","","","","","","",""
"FutureGirlTraitShieldOnSpawn","TRUE","TRUE","TRUE","AddConsumableShieldOnSpawn","-1;-1;100","","","","","","","","","","",""
"Nano_Merge_General","","","TRUE","IncreaseHeroMaxHpAbsolute","2000","","","","","","","","","","",""
"Nano_Merge_General_Meg","","","TRUE","IncreaseHeroMaxHpAbsolute","1000","","","","","","","","","","",""
"Nano_Angelo_Swap","","","","SwapAttackStyleEveryXSecond","6;200;3","","","","","","","","","","",""
"Nano_Angelo_Super_Area","","","","AddAreaEffectPercentSuper","100","","","","","","","","","","",""
"Nano_Angelo_Super_Damage","","","","AddDamagePercentSuper","50","","","","","","","","","","",""
"Nano_Angelo_HoldTime","","","","AddHoldChargeUpTimePercent","40","","","","","","","","","","",""
"Nano_Mandy_Attack_Range","","","","AddBeamerStandRange","100","","","","","","","","","","",""
"Nano_Mandy_Super_Size","","","","AddBulletSizePercentSuper","100","","","","","","","","","","",""
"Nano_Mandy_Super_Rate","","","","AddUltiOnlyChargePercent","0","","","","","","","","","","",""
"Nano_Mandy_Camera_Distance","","","","AddCameraDistance","3400","","","","","","","","","","",""
"Nano_Mandy_Camera_Vision","","","","AddVisibilityRectSize","300;600","","","","","","","","","","",""
"Nano_Max_Projectile_Speed","","","","AddProjectileSpeedPercentNormalAttack","25","","OnHitSpeedyUpArea_MaxNanoPower","","","","","","","","",""
"Nano_Max_Super_Speedup","","","","AddStatusEffectSpeedBoostAbsolutePercent","150","","","","","SpeedyUltiAreaSpeedBoost;SpeedyOverchargedUltiAreaSpeedBoost","","","","","",""
"Nano_Max_Reload","","","","AddReloadSpeedPercent","75","","","","","","","","","","",""
"Nano_Kenji_Range_Slash","","","","AddCastingRangeConeMelee","1.5","","","","","","","","","","",""
"Nano_Kenji_Range_Effect","","","","AddEffectSizePercent","35","","","","","","","","","","",""
"Nano_Kenji_Super_Size","","","","AddAreaEffectPercent","0","","","","","","","","","","",""
"Nano_Kenji_Super_Teleport","","","","TeleportAfterCrossSlash","1","","","","","","","","","","",""
"Nano_Kenji_Super_Rate","","","","AddUltiOnlyChargePercent","35","","","","","","","","","","",""
"Nano_Kenji_Heal","","","","HealingBuff","80","","","","","","","","","","",""
"Nano_Tick_BulleNumber","","","","AddBulletExplosionNumber","2","","ClusterBombExplosion","","","","","","","","",""
"Nano_Tick_PetMax_HP","","","TRUE","AddExtraHealthToSummonedMinions","2000","","","","","","","","","","",""
"Nano_Tick_PetMax_Scale","","","","AddExtraScaleToPets","50","","","","","","","","","","",""
"Nano_Tick_PetMax_Damage","","","","AddAreaEffectDamagePercent","30","","ClusterBombPetExplosion;ClusterBombPetOverchargedExplosion","","","","","","","","",""
"Nano_Tick_PetMax_BigHead","","","","AddScaleToHeadPercent","80","","","ClusterBombDude","","","","","","","",""
"Nano_Tick_PetMax_ProjectileSize","","","","AddBulletSizePercentSuper","80","","","ClusterBombDude","","","","","","","",""
"Nano_Tick_Head_1","","","","OverrideMaxSpawns","2","","","","","","","","","","",""
"Nano_Tick_Head_2","","","","AddUltiUse","1","","","","","","","","","","",""
"Nano_Ziggy_Attack","","","","AddAreaEffectPercentNormalAttack","20","","","","","","","","","","",""
"Nano_Ziggy_Super","","","","AddAreaEffectPercentSuper","50","","","","","","","","","","",""
"Nano_Ziggy_Slow","","","","AddStatusEffectToEnermyOnHit_1","","","","","","MarksmanHitSlowdown","","","","","",""
"Nano_Piper_Swap","","","","SwapAttackEveryXSecond","2.5","","","","SniperWeaponNanoPower","","","","","","",""
"Nano_Piper_SuperRate","","","","AddUltiOnlyChargePercent","80","","","","","","","","","","",""
"Nano_Piper_SuperSpeed","","","","AddChargeSpeedPercentage","100","","","","","","","","","","",""
"Nano_Piper_Attack_FarDamage","","","","AddProjectileDmgPercentageEndDistance","35","","","","","","","","","","",""
"Nano_Nani_Attack_Bullet","","","","AddBasicAttackNumBullets","2","","","","","","","","","","",""
"Nano_Nani_Attack_Spread","","","","AddSpreadBasicAttackPercent","80","","","","","","","","","","",""
"Nano_Nani_Attack_Damage","","","","AddDamagePercentNormalAttack","0","","","","","","","","","","",""
"Nano_Nani_Super_Damage","","","","AddDamagePercentSuper","30","","","","","","","","","","",""
"Nano_Nani_Super_Time","","","","AddUltiSteerLifeTimePercent","50","","","","","","","","","","",""
"Nano_Nani_Reflect","","","","AddReflectDamagePercent","30","NaniBounceProjectileSmall","","","","","","","","","",""
"Nano_Hank_Range_1","","","","AddCastingRangePercent","25","","","","","","","","","","",""
"Nano_Hank_Range_2","","","","AddAreaEffectPercent","25","","","","","","","","","","",""
"Nano_Hank_Range_3","","","","AddEffectSizePercent","25","","","","","","","","","","",""
"Nano_Hank_Super_BulletNumber","","","","OverrideNumBulletsInUltiExplosionUlti","10","","","","","","","","","","",""
"Nano_Hank_Super_Heal","","","","HealPercentOnSuperUse","100","","","","","","","","","","",""
"Nano_Hank_Trigger","","","","TriggerAreaEffectWhenReceivingDmg","0.1","","FishTankOnHitArea","","","","","","","","","NoBar"
"Nano_Jessie_ShootTwice_1","","","","ActiveTimeBasicAttackAddPercent","400","","","","","","","","","","",""
"Nano_Jessie_ShootTwice_2","","","","MsBetweenBasicAttacksMultiply","4","","","","","","","","","","",""
"Nano_Jessie_SuperUse","","","","AddUltiUse","1","","","","","","","","","","",""
"Nano_Jessie_Super_MaxSpawn","","","","OverrideMaxSpawns","2","","","","","","","","","","",""
"Nano_Jessie_Chain_1","","","","AddChainTravelDistancePercent","30","","","","","","","","","","",""
"Nano_Jessie_Chain_2","","","","AddNumsChainsToEnemies","1","","","","","","","","","","",""
"Nano_Melodie_Attack_Chain","","","","AddChainBulletNumber","1","","","","","","","","","","",""
"Nano_Melodie_Notes","","","","AddChainBulletsMaxProjectile","2","","","","","","","","","","",""
"Nano_Melodie_SuperUse","","","","AddUltiUse","2","","","","","","","","","","",""
"Nano_Melodie_Super_ChargeSpeed","","","","AddChargeSpeedPercentage","50","","","","","","","","","","",""
"Nano_Melodie_Orbit_Faster","","","","AddProjectileCircleSpeedPercent","75","","","","","","","","","","",""
"Nano_Melodie_Orbit_Larger","","","","AddTravelTypeVariablePercent","0","","","","","","","","","","",""
"Nano_Mico_Range","","","","AddCastingRangeNormalAttack","1","","","","","","","","","","",""
"Nano_Mico_Super_Size","","","TRUE","AddAreaEffectPercentSuper","70","","","","","","","","","","",""
"Nano_Mico_Super_Damage","","","","AddDamageSuper","2000","","","","","","","","","","",""
"Nano_Mico_Reload","","","","AddReloadSpeedPercent","50","","","","","","","","","","",""
"Nano_Gene_Chain_Number","","","","AddChainBulletNumber","4","","","","","","","","","","",""
"Nano_Gene_Chain_Spread","","","","AddChainSpread","50","","","","","","","","","","",""
"Nano_Gene_Super_Range","","","","OverrideUltiCastingRange","80","","","","","","","","","","",""
"Nano_Gene_Super_Damage","","","","AddDamageSuper","1500","","","","","","","","","","",""
"Nano_Gene_Trigger","","","","TriggerProjectileToEnemyOnHittingEnemy","1000;4","GeneHomingNanoProjectile","","","","","","","","","",""
"Nano_Sirius_Area_1","","","","AddAreaEffectPercent","30","","ShadowdemonIndirectExplosion","","","","","","","","",""
"Nano_Sirius_Area_2","","","","AddBulletSizePercent","50","ShadowdemonProjectileIndirect","","","","","","","","","",""
"Nano_Sirius_Super_Max_Hord","","","","AddShadowdemonMaxReleasedDemonsPerCast","2","","","","","","","","","","",""
"Nano_Sirius_Super_Max_Clone","","","","AddShadowdemonMaxClones","4","","","","","","","","","","",""
"Nano_Sirius_Clone_HP","","","","AddExtraHealthToSummonedMinionsPercent","40","","","","","","","","","","",""
"Nano_Sirius_Clone_Size","","","","AddExtraScaleToShadowClone","30","","","","","","","","","","",""
"Nano_Sirius_Spawn_Teammate","","","","SpawnATeamMateShadowEveryXSecond","8","","","","","","","","","","",""
"Nano_Grom_Attack_Number","","","","AddBulletExplosionNumber","2","","CrossBomberClusterExplosion","","","","","","","","",""
"Nano_Grom_Chain_Distance","","","","AddBulletExplosionBulletDistancePercent","100","","CrossBomberClusterExplosion","","","","","","","","",""
"Nano_Grom_Chain_Effect","","","","AddProjectileEffectPlaySpeedPercent","-25","CrossBomberProjectile2","","","","","","","","","",""
"Nano_Grom_Super_Time","","","","AddActiveTimeUltiAttackPercentage","350","","CrossBomberUltiClusterExplosion;OverchargedCrossBomberUltiClusterExplosion;OverchargedCrossBomberUltiClusterExplosion2","","","","","","","","",""
"Nano_Grom_Super_MS","","","","OverrideMsBetweenAttackUlti","500","","CrossBomberClusterExplosion","","","","","","","","",""
"Nano_Grom_Size","","","","AddBulletSizePercent","0","","CrossBomberUltiClusterExplosion;OverchargedCrossBomberUltiClusterExplosion;OverchargedCrossBomberUltiClusterExplosion2","","","","","","","","",""
"Nano_Grom_Speed","","","","AddProjectileSpeedPercent","15","","CrossBomberUltiClusterExplosion;OverchargedCrossBomberUltiClusterExplosion;OverchargedCrossBomberUltiClusterExplosion2","","","","","","","","",""
"Nano_Gale_Attck_MoreBullet","","","","AddBasicAttackNumBullets","4","","","","","","","","","","",""
"Nano_Gale_Super_MoreBullet","","","","AddUltiAttackNumBullets","5","","","","","","","","","","",""
"Nano_Gale_Freeze_Attack","","","","AddPartialStunPromilleAttack","70","","","","","","","","","","",""
"Nano_Gale_Freeze_Super","","","","AddPartialStunPromilleSuper","550","","","","","","","","","","",""
"Nano_Lou_Attack_Size","","","","AddBulletSizePercentNormalAttack","50","","","","","","","","","","",""
"Nano_Lou_Super_Size","","","","AddAreaEffectPercentSuper","40","","","","","","","","","","",""
"Nano_Lou_Freeze_Super","","","","AddPartialStunPromillePercent","35","","","","","","","","","","",""
"Nano_Eve_Attack_Bullet","","","","OverrideProjectileAttack","","FleaProjectile1;FleaProjectile2;FleaProjectile3;FleaProjectileNano4","","","","","","","","","",""
"Nano_Eve_Attack_ActiveTime","","","","ActiveTimeBasicAttackAddPercent","33","","","","","","","","","","",""
"Nano_Eve_Attack_Damage","","","","AddDamagePercentNormalAttack","0","","","","","","","","","","",""
"Nano_Eve_Super_1","","","","AddUltiUse","1","","","","","","","","","","",""
"Nano_Eve_Super_2","","","","OverrideMaxSpawns","20","","","","","","","","","","",""
"Nano_Eve_Passive","","","","SpawnCharacterOnGetHurt","1;0.5","","","FleaExtraPet","","","","","","","","NoBar"
"Nano_Moe_Attack_Range","","","","AddBulletExplosionBulletDistancePercent","150","","","","","","","","","","",""
"Nano_Moe_Attack_Damage","","","","AddDamagePercentNormalAttack","0","","","","","","","","","","",""
"Nano_Moe_Super_Charge","","","","AddChargeUltiAutomaticallyPerSecond","150","","","","","","","","","","",""
"Nano_Moe_Drill","","","","OverrideTransformTicks","-1","","","","","","","","","","",""
"Nano_Moe_Drill_Range","","","","AddCastingRange","3","","","","DiggerDrillWeapon","","","","","","",""
"Nano_Colt_Pierce","","","","OverridePiercesCharacters","1","","","","","","","","","","",""
"Nano_Colt_Bounce_1","","","","OverrideMaxDistanceAddBounces","6","","","","","","","","","","",""
"Nano_Colt_Bounce_2","","","","OverrideDistanceAddFromBounce","500","","","","","","","","","","",""
"Nano_Colt_Bounce_3","","","","OverrideIsBouncing","1","GunslingerProjectile;GunslingerOverchargedProjectile","","","","","","","","","",""
"Nano_Colt_Super_Size","","","","AddBulletSizePercentSuper","100","","","","","","","","","","",""
"Nano_Colt_MoveSpeed","","","TRUE","IncreaseSpeedPercent","30","","","","","","","","","","",""
"Nano_Cordelius_Attack","","","","ActiveTimeBasicAttackAddPercent","50","","","","","","","","","","",""
"Nano_Cordelius_Charge","","","","AddUltiOnlyChargePercent","25","","","","","","","","","","",""
"Nano_Cordelius_Home_1","","","","AddUltiSteerStrength","8","","","","","","","","","","",""
"Nano_Cordelius_Home_2","","","","OverrideUltiSteerIgnoreTicks","3","","","","","","","","","","",""
"Nano_Cordelius_Home_3","","","","OverrideUltiHomeDistance","5","","","","","","","","","","",""
"Nano_Cordelius_Home_4","","","","OverrideUltiTravelType","4","","","","","","","","","","",""
"Nano_Cordelius_Mushroom","","","","SpawnItemOnHittingEnemy","1;850;4","","","","","","ShadowMushroom","","","","",""
"Nano_Dynamike_Attack","","","","AddDamagePercentNormalAttack","25","","","","","","","","","","",""
"Nano_Dynamike_SuperSize_1","","","","AddAreaEffectPercentSuper","50","","","","","","","","","","",""
"Nano_Dynamike_SuperSize_2","","","","AddBulletSizePercentSuper","150","","","","","","","","","","",""
"Nano_Dynamike_Delay","","","","ReduceTriggerWithDelayMs","60","","","","","","","","","","",""
"Nano_Belle_Chain_1","","","","AddChainTravelDistancePercent","50","","","","","","","","","","",""
"Nano_Belle_Chain_2","","","","AddProjectileCustomUniquePropertyValue","99","","","","","","","","","","",""
"Nano_Belle_Super","","","","OverrideDamageReceivedBoostPercent","100","","","","","","","","","","",""
"Nano_Belle_Gadget","","","","OverrideGadgetCooldownSecond","4","","","","","","","","","","",""
"Nano_Lily_Attack_Ammo","","","","AddWeaponSkillMaxCharge","1","","","","","","","","","","",""
"Nano_Lily_Super_Damage","","","","AddDamageSuper","1000","","","","","","","","","","",""
"Nano_Lily_Super_Home_1","","","","AddUltiSteerStrength","3","","","","","","","","","","",""
"Nano_Lily_Super_Home_2","","","","OverrideUltiSteerIgnoreTicks","5","","","","","","","","","","",""
"Nano_Lily_Super_Home_3","","","","OverrideUltiHomeDistance","5","","","","","","","","","","",""
"Nano_Lily_Super_Home_4","","","","OverrideUltiTravelType","4","","","","","","","","","","",""
"Nano_Lily_Gadget","","","","DecreaseGadgetCooldownPercent","30","","","","","","","","","","",""
"Nano_Primo_Range","","","","AddCastingRangeNormalAttack","2.5","","","","","","","","","","",""
"Nano_Primo_Attack_Speed","","","","AddProjectileSpeedPercentNormalAttack","-20","","","","","","","","","","",""
"Nano_Primo_Super_Size","","","","AddEffectSizePercent","50","","","","","","","","","","",""
"Nano_Primo_Super_Effect","","","","AddAreaEffectPercentSuper","75","","","","","","","","","","",""
"Nano_Primo_Charge_Ulti","","","","AddUltiOnlyChargePercent","40","","","","","","","","","","",""
"Nano_Primo_Charge_HC","","","","AddHCOnlyChargePercent","40","","","","","","","","","","",""
"Nano_Rico_Trigger","","","","TriggerAreaEffectOnBasicAttack","3","","TrickshotDudeNanoExplosion","","","","","","","","",""
"Nano_Rico_Super_Bounce_1","","","","AddUltiDistanceAddFromBouncePercent","300","TrickshotDudeUltiProjectile","","","","","","","","","",""
"Nano_Rico_Super_Bounce_2","","","","OverrideMaxDistanceAddBouncesUlti","8","","","","","","","","","","",""
"Nano_Rico_Super_Bounce_3","","","","OverrideDistanceAddFromBounce","5000","TrickshotDudeUltiOverchargedProjectile","","","","","","","","","",""
"Nano_Rico_BulletSize","","","","AddBulletSizePercent","35","","","","","","","","","","",""
"Nano_Clancy_Range","","","","AddCastingRangeNormalAttack","1","","","","","","","","","","",""
"Nano_Clancy_Super_1","","","","AddBulletSizePercentSuper","50","","","","","","","","","","",""
"Nano_Clancy_Super_2","","","","OverridePierceEnvironment","1","CrabOverchargedUltiProjectile;CrabOverchargedUltiReturnProjectile;CrabUltiProjectile","","","","","","","","","",""
"Nano_Clancy_Super_3","","","","OverridePiercesEnvironmentLikeButter","1","CrabOverchargedUltiProjectile;CrabOverchargedUltiReturnProjectile","","","","","","","","","",""
"Nano_Clancy_Level","","","","StartWithLevel","6","","","","","","","","","","",""
"Nano_Byron_HomeIn_1","","","","AddBasicAttackSteerStrength","2","","","","","","","","","","",""
"Nano_Byron_HomeIn_2","","","","OverrideBasicAttackSteerIgnoreTicks","6","","","","","","","","","","",""
"Nano_Byron_HomeIn_3","","","","OverrideBasicAttackHomeDistance","5","","","","","","","","","","",""
"Nano_Byron_HomeIn_4","","","","OverrideBasicAttackTravelType","4","","","","","","","","","","",""
"Nano_Byron_Super_Size","","","","AddAreaEffectPercentSuper","40","","","","","","","","","","",""
"Nano_Byron_Super_Push","","","","AddPushbackStrengthToAreaEffect","100","","SnakeOilUltiExplosion;SnakeOilHyperUltiBulletExplosion","","","","","","","","",""
"Nano_Byron_Super_Projectile","","","","AddBulletSizePercentSuper","40","","","","","","","","","","",""
"Nano_Byron_HealCharge","","","","AddChargeUltiFromHealing","40","","","","","","","","","","",""
"Nano_Crow_Attack_Spread","","","","AddSpreadBasicAttackPercent","0","","","","","","","","","","",""
"Nano_Crow_Attack_Bullet","","","","AddBasicAttackNumBullets","1","","","","","","","","","","",""
"Nano_Crow_Super","","","","AddBulletExplosionNumber","10","","","","","","","","","","",""
"Nano_Crow_StatusEffect","","","","AddStatusEffectTimePercentage","120","","","","","","","","","","",""
"Nano_Lumi_Attack_Size","","","","AddBulletSizePercentNormalAttack","30","","","","","","","","","","",""
"Nano_Lumi_Item_Size","","","","AddItemSizePercent","30","","","","","","","","","","",""
"Nano_Lumi_Super_Size","","","","AddAreaEffectPercentSuper","100","","","","","","","","","","",""
"Nano_Lumi_Projectile_Speed","","","","AddProjectileSpeedPercent","15","","","","","","","","","","",""
"Nano_Bea_Attack_1","","","","OverridePierceEnvironment","1","BeeSniperChargedProjectile","","","","","","","","","",""
"Nano_Bea_Attack_2","","","","OverridePiercesCharacters","0","BeeSniperChargedProjectile","","","","","","","","","",""
"Nano_Bea_Attack_3","","","","AddBulletSizePercent","25","BeeSniperChargedProjectile","","","","","","","","","",""
"Nano_Bea_Attack_4","","","","OverridePiercesEnvironmentLikeButter","1","BeeSniperChargedProjectile","","","","","","","","","",""
"Nano_Bea_Chain_Slow","","","","AddChainAreaEffectToUltiProjectileMod","1","","BeeSniperSlowAreaNanoPower","","","","","","","","",""
"Nano_Bea_Super_Damage","","","","AddDamagePercentSuper","200","","","","","","","","","","",""
"Nano_Bea_Super_Charge","","","","AddUltiOnlyChargePercent","30","","","","","","","","","","",""
"Nano_Bea_Shield","","","","AddOneHPShield","1","","OneHPShieldPushback","","","OneHPInvulnerability","","","","","",""
"Nano_Shade_AttackRange_1","","","TRUE","AddCastingRange","1","","","","","","","","","","",""
"Nano_Shade_AttackRange_2","","","TRUE","AddEffectSizePercent","22","","","","","","","","","","",""
"Nano_Shade_SuperLastTime","","","","AddStatusEffectTimePercentage","60","","","","","","","","","","",""
"Nano_Shade_Charge","","","TRUE","AddAreaEffectCustomValuePercent","100","","GhostSuperChargeArea","","","","","","","","",""
"Nano_8Bit_ProjectileSpeed","","","","AddProjectileSpeedPercentNormalAttack","20","","","","","","","","","","",""
"Nano_8Bit_AreaSize","","","","AddAreaEffectPercent","35","","","","","","","","","","",""
"Nano_8Bit_MoveSpeed","","","TRUE","IncreaseSpeedPercentOnKill","15;60","","OnHitSpeedyUpAreaEffectOnly","","","","","","","","",""
"Nano_Bibi_Range_1","","","","AddCastingRangeNormalAttack","1","","","","","","","","","","",""
"Nano_Bibi_Range_2","","","","AddEffectSizePercent","20","","","","","","","","","","",""
"Nano_Bibi_Super_1","","","","OverrideNumBulletsInUlti","3","","","","","","","","","","",""
"Nano_Bibi_Super_2","","","","OverrideSpreadUlti","250","","","","","","","","","","",""
"Nano_Bibi_Super_3","","","","AddDamagePercentSuper","-30","","","","","","","","","","",""
"Nano_Bibi_Shield_1","","","","DamageReductionPercent","20","","","","","","","","","","",""
"Nano_Bibi_Shield_2","","","","AddAreaEffectThatFollows","1","","RoguelikeShieldAreaEffect_E","","","","","","","","",""
"Nano_Jacky_Attack_Range","","","","AddAreaEffectPercentNormalAttack","15","","","","","","","","","","",""
"Nano_Jacky_Super_Shield","","","","ApplyConsumableShieldWhenUsingUlti","4000;-1;4000","","","","","","","","","","",""
"Nano_Jacky_Charge","","","","AddChargeUltiWhenReceivingDmgPercent","200","","","","","","","","","","",""
"Nano_Bo_Range","","","TRUE","AddCastingRangeNormalAttack","1","","","","","","","","","","",""
"Nano_Bo_Damage","","","","AddDamagePercentNormalAttack","0","","","","","","","","","","",""
"Nano_Bo_Mine_1","","","","AddItemValue","2","","","","","","BoxOfMines;BoxOfOverchargedMines","","","","",""
"Nano_Bo_Mine_2","","","","AddItemValue2Percent","40","","","","","","BoxOfMines;BoxOfOverchargedMines","","","","",""
"Nano_Bo_Charge","","","","AddUltiOnlyChargePercent","25","","","","","","","","","","",""
"Nano_Bo_InfinateMine","","","","MineClearSoftCapOnlyOver","99","","","","","","BoxOfMines","","","","",""
"Nano_Pam_HomeIn","","","","SwapAttackEveryXSecond","4","","","","MinigunDudeWeaponNano","","","","","","",""
"Nano_Pam_AreaSize","","","","AddAreaEffectPercent","50","","","","","","","","","","",""
"Nano_Pam_Health","","","TRUE","IncreaseMaxHpAbsolute","3000","","","","","","","","","","",""
"Nano_Pam_Size","","","TRUE","AddExtraScale","5","","","","","","","","","","",""
"Nano_Meeple_HomeInMore","","","","AddBasicAttackSteerStrength","4","","","","","","","","","","",""
"Nano_Meeple_Area_1","","","","InstantChargeSuperPercentAtStart","100","","","","","","","","","","",""
"Nano_Meeple_Area_2","","","","InstantChargeSuperPercentAtRespawn","100","","","","","","","","","","",""
"Nano_Meeple_Duration","","","","AddAreaEffectDurationPercent","9999","","MeepleSuperArea;MeepleOverchargedSuperArea;MeepleOverchargedPassWallArea","","","","","","","","",""
"Nano_Finx_Attack","","","","OverrideNumBulletsInBasicAttack","5","","","","","","","","","","",""
"Nano_Finx_Area","","","","AddAreaEffectPercentSuper","75","","","","","","","","","","",""
"Nano_Finx_FollowArea","","","","AddAreaEffectThatFollowsEveryXSecond","7;5","","ChronomancerNanoPower","","","","","","","","",""
"Nano_Finx_Duration","","","","AddAreaEffectDurationPercent","100","","","","","","","","","","",""
"Nano_Rosa_SpawnBushOnAttack","","","","TriggerAreaEffectOnBasicAttack","","","TankBushGrowArea","","","","","","","","",""
"Nano_Rosa_Shield","","","","AddActiveTimeUltiAttackPercentage","70","","","","","","","","","","",""
"Nano_Rosa_Effect","","","","AddEffectPlaySpeedPercent","-60","","RosaOverchargedUltiArea","","","","","","","","",""
"Nano_Rosa_Bush_Speed","","","","IncreaseSpeedInBushPercent","40","","","","","","","","","","",""
"Nano_Rosa_Bush_Damage","","","","AddDamageInBushPercent","40","","","","","","","","","","",""
"Nano_Jae_Attack","","","","AddBulletSizePercentNormalAttack","40","","","","","","","","","","",""
"Nano_Jae_Charge","","","","AddAutoChargeUltiRatePercent","150","","","","","","","","","","",""
"Nano_Jae_Area","","","","AddAreaEffectPercent","60","","","","","","","","","","",""
"Nano_Chuck_Attack_Size","","","","AddBulletSizePercentNormalAttack","100","","","","","","","","","","",""
"Nano_Chuck_Super_Damage","","","","ReduceAllDamageWhileCharging","50","","","","","","","","","","",""
"Nano_Chuck_Super_Speed","","","","AddChargeSpeedPercentage","50","","","","","","","","","","",""
"Nano_Chuck_Super_Effect","","","","AddFollowedEffectWhileCharging","","","ShieldEffectDamageDeduction","","","","","","","","",""
"Nano_Chuck_Pole","","","","AddNumMaxItems","2","","","","","","","","","","",""
"Nano_Chuck_Charge","","","","AddAutoChargeUltiRatePercent","100","","","","","","","","","","",""
"Nano_Penny_Chain_1","","","","AddChainTravelDistancePercent","50","","","","","","","","","","",""
"Nano_Penny_Chain_2","","","","AddChainBulletNumber","1","","","","","","","","","","",""
"Nano_Penny_Super_1","","","","AddUltiUse","1","","","","","","","","","","",""
"Nano_Penny_Super_2","","","","OverrideMaxSpawns","2","","","","","","","","","","",""
"Nano_Penny_AttackSpeed","","","","AddCharacterAutoAttackSpeedMsPercent","60","","","ArtilleryDudeTurret","","","","","","","",""
"Nano_Nita_Attack","","","","AddBulletSizePercentNormalAttack","40","","","","","","","","","","",""
"Nano_Nita_Super_Auto","","","","AddChargeUltiAutomaticallyPerSecond","150","","","","","","","","","","",""
"Nano_Nita_Bear_HP","","","","AddExtraHealthToSummonedMinionsPercent","120","","","","","","","","","","",""
"Nano_Nita_Bear_Size","","","","AddExtraScaleToPets","50","","","","","","","","","","",""
"Nano_Darryl_Attack_Swap","","","","SwapAttackEveryXSecond","8","","","","BarrelBotWeaponNanoPower","","","","","","",""
"Nano_Darryl_Super_Time","","","","AddUltiUse","1","","","","","","","","","","",""
"Nano_Darryl_Super_Damage","","","","AddDamagePercentSuper","25","","","","","","","","","","",""
"Nano_Darryl_Cons_Shield","","","","AddConsumableShieldWhenDealingDamage","40;100;5000","","","","","","","","","","",""
"Nano_Shelly_Attack_Range","","","","AddCastingRangeNormalAttack","1","","","","","","","","","","",""
"Nano_Shelly_Attack_Spread","","","","AddSpreadBasicAttackPercent","-25","","","","","","","","","","",""
"Nano_Shelly_Super_Double_1","","","","AddActiveTimeUltiAttackPercentage","200","","","","","","","","","","",""
"Nano_Shelly_Super_Double_2","","","","OverrideMsBetweenAttackUlti","250","","","","","","","","","","",""
"Nano_Shelly_Super_Double_3","","","TRUE","AddSpreadUltiAttackPercent","40","","","","","","","","","","",""
"Nano_Shelly_Super_Double_4","","","TRUE","AddUltiAttackNumBullets","4","","","","","","","","","","",""
"Nano_Shelly_Heal","","","","HealWhileMoving","800;0.25","","","","","","","","","","",""
"Nano_Bull_Attack_Pattern","","","","AddCastingRangeNormalAttack","1.5","","","","","","","","","","",""
"Nano_Bull_Attack_Spread","","","","AddSpreadBasicAttackPercent","0","","","","","","","","","","",""
"Nano_Bull_ChargeSpeed","","","","AddChargeSpeedPercentage","75","","","","","","","","","","",""
"Nano_Bull_Execute","","","","ExecuteBelowHealthPercent","30","","","","","","","","","","",""
"Nano_Poco_Spread","","","","OverrideSpreadBasicAttack","120","","","","","","","","","","",""
"Nano_Poco_Bullet","","","","AddBasicAttackNumBullets","4","","","","","","","","","","",""
"Nano_Poco_Pattern","","","","OverrideBasicAttackPattern","28","","","","","","","","","","",""
"Nano_Poco_Super_Heal","","","","AddTeammateHealPercentSuper","30","","","","","","","","","","",""
"Nano_Poco_Super_Range","","","","AddCastingRangeSuper","3","","","","","","","","","","",""
"Nano_Poco_Super_Heal_Self","","","","AddSelfHealPercentSuper","50","","","","","","","","","","",""
"Nano_Poco_Damage","","","","AddDamagePercent","35","","","","","","","","","","",""
"Nano_Olli_Bullet","","","","AddBasicAttackNumBullets","3","","","","","","","","","","",""
"Nano_Olli_Spread","","","","AddSpreadBasicAttackPercent","300","","","","","","","","","","",""
"Nano_Olli_Damage","","","","AddDamagePercentNormalAttack","0","","","","","","","","","","",""
"Nano_Olli_Taunt","","","","AddStatusEffectTimePercentage","50","","","","","","","","","","",""
"Nano_Olli_Gadget","","","","AddGadgetUse","1","","","","","","","","","","",""
"Nano_Pearl_Swap","","","","SwapAttackAtFullHeat","","","","","CookerWeaponNanoPower","","","","","","",""
"Nano_Pearl_Attack","","","","OverrideMsBetweenBasicAttacks","80","","","","","","","","","","",""
"Nano_Pearl_Spread","","","","AddSpreadBasicAttackPercent","200","","","","","","","","","","",""
"Nano_Pearl_Projectile","","","","AddProjectileSpeedPercent","-15","","","","","","","","","","",""
"Nano_Pearl_Super_Area","","","","AddAreaEffectPercentSuper","60","","","","","","","","","","",""
"Nano_Pearl_Heat","","","","AddChargeUpSpeedPercent","100","","","","","","","","","","",""
"Nano_Berry_Attack_Size_1","","","","AddAreaEffectPercentNormalAttack","35","","PainterAreaEffect","","","","","","","","",""
"Nano_Berry_Attack_Size_2","","","","AddAreaEffectPercent","35","","PainterAreaExplosion;PainterAreaEffectEnd","","","","","","","","",""
"Nano_Berry_Super_Shield","","","","ReduceAllDamageWhileCharging","100","","","","","","","","","","",""
"Nano_Berry_Super_Effect","","","","AddFollowedEffectWhileCharging","","","ShieldEffectInvulnerable","","","","","","","","",""
"Nano_Berry_Super_Range","","","","AddCastingRangeSuper","0","","","","","","","","","","",""
"Nano_Berry_Heal_Self","","","","HealingBuff","50","","","","","","","","","","",""
"Nano_Berry_Heal_Team","","","","AddTeammateHealPercent","50","","","","","","","","","","",""
"Nano_Charlie_Projectile_Speed","","","","AddProjectileSpeedPercentNormalAttack","15","","","","","","","","","","",""
"Nano_Charlie_Projectile_Size","","","","AddBulletSizePercentNormalAttack","15","","","","","","","","","","",""
"Nano_Charlie_Cocoon_HealthBack","","","","AddCharacterHealthPromilleLostPerSecondPercent","-50","","","CocoonerCocoon","","","","","","","",""
"Nano_Charlie_Cocoon_Size","","","","AddExtraScaleToPets","50","","","CocoonerCocoon","","","","","","","",""
"Nano_Charlie_Cocoon_HP","","","","AddExtraHealthToSummonedMinions","4200","","","CocoonerCocoon","","","","","","","",""
"Nano_Charlie_Spider","","","","SpawnCharacterWhileMoving","60","","","CocoonerPet","","","","","","","",""
"Nano_Gus_Size","","","","AddBulletSizePercentNormalAttack","40","","","","","","","","","","",""
"Nano_Gus_Size_Item","","","","AddItemSizePercent","35","","","","","","","","","","",""
"Nano_Gus_Super_Shield_Amount","","","","AddConsumableShieldAmountPercent","0","","","","","","","","","","",""
"Nano_Gus_Super_Shield_Decay","","","","OverrideConsumableShieldDecay","-1","","","","","","","","","","",""
"Nano_Gus_Super_Shield_Size","","","","AddEffectSizePercent","0","","","","","","","","","","",""
"Nano_Gus_Balloon_1","","","","OverrideChargeUpMax","1","","","","","","","","","","",""
"Nano_Gus_Balloon_2","","","","OverrideChargeUp","1","","","","","","","","","","",""
"Nano_Gus_Balloon_3","","","","IgnoreChargeReset","1","","","","","","","","","","",""
"Nano_Stu_Attack_Reload","","","","ReloadPercentOnHit","35","","","","","","","","","","",""
"Nano_Stu_Super","","","","AddUltiUse","1","","","","","","","","","","",""
"Nano_Stu_HC","","","","AddHCOnlyChargePercent","200","","","","","","","","","","",""
"Nano_Glowy_LOS","","","","IgnoreLOSforMenderLink","1","","","","","","","","","","",""
"Nano_Glowy_Super_Status","","","","AddStatusEffectTimePercentage","70","","","","","","","","","","",""
"Nano_Glowy_Tether_Double","","","","AddGlowyExtraEnemyLinks","1","","","","","","","","","","",""
"Nano_Tara_Attack_Bullet","","","","AddBasicAttackNumBullets","1","","","","","","","","","","",""
"Nano_Tara_Attack_Spread","","","","AddSpreadBasicAttackPercent","80","","","","","","","","","","",""
"Nano_Tara_Super_1","","","","AddExtraHealthToSummonedMinions","8500","","","BlackHolePet;BlackHolePet2","","","","","","","",""
"Nano_Tara_Super_2","","","","AddExtraScaleToPets","100","","","BlackHolePet;BlackHolePet2","","","","","","","",""
"Nano_Tara_Spawn","","","","SpawnCharacterOnHitEnemy","1;3","","","BlackHolePetGadget","","","","","","","",""
"Nano_Buzz_Attack_Range","","","","AddCastingRangeNormalAttack","1","","","","","","","","","","",""
"Nano_Buzz_Attack_Size","","","","AddBulletSizePercentNormalAttack","30","","","","","","","","","","",""
"Nano_Buzz_Super_Range","","","","AddCastingRangeSuper","2","","","","","","","","","","",""
"Nano_Buzz_Super_Speed","","","","AddChargeSpeedPercentage","60","","","","","","","","","","",""
"Nano_Buzz_Super_Projectile","","","","AddProjectileSpeedPercentSuper","50","","","","","","","","","","",""
"Nano_Buzz_HC_Rate","","","","AddHCOnlyChargePercent","50","","","","","","","","","","",""
"Nano_Buzz_HC_Time","","","","AddHCActiveTimePercent","120","","","","","","","","","","",""
"Nano_Pierce_ChargeShoot_Size","","","","AddBulletSizePercentNormalAttack","40","BulletstormLastShotProjectile","","","","","","","","","",""
"Nano_Pierce_ChargeShoot_Pierce","","","","OverridePiercesCharacters","1","BulletstormLastShotProjectile","","","","","","","","","",""
"Nano_Pierce_Super_Size","","","","AddAreaEffectPercentSuper","50","","","","","","","","","","",""
"Nano_Pierce_DropShell","","","","AddBulletstormShellsPerHit","1","","","","","","","","","","",""
"Nano_Juju_Damage","","","","AddAreaEffectDamage","500","","VoodooAttackEarth","","","","","","","","",""
"Nano_Juju_Range","","","","AddCastingRange","2","","","","VoodooWeaponForest","","","","","","",""
"Nano_Juju_Area","","","","AddAreaEffectPercent","30","","VoodooAttackWater","","","","","","","","",""
"Nano_Juju_Grigri_Speed","","","","AddCharacterAutoAttackSpeedMsPercent","50","","","VoodooPet","","","","","","","",""
"Nano_Juju_Grigri_Attack","","","","IncreasePetSpeedPercent","50","","","VoodooPet","","","","","","","",""
"Nano_Juju_Grigri_Size","","","","AddExtraScaleToPets","50","","","VoodooPet","","","","","","","",""
"Nano_Juju_AutoCharge","","","","AddChargeUltiAutomaticallyPerSecond","150","","","","","","","","","","",""
"Nano_Frank_Attack","","","","AddCastingRangeNormalAttack","1","","","","","","","","","","",""
"Nano_Frank_Spread","","","","AddSpreadBasicAttackPercent","-30","","","","","","","","","","",""
"Nano_Frank_Super_Range","","","","AddCastingRangeSuper","2","","","","","","","","","","",""
"Nano_Frank_HP","","","","IncreaseMaxHp","50","","","","","","","","","","",""
"Nano_Frank_Scale","","","TRUE","AddExtraScale","25","","","","","","","","","","",""
"Nano_Frank_Speed","","","TRUE","IncreaseSpeedPercent","-5","","","","","","","","","","",""
"Nano_Larry_Size_1","","","","AddAreaEffectPercent","40","","TwinsThrowerExplosion","","","","","","","","",""
"Nano_Larry_Size_2","","","","AddBulletSizePercentNormalAttack","30","","","","","","","","","","",""
"Nano_Larry_Pet_1","","","","AddDamagePercent","50","","","TwinsPetHyper;TwinsPet","","","","","","","",""
"Nano_Larry_Pet_2","","","","AddExtraHealthToSummonedMinionsPercent","50","","","","","","","","","","",""
"Nano_Larry_Pet_3","","","","AddExtraScaleToPets","30","","","","","","","","","","",""
"Nano_Larry_Reborn","","","","RevivePetOnceOnDeath","15","","","VoodooPet","","","","","","","",""
"Nano_Squeak_Attack","","","","AddItemValue2Percent","-60","","","","","","StickyBomb","","","","",""
"Nano_Squeak_SpawnArea","","","","TriggerAreaEffectWhenUlti","","","RogueliteLCardSqueak","","","","","","","","",""
"Nano_Squeak_Size_1","","","","AddAreaEffectPercent","25","","","","","","","","","","",""
"Nano_Squeak_Size_2","","","","AddBulletSizePercent","25","","","","","","","","","","",""
"Nano_Colette_Size","","","","AddBulletSizePercentNormalAttack","30","","","","","","","","","","",""
"Nano_Colette_Super_Area","","","","TriggerTrailTypeAreaEffectWhenUlti","1.2","","NanoColetteChargeProjectileArea","","","","","","","","",""
"Nano_Colette_Super_Damage","","","","OverrideAreaEffectDamage","0","","NanoColetteChargeProjectileArea","","","","","","","","",""
"Nano_Colette_Damage","","","TRUE","AddHighHealthDamage","35","","","","","","","","","","",""
"Nano_Willow_Size_1","","","","AddAreaEffectPercentNormalAttack","25","","","","","","","","","","",""
"Nano_Willow_Size_2","","","","AddBulletSizePercentNormalAttack","25","","","","","","","","","","",""
"Nano_Willow_Super_Pierce","","","","OverridePassEnvironment","1","","","","","","","","","","",""
"Nano_Willow_Super_Range","","","","AddCastingRangeSuper","1","","","","","","","","","","",""
"Nano_Willow_Damage","","","","AddMindControlledCharacterDamagePercent","100","","","","","","","","","","",""
"Nano_Buster_Spread","","","","AddSpreadBasicAttackPercent","50","","","","","","","","","","",""
"Nano_Buster_Bullet","","","","AddBasicAttackNumBullets","1","","","","","","","","","","",""
"Nano_Buster_ActiveTime","","","","AddActiveTimeUltiAttackPercentage","100","","","","","","","","","","",""
"Nano_Buster_ReflectDamage","","","","OverrideProjectileDamage","9999","ShieldTankUltiProjectile;ShieldTankOverchargedUltiProjectile","","","","","","","","","",""
"Nano_Chester_Attack","","","","AddSequenceAttackExtraSteps","1","","","","","","","","","","",""
"Nano_Chester_Charge_1","","","","InstantChargeSuperPercentAtStart","0","","","","","","","","","","",""
"Nano_Chester_Charge_2","","","","InstantChargeSuperPercentAtRespawn","100","","","","","","","","","","",""
"Nano_Chester_HC","","","","AddHCOnlyChargePercent","75","","","","","","","","","","",""
"Nano_Kit_Range_1","","","","AddCastingRangeNormalAttack","1","","","","","","","","","","",""
"Nano_Kit_Range_2","","","","AddEffectSizePercent","25","","","","","","","","","","",""
"Nano_Kit_Attach","","","","AddAttacherFriendlyAttachTicks","9999","","","","","","","","","","",""
"Nano_Kit_PowerCubeOnKill","","","","DropPowercubeOnKill","1","","","","","","","","","","",""
"Nano_Najia_Pierce","","","","OverridePiercesCharacters","1","","","","","","","","","","",""
"Nano_Najia_Range","","","","AddCastingRange","1","","","","RedirecterWeaponSecondary","","","","","","",""
"Nano_Najia_HealthBack","","","","AddCharacterHealthPromilleLostPerSecondPercent","-100","","","RedirecterSnakePet","","","","","","","",""
"Nano_Najia_HP","","","","AddExtraHealthToSummonedMinions","600","","KnockBackReceivingDmg","RedirecterSnakePet","","","","","","","",""
"Nano_Najia_Trigger","","","","SpawnCharacterOnGetHurt","1;5","","KnockBackReceivingDmg","RedirecterSnakePet","","","","","","","",""
"Nano_Draco_Range","","","","AddCastingRangeNormalAttack","1","","","DragonRider","","","","","","","",""
"Nano_Draco_Time","","","","AddMountUpDurationTicksPercent","100","","","","","","","","","","",""
"Nano_Draco_Fire","","","","AddStatusEffectToEnermyOnHit_1","800;1","","","","","DracoNanoHitBurn","","","","","",""
"Nano_Mortis_Range","","","","AddCastingRangeNormalAttack","1.5","","","","","","","","","","",""
"Nano_Mortis_DashSpeed","","","","AddChargeSpeedPercentage","70","","","","","","","","","","",""
"Nano_Mortis_Super_Rate","","","","AddUltiOnlyChargePercent","40","","","","","","","","","","",""
"Nano_Mortis_Heal","","","","LifeStealFromDamagePercent","30","","","","","","","","","","",""
"Nano_Sandy_Range","","","","AddCastingRangeNormalAttack","1.5","","","","","","","","","","",""
"Nano_Sandy_Super","","","","AddAreaEffectPercentSuper","30","","","","","","","","","","",""
"Nano_Sandy_Trigger","","","","TriggerAreaEffectWhenReceivingDmg","10","","SandyNanoSandstorm","","","","","","","","",""
"Nano_Sandy_Trigger_Effect","","","","AddEffectPlaySpeedPercent","0","","SandyNanoSandstorm","","","","","","","","",""
"Nano_Janet_Range","","","","AddCastingRangeNormalAttack","1.5","","","","","","","","","","",""
"Nano_Janet_Super_Attack","","","","AddMsBetweenAttackPercent","40","","","","JetpackGirlUlti","","","","","","",""
"Nano_Janet_Jetpack","","","","AddActiveTimeUltiAttackPercentage","60","","","","","","","","","","",""
"Nano_Bolt_Attack","","","","AddDamagePercentNormalAttack","15","","","","","","","","","","",""
"Nano_Bolt_Super_Area","","","","AddAreaEffectPercentSuper","30","","","","","","","","","","",""
"Nano_Bolt_Super_Last","","","","AddAreaEffectDurationPercent","100","","","","","","","","","","",""
"Nano_Bolt_Super_Effect_Speed","","","","AddEffectPlaySpeedPercent","-50","","","","","","","","","","",""
"Nano_Bolt_Speedup","","","","AddRollSpeedPercentWhenHitEnemy","100","","","","","","","","","","",""
"Nano_Starrnova_Attack_Range_1","","","","AddCastingRange","1","","","","MagicalGirlWeapon","","","","","","",""
"Nano_Starrnova_Attack_Range_2","","","TRUE","AddCastingRangeConeMelee","-1","","","","","","","","","","",""
"Nano_Starrnova_Super_Range","","","TRUE","AddCastingRangeConeMelee","1.5","","","","","","","","","","",""
"Nano_Starrnova_Super_Effect","","","","AddEffectSizePercent","35","","","MagicalGirl","","","","","","","",""
"Nano_Starrnova_Duration","","","","AddTransformTicksPercent","100","","","","","","","","","","",""
"Nano_Wendy_Pierce","","","","OverridePiercesCharacters","1","","","","","","","","","","",""
"Nano_Wendy_Pet_HP","","","TRUE","AddExtraHealthToSummonedMinions","3000","","","","","","","","","","",""
"Nano_Wendy_Pet_Size","","","","AddExtraScaleToPets","80","","","","","","","","","","",""
"Nano_Wendy_Shield_Reload","","","TRUE","AddConsumableShieldOnMoving","2;-1;-1;100","","","","","","","","","","",""
"Nano_Nori_Attack","","","","AddHoldChargeUpTimePercent","100","","","","","","","","","","",""
"Nano_Nori_Super","","","","AddCastingRangeSuper","3","","","","","","","","","","",""
"Nano_Nori_Fish","","","","AddKatanaKidFishPerAttack","1","","","","","","","","","","",""
"Nano_Trunk_Attack_Area","","","","AddAreaEffectPercent","80","","DomainOwnedArea;DomainOwnedAreaBig","","","","","","","","",""
"Nano_Trunk_Super_Range","","","","AddCastingRangeSuper","5","","","","","","","","","","",""
"Nano_Trunk_Trigger","","","","TriggerAreaEffectWhenReceivingDmg","1","","DomainOwnedArea","","","","","","","","",""
"Nano_Spike_BulletMore","","","","AddBulletExplosionNumber","2","","","","","","","","","","",""
"Nano_Spike_Super_1","","","","AddAreaEffectPercentSuper","50","","","","","","","","","","",""
"Nano_Spike_Super_2","","","","AddBulletSizePercentSuper","50","","","","","","","","","","",""
"Nano_Spike_Revive","","","","ReviveHeroEachLife","50;35","","","CactusCoverNanoFake","","","","","","","",""
"Nano_Otis_ActiveTime","","","TRUE","ActiveTimeBasicAttackAddPercent","20","","","","","","","","","","",""
"Nano_Otis_Super_Pierce_1","","","","OverridePierceEnvironment","1","SilencerUltiProjectile;SilencerOverchargedUltiProjectile","","","","","","","","","",""
"Nano_Otis_Super_Pierce_2","","","","OverridePiercesEnvironmentLikeButter","1","SilencerUltiProjectile;SilencerOverchargedUltiProjectile","","","","","","","","","",""
"Nano_Otis_Duration","","","","AddSilenceTimePercent","40","","","","","","","","","","",""
"Nano_Ash_Homein_1","","","","AddBasicAttackSteerStrength","6","","","","","","","","","","",""
"Nano_Ash_Homein_2","","","","OverrideBasicAttackSteerIgnoreTicks","0","","","","","","","","","","",""
"Nano_Ash_Homein_3","","","","OverrideBasicAttackHomeDistance","5","","","","","","","","","","",""
"Nano_Ash_Homein_4","","","","OverrideBasicAttackTravelType","4","","","","","","","","","","",""
"Nano_Ash_PetNumber_1","","","","AddMaxSpawns","1","","","","","","","","","","",""
"Nano_Ash_PetNumber_2","","","","AddNumSpawns","10","","","","","","","","","","",""
"Nano_Ash_Rage","","","","AddKnightRageSpeedPercent","100","","","","","","","","","","",""
"Nano_Carl_Attack_Size","","","","AddBulletSizePercentNormalAttack","25","","","","","","","","","","",""
"Nano_Carl_Super_Area_1","","","","AddEffectSizePercent","60","","","","WhirlwindUlti","","","","","","",""
"Nano_Carl_Super_Area_2","","","","AddAreaEffectPercentSuper","60","","","","WhirlwindUlti","","","","","","",""
"Nano_Carl_Super_Speed","","","TRUE","IncreaseSpeedPercentWhileSkillActive","120","","","","WhirlwindUlti","","","","","","",""
"Nano_Carl_Fire","","","","SpawnAreaEffectWhileMoving","5","","WhirlwindTrail","","","","","","","","",""
"Nano_Sprout_Attack_Size","","","","AddBulletSizePercentNormalAttack","30","","","","","","","","","","",""
"Nano_Sprout_Attack_Area","","","","AddAreaEffectPercentNormalAttack","12","","","","","","","","","","",""
"Nano_Sprout_Super_Damage","","","","DamageEnemiesOnPushbackLanding","3000","","","","","","","","","","",""
"Nano_Sprunt_Passive","","","","TriggerAreaEffectWhenReceivingDmg","1","","KnockBackReceivingDmg","","","","","","","","","NoBar"
"Nano_Gray_Attack","","","","AddBulletSizePercentNormalAttack","60","","","","","","","","","","",""
"Nano_Gray_Portal","","","","AddMaxNumberOfPortals","98","","","","","","","","","","",""
"Nano_Gray_Charge","","","","AddUltiOnlyChargePercent","60","","","","","","","","","","",""
"Nano_Gray_Trigger","","","","SpawnAreaEffectWhenGoingThrowPortal","2000","","PushAwayAreaNanoPower","","","","","","","","",""
"Nano_Mrp_Attack_Size","","","","AddBulletSizePercentNormalAttack","40","","","","","","","","","","",""
"Nano_Mrp_Attack_Area","","","","AddAreaEffectPercentNormalAttack","25","","","","","","","","","","",""
"Nano_Mrp_Super_Passive","","","","AddChargeUltiAutomaticallyPerSecond","150","","","","","","","","","","",""
"Nano_Mrp_Spawn","","","","AddConsumableShieldOnPetSpawn","1000;-1;5000","","","SpawnerPetGadget","","","","","","","","NoBar"
"Nano_Bonnie_Attack","","","","SwapAttackEveryXSecond","2","","","CannonGirl","CannonGirlWeaponNanoPower","","","","","","",""
"Nano_Bonnie_Charge_1","","","","InstantChargeSuperPercentAtStart","60","","","","","","","","","","",""
"Nano_Bonnie_Charge_2","","","","InstantChargeSuperPercentAtRespawn","60","","","","","","","","","","",""
"Nano_Bonnie_Speed","","","","IncreaseSpeedPercent","40","","","CannonGirl","","","","","","","",""
"Nano_Ruff_Bullet","","","","OverrideNumBulletsInBasicAttack","3","","","","","","","","","","",""
"Nano_Ruff_Super_Damage","","","","AddAreaEffectDamage","3000","","RuffsSupplyExplosion;RuffsOverchargedSupplyExplosion","","","","","","","","",""
"Nano_Ruff_Super_Size","","","","AddAreaEffectPercentSuper","0","","","","","","","","","","",""
"Nano_Ruff_HC","","","","InstantChargeHCPercentAtStart","100","","","","","","","","","","",""
"Nano_Barley_Attack_Size_1","","","","AddAreaEffectPercentNormalAttack","20","","","","","","","","","","",""
"Nano_Barley_Attack_Size_2","","","","AddBulletSizePercentNormalAttack","20","","","","","","","","","","",""
"Nano_Barley_Super_Time_1","","","","AddAreaEffectDurationPercent","100","","Barley_def_ulti;BarleyOverchargedUlti","","","","","","","","",""
"Nano_Barley_Super_Time_2","","","","AddEffectPlaySpeedPercent","-50","","Barley_def_ulti;BarleyOverchargedUlti","","","","","","","","",""
"Nano_Barley_Poison","","","","AddStatusEffectToEnermyOnHit_1","300;3","","","","","BarleyHitPoisonNanoPower","","","","","",""
"Nano_RT_Swap","","","","SwapAttackEveryXSecond","4","","","Splitter","SplitterWeaponNanoPower","","","","","","","NoTransformOnly"
"Nano_RT_Bullet_Area","","","","AddAreaEffectPercentNormalAttack","25","","","","","","","","","","",""
"Nano_RT_Mark_Damage","","","","IncreaseStatusEffectsTicks","99900","","","","","SplitterTag","","","","","",""
"Nano_Fang_Attack_Area","","","","TriggerAreaEffectOnBasicAttack","3;5","","KickerDudeMineNano","","","","","","","","",""
"Nano_Fang_Attack_Chain_1","","","","AddChainBulletNumber","2","","","","","","","","","","",""
"Nano_Fang_Attack_Chain_2","","","","AddChainSpread","40","","","","","","","","","","",""
"Nano_Fang_Attack_Chain_3","","","","AddDamagePercent","201","KickerDudeProjectile2","","","","","","","","","",""
"Nano_Fang_Super_Shield","","","","ReduceAllDamageWhileCharging","80","","","","","","","","","","",""
"Nano_Fang_Super_Effect","","","","AddFollowedEffectWhileCharging","","","ShieldEffectDamageDeduction","","","","","","","","",""
"Nano_Fang_Heal_OnKill","","","","HealPercentOnKill","40","","","","","","","","","","",""
"Nano_Mina_Heal","","","","LifeStealFromDamagePercent","50","","","","DancerWeaponSingle;DancerWeaponDouble","","","","","","",""
"Nano_Mina_Shield","","","","TriggerAreaEffectWhenUlti","","","DancerBlockProjectilesNanoPower","","","","","","","","",""
"Nano_Mina_Reload","","","","ReloadPercentOnHit","50","","","","","","","","","","",""
"Nano_Kaze_Attack_1","","","","AddAreaEffectPercentNormalAttack","25","","","","","","","","","","",""
"Nano_Kaze_Attack_2","","","","AddEffectSizePercent","25","","","","","","","","","","",""
"Nano_Kaze_Attack_3","","","","AddAreaEffectPercentSuper","25","","","","","","","","","","",""
"Nano_Kaze_Range_1","","","","AddCastingRangeNormalAttack","1.5","","","","GeishaTransformedWeapon","","","","","","",""
"Nano_Kaze_Range_2","","","","AddCastingRangeSuper","1.5","","","","GeishaTransformedUlti","","","","","","",""
"Nano_Kaze_Super","","","","ChargeUltiOnKill","100","","","","","","","","","","",""
"Nano_Kaze_Shield","","","","ApplyConsumableShieldWhenUsingGadget","1000;-1;1000","","","","","","","","","","",""
"Nano_Leon_Attack","","","","SetInvisibleOnAttack","1","","","","","","","","","","",""
"Nano_Leon_Super_1","","","","SpawnCharacterOnUlti","1","","","NinjaNanoPowerClone","","","","","","","",""
"Nano_Leon_Super_2","","","","OverrideMaxSpawns","1","","","","","","","","","","",""
"Nano_Leon_Super_3","","","","OverrideMaxSpawns","1","","","","","","","","","","",""
"Nano_Leon_Kill","","","","SetInvisibleOnKill","6","","","","","","","","","","",""
"Nano_Lola_Attack","","","","OverridePiercesCharacters","1","","","","","","","","","","",""
"Nano_Lola_Pet_1","","","","AddUltiUse","1","","","","","","","","","","",""
"Nano_Lola_Pet_2","","","","OverrideMaxSpawns","2","","","","","","","","","","",""
"Nano_Lola_Special","","","","MinionDuplicateAutoAttack","1","","","","","","","","","","",""
"Nano_Doug_Attack","","","","AddTeammateHealPercentAttack","50","","","","","","","","","","",""
"Nano_Doug_Super","","","","AddReviveWindowTimePercentage","100","","","","","","","","","","",""
"Nano_Doug_Item","","","","SpawnItemOnHittingEnemy","1;800;5;2000","","","","","","HealthPackDougNanoPower","","","","",""
"Nano_Alli_Reload","","","","AddReloadSpeedWhenEnrage","60","","","","","","","","","","",""
"Nano_Alli_Damage","","","","AddLowHealthDamage","30","","","","","","","","","","",""
"Nano_Alli_Water","","","","InvisibleOnWater","500","","","","","","","","","","",""
"Nano_Sam_Attack","","","","TriggerAreaEffectOnBasicAttack","1","","OnHitSpeedyUpArea_SamNanoPower","","","","","","","","",""
"Nano_Sam_Slow","","","","AddStatusEffectToProjectileForEnemies","","Bronson002UltiProjectile;Bronson002UltiProjectile2;WeaponThrowerOverchargedUltiProjectile;WeaponThrowerOverchargedUltiProjectile2","","","","SlowDownNanoPower_Sam","","","","","",""
"Nano_Sam_Charge","","","","AddChargeUltiAutomaticallyPerSecond","1500","","","","","","","","","","",""
"Nano_Damian_Range","","","","AddCastingRangeNormalAttack","0.5","","","","","","","","","","",""
"Nano_Damian_Size","","","","AddBulletSizePercentNormalAttack","30","","","","","","","","","","",""
"Nano_Damian_Super","","","","AddAdditionalAreaEffectAtEndOfCharge","1","","GladiatorUltiSlowAreaNanoPower","","","","","","","","",""
"Nano_Damian_FirePunch","","","","AddFirePunchTime","-1","","","","","","","","","","",""
"Nano_Maisie_Swap","","","","SwapAttackEveryXSecond","3","","","","MaisieWeaponNanoPower","","","","","","",""
"Nano_Maisie_Super","","","","AddAreaEffectPercentSuper","20","","","","","","","","","","",""
"Nano_Maisie_Super_Charge","","","","AddUltiOnlyChargePercent","30","","","","","","","","","","",""
"Nano_Maisie_Dash","","","","AddDashOnNormalAttack","500;2000","","","","","","","","","","",""
"Nano_Gigi_MaxAmmo","","","","AddWeaponSkillMaxChargePercent","80","","","","","","","","","","",""
"Nano_Gigi_Super_1","","","TRUE","AddAreaEffectPercent","50","","DaredevilUltiWarning","","","","","","","","",""
"Nano_Gigi_Super_2","","","","AddAreaEffectPercentSuper","50","","DaredevilUltiWarning","","","","","","","","",""
"Nano_Gigi_Super_3","","","","AddCastingRangeSuper","0","","DaredevilUltiWarning","","","","","","","","",""
"Nano_Gigi_Charge_Area_1","","","TRUE","AddAreaEffectPercent","100","","DaredevilSuperChargeArea;DaredevilSuperChargeAreaGadget","","","","","","","","",""
"Nano_Gigi_Charge_Area_2","","","TRUE","AddAreaEffectCustomValuePercent","25","","DaredevilSuperChargeArea;DaredevilSuperChargeAreaGadget","","","","","","","","",""
"Nano_Edgar_Range","","","","AddCastingRangeNormalAttack","1","","","","","","","","","","",""
"Nano_Edgar_Size","","","","AddBulletSizePercent","25","","","","","","","","","","",""
"Nano_Edgar_Effect","","","","AddEffectSizePercent","30","","","","","","","","","","",""
"Nano_Edgar_Super_Charge","","","","AddAutoChargeUltiRatePercent","100","","","","","","","","","","",""
"Nano_Edgar_Super_HC","","","","AddAutoChargeHCRatePercent","100","","","","","","","","","","",""
"Nano_Edgar_Gadget","","","","SkipGadgetCooldownOnKill","1","","","","","","","","","","",""
"Nano_Emz_Attack","","","","OverrideTriggerWithDelayMs","1","MummyProjectile;MummyWeaponOverchargedProjectile","","","","","","","","","",""
"Nano_Emz_Attack_Effect","","","","AddProjectileEffectPlaySpeedPercent","-35","MummyProjectile;MummyWeaponOverchargedProjectile","","","","","","","","","",""
"Nano_Emz_Super","","","","AddAreaEffectPercentSuper","30","","","","","","","","","","",""
"Nano_Emz_Special","","","","AddStatusEffectToEnermyOnHit_1","500;2","","","","","EmzHitPoisonNanoPower","","","","","",""
"Nano_Brock_Area_1","","","","AddAreaEffectPercentNormalAttack","40","","Brock_def_atk_area","","","","","","","","",""
"Nano_Brock_Area_2","","","","AddAreaEffectPercent","40","","BurnMainAttack","","","","","","","","",""
"Nano_Brock_Super","","","","AddUltiOnlyChargePercent","50","","","","","","","","","","",""
"Nano_Brock_Gadget","","","","DecreaseGadgetCooldownPercent","75","","","","","","","","","","",""
"Nano_Griff_Range","","","","AddCastingRangeNormalAttack","1","","","","","","","","","","",""
"Nano_Griff_Super","","","","AddUltiAttackNumBullets","4","","","","","","","","","","",""
"Nano_Griff_Special","","","","AddProjectileDmgPercentageStartDistance","30","","","","","","","","","","",""
"Nano_Meg_Attack","","","TRUE","AddBasicAttackNumBullets","1","","","","","","","","","","",""
"Nano_Meg_Spread","","","TRUE","AddSpreadBasicAttackPercent","160","","","","","","","","","","",""
"Nano_Meg_Super_1","","","","OverrideMeleeAttackPierceEnvironmentLikeButter","1","","","","MechaDudeBigUlti;MechaDudeBigOverchargedUlti","","","","","","",""
"Nano_Meg_Super_2","","","","AddCastingRange","1.5","","","","MechaDudeBigUlti;MechaDudeBigOverchargedUlti","","","","","","",""
"Nano_Meg_Super_3","","","","AddEffectSizePercent","16","","","","","","","","","","",""
"Nano_Meg_HP","","","TRUE","IncreaseMaxHpAbsoluteOnKillOvertime","800;8000","","","MechaDudeBig","","","","","","","",""
"Nano_Meg_Scale","","","TRUE","AddExtraScaleOvertimeOnKill","8;48","","","MechaDudeBig","","","","","","","",""
"Nano_Amber_Range","","","","TriggerAreaEffectOnBasicAttack","","","OnHitSpeedyUpArea","","","","","","","","",""
"Nano_Amber_Super_1","","","","AddUltiUse","1","","","","","","","","","","",""
"Nano_Amber_Super_2","","","","AddCastingRangeSuper","3","","","","","","","","","","",""
"Nano_Amber_Reload","","","","AddBasicAttackRechargeTimePercent","60","","","","","","","","","","",""
"Nano_Surge_Attack","","","","AddBulletSizePercentNormalAttack","35","","","","","","","","","","",""
"Nano_Surge_Super_Range","","","","AddCastingRangeSuper","0","","","","","","","","","","",""
"Nano_Surge_Super_Area_1","","","","AddAreaEffectPercentSuper","30","","","","","","","","","","",""
"Nano_Surge_Super_Area_2","","","","AddEffectSizePercent","30","","","","","","","","","","",""
"Nano_Surge_Super_Slow","","","","AddStatusEffectToEnermyOnSuperHit","2","","","","","SlowDownNanoPower_Surge","","","","","",""
"Nano_Surge_Trait","","","","AddChargeUltiAutomaticallyPerSecond","150","","","","","","","","","","",""
"ArcadeStarpower1PetComponent","TRUE","TRUE","","AddComponentToDefaultPet","","","","","","","","ArcadeItemDispenser","","","",""
"ArcadeStarpower2ForTeammates","TRUE","TRUE","","PluggedInForTeammates","","ArcadeStarPowerProjectileAllies","","","","","","","","","",""
"ArcadeGadget1HealSelf","TRUE","TRUE","","TeleportToPetHealSelf","1800","","","","","","","","","","",""
"ArcadeGadget1HealPet","TRUE","TRUE","","TeleportToPetHealPet","100","","","","","","","","","","",""
"KatanaKidUltiAreaSizeBoost","","","TRUE","AddAreaEffectPercentSuper","5","","","","","","","","","","",""
"MechaDudeSpSpeedWithShield","","TRUE","","IncreaseSpeedPercentWithShield","20","","","","","","","","","","",""
"FutureGirlSP1TurretAreaEffectEnemySlowdown","TRUE","TRUE","","OverrideEnemyStatusEffectToAreaEffect","","","FutureGirlTurretArea","","","FutureGirlSP1TurretSlowEffect","","","","","",""
"TrickshotDudeDynamicGadgetExplosionBullets","","","","AddBulletExplosionNumber","","","","","","","","","","","",""
"TrickshotDudeAddUltiPercentOnBounceHit","TRUE","TRUE","","AddUltiOnlyChargePercentOnBounceHit","10","","","","","","","","","","",""
"SpeedyBuddyRewindGiveAmmo","TRUE","TRUE","","RewindGiveAmmo","4","","","","","","","","","","",""
"SpeedyBuddyRewindHealAllies","TRUE","TRUE","","RewindHealAllies","","","SpeedyRewindAllyHealArea","","","","","","","","",""
"SpeedyBuddyAreaAdditionalStatus","TRUE","TRUE","","UltiAreaAdditionalStatusEffect","","","","","","SpeedyBuddyAreaShield","","","","","",""
"FutureGirlShieldDamageEnemy","TRUE","TRUE","","AddConsumableShieldWhenDealingDamage","58;-1;0","","","","","","","","","","",""
"PowerLevelerStartWithUltiRespawn","TRUE","TRUE","","InstantChargeSuperPercentAtRespawn","100","","","","","","","","","","",""
"PowerLevelerStartWithUltiInitial","TRUE","TRUE","","InstantChargeSuperPercentAtStart","100","","","","","","","","","","",""
"PowerLevelerSpeedBurstOnUltiAt2","TRUE","TRUE","","PowerLevelerStatusOnUltiAtStage","2","","","","","PowerLevelerSpeedBurstOnUltiAt2","","","","","",""
"PowerLevelerBouncyProjectilesSp","","TRUE","","OverrideIsBouncing","1","PowerLevelerProjectile;PowerLevelerOverchargedProjectile;PowerLevelerOverchargedProjectileBuddy","","","","","","","","","",""
"PowerLevelerBouncyProjectilesSpBuddy","","TRUE","","ModifiedChainProjectileOnWallHit","30;2","PowerLevelerProjectile;PowerLevelerOverchargedProjectile;PowerLevelerOverchargedProjectileBuddy","","","","","","","","","",""
"RocketGirlSP1SpeedBuff","TRUE","TRUE","","ApplyStatusEffectWhenUsingUlti","","","","","","RocketGirlSp1UltiSpeedBoost","","","","","",""
"RocketGirlSP2ChargeUpTypeOverride","","TRUE","","OverrideChargeUpType","6","","","","","","","","","","",""
"RocketGirlSP2ChargeUpMaxOverride","","TRUE","","OverrideChargeUpMax","4000","","","","","","","","","","",""
"RocketGirlAddCastingRangeSP2","","","","AddCastingRangeNormalAttack","2","","","","","","","","","","","RecolorRangeIndicator"
"SpeedyChargeUltiOnMove","TRUE","TRUE","","ChargeUltiOnMove","14;1","","","","","","","","","","",""
"MB_KatanaKidFishSpawnerUntargetable","TRUE","TRUE","","FinxTowerUntargetable","","","","","","FinxTowerUntargetable","","","","","",""
"MB_KatanaKidFishSpawnerAreaSize","","","TRUE","AddAreaEffectPercent","50","","","","","","","","","","",""
