"Name","InstanceID","LockedForChronos","Disabled","ItemName","WeaponSkill","UltimateSkill","OverchargedUltimateSkill","Pet","AltPet","MovementType","Speed","Hitpoints","Traits","Components","HealthPromilleLostPerSecond","HealPercentChange","LifeTimeTicks","SkipDeploy","MeleeAutoAttackSplashDamage","DelayTicksFirstAttack","AutoAttackSpeedMs","AutoAttackDamage","AutoAttackBulletsPerShot","AutoAttackMode","AutoAttackTicksBetweenBurstShots","AutoAttackProjectileSpread","AutoAttackProjectile","OverchargedAutoAttackProjectile","AutoAttackRange","RegeneratePerSecond","LowPriorityTarget","UltiUses","UltiChargeInitial","UltiChargeMul","UltiChargeUltiMul","OverchargeChargeMul","OverchargePassiveChargeMul","OverchargeChargeActiveMul","OverchargeDamagePercent","OverchargeSpeedPercent","OverchargeShieldPercent","Type","IsNeutral","IsBossPet","CarryableType","DefaultSkin","Mastery","BrawlerTrophyRewards","ManualRotations","FileName","BlueExportName","RedExportName","ShadowExportName","OverchargedEffect","OverchargedUseDefaultSkin","StatusEffect","AreaEffect","DeathAreaEffect","DeathOverchargedAreaEffect","TakeDamageEffect","KillEffect","DeathEffect","DeathEffectOvercharged","AllowDeathEffectOverride","MoveEffect","ReloadEffect","OutOfAmmoEffect","DryFireEffect","SpawnEffect","OverchargedSpawnEffect","MeleeHitEffect","AutoAttackStartEffect","BoneEffect1","BoneEffectUse1","BoneEffect2","BoneEffectUse2","BoneEffect3","BoneEffectUse3","BoneEffect4","BoneEffectUse4","BoneEffect5","BoneEffectUse5","BoneEffect6","BoneEffectUse6","LoopedEffect","LoopedEffect2","KillCelebrationSoundVO","InLeadCelebrationSoundVO","StartSoundVO","UseUltiSoundVO","TakeDamageSoundVO","DeathSoundVO","AttackSoundVO","UnlockVO","UnlockVOIndex","AttackStartEffectOffset","TwoWeaponAttackEffectOffset","ShadowScaleX","ShadowScaleY","ShadowX","ShadowY","ShadowSkew","Scale","HeroScreenScale","FitToBoxScale","EndScreenScale","GatchaScreenScale","HomeScreenScale","BattleIntroScale","ShowPetInHeroScreen","AlwaysShowWithPet","HeroScreenXOffset","HeroScreenZOffset","BattleIntroXOffset","BattleIntroZOffset","HeroScreenEmoteX","HeroScreenEmoteY","CollisionRadius","HealthBar","HealthBarOffsetY","FloorIndicatorScale","HealthBarScale","FlyingHeight","ProjectileStartZ","StopMovementAfterMS","WaitMS","TID","ClassArchetype","ForceAttackAnimationToEnd","IconSWF","IconExportName","EmblemExportName","RecoilAmount","FootstepClip","DifferentFootstepOffset","FootstepIntervalMS","AttackingWeaponScale","UseThrowingLeftWeaponBoneScaling","UseThrowingRightWeaponBoneScaling","CommonSetUpgradeBonus","RareSetUpgradeBonus","SuperRareSetUpgradeBonus","CanWalkOverWater","WaterFootstepEffect","UseColorMod","RedAdd","GreenAdd","BlueAdd","RedMul","GreenMul","BlueMul","ChargeUltiAutomatically","ChargeUltiFromDamage","ChargeUltiFromHealing","VideoLink","ShouldEncodePetStatus","SecondaryPet","IsExternalPet","ExtraMinions","PetAutoSpawnDelay","PetSpawnCount","PowerLevelsType","PowerLevelsSpeedBuff","OffenseRating","DefenseRating","UtilityRating","ShowHealInBattleEnd","OrbitingRadius","OrbitingAngularSpeed","UniqueProperty","UniquePropertyValue1","UniquePropertyValue2","ArenaOverrideMaxHpBuff","ArenaOverrideDmgBuff","ArenaOverrideSpeedBuff","ArenaOverrideReloadBuff","PetRotatable","HyperMoveEffect","HumanoidSpecies","BuddyCharacter","BossModeUltiRate","SpecialEventType","SpecialEventType2"
"string","int","boolean","boolean","string","string","string","string","string","string","string","int","int","string","string","int","int","int","boolean","boolean","int","int","int","int","string","int","int","string","string","int","int","boolean","int","int","int","int","int","int","int","int","int","int","string","boolean","boolean","string","string","string","string","boolean","string","string","string","string","string","boolean","string","string","string","string","string","string","string","string","boolean","string","string","string","string","string","string","string","string","string","string","string","string","string","string","string","string","string","string","string","string","string","string","string","string","string","string","string","string","string","string","int","int","int","int","int","int","int","int","int","int","int","int","int","int","int","boolean","boolean","int","int","int","int","int","int","int","string","int","int","int","int","int","int","int","string","string","boolean","string","string","string","int","string","int","int","int","boolean","boolean","int","int","int","boolean","string","boolean","int","int","int","int","int","int","int","int","int","string","boolean","boolean","boolean","int","int","int","int","int","int","int","int","boolean","int","int","string","int","int","int","int","int","int","boolean","string","string","string","int","string","string"
"ShotgunGirl","","","","shelly","ShotgunGirlWeapon","ShotgunGirlUlti","","","","","800","3900","","","","","","","","","","","","","","","","","12","","","","","134","60","30","","","5","20","5","Hero","","","","BanditGirlDefault","MasteryShotgunGirl","TrophyRewardsShotgunGirl","","","","","","","","","","","","takedamage_gen","","death_shotgun_girl","","true","gen_move_fx","reload_shotgun_girl","no_ammo_shotgungirl","dry_fire_shotgungirl","","","","","","","","","","","","","","","","","","","Shelly_Kill","Shelly_Lead","Shelly_Start","Utilshotgun_Vo","ShellyTakedamge_Vo","Shelly_Die","","Shelly_Start","2","30","","80","80","","","35","116","210","284","90","175","260","290","","","","","","-400","-25","40","120","Medium","-48","","","","450","","","TID_SHOTGUN_GIRL","damage_dealer","","sc/hero_portraits.sc","hero_icon_shelly","mastery_brawler_icon_shelly","1000","footstep","25","250","200","","","1","3","2","","","","","","","","","","","","","ShellyTutorial","","","","","","","","","4","3","2","","","","","","","","","","","","","","ShotgunGirlBuddy","","",""
"Gunslinger","1","","","colt","GunslingerWeapon","GunslingerUlti","","","","","750","3100","","","","","","","","","","","","","","","","","12","","","","","93","87","35","","","5","20","5","Hero","","","","GunSlingerDefault","MasteryGunslinger","TrophyRewardsGunslinger","","","","","","","","","","","","takedamage_gen","","death_gunslinger","","true","gen_move_fx","reload_gunslinger","no_ammo_shotgungirl","dry_fire_shotgungirl","","","","","","","","","","","","","","","","","","","Hotshot_Kill","Hotshot_Lead","Hotshot_Start","Hotshot_Ulti","Hotshot_Takedamge_Vo","Hotshot_Die","","Hotshot_Start","1","35","50","80","80","","","35","116","210","284","90","185","270","270","","","","","160","-150","-30","40","120","Medium","-52","","","","400","","","TID_GUNSLINGER","damage_dealer","","sc/hero_portraits.sc","hero_icon_colt","mastery_brawler_icon_colt","300","footstep","25","300","160","","","2","3","1","","","","","","","","","","","","","ColtTutorial","","","","","","","","","5","2","2","","","","IS_GUNSLINGER","","","","3","","","","","","GunslingerBuddy","80","",""
"BullDude","2","","","bull","BullDudeWeapon","BullDudeUlti","","","","","800","5000","","","","","","","","","","","","","","","","","12","","","","","100","120","30","","","5","20","5","Hero","","","","BullGuyDefault","MasteryBullDude","TrophyRewardsBullDude","","","","","","","","","","","","takedamage_gen","","death_bull_dude","","true","gen_move_fx","reload_bull_dude","no_ammo_shotgungirl","dry_fire_shotgungirl","","","","","","","","","","","","","","","","","","","Bull_kill","Bull_lead","Bull_start","Bull_ulti","Bull_takedamage_vo","Bull_die","","Bull_start","","40","","80","80","","","35","116","175","236","80","150","220","220","","","","","100","-50","-30","45","145","Medium","-64","","","","450","","","TID_BULL_DUDE","tank","","sc/hero_portraits.sc","hero_icon_bull","mastery_brawler_icon_bull","600","footstep","40","300","130","","","1","2","3","","","","","","","","","","","240","","BullTutorial","","","","","","","","","3","4","2","","","","IS_BULL_DUDE","","","","","","","","","","BullBuddy","140","",""
"RocketGirl","3","","","brock","RocketGirlWeapon","RocketGirlUlti","","","","","750","3000","","","","","","","","","","","","","","","","","12","","","","","69","80","45","","","5","20","5","Hero","","","","RocketGirlDefault","MasteryRocketGirl","TrophyRewardsRocketGirl","","","","","","","","","","","","takedamage_gen","","death_rocket_girl","","true","gen_move_fx","reload_rocket_girl","no_ammo_shotgungirl","brock_dryfire","","","","","","","","","","","","","","","","","","","Brock_kill_vo","Brock_lead_vo","Brock_start_vo","Brock_ulti_vo","Brock_hurt_vo","Brock_die_vo","","Brock_start_vo","3","35","","80","80","","","35","116","200","290","90","180","260","260","","","","","50","","-50","","120","Medium","-52","","","","500","","","TID_ROCKET_GIRL","marksman","","sc/hero_portraits.sc","hero_icon_brock","mastery_brawler_icon_brock","300","footstep","25","500","100","","","2","3","1","","","","","","","","","","","","","BrockTutorial","","","","","","","","","5","2","2","","","","","","","500","5","","","","","","RocketGirlBuddy","85","",""
"TrickshotDude","4","","","ricochet","TrickshotDudeWeapon","TrickshotDudeUlti","","","","","750","3000","","","","","","","","","","","","","","","","","12","","","","","85","105","35","","","5","20","5","Hero","","","","TrickshotDefault","MasteryTrickshotDude","TrophyRewardsTrickshotDude","","","","","","","","","","","","takedamage_gen","","death_trickshot_dude","","true","gen_move_fx","reload_trickshot_dude","no_ammo_shotgungirl","dry_fire_mechanic","","","","","","","","","","","","","","","","","","","Rick_kill","Rick_lead","Rick_start","Rick_ulti","Rick_hurt","Rick_die","","Rick_start","","60","","80","80","","","35","116","200","280","90","175","260","260","","","","","","-50","-40","","120","Medium","-49","","","","450","","","TID_TRICKSHOT_DUDE","damage_dealer","","sc/hero_portraits.sc","hero_icon_rick","mastery_brawler_icon_rico","300","footstep","25","300","160","","","2","3","1","","","","","","","","","","","","","RicoTutorial","","","","","","","","","5","2","2","","","","IS_TRICKSHOTDUDE","","","","","","","","","","TrickshotDudeBuddy","","","gun_s"
"Cactus","5","","","spike","CactusWeapon","CactusUlti","","","","","750","3000","","","","","","","","","","","","","","","","","12","","","","","94","125","30","","","5","20","5","Hero","","","","CactusDefault","MasteryCactus","TrophyRewardsCactus","","","","","","","","","","","","takedamage_gen","","death_cactus","","true","gen_move_fx","reload_cactus","no_ammo_shotgungirl","crow_dryfire","","","","","","","","","","","","","","","","","","","","","","","","","","","","35","","80","80","","","35","116","240","324","80","210","290","290","","","","","","250","","50","120","Medium","-32","","","","450","","","TID_CACTUS","damage_dealer","","sc/hero_portraits.sc","hero_icon_spike","mastery_brawler_icon_spike","","footstep","40","300","100","true","true","2","1","3","","","","","","","","","","","","","SpikeTutorial","","","","","","","","","4","2","3","","","","","","","","","","","","","","CactusBuddy","","spine_lower_s",""
"Barkeep","6","","","barley","BarkeepWeapon","BarkeepUlti","","","","","750","2700","","","","","","","","","","","","","","","","","12","","","","","90","74","30","","","5","20","5","Hero","","","","BarkeepDefault","MasteryBarkeep","TrophyRewardsBarkeep","","","","","","","","","","","","takedamage_gen","","death_barkeep","","true","gen_move_fx","reload_barkeep","no_ammo_shotgungirl","dry_fire_barkeep","","","","","","","","","","","","","","","","","","","Barley_Kill","Barley_Lead","Barley_Start","Barley_Ulti","Barley_Hurt","Barley_Die","Barley_throw","Barley_Start","","","","80","80","","","35","116","190","290","80","180","250","270","","","","","","-200","-30","","120","Medium","-45","","","","350","","","TID_BARKEEP","artillery","","sc/hero_portraits.sc","hero_icon_barley","mastery_brawler_icon_barley","","footstep","25","300","100","true","true","2","3","1","","","","","","","","","","","","","BarleyTutorial","","","","","","","","","5","2","2","","","","","","","450","2","","","","","","","","",""
"Mechanic","7","","","jessie","MechanicWeapon","MechanicUlti","","","","","750","3300","","","","","","","","","","","","","","","","","12","","","","","63","84","60","","","5","20","5","Hero","","","","MechanicDefault","MasteryMechanic","TrophyRewardsMechanic","","","","","","","","","","","","takedamage_gen","","death_mechanic","","true","gen_move_fx","reload_mechanic","no_ammo_shotgungirl","dry_fire_mechanic","","","","","","","","","","","","","","","","","","","Jess_kill","Jess_lead","Jess_start","Jess_ulti","Jess_takedamage","Jess_die","","Jess_start","","35","","80","80","","","35","116","190","300","80","150","270","270","true","true","-800","100","","","-80","60","120","Medium","-47","","","","350","","","TID_MECHANIC","controller","","sc/hero_portraits.sc","hero_icon_jess","mastery_brawler_icon_jessie","500","footstep","20","200","160","","","3","2","1","","","","","","","","","","","","","JessieTutorial","","","","","","","","","3","2","4","","","","","","","400","1","","150","","","","","","",""
"Shaman","8","","","nita","ShamanWeapon","ShamanUlti","","","","","750","4200","","","","","","","","","","","","","","","","","12","","","","","85","100","50","","","5","20","5","Hero","","","","ShamanDefault","MasteryShaman","TrophyRewardsShaman","","","","","","","","","","","","takedamage_gen","","death_shaman","","true","gen_move_fx","","no_ammo_shotgungirl","dry_fire_barkeep","","","","","","","","","","","","","","","","","","","Nita_kill","Nita_lead","Nita_start","Nita_ulti","Nita_hurt","Nita_death","","Nita_start","","35","","80","80","","","35","116","190","250","80","150","270","280","true","true","-600","1000","800","-750","-250","60","120","Medium","-46","","","","100","","","TID_SHAMAN","damage_dealer","","sc/hero_portraits.sc","hero_icon_nita","mastery_brawler_icon_nita","1000","footstep","25","250","160","","","3","1","2","","","","","","","","","","","","","NitaTutorial","","","","","","","","","3","4","2","","","","","","","350","5","","","","","","ShamanBuddy","110","",""
"TntDude","9","","","dynamike","TntDudeWeapon","TntDudeUlti","","TntPet","","","800","3000","","","","","","","","","","","","","","","","","12","","","","","125","91","30","","","5","20","5","Hero","","","","TntGuyDefault","MasteryTntDude","TrophyRewardsTntDude","","","","","","","","","","","","takedamage_gen","","death_tnt_dude","","true","gen_move_fx","reload_tnt_dude","no_ammo_shotgungirl","dry_fire_barkeep","","","","","","","","","","","","","","","","","","","Tnt_guy_kill_vo","Tnt_guy_lead_vo","Tnt_guy_start_vo","Tnt_guy_ulti_vo","Tnt_guy_hurt_vo","Tnt_guy_die_vo","","Tnt_guy_start_vo","2","35","","80","80","","","35","116","190","300","80","150","270","270","","","","","","-100","","60","120","Medium","-50","","","","350","","","TID_TNT_DUDE","artillery","","sc/hero_portraits.sc","hero_icon_mike","mastery_brawler_icon_dynamike","","footstep","25","200","100","true","true","2","1","3","","","","","","","","","","","","","MikeTutorial","","","","","","","","","5","2","2","","","","HAS_MODIFIED_SELF_PUSHBACK_SPEED","30","","","","","","","","","","110","","back_item_01_s;back_item_01_s_hc"
"Luchador","10","","","elprimo","LuchadorWeapon","LuchadorUlti","","","","","800","6500","","Brawler_Luchador","","","","","","","","","","","","","","","12","","","","","106","105","30","","","5","20","5","Hero","","","","LuchadorDefault","MasteryLuchador","TrophyRewardsLuchador","","","","","","","","","","","","takedamage_gen","","death_luchador","","true","gen_move_fx","","no_ammo_shotgungirl","dry_fire_barkeep","","","gen_hit_melee","","","","","","","","","","","","","","","","El_primo_kill","El_primo_lead","El_primo_start","El_primo_ulti","El_primo_hurt","El_primo_die","El_primo_atk","El_primo_start","2","50","50","80","80","","","35","116","170","245","90","150","235","245","","","","","-200","-450","-20","-20","145","Medium","-56","","","","400","","","TID_LUCHADOR","tank","","sc/hero_portraits.sc","hero_icon_primo","mastery_brawler_icon_primo","","footstep","40","250","130","","","1","3","2","","","","","","","","","","","240","","PrimpTutorial","","","","","","","","","2","5","2","","","","IS_LUCHADOR","","","900","5","","200","","","","LuchadorBuddy","140","",""
"Undertaker","11","","","mortis","UndertakerWeapon","UndertakerUlti","","","","","855","4000","","","","","","","","","","","","","","","","","12","","","","","85","134","30","","","5","20","5","Hero","","","","UndertakerDefault","MasteryUndertaker","TrophyRewardsUndertaker","","","","","","","","","","","","takedamage_gen","","death_undertaker","","true","gen_move_fx","reload_undertaker","no_ammo_shotgungirl","dry_fire_barkeep","","","dummy_effect","","","","","","","","","","","","","","","","Mortis_kill","Mortis_lead","Mortis_start","Mortis_ulti_vo","Mortis_hurt","Mortis_die","Mortis_atk_vo","Mortis_start","1","50","","80","80","","","35","130","200","285","95","170","260","260","","","","","-100","-100","","20","120","Medium","-59","","","","350","","","TID_UNDERTAKER","assassin","","sc/hero_portraits.sc","hero_icon_mortis","mastery_brawler_icon_mortis","","footstep","25","350","165","","","1","2","3","","","","","","","","","","","","","MortisTutorial","","","","","","","","","2","3","4","","","","HAS_LONGER_DASH","90","6","500","5","","150","","","","UndertakerBuddy","175","",""
"Crow","12","","","crow","CrowWeapon","CrowUlti","","","","","855","2800","","","","","","","","","","","","","","","","","12","","","","","94","75","55","","","5","20","5","Hero","","","","CrowDefault","MasteryCrow","TrophyRewardsCrow","","","","","","","","","","","","takedamage_gen","","death_crow","","true","gen_move_fx","reload_crow","no_ammo_shotgungirl","crow_dryfire","","","","","","","","","","","","","","","","","","","Crow_Kill","Crow_Lead","Crow_Start","Crow_Ulti","Crow_Takedamage","Crow_Die","","Crow_Start","","45","","80","80","","","35","116","230","350","90","210","290","300","","","","","","-50","-10","20","120","Medium","-41","","","","400","","","TID_CROW","assassin","","sc/hero_portraits.sc","hero_icon_crow","mastery_brawler_icon_crow","","footstep","20","200","100","","","2","1","3","","","","","","","","","","","","","CrowTutorial","","","","","","","","","5","1","3","","","","","","","","6","","","","","","CrowBuddy","70","",""
"DeadMariachi","13","","","poco","DeadMariachiWeapon","DeadMariachiUlti","","","","","750","4000","DeadMariachiProjectileHealPassive","","","","","","","","","","","","","","","","12","","","","","115","150","40","","","5","20","5","Hero","","","","DeadMariachiDefault","MasteryDeadMariachi","TrophyRewardsDeadMariachi","","","","","","","","","","","","takedamage_gen","","death_dead_mariachi","","true","gen_move_fx","reload_dead_mariachi","no_ammo_shotgungirl","dry_fire_barkeep","","","","","","","","","","","","","","","","","","","Poco_kill","Poco_lead","Poco_start","Poco_ulti_vo","Poco_hurt","Poco_die","","Poco_start","1","20","","80","80","","","35","116","200","300","85","180","265","260","","","","","-250","50","","60","120","Medium","-56","","","","","","","TID_DEAD_MARIACHI","support","","sc/hero_portraits.sc","hero_icon_poco","mastery_brawler_icon_poco","","footstep","25","250","100","","","1","3","2","","","","","","","","","","","","","PocoTutorial","","","","","","","","","2","3","4","true","","","","","","","","","","","","","DeadMariachiBuddy","120","",""
"BowDude","14","","","bo","BowDudeWeapon","BowDudeUlti","","","","","750","3800","","","","","","","","","","","","","","","","","12","","","","","67","93","40","","","5","20","5","Hero","","","","BowDudeDefault","MasteryBowDude","TrophyRewardsBowDude","","","","","","","","","","","","takedamage_gen","","death_bow_dude","","true","gen_move_fx","reload_bow_dude","no_ammo_shotgungirl","dry_fire_bowdude","","","","","","","","","","","","","","","","","","","Bo_kill","Bo_lead","Bo_start","Bo_ulti_vo","Bo_hurt","Bo_die","Bo_atk_vo","Bo_start","2","45","","80","80","","","35","106","170","245","75","165","220","220","","","-150","","200","-200","-40","","120","Medium","-56","","","","400","","","TID_BOW_DUDE","controller","","sc/hero_portraits.sc","hero_icon_bo","mastery_brawler_icon_bo","","footstep","30","300","100","true","","1","2","3","","","","","","","","","","","","","BoTutorial","","","","","","","","","3","2","4","","","","","","","","4","","","","","","BowDudeBuddy","","",""
"Sniper","15","","","piper","SniperWeapon","SniperUlti","","","","","750","2800","","","","","","","","","","","","","","","","","12","","","","","93","90","35","","","5","20","5","Hero","","","","SniperDefault","MasterySniper","TrophyRewardsSniper","","","","","","","","","","","","takedamage_gen","","death_sniper","","true","gen_move_fx","reload_sniper","no_ammo_shotgungirl","minig_dryfire","","","","","","","","","","","","","","","","","","","Piper_Kill","Piper_Lead","Piper_Start","Piper_Ulti","Piper_Takedamage","Piper_Die","","Piper_Start","","45","","80","80","","","35","116","200","320","90","190","260","270","","","","","-100","-180","","","120","Medium","-46","","","","450","","","TID_SNIPER","marksman","","sc/hero_portraits.sc","hero_icon_piper","mastery_brawler_icon_piper","100","footstep","25","400","160","","","2","3","1","","","","","","","","","","","","","PiperTutorial","","","","","","","","","5","1","3","","","","IS_SNIPER","","","","8","","","","","","","140","","R_elbow_s_hc"
"MinigunDude","16","","","pam","MinigunDudeWeapon","MinigunDudeUlti","","","","","750","5000","","","","","","","","","","","","","","","","","12","","","","","90","130","30","","","5","20","5","Hero","","","","MinigunDudeDefault","MasteryMinigunDude","TrophyRewardsMinigunDude","","","","","","","","","","","","takedamage_gen","","death_minigun","","true","gen_move_fx","reload_minigun","no_ammo_shotgungirl","minig_dryfire","","","","","","","","","","","","","","","","","","","Pam_kill","Pam_lead","Pam_start","Pam_ulti","Pam_hurt","Pam_die","","Pam_start","2","40","","80","80","","","35","106","170","245","75","150","220","220","true","","-500","","","-50","-80","","145","Medium","-59","","","","450","","","TID_MINIGUN_DUDE","support","","sc/hero_portraits.sc","hero_icon_mj","mastery_brawler_icon_pam","400","footstep","30","400","130","","","1","3","2","","","","","","","","","","","","","PamTutorial","","","","","","","","","2","4","3","","","","","","","500","","","","","","","","","","gun_s"
"BlackHole","17","","","tara","BlackHoleWeapon","BlackHoleUlti","","BlackHolePet","","","750","3300","","","","","","","","","","","","","","","","","12","","","","","70","122","50","","","5","20","5","Hero","","","","BlackholeDefault","MasteryBlackHole","TrophyRewardsBlackHole","","","","","","","","","","","","takedamage_gen","","death_blackhole","","true","gen_move_fx","reload_blackhole","no_ammo_shotgungirl","mystic_dryfire","","","","","","","","","","","","","","","","","","","Tara_kill_vo","Tara_lead_vo","Tara_start_vo","","Tara_hurt_vo","Tara_die_vo","","Tara_start_vo","","50","","80","80","","","35","120","210","300","90","175","270","290","","","","","-150","-350","-20","30","120","Medium","-59","","","","450","","","TID_BLACK_HOLE","damage_dealer","","sc/hero_portraits.sc","hero_icon_taro","mastery_brawler_icon_tara","400","footstep","25","300","130","","","1","2","3","","","","","","","","","","","","","TaraTutorial","","","","","","","","","2","2","5","","","","","","","","4","","","","","","","","",""
"BarrelBot","18","","","darryl","BarrelBotWeapon","BarrelBotUlti","","","","","800","5500","","","","","","","","","","","","","","","","","12","","","2","","85","55","30","100","","5","20","5","Hero","","","","BarrelbotDefault","MasteryBarrelBot","TrophyRewardsBarrelBot","","","","","","","","","","","","takedamage_gen","","death_barrel_bot","","true","gen_move_fx","reload_barrel_bot","no_ammo_shotgungirl","dry_fire_shotgungirl","","","","","","","","","","","","","","","","","","","Darryl_Kill_VO","Darryl_Lead_VO","Darryl_Start_VO","Darryl_Ulti_VO","Darryl_Hurt_VO","Darryl_Die_VO","","Darryl_Start_VO","4","50","","80","80","","","35","116","190","257","80","175","230","230","","","","","-150","","","80","145","Medium","-48","","","","450","","","TID_BARREL_BOT","tank","","sc/hero_portraits.sc","hero_icon_barrelbot","mastery_brawler_icon_darryl","600","footstep","40","300","130","","","1","2","3","","","","","","","","","","132","","","DarrylTutorial","","","","","","","","","3","4","2","","","","SHIELD_FOR_ROLL","","","900","5","","","","","","","125","",""
"ArtilleryDude","19","","","penny","ArtilleryDudeWeapon","ArtilleryDudeUlti","","","","","750","3500","","","","","","","","","","","","","","","","","12","","","","","89","100","30","","","5","20","5","Hero","","","","ArtilleryGalDefault","MasteryArtilleryDude","TrophyRewardsArtilleryDude","","","","","","","","","","","","takedamage_gen","","death_artillery_dude","","true","gen_move_fx","reload_artillery_dude","no_ammo_shotgungirl","dry_fire_mechanic","","","","","","","","","","","","","","","","","","","Penny_kill","Penny_lead","Penny_start","Penny_ulti","Penny_takedamage","Penny_die","","Penny_start","","35","","80","80","","","35","110","190","290","80","150","260","270","","","","","","150","-80","60","120","Medium","-45","","","","400","","","TID_ARTILLERY_DUDE","controller","","sc/hero_portraits.sc","hero_icon_penny","mastery_brawler_icon_penny","500","footstep","20","200","160","","","3","2","1","","","","","","","","","","","","","PennyTutorial","","","","","","","","","3","2","4","","","","","","","350","","6","150","","","","","120","",""
"HammerDude","20","","","frank","HammerDudeWeapon","HammerDudeUlti","","","","","800","6800","","","","","","","","","","","","","","","","","12","","","","","120","120","30","","","5","20","5","Hero","","","","FrankDefault","MasteryHammerDude","TrophyRewardsHammerDude","","","","","","","","","","","","takedamage_gen","","death_hammer_dude","","true","gen_move_fx","","no_ammo_shotgungirl","dry_fire_barkeep","","","","","","","","","","","","","","","","","","","Frank_vo","Frank_vo","Frank_vo","Frank_vo","Frank_vo","Frank_vo","Frank_vo","Frank_vo","2","75","","80","80","","","35","110","150","240","80","150","230","230","","","","","","-200","","","145","Medium","-60","","","","100","","","TID_HAMMER_DUDE","tank","","sc/hero_portraits.sc","hero_icon_frank","mastery_brawler_icon_frank","","footstep","40","250","130","","","1","3","2","","","","","","","","","","","240","","FrankTutorial","","","","","","","","","2","5","2","","","","IS_HAMMER_DUDE","","","850","","","","","","","HammerDudeBuddy","125","",""
"HookDude","21","","","gene","HookWeapon","HookUlti","","","","","750","3800","","","","","","","","","","","","","","","","","12","","","","","100","100","35","","","5","20","5","Hero","","","","HookDefault","MasteryHookDude","TrophyRewardsHookDude","","","","","","","","","","","","takedamage_gen","","death_hook_dude","","true","gen_move_fx","reload_gene","no_ammo_shotgungirl","dry_fire_gene","","","","","","","","","","","","","","","","","","","Gene_vo","Gene_vo","Gene_vo","Gene_vo","Gene_vo","Gene_vo","","Gene_vo","1","30","","80","80","","","35","116","230","340","90","175","270","280","","","","","","100","","","120","Medium","-36","","","","350","","","TID_HOOK","controller","","sc/hero_portraits.sc","hero_icon_gene","mastery_brawler_icon_gene","","footstep","25","350","200","","","1","3","2","","","","","","","","","","","","","GeneTutorial","","","","","","","","","2","2","5","","","","","","","650","7","10","250","","","","","","",""
"ClusterBombDude","22","","","tick","ClusterBombDudeWeapon","ClusterBombDudeUlti","","","","","750","2400","","","","","","","","","","","","","","","","","12","","","","","110","70","40","","","5","20","5","Hero","","","","ClusterBombDefault","MasteryClusterBombDude","TrophyRewardsClusterBombDude","","","","","","","","","","","","takedamage_gen","","death_artillery_dude","","true","gen_move_fx","reload_tick","no_ammo_shotgungirl","dry_fire_shotgungirl","","","","","","","","","","","","","","","","","","","Tick_vo_1","Tick_vo_1","Tick_vo_1","Tick_vo_1","Tick_vo_hurt","Tick_vo_die","","Tick_vo_1","","35","","80","80","","","35","110","230","270","80","150","270","270","","","","","","100","-20","50","120","Medium","-40","","","","350","","","TID_CLUSTER_BOMB_DUDE","artillery","","sc/hero_portraits.sc","hero_icon_tick","mastery_brawler_icon_tick","","footstep","85","300","160","","","3","2","1","","","","","","","","","","","","","","true","","","","","","","","5","1","3","","","","","","","650","7","12","225","","","","","140","","head_s"
"Ninja","23","","","leon","NinjaWeapon","NinjaUlti","","","","","855","3300","","","","","","","","","","","","","","","","","12","","","","","105","100","30","","","5","20","5","Hero","","","","NinjaDefault","MasteryNinja","TrophyRewardsNinja","","","","","","","","","","","","takedamage_gen","","death_ninja","","true","gen_move_fx","reload_leon","no_ammo_shotgungirl","dry_fire_leon","","","","","","","","","","","","","","","","","","","Leon_kill_vo","Leon_lead_vo","Leon_start_vo","Leon_ulti_vo","Leon_hurt_vo","Leon_die_vo","","Leon_start_vo","2","50","","80","80","","","35","116","190","330","80","150","270","290","","","","","","","","","120","Medium","-55","","","","450","","","TID_NINJA","assassin","","sc/hero_portraits.sc","hero_icon_leon","mastery_brawler_icon_leon","","footstep","25","250","130","","","3","2","1","","","","","","","","","","","","","LeonTutorial","","","","","","","","","4","2","3","","","","IS_NINJA","","","550","6","","","","","","NinjaBuddy","","",""
"Rosa","24","","","rosa","RosaWeapon","RosaUlti","","","","","800","5400","","","","","","","","","","","","","","","","","12","","","","","68","100","50","","","5","20","5","Hero","","","","RosaDefault","MasteryRosa","TrophyRewardsRosa","","","","","","","","","","","","takedamage_gen","","death_rosa","","true","gen_move_fx","reload_rosa","no_ammo_shotgungirl","dry_fire_barkeep","","","","","","","","","","","","","","","","","","","Rosa_kill","Rosa_lead","Rosa_start","Rosa_ulti_vo","Rosa_hurt","Rosa_die","","Rosa_start","2","50","","80","80","","","35","110","100","250","80","150","240","240","","","","","","-250","","50","145","Medium","-55","","","","400","","","TID_ROSA","tank","","sc/hero_portraits.sc","hero_icon_rosa","mastery_brawler_icon_rosa","","footstep","30","400","130","","","3","2","1","","","","","","","","","","","240","","","","","","","","","","","3","5","1","","","","","","","500","3","","","","","","","125","",""
"Whirlwind","25","","","carl","WhirlwindWeapon","WhirlwindUlti","","","","","750","4200","","","","","","","","","","","","","","","","","12","","","","","95","60","50","","","5","20","5","Hero","","","","WhirlwindDefault","MasteryWhirlwind","TrophyRewardsWhirlwind","","","","","","","","WhirlwindUltiSpeedBuff","","","","takedamage_gen","","death_whirlwind","","true","gen_move_fx","reload_whirlwind","no_ammo_shotgungirl","dry_fire_whirlwind","","","carl_def_ulti_hit","","","","","","","","","","","","","","","","Carl_kill_vo","Carl_lead_vo","Carl_start_vo","Carl_ulti_vo","Carl_hurt_vo","Carl_die_vo","Carl_atk_vo","Carl_start_vo","5","30","","80","80","","","35","110","190","255","80","150","230","250","","","","","","100","-20","60","120","Medium","-48","","","","450","","","TID_WHIRLWIND","damage_dealer","","sc/hero_portraits.sc","hero_icon_carl","mastery_brawler_icon_carl","","footstep","25","50","200","true","true","1","3","2","","","","","","","","","","","","","","","","","","","","","","3","3","3","","","","","","","","4","","","","","","","","",""
"Baseball","26","","","bibi","BaseballWeapon","BaseballUlti","","","","","855","5000","","Brawler_Baseball","","","","","","","","","","","","","","","12","","","","","90","112","40","","","5","20","5","Hero","","","","BaseballDefault","MasteryBaseball","TrophyRewardsBaseball","","","","","","","","","","","","takedamage_gen","","death_baseball","","true","gen_move_fx","reload_baseball","no_ammo_shotgungirl","dry_fire_barkeep","","","bibi_def_atk_hit","","","","","","","","","","","","","","","","Bibi_kill_vo","Bibi_lead_vo","Bibi_start_vo","Bibi_ulti_vo","Bibi_hurt_vo","Bibi_die_vo","","Bibi_start_vo","5","30","","80","80","","","35","116","210","320","90","190","270","270","","","","","","100","","60","120","Medium","-48","","","","450","","","TID_BASEBALL","tank","","sc/hero_portraits.sc","hero_icon_bibi","mastery_brawler_icon_bibi","","footstep","25","400","100","","","1","3","2","","","","","","","","","","","","","","","","","","","","","","3","3","3","","","","IS_BASEBALL","","","","","","","","","","BaseballBuddy","","","bubblegum_01_s"
"Arcade","27","","","8bit","ArcadeWeapon","ArcadeUlti","","","","","600","5200","","","","","","","","","","","","","","","","","12","","","","","80","95","30","","","5","20","5","Hero","","","","ArcadeDefault","MasteryArcade","TrophyRewardsArcade","","","","","","","","","","","","takedamage_gen","","death_arcade","","true","gen_move_fx","reload_arcade","no_ammo_shotgungirl","arcade_dryfire","","","","","","","","","","","","","","","","","","","8bit_kill_vo","8bit_lead_vo","8bit_start_vo","8bit_ulti_vo","8bit_hurt_vo","8bit_die_vo","","8bit_start_vo","2","57","","80","80","","","35","116","240","300","80","210","240","240","true","","-500","","-50","300","","80","145","Medium","-43","","","","450","","","TID_ARCADE","damage_dealer","","sc/hero_portraits.sc","hero_icon_8bit","mastery_brawler_icon_8bit","","footstep","30","400","130","","","1","3","2","","","","","","","","","","","","","","","","","","","","","","5","1","3","","","","","","","","4","","","","","","ArcadeBuddy","","spine_lower_s",""
"Sandstorm","28","","","sandy","SandstormWeapon","SandstormUlti","","","","","800","4100","","","","","","","","","","","","","","","","","12","","","","","75","100","40","","","5","20","5","Hero","","","","SandstormDefault","MasterySandstorm","TrophyRewardsSandstorm","","","","","","","","","","","","takedamage_gen","","death_rosa","","true","gen_move_fx","reload_sandy","no_ammo_shotgungirl","dry_fire_sandy","","","","","","","","","","","","","","","","","","","Sandy_kill_vo","Sandy_lead_vo","Sandy_start_vo","Sandy_ulti_vo","Sandy_hurt_vo","Sandy_die_vo","","Sandy_start_vo","4","50","","80","80","","","35","116","190","330","80","150","270","270","","","","","50","200","-10","30","145","Medium","-55","","","","400","","","TID_SANDSTORM","controller","","sc/hero_portraits.sc","hero_icon_sandy","mastery_brawler_icon_sandy","","footstep","30","400","130","","","3","2","1","","","","","","","","","","","","","","","","","","","","","","2","2","5","","","","","","","","5","","","","","","","","",""
"BeeSniper","29","","","bea","BeeSniperWeapon","BeeSniperUlti","","BeeSniperSlowPot","","","750","2800","","","","","","","","","","","","","","","","","12","","","","","130","76","40","","","5","20","5","Hero","","","","BeeSniperDefault","MasteryBeeSniper","TrophyRewardsBeeSniper","","","","","","","","","","","","takedamage_gen","","death_sniper","","true","gen_move_fx","reload_bea","no_ammo_bea","minig_dryfire","","","","","","","","","","","","","","","","","","","Bea_Kill_VO","Bea_Lead_VO","Bea_Start_VO","Bea_Ulti_VO","Bea_Hurt_VO","Bea_Die_VO","Bea_Atk_VO","Bea_Start_VO","","45","","80","80","","","35","116","200","320","90","190","270","270","true","","","","-50","50","","80","120","Medium","-46","","","","450","","","TID_BEE_SNIPER","marksman","","sc/hero_portraits.sc","hero_icon_bea","mastery_brawler_icon_bea","100","footstep","35","350","160","","","2","3","1","","","","","","","","","","","","","","","","","","","","","","5","2","2","","","","","","","","8","","","","","","","125","",""
"Mummy","30","","","emz","MummyWeapon","MummyUlti","","","","","750","3900","","","","","","","","","","","","","","","","","12","","","","","72","76","40","","","5","20","5","Hero","","","","MummyDefault","MasteryMummy","TrophyRewardsMummy","","","","","","","","","","","","takedamage_gen","","death_shotgun_girl","","true","gen_move_fx","emz_reload","no_ammo_shotgungirl","emz_dryfire","","","","","","","","","","","","","","","","","","","Emz_kill_vo","Emz_lead_vo","Emz_start_vo","Emz_ulti_vo","Emz_hurt_vo","Emz_die_vo","Emz_atk_vo","Emz_start_vo","3","30","","80","80","","","35","116","210","270","90","175","240","250","","","","","","-200","-20","","120","Medium","-48","","","","450","","","TID_MUMMY","controller","","sc/hero_portraits.sc","hero_icon_emz","mastery_brawler_icon_emz","","footstep","25","250","200","","","1","3","2","","","","","","","","","","","","","ShellyTutorial","","","","","","","","","4","2","3","","","","","","","350","1","","150","","","","MummyBuddy","","",""
"SpawnerDude","31","","","mr.p","SpawnerDudeWeapon","SpawnerDudeUlti","","","","","750","3700","","","","","","","","","","","","","","","","","12","","","","","66","86","30","","","5","20","5","Hero","","","","SpawnerDudeDefault","MasterySpawnerDude","TrophyRewardsSpawnerDude","","","","","","","","","","","","takedamage_gen","","death_artillery_dude","","true","gen_move_fx","mrp_reload","no_ammo_shotgungirl","mrp_dryfire","","","","","","","","","","","","","","","","","","","Mrp_Kill_VO","Mrp_Lead_VO","Mrp_Lead_VO","Mrp_Ulti_VO","Mrp_Hurt_VO","Mrp_Die_VO","Mrp_Atk_VO","Mrp_Lead_VO","","35","75","80","80","","","35","110","240","330","90","175","300","300","true","","-500","600","50","200","-50","80","120","Medium","-45","","","","400","","","TID_SPAWNER_DUDE","controller","","sc/hero_portraits.sc","hero_icon_mrp","mastery_brawler_icon_mrp","500","footstep","30","320","160","","","3","2","1","","","","","","","","","","","","","PennyTutorial","","","","","","","","","3","2","4","","","","","","","","","","","","","","","","",""
"Speedy","32","","","max","SpeedyWeapon","SpeedyUlti","","","","","855","3500","SpeedyChargeUltiOnMove","","","","","","","","","","","","","","","","12","","","","","75","100","45","","","5","20","5","Hero","","","","SpeedyDefault","MasterySpeedy","TrophyRewardsSpeedy","","","","","","","","","","","","takedamage_gen","","death_gunslinger","","true","gen_move_fx","reload_max","no_ammo_shotgungirl","dry_fire_max","","","","","","","","","","","","","","","","","","","Max_Kill_VO","Max_Lead_VO","Max_Start_VO","Max_Ulti_VO","Max_Hurt_VO","Max_Die_VO","","Max_Start_VO","2","35","","80","80","","","35","116","210","284","90","185","270","270","","","","","-50","-200","-20","40","120","Medium","-52","","","","400","","","TID_SPEEDY","support","","sc/hero_portraits.sc","hero_icon_max","mastery_brawler_icon_max","300","footstep","25","300","160","","","2","3","1","","","","","","","","","","","","","ColtTutorial","","","","","","","","","2","2","5","","","","","","","700","6","10","","","","","SpeedyBuddy","","",""
"07220d24fa2e06c356cad4e7c6037d70b265010e","","","true","shelly","ShotgunGirlWeapon","ShotgunGirlUlti","","","","","800","3900","","","","","","","","","","","","","","","","","12","","","","","134","60","30","","","5","20","5","Hero","","","","BanditGirlDefault","MasteryShotgunGirl","TrophyRewardsShotgunGirl","","","","","","","","","","","","takedamage_gen","","death_shotgun_girl","","true","gen_move_fx","reload_shotgun_girl","no_ammo_shotgungirl","dry_fire_shotgungirl","","","","","","","","","","","","","","","","","","","Shelly_Kill","Shelly_Lead","Shelly_Start","Utilshotgun_Vo","ShellyTakedamge_Vo","Shelly_Die","","Shelly_Start","2","30","","80","80","","","35","116","210","284","90","175","260","290","","","","","","-400","-25","40","120","Medium","-48","","","","450","","","TID_SHOTGUN_GIRL","damage_dealer","","sc/hero_portraits.sc","hero_icon_shelly","mastery_brawler_icon_shelly","1000","footstep","25","250","200","","","1","3","2","","","","","","","","","","","","","ShellyTutorial","","","","","","","","","4","3","2","","","","","","","","","","","","","","ShotgunGirlBuddy","","",""
"Driller","34","","","jacky","DrillerWeapon","DrillerUlti","","","","","800","5200","","","","","","","","","","","","","","","","","12","","","","","82","100","40","","","5","20","5","Hero","","","","DrillerDefault","MasteryDriller","TrophyRewardsDriller","","","","","","","","","","","","takedamage_gen","","death_shotgun_girl","","true","gen_move_fx","reload_jackie","no_ammo_shotgungirl","jackie_dryfire","","","","","","","","","","","","","","","","","","","Jackie_Kill_VO","Jackie_Lead_VO","Jackie_Start_VO","Jackie_Ulti_VO","Jackie_Hurt_VO","Jackie_Die_VO","","Jackie_Start_VO","1","50","","80","80","","","35","130","210","350","90","175","310","310","","","","","-100","","","","145","Medium","-50","","","","450","","","TID_DRILLER","tank","","sc/hero_portraits.sc","hero_icon_jacky","mastery_brawler_icon_jacky","400","footstep","25","300","130","","","1","2","3","","","","","","","","","","","240","","TaraTutorial","","","","","","","","","2","5","2","","","","IS_DRILLER","","","500","4","","200","","","","","140","",""
"Blower","35","","","gale","BlowerWeapon","BlowerUlti","","","","","750","4000","","","","","","","","","","","","","","","","","12","","","","","90","83","25","","","5","20","5","Hero","","","","BlowerDefault","MasteryBlower","TrophyRewardsBlower","","","","","","","","","","","","takedamage_gen","","death_shotgun_girl","","true","gen_move_fx","reload_gale","no_ammo_shotgungirl","gale_dryfire","","","","","","","","","","","","","","","","","","","Gale_Kill_VO","Gale_Lead_VO","Gale_Start_VO","Gale_Ulti_VO","Gale_Hurt_VO","Gale_Die_VO","","Gale_Start_VO","","50","","80","80","","","35","120","210","300","90","175","270","270","","","","","-100","200","","50","120","Medium","-50","","","","450","","","TID_BLOWER","controller","","sc/hero_portraits.sc","hero_icon_gale","mastery_brawler_icon_gale","400","footstep","25","300","130","","","1","2","3","","","","","","","","","","","","","TaraTutorial","","","","","","","","","2","2","5","","","","","","","","4","","","","","","","","",""
"Controller","36","","","nani","ControllerWeapon","ControllerUlti","","","","","750","2500","","","","","","","","","","","","","","","","","12","","","","","100","50","30","","","5","20","5","Hero","","","","ControllerDefault","MasteryController","TrophyRewardsController","","","","","","","","","","","","takedamage_gen","","death_shotgun_girl","","true","gen_move_fx","nani_reload","no_ammo_shotgungirl","nani_dryfire","","","","","","","","","","","","","","","","","","","Nani_Kill_VO","Nani_Lead_VO","Nani_Start_VO","","Nani_Hurt_VO","Nani_Die_VO","","Nani_Start_VO","","50","","80","80","","","35","100","210","300","90","175","270","270","true","","","","","550","-260","100","120","Medium","-40","","","","250","","","TID_CONTROLLER","marksman","","sc/hero_portraits.sc","hero_icon_nani","mastery_brawler_icon_nani","400","footstep","25","300","130","","","1","2","3","","","","","","","","","","","","","TaraTutorial","","","","","","","","","5","1","3","","","","","","","500","5","","","","","","","","chest_s",""
"Wally","37","","","sprout","WallyWeapon","WallyUlti","","","","","750","3200","","","","","","","","","","","","","","","","","12","","","","","88","100","40","","","5","20","5","Hero","","","","WallyDefault","MasteryWally","TrophyRewardsWally","","","","","","","","","","","","takedamage_gen","","death_shotgun_girl","","true","gen_move_fx","reload_sprout","no_ammo_shotgungirl","sprout_dryfire","","","","","","","","","","","","","","","","","","","Sprout_Kill_VO","Sprout_Lead_VO","Sprout_Start_VO","Sprout_Ulti_VO","Sprout_Hurt_VO","Sprout_Die_VO","","Sprout_Start_VO","1","50","","80","80","","","35","120","210","325","90","175","275","275","","","","","","350","","140","120","Medium","-59","","","","450","","","TID_WALLY","artillery","","sc/hero_portraits.sc","hero_icon_sprout","mastery_brawler_icon_sprout","400","","25","300","130","","","1","2","3","","","","","","","","","","","","","TaraTutorial","","","","","","","","","3","2","4","","","","","","","","","","","","","","","160","chest_s","R_arm_01_s;R_arm_03_s;L_arm_01_s;L_arm_03_s;leaf_01_s"
"PowerLeveler","38","","","surge","PowerLevelerWeapon","PowerLevelerUlti","","","","","705","3300","","","","","","","","","","","","","","","","","12","","","","","120","75","20","","","5","20","5","Hero","","","","PowerLevelerDefault","MasteryPowerLeveler","TrophyRewardsPowerLeveler","","","","","","","","","","","","takedamage_gen","","death_artillery_dude","","true","gen_move_fx","surge_reload","no_ammo_shotgungirl","surge_dryfire","","","","","","","","","","","","","","","","","","","Surge_Kill_VO","Surge_Lead_VO","Surge_Start_VO","Surge_Ulti_VO","Surge_Hurt_VO","Surge_Die_VO","Surge_Atk_VO","Surge_Start_VO","4","35","","80","80","","","35","90","150","200","80","150","200","200","","","","600","-150","","","","120","Medium","-45","","","","400","","","TID_POWER_LEVELER","damage_dealer","","sc/hero_portraits.sc","hero_icon_surge","mastery_brawler_icon_surge","500","footstep","20","200","160","","","3","2","1","","","","","","","","","","","","","PennyTutorial","","","","","","","1","20","5","3","1","","","","IS_POWER_LEVELER","","","","","","","","","","PowerLevelerBuddy","","",""
"Percenter","39","","","colette","PercenterWeapon","PercenterUlti","","PercenterPet","","","750","3600","","","","","","","","","","","","","","","","","12","","","","","100","100","27","","","5","20","5","Hero","","","","PercenterDefault","MasteryPercenter","TrophyRewardsPercenter","","","","","","","","","","","","takedamage_gen","","death_mechanic","","true","gen_move_fx","reload_mechanic","no_ammo_shotgungirl","dry_fire_mechanic","","","","","","","","","","","","","","","","","","","Colette_Kill_VO","Colette_Lead_VO","Colette_Start_VO","Colette_Ulti_VO","Colette_Hurt_VO","Colette_Die_VO","","Colette_Start_VO","5","35","","80","80","","","35","116","210","284","90","175","260","270","","","","","-150","-100","-25","40","120","Medium","-48","","","","400","","","TID_PERCENTER","damage_dealer","","sc/hero_portraits.sc","hero_icon_colette","mastery_brawler_icon_colette","500","footstep","40","300","160","","","3","2","1","","","","","","","","","","","","","PennyTutorial","","","","","","","","","4","2","3","","","","","","","400","4","4","100","","","","PercenterBuddy","90","",""
"FireDude","40","","","amber","FireDudeWeapon","FireDudeUlti","","","","","750","3400","","","","","","","","","","","","","","","","","12","","","","","82","53","30","","","5","20","5","Hero","","","","FireDudeDefault","MasteryFireDude","TrophyRewardsFireDude","","","","","","","","","","","","takedamage_gen","","death_arcade","","true","gen_move_fx","amber_reload","no_ammo_shotgungirl","amber_dryfire","","","","","","","","","","","","","","","","","","","Amber_Kill_VO","Amber_Lead_VO","Amber_Start_VO","Amber_Ulti_VO","Amber_Hurt_VO","Amber_Die_VO","Amber_Atk_VO","Amber_Start_VO","1","40","","80","80","","","35","116","210","284","90","175","260","260","true","","","","-200","-175","-80","","120","Medium","-59","","","","450","","","TID_FIRE_DUDE","controller","","sc/hero_portraits.sc","hero_icon_amber","mastery_brawler_icon_amber","400","footstep","30","400","130","","","1","3","2","","","","","","","","","","","","","PamTutorial","","","","","","","","","5","2","2","","","","IS_FIREDUDE","","","","4","","250","","","","FireDudeBuddy","","",""
"IceDude","41","","","lou","IceDudeWeapon","IceDudeUlti","","","","","750","3500","","","","","","","","","","","","","","","","","12","","","","","110","100","30","","","5","20","5","Hero","","","","IceDudeDefault","MasteryIceDude","TrophyRewardsIceDude","","","","","","","","","","","","takedamage_gen","","death_cactus","","true","gen_move_fx","lou_reload","no_ammo_shotgungirl","lou_dryfire","","","","","","","","","","","","","","","","","","","Lou_Kill_VO","Lou_Lead_VO","Lou_Start_VO","Lou_Ulti_VO","Lou_Hurt_VO","Lou_Die_VO","Lou_Atk_VO","Lou_Start_VO","2","35","50","80","80","","","35","116","240","324","80","210","290","290","","","","","","","","50","120","Medium","-32","","","","450","","","TID_ICE_DUDE","controller","","sc/hero_portraits.sc","hero_icon_lou","mastery_brawler_icon_lou","","footstep","40","300","100","true","true","2","1","3","","","","","","","","","","","","","SpikeTutorial","","","","","","","","","3","1","5","","","","","","","","4","","","","","","","","",""
"SnakeOil","42","","","byron","SnakeOilWeapon","SnakeOilUlti","","","","","750","2600","","","","","","","","","","","","","","","","","12","","","","","175","64","30","","","5","20","5","Hero","","","","SnakeOilDefault","MasterySnakeOil","TrophyRewardsSnakeOil","","","","","","","","","","","","takedamage_gen","","death_sniper","","true","gen_move_fx","byron_reload","no_ammo_shotgungirl","byron_dryfire","","","","","","","","","","","","","","","","","","","Snakeoil_Kill_VO","Snakeoil_Lead_VO","Snakeoil_Start_VO","Snakeoil_Ulti_VO","Snakeoil_Hurt_VO","Snakeoil_Die_VO","","Snakeoil_Start_VO","","45","","80","80","","","35","140","230","320","100","190","290","290","","","","","-100","-500","","","120","Medium","-46","","","","450","","","TID_SNAKE_OIL","support","","sc/hero_portraits.sc","hero_icon_byron","mastery_brawler_icon_byron","100","footstep","25","400","160","","","2","3","1","","","","","","","","","","","","","PiperTutorial","","","","","","","","","3","2","4","","","","","","","","5","","","","","","","120","",""
"Enrager","43","","","edgar","EnragerWeapon","EnragerUlti","","","","","855","3700","","","","","","","","","","","","","","","","","12","","","","","65","100","33","100","","5","20","5","Hero","","","","EnragerDefault","MasteryEnrager","TrophyRewardsEnrager","","","","","","","","","","","","takedamage_gen","","death_undertaker","","true","gen_move_fx","edgar_reload","no_ammo_shotgungirl","dry_fire_barkeep","","","","","","","","","","","","","","","","","","","Edgar_Kill_VO","Edgar_Lead_VO","Edgar_Start_VO","Edgar_Ulti_VO","Edgar_Hurt_VO","Edgar_Die_VO","","Edgar_Start_VO","5","50","","80","80","","","35","116","200","285","95","170","260","260","","","","","-100","-100","","20","120","Medium","-59","","","","350","","","TID_ENRAGER","assassin","","sc/hero_portraits.sc","hero_icon_edgar","mastery_brawler_icon_edgar","","footstep","25","350","165","","","1","2","3","","","","","","","","","","132","","","MortisTutorial","","","","","","","","","5","3","1","","","","IS_ENRAGER","","","450","3","","100","","","","EnragerBuddy","","","R_scarf_03_s;L_scarf_03_s;R_Up_tenti_04_s;L_Up_tenti_04_s;L_Down_tenti_04_s;R_Down_tenti_04_s;Headwepon_outer_s_hc;Headwepon_inner_s_hc"
"Ruffs","44","","","ruffs","RuffsWeapon","RuffsUlti","","","","","750","3000","","","","","","","","","","","","","","","","","12","","","","","80","134","35","","","5","20","5","Hero","","","","RuffsDefault","MasteryRuffs","TrophyRewardsRuffs","","","","","","","","","","","","takedamage_gen","","death_sniper","","true","gen_move_fx","ruff_reload","no_ammo_shotgungirl","ruff_dryfire","","","","","","","","","","","","","","","","","","","Ruff_Kill_VO","Ruff_Lead_VO","Ruff_Start_VO","Ruff_Ulti_VO","Ruff_Hurt_VO","Ruff_Die_VO","","Ruff_Start_VO","1","45","","80","80","","","35","116","200","320","90","190","260","260","","","","","","","","","120","Medium","-46","","","","450","","","TID_RUFFS","support","","sc/hero_portraits.sc","hero_icon_ruffs","mastery_brawler_icon_ruffs","100","footstep","25","400","160","","","2","3","1","","","","","","","","","","","","","PiperTutorial","","","","","","","","","2","2","5","","","","","","","","","","","","","","","","",""
"Roller","45","","","stu","RollerWeapon","RollerUlti","","","","","750","3500","","","","","","","","","","","","","","","","","12","","","","","800","100","3","","","5","20","5","Hero","","","","RollerDefault","MasteryRoller","TrophyRewardsRoller","","","","","","","","","","","","takedamage_gen","","death_shotgun_girl","","true","gen_move_fx","stu_reload","no_ammo_shotgungirl","stu_dryfire","","","","","","","","","","","","","","","","","","","Stu_Kill_VO","Stu_Lead_VO","Stu_Start_VO","Stu_Ulti_VO","Stu_Hurt_VO","Stu_Die_VO","","Stu_Start_VO","7","30","50","80","80","","","35","130","210","284","90","175","290","290","","","","","","-150","-25","40","120","Medium","-48","","","","450","","","TID_ROLLER","assassin","","sc/hero_portraits.sc","hero_icon_stu","mastery_brawler_icon_stu","1000","","25","250","200","","","1","3","2","","","","","","","","","","","","","ShellyTutorial","","","","","","","","","4","3","2","","","","","","","700","7","","","","","","","250","",""
"ElectroSniper","46","","","belle","ElectroSniperWeapon","ElectroSniperUlti","","","","","750","2900","","","","","","","","","","","","","","","","","12","","","","","84","200","45","","","5","20","5","Hero","","","","ElectroSniperDefault","MasteryElectroSniper","TrophyRewardsElectroSniper","","","","","","","","","","","","takedamage_gen","","death_shaman","","true","gen_move_fx","belle_reload","no_ammo_shotgungirl","belle_dryfire","","","","","","","","","","","","","","","","","","","Belle_Kill_VO","Belle_Lead_VO","Belle_Start_VO","Belle_Ulti_VO","Belle_Hurt_VO","Belle_Die_VO","","Belle_Start_VO","2","35","","80","80","","","35","116","190","275","80","150","250","250","","","","","-100","","","","120","Medium","-46","","","","100","","","TID_ELECTRO_SNIPER","marksman","","sc/hero_portraits.sc","hero_icon_belle","mastery_brawler_icon_belle","1000","footstep","25","250","100","","","3","1","2","","","","","","","","","","","","","NitaTutorial","","","","","","","","","5","1","3","","","","","","","550","5","","","","","","","","",""
"StickyBomb","47","","","squeak","StickyBombWeapon","StickyBombUlti","","","","","750","3800","","","","","","","","","","","","","","","","","12","","","","","88","50","40","","","5","20","5","Hero","","","","StickyBombDefault","MasteryStickyBomb","TrophyRewardsStickyBomb","","","","","","","","","","","","takedamage_gen","","death_crow","","true","gen_move_fx","reload_crow","no_ammo_shotgungirl","crow_dryfire","","","","","","","","","","","","","","","","","","","Squeak_Kill_VO","Squeak_Lead_VO","Squeak_Start_VO","","Squeak_Hurt_VO","Squeak_Die_VO","","Squeak_Start_VO","3","45","","80","80","","","35","116","230","320","90","210","290","290","","","","","-150","100","-10","20","120","Medium","-41","","","","400","","","TID_STICKY_BOMB","controller","","sc/hero_portraits.sc","hero_icon_squeak","mastery_brawler_icon_squeak","","footstep","20","200","100","true","true","2","1","3","","","","","","","","","","","","","CrowTutorial","","","","","","","","","4","2","3","","","","","","","","3","","","","","","","","chest_s",""
"CrossBomber","48","","","grom","CrossBomberWeapon","CrossBomberUlti","","","","","750","3000","","","","","","","","","","","","","","","","","12","","","","","82","55","40","","","5","20","5","Hero","","","","CrossBomberDefault","MasteryCrossBomber","TrophyRewardsCrossBomber","","","","","","","","","","","","takedamage_gen","","death_crow","","true","gen_move_fx","grom_reload","no_ammo_shotgungirl","grom_dryfire","","","","","","","","","","","","","","","","","","","Grom_Kill_VO","Grom_Lead_VO","Grom_Start_VO","Grom_Ulti_VO","Grom_Hurt_VO","Grom_Die_VO","","Grom_Start_VO","","45","","80","80","","","35","112","170","250","90","150","225","220","","","","","","-100","-10","20","120","Medium","-48","","","","400","","","TID_CROSS_BOMBER","artillery","","sc/hero_portraits.sc","hero_icon_grom","mastery_brawler_icon_grom","","footstep","20","200","100","true","true","2","1","3","","","","","","","","","","","","","CrowTutorial","","","","","","","","","4","2","3","","","","","","","","","","","","","","","","","bigball_s"
"RopeDude","49","","","buzz","RopeDudeWeapon","RopeDudeUlti","","","","","800","5000","","","","","","","","","","","","","","","","","12","","","","","100","100","30","","","5","20","5","Hero","","","","RopeDudeDefault","MasteryRopeDude","TrophyRewardsRopeDude","","","","","","","","","RopeDudeSuperChargeArea","","","takedamage_gen","","death_rosa","","true","gen_move_fx","reload_rosa","no_ammo_shotgungirl","dry_fire_barkeep","","","","","","","","","","","","","","","","","","","Buzz_Kill_VO","Buzz_Lead_VO","Buzz_Start_VO","Buzz_Ulti_VO","Buzz_Hurt_VO","Buzz_Die_VO","","Buzz_Start_VO","2","50","","80","80","","","35","116","210","330","90","210","300","280","","","","","100","150","","50","120","Medium","-55","","","","400","","","TID_ROPE_DUDE","assassin","","sc/hero_portraits.sc","hero_icon_buzz","mastery_brawler_icon_buzz","","footstep","30","400","130","","","3","2","1","","","","","","","","","","","","","","","","","","","","","","3","2","4","","","","IS_ROPE_DUDE","","","","","","","","","","","150","",""
"AssaultShotgun","50","","","griff","AssaultShotgunWeapon","AssaultShotgunUlti","","","","","750","3700","","","","","","","","","","","","","","","","","12","","","","","100","70","30","","","5","20","5","Hero","","","","AssaultShotgunDefault","MasteryAssaultShotgun","TrophyRewardsAssaultShotgun","","","","","","","","","","","","takedamage_gen","","death_shotgun_girl","","true","gen_move_fx","griff_reload","no_ammo_shotgungirl","dry_fire_shotgungirl","","","","","","","","","","","","","","","","","","","Griff_Kill_VO","Griff_Lead_VO","Griff_Start_VO","Griff_Ulti_VO","Griff_Hurt_VO","Griff_Die_VO","","Griff_Start_VO","2","30","","80","80","","","35","100","180","240","80","150","200","200","","","","","-100","350","-25","40","120","Medium","-48","","","","450","","","TID_ASSAULT_SHOTGUN","controller","","sc/hero_portraits.sc","hero_icon_griff","mastery_brawler_icon_griff","1000","footstep","25","250","200","","","1","3","2","","","","","","","","","","","","","ShellyTutorial","","","","","","","","","5","3","1","","","","","","","","","","","","","","AssaultShotgunBuddy","60","",""
"Knight","51","","","ash","KnightWeapon","KnightUlti","","","","","750","5900","","","","","","","","","","","","","","","","","12","","","","","84","50","35","","","5","20","5","Hero","","","","KnightDefault","MasteryKnight","TrophyRewardsKnight","","","","","","","","","","","","takedamage_gen","","death_baseball","","true","gen_move_fx","reload_baseball","no_ammo_shotgungirl","dry_fire_barkeep","","","bibi_def_atk_hit","","","","","","","","","","","","","","","","Ash_Kill_VO","Ash_Lead_VO","Ash_Start_VO","Ash_Ulti_VO","Ash_Hurt_VO","Ash_Die_VO","","Ash_Start_VO","","75","","80","80","","","35","110","200","250","90","190","250","250","","","","","","","-250","75","145","Medium","-48","","","","","","","TID_KNIGHT","tank","","sc/hero_portraits.sc","hero_icon_ash","mastery_brawler_icon_ash","","footstep","25","400","100","","","1","3","2","","","","","","","","","","","280","","","","","","","","","","","5","3","1","","","","RAGE_FROM_DAMAGE","","","550","3","","","","","","","140","spine_lower_s",""
"MechaDude","52","","","meg","MechaDudeWeapon","MechaDudeUlti","","MechaDudeBig","","","855","2400","","Brawler_MechaDude","","","","","","","","","","","","","","","12","","","","","180","50","35","","","5","20","5","Hero","","","","MechaDudeDefault","MasteryMechaDude","TrophyRewardsMechaDude","","","","","","","","","","","","takedamage_gen","","death_sniper","","true","gen_move_fx","meg_reload","no_ammo_shotgungirl","meg_dryfire","","","","","","","","","","","","","","","","","","","Meg_kill_vo","Meg_lead_vo","Meg_start_vo","Meg_ulti_vo","Meg_hurt_vo","Meg_die_vo","","Meg_start_vo","","45","50","80","80","","","35","116","190","250","80","150","270","280","true","","700","1000","-120","","25","","120","Medium","-46","","","","450","","","TID_MECHA_DUDE","tank","","sc/hero_portraits.sc","hero_icon_meg","mastery_brawler_icon_meg","100","footstep","35","350","160","","","2","3","1","","","","","","","","","","","","","","","","","","","","","","4","3","2","","","","IS_MECHADUDE","","","","","","","","","","MechaDudeBuddy","","","mecha_R_elbow_s;mecha_L_elbow_s"
"Duplicator","53","","","lolla","DuplicatorWeapon","DuplicatorUlti","","","","","750","4000","","","","","","","","","","","","","","","","","12","","","","","100","50","35","","","5","20","5","Hero","","","","DuplicatorDefault","MasteryDuplicator","TrophyRewardsDuplicator","","","","","","","","","","","","takedamage_gen","","death_shaman","","true","gen_move_fx","diva_reload","no_ammo_shotgungirl","dry_fire_barkeep","","","","","","","","","","","","","","","","","","","Lolla_Kill_VO","Lolla_Lead_VO","Lolla_Start_VO","Lolla_Ulti_VO","Lolla_Hurt_VO","Lolla_Die_VO","","Lolla_Start_VO","","35","","80","80","","","35","116","190","265","80","150","230","230","","","","","-100","-550","-250","60","120","Medium","-46","","","","100","","","TID_DUPLICATOR","damage_dealer","","sc/hero_portraits.sc","hero_icon_lolla","mastery_brawler_icon_lola","1000","footstep","25","250","160","","","3","1","2","","","","","","","","","","","","","NitaTutorial","","","","","","","","","4","2","3","","","","DUPLICATOR","","","","4","","200","","","","","","",""
"KickerDude","54","","","fang","KickerDudeWeapon","KickerDudeUlti","","","","","800","4800","","","","","","","","","","","","","","","","","12","","","","","75","67","20","","","5","20","5","Hero","","","","KickerDudeDefault","MasteryKickerDude","TrophyRewardsKickerDude","","","","","","","","","","","","takedamage_gen","","death_luchador","","true","gen_move_fx","fang_reload","no_ammo_shotgungirl","fang_dryfire","","","fang_hit_melee","","","","","","","","","","","","","","","","Fang_Kill_VO","Fang_Lead_VO","Fang_Start_VO","Fang_Ulti_VO","Fang_Hurt_VO","Fang_Die_VO","Fang_Atk_VO","Fang_Start_VO","2","50","","80","80","","","35","116","200","285","95","170","260","270","","","","","-100","-400","-20","-20","145","Medium","-56","","","","400","","","TID_KICKER_DUDE","assassin","","sc/hero_portraits.sc","hero_icon_fang","mastery_brawler_icon_fang","","footstep","40","250","130","","","1","3","2","","","","","","","","","","","","","PrimpTutorial","","","","","","","","","5","3","1","","","","","","","550","5","","250","","","","","150","","R_foot_s;L_foot_s;R_toe_s;L_toe_s"
"4f7b8a8fb970bd4cb356d59fd76bb5fb64e5797a","","","true","shelly","ShotgunGirlWeapon","ShotgunGirlUlti","","","","","800","3900","","","","","","","","","","","","","","","","","12","","","","","134","60","30","","","5","20","5","Hero","","","","BanditGirlDefault","MasteryShotgunGirl","TrophyRewardsShotgunGirl","","","","","","","","","","","","takedamage_gen","","death_shotgun_girl","","true","gen_move_fx","reload_shotgun_girl","no_ammo_shotgungirl","dry_fire_shotgungirl","","","","","","","","","","","","","","","","","","","Shelly_Kill","Shelly_Lead","Shelly_Start","Utilshotgun_Vo","ShellyTakedamge_Vo","Shelly_Die","","Shelly_Start","2","30","","80","80","","","35","116","210","284","90","175","260","290","","","","","","-400","-25","40","120","Medium","-48","","","","450","","","TID_SHOTGUN_GIRL","damage_dealer","","sc/hero_portraits.sc","hero_icon_shelly","mastery_brawler_icon_shelly","1000","footstep","25","250","200","","","1","3","2","","","","","","","","","","","","","ShellyTutorial","","","","","","","","","4","3","2","","","","","","","","","","","","","","ShotgunGirlBuddy","","",""
"Flea","56","","","eve","FleaWeapon","FleaUlti","","","","","750","3100","","","","","","","","","","","","","","","","","12","","","","","120","60","40","","","5","20","5","Hero","","","","FleaDefault","MasteryFlea","TrophyRewardsFlea","","","","","","","","","","","","takedamage_gen","","death_artillery_dude","","true","gen_move_fx","flea_reload_sfx","no_ammo_shotgungirl","flea_dryfire_sfx","","","","","","","","","","","","","","","","","","","Flea_Kill_VO","Flea_Lead_VO","Flea_Start_VO","Flea_Ulti_VO","Flea_Hurt_VO","Flea_Die_VO","","Flea_Lead_VO","","35","75","80","80","","","35","60","150","150","45","120","130","150","","","","","-100","200","-50","80","120","Medium","-56","","","","400","","","TID_FLEA","damage_dealer","","sc/hero_portraits.sc","hero_icon_eve","mastery_brawler_icon_eve","500","","30","320","160","","","3","2","1","true","","","","","","","","","","","","PennyTutorial","","","","9","","","","","2","2","5","","","","","","","600","5","","200","","","","","150","ignoreRoot","spaceship_main_s"
"JetpackGirl","57","","","janet","JetpackGirlWeapon","JetpackGirlUlti","","","","","750","3400","","","","","","","","","","","","","","","","","12","","","","","77","84","40","","","5","20","5","Hero","","","","JetpackGirlDefault","MasteryJetpackGirl","TrophyRewardsJetpackGirl","","","","","","","","","","","","takedamage_gen","","death_crow","","true","gen_move_fx","janet_reload_sfx","no_ammo_shotgungirl","janet_dryfire_sfx","","","","","","","","","","","","","","","","","","","Janet_Kill_VO","Janet_Lead_VO","Janet_Start_VO","Janet_Ulti_VO","Janet_Hurt_VO","Janet_Die_VO","","Janet_Lead_VO","","45","","80","80","","","35","100","140","240","75","145","220","225","","","","","-100","","-10","20","120","Medium","-41","","","","100","","","TID_JETPACK_GIRL","marksman","","sc/hero_portraits.sc","hero_icon_janet","mastery_brawler_icon_janet","","footstep","20","200","100","","","2","1","3","","","","","","","","","","","","","CrowTutorial","","","","","","","","","3","3","3","","","","","","","500","4","","","","","","","140","",""
"CannonGirl","58","","","bonnie","CannonGirlWeapon","CannonGirlUlti","","CannonGirlSmall","","","630","5000","","","","","","","","","","","","","","","","","12","","","","","75","100","43","","","5","20","5","Hero","","","","CannonGirlDefault","MasteryCannonGirl","TrophyRewardsCannonGirl","","","","","","","","","","","","takedamage_gen","","death_artillery_dude","","true","gen_move_fx","otis_reload_sfx","","otis_dryfire_sfx","","","","","","","","","","","","","","","","","","","Bonnie_Kill_VO","Bonnie_Lead_VO","Bonnie_Start_VO","Bonnie_Ulti_VO","Bonnie_Hurt_VO","Bonnie_Die_VO","","Bonnie_Lead_VO","3","35","","80","80","","","35","116","200","270","90","180","260","260","","","","","-800","200","-50","","120","Medium","-52","","","","500","","","TID_CANNON_GIRL","marksman","","sc/hero_portraits.sc","hero_icon_bonnie","mastery_brawler_icon_bonnie","300","","25","500","100","","","2","3","1","","","","","","","","","","","","","CrowTutorial","","","","","","","","","5","2","2","","","","","","","","7","","","","","","","","","canon_edge_s;charioteer_cannon_01_s"
"Silencer","59","","","otis","SilencerWeapon","SilencerUlti","","","","","750","3600","","","","","","","","","","","","","","","","","12","","","","","62","90","50","","","5","20","5","Hero","","","","SilencerDefault","MasterySilencer","TrophyRewardsSilencer","","","","","","","","","","","","takedamage_gen","","death_shotgun_girl","","true","gen_move_fx","reload_sprout","no_ammo_shotgungirl","sprout_dryfire","","","","","","","","","","","","","","","","","","","Otis_Kill_VO","Otis_Lead_VO","Otis_Start_VO","","Otis_Hurt_VO","Otis_Die_VO","","Otis_Start_VO","1","35","","80","80","","","35","240","460","560","75","145","460","600","","","","","","","-10","20","120","Medium","-41","","","","500","","","TID_SILENCER","controller","","sc/hero_portraits.sc","hero_icon_otis","mastery_brawler_icon_otis","","footstep","20","200","100","","","2","1","3","","","","","","","","","","","","","CrowTutorial","","","","","","","","","3","2","4","","","","","","","","","","","","","","","","","hose_03_s;hose_05_s"
"WeaponThrower","60","","","sam","WeaponThrowerWeapon","WeaponThrowerUlti","","","","","800","5700","","","","","","","","","","","","","","","","","12","","","","100","100","100","25","","","5","20","5","Hero","","","","WeaponThrowerDefault","MasteryWeaponThrower","TrophyRewardsWeaponThrower","","","","","","","","WeaponThrowerUltiSpeedBuff","","","","takedamage_gen","","death_rosa","","true","gen_move_fx","bronson_reload","no_ammo_shotgungirl","bronson_dryfire","","","","","","","","","","","","","","","","","","","Sam_Kill_VO","Sam_Lead_VO","Sam_Start_VO","Sam_Ulti_VO","Sam_Hurt_VO","Sam_Die_VO","Sam_Atk_VO","Sam_Start_VO","2","50","50","80","80","","","35","110","100","245","80","150","240","230","","","","","-100","-200","","50","145","Medium","-55","","","","400","","","TID_WEAPON_THROWER","assassin","","sc/hero_portraits.sc","hero_icon_bronson","mastery_brawler_icon_sam","","footstep","30","400","130","","","2","1","3","","","","","","","","","","","","","CrowTutorial","","","","","","","","","4","3","2","","","","IS_WEAPON_THROWER","","","500","5","","","","","","","","",""
"SoulCollector","61","","","gus","SoulCollectorWeapon","SoulCollectorUlti","","","","","750","3300","","","","","","","","","","","","","","","","","12","","","","","94","100","35","","","5","20","5","Hero","","","","SoulCollectorDefault","MasterySoulCollector","TrophyRewardsSoulCollector","","","","","","","","","","","","takedamage_gen","","death_sniper","","true","gen_move_fx","gus_reload","no_ammo_shotgungirl","gus_dryfire","","","","","","","","","","","","","","","","","","","Gus_Kill_VO","Gus_Lead_VO","Gus_Start_VO","Gus_Ulti_VO","Gus_Hurt_VO","Gus_Die_VO","Gus_Atk_VO","Gus_Start_VO","","45","","80","80","","","35","140","230","320","100","190","290","290","","","","","-200","-200","","","120","Medium","-55","","","","450","","","TID_SOUL_COLLECTOR","support","","sc/hero_portraits.sc","hero_icon_gus","mastery_brawler_icon_gus","100","footstep","25","400","160","","","2","1","3","","","","","","","","","","","","","CrowTutorial","","","","","","","","","3","2","4","","","","IS_SOUL_COLLECTOR","3","","700","5","","","","","","SoulCollectorBuddy","","","ignoreHand;balloon_B_04_s;balloon_04_s"
"ShieldTank","62","","","buster","ShieldTankWeapon","ShieldTankUlti","","","","","800","5000","","","","","","","","","","","","","","","","","12","","","","","100","100","40","","","5","20","5","Hero","","","","ShieldTankDefault","MasteryShieldTank","TrophyRewardsShieldTank","","","","","","","","","ShieldTankSuperChargeArea","","","takedamage_gen","","death_rocket_girl","","true","gen_move_fx","buster_reload","no_ammo_shotgungirl","buster_dryfire","","","","","","","","","","","","","","","","","","","Buster_Kill_VO","Buster_Lead_VO","Buster_Start_VO","Buster_Ulti_VO","Buster_Hurt_VO","Buster_Die_VO","","Buster_Start_VO","3","35","","80","80","","","35","116","200","285","90","180","260","270","","","","","-100","-150","-50","","120","Medium","-52","","","","500","","","TID_SHIELD_TANK","tank","","sc/hero_portraits.sc","hero_icon_buster","mastery_brawler_icon_buster","300","footstep","25","500","100","","","2","1","3","","","","","","","","","","","","","CrowTutorial","","","","","","","","","3","5","1","","","","","","","","","","","","","","","170","",""
"Jester","63","","","chester","JesterWeapon","JesterUltiExploding","JesterOverchargedUlti","","","","800","3800","","","","","","","","","","","","","","","","","12","","","","","90","80","28","","","5","20","5","Hero","","","","JesterDefault","MasteryJester","TrophyRewardsJester","","","","","","","","","","","","takedamage_gen","","death_ninja","","true","gen_move_fx","chester_reload","no_ammo_shotgungirl","chester_dryfire","","","","","","","","","","","","","","","","","","","Chester_Kill_VO","Chester_Lead_VO","Chester_Start_VO","Chester_Ulti_VO","Chester_Hurt_VO","Chester_Die_VO","","Chester_Start_VO","2","50","","80","80","","","35","116","190","270","80","150","270","300","","","","","100","-750","","","120","Medium","-55","","","","450","","","TID_JESTER","damage_dealer","","sc/hero_portraits.sc","hero_icon_chester","mastery_brawler_icon_chester","","footstep","25","250","130","","","3","2","1","","","","","","","","","","","","","LeonTutorial","","","","","","","","","4","2","3","","","","IS_JESTER","","","","5","","","","","","","","","rattler_L_s;rattler_R_s;dragon_1_07_s;dragon_2_07_s"
"DoorMan","64","","","gray","DoorManWeapon","DoorManUlti","","","","","750","3400","","","","","","","","","","","","","","","","","12","","","","","100","87","40","","","5","20","5","Hero","","","","DoorManDefault","MasteryDoorMan","TrophyRewardsDoorMan","","","","","","","","","","","","takedamage_gen","","death_gunslinger","","true","gen_move_fx","gray_reload","no_ammo_shotgungirl","gray_dryfire","","","","","","","","","","","","","","","","","","","","","","","","","","","","35","50","80","80","","","35","116","210","284","90","185","270","280","","","","","","-350","-30","40","120","Medium","-48","","","","400","","","TID_DOORMAN","support","","sc/hero_portraits.sc","hero_icon_gray","mastery_brawler_icon_gray","300","footstep","25","300","160","","","2","3","1","","","","","","","","","","","","","ColtTutorial","","","","","","","","","3","2","4","","","","","","","","6","","","","","","","200","","magehand_wrist_s"
"Beamer","65","","","mandy","BeamerWeapon","BeamerUlti","BeamerOverchargedUlti","","","","750","3000","","","","","","","","","","","","","","","","","12","","","","","83","80","35","","","5","20","5","Hero","","","","BeamerDefault","MasteryBeamer","TrophyRewardsBeamer","","","","","","","","","","","","takedamage_gen","","death_sniper","","true","gen_move_fx","reload_sniper","no_ammo_shotgungirl","minig_dryfire","","","","","","","","","","","","","","","","","","","Mandy_Kill_VO","Mandy_Lead_VO","Mandy_Start_VO","Mandy_Ulti_VO","Mandy_Hurt_VO","Mandy_Die_VO","","Mandy_Start_VO","","45","","80","80","","","35","116","200","290","90","190","260","270","","","","","100","-100","","","120","Medium","-46","","","","450","","","TID_BEAMER","marksman","","sc/hero_portraits.sc","hero_icon_mandy","mastery_brawler_icon_mandy","100","footstep","25","400","160","","","2","3","1","","","","","","","","","","","","","PiperTutorial","","","","","","","","","5","1","3","","","","IS_BEAMER","450","9","","7","","","","","","","125","",""
"Splitter","66","","","artie","SplitterWeapon","SplitterUlti","","SplitterLegs","","","750","4100","","Brawler_Splitter","","","","","","","","","","","","","","","12","","","","","145","100","25","","","5","20","5","Hero","","","","SplitterDefault","MasterySplitter","TrophyRewardsSplitter","","","","","","","","","","","","takedamage_gen","","death_arcade","","true","gen_move_fx","rt_reload","no_ammo_shotgungirl","rt_dryfire","","","","","","","","","","","","","","","","","","","RT_Kill_VO","RT_Lead_VO","RT_Start_VO","RT_Ulti_VO","RT_Hurt_VO","RT_Die_VO","","RT_Start_VO","2","57","","80","80","","","35","85","50","220","80","220","200","170","","","","","","600","","80","145","Medium","-43","","","","450","","","TID_SPLITTER","damage_dealer","","sc/hero_portraits.sc","hero_icon_artie","mastery_brawler_icon_rt","","footstep","30","400","100","","","1","3","2","","","","","","","","","","","","","","","","","","","","","","5","1","3","","","","IS_SPLITTER","1","","","3","","","","","","","","head_s","head_s"
"Puppeteer","67","","","willow","PuppeteerWeapon","PuppeteerUlti","","","","","750","3300","","","","","","","","","","","","","","","","","12","","","","","85","134","40","","","5","20","5","Hero","","","","PuppeteerDefault","MasteryPuppeteer","TrophyRewardsPuppeteer","","","","","","","","","","","","takedamage_gen","","death_shotgun_girl","","true","gen_move_fx","willow_reload","no_ammo_shotgungirl","willow_dryfire","","","","","","","","","","","","","","","","","","","Willow_Kill_VO","Willow_Lead_VO","Willow_Start_VO","Willow_Ulti_VO","Willow_Hurt_VO","Willow_Die_VO","","Willow_Start_VO","2","30","","80","80","","","35","116","210","284","90","175","260","280","","","","","-200","-400","-25","40","120","Medium","-48","","","","450","","","TID_PUPPETEER","controller","","sc/hero_portraits.sc","hero_icon_willow","mastery_brawler_icon_willow","1000","footstep","25","250","200","","","1","3","2","","","","","","","","","","","","","ShellyTutorial","","","","","","","","","4","3","2","","","","","","","","3","","","","","","","","","scrop_tail_4_s;scrop_tail_1_s"
"Maisie","68","","","maisie","MaisieWeapon","MaisieUlti","","","","","750","4000","","","","","","","","","","","","","","","","","12","","","","","70","125","40","","","5","20","5","Hero","","","","MaisieDefault","MasteryMaisie","TrophyRewardsMaisie","","","","","","","","","","","","takedamage_gen","","death_shotgun_girl","","true","gen_move_fx","maisie_reload","no_ammo_shotgungirl","maisie_dryfire","","","","","","","","","","","","","","","","","","","Maisie_Kill_VO","Maisie_Lead_VO","Maisie_Start_VO","Maisie_Ulti_VO","Maisie_Hurt_VO","Maisie_Die_VO","","Maisie_Start_VO","2","30","","80","80","","","35","145","220","320","90","310","330","290","","","","","30","70","-25","40","120","Medium","-48","","","","450","","","TID_MAISIE","marksman","","sc/hero_portraits.sc","hero_icon_maisie","mastery_brawler_icon_maisie","1000","footstep","25","250","200","","","1","3","2","","","","","","","","","","","","","ShellyTutorial","","","","","","","","","4","3","2","","","","","","","500","4","","","","","","","","","R_gun_s"
"FishTank","69","","","fishtank","FishTankWeapon","FishTankUlti","","","","","750","5500","","","","","","","","","","","","","","","","","12","","","","","50","87","40","","","5","20","5","Hero","","","","FishTankDefault","MasteryFishTank","TrophyRewardsFishTank","","","","","","","","","","","","takedamage_gen","","death_gunslinger","","true","gen_move_fx","","no_ammo_shotgungirl","hank_dryfire","","","","","","","","","","","","","","","","","","","Hank_Kill_VO","Hank_Lead_VO","Hank_Start_VO","Hank_Ulti_VO","Hank_Hurt_VO","Hank_Die_VO","","Hank_Start_VO","1","35","","80","80","","","35","85","175","175","90","185","175","175","","","","","160","-400","-30","40","145","Medium","-52","","","","400","","","TID_FISHTANK","tank","","sc/hero_portraits.sc","hero_icon_fishtank","mastery_brawler_icon_lilt","300","","","100","160","","","2","3","1","","","","","","","","","","","240","","ColtTutorial","","","","","","","","","3","4","2","","","","IS_FISHTANK","25","100","","","","","","","","","","","R_Fishtank_Wing_s;L_Fishtank_Wing_s;Fishtank_tail_s;Fishtank_cannon_s;Bulltank_Horns_s"
"Duelist","70","","","cordelius","DuelistWeapon","DuelistUlti","","","","","855","3500","","","","","","","","","","","","","","","","","12","","","","","90","100","25","","","5","20","5","Hero","","","","DuelistDefault","MasteryDuelist","TrophyRewardsDuelist","","","","","","","","DuelistShadowRealmSelfBuff","DuelistSuperChargeArea","","","takedamage_gen","","death_ninja","","true","gen_move_fx","cordelius_reload","no_ammo_shotgungirl","cordelius_dryfire","","","","","","","","","","","","","","","","","","","Cordelius_Kill_VO","Cordelius_Lead_VO","Cordelius_Start_VO","Cordelius_Ulti_VO","Cordelius_Hurt_VO","Cordelius_Die_VO","","Cordelius_Start_VO","2","50","","80","80","","","35","116","190","330","80","150","270","290","","","","","150","300","","","120","Medium","-55","","","","450","","","TID_DUELIST","assassin","","sc/hero_portraits.sc","hero_icon_cordelius","mastery_brawler_icon_cornelius","","footstep","25","250","130","","","3","2","1","","","","","","","","","","","","","LeonTutorial","","","","","","","","","5","1","2","","","","IS_DUELIST","10","20","400","3","","","","","","","","",""
"Reviver","71","","","doug","ReviverWeapon","ReviverUlti","","","","","800","5200","","","","","","","","","","","","","","","","","12","","","","","70","100","50","","","5","20","5","Hero","","","","ReviverDefault","MasteryReviver","TrophyRewardsReviver","","","","","","","","","","","","takedamage_gen","","death_shotgun_girl","","true","gen_move_fx","doug_reload","no_ammo_shotgungirl","doug_dryfire","","","","","","","","","","","","","","","","","","","Doug_Kill_VO","Doug_Lead_VO","Doug_Start_VO","Doug_Ulti_VO","Doug_Hurt_VO","Doug_Die_VO","","Doug_Start_VO","1","50","","80","80","","","35","110","230","252","90","230","230","230","","","","","-200","","","","145","Medium","-59","","","","450","","","TID_REVIVER","support","","sc/hero_portraits.sc","hero_icon_doug","mastery_brawler_icon_doug","400","footstep","25","300","130","","","1","2","3","","","","","","","","","","","","120","TaraTutorial","","","","","","","","","2","2","5","","","","IS_REVIVER","","","550","2","","200","","","","","","",""
"Cooker","72","","","pearl","CookerWeapon","CookerUlti","","","","","750","4300","","","","","","","","","","","","","","","","","12","","","","","93","100","40","","","5","20","5","Hero","","","","CookerDefault","MasteryCooker","TrophyRewardsCooker","","","","","","","","","","","","takedamage_gen","","death_arcade","","true","gen_move_fx","pearl_reload","no_ammo_shotgungirl","pearl_dryfire","","","","","cooker_def_smoke","CHARGE_UP_READY","","","","","","","","","","","","","Pearl_Kill_VO","Pearl_Lead_VO","Pearl_Start_VO","","Pearl_Hurt_VO","Pearl_Die_VO","Pearl_Atk_VO","Pearl_Start_VO","2","50","","80","80","","","35","90","220","230","70","200","200","200","","","-80","","200","100","","80","145","Medium","-50","","","","450","","","TID_COOKER","damage_dealer","","sc/hero_portraits.sc","hero_icon_pearl","mastery_brawler_icon_pearl","","footstep","30","400","130","","","1","3","2","","","","","","","","","","","","","","","","","","","","","","4","3","2","","","","IS_COOKER","9000","75","","","","","","","","","","head_s",""
"Conductor","73","","","chuck","ConductorWeapon","ConductorUltiSpawn","","","","","800","4400","ConductorStartWithFullUlti","Brawler_Conductor","","","","","","","","","","","","","","","12","","","4","","180","100","30","","","5","20","5","Hero","","","","ConductorDefault","MasteryConductor","TrophyRewardsConductor","","","","","","","","","","","","takedamage_gen","","death_luchador","","true","gen_move_fx","fang_reload","no_ammo_shotgungirl","fang_dryfire","","","fang_hit_melee","","","","","","","","","","","","","","","","Chuck_Kill_VO","Chuck_Lead_VO","Chuck_Start_VO","Chuck_Ulti_VO","Chuck_Hurt_VO","Chuck_Die_VO","","Chuck_Start_VO","2","50","","80","80","","","35","116","200","285","95","170","260","270","","","","","-100","-400","-20","-20","145","Medium","-56","","","","400","","","TID_CONDUCTOR","controller","","sc/hero_portraits.sc","hero_icon_chuck","mastery_brawler_icon_chuck","","","40","250","130","","","1","3","2","","","","","","","","","","","","","","","","","","","","","","4","3","2","","","","IS_CONDUCTOR","","","550","3","","","","","","ConductorBuddy","300","","WHEELCHAIR_main_s;stinger_02_s;stinger_04_s;R_claw_01_s;L_claw_01_s"
"Cocooner","74","","","charlie","CocoonerWeapon","CocoonerUlti","","CocoonerPet","","","750","3700","","","","","","","","","","","","","","","","","12","","","","","84","100","60","","","5","20","5","Hero","","","","CocoonerDefault","MasteryCocooner","TrophyRewardsCocooner","","","","","","","","","","","","takedamage_gen","","death_shotgun_girl","","true","gen_move_fx","charlie_reload","no_ammo_shotgungirl","charlie_dryfire","","","","","","","","","","","","","","","","","","","Charlotte_Kill_VO","Charlotte_Lead_VO","Charlotte_Start_VO","Charlotte_Ulti_VO","Charlotte_Hurt_VO","Charlotte_Die_VO","","Charlotte_Start_VO","2","30","","80","80","","","35","100","230","240","90","230","230","230","","","","","50","-150","-25","40","120","Medium","-48","","","","450","","","TID_COCOONER","controller","","sc/hero_portraits.sc","hero_icon_charlie","mastery_brawler_icon_charlotte","1000","footstep","25","250","200","","","1","3","2","","","","","","","","","","","","","ShellyTutorial","","","","","","","","","4","2","3","","","","IS_COCOONER","","","550","6","","","","","","","","","hair_10_s;R_UP_leg_02_s;L_UP_leg_02_s;L_DOWN_leg_02_s;R_DOWN_leg_02_s"
"Leaper","75","","","mico","LeaperWeapon","LeaperUlti","","","","","855","3500","","","","","","","","","","","","","","","","","12","","","","","76","50","50","","","5","20","5","Hero","","","","LeaperDefault","MasteryLeaper","TrophyRewardsLeaper","","","","","","","","","","","","takedamage_gen","","death_undertaker","","true","gen_move_fx","mico_reload","no_ammo_shotgungirl","mico_dryfire","","","mico_def_atk_hit","","","","","","","","","","","","","","","","Mico_Kill_VO","Mico_Lead_VO","Mico_Start_VO","Mico_Ulti_VO","Mico_Hurt_VO","Mico_Die_VO","","Mico_Start_VO","1","50","","80","80","","","35","130","200","285","95","170","260","260","","","","","-25","100","","20","120","Medium","-59","","","","350","","","TID_LEAPER","assassin","","sc/hero_portraits.sc","hero_icon_mico","mastery_brawler_icon_miko","","footstep","25","350","165","","","1","2","3","","","","","","","","","","","","","MortisTutorial","","","","","","","","","2","3","4","","","","IS_LEAPER","1000","","600","5","","250","","","","","150","",""
"Attacher","76","","","kit","AttacherWeapon","AttacherUlti","","","","","855","3100","","","","","","","","","","","","","","","","","12","","","","","80","100","30","","","5","20","5","Hero","","","","AttacherDefault","MasteryAttacher","TrophyRewardsAttacher","","","","","","","","AttacherUltiDot","","","","takedamage_gen","","death_shaman","","true","gen_move_fx","","no_ammo_shotgungirl","dry_fire_barkeep","","","kit_def_atk_hit","","","","","","","","","","","","","","","","Kit_Kill_VO","Kit_Lead_VO","Kit_Start_VO","Kit_Ulti_VO","Kit_Hurt_VO","Kit_Die_VO","Kit_Atk_VO","Kit_Start_VO","","35","","80","80","","","35","116","190","270","80","150","265","272","","","","","280","100","","","120","Medium","-46","","","","100","","","TID_ATTACHER","support","","sc/hero_portraits.sc","hero_icon_kit","mastery_brawler_icon_kit","1000","footstep","25","250","160","","","3","1","2","","","","","","","","","","200","","","NitaTutorial","","","","","","","","","3","4","2","","","","IS_ATTACHER","","","","","","","","","","","","",""
"Twins","77","","","twins","TwinsWeaponThrower","TwinsUlti","TwinsHyperUlti","TwinsPet","","","800","3000","","","","","","","","","","","","","","","","","20","","","","","72","100","39","","","5","20","5","Hero","","","","TwinsDefault","MasteryTwins","TrophyRewardsTwins","","","","","","","","","","","","takedamage_gen","","death_undertaker","","true","gen_move_fx","robotwin_reload","no_ammo_shotgungirl","robotwin_dryfire","","","","","","","","","","","","","","","","","","","Robotwin_Kill_VO","Robotwin_Lead_VO","Robotwin_Start_VO","Robotwin_Ulti_VO","Robotwin_Hurt_VO","Robotwin_Die_VO","","Robotwin_Start_VO","1","50","","80","80","","","35","116","200","285","95","170","260","260","true","true","500","","","","","20","120","Medium","-59","","","","350","","","TID_TWINS","artillery","","sc/hero_portraits.sc","hero_icon_twins","mastery_brawler_icon_twins","","footstep","25","350","165","","","1","2","3","","","","","","","","","","","","","MortisTutorial","","","","","","","","","2","3","4","","","","IS_TWIN","","","450","","","","","","","","140","",""
"AxeJuggler","78","","","melody","AxeJugglerWeapon","AxeJugglerUlti","","","","","750","4000","","","","","","","","","","","","","","","","","12","","","3","","180","100","25","","","5","20","5","Hero","","","","AxeJugglerDefault","MasteryAxeJuggler","TrophyRewardsAxeJuggler","","","","","","","","","","","","takedamage_gen","","death_shotgun_girl","","true","gen_move_fx","melodie_reload","no_ammo_shotgungirl","melodie_dryfire","","","","","","","","","","","","","","","","","","","Melodie_Kill_VO","Melodie_Lead_VO","Melodie_Start_VO","Melodie_Ulti_VO","Melodie_Hurt_VO","Melodie_Die_VO","","Melodie_Start_VO","7","30","","80","80","","","35","107","200","270","90","175","245","230","","","","","-120","-200","-25","40","120","Medium","-44","","","","450","","","TID_AXE_JUGGLER","assassin","","sc/hero_portraits.sc","hero_icon_melody","mastery_brawler_icon_melodie","1000","footstep","25","250","200","","","1","3","2","","","","","","","","","","","","","ShellyTutorial","","","","","","","","","5","2","2","","","","","","","","5","","","","","","","150","","head_s"
"InsectMan","79","","","angelo","InsectManWeapon","InsectManUlti","","","","","855","3100","","","","","","","","","","","","","","","","","12","","","","","70","100","35","","","5","20","5","Hero","","","","InsectManDefault","MasteryInsectMan","TrophyRewardsInsectMan","","","","","","","","","","","","takedamage_gen","","death_sniper","","true","gen_move_fx","angelo_reload","no_ammo_shotgungirl","angelo_dryfire","","","","","","","","","","","","","","","","","","","Angelo_Kill_VO","Angelo_Lead_VO","Angelo_Start_VO","Angelo_Ulti_VO","Angelo_Hurt_VO","Angelo_Die_VO","","Angelo_Start_VO","","45","","80","80","","","35","116","200","285","90","190","260","270","","","","","-100","-180","","","120","Medium","-46","","","","450","","","TID_INSECTMAN","marksman","","sc/hero_portraits.sc","hero_icon_angelo","mastery_brawler_icon_angelo","100","","25","400","160","","","2","3","1","true","","","","","","","","","","","","PiperTutorial","","","","","","","","","4","2","2","","","","IS_INSECTMAN","10","100","","","","","","","","","","",""
"DragonRider","80","","","draco","DragonRiderWeapon","DragonRiderUlti","","","","","750","5600","","DragonRider_MountUp","","","","","","","","","","","","","","","12","","","","","100","80","25","","","5","20","5","Hero","","","","DragonRiderDefault","MasteryDragonRider","TrophyRewardsDragonRider","","","","","","","","","","","","takedamage_gen","","death_artillery_dude","","true","gen_move_fx","draco_reload","no_ammo_shotgungirl","draco_dryfire","","","","","","","","","","","","","","","","","","","Draco_Kill_VO","Draco_Lead_VO","Draco_Start_VO","Draco_Ulti_VO","Draco_Hurt_VO","Draco_Die_VO","Draco_Atk_VO","Draco_Start_VO","4","35","","80","80","","","35","120","200","260","95","170","250","250","","","","600","-150","","","","120","Medium","-45","","","","400","","","TID_DRAGON_RIDER","tank","","sc/hero_portraits.sc","hero_icon_draco","mastery_brawler_icon_draco","500","footstep","20","200","160","","","3","2","1","","","","","","","","","","","240","","PennyTutorial","","","","","","","","","5","3","1","","","","DRAGON_RIDER","","","850","","","","","","","","125","","head_s_transform"
"Ambusher","81","","","lily","AmbusherWeapon","AmbusherUlti","","","","","855","4200","","","","","","","","","","","","","","","","","12","","","","","100","100","35","","","5","20","5","Hero","","","","AmbusherDefault","MasteryAmbusher","TrophyRewardsAmbusher","","","","","","","","","AmbusherSuperChargeArea","","","takedamage_gen","","death_rosa","","true","gen_move_fx","reload_rosa","no_ammo_shotgungirl","dry_fire_barkeep","","","","","","","","","","","","","","","","","","","","","","","","","","","2","50","","80","80","","","35","105","200","280","90","210","260","280","","","","","100","150","","50","120","Medium","-55","","","","400","","","TID_AMBUSHER","assassin","","sc/hero_portraits.sc","hero_icon_lily","mastery_brawler_icon_lili","","","","400","130","","","3","2","1","","","","","","","","","","","","","","","","","","","","","","3","2","4","","","","","","","400","3","","","","","","","","","flower_04_s"
"Painter","82","","","berry","PainterWeapon","PainterUlti","","","","","750","2600","","","","","","","","","","","","","","","","","12","","","","","75","60","40","","","5","20","5","Hero","","","","PainterDefault","MasteryPainter","TrophyRewardsPainter","","","","","","","","","","","","takedamage_gen","","death_barkeep","","true","gen_move_fx","berry_reload","no_ammo_shotgungirl","berry_dryfire","","","carl_def_ulti_hit","","","","","","","","","","","","","","","","Berry_Kill_VO","Berry_Lead_VO","Berry_Start_VO","Berry_Ulti_VO","Berry_Hurt_VO","Berry_Die_VO","","Berry_Start_VO","","","","80","80","","","35","100","175","220","80","150","205","220","","","","","","-200","-30","","120","Medium","-45","","","","350","","","TID_PAINTER","support","","sc/hero_portraits.sc","hero_icon_berry","mastery_brawler_icon_berry","","footstep","25","300","100","true","true","2","3","1","","","","","","","","","","","","100","","","","","","","","","","2","3","3","","","","PAINTER","","","450","2","","","","","","","","",""
"Crab","83","","","clancy","CrabWeapon1","CrabUlti1","","","","","750","3800","","","","","","","","","","","","","","","","","12","","","","","64","65","30","","","5","20","5","Hero","","","","CrabDefault","MasteryCrab","TrophyRewardsCrab","","","","","","","","","","","","takedamage_gen","","death_artillery_dude","","true","gen_move_fx","surge_reload","no_ammo_shotgungirl","surge_dryfire","","","","","","","","","","","","","","","","","","","Clancy_Kill_VO","Clancy_Lead_VO","Clancy_Start_VO","Clancy_Ulti_VO","Clancy_Hurt_VO","Clancy_Die_VO","Clancy_Atk_VO","Clancy_Start_VO","4","35","","80","80","","","35","58","128","125","60","115","140","120","","","","600","","500","","","120","Medium","-45","","","","400","","","TID_CRAB","damage_dealer","","sc/hero_portraits.sc","hero_icon_clancy","mastery_brawler_icon_clancy","500","footstep","20","200","160","","","3","2","1","","","","","","","","","","","","","","","","","","","","2","13","4","2","2","","","","","5","24","","1","","","","","","","65","",""
"Digger","84","","","digger","DiggerWeapon","DiggerUlti","","DiggerDrill","","","800","3600","","","","","","","","","","","","","","","","","12","","","","","80","100","30","","","5","20","5","Hero","","","","DiggerDefault","MasteryDigger","TrophyRewardsDigger","","","","","","","","","","","","takedamage_gen","","death_ninja","","true","gen_move_fx","reload_leon","no_ammo_shotgungirl","dry_fire_leon","","","","","","","","","","","","","","","","","","","Moe_Kill_VO","Moe_Lead_VO","Moe_Start_VO","Moe_Ulti_VO","Moe_Hurt_VO","Moe_Die_VO","Moe_Atk_VO","Moe_Kill_VO","3","35","","80","80","","","35","80","200","200","90","180","200","200","","","","","700","50","-50","","120","Medium","-52","","","","","","","TID_DIGGER","damage_dealer","","sc/hero_portraits.sc","hero_icon_digger","mastery_brawler_icon_digger","300","footstep","25","500","100","","","2","3","1","","","","","","","","","","","","","CrowTutorial","","","","","","","","","5","2","2","","","","","","","550","","","","","","","","","","drill_s"
"Samurai","85","","","samurai","SamuraiWeaponDash","SamuraiUlti","","","","","855","4000","SamuraiLifeSteal","","","","","","","","","","","","","","","","12","","","","","115","65","25","","","5","20","5","Hero","","","","SamuraiDefault","MasterySamurai","TrophyRewardsSamurai","","","","","","","","","","","","takedamage_gen","","death_undertaker","","true","gen_move_fx","kenji_reload","no_ammo_shotgungirl","kenji_dryfire","","","dummy_effect","","","","","","","","","","","","","","","","Kenji_Kill_VO","Kenji_Lead_VO","Kenji_Start_VO","Kenji_Ulti_VO","Kenji_Hurt_VO","Kenji_Die_VO","Kenji_Atk_VO","Kenji_Start_VO","1","50","","80","80","","","35","130","200","285","95","170","260","260","","","","","-100","-100","","20","120","Medium","-59","","","","350","","","TID_SAMURAI","assassin","","sc/hero_portraits.sc","hero_icon_samurai","mastery_brawler_icon_samurai","","footstep","25","350","165","","","1","2","3","","","","","","","","","","","","","","","","","","","","","","5","1","2","","","","SAMURAI","","","","","","","","","","","140","","robot_head_s"
"Ghost","86","","","shade","GhostWeapon","GhostUlti","","","","","855","3700","GhostDeadCenterBoost","","","","","","","","","","","","","","","","12","","","","","100","100","34","","","5","20","5","Hero","","","","GhostDefault","MasteryGhost","TrophyRewardsGhost","","","","","","","","","GhostSuperChargeArea","","","takedamage_gen","","death_undertaker","","true","gen_move_fx","kenji_reload","no_ammo_shotgungirl","kenji_dryfire","","","dummy_effect","","","","","","","","","","","","","","","","Shade_Kill_VO","Shade_Lead_VO","Shade_Start_VO","Shade_Ulti_VO","Shade_Hurt_VO","Shade_Die_VO","Shade_Atk_VO","Shade_Start_VO","1","50","","80","80","","","35","100","160","265","95","160","220","235","","","","","-120","","","20","120","Medium","-59","","","","350","","","TID_GHOST","assassin","","sc/hero_portraits.sc","hero_icon_shade","mastery_brawler_icon_shade","","","25","350","165","","","1","2","3","true","","","","","","","","","","","","","","","","","","","","","5","1","3","","","","GHOST","","","350","3","","125","","shade_def_oc_trail","","GhostBuddy","","","R_shoulder_s;L_shoulder_s"
"Voodoo","87","","","juju","VoodooWeaponEarth","VoodooUlti","","","","","750","3100","","","","","","","","","","","","","","","","","12","","","","","65","30","40","","","5","20","5","Hero","","","","VoodooDefault","MasteryVoodoo","TrophyRewardsVoodoo","","","","","","","","","","","","takedamage_gen","","death_artillery_dude","","true","gen_move_fx","juju_reload","no_ammo_shotgungirl","juju_dryfire","","","","","","","","","","","","","","","","","","","Juju_Kill_VO","Juju_Lead_VO","Juju_Start_VO","Juju_Ulti_VO","Juju_Hurt_VO","Juju_Die_VO","","Juju_Start_VO","4","35","","80","80","","","35","115","160","280","80","150","250","265","","","","600","250","-100","","10","120","Medium","-45","","","","400","","","TID_VOODOO","artillery","","sc/hero_portraits.sc","hero_icon_juju","mastery_brawler_icon_juju","500","footstep","20","200","160","","","3","2","1","true","water_footstep","","","","","","","","","","","","","","","","","","","","4","2","4","","","","VOODOO","","","450","","","150","","","","","130","",""
"Lightyear","88","","true","lightyear","LightyearWeapon","LightyearUlti","","","","","720","3000","","","","","","","","","","","","","","","","","12","","","","","69","80","45","","","5","20","5","Her0","","","","","MasteryLightyear","","","","","","","","","","","","","takedamage_gen","","death_rocket_girl","","true","gen_move_fx","buzz_lightyear_reload","no_ammo_shotgungirl","brock_dryfire","","","","","","","","","","","","","","","","","","","Buzz_Lightyear_Kill_VO","Buzz_Lightyear_Lead_VO","Buzz_Lightyear_Start_VO","Buzz_Lightyear_Ulti_VO","Buzz_Lightyear_Hurt_VO","Buzz_Lightyear_Die_VO","","Buzz_Lightyear_Start_VO","3","35","","80","80","","","35","105","200","235","90","180","220","230","","","","","-100","-400","-50","","120","Medium","-52","","","","500","","","TID_LIGHTYEAR","damage_dealer","","sc/hero_portraits.sc","hero_icon_lightyear","mastery_brawler_icon_buzzlightyear","300","footstep","25","500","100","","","2","3","1","","","","","","","","","","","","","BrockTutorial","","","","","","","","","5","2","2","","","","LIGHTYEAR_LASER","","","","","","","","","","","","",""
"Meeple","89","","","meeple","MeepleWeapon","MeepleUlti","","","","","750","3300","","","","","","","","","","","","","","","","","12","","","","","70","90","40","","","5","20","5","Hero","","","","MeepleDefault","MasteryMeeple","TrophyRewardsMeeple","","","","","","","","","","","","takedamage_gen","","death_sniper","","true","gen_move_fx","reload_sniper","no_ammo_shotgungirl","minig_dryfire","","","","","","","","","","","","","","","","","","","Meeple_Kill_VO","Meeple_Lead_VO","Meeple_Start_VO","Meeple_Ulti_VO","Meeple_Hurt_VO","Meeple_Dies_VO","","Meeple_Start_VO","","45","","80","80","","","35","110","200","290","90","190","240","215","","","","","300","-180","","","120","Medium","-46","","","","450","","","TID_MEEPLE","controller","","sc/hero_portraits.sc","hero_icon_meeple","mastery_brawler_icon_meeple","100","footstep","25","400","160","","","2","3","1","","","","","","","","","","","","","PiperTutorial","","","","","","","","","3","3","4","","","","IS_MEEPLE","","","600","5","","250","","","","","130","",""
"Skater","90","","","ollie","SkaterWeapon","SkaterUlti","SkaterOverchargedUlti","","","","800","5400","","","","","","","","","","","","","","","","","12","","","","","75","100","25","","","5","20","5","Hero","","","","SkaterDefault","MasterySkater","TrophyRewardsSkater","","","","","","","","","","","","takedamage_gen","","death_shotgun_girl","","true","gen_move_fx","melodie_reload","no_ammo_shotgungirl","melodie_dryfire","","","","","","","","","","","","","","","","","","","Ollie_Kill_VO","Ollie_Lead_VO","Ollie_Start_VO","Ollie_Ulti_VO","Ollie_Hurt_VO","Ollie_Die_VO","","Ollie_Start_VO","7","30","","80","80","","","35","125","200","290","90","175","260","270","","","","","150","-100","-25","40","120","Medium","-50","","","","450","","","TID_SKATER","tank","","sc/hero_portraits.sc","hero_icon_ollie","mastery_brawler_icon_ollie","1000","","25","250","200","","","1","3","2","","","","","","","","","","","240","","ShellyTutorial","","","","","","","","","2","4","4","","","","SKATER","","","","","","","","","","","","",""
"Morningstar","91","","","lumi","MorningstarWeapon","MorningstarUlti","","","","","750","3500","","","","","","","","","","","","","","","","","12","","","","","69","80","40","","","5","20","5","Hero","","","","MorningstarDefault","MasteryMorningstar","TrophyRewardsMorningstar","","","","","","","","","","","","takedamage_gen","","death_rocket_girl","","true","gen_move_fx","lumi_reload","","lumi_dryfire","","","","","","","","","","","","","","","","","","","Lumi_Kill_VO","Lumi_Lead_VO","Lumi_Start_VO","Lumi_Ulti_VO","Lumi_Hurt_VO","Lumi_Die_VO","","Lumi_Start_VO","3","35","","80","80","","","35","120","200","285","90","200","255","250","","","","","100","","-50","","120","Medium","-52","","","","500","","","TID_MORNINGSTAR","damage_dealer","","sc/hero_portraits.sc","hero_icon_lumi","mastery_brawler_icon_lumi","300","footstep","25","500","100","","","2","3","1","","","","","","","","","","","","","BrockTutorial","","","","","","","","","5","2","2","","","","IS_MORNINGSTAR","","","400","2","5","","","","","","","",""
"Chronomancer","92","","","finx","ChronomancerWeapon","ChronomancerUlti","","","","","800","3700","","","","","","","","","","","","","","","","","12","","","","","50","100","30","","","5","20","5","Hero","","","","ChronomancerDefault","MasteryChronomancer","TrophyRewardsChronomancer","","","","","","","","","","","","takedamage_gen","","death_rocket_girl","","true","gen_move_fx","finx_reload","no_ammo_shotgungirl","finx_dryfire","","","","","","","","","","","","","","","","","","","Finx_Kill_VO","Finx_Lead_VO","Finx_Start_VO","Finx_Ulti_VO","Finx_Hurt_VO","Finx_Die_VO","","Finx_Start_VO","4","35","","80","80","","","35","105","200","250","90","180","220","230","","","","","150","","-50","","120","Medium","-52","","","","500","","","TID_CHRONOMANCER","controller","","sc/hero_portraits.sc","hero_icon_finx","mastery_brawler_icon_finx","300","footstep","25","500","100","","","2","3","1","","","","","","","","","","","","","BrockTutorial","","","","","","","","","3","2","5","","","","IS_CHRONOMANCER","","","","4","","300","","","","","125","",""
"Alternator","93","","","jae","AlternatorWeaponSpeed","AlternatorUltiHeal","","","","","800","3700","","","","","","","","","","","","","","","","","12","","","","","1","1","3000","","","5","20","5","Hero","","","","AlternatorDefault","MasteryAlternator","TrophyRewardsAlternator","","","","","","","","","","","","takedamage_gen","","death_rocket_girl","","true","gen_move_fx","finx_reload","no_ammo_shotgungirl","finx_dryfire","","","","","","","","","","","","","","","","","","","Jae_Kill_VO","Jae_Lead_VO","Jae_Start_VO","","Jae_Hurt_VO","Jae_Die_VO","","Jae_Start_VO","4","35","","80","80","","","35","135","320","350","90","180","320","290","","","","","150","400","-50","","145","Medium","-40","","","","500","","","TID_ALTERNATOR","support","","sc/hero_portraits.sc","hero_icon_jae","mastery_brawler_icon_jae","300","footstep","25","500","100","","","2","3","1","","","","","","","","","","600","","","BrockTutorial","","","","","","","","","2","4","4","","","","IS_ALTERNATOR","","","550","","","200","","","","","140","",""
"Geisha","94","","","kaze","GeishaWeapon","GeishaUlti","","GeishaTransformed","","","855","4100","","","","","","","","","","","","","","","","","12","","","","","115","65","30","","","5","20","5","Hero","","","","GeishaDefault","MasteryGeisha","TrophyRewardsGeisha","","","","","","","","","","","","takedamage_gen","","death_undertaker","","true","gen_move_fx","kenji_reload","no_ammo_shotgungirl","kenji_dryfire","","","dummy_effect","","","","","","","","","","","","","","","","Kotomi_Kill_VO","Kotomi_Lead_VO","Kotomi_Start_VO","Kotomi_Ulti_VO","Kotomi_Hurt_VO","Kotomi_Die_VO","","Kotomi_Start_VO","1","50","","80","80","","","35","120","200","285","95","170","260","275","true","true","","","100","-100","","20","120","Medium","-50","","","","350","","","TID_GEISHA","assassin","","sc/hero_portraits.sc","hero_icon_kaze","mastery_brawler_icon_kaze","","footstep","25","350","165","","","1","2","3","","","","","","","","","","","","","","","","","","","","","","5","1","2","","","","IS_GEISHA","","","600","5","","","true","","","","140","",""
"Stalker","95","","","alli","StalkerWeaponDash","StalkerUlti","","","","","800","3900","","Stalker_Hunt;Brawler_Stalker","","","","","","","","","","","","","","","12","","","","","100","100","25","","","5","20","5","Hero","","","","StalkerDefault","MasteryStalker","TrophyRewardsStalker","","","","","","","","","","","","takedamage_gen","","death_rocket_girl","","true","gen_move_fx","alli_reload","no_ammo_shotgungirl","alli_dryfire","","","","","","","","","","","","","","","","","","","Alli_Kill_VO","Alli_Lead_VO","Alli_Start_VO","Alli_Ulti_VO","Alli_Hurt_VO","Alli_Die_VO","","Alli_Start_VO","4","35","","80","80","","","35","100","250","280","80","150","235","250","","","","","500","100","-50","","120","Medium","-52","","","","500","","","TID_STALKER","assassin","","sc/hero_portraits.sc","hero_icon_alli","mastery_brawler_icon_alli","300","footstep","25","500","100","","","2","3","1","true","water_footstep","","","","","","","","","","","BrockTutorial","","","","","","","","","5","2","2","","","","IS_STALKER","","","","5","","150","","shade_def_oc_trail","","","150","","ponytail_3_s;ponytail_2_s"
"Domain","96","","","trunk","DomainWeapon","DomainUlti","DomainOverchargedUlti","","","","800","5200","","","","","","","","","","","","","","","","","12","","","","","70","100","35","","","5","20","5","Hero","","","","DomainDefault","MasteryDomain","TrophyRewardsDomain","","","","","","","","","","","","takedamage_gen","","death_shotgun_girl","","true","gen_move_fx","trunk_reload","no_ammo_shotgungirl","trunk_dryfire","","","","","","","","","","","","","","","","","","","Trunk_Kill_VO","Trunk_Lead_VO","Trunk_Start_VO","Trunk_Ulti_VO","Trunk_Hurt_VO","Trunk_Die_VO","","Trunk_Start_VO","1","50","","80","80","","","35","135","300","375","100","290","330","295","","","","","-100","500","","","145","Medium","-40","","","","450","","","TID_DOMAIN","tank","","sc/hero_portraits.sc","hero_icon_trunk","mastery_brawler_icon_trunk","400","footstep","25","300","130","","","1","2","3","","","","","","","","","","","240","","TaraTutorial","","","","","","","","","2","2","5","","","","IS_DOMAIN","","","650","3","","","","","","","140","","trunk_s"
"Dancer","97","","","dancer","DancerWeaponSingle","DancerUlti","DancerOverchargedUlti","","","","800","3600","","Brawler_Dancer","","","","","","","","","","","","","","","12","","","","","72","100","30","","","5","20","5","Hero","","","","DancerDefault","MasteryDancer","TrophyRewardsDancer","","","","","","","","","","","","takedamage_gen","","death_rocket_girl","","true","gen_move_fx","mina_reload","no_ammo_shotgungirl","mina_dryfire","","","","","","","","","","","","","","","","","","","Mina_Kill_VO","Mina_Lead_VO","Mina_Start_VO","Mina_Ulti_VO","Mina_Hurt_VO","Mina_Die_VO","","Mina_Start_VO","4","35","","80","80","","","35","130","280","300","80","160","290","320","","","","","-680","750","-50","","120","Medium","-56","","","","500","","","TID_DANCER","damage_dealer","","sc/hero_portraits.sc","hero_icon_mina","mastery_brawler_icon_mina","300","footstep","25","500","100","","","2","3","1","","","","","","","","","","","","","BrockTutorial","","","","","","","","","5","2","1","","","","IS_DANCER","","","400","4","","","","","","","150","","R_ankle_s;L_ankle_s;R_toes_s;L_toes_s"
"Fury","98","","","fury","FuryWeapon","FuryUlti","","","","","800","3200","","","","","","","","","","","","","","","","","12","","","","","85","60","35","","","5","20","5","Hero","","","","FuryDefault","MasteryFury","TrophyRewardsFury","","","","","","","","","","","","takedamage_gen","","death_rocket_girl","","true","gen_move_fx","ziggy_reload","no_ammo_shotgungirl","ziggy_dryfire","","","","","","","","","","","","","","","","","","","Ziggy_Kill_VO","Ziggy_Lead_VO","Ziggy_Start_VO","Ziggy_Ulti_VO","Ziggy_Hurt_VO","Ziggy_Die_VO","Ziggy_Atk_VO","Ziggy_Start_VO","4","35","","80","80","","","35","100","250","280","80","150","235","260","","","","","-200","-100","-50","","120","Medium","-52","","","","500","","","TID_FURY","controller","","sc/hero_portraits.sc","hero_icon_ziggy","mastery_brawler_icon_ziggy","300","footstep","25","500","100","","","2","3","1","","","","","","","","","","","","","BrockTutorial","","","","","","","","","5","2","2","","","","IS_FURY","","","","","","","","","","","120","",""
"Bulletstorm","99","","","pierce","BulletstormWeapon","BulletstormUlti","","","","","750","3000","","Brawler_Bulletstorm","","","","","","","","","","","","","","","12","","","","","65","100","40","","","5","20","5","Hero","","","","BulletstormDefault","MasteryBulletstorm","TrophyRewardsBulletstorm","","","","","","","","","","","","takedamage_gen","","death_shaman","","true","gen_move_fx","pierce_reload","no_ammo_shotgungirl","pierce_dryfire","","","","","","","","","","","","","","","","","","","Pierce_Kill_VO","Pierce_Lead_VO","Pierce_Start_VO","Pierce_Ulti_VO","Pierce_Hurt_VO","Pierce_Die_VO","","Pierce_Start_VO","2","35","","80","80","","","35","85","190","250","80","150","230","230","","","","","-20","480","","","120","Medium","-46","","","","100","","","TID_BULLETSTORM","marksman","","sc/hero_portraits.sc","hero_icon_pierce","mastery_brawler_icon_pierce","1000","footstep","25","250","100","","","3","1","2","","","","","","","","","","","","","NitaTutorial","","","","","","","","","5","1","3","","","","IS_BULLETSTORM","","","500","3","","50","","","","","90","",""
"Daredevil","100","","","gigi","DaredevilWeapon","DaredevilUlti","","","","","855","4100","","Brawler_Daredevil","","","","","","","","","","","","","","","12","","","","","75","134","35","","","5","20","5","Hero","","","","DaredevilDefault","MasteryDaredevil","TrophyRewardsDaredevil","","","","","","","","","DaredevilSuperChargeArea","","","takedamage_gen","","death_undertaker","","true","gen_move_fx","gigi_reload","no_ammo_shotgungirl","gigi_dryfire","","","dummy_effect","","","","","","","","","","","","","","","","Gigi_Kill_VO","Gigi_Lead_VO","Gigi_Start_VO","Gigi_Ulti_VO","Gigi_Hurt_VO","Gigi_Die_VO","","Gigi_Start_VO","1","50","","80","80","","","35","100","200","230","95","170","200","250","","","","","200","50","","20","120","Medium","-65","","","","350","","","TID_DAREDEVIL","assassin","","sc/hero_portraits.sc","hero_icon_gigi","mastery_brawler_icon_gigi","","footstep","25","350","165","","","1","2","3","","","","","","","","","","","","","MortisTutorial","","","","","","","","","2","3","4","","","","IS_DAREDEVIL","90","6","","3","","150","","","","","125","","C_elbow_s;C_crow_offset_s"
"Mender","101","","","mender","MenderWeapon","MenderUlti","","","","","800","3900","","Brawler_Mender","","","","","","","","","","","","","","","20","","","","","50","100","40","","","5","20","5","Hero","","","","MenderDefault","MasteryMender","TrophyRewardsMender","","","","","","","","","","","","takedamage_gen","","death_arcade","","true","gen_move_fx","glowbert_reload","no_ammo_shotgungirl","glowbert_dryfire","","","","","","","","","","","","","","","","","","","Glowbert_Kill_VO","Glowbert_Lead_VO","Glowbert_Start_VO","Glowbert_Ulti_VO","Glowbert_Hurt_VO","Glowbert_Die_VO","","Glowbert_Start_VO","1","40","","80","80","","","35","100","200","260","95","170","225","215","true","","","","-50","340","","","120","Medium","-53","","","","450","","","TID_MENDER","support","","sc/hero_portraits.sc","hero_icon_glowbert","mastery_brawler_icon_glowbert","400","footstep","30","400","130","","","1","3","2","","","","","","","","","","","","100","PamTutorial","","","","","","","","","2","3","4","","","","IS_MENDER","","","400","","","","","","","","","","suit_tube_4_s"
"Shadowdemon","102","","","shadowdemon","ShadowdemonWeapon","ShadowdemonUltiCommand","","","","","750","3400","","Brawler_Shadowdemon","","","","","","","","","","","","","","","20","","","","","167","100","14","","","5","20","5","Hero","","","","ShadowdemonDefault","MasteryShadowdemon","TrophyRewardsShadowdemon","","","","","","","","","","","","takedamage_gen","","death_undertaker","","true","gen_move_fx","sirius_reload","no_ammo_shotgungirl","sirius_dryfire","","","","","","","","","","","","","","","","","","","Sirius_Kill_VO","Sirius_Lead_VO","Sirius_Start_VO","Sirius_Ulti_VO","Sirius_Hurt_VO","Sirius_Die_VO","","Sirius_Start_VO","1","50","","80","80","","","35","116","200","285","95","170","260","260","","","","","","","","20","120","Medium","-52","","","","450","","","TID_SHADOWDEMON","controller","","sc/hero_portraits.sc","hero_icon_sirius","mastery_brawler_icon_sirius","","footstep","25","350","165","","","1","2","3","","","","","","","","","","3000","","","MortisTutorial","","","","","","","","","2","3","4","","","","IS_SHADOWDEMON","","","","3","6","","","","","","","",""
"Redirecter","103","","","redirecter","RedirecterWeapon","RedirecterUlti","","","","","800","3400","","Brawler_Redirecter","","","","","","","","","","","","","","","20","","","","","85","50","35","","","5","20","5","Hero","","","","RedirecterDefault","MasteryRedirecter","TrophyRewardsRedirecter","","","","","","","","","","","","takedamage_gen","","death_arcade","","true","gen_move_fx","najia_reload","no_ammo_shotgungirl","najia_dryfire","","","","","","","","","","","","","","","","","","","Najia_Kill_VO","Najia_Lead_VO","Najia_Start_VO","Najia_Ulti_VO","Najia_Hurt_VO","Najia_Die_VO","","Najia_Start_VO","1","40","","80","80","","","35","107","200","260","95","170","225","300","","","","","-50","-700","","","120","Medium","-53","","","","400","","","TID_REDIRECTER","damage_dealer","","sc/hero_portraits.sc","hero_icon_najia","mastery_brawler_icon_najia","400","footstep","30","400","130","","","1","3","2","","","","","","","","","","","","","PamTutorial","","","","","","","","","3","3","3","","","","IS_REDIRECTER","","","","","","","","","","","125","",""
"Gladiator","104","","","gladiator","GladiatorWeapon","GladiatorUltiArena","","","","","800","5600","","Brawler_Gladiator","","","","","","","","","","","","","","","20","","","","","60","100","35","","","5","20","5","Hero","","","","GladiatorDefault","MasteryGladiator","TrophyRewardsGladiator","","","","","","","","","","","","takedamage_gen","","death_arcade","","true","gen_move_fx","najia_reload","no_ammo_shotgungirl","najia_dryfire","","","","","","","","","","","","","","","","","","","Damien_Kill_VO","Damien_Lead_VO","Damien_Start_VO","Damien_Ulti_VO","Damien_Hurt_VO","Damien_Die_VO","","Damien_Start_VO","1","40","","80","80","","","35","116","200","260","95","170","225","215","","","","","-50","340","","","120","Medium","-75","","","","450","","","TID_GLADIATOR","tank","","sc/hero_portraits.sc","hero_icon_damian","mastery_brawler_icon_damian","400","footstep","30","400","130","","","1","3","2","","","","","","","","","","","240","","","","","","","","","","","3","3","3","","","","IS_GLADIATOR","","","500","1","","","","","","","150","",""
"MagicalGirl","105","","","stella","MagicalGirlWeapon","MagicalGirlUlti","","","","","855","3700","","MagicalGirl_MountUp","","","","","","","","","","","","","","","12","","","","","84","100","25","","","5","20","5","Hero","","","","MagicalGirlDefault","MasteryMagicalGirl","TrophyRewardsMagicalGirl","","","","","","","","","","","","takedamage_gen","","death_artillery_dude","","true","gen_move_fx","stella_reload","no_ammo_shotgungirl","stella_dryfire","","","","","","","","","","","","","","","","","","","StarrNova_Kill_VO","StarrNova_Lead_VO","StarrNova_Start_VO","StarrNova_Ulti_VO","StarrNova_Hurt_VO","StarrNova_Die_VO","StarrNova_Atk_VO","StarrNova_Start_VO","4","35","100","80","80","","","35","120","200","260","95","170","250","280","","","","100","400","","","","120","Medium","-45","","","","400","","","TID_MAGICAL_GIRL","assassin","","sc/hero_portraits.sc","hero_icon_stella","mastery_brawler_icon_starrnova","500","footstep","20","200","160","","","3","2","1","","","","","","","","","","","","","PennyTutorial","","","","","","","","","5","3","1","","","","IS_MAGICAL_GIRL","","","400","3","6","120","","","","","180","","head_s_transform"
"Rock","106","","","bolt","RockWeapon","RockUlti","","","","","545","5000","RockChargeUltiOnMove","Brawler_Rock","","","","","","","","","","","","","","","20","","","","","25","90","30","","","5","20","5","Hero","","","","RockDefault","MasteryRock","TrophyRewardsRock","","","","","","","","","","","","takedamage_gen","","death_arcade","","true","","najia_reload","no_ammo_shotgungirl","najia_dryfire","","","","","","","","","","","","","","","","","","","Bolt_Kill_VO","Bolt_Lead_VO","Bolt_Start_VO","Bolt_Ulti_VO","Bolt_Hurt_VO","Bolt_Die_VO","","Bolt_Start_VO","1","40","","80","80","","","35","85","150","210","95","170","170","140","","","","","-50","400","","","120","Medium","-53","","","","450","","","TID_ROCK","tank","","sc/hero_portraits.sc","hero_icon_bolder","mastery_brawler_icon_bolt","400","","30","400","130","","","1","3","2","","","","","","","","","","","","","PamTutorial","","","","","","","","","3","4","4","","","","IS_ROCK","","","","3","","","","","","","","",""
"KatanaKid","107","","","katanakid","KatanaKidWeaponSlash","KatanaKidUlti","","","","","855","3500","","Brawler_KatanaKid","","","","","","","","","","","","","","","12","","","","","96","100","50","","","5","20","5","Hero","","","","KatanaKidDefault","MasteryKatanaKid","TrophyRewardsKatanaKid","","","","","","","","","","","","takedamage_gen","","death_rocket_girl","","true","gen_move_fx","nori_reload","no_ammo_shotgungirl","nori_dryfire","","","","","","","","","","","","","","","","","","","Nori_Kill_VO","Nori_Lead_VO","Nori_Start_VO","Nori_Ulti_VO","Nori_Hurt_VO","Nori_Die_VO","","Nori_Start_VO","4","35","","80","80","","","35","125","300","320","80","160","300","320","","","","","-680","750","-50","","120","Medium","-56","","","","500","","","TID_KATANA_KID","assassin","","sc/hero_portraits.sc","hero_icon_nori","mastery_brawler_icon_nori","300","footstep","25","500","100","","","2","3","1","","","","","","","","","","","","","BrockTutorial","","","","","","","","","5","2","1","","","","IS_KATANA_KID","20","100","","3","","","","","","","","","R_ankle_s;L_ankle_s;R_toes_s;L_toes_s"
"FutureGirl","108","","","wendy","FutureGirlWeapon","FutureGirlUlti","","","","","800","2000","FutureGirlShieldDamageEnemy","","","","","","","","","","","","","","","","12","","","","","70","64","30","","","5","20","5","Hero","","","","FutureGirlDefault","MasteryFutureGirl","TrophyRewardsFutureGirl","","","","","","","","","","","","takedamage_gen","","death_sniper","","true","wendy_def_moving","reload_wendy","no_ammo_shotgungirl","wendy_dryfire","","","","","","","","","","","","","","","","","","","Wendy_Kill_VO","Wendy_Lead_VO","Wendy_Start_VO","Wendy_Ulti_VO","Wendy_Hurt_VO","Wendy_Die_VO","","Wendy_Start_VO","","45","","80","80","","","35","100","140","240","75","145","220","225","","","","","-100","-500","","","120","Medium","-46","","","","450","","","TID_FUTURE_GIRL","support","","sc/hero_portraits.sc","hero_icon_wendy","mastery_brawler_icon_wendy","100","","25","400","160","","","2","3","1","true","","","","","","","","","","","","PiperTutorial","","","","","","","","","2","3","4","","","","IS_FUTURE_GIRL","100","30","300","2","","","","","","","120","",""
"Attractor","109","true","","attractor","AttractorWeapon","AttractorUlti","","","","","750","3400","","Brawler_Attractor","","","","","","","","","","","","","","","20","","","","","65","100","40","","","5","20","5","Hero","","","","AttractorDefault","MasteryAttractor","TrophyRewardsAttractor","","","","","","","","","","","","takedamage_gen","","death_arcade","","true","gen_move_fx","reload_cosmo","no_ammo_shotgungirl","cosmo_dryfire","","","","","","","","","","","","","","","","","","","Cosmo_Kill_VO","Cosmo_Lead_VO","Cosmo_Start_VO","Cosmo_Ulti_VO","Cosmo_Hurt_VO","Cosmo_Die_VO","","Cosmo_Start_VO","1","40","","80","80","","","35","100","200","260","95","170","225","215","","","","","-50","340","","","120","Medium","-53","","","","225","","","TID_ATTRACTOR","controller","","sc/hero_portraits.sc","hero_icon_cosmo","mastery_brawler_icon_cosmo","400","footstep","30","400","130","","","1","3","2","","","","","","","","","","","","","PamTutorial","","","","","","","","","3","3","3","","","","IS_ATTRACTOR","","","450","","","","","","","","","",""
"Stacker","110","true","","vince","StackerWeapon","StackerUlti","","StackerPet","","","750","3400","","Brawler_Stacker","","","","","","","","","","","","","","","12","","","","","95","150","40","","","5","20","5","Hero","","","","StackerDefault","MasteryStacker","TrophyRewardsStacker","","","","","","","","","StackerAmmoSpawnArea","","","takedamage_gen","","death_gunslinger","","true","gen_move_fx","reload_vince","no_ammo_shotgungirl","vince_dryfire","","","","","","","","","","","","","","","","","","","Vince_Kill_VO","Vince_Lead_VO","Vince_Start_VO","Vince_Ulti_VO","Vince_Hurt_VO","Vince_Die_VO","Vince_Atk_VO","Vince_Start_VO","","35","50","80","80","","","35","100","200","260","90","170","220","215","","","","","","-350","-30","40","120","Medium","-60","","","","400","","","TID_STACKER","damage_dealer","","sc/hero_portraits.sc","hero_icon_vince","mastery_brawler_icon_vince","300","footstep","25","300","160","","","2","3","1","","","","","","","","","","","","","ColtTutorial","","","","","","","","","3","2","4","","","","IS_STACKER","50","","","3","","","","","","","200","","magehand_wrist_s"
"TutorialDummy","111","","","","","","","","","","","700","","","","","","","","","","","","","","","","","12","","","","","","","","","","","","","Minion_Building","","","","MeleeBotDefault","","","","","","","","","","","","","","takedamage_gen","","nuts_bolts_metal_explosion","","true","gen_move_fx","","no_ammo_shotgungirl","","tutorial_robo_spawn","","","","","","","","","","","","","","","","","","","","","","","","","","","35","","80","80","","","35","100","","","","","","","","","","","","","","","145","Medium","-60","","","","350","","","","","","","","","","footstep","25","400","160","","","","","","","","","","","","","","","","","","","","","","","","","","","","","","","","","","","","","","","","","","","","","",""
"TutorialDummy2","112","","","","","","","","","","","700","","","","","","","","","","","","","","","","","12","","","","","","","","","","","","","Minion_Building_charges_ulti","true","","","MeleeBotDefault","","","","","","","","","","","","","","takedamage_gen","","nuts_bolts_metal_explosion","","true","gen_move_fx","","","","tutorial_robo_spawn","","","","","","","","","","","","","","","","","","","","","","","","","","","35","","80","80","","","35","100","","","","","","","","","","","","","","","145","Medium","-60","","","","350","","","","","","","","","","footstep","25","400","160","","","","","","","","","","","","","","","","","","","","","","","","","","","","","","","","","","","","","","","","","","","","","",""
"MechanicTurret","113","","","","","","","","","","","3600","","","","","","","","","300","300","","","","30","MechanicTurretProjectile","MechanicOverchargedTurretProjectile","27","","","","","1","","","","","","","","Minion_Building","","","","TurretDefault","","","","","","","","overchargeactivepet","","","","","","nuts_bolts_metal_small","","nuts_bolts_metal_explosion","","","","","","","spawnturret","","","jessie_def_turret_atk","","","","","","","","","","","","","","","","","","","","","","","","35","125","75","75","","","25","116","220","297","","","270","270","","","1000","-400","","","","","120","Medium","-32","","","","220","","","","","","","","","","footstep","25","400","160","","","","","","","","","","","","","","","","","","","","","","","","","","","","","","","","","","","","","","","","","","","","","","turret_canon_s"
"HealingStation","114","","","","","","","","OverchargedHealingStation","","","3040","","","","","","","","","","","","","","","","","12","","","","","","","","","","","","","Minion_Building","","","","HealstationDefault","","","","","","","","","","","HealingStationHeal","","","nuts_bolts_metal_small","","nuts_bolts_metal_explosion","","","","","","","pam_def_ulti_spawn","","","","","","","","","","","","","","","","","","","","","","","","","","","","","75","75","","","25","110","100","200","","","","","","","1400","-500","","","","","120","Medium","-49","","","","300","","","","","","","","","","footstep","25","400","160","","","","","","","","","","","","","","","","","","","","","","","","","","","","","","","","","","","","","","","","","","","","","",""
"FutureGirlTurret","115","","","","","","","","OverchargedFutureGirlTurret","","","2500","","","","","","","","","","","","","","","","","12","","","","","","","","","","","","","Minion_Building","","","","FutureGirlTurretDefault","","","","","","","","","","","FutureGirlTurretArea","","","nuts_bolts_metal_small","","nuts_bolts_metal_explosion","","","","","","","wendy_def_ulti_spawn","","","","","","","","","","","","","","","","","","","","","","","","","","","","","75","75","","","25","110","100","200","","","","","","","1400","-500","","","","","120","Medium","-49","","","","300","","","","","","","","","","footstep","25","400","160","","","","","","","","","","","","","","","","","","","","","","","","","","","","","","","","","IS_FUTURE_GIRL_TURRET","8","","","","","","","","","","","",""
"OverchargedFutureGirlTurret","116","","","","","","","","FutureGirlTurret","","","4500","","","","","","","","","","","","","","","","","12","","","","","","","","","","","","","Minion_Building","","","","FutureGirlTurretDefault","","","","","","","","","","","FutureGirlTurretAreaOvercharged","","","nuts_bolts_metal_small","","nuts_bolts_metal_explosion","","","","","","","wendy_def_ulti_spawn","","","","","","","","","","","","","","","","","","","","","","","","","","","","","75","75","","","25","110","100","200","","","","","","","1400","-500","","","","","120","Medium","-49","","","","300","","","","","","","","","","footstep","25","400","160","","","","","","","","","","","","","","","","","","","","","","","","","","","","","","","","","IS_FUTURE_GIRL_TURRET","8","","","","","","","","","","","",""
"Safe","117","","","","","","","","","","","40000","","","","","","","","","700","","","","","","","","20","","","","","","","","","","","","","Pvp_Base","","","","Safe","","","","","","","","","","","","","","safe_hit","","safe_explosion","","","","","","","","","","","","","","","","","","","","","","","","","","","","","","","","","","","","100","-100","","","","84","","","","","","","","","","","","","","","160","Medium","-75","","","","300","","","","","","","","","","footstep","25","400","160","","","","","","","","","","","","","","","","","","","","","","","","","","","","","","","","","","","","","","","","","","","","","",""
"ExplodingBarrel","118","","","","","","","","","","","12000","","","","","","","","","","","","","","","","","","","","","","","","","","","","","","Minion_Building","","","","","","","","sc/level.sc","tnt_box","tnt_box","tnt_box_shadow","","","","","ExplodingBarrelExplosion","","","","","","","","","","","","","","","","","","","","","","","","","","","","","","","","","","","","","","35","","100","-100","","","","95","","","","","","","","","","","","","","","145","Medium","-59","","","","350","","","","","","","","","","footstep","25","400","160","","","","","","","","","","","","","","","","","","","","","","","","","","","","","","","","","","","","","","","","","","","","","",""
"PoisonBarrel","119","","","","","","","","","","","2","","","","","","","","","","","","","","","","","","","","","","","","","","","","","","Minion_Building","","","","Safe","","","","","","","","","","","","PoisonBarrelExplosion","","","","","","","","","","","","","","","","","","","","","","","","","","","","","","","","","","","","","","35","","80","80","","","35","106","","","","","","","","","","","","","","","145","","","","","","350","","","","","","","","","","footstep","25","400","160","","","","","","","","","","","","","","","","","","","","","","","","","","","","","","","","","","","","","","","","","","","","","",""
"ShamanPet","120","","","","","","","","","","610","4300","","","","","","","","","600","400","","","","","","","6","","","","","1","","","","","","","","Minion_FindEnemies","","","","ShamanBearDefault","","","","","","","","overchargeactivelargepet","","","","","","","","death_bull_dude","","","gen_move_fx","","","","nita_def_ulti_spawn","nita_def_oc_pet_spawn","","bear_attack","","","","","","","","","","","","","","","","","","","","","","","","30","","85","80","","","25","116","220","297","","","270","270","","","500","-1250","5000","-4000","","","145","Medium","-63","","","","100","","","","","","","","","","footstep","25","250","160","","","","","","","","","","","","","","","","","","","","","","","","","","","","","","","","","IS_SHAMANS_PET","","","","","","","","","","","","",""
"BoneThrowerPet","121","","","","","","","","","","870","4000","","","","","","","","","300","600","","","","","","","6","1200","","","","","","","","","","","","Minion_Dog","","","","ShamanBearDefault","","","","","","","","","","","","","","","","death_bull_dude","","","gen_move_fx","","","","nita_def_ulti_spawn","","","bear_attack","","","","","","","","","","","","","","","","","","","","","","","","30","","85","80","","","25","84","","","","","","","","","","","","","","","120","Medium","-43","","","","","","","","","","","","","","footstep","25","250","160","","","","","","","","","","","","","","","","","","","","","","","","","","","","","","","","","","","","","","","","","","","","","",""
"LaserBall","122","","","","","","","","","Component","","1","","Carryable","","","","","","","","","","","","","","","","","","","","","","","","","","","","Carryable","","","LaserBall","BallDefault","","","","","","","","","","","","","","","","laser_ball_goal","","","","","","","","","","","","","","","","","","","","","","","","","","","","","","","","","","","","80","80","","","25","179","","","","","","","","","","","","","","","120","","","","","","","","","","","","","","","","","","","160","","","","","","","","","","","","","","","","","","","","","","","","","","","","","","","","","","","","","","","","","","","","","",""
"LootBox","123","","","","","","","","","","","4300","","","","","","","","","","","","","","","","","","","true","","","","","","","","","","","LootBox","","","","LootBox","","","","","","","","","","","","","","loot_box_hit","","gen_wood_explosion","","","","","","","","","","","","","","","","","","","","","","","","","","","","","","","","","","35","","100","-100","","","","95","","","","","","","","","","","","","","","145","Medium","-40","","","","350","","","","","","","","","","footstep","25","400","160","","","","","","","","","","","","","","","","","","","","","","","","","","","","","","","","","","","","","","","","","","","","","",""
"TutorialDummy3","124","","","","","","","","","","","4000","","","","","","","","","","","","","","","","","12","","","","","","","","","","","","","Minion_Building_charges_ulti","true","","","BossBotDefault","","","","","","","","","","","","","","takedamage_gen","","boss_explosion","","true","gen_move_fx","","","","tutorial_robo_spawn","","","","","","","","","","","","","","","","","","","","","","","","","","","35","","80","80","","","35","100","","","","","","","","","","","","","","","145","Medium","-75","","","","350","","","","","","","","","","footstep","25","400","160","","","","","","","","","","","","","","","","","","","","","","","","","","","","","","","","","","","","","","","","","","","","","",""
"ArtilleryDudeTurret","125","","","","","","","","","","","3400","","","","","","","","","3300","1200","2","","6","","ArtilleryDudeTurretProjectile","ArtilleryDudeOverchargedTurretProjectile","40","","","","","1","","","","","","","","Minion_Building","","","","ArtilleryTurretDefault","","","","","","","","artillerydudeturretoverchargeactive","","","","","","nuts_bolts_metal_small","","nuts_bolts_metal_explosion","","","","","","","penny_def_ulti_spawn","penny_def_oc_ulti_spawn","","penny_def_turret_atk","","","","","","","","","","","","","","","","","","","","","","","","35","","75","75","","","25","116","180","243","","","","","","","1000","-1400","","","","","120","Medium","-32","","","","150","","","","","","","","","","footstep","25","400","160","","","","","","","","","","","","","","","","","","","","","","","","","","","","","","","","","","","","","","","","","","","","","",""
"CoopMeleeEnemy1","126","","","","","","","","","","600","4800","","","","","","","","","400","260","","","","","","","5","","","","","","","","","","","","","Minion_FindEnemies","","","","MeleeBotDefault","","","","","","","","","","","","","","nuts_bolts_metal_small","","nuts_bolts_metal_explosion","","true","gen_move_fx","","","","robo_spawn","","","robot_m_attack","","","","","","","","","","","","","","","","","","","","","","","","30","70","85","80","","","25","100","200","270","","","","","","","","","","","","","120","Medium","-50","","","","","","","","","","","","","","footstep","25","250","130","","","","","","","","","","","","","","","","","","","","","","","","","","","","","","","","","","","","","","","","","","","","","",""
"CoopMeleeEnemy2","127","","","","","","","","","","600","6800","","","","","","","","","400","470","","","","","","","5","","","","","","","","","","","","","Minion_FindEnemies","","","","MeleeBotDefault","","","","","","","","","","","","","","nuts_bolts_metal_small","","nuts_bolts_metal_explosion","","true","gen_move_fx","","","","robo_spawn","","","robot_m_attack","","","","","","","","","","","","","","","","","","","","","","","","30","70","85","80","","","25","120","200","270","","","","","","","","","","","","","145","Medium","-60","","","","","","","","","","","","","","footstep","25","250","130","","","","","","","","true","30","","30","255","120","255","","","","","","","","","","","","","","","","","","","","","","","","","","","","","","","",""
"CoopMeleeEnemy3","128","","","","","","","","","","600","11000","","","","","","","","","400","600","","","","","","","6","","","","","","","","","","","","","Minion_FindEnemies","","","","MeleeBotDefault","","","","","","","","","","","","","","nuts_bolts_metal_small","","nuts_bolts_metal_explosion","","true","gen_move_fx","","","","robo_spawn","","","robot_m_attack","","","","","","","","","","","","","","","","","","","","","","","","30","70","85","80","","","25","140","200","270","","","","","","","","","","","","","170","Medium","-70","","","","","","","","","","","","","","footstep","25","250","130","","","","","","","","true","100","","","255","140","140","","","","","","","","","","","","","","","","","","","","","","","","","","","","","","","",""
"CoopMeleeEnemy4","129","","","","","","","","","","600","16200","","","","","","","","","400","730","","","","","","","6","","","","","","","","","","","","","Minion_FindEnemies","","","","MeleeBotDefault","","","","","","","","","","","","","","nuts_bolts_metal_small","","nuts_bolts_metal_explosion","","true","gen_move_fx","","","","robo_spawn","","","robot_m_attack","","","","","","","","","","","","","","","","","","","","","","","","30","70","85","80","","","25","160","200","270","","","","","","","","","","","","","195","Medium","-80","","","","","","","","","","","","","","footstep","25","250","130","","","","","","","","true","150","100","","255","255","180","","","","","","","","","","","","","","","","","","","","","","","","","","","","","","","",""
"CoopFastMeleeEnemy1","130","","","","","","","","","","900","3000","","","","","","","","","600","400","","","","","","","5","","","","","","","","","","","","","Minion_FindEnemies","","","","MeleeFastBotDefault","","","","","","","","","","","","","","nuts_bolts_metal_small","","nuts_bolts_metal_explosion","","true","gen_move_fx","","","","robo_spawn","","","robot_s_attack","","","","","","","","","","","","","","","","","","","","","","","","30","","85","80","","","25","125","200","270","","","","","","","","","","","","","100","Medium","-50","","","","","","","","","","","","","","footstep","25","250","130","","","","","","","","","","","","","","","","","","","","","","","","","","","","","","","","","","","","","","","","","","","","","",""
"CoopFastMeleeEnemy2","131","","","","","","","","","","900","5400","","","","","","","","","600","720","","","","","","","5","","","","","","","","","","","","","Minion_FindEnemies","","","","MeleeFastBotDefault","","","","","","","","","","","","","","nuts_bolts_metal_small","","nuts_bolts_metal_explosion","","true","gen_move_fx","","","","robo_spawn","","","robot_s_attack","","","","","","","","","","","","","","","","","","","","","","","","30","","85","80","","","25","150","200","270","","","","","","","","","","","","","120","Medium","-60","","","","","","","","","","","","","","footstep","25","250","130","","","","","","","","true","30","","30","255","120","255","","","","","","","","","","","","","","","","","","","","","","","","","","","","","","","",""
"CoopFastMeleeEnemy3","132","","","","","","","","","","900","6900","","","","","","","","","600","920","","","","","","","6","","","","","","","","","","","","","Minion_FindEnemies","","","","MeleeFastBotDefault","","","","","","","","","","","","","","nuts_bolts_metal_small","","nuts_bolts_metal_explosion","","true","gen_move_fx","","","","robo_spawn","","","robot_s_attack","","","","","","","","","","","","","","","","","","","","","","","","30","","85","80","","","25","175","200","270","","","","","","","","","","","","","140","Medium","-70","","","","","","","","","","","","","","footstep","25","250","130","","","","","","","","true","100","","","255","140","140","","","","","","","","","","","","","","","","","","","","","","","","","","","","","","","",""
"CoopFastMeleeEnemy4","133","","","","","","","","","","900","10080","","","","","","","","","600","1120","","","","","","","6","","","","","","","","","","","","","Minion_FindEnemies","","","","MeleeFastBotDefault","","","","","","","","","","","","","","nuts_bolts_metal_small","","nuts_bolts_metal_explosion","","true","gen_move_fx","","","","robo_spawn","","","robot_s_attack","","","","","","","","","","","","","","","","","","","","","","","","30","","85","80","","","25","200","200","270","","","","","","","","","","","","","160","Medium","-80","","","","","","","","","","","","","","footstep","25","250","130","","","","","","","","true","150","100","","255","255","180","","","","","","","","","","","","","","","","","","","","","","","","","","","","","","","",""
"CoopRangedEnemy1","134","","","","","","","","","","750","2000","","","","","","","","","1400","630","","","","30","CoopRangedEnemyProjectile","","27","","","","","","","","","","","","","Minion_FindEnemies","","","","RangedBotDefault","","","","","","","","","","","","","","nuts_bolts_metal_small","","nuts_bolts_metal_explosion","","true","gen_move_fx","","","","robo_spawn","","","coop_ranged_attack","","","","","","","","","","","","","","","","","","","","","","","","30","","85","80","","","25","127","200","270","","","","","","","","","","","","","100","Medium","-49","","","","350","","","","","","","","","","footstep","25","250","130","","","","","","","","","","","","","","","","","","","","","","","","","","","","","","","","","","","","","","","","","","","","","",""
"CoopRangedEnemy2","135","","","","","","","","","","750","3600","","","","","","","","","1400","1130","","","","30","CoopRangedEnemyProjectile","","27","","","","","","","","","","","","","Minion_FindEnemies","","","","RangedBotDefault","","","","","","","","","","","","","","nuts_bolts_metal_small","","nuts_bolts_metal_explosion","","true","gen_move_fx","","","","robo_spawn","","","coop_ranged_attack","","","","","","","","","","","","","","","","","","","","","","","","30","","85","80","","","25","152","200","270","","","","","","","","","","","","","120","Medium","-58","","","","350","","","","","","","","","","footstep","25","250","130","","","","","","","","true","30","","30","255","120","255","","","","","","","","","","","","","","","","","","","","","","","","","","","","","","","",""
"CoopRangedEnemy3","136","","","","","","","","","","750","4600","","","","","","","","","1400","1450","","","","30","CoopRangedEnemyProjectile","","27","","","","","","","","","","","","","Minion_FindEnemies","","","","RangedBotDefault","","","","","","","","","","","","","","nuts_bolts_metal_small","","nuts_bolts_metal_explosion","","true","gen_move_fx","","","","robo_spawn","","","coop_ranged_attack","","","","","","","","","","","","","","","","","","","","","","","","30","","85","80","","","25","177","200","270","","","","","","","","","","","","","140","Medium","-68","","","","350","","","","","","","","","","footstep","25","250","130","","","","","","","","true","100","","","255","140","140","","","","","","","","","","","","","","","","","","","","","","","","","","","","","","","",""
"CoopRangedEnemy4","137","","","","","","","","","","750","6700","","","","","","","","","1400","1760","","","","30","CoopRangedEnemyProjectile","","27","","","","","","","","","","","","","Minion_FindEnemies","","","","RangedBotDefault","","","","","","","","","","","","","","nuts_bolts_metal_small","","nuts_bolts_metal_explosion","","true","gen_move_fx","","","","robo_spawn","","","coop_ranged_attack","","","","","","","","","","","","","","","","","","","","","","","","30","","85","80","","","25","203","200","270","","","","","","","","","","","","","160","Medium","-79","","","","350","","","","","","","","","","footstep","25","250","130","","","","","","","","true","150","100","","255","255","180","","","","","","","","","","","","","","","","","","","","","","","","","","","","","","","",""
"TntPet","138","","","","","","","","","","770","2400","","","","","","","","","600","400","","","","30","ShotgunGirlPetProjectile","","22","320","","","","","","","","","","","","Minion_FollowOwner","","","","TntPetDefault","","","","","","","","","","","","","","","","death_shotgun_girl","","","gen_move_fx","","","","","","","bear_attack","","","","","","","","","","","","","","","","","","","","","","","","30","","85","80","","","25","43","200","270","","","","","","","","","","","","","90","Medium","-11","","","","350","","","","","","","","","","footstep","25","250","160","","","","","","","","","","","","","","","","","","","","","","","","","","","","","","","","","","","","","","","","","","","","","",""
"BlackHolePet","139","","","","","","","","","","870","4000","","","","","","","","","600","1000","","","","","","","5","","","","","","","","","","","","","Minion_FindEnemies","","","","BlackholePetDefault","","","","","","","","","","","","","","","","death_shotgun_girl","","","","","","","tara_def_ulti_starpower_spawn","","","bear_attack","","","","","","","","","","","","","sparkle_trail_dark_minion","","","","","","","","","","","30","","85","80","","","25","95","200","270","","","","","","","","","","","","","90","Medium","-43","","","","350","","","","","","","","","","","25","250","160","","","","","","","","","","","","","","","","","","","","","","","","","","","","","","","","","","","","","","","","","","","","","",""
"CoopBoss1","140","","","","BossRapidFire","BossCharge","","","","","600","45000","","","","","","","","","400","600","","","","","","","8","","","","","","","","","","","","","Npc_Boss","","","","BossBotDefault","","","","","","","","","","","","","","nuts_bolts_metal_small","","boss_explosion","","","gen_move_fx","","","","robo_spawn","","","coop_melee_attack","","","","","","","","","","","","","","","","","","","","","","","","30","150","85","80","","","25","100","200","270","","","","","","","","","","","","","220","Medium","-110","","","","500","","","","","","","","","","footstep","60","400","160","","","","","","","","","","","","","","","","","","","","","","","","","","","","","","","","","","","","","","","","","","","","","",""
"CoopBoss2","141","","","","BossRapidFire2","BossCharge","","","","","600","55000","","","","","","","","","400","640","","","","","","","9","","","","","","","","","","","","","Npc_Boss","","","","BossBotDefault","","","","","","","","","","","","","","nuts_bolts_metal_small","","boss_explosion","","","gen_move_fx","","","","robo_spawn","","","coop_melee_attack","","","","","","","","","","","","","","","","","","","","","","","","30","150","85","80","","","25","120","200","270","","","","","","","","","","","","","250","Medium","-135","","","","500","","","","","","","","","","footstep","60","400","160","","","","","","","","true","30","","30","255","120","255","","","","","","","","","","","","","","","","","","","","","","","","","","","","","","","",""
"CoopBoss3","142","","","","BossRapidFire3","BossCharge","","","","","600","65000","","","","","","","","","400","680","","","","","","","9","","","","","","","","","","","","","Npc_Boss","","","","BossBotDefault","","","","","","","","","","","","","","nuts_bolts_metal_small","","boss_explosion","","","gen_move_fx","","","","robo_spawn","","","coop_melee_attack","","","","","","","","","","","","","","","","","","","","","","","","30","150","85","80","","","25","140","200","270","","","","","","","","","","","","","280","Medium","-160","","","","500","","","","","","","","","","footstep","60","400","160","","","","","","","","true","100","","","255","140","140","","","","","","","","","","","","","","","","","","","","","","","","","","","","","","","",""
"TutorialExplodingBarrel","143","","","","","","","","","","","300","","","","","","","","","","","","","","","","","","","","","","","","","","","","","","Minion_Building","","","","TntBox","","","","","","","","","","","","ExplodingBarrelExplosion","","","","","","","","","","","","","","","","","","","","","","","","","","","","","","","","","","","","","","35","","100","-100","","","","95","","","","","","","","","","","","","","","145","","-59","","","","350","","","","","","","","","","footstep","25","400","160","","","","","","","","","","","","","","","","","","","","","","","","","","","","","","","","","","","","","","","","","","","","","",""
"EventModifierBoss","144","","","","","","","","","","600","22800","","","","","","","","","400","400","","","","","","","7","","","","","","","","","","","","","Minion_FindEnemies2","","","","MeleeBotDefault","","","","","","","","","","","","","","nuts_bolts_metal_small","","boss_explosion","","","gen_move_fx","","","","robo_spawn","","","coop_melee_attack","","","","","","","","","","","","","","","","","","","","","","","","35","","85","80","","","25","250","200","270","","","","","","","","","","","","","220","Medium","-100","","","","","","","","","","","","","","footstep","25","250","160","","","","","","","","","","","","","","","","","","","","","","","","","","","","","","","","","","","","","","","","","","","","","",""
"RaidBoss","145","","","","RaidBossRapidFire","RaidBossCharge","","","","","550","250000","","","","","","","","","400","800","","","","","","","9","","","","","","","","","","","","","Npc_Boss","","","","BossBotDefault","","","","","","","","","","","","","","nuts_bolts_metal_small","","boss_explosion","","","gen_move_fx","","","","robo_spawn","","","coop_boss_attack","","","","","","","","","","","","","","","","","","","","","","","","30","150","85","80","","","25","120","200","270","","","","","","","","","","","","","280","Medium","-135","","","","500","","","","","","","","","","footstep","60","400","160","","","","","","","","","","","","","","","","","","","","","","","","","","","","","","","","","","","","","","","","","","","","","",""
"RaidBossMeleeEnemy1","146","","","","","","","","","","650","3600","","","","","","","","","400","260","","","","","","","5","","","","","","","","","","","","","Minion_FindEnemies","","","","MeleeBotDefault","","","","","","","","","","","","","","nuts_bolts_metal_small","","nuts_bolts_metal_explosion","","","gen_move_fx","","","","robo_spawn","","","robot_m_attack","","","","","","","","","","","","","","","","","","","","","","","","30","70","85","80","","","25","100","200","270","","","","","","","","","","","","","120","Medium","-50","","","","","","","","","","","","","","footstep","25","250","130","","","","","","","","","","","","","","","","","","","","","","","","","","","","","","","","","","","","","","","","","","","","","",""
"RaidBossMeleeEnemy2","147","","","","","","","","","","650","5100","","","","","","","","","400","470","","","","","","","5","","","","","","","","","","","","","Minion_FindEnemies","","","","MeleeBotDefault","","","","","","","","","","","","","","nuts_bolts_metal_small","","nuts_bolts_metal_explosion","","","gen_move_fx","","","","robo_spawn","","","robot_m_attack","","","","","","","","","","","","","","","","","","","","","","","","30","70","85","80","","","25","120","200","270","","","","","","","","","","","","","145","Medium","-60","","","","","","","","","","","","","","footstep","25","250","130","","","","","","","","true","30","","30","255","120","255","","","","","","","","","","","","","","","","","","","","","","","","","","","","","","","",""
"RaidBossMeleeEnemy3","148","","","","","","","","","","650","8250","","","","","","","","","400","600","","","","","","","6","","","","","","","","","","","","","Minion_FindEnemies","","","","MeleeBotDefault","","","","","","","","","","","","","","nuts_bolts_metal_small","","nuts_bolts_metal_explosion","","","gen_move_fx","","","","robo_spawn","","","robot_m_attack","","","","","","","","","","","","","","","","","","","","","","","","30","70","85","80","","","25","140","200","270","","","","","","","","","","","","","170","Medium","-70","","","","","","","","","","","","","","footstep","25","250","130","","","","","","","","true","100","","","255","140","140","","","","","","","","","","","","","","","","","","","","","","","","","","","","","","","",""
"RaidBossMeleeEnemy4","149","","","","","","","","","","650","12150","","","","","","","","","400","730","","","","","","","6","","","","","","","","","","","","","Minion_FindEnemies","","","","MeleeBotDefault","","","","","","","","","","","","","","nuts_bolts_metal_small","","nuts_bolts_metal_explosion","","","gen_move_fx","","","","robo_spawn","","","robot_m_attack","","","","","","","","","","","","","","","","","","","","","","","","30","70","85","80","","","25","160","200","270","","","","","","","","","","","","","195","Medium","-80","","","","","","","","","","","","","","footstep","25","250","130","","","","","","","","true","150","100","","255","255","180","","","","","","","","","","","","","","","","","","","","","","","","","","","","","","","",""
"RaidBossFastMeleeEnemy1","150","","","","","","","","","","950","2250","","","","","","","","","600","400","","","","","","","5","","","","","","","","","","","","","Minion_FindEnemies","","","","MeleeFastBotDefault","","","","","","","","","","","","","","nuts_bolts_metal_small","","nuts_bolts_metal_explosion","","","gen_move_fx","","","","robo_spawn","","","robot_s_attack","","","","","","","","","","","","","","","","","","","","","","","","30","","85","80","","","25","125","200","270","","","","","","","","","","","","","100","Medium","-35","","","","","","","","","","","","","","footstep","25","250","130","","","","","","","","","","","","","","","","","","","","","","","","","","","","","","","","","","","","","","","","","","","","","",""
"RaidBossFastMeleeEnemy2","151","","","","","","","","","","950","4050","","","","","","","","","600","720","","","","","","","5","","","","","","","","","","","","","Minion_FindEnemies","","","","MeleeFastBotDefault","","","","","","","","","","","","","","nuts_bolts_metal_small","","nuts_bolts_metal_explosion","","","gen_move_fx","","","","robo_spawn","","","robot_s_attack","","","","","","","","","","","","","","","","","","","","","","","","30","","85","80","","","25","150","200","270","","","","","","","","","","","","","120","Medium","-42","","","","","","","","","","","","","","footstep","25","250","130","","","","","","","","true","30","","30","255","120","255","","","","","","","","","","","","","","","","","","","","","","","","","","","","","","","",""
"RaidBossFastMeleeEnemy3","152","","","","","","","","","","950","5175","","","","","","","","","600","920","","","","","","","6","","","","","","","","","","","","","Minion_FindEnemies","","","","MeleeFastBotDefault","","","","","","","","","","","","","","nuts_bolts_metal_small","","nuts_bolts_metal_explosion","","","gen_move_fx","","","","robo_spawn","","","robot_s_attack","","","","","","","","","","","","","","","","","","","","","","","","30","","85","80","","","25","175","200","270","","","","","","","","","","","","","140","Medium","-49","","","","","","","","","","","","","","footstep","25","250","130","","","","","","","","true","100","","","255","140","140","","","","","","","","","","","","","","","","","","","","","","","","","","","","","","","",""
"RaidBossFastMeleeEnemy4","153","","","","","","","","","","950","7560","","","","","","","","","600","1120","","","","","","","6","","","","","","","","","","","","","Minion_FindEnemies","","","","MeleeFastBotDefault","","","","","","","","","","","","","","nuts_bolts_metal_small","","nuts_bolts_metal_explosion","","","gen_move_fx","","","","robo_spawn","","","robot_s_attack","","","","","","","","","","","","","","","","","","","","","","","","30","","85","80","","","25","200","200","270","","","","","","","","","","","","","160","Medium","-56","","","","","","","","","","","","","","footstep","25","250","130","","","","","","","","true","150","100","","255","255","180","","","","","","","","","","","","","","","","","","","","","","","","","","","","","","","",""
"RaidBossRangedEnemy1","154","","","","","","","","","","800","1500","","","","","","","","","1400","630","","","","40","RaidBossRangedEnemyProjectile","","27","","","","","","","","","","","","","Minion_FindEnemies","","","","RangedBotDefault","","","","","","","","","","","","","","nuts_bolts_metal_small","","nuts_bolts_metal_explosion","","","gen_move_fx","","","","robo_spawn","","","coop_ranged_attack","","","","","","","","","","","","","","","","","","","","","","","","30","","85","80","","","25","127","200","270","","","","","","","","","","","","","100","Medium","-49","","","","350","","","","","","","","","","footstep","25","250","130","","","","","","","","","","","","","","","","","","","","","","","","","","","","","","","","","","","","","","","","","","","","","",""
"RaidBossRangedEnemy2","155","","","","","","","","","","800","2700","","","","","","","","","1400","1130","","","","40","RaidBossRangedEnemyProjectile","","27","","","","","","","","","","","","","Minion_FindEnemies","","","","RangedBotDefault","","","","","","","","","","","","","","nuts_bolts_metal_small","","nuts_bolts_metal_explosion","","","gen_move_fx","","","","robo_spawn","","","coop_ranged_attack","","","","","","","","","","","","","","","","","","","","","","","","30","","85","80","","","25","152","200","270","","","","","","","","","","","","","120","Medium","-58","","","","350","","","","","","","","","","footstep","25","250","130","","","","","","","","true","30","","30","255","120","255","","","","","","","","","","","","","","","","","","","","","","","","","","","","","","","",""
"RaidBossRangedEnemy3","156","","","","","","","","","","800","3450","","","","","","","","","1400","1450","","","","40","RaidBossRangedEnemyProjectile","","27","","","","","","","","","","","","","Minion_FindEnemies","","","","RangedBotDefault","","","","","","","","","","","","","","nuts_bolts_metal_small","","nuts_bolts_metal_explosion","","","gen_move_fx","","","","robo_spawn","","","coop_ranged_attack","","","","","","","","","","","","","","","","","","","","","","","","30","","85","80","","","25","177","200","270","","","","","","","","","","","","","140","Medium","-68","","","","350","","","","","","","","","","footstep","25","250","130","","","","","","","","true","100","","","255","140","140","","","","","","","","","","","","","","","","","","","","","","","","","","","","","","","",""
"RaidBossRangedEnemy4","157","","","","","","","","","","800","5040","","","","","","","","","1400","1760","","","","40","RaidBossRangedEnemyProjectile","","27","","","","","","","","","","","","","Minion_FindEnemies","","","","RangedBotDefault","","","","","","","","","","","","","","nuts_bolts_metal_small","","nuts_bolts_metal_explosion","","","gen_move_fx","","","","robo_spawn","","","coop_ranged_attack","","","","","","","","","","","","","","","","","","","","","","","","30","","85","80","","","25","203","200","270","","","","","","","","","","","","","160","Medium","-79","","","","350","","","","","","","","","","footstep","25","250","130","","","","","","","","true","150","100","","255","255","180","","","","","","","","","","","","","","","","","","","","","","","","","","","","","","","",""
"RoboWarsBase","158","","","","","","","","","","","25000","","","","","","","","","500","700","","","","","RoboWarsBaseProjectile","","28","","","","","","","","","","","","","Pvp_Base","","","","RoboWarsBaseDefault","","","","","","","","","","","","","","nuts_bolts_metal_small","","siege_base_destroyed","","","","","","","","","","siege_base_attack","","","","","","","","","","","","","","","","","","","","","","","","40","","100","-100","","","","550","","","","","","","","","","","","","","","160","Medium","-75","","","","300","","","","","","","","","","footstep","25","400","160","","","","","","","","","","","","","","","","","","","","","","","","","","","","","","","","","","","","","","","","","","","","","",""
"RoboWarsBox","159","","","","","","","","","","","4000","","","","","","","","","","","","","","","","","","","","","","","","","","","","","","LootBox","","","","RoboWarsBox","","","","","","","","","","","","","","","","gen_wood_explosion","","","","","","","robo_wars_box_spawn","","","","","","","","","","","","","","","","","","","","","","","","","","","35","","100","-100","","","","","","","","","","","","","","","","","","","145","Medium","-40","","","","350","","","","","","","","","","footstep","25","400","160","","","","","","","","","","","","","","","","","","","","","","","","","","","","","","","","","","","","","","","","","","","","","",""
"RoboWarsRobo","160","","","","","","","","","","650","32000","","","","","","","","","400","350","","","","","","","6","","","","","","","","","","","","","RoboWars","","","","MeleeBotDefault","","","","","","","","","","","","","","nuts_bolts_metal_small","","explosion_generic_small","","true","gen_move_fx","","","","robo_spawn","","","coop_melee_attack","","","","","","","","","","","","","","","","","","","","","","","","35","","85","80","","","25","250","200","270","","","","","","","","","","","","","220","Medium","-110","","","","","","","","","","","","","","footstep","25","250","160","","","","","","","","","","","","","","","","","","","","","","","","","","","","","","","","","","","","","","","","","","","","","",""
"TrainingDummySmall","161","","","","","","","","","","","1500","","","","","","","","","","","","","","","","","12","","","","","","","","","","","","","Minion_Building_charges_ulti","true","","","MeleeFastBotDefault","","","","","","","","","","","","","","minion_hit_damage","","minion_death_explosion_01","","true","gen_move_fx","","","","robo_spawn","","","robot_s_attack","","","","","","","","","","","","","","","","","","","","","","","","35","","80","80","","","35","125","","","","","","","","","","","","","","","120","Medium","-35","","","","350","","","","","","","","","","footstep","25","400","160","","","","","","","","","","","","","","","","","","","","","","","","","","","","","","","","","","","","","","","","","","","","","",""
"TrainingDummyMedium","162","","","","","","","","","","","4000","","","","","","","","","","","","","","","","","12","","","","","","","","","","","","","Minion_Building_charges_ulti","true","","","MeleeBotDefault","","","","","","","","","","","","","","minion_hit_damage","","minion_death_explosion_03","","true","gen_move_fx","","","","robo_spawn","","","robot_m_attack","","","","","","","","","","","","","","","","","","","","","","","","35","","80","80","","","35","100","","","","","","","","","","","","","","","120","Medium","-50","","","","350","","","","","","","","","","footstep","25","400","160","","","","","","","","","","","","","","","","","","","","","","","","","","","","","","","","","","","","","","","","","","","","","",""
"TrainingDummyBig","163","","","","","","","","","","","100000","","","","","","","","","","","","","","","","","12","","","","","","","","","","","","","Minion_Building_charges_ulti","true","","","BossBotDefault","","","","","","","","","","","","","","minion_hit_damage","","minion_death_explosion_04","","true","gen_move_fx","","","","robo_spawn","","","coop_boss_attack","","","","","","","","","","","","","","","","","","","","","","","","35","","80","80","","","35","100","","","","","","","","","","","","","","","220","Medium","-110","","","","350","","","","","","","","","","footstep","25","400","160","","","","","","","","","","","","","","","","","","","","","","","","","","","","","","","","","","","","","","","","","","","","","",""
"TrainingDummyShooting","164","","","","","","","","","","","4000","","","","","","","","","1400","500","","","","","CoopRangedEnemyProjectile","","20","","","","","","","","","","","","","Minion_Building_charges_ulti","true","","","RangedBotDefault","","","","","","","","","","","","","","minion_hit_damage","","minion_death_explosion_02","","true","gen_move_fx","","","","robo_spawn","","","coop_ranged_attack","","","","","","","","","","","","","","","","","","","","","","","","50","","85","80","","","25","127","200","270","","","","","","","","","","","","","120","Medium","-49","","","","350","","","","","","","","","","footstep","25","250","130","","","","","","","","","","","","","","","","","","","","","","","","","","","","","","","","","","","","","","","","","","","","","",""
"MineCart0","165","","","","","","","","","","","1","","","","","","","","","","","","","","","","","","","","","","","","","","","","","","Train","","","","MineCart","","","","","","","","","","","","","","","","","","","gen_move_fx","","","","","","","","","","","","","","","","","","","","","","","","","","","","","","","","","80","80","","","25","250","","","","","","","","","","","","","","","200","","","","","","","","","","","","","","","","","130","50","","","","","","","","","","","","","","","","","","","","","","","","","","","","","","","","","","","","","","","","","","","","","","",""
"MineCart1","166","","","","","","","","","","","1","","","","","","","","","","","","","","","","","","","","","","","","","","","","","","Train","","","","MineCartB","","","","","","","","","","","","","","","","","","","gen_move_fx","","","","","","","","","","","","","","","","","","","","","","","","","","","","","","","","","80","80","","","25","250","","","","","","","","","","","","","","","200","","","","","","","","","","","","","","","","","130","50","","","","","","","","","","","","","","","","","","","","","","","","","","","","","","","","","","","","","","","","","","","","","","",""
"MineCart2","167","","","","","","","","","","","1","","","","","","","","","","","","","","","","","","","","","","","","","","","","","","Train","","","","MineCartC","","","","","","","","","","","","","","","","","","","gen_move_fx","","","","","","","","","","","","","","","","","","","","","","","","","","","","","","","","","80","80","","","25","250","","","","","","","","","","","","","","","200","","","","","","","","","","","","","","","","","130","50","","","","","","","","","","","","","","","","","","","","","","","","","","","","","","","","","","","","","","","","","","","","","","",""
"MineCart3","168","","","","","","","","","","","1","","","","","","","","","","","","","","","","","","","","","","","","","","","","","","Train","","","","MineCartD","","","","","","","","","","","","","","","","","","","gen_move_fx","","","","","","","","","","","","","","","","","","","","","","","","","","","","","","","","","80","80","","","25","250","","","","","","","","","","","","","","","200","","","","","","","","","","","","","","","","","130","50","","","","","","","","","","","","","","","","","","","","","","","","","","","","","","","","","","","","","","","","","","","","","","",""
"MineCart4","169","","","","","","","","","","","1","","","","","","","","","","","","","","","","","","","","","","","","","","","","","","Train","","","","MineCartE","","","","","","","","","","","","","","","","","","","gen_move_fx","","","","","","","","","","","","","","","","","","","","","","","","","","","","","","","","","80","80","","","25","250","","","","","","","","","","","","","","","200","","","","","","","","","","","","","","","","","130","50","","","","","","","","","","","","","","","","","","","","","","","","","","","","","","","","","","","","","","","","","","","","","","",""
"ClusterBombPet","170","","","","","","","","","","1200","1600","","","","","","","","","1000","2000","","","","","","","","","","","","1","","","","","","","","Minion_FindEnemies","","","","ClusterBombPetDefault","","","","","","","","overchargeactivepet_tick","","","","ClusterBombPetExplosion","ClusterBombPetOverchargedExplosion","nuts_bolts_metal_small","","tick_def_atk1_explode","","","","","","","tick_def_ulti_spawn","tick_def_oc_pet_spawn","","","","","","","","","","","","","","","","","","","","","","","","","","","","85","80","","","25","150","200","270","","","","","","","","","","","","","90","Medium","-43","","","","","","","","","","","","","","","25","250","","","","","","","","","","","","","","","","","","","","","","","","","","","","","","","","","","","","","","","","","","","","","","",""
"BlackHolePet2","171","","","","","","","","","","870","4000","","","","","","","","","600","600","","","","","BlackHolePet2Projectile","","15","","","","","","","","","","","","","Minion_FindEnemies","","","","BlackholePetDefault","","","","","","","","","","","","","","","","death_shotgun_girl","","","","","","","tara_def_ulti_starpower_spawn","","","","","","","","","","","","","","","","sparkle_trail_dark_minion","","","","","","","","","","","30","","85","80","","","25","95","200","270","","","","","","","","","","","","","90","Medium","-43","","","","350","","","","","","","","","","","25","250","160","","","","","","","","","","","","","","","","","","","","","","","","","","","","","","","","","","","","","","","","","","","","","",""
"49c039b18c82880638cd3ba472dc5db3e8cc6f8b","","","true","shelly","ShotgunGirlWeapon","ShotgunGirlUlti","","","","","800","3900","","","","","","","","","","","","","","","","","12","","","","","134","60","30","","","5","20","5","Hero","","","","BanditGirlDefault","MasteryShotgunGirl","TrophyRewardsShotgunGirl","","","","","","","","","","","","takedamage_gen","","death_shotgun_girl","","true","gen_move_fx","reload_shotgun_girl","no_ammo_shotgungirl","dry_fire_shotgungirl","","","","","","","","","","","","","","","","","","","Shelly_Kill","Shelly_Lead","Shelly_Start","Utilshotgun_Vo","ShellyTakedamge_Vo","Shelly_Die","","Shelly_Start","2","30","","80","80","","","35","116","210","284","90","175","260","290","","","","","","-400","-25","40","120","Medium","-48","","","","450","","","TID_SHOTGUN_GIRL","damage_dealer","","sc/hero_portraits.sc","hero_icon_shelly","mastery_brawler_icon_shelly","1000","footstep","25","250","200","","","1","3","2","","","","","","","","","","","","","ShellyTutorial","","","","","","","","","4","3","2","","","","","","","","","","","","","","ShotgunGirlBuddy","","",""
"DamageBooster","173","","","","","","","","DamageBoosterOvercharge","","","2800","","","","","","","","","","","","","","","","","12","","","","","","","","","","","","","Minion_Building","","","","DamageBoosterDefault","","","","","","","","","","","DamageBoost","","","nuts_bolts_metal_small","","nuts_bolts_metal_explosion","","","","","","","8bit_def_ulti_spawn","","","","","","","","","","","","","","","","","","","","","","","","","","","","","75","75","","","25","180","220","300","","","","","","","1400","-500","","","","","120","Medium","-49","","","","300","","","","","","","","","","footstep","25","400","160","","","","","","","","","","","","","","","","","","","","","","","","","","","","","","","","","IS_ARCADE_TURRET","","","","","","","","","","","","",""
"4028aae4a6bbbdea17608222005fefc028ff7c45","","","true","shelly","ShotgunGirlWeapon","ShotgunGirlUlti","","","","","800","3900","","","","","","","","","","","","","","","","","12","","","","","134","60","30","","","5","20","5","Hero","","","","BanditGirlDefault","MasteryShotgunGirl","TrophyRewardsShotgunGirl","","","","","","","","","","","","takedamage_gen","","death_shotgun_girl","","true","gen_move_fx","reload_shotgun_girl","no_ammo_shotgungirl","dry_fire_shotgungirl","","","","","","","","","","","","","","","","","","","Shelly_Kill","Shelly_Lead","Shelly_Start","Utilshotgun_Vo","ShellyTakedamge_Vo","Shelly_Die","","Shelly_Start","2","30","","80","80","","","35","116","210","284","90","175","260","290","","","","","","-400","-25","40","120","Medium","-48","","","","450","","","TID_SHOTGUN_GIRL","damage_dealer","","sc/hero_portraits.sc","hero_icon_shelly","mastery_brawler_icon_shelly","1000","footstep","25","250","200","","","1","3","2","","","","","","","","","","","","","ShellyTutorial","","","","","","","","","4","3","2","","","","","","","","","","","","","","ShotgunGirlBuddy","","",""
"BossRaceBoss","175","","","","BossRaceBossRapidFire","BossRaceBossCharge","","","","","500","220000","","","","","","","","","400","800","","","","","","","9","","","","","","","","","","","","","Npc_Boss","","","","BossRaceBossDefault","","","","","","","","","","","","","","nuts_bolts_metal_small","","boss_explosion","","","gen_move_fx","","","","robo_spawn","","","coop_melee_attack","","","","","","","","","","","","","","","","","","","","","","","","30","150","85","80","","","25","160","200","270","","","","","","","","","","","","","280","Medium","-130","","","","500","","","","","","","","","","footstep","60","400","160","","","","","","","","","","","","","","","","","","","","","","","","","","","","","","","","","","","","","","","","","","","","","",""
"SpawnerDudeTurret","176","","","","","","","SpawnerPet","OverchargedSpawnerDudeTurret","","","2500","","","","","","","","","","","","","","","","","40","","","","","","","","","","","","","Minion_Building","","","","SpawnerDudeTurretDefault","","","","","","","","","","","","","","nuts_bolts_metal_small","","nuts_bolts_metal_explosion","","","","","","","","","","","","","","","","","","","","","","","","","","","","","","","","","","35","","75","75","","","25","130","180","243","","","","","","","1000","-1400","","","","","120","Medium","-32","","","","150","","","","","","","","","","footstep","25","400","160","","","","","","","","","","","","","","","","","","","","","","","4","","","","","","","","","","","","","","","","","","","","","","",""
"SpawnerDudeTurret002","177","","","","","","","SpawnerPet002","OverchargedSpawnerDudeTurret","","","2500","","","","","","","","","","","","","","","","","40","","","","","","","","","","","","","Minion_Building","","","","SpawnerDudeTurretDefault","","","","","","","","","","","","","","nuts_bolts_metal_small","","nuts_bolts_metal_explosion","","","","explosion_pengula","","","","","","","","","","","","","","","","","","","","","","","","","","","","","","35","","75","75","","","25","130","180","243","","","","","","","1000","-1400","","","","","120","Medium","-32","","","","150","","","","","","","","","","footstep","25","400","160","","","","","","","","","","","","","","","","","","","","","","","4","","","","","","","","","","","","","","","","","","","","","","",""
"SpawnerDudeTurret003","178","","","","","","","SpawnerPet003","OverchargedSpawnerDudeTurret","","","2500","","","","","","","","","","","","","","","","","40","","","","","","","","","","","","","Minion_Building","","","","SpawnerDudeTurretDefault","","","","","","","","","","","","","","nuts_bolts_metal_small","","nuts_bolts_metal_explosion","","","","explosion_pengula","","","","","","","","","","","","","","","","","","","","","","","","","","","","","","35","","75","75","","","25","130","180","243","","","","","","","1000","-1400","","","","","120","Medium","-32","","","","150","","","","","","","","","","footstep","25","400","160","","","","","","","","","","","","","","","","","","","","","","","4","","","","","","","","","","","","","","","","","","","","","","",""
"SpawnerPet","179","","","","","","","","","","1000","1400","","","","","","","","","700","260","","","","","SpawnerPetProjectile","","14","","","","","1","","","","","","","","Minion_FindEnemies","","","","SpawnerPetDefault","","","","","","","","","","","","","","","","mrp_def_pet_death","","","gen_move_fx","","","","nita_def_ulti_spawn","","","","","","","","","","","","","","","","","","","","","","","","","","","30","","85","80","","","25","150","200","280","","","","","","","500","-1250","","","","","145","Medium","-35","","","","100","","","","","","","","","","footstep","25","250","160","","","","","","","","","","","","","","","","","","","","true","","","","","","","","","","","","","","","","","","","","","","","","","",""
"SpawnerPet002","180","","","","","","","","","","1000","1400","","","","","","","","","700","260","","","","","SpawnerPet002Projectile","","14","","","","","100","","","","","","","","Minion_FindEnemies","","","","SpawnerPetDefault","","","","","","","","","","","","","","","","mrp_def_pet_death","","","gen_move_fx","explosion_pengula","","","","","","","","","","","","","","","","","","","","","","","","","","","","","","30","","85","80","","","25","150","200","280","","","","","","","500","-1250","","","","","145","Medium","-35","","","","100","","","","","","","","","","footstep","25","250","160","","","","","","","","","","","","","","","","","","","","true","","","","","","","","","","","","","","","","","","","","","","","","","",""
"SpawnerPet003","181","","","","","","","","","","1000","1400","","","","","","","","","700","260","","","","","SpawnerPet003Projectile","","14","","","","","100","","","","","","","","Minion_FindEnemies","","","","SpawnerPetDefault","","","","","","","","","","","","","","","","mrp_def_pet_death","","","gen_move_fx","explosion_pengula","","","","","","","","","","","","","","","","","","","","","","","","","","","","","","30","","85","80","","","25","150","200","280","","","","","","","500","-1250","","","","","145","Medium","-35","","","","100","","","","","","","","","","footstep","25","250","160","","","","","","","","","","","","","","","","","","","","true","","","","","","","","","","","","","","","","","","","","","","","","","",""
"037424c2385e031824f496c787e2ab8f473b70f8","","","true","shelly","ShotgunGirlWeapon","ShotgunGirlUlti","","","","","800","3900","","","","","","","","","","","","","","","","","12","","","","","134","60","30","","","5","20","5","Hero","","","","BanditGirlDefault","MasteryShotgunGirl","TrophyRewardsShotgunGirl","","","","","","","","","","","","takedamage_gen","","death_shotgun_girl","","true","gen_move_fx","reload_shotgun_girl","no_ammo_shotgungirl","dry_fire_shotgungirl","","","","","","","","","","","","","","","","","","","Shelly_Kill","Shelly_Lead","Shelly_Start","Utilshotgun_Vo","ShellyTakedamge_Vo","Shelly_Die","","Shelly_Start","2","30","","80","80","","","35","116","210","284","90","175","260","290","","","","","","-400","-25","40","120","Medium","-48","","","","450","","","TID_SHOTGUN_GIRL","damage_dealer","","sc/hero_portraits.sc","hero_icon_shelly","mastery_brawler_icon_shelly","1000","footstep","25","250","200","","","1","3","2","","","","","","","","","","","","","ShellyTutorial","","","","","","","","","4","3","2","","","","","","","","","","","","","","ShotgunGirlBuddy","","",""
"CaptureFlag","183","","","","","","","","","","","600","","","","","","","","","","","","","","","","","","","","","","","","","","","","","","Carryable","","","CaptureFlag","CtfGift","","","","","","","","","","","","","","","","mode_gift_goal","","","","mode_gift_destoryed","","","","","","","","","","","","","","","","","","","","","","","","","","","","","","","","80","80","","","25","100","","","","","","","","","","","","","","","140","Medium","-30","","","","","","","","","","","","","","","","","160","","","","","","","","","","","","","","","","","","","","","","","","","","","","","","","","","","","","","","","","","","","","","",""
"Bee","184","","","","","","","","","","","1","","","","","","","","","","","","","","","","","","","","","","","","","","","","","","Minion_FollowOwner","","","","BeeSniperDefaultAddonBee","","","","","","","","","","","","","","","","","","","","","","","","","","","","","","","","","","","","","","","","","","","","","","","","","","","","80","80","","","25","116","200","320","90","190","270","270","","","","","","","","","","","","","","","","","","","","","","","","","","","","","","","","","","","","","","","","","","","","","","","","","","","","","","","","","","","","","","","","","","","","","","","","","",""
"NinjaFake","185","","","","","","","","","","855","3200","","","","","","","","","400","800","","","","","LeonDefProjectile","","25","","","","","105","100","30","","","5","20","5","Minion_Mirage","","","","NinjaDefault","","","","","","","","","","","","","","takedamage_gen","","death_ninja","","","gen_move_fx","reload_leon","no_ammo_shotgungirl","dry_fire_leon","","","","","","","","","","","","","","","","","","","Leon_kill_vo","Leon_lead_vo","Leon_start_vo","Leon_ulti_vo","Leon_hurt_vo","Leon_die_vo","","","","50","","80","80","","","35","116","190","330","80","150","270","290","","","","","","","","","120","Medium","-55","","","","450","","","","","","","","","","footstep","25","250","130","","","3","2","1","","","","","","","","","","","","","LeonTutorial","","","","","","","","","4","2","3","","","","","","","","","","","","","","","","",""
"BeeSniperSlowPot","186","","","","","","","","","","","1000","","","30","","","","","","","","","","","","","","12","","","","","","","","","","","","","Minion_Building","","","","BeeSniperSlowPotDefault","","","","","","","","","","","BeeSniperSlowArea","","","nuts_bolts_metal_small","","nuts_bolts_metal_explosion","","","","","","","gadget_bea_honeypot_spawn","","","","","","","","","","","","","","","","","","","","","","","","","","","","","75","75","","","25","120","220","300","","","","","","","1400","-500","","","","","120","Medium","-49","","","","300","","","","","","","","","","footstep","25","400","160","","","","","","","","","","","","","","","","","","","","","","","","","","","","","","","","","","","","","","","","","","","","","",""
"BowDudeTotem","187","","","","","","","","","","","1000","","","50","","","","","","","","","","","","","","12","","","","","","","","","","","","","Minion_Building","","","","BowDudeTotemDefault","","","","","","","","","","","BowDudeSuperChargeArea","","","nuts_bolts_metal_small","","bo_def_gadget1_death","","","","","","","bo_def_gadget1_spawn","","","","","","","","","","","","","","","","","","","","","","","","","","","","","75","75","","","25","120","220","300","","","","","","","1400","-500","","","","","120","Medium","-49","","","","300","","","","","","","","","","footstep","25","400","160","","","","","","","","","","","","","","","","","","","","","","","","","","","","","","","","","","","","","","","","","","","","","",""
"ControllerAddon","188","","","","","","","","","","","1","","","","","","","","","","","","","","","","","","","","","","","","","","","","","","Minion_FollowOwner","","","","ControllerDefaultAddon","","","","","","","","","","","","","","","","","","","","","","","","","","","","","","","","","","","","","","","","","","","","","","","","","","","","80","80","","","25","116","210","300","90","175","270","270","","","","","","","","","","","","","","","","","","","","","","","","","","","","","","","","","","","","","","","","","","","","","","","","","","","","","","","","","","","","","","","","","","","","","","","","","",""
"RaidBoss_TownCrush","189","","","","BossTownCrushAoE","BossTownCrushCharge","","","","","550","150000","","","","","","","","","400","800","","","","","RaidBossTCBasicAttackProjectile","","9","","","","","","","","","","","","","Npc_Boss_TownCrush","","","","BossKaijuDefault","","","","","","","","","","","","","","nuts_bolts_metal_small","","boss_explosion","","","gen_move_fx","","","","robo_spawn","","","mode_tc_boss_atk_melee","","","","","","","","","","","","","","","","","","","","","","","","30","150","85","80","","","25","100","200","270","","","","","","","","","","","","","280","Medium","-130","","","","500","","","","","","","","","","footstep","60","400","160","","","","","","","","","","","","","","","","","","","","","","","","","","","","","","","","","","","","","","","","","","","","","",""
"RuffsCover","190","","","","","","","","","","","1500","","","","","","","","","","","","","","","","","12","","true","","","","","","","","","","","Minion_Building","","","","RuffsCoverDefault","","","true","","","","","","","","","","","nuts_bolts_metal_small","","nuts_bolts_metal_explosion","","","","","","","gadget_bo_totem_spawn","","","","","","","","","","","","","","","","","","","","","","","","","","","","","75","75","","","25","300","","","","","","","","","1400","-500","","","","","120","Medium","-33","","","","300","","","","","","","","","","footstep","25","400","160","","","","","","","","","","","","","","","","","","","","","","","","","","","","","","","","","","","","","","","","","","","","","",""
"BlackHolePetGadget","191","","","","","","","","","","870","540","","","","","","","","","600","335","","","","","","","5","","","","","","","","","","","","","Minion_FindEnemies","","","","BlackholePetDefault","","","","","","","","","","","","","","","","death_shotgun_girl","","","","","","","tara_def_ulti_starpower_spawn","","","bear_attack","","","","","","","","","","","","","sparkle_trail_dark_minion","","","","","","","","","","","30","","85","80","","","25","95","200","270","","","","","","","","","","","","","90","Medium","-43","","","","350","","","","","","","","","","","25","250","160","","","","","","","","","","","","","","","","","","","","","","","","","","","","","","","","","","","","","","","","","","","","","",""
"SpeedBooster","192","","","","","","","","","","","1000","","","100","","","","","","","","","","","","","","12","","","","","","","","","","","","","Minion_Building","","","","SpeedBoosterDefault","","","","","","","","","","","SpeedBoost","","","nuts_bolts_metal_small","","nuts_bolts_metal_explosion","","","","","","","8bit_def_ulti_spawn","","","","","","","","","","","","","","","","","","","","","","","","","","","","","75","75","","","25","250","220","300","","","","","","","1400","-500","","","","","120","Medium","-49","","","","300","","","","","","","","","","footstep","25","400","160","","","","","","","","","","","","","","","","","","","","","","","","","","","","","","","","","","","","","","","","","","","","","",""
"SpawnerPetGadget","193","","","","","","","","","","800","700","","","","","","","","","700","200","","","","","SpawnerPetProjectile","","14","","","","","1","","","","","","","","Minion_FindEnemies","","","","SpawnerPetDefault","","","","","","","","","","","","","","","","mrp_def_pet_death","","","gen_move_fx","","","","nita_def_ulti_spawn","","","","","","","","","","","","","","","","","","","","","","","","","","","30","","85","80","","","25","100","200","280","","","","","","","500","-1250","","","","","145","Medium","-35","","","","100","","","","","","","","","","footstep","25","250","160","","","","","","","","","","","","","","","","","","","","true","","","","","","","","","","","","","","","","","","","","","","","","","",""
"HoldingBall","194","","","","","","","","","","","100","","","","","","","","","","","","","","","","","","","","","","","","","","","","","","Carryable","","","HoldingBall","Trophy","","","","","","","","","","","","","","","","mode_gift_destoryed","","","","","","","","","","","","","","","","","","","","","","","","","","","","","","","","","","","","50","50","","","25","100","","","","","","","","","","","","","","","200","Medium","-60","","","","","","","","","","","","","","","","","160","","","","","","","","","","","","","","","","","","","","","","","","","","","","","","","","","","","","","","","","","","","","","",""
"VolleyBall","195","","","","","","","","","","","1","","","","","","","","","","","","","","","","","","","","","","","","","","","","","","Carryable","","","VolleyBall","Volleyball","","","","","","","","","","","","","","","","laser_ball_goal","","","","","","","","","","","","","","","","","","","","","","","","","","","","","","","","","","","","50","50","","","25","100","","","","","","","","","","","","","","","320","Medium","-30","","","","","","","","","","","","","","","","","160","","","","","","","","","","","","","","","","","","","","","","","","","","","","","","","","","","","","","","","","","","","","","",""
"BasketBall","196","","","","","","","","","","","1","","","","","","","","","","","","","","","","","","","","","","","","","","","","","","Carryable","","","BasketBall","Basketball","","","","","","","","","","","","","","","","mode_gift_destoryed","","","","","","","","","","","","","","","","","","","","","","","","","","","","","","","","","","","","50","50","","","25","100","","","","","","","","","","","","","","","120","Medium","-30","","","","","","","","","","","","","","","","","160","","","","","","","","","","","","","","","","","","","","","","","","","","","","","","","","","","","","","","","","","","","","","",""
"CactusCover","197","","","","","","","","","","","1750","","","","","","","","","","","","","","","","","","","","","","","","","","","","","","Minion_Building","","","","CactusCoverDefault","","","","","","","","","","","","CactusCoverHeal","","gadget_spike_cactus_damaged","","gadget_spike_cactus_destroyed","","","","","","","gadget_bo_totem_spawn","","","","","","","","","","","","","","","","","","","","","","","","","","","","","75","75","","","25","120","220","300","","","","","","","1400","-500","","","","","120","Medium","-49","","","","300","","","","","","","","","","footstep","25","400","160","","","","","","","","","","","","","","","","","","","","","","","","","","","","","","","","","","","","","","","","","","","","","",""
"NinjaInvisibleArea","198","","","","","","","","","","","1000","","","100","","","","","","","","","","","","","","12","","","","","","","","","","","","","Minion_Building","","","","NinjaInvisibleAreaDefault","","","","","","","","","","","NinjaInvisibleArea","","","nuts_bolts_metal_small","","leon_def_gadget2_death_explode","","","","","","","gadget_bo_totem_spawn","","","","","","","","","","","","","","","","","","","","","","","","","","","","","75","75","","","25","120","220","300","","","","","","","1400","-500","","","","","120","Medium","-49","","","","300","","","","","","","","","","footstep","25","400","160","","","","","","","","","","","","","","","","","","","","","","","","","","","","","","","","","","","","","","","","","","","","","",""
"StuDrums","199","","","","","","","","","","","1","","","","","","","","","","","","","","","","","","","","","","","","","","","","","","Minion_Building","","","","","","","","","","","","","","","","","","","","","","","","","","","","","","","","","","","","","","","","","","","","","","","","","","","","","","","","","","","","","","","","","","","","","","","","","","","","","","","","","","","","","","","","","","","","","","","","","","","","","","","","","","","","","","","","","","","","","","","","","","","","","","","","","","","","","","","","","","","","",""
"KnightPet","200","","","","","","","","","","1200","300","","","","","","","","","1000","300","","","","","","","","","","","","1","","","","","","","","Minion_FindEnemies","","","","KnightPetDefault","","","","","","","","overchargeactivepet_ash","","","","KnightPetExplosion","KnightPetOverchargedExplosion","nuts_bolts_metal_small","","nuts_bolts_metal_explosion","","","","","","","ash_def_ulti_spawn","ash_def_oc_ulti_spawn","","","","","","","","","","","","","","","","","","","","","","","","","","","","85","80","","","25","200","200","270","","","","","","","","","","","","","90","Medium","-43","","","","","","","","","","","","","","","25","250","","","","","","","","","","","","","","","","","","","","","","","","","","","","","","","","","","","","","","","","","","","","","","",""
"MechaDudeBig","201","","","","MechaDudeBigWeapon","MechaDudeBigUlti","MechaDudeBigOverchargedUlti","","","","750","3700","","Brawler_MechaDude","","","","","","","","","","","","","","","12","","","","","","","40","","","5","20","5","Hero","","","","MechaDudeBigDefault","","","","","","","","","","","","","","takedamage_gen","","mecha_def_ulti2_death","","true","gen_move_fx","meg_reload","no_ammo_shotgungirl","meg_dryfire","","","","","","","","","","","","","","","","","","","Meg_kill_vo","Meg_lead_vo","Meg_start_vo","Meg_ulti_vo","Meg_hurt_vo","Meg_die_vo","","Meg_start_vo","","45","200","80","80","","","35","116","190","300","80","150","270","270","","","200","-1000","","","","80","145","Medium","-80","","","","450","","","TID_MECHA_DUDE","tank","","sc/hero_portraits.sc","hero_icon_meg","","100","footstep","35","350","160","","","2","3","1","","","","","","","","","","","","","","","","","","","","","","4","3","2","","","","IS_MECHA","","","","","","","","","","","","",""
"DuplicatorPet","202","","","","DuplicatorWeapon","DuplicatorUlti","","","OverchargedDuplicatorPet","","750","2200","DuplicatorPet1","","","","","","","","","","","","","","","","6","","","","","","","","","","","","","Minion_Duplicate","","","","DuplicatorDefault","","","","","","","","","","","","","","","","death_bull_dude","","","gen_move_fx","","","","nita_def_ulti_spawn","","","bear_attack","","","","","","","","","","","","","","","","","","","","","","","","30","","85","80","","","25","106","200","280","","","","","","","500","-1250","","","","","145","Medium","-63","","","","100","","","","","","","","","","footstep","25","250","160","","","","","","","","","","","","","","","","","","","","","","","","","","","","","","","","","IS_DUPLICATOR_PET","","","","","","","","","","","","",""
"MechaDudeAddon","203","","","","","","","","","","","1","","","","","","","","","","","","","","","","","","","","","","","","","","","","","","Minion_FollowOwner","","","","MechaDudeBigDefaultAddon","","","","","","","","","","","","","","","","","","","","","","","","","","","","","","","","","","","","","","","","","","","","","","","","","","","","80","80","","","35","100","100","200","90","190","250","250","","","","","","","","","","","","","","","","","","","","","","","","","","","","","","","","","","","","","","","","","","","","","","","","","","","","","","","","","","","","","","","","","","","","","","","","","",""
"f12191a373cbc743d1f7554b27999006a017d2eb","","","true","shelly","ShotgunGirlWeapon","ShotgunGirlUlti","","","","","800","3900","","","","","","","","","","","","","","","","","12","","","","","134","60","30","","","5","20","5","Hero","","","","BanditGirlDefault","MasteryShotgunGirl","TrophyRewardsShotgunGirl","","","","","","","","","","","","takedamage_gen","","death_shotgun_girl","","true","gen_move_fx","reload_shotgun_girl","no_ammo_shotgungirl","dry_fire_shotgungirl","","","","","","","","","","","","","","","","","","","Shelly_Kill","Shelly_Lead","Shelly_Start","Utilshotgun_Vo","ShellyTakedamge_Vo","Shelly_Die","","Shelly_Start","2","30","","80","80","","","35","116","210","284","90","175","260","290","","","","","","-400","-25","40","120","Medium","-48","","","","450","","","TID_SHOTGUN_GIRL","damage_dealer","","sc/hero_portraits.sc","hero_icon_shelly","mastery_brawler_icon_shelly","1000","footstep","25","250","200","","","1","3","2","","","","","","","","","","","","","ShellyTutorial","","","","","","","","","4","3","2","","","","","","","","","","","","","","ShotgunGirlBuddy","","",""
"CrossBomberVisionTower","205","","","","","","","","","","","1500","","","50","","","","","","","","","","","","","","12","","","","","","","","","","","","","Minion_Building","","","","CrossBomberVisionTowerDefault","","","","","","","","","","","CrossBomberVisionArea","","","nuts_bolts_metal_small","","nuts_bolts_metal_explosion","","","","","","","8bit_def_ulti_spawn","","","","","","","","","","","","","","","","","","","","","","","","","","","","","75","75","","","25","180","220","300","","","","","","","1400","-500","","","","","120","Medium","-49","","","","300","","","","","","","","","","footstep","25","400","160","","","","","","","","","","","","","","","","","","","","","","","","","","","","","","","","","","","","","","","","","","","","","",""
"SafeVoxel","206","","","","","","","","","","","40000","","","","","","","","","700","","","","","","","","20","","","","","","","","","","","","","Pvp_Base","","","","SafeVoxel","","","","","","","","","","","","","","safe_voxel_hit","","safe_explosion","","","","","","","","","","","","","","","","","","","","","","","","","","","","","","","","","","","","100","-100","","","","84","","","","","","","","","","","","","","","160","Medium","-75","","","","300","","","","","","","","","","footstep","25","400","160","","","","","","","","","","","","","","","","","","","","","","","","","","","","","","","","","","","","","","","","","","","","","",""
"FleaBigEgg","207","","","","","","","FleaPet","FleaOverchargedBigEgg","","","1900","","","","","100","","","","4000","","4","AlwaysSpread","","","FleaSpawnProjectile","FleaOverchargedSpawnProjectile","13","","","","","","","","","","","","","Minion_Building","","","","FleaBigEggDefault","","","","","","","","","","","","","","nuts_bolts_metal_small","","nuts_bolts_metal_explosion","","","","","","","tara_def_ulti_starpower_spawn","","","","","","","","","","","","","","","","","","","","","","","","","","","35","","75","75","","","25","250","180","243","","","","","","","1000","-1400","","","","","120","Medium","-45","","","","150","","","","","","","","","","footstep","25","400","160","","","","","","","","","","","","","","","","","","","","","","10","","","","","","","","","","","SPAWN_PETS_AFTER_LIFETIME","","","","","","","","","","","","",""
"FleaOverchargedBigEgg","208","","","","","","","FleaPet","FleaOverchargedBigEgg","","","1900","","","160","","120","true","","","850","","1","AlwaysSpread","","","FleaSpawnProjectile","","13","","","","","","","","","","","","","Minion_Building","","","","FleaBigEggDefault","","","","","","","","overchargeactivepet_eve_spawn","","","","","","nuts_bolts_metal_small","","nuts_bolts_metal_explosion","flea_def_oc_ulti_explosion","","","","","","tara_def_ulti_starpower_spawn","","","","","","","","","","","","","","","","","","","","","","","","","","","35","","75","75","","","25","250","180","243","","","","","","","1000","-1400","","","","","120","Medium","-45","","","","150","","","","","","","","","","footstep","25","400","160","","","","","","","","","","","","","","","","","","","","","","10","","","","","","","","","","","SPAWN_PETS_AFTER_LIFETIME","3","","","","","","","","","","","",""
"FleaPet","209","","","","FleaPetWeapon","FleaPetUltiDummy","","","","","1000","1700","","","100","","","","","","","","","","","","","","","","","","","1","","","","","","","","Minion_FindEnemies","","","","FleaPetDefault","","","","","","","","overchargeactivepet_eve","","FleaPetDot","","","","","","electricity_end_blue","","","gen_move_fx","","","","tara_def_ulti_starpower_spawn","","","bear_attack","","","","","","","","","","","","","","","","","","","","","","","","30","","85","80","","","25","100","200","280","","","","","","","500","-1250","","","","","145","Medium","-63","","","","100","","","","","","","","","","footstep","25","250","160","","","","","","","","","","","","","","","","","","","","true","","","","","","","","","","","","","ATTACH_AND_LEECH","","","","","","","","","","","","",""
"FleaHealingPet","210","","","","FleaPetWeapon","FleaPetUltiDummy","","","","","1000","1700","","","100","","","","","","","","","","","","","","","","","","","1","","","","","","","","Minion_FindEnemies","","","","FleaPetDefault","","","","","","","","overchargeactivepet_eve","","FleaPetHot","","","","","","electricity_end_blue","","","gen_move_fx","","","","tara_def_ulti_starpower_spawn","","","bear_attack","","","","","","","","","","","","","","","","","","","","","","","","30","","85","80","","","25","50","200","280","","","","","","","500","-1250","","","","","145","Medium","-63","","","","100","","","","","","","","","","footstep","25","250","160","","","","","","","","","","","","","","","","","","","","true","","","","","","","","","","","","","ATTACH_AND_LEECH","","","","","","","","","","","","",""
"Payload","211","","","","","","","","","","","1","","","","","","","","","","","","","","","","","","","","","","","","","","","","","","Payload","","","","PayloadDefault","","","true","","","","","","","","","","","","","","","","gen_move_fx","","","","","","","","","","","","","","","","","","","","","","","","","","","","","","","","","80","80","","","25","250","","","","","","","","","","","","","","","160","","","","","","","","","","","","","","","","","130","50","","","","","","","","","","","","","","","","","","","","","","","","","","","","","","","","","","","","","","","","","","","","","","",""
"FleaExtraPet","212","","","","FleaPetWeapon","FleaPetUltiDummy","","","","","1000","500","","","100","","","","","","","","","","","","","","","","","","","1","","","","","","","","Minion_FindEnemies","","","","FleaPetDefault","","","","","","","","","","FleaExtraPetDot","","","","","","electricity_end_blue","","","gen_move_fx","","","","tara_def_ulti_starpower_spawn","","","bear_attack","","","","","","","","","","","","","","","","","","","","","","","","30","","85","80","","","25","70","200","280","","","","","","","500","-1250","","","","","145","Medium","-63","","","","100","","","","","","","","","","footstep","25","250","160","","","","","","","","","","","","","","","","","","","","true","","","","","","","","","","","","","ATTACH_AND_LEECH","","","","","","","","","","","","",""
"CannonGirlSmall","213","","","","CannonGirlSmallWeapon","CannonGirlSmallUlti","","","","","855","3100","","","","","","","","","","","","","","","","","12","","","","","100","100","40","","","5","20","5","Hero","","","","CannonGirlSmallDefault","","","","","","","","","","","","","","takedamage_gen","","death_ninja","","true","gen_move_fx","reload_leon","no_ammo_shotgungirl","dry_fire_leon","","","","","","","","","","","","","","","","","","","Bonnie2_Kill_VO","Bonnie2_Lead_VO","","","Bonnie2_Hurt_VO","Bonnie2_Die_VO","","Bonnie2_Kill_VO","3","35","","80","80","","","35","116","200","270","90","180","260","260","","","","","","","-50","","120","Medium","-52","","","","500","","","TID_CANNON_GIRL","marksman","","sc/hero_portraits.sc","hero_icon_bonnie","","300","footstep","25","500","100","","","2","3","1","","","","","","","","","","3500","","","","","","","","","","","","","","","","","","IS_CANNON_ASSASSIN","","","","","","","","","","","","",""
"JetpackGirlDamageTower","214","","","","","","","","","","","1000","","","100","","","","","","","","","","","","","","12","","","","","","","","","","","","","Minion_Building","","","","JetpackGirlDamageTowerDefault","","","","","","","","","","","JetpackGirlGadgetDamageArea","","","nuts_bolts_metal_small","","nuts_bolts_metal_explosion","","","","","","","gadget_bo_totem_spawn","","","","","","","","","","","","","","","","","","","","","","","","","","","","","75","75","","","25","120","220","300","","","","","","","1400","-500","","","","","120","Medium","-49","","","","300","","","","","","","","","","footstep","25","400","160","","","","","","","","","","","","","","","","","","","","","","","","","","","","","","","","","","","","","","","","","","","","","",""
"InvasionMeleeEnemy","215","","","","","","","","","","600","16000","","","33","","","","","","400","260","","","","","","","5","","","","","","","","","","","","","Minion_Invasion","","","","MeleeBotDefault","","","","","","","","","","","","","","nuts_bolts_metal_small","","nuts_bolts_metal_explosion","","true","gen_move_fx","","","","","","","coop_melee_attack","","","","","","","","","","","","","","","","","","","","","","","","30","70","85","80","","","25","100","200","270","","","","","","","","","","","","","120","Medium","-50","","","","","","","","","","","","","","footstep","25","250","130","","","","","","","","","","","","","","","","","","","","","","","","","","","","","","","","","","1","","","","","","","","","","","",""
"InvasionFastMeleeEnemy","216","","","","","","","","","","900","8000","","","33","","","","","","600","400","","","","","","","5","","","","","","","","","","","","","Minion_Invasion","","","","MeleeFastBotDefault","","","","","","","","","","","","","","nuts_bolts_metal_small","","nuts_bolts_metal_explosion","","true","gen_move_fx","","","","","","","coop_fast_melee_attack","","","","","","","","","","","","","","","","","","","","","","","","30","","85","80","","","25","125","200","270","","","","","","","","","","","","","100","Medium","-35","","","","","","","","","","","","","","footstep","25","250","130","","","","","","","","","","","","","","","","","","","","","","","","","","","","","","","","","","1","","","","","","","","","","","",""
"InvasionRangedEnemy","217","","","","","","","","","","770","6000","","","33","","","","","","1400","630","","","","30","CoopRangedEnemyProjectile","","27","","","","","","","","","","","","","Minion_Invasion","","","","RangedBotDefault","","","","","","","","","","","","","","nuts_bolts_metal_small","","nuts_bolts_metal_explosion","","true","gen_move_fx","","","","","","","coop_ranged_attack","","","","","","","","","","","","","","","","","","","","","","","","30","","85","80","","","25","127","200","270","","","","","","","","","","","","","100","Medium","-49","","","","350","","","","","","","","","","footstep","25","250","130","","","","","","","","","","","","","","","","","","","","","","","","","","","","","","","","","","1","","","","","","","","","","","",""
"InvasionBossEnemy","218","","","","BossRapidFire","BossCharge","","","","","1000","35000","","","33","","","","","","400","600","","","","","","","8","","","","","","","","","","","","","Minion_Invasion","","","","MeleeBotDefault","","","","","","","","","","","","","","nuts_bolts_metal_small","","boss_explosion","","true","gen_move_fx","","","","","","","coop_melee_attack","","","","","","","","","","","","","","","","","","","","","","","","30","150","85","80","","","25","100","200","270","","","","","","","","","","","","","220","Medium","-110","","","","500","","","","","","","","","","footstep","60","400","160","","","","","","","","","","","","","","","","","","","","","","","","","","","","","","","","","","3","","","","","","","","","","","",""
"MechaDudeReloadTower","219","","","","","","","","","","","1500","","","50","","","","","","","","","","","","","","12","","","","","","","","","","","","","Minion_Building","","","","MechaDudeReloadTowerDefault","","","","","","","","","","","MechaDudeReloadTowerArea","","","nuts_bolts_metal_small","","nuts_bolts_metal_explosion","","","","","","","gadget_bo_totem_spawn","","","","","","","","","","","","","","","","","","","","","","","","","","","","","75","75","","","25","120","220","300","","","","","","","1400","-500","","","","","120","Medium","-49","","","","300","","","","","","","","","","footstep","25","400","160","","","","","","","","","","","","","","","","","","","","true","","","","","","","","","","","","","","","","","","","","","","","","","",""
"SafeDeepsea","220","","","","","","","","","","","40000","","","","","","","","","700","","","","","","","","20","","","","","","","","","","","","","Pvp_Base","","","","SafeDeepsea","","","","","","","","","","","","","","safe_voxel_hit","","safe_explosion","","","","","","","","","","","","","","","","","","","","","","","","","","","","","","","","","","","","100","-100","","","","84","","","","","","","","","","","","","","","160","Medium","-75","","","","300","","","","","","","","","","footstep","25","400","160","","","","","","","","","","","","","","","","","","","","","","","","","","","","","","","","","","","","","","","","","","","","","",""
"Starfish","221","","","","","","","","","","","1","","","","","","","","","","","","","","","","","","","","","","","","","","","","","","Minion_FollowOwner","","","","SilencerDefaultAddonStarfish","","","","","","","","","","","","","","","","","","","","","","","","","","","","","","","","","","","","","","","","","","","","","","","","","","","","80","80","","","25","116","200","320","90","190","270","270","","","","","","","","","","","","","","","","","","","","","","","","","","","","","","","","","","","","","","","","","","","","","","","","","","","","","","","","","","","","","","","","","","","","","","","","","",""
"ArtilleryDudeCover","222","","","","","","","","","","","1500","","","","","","","","","","","","","","","","","12","","","","","","","","","","","","","Minion_Building","","","","ArtilleryDudeCoverDefault","","","","","","","","","","","","","","gadget_spike_cactus_damaged","","gadget_spike_cactus_destroyed","","","","","","","gadget_bo_totem_spawn","","","","","","","","","","","","","","","","","","","","","","","","","","","","","75","75","","","25","100","220","300","","","","","","","1400","-500","","","","","120","Medium","-49","","","","300","","","","","","","","","","footstep","25","400","160","","","","","","","","","","","","","","","","","","","","true","","","","","","","","","","","","","TRIGGER_OWNER_CHAIN_BULLET","100","","","","","","","","","","","",""
"BossBot","223","","","","BossRapidFire","BossCharge","","","","","1000","35000","","","33","","","","","","400","600","","","","","","","8","","","","","","","","","","","","","Minion_Invasion","","","","BossBotDefault","","","","","","","","","","","","","","nuts_bolts_metal_small","","boss_explosion","","","gen_move_fx","","","","","","","coop_melee_attack","","","","","","","","","","","","","","","","","","","","","","","","30","150","85","80","","","25","100","200","270","","","","","","","","","","","","","220","Medium","-110","","","","500","","","","","","","","","","footstep","60","400","160","","","","","","","","","","","","","","","","","","","","","","","","","","","","","","","","","","3","","","","","","","","","","","",""
"MeleeBot","224","","","","BossRapidFire","BossCharge","","","","","1000","35000","","","33","","","","","","400","600","","","","","","","8","","","","","","","","","","","","","Minion_Invasion","","","","MeleeBotDefault","","","","","","","","","","","","","","nuts_bolts_metal_small","","boss_explosion","","true","gen_move_fx","","","","","","","coop_melee_attack","","","","","","","","","","","","","","","","","","","","","","","","30","150","85","80","","","25","100","200","270","","","","","","","","","","","","","220","Medium","-50","","","","500","","","","","","","","","","footstep","60","400","160","","","","","","","","","","","","","","","","","","","","","","","","","","","","","","","","","","3","","","","","","","","","","","",""
"RangedBot","225","","","","","","","","","","770","6000","","","33","","","","","","1400","630","","","","30","CoopRangedEnemyProjectile","","27","","","","","","","","","","","","","Minion_Invasion","","","","RangedBotDefault","","","","","","","","","","","","","","nuts_bolts_metal_small","","nuts_bolts_metal_explosion","","true","gen_move_fx","","","","","","","coop_ranged_attack","","","","","","","","","","","","","","","","","","","","","","","","30","","85","80","","","25","127","200","270","","","","","","","","","","","","","100","Medium","-49","","","","350","","","","","","","","","","footstep","25","250","130","","","","","","","","","","","","","","","","","","","","","","","","","","","","","","","","","","1","","","","","","","","","","","",""
"MeleeFastBot","226","","","","","","","","","","900","8000","","","33","","","","","","600","400","","","","","","","5","","","","","","","","","","","","","Minion_Invasion","","","","MeleeFastBotDefault","","","","","","","","","","","","","","nuts_bolts_metal_small","","nuts_bolts_metal_explosion","","true","gen_move_fx","","","","","","","coop_fast_melee_attack","","","","","","","","","","","","","","","","","","","","","","","","30","","85","80","","","25","125","200","270","","","","","","","","","","","","","100","Medium","-65","","","","","","","","","","","","","","footstep","25","250","130","","","","","","","","","","","","","","","","","","","","","","","","","","","","","","","","","","1","","","","","","","","","","","",""
"LastStandMinion","227","","","","ArcadeWeapon","ArcadeUlti","","","","","580","12000","","","","","","","","","","","","","","","","","12","","","","","106","","","","","","","","Minion_LastStand","","","","ArcadeDefault","","","","","","","","","","","","","","takedamage_gen","","death_arcade","","true","gen_move_fx","reload_arcade","no_ammo_shotgungirl","arcade_dryfire","","","","","","","","","","","","","","","","","","","8bit_kill_vo","8bit_lead_vo","8bit_start_vo","8bit_ulti_vo","8bit_hurt_vo","8bit_die_vo","","8bit_start_vo","2","57","","80","80","","","35","116","240","300","80","210","240","240","true","","-500","","","","","80","145","Medium","-43","","","","450","","","TID_ARCADE","","","sc/hero_portraits.sc","hero_icon_8bit","","","footstep","30","400","130","","","1","3","2","","","","","","","","","","","","","","","","","","","","","","5","1","3","","","","","","","","","","","","","","","","",""
"SplitterLegs","228","","","","SplitterLegsWeapon","SplitterUlti","","","","","580","3900","","","","","","","","","","","","","","","","","","","","","","106","","","","","","","","Minion_Building","","","","SplitterLegsDefault","","","","","","","","","","","","","","takedamage_gen","","death_arcade","","true","gen_move_fx","reload_arcade","no_ammo_shotgungirl","arcade_dryfire","","","","","","","","","","","","","","","","","","","","","","","","","","","","","","80","80","","","35","116","240","300","80","210","240","240","true","","-500","","","","","80","145","Medium","-43","","","","450","","","TID_SPLITTER","","","sc/hero_portraits.sc","hero_icon_8bit","","","footstep","30","400","130","","","","","","","","","","","","","","","","","","","","","","","","","","","","","","","","","IS_SPLITTER","2","30","","","","","","","","","","",""
"CocoonerCocoon","229","","","","","","","","","","","4200","","","200","","","","","","","","","","","","","","","","","","","","","","","","","","","Minion_Building","","","","CocoonerCocoonDefault","","","","","","","","","","","","","","nuts_bolts_metal_small","","nuts_bolts_metal_explosion","","","","","","","tara_def_ulti_starpower_spawn","","","","","","","","","","","","","","","","","","","","","","","","","","","35","","75","75","","","25","100","180","243","","","","","","","1000","-1400","","","","","120","Medium","-45","","","","150","","","","","","","","","","footstep","25","400","160","","","","","","","","","","","","","","","","","","","","","","10","","","","","","","","","","","IS_COCOON","200","","","","","","","","","","","",""
"CocoonerPet","230","","","","CocoonerPetWeapon","CocoonerPetUltiDummy","","","","","1000","700","","","200","","","","","","","","","","","","","","","","","","","","","","","","","","","Minion_FindEnemies","","","","CocoonerPetDefault","","","","","","","","","","","","","","","","electricity_end_blue","","","gen_move_fx","","","","tara_def_ulti_starpower_spawn","","charlie_def_gadget_spider","","","","","","","","","","","","","","","","","","","","","","","","","30","","85","80","","","25","220","200","280","","","","","","","500","-1250","","","","","145","Medium","-15","","","","100","","","","","","","","","","footstep","25","250","160","","","","","","","","","","","","","","","","","","","","true","","","","","","","","","","","","","","","","","","","","","","","","","",""
"PercenterPet","231","","","","PercenterWeapon","PercenterUlti","","","","","720","3400","","","","","","","","","","","","","","","","","12","","","","","","","","","","","","","Minion_Percenter","","","","PercenterDefault","","","","","","","","","","","","","","takedamage_gen","","death_mechanic","","","gen_move_fx","reload_mechanic","no_ammo_shotgungirl","dry_fire_mechanic","","","","","","","","","","","","","","","","","","","Colette_Kill_VO","Colette_Lead_VO","Colette_Start_VO","Colette_Ulti_VO","Colette_Hurt_VO","Colette_Die_VO","","Colette_Start_VO","5","35","","80","80","","","35","116","210","284","","","","","","","","","","","","","120","Medium","-48","","","","400","","","","","","","","","500","footstep","40","300","160","","","","","","","","","","","","","","","","","","","","","","","","","","","","","","","","","","","","","","","","","","","","","",""
"MultiLaserBall","232","","","","","","","","","","","1","","","","","","","","","","","","","","","","","","","","","","","","","","","","","","Carryable","","","LaserBall","BallDefault","","","","","","","","","","","","","","","","laser_ball_goal","","","","","","","robo_spawn","","","","","","","","","","","","","","","","","","","","","","","","","","","","","80","80","","","25","179","","","","","","","","","","","","","","","120","","","","","","","","","","","","","","","","","","","160","","","","","","","","","","","","","","","","","","","","","","","","","","","","","","","","","","","","","","","","","","","","","",""
"TwinsPet","233","","","","TwinsWeaponShotgun","TwinsUltiDummy","","","","","770","3300","","","","","","","","","","","","","","","","","20","","","","","","","","","","5","","","Minion_Twin","","","","TwinsPetDefault","","","","","","","","overchargeactivepet_fire","","","","","","takedamage_gen","","death_barkeep","","true","gen_move_fx","reload_barkeep","no_ammo_shotgungirl","dry_fire_barkeep","twin_def_ulti_spawn","twin_def_oc_ulti_spawn","","","","","","","","","","","","","","","twin_def_pet_indicator","","","","","","","","","","","50","","80","80","","","35","116","200","285","95","170","260","260","true","","-500","-500","","","","","120","Medium","-59","","","","350","","","","","","","","","","footstep","25","350","165","","","","","","","","","","","","","","","","","","","","","","","","","","","","","","","","","","","","","","","","","","","","","",""
"ExtractionRangedEnemy","234","","","","","","","","","","770","6000","","","","","","","","","1400","630","","","","30","CoopRangedEnemyProjectile","","27","","","","","","","","","","","","","Minion_Invasion","","","","RangedBotDefault","","","","","","","","","","","","","","nuts_bolts_metal_small","","nuts_bolts_metal_explosion","","true","gen_move_fx","","","","","","","coop_ranged_attack","","","","","","","","","","","","","","","","","","","","","","","","30","","85","80","","","25","127","200","270","","","","","","","","","","","","","100","Medium","-49","","","","350","","","","","","","","","","footstep","25","250","130","","","","","","","","","","","","","","","","","","","","","","","","","","","","","","","","","","1","","","","","","","","","","","",""
"ExtractionMeleeEnemy","235","","","","","","","","","","600","10000","","","","","","","","","400","260","","","","","","","5","","","","","","","","","","","","","Minion_Invasion","","","","MeleeBotDefault","","","","","","","","","","","","","","nuts_bolts_metal_small","","nuts_bolts_metal_explosion","","true","gen_move_fx","","","","","","","coop_melee_attack","","","","","","","","","","","","","","","","","","","","","","","","30","70","85","80","","","25","100","200","270","","","","","","","","","","","","","120","Medium","-50","","","","","","","","","","","","","","footstep","25","250","130","","","","","","","","","","","","","","","","","","","","","","","","","","","","","","","","","","1","","","","","","","","","","","",""
"ExtractionFastMeleeEnemy","236","","","","","","","","","","900","8000","","","","","","","","","600","400","","","","","","","5","","","","","","","","","","","","","Minion_Invasion","","","","MeleeFastBotDefault","","","","","","","","","","","","","","nuts_bolts_metal_small","","nuts_bolts_metal_explosion","","true","gen_move_fx","","","","","","","coop_fast_melee_attack","","","","","","","","","","","","","","","","","","","","","","","","30","","85","80","","","25","125","200","270","","","","","","","","","","","","","100","Medium","-35","","","","","","","","","","","","","","footstep","25","250","130","","","","","","","","","","","","","","","","","","","","","","","","","","","","","","","","","","1","","","","","","","","","","","",""
"TrophyCritter","237","","","","","","","","","","1200","4000","","","","","","","","","","","","","","","","","","","","","","","","","","","","","","Minion_Critter","","","","TrophyCritterDefault","","","","","","","","","","","","","","nuts_bolts_metal_small","","nuts_bolts_metal_explosion","","true","gen_move_fx","","","","","","","","","","","","","","","","","","","","gen_trail_small","","","","","","","","","","","","","85","80","","","25","200","200","270","","","","","","","","","","","","","90","Medium","-43","","","","","","","","","","","","","","footstep","25","250","","","","","","","","","","","","","","","","","","","","","","","","","","","","","","","","","","","3","","","","","","","","","","","",""
"ExplodingTank","238","","","","","","","","","","","6000","","","","","","","","","","","","","","","","","","","","","","","","","","","","","","Minion_Building","","","","ExplodingTank","","","","","","","","","","","","ExplodingTankExplosion","","","","","","","","","","","","","","","","","","","","","","","","","","","","","","","","","","","","","","","","80","80","","","35","106","","","","","","","","","","","","","","","145","Medium","-50","","","","350","","","","","","","","","","footstep","25","400","160","","","","","","","","","","","","","","","","","","","","","","","","","","","","","","","","","","","","","","","","","","","","","",""
"Godzilla","239","","","","GodzillaWeapon1","GodzillaUlti","","","","","600","19000","","","","","","","","","","","","","","","","","12","","","","","100","100","","","","","","","Hero","","","","GodzillaDefault","","","","","","","","","","","","","","takedamage_gen","","death_shotgun_girl","","true","gen_move_fx","reload_shotgun_girl","no_ammo_shotgungirl","dry_fire_shotgungirl","","","bibi_def_atk_hit","","","","","","","","","","","","","","","","Shelly_Kill","Shelly_Lead","Shelly_Start","Utilshotgun_Vo","ShellyTakedamge_Vo","Shelly_Die","","Shelly_Start","2","20","","80","80","","","35","100","100","100","90","100","100","100","","","","","","-400","-25","40","280","Medium","-160","","","","450","","","","tank","","","","","","footstep","60","400","100","","","","","","true","","","","","","","","","","","","","","","","","","","","","","","","","","","IS_GODZILLA","1","","","","","","","","","","","",""
"PaintBall","240","","","","","","","","","","1","1","","","","","","","","","","","","","","","","","","","","","","","","","","","","","","Carryable","","","PaintBall","PaintballDefault","","","","","","","","","","","","","","","","laser_ball_goal","","","","","","","","","","","","","","","","","","","","","","","","","","","","","","","","","","","","80","80","","","25","179","","","","","","","","","","","","","","","120","","","","","","","","","","","","","","","","","","","160","","","","","","","","","","","","","","","","","","","","","","","","","","","","","","","","","","","","","","","","","","","","","",""
"TankArchetypeCover","241","","","","","","","","","","","1","","","","","","","","","","","","","","","","","12","","true","","","","","","","","","","","Minion_Orbiting","","","","RuffsCoversb_burger","","","true","","","","","","","","","","","","","death_tank_archetype","","","","","","","","","","","","","","","","","","","","","","","","","","","","","","","","","","","","75","75","","","25","100","","","","","","","","","1400","-500","","","","","120","","","","","","","","","","","","","","","","","","","","","","","","","","","","","","","","","","","","","","","","","","","","","","","","","","45","4","","","","","","","","","","","","","",""
"DiggerDrill","242","","","","DiggerDrillWeapon","DiggerDrillUlti","","","","","920","3500","","","","","","","","","","","","","","","","","12","","","","100","","","","","","5","20","5","Hero","","","","DiggerDrillDefault","","","","","","","","","","","","","","takedamage_gen","","death_artillery_dude","","true","gen_move_fx","otis_reload_sfx","","otis_dryfire_sfx","","","","","","","","","","","","","","","","","","","Drill_Moe_Kill_VO","Drill_Moe_Lead_VO","Drill_Moe_Start_VO","","Drill_Moe_Hurt_VO","Drill_Moe_Die_VO","","Drill_Moe_Start_VO","3","35","","80","80","","","35","80","200","200","90","180","200","200","","","","","-800","200","-50","","120","Medium","-52","","","","","","","TID_DIGGER_DRILL","tank","","sc/hero_portraits.sc","hero_icon_bonnie","","300","footstep","25","500","100","","","2","3","1","","","","","","","","","","","","","","","","","","","","","","","","","","","","IS_DIGGER_DRILL","100","200","","","","","","","","","","",""
"VolleyBallZombie","243","","","","","","","","","","","1","","","","","","","","","","","","","","","","","","","","","","","","","","","","","","Carryable","","","VolleyBall","Volleyball","","","","","","","","","","","","","","","","laser_ball_goal","","","","","","","","","","","","","","","","","","","","","","","","","","","","","","","","","","","","50","50","","","25","100","","","","","","","","","","","","","","","320","Medium","-30","","","","","","","","","","","","","","","","","160","","","","","","","","","","","","","","","","","","","","","","","","","","","","","","","","","","","","","","","","","","","","","",""
"HighlightEnvironment","244","","","","","","","","","","","1","","","","","","","","","","","","","","","","","","","","","","","","","","","","","","Minion_Building","","","","HighlightEnvironmentDefault","","","","","","","","","","","","","","","","","","","","","","","","","","","","","","","","","","","","","","","","","","","","","","","","","","","","","","","","","","100","100","","","","","","","","","","","","","","","","","","","","","","","","","","","","","","","","100","","","","","","","","","","","","","","","","","","","","","","","","","","","","","","","","","","","","","","","","","","","","","",""
"DemonicPet","245","","","","","","","","","","1300","2000","","","","","","","","","600","600","","","","","","","5","","","","","","","","","","","","","Minion_FindEnemies","","","","DemonicPetDefault","","","","","","","","","","","","","","","","death_shotgun_girl","","","","","","","tara_def_ulti_starpower_spawn","","","bear_attack","","","","","","","","","","","","","sparkle_trail_dark_minion","","","","","","","","","","","30","","85","80","","","25","220","200","270","","","","","","","","","","","","","90","Medium","-43","","","","350","","","","","","","","","","","25","250","160","","","","","","","","","","","","","","","","","","","","","true","","","","","","","","","","","","","","","","","","","","","","","","",""
"DamageBoosterOvercharge","246","","","","","","","","DamageBooster","","","4600","","","","","","","","","250","230","","","","30","ArcadeOverchargedTurretProjectile","ArcadeOverchargedTurretProjectile","27","","","","","1","1","","","","","","","Minion_Building","","","","DamageBoosterOverchargeDefault","","","","","","","","overchargeactivepet","true","","DamageBoost","","","nuts_bolts_metal_small","","nuts_bolts_metal_explosion","","","","","","","8bit_def_ulti_spawn","","","nani_def_oc_muzzle","","","","","","","","","","","","","","","","","","","","","","","","35","125","75","75","","","25","180","220","297","","","","","","","1000","-400","","","","","120","Medium","-32","","","","220","","","","","","","","","","footstep","25","400","160","","","","","","","","","","","","","","","","","","","","","","","","","","","","","","","","","IS_ARCADE_TURRET","","","","","","","","","","","","",""
"VoodooPet","247","","","","","","","","","","610","4000","","","","","","","","","900","800","","","","","VoodooPetProjectile","VoodooPetOverchargedProjectile","20","","","","","1","","","","","","","","Minion_FindEnemies","","","","VoodooPetDefault","","","","","","","","","","","","","","","","death_bull_dude","","","gen_move_fx","","","","selena_def_ulti_summon","twin_def_oc_ulti_spawn","","","","","","","","","","","","","","","","","","","","","","","","","","30","","85","80","","","25","106","200","280","","","","","","","500","-1250","","","","","145","Medium","-32","","","","100","","","","","","","","","","footstep","90","200","160","","","","","","true","water_footstep","","","","","","","","","","","","","","","","","","","","","","","","","","","","","","","","","","","","","","",""
"AngelicPet","248","","","","","","","","","","600","1000","","","","","","","","","300","200","","","","","WrathOfAnAngelProjectile","","15","","","","","","","","","","","","","Minion_FindEnemies","","","","AngelicPetDefault","","","","","","","","","","","","","","","","death_shotgun_girl","","","","","","","toy_angel_smith_pole","","","","","","","","","","","","","","","","toy_angel_pet_glow","","","","","","","","","","","30","","85","80","","","25","180","200","270","","","","","","","","","","","","","90","Medium","-43","","","","350","","","","","","","","","","","25","250","160","","","","","","","","","","","","","","","","","","","","","true","","","","","","","","","","","","","","","","","","","","","","","","",""
"AngelicPetBig","249","","","","","","","","","","870","5000","","","","","","","","","600","500","","","","","BlackHolePet2Projectile","","15","","","","","","","","","","","","","Minion_FindEnemies","","","","AngelicPetDefault","","","","","","","","","","","","","","","","death_shotgun_girl","","","","","","","toy_angel_smith_pole","","","","","","","","","","","","","","","","toy_angel_pet_glow","","","","","","","","","","","30","","85","80","","","25","280","200","270","","","","","","","","","","","","","90","Medium","-43","","","","350","","","","","","","","","","","25","250","160","","","","","","","","","","","","","","","","","","","","","true","","","","","","","","","","","","","","","","","","","","","","","","",""
"DemonicPetSiege","250","","","","","","","","","","900","8000","","","","","","","","","600","300","","","","","","","5","","","","","","","","","","","","","RoboWars","","","","DemonicPetDefault","","","","","","","","","","","","","","","","death_shotgun_girl","","","","","","","tara_def_ulti_starpower_spawn","","","bear_attack","","","","","","","","","","","","","petwars_pet_glow","","","","","","","","","","","30","","85","80","","","25","120","200","270","","","","","","","","","","","","","120","Medium","-43","","","","350","","","","","","","","","","","25","250","160","","","","","","","","","","","","","","","","","","","","","true","","","","","","","","","","","","","","","","","","","","","","","","",""
"AngelicPetSiege","251","","","","","","","","","","900","8000","","","","","","","","","600","300","","","","","","","5","","","","","","","","","","","","","RoboWars","","","","AngelicPetDefault","","","","","","","","","","","","","","","","death_shotgun_girl","","","","","","","tara_def_ulti_starpower_spawn","","","bear_attack","","","","","","","","","","","","","petwars_pet_glow","","","","","","","","","","","30","","85","80","","","25","120","200","270","","","","","","","","","","","","","120","Medium","-43","","","","350","","","","","","","","","","","25","250","160","","","","","","","","","","","","","","","","","","","","","true","","","","","","","","","","","","","","","","","","","","","","","","",""
"AirDisc","252","","","","","","","","","Component","130","1","","Carryable","","","","","","","","","","","","","","","","","","","","","","","","","","","","Carryable","","","AirDisc","AirDiscDefault","","","","","","","","","","","","","","","","laser_ball_goal","","","","","","","robo_spawn","","","","","","","","","","","","","","","","","","","","","","","","","","","","","80","80","","","25","179","","","","","","","","","","","","","","","160","","","","","","","","","","","","","","","","","","","160","","","","","","","","","","","","","","","","","","","","","","","","","","","","","","","","","","","","","","","","","","","","","",""
"LightyearSword","253","","true","","LightyearSwordWeapon","LightyearSwordUlti","","","","","820","4200","","","","","","","","","","","","","","","","","12","","","","","75","100","30","","","5","20","5","Her0","","","","","MasterySamurai","","","","","","","","","","","","","takedamage_gen","","death_undertaker","","true","gen_move_fx","kenji_reload","no_ammo_shotgungirl","kenji_dryfire","","","dummy_effect","","","","","","","","","","","","","","","","Buzz_Lightyear_Kill_VO","Buzz_Lightyear_Lead_VO","Buzz_Lightyear_Start_VO","Buzz_Lightyear_Ulti_VO","Buzz_Lightyear_Hurt_VO","Buzz_Lightyear_Die_VO","","Buzz_Lightyear_Start_VO","1","50","","80","80","","","35","105","200","235","90","180","220","230","","","","","-100","-100","","20","120","Medium","-59","","","","350","","","TID_SAMURAI","assassin","","sc/hero_portraits.sc","hero_icon_samurai","","","footstep","25","350","165","","","1","2","3","","","","","","","","","","","240","","","","","","","","","","","5","1","2","","","","LIGHTYEAR_SWORD","","","","","","","","","","","","",""
"LightyearFlight","254","","true","","LightyearFlightWeapon","LightyearFlightUlti","","","","","820","3600","","","","","","","","","","","","","","","","","12","","","","","90","45","30","","","5","20","5","Her0","","","","","MasteryNinja","","","","","","","","","","","","","takedamage_gen","","death_ninja","","true","gen_move_fx","reload_leon","no_ammo_shotgungirl","dry_fire_leon","","","","","","","","","","","","","","","","","","","Buzz_Lightyear_Kill_VO","Buzz_Lightyear_Lead_VO","Buzz_Lightyear_Start_VO","Buzz_Lightyear_Ulti_VO","Buzz_Lightyear_Hurt_VO","Buzz_Lightyear_Die_VO","","Buzz_Lightyear_Start_VO","2","50","","80","80","","","35","105","200","235","90","180","220","230","","","","","","","","","120","Medium","-55","","","","450","","","TID_NINJA","assassin","","sc/hero_portraits.sc","hero_icon_leon","","","footstep","25","250","130","","","3","2","1","","","","","","","","","","","","","","","","","","","","","","4","2","3","","","","LIGHTYEAR_FLIGHT","","","","","","","","","","","","",""
"PayloadSingle","255","","","","","","","","","","","1","","","","","","","","","","","","","","","","","","","","","","","","","","","","","","Payload","","","","PayloadSingleDefault","","","true","","","","","","","","","","","","","","","","gen_move_fx","","","","","","","","","","","","","","","","","","","","","","","","","","","","","","","","","80","80","","","25","250","","","","","","","","","","","","","","","160","","","","","","","","","","","","","","","","","130","50","","","","","","","","","","","","","","","","","","","","","","","","","","","","","","","","","","","","","","","","","","","","","","",""
"ArenaTower","256","","","","","","","","","","","60000","","","","","","","","20","810","1000","","","","","MtowerProjectile","","17","","","","","","","","","","","","","Pvp_Base","","","","MturretDefault","","","","","","","","","","","","","","nuts_bolts_metal_small","","siege_base_destroyed","","","","","","","","","","mtower_muzzle","","","","","","","","","","","","","","","","","","","","","","","","40","","100","-100","","","","650","","","","","","","","","","","","","","","160","Medium","-70","","120","","300","","","","","","","","","","footstep","25","400","160","","","","","","","","","","","","","","","","","","","","","","","","","","","","","","","","","MOBA_TOWER","","","","","","","","","","","","",""
"ArenaBase","257","","","","","","","","","","","50000","","","","","","","","","100","80","","","","","ArenaBaseProjectile","","25","","","","","","","","","","","","","Pvp_Base","","","","ArenaBaseDefault","","","","","","","","","","","","","","nuts_bolts_metal_small","","siege_base_destroyed","","","","","","","","","","mhome_muzzle","","","","","","","","","","","","","","","","","","","","","","","","","","100","-100","","","","710","","","","","","","","","","","","","","","160","Medium","-100","","120","","300","","","","","","","","","","footstep","25","400","160","","","","","","","","","","","","","","","","","","","","","","","","","","","","","","","","","MOBA_BASE","","","","","","","","","","","","",""
"ArenaMelee","258","","","","","","","","","","600","8000","","","","","","","","","400","200","","","","","","","4","","","","","","","","","","","","","ArenaMinion","","","","MeleeBotDefault","","","","","","","","","","","","","","","","death_arena_minion","","","","","","","","","","robot_m_attack","","","","","","","","","","","","","","","","","","","","","","","","30","","85","80","","","25","60","200","270","","","","","","","","","","","","","120","Medium","-43","60","85","","350","","","","","","","","","","","25","250","160","","","","","","","","","","","","","","","","","","","","","true","","","","","","","","","","","","MOBA_MEELE_MINION","","","","","","","","","","","","",""
"ArenaRange","259","","","","","","","","","","600","6000","","","","","","","","","600","400","","","","30","CoopRangedEnemyProjectile","","10","","","","","","","","","","","","","ArenaMinion","","","","RangedBotDefault","","","","","","","","","","","","","","","","death_arena_minion","","","","","","","","","","","","","","","","","","","","","","","","","","","","","","","","","","30","","85","80","","","25","60","200","270","","","","","","","","","","","","","120","Medium","-43","60","85","","350","","","","","","","","","","","25","250","160","","","","","","","","","","","","","","","","","","","","","true","","","","","","","","","","","","MOBA_RANGE_MINION","","","","","","","","","","","","",""
"ArenaBig","260","","","","","","","","","","250","70000","","","","","","","","","1000","1500","","","","","MobaBigKaijuProjectile","","8","","","","","","","","","","","","","ArenaJungle","","","","MOBAKaiju","","","","","","","","","","","","","","nuts_bolts_metal_small","","nuts_bolts_metal_explosion","","","","","","","minion_spawn_big","","","jessie_def_turret_atk","","","","","","","","","","","","","","","","","","","","","","","","35","125","75","75","","","25","150","220","297","","","","","","","1000","-400","","","","","120","Medium","-100","","120","","220","","","","","","","","","","footstep","25","400","160","","","","","","","","","","","","","","","","","","","","","","","","","","","","","","","","","MOBA_BIG_CAMP","","","","","","","","","","","","",""
"ArenaSmall","261","","","","","","","","","","400","11000","","","","","","","","","1000","1000","","","","","BossProjectile","","5","","","","","","","","","","","","","ArenaJungle","","","","BossBotDefault","","","","","","","","","","","","","","nuts_bolts_metal_small","","nuts_bolts_metal_explosion","","","","","","","spawnturret","","","","","","","","","","","","","","","","","","","","","","","","","","","35","125","75","75","","","25","70","220","297","","","","","","","1000","-400","","","","","120","Medium","-82","","","","220","","","","","","","","","","footstep","25","400","160","","","","","","","","","","","","","","","","","","","","","","","","","","","","","","","","","MOBA_SMALL_CAMP","","","","","","","","","","","","",""
"UNOCard","262","","","","","","","","","InvertedQuartic","","600","","","","","","","","","","","","","","","","","","","","","","","","","","","","","","Carryable","","","UNOCard","UNOCardDefault","","","","","","","","","","","","","","","","","","","","","","","spawn_plasmoid","","","","","","","","","","","","","","","","","uno_special_card","","","","","","","","","","","","50","50","","","25","100","","","","","","","","","","","","","","","120","","-60","","","","","","","","","","","","","","","","","160","","","","","","","","","","","","","","","","","","","","","","","","","","","","","","","","","","","","","","","","","","","","","",""
"OverchargedHealingStation","263","","","","","","","","HealingStation","","","4200","","","","","","","","","","","","","","","","","12","","","","","","","","","","","","","Minion_Building","","","","HealstationDefault","","","","","","","","overchargeactivepet_fire","","","MinigunOverchargedHealingStationHeal","","","nuts_bolts_metal_small","","nuts_bolts_metal_explosion","","","","","","","pam_def_ulti_spawn","","","","","","","","","","","","","","","","","","","","","","","","","","","","","75","75","","","25","110","100","200","","","","","","","1400","-500","","","","","120","Medium","-49","","","","300","","","","","","","","","","footstep","25","400","160","","","","","","","","","","","","","","","","","","","","","","","","","","","","","","","","","","","","","","","","","","","","","",""
"OverchargedSpawnerDudeTurret","264","","","","","","","OverchargedSpawnerPet","SpawnerDudeTurret","","","3000","","","","","","","","","","","","","","","","","40","","","","","","","","","","","","","Minion_Building","","","","SpawnerDudeTurretDefault","","","","","","","","overchargedspawnerdudeturret_mrp","","","","","","nuts_bolts_metal_small","","nuts_bolts_metal_explosion","","","","","","","","","","","","","","","","","","","","","","","","","","","","","","","","","","35","","75","75","","","25","130","180","243","","","","","","","1000","-1400","","","","","120","Medium","-32","","","","150","","","","","","","","","","footstep","25","400","160","","","","","","","","","","","","","","","","","","","","","","1","4","","","","","","","","","","","","","","","","","","","","","","",""
"OverchargedSpawnerPet","265","","","","","","","","","","1300","2000","","","100","","","","","","700","260","","","","","SpawnerOverchargedPetProjectile","","14","","","","","100","","","","","","","","Minion_FindEnemies","","","","SpawnerPetDefault","","","","","","","","overchargeactivepet_mrp","","","","","","","","mrp_def_pet_death","","","gen_move_fx","explosion_pengula","","","","","","","","","","","","","","","","","","","","","","","","","","","","","","30","","85","80","","","25","150","200","280","","","","","","","500","-1250","","","","","145","Medium","-35","","","","100","","","","","","","","","","footstep","25","250","160","","","","","","","","","","","","","","","","","","","","true","","","","","","","","","","","","","","","","","","","","","","","","","",""
"OverchargedDuplicatorPet","266","","","","DuplicatorOverchargedPetWeapon","DuplicatorUlti","","","DuplicatorPet","","720","3000","DuplicatorPet1","","","","","","","","","","","","","","","","6","","","","","","","","","","","","","Minion_Duplicate","","","","DuplicatorVillain","","","","","","","","","","","","","","","","death_bull_dude","","","gen_move_fx","","","","nita_def_ulti_spawn","","","bear_attack","","","","","","","","","","","","","","","","","","","","","","","","30","","85","80","","","25","156","200","280","","","","","","","500","-1250","","","","","145","Medium","-63","","","","100","","","","","","","","","","footstep","35","350","160","","","","","","","","","","","","","","","","","","","","","","","","","","","","","","","","","IS_DUPLICATOR_PET","","","","","","","","","","","","",""
"SafeKatanaKingdom","267","","","","","","","","","","","40000","","","","","","","","","700","","","","","","","","20","","","","","","","","","","","","","Pvp_Base","","","","SafeKatanaKingdom","","","","","","","","","","","","","","safe_voxel_hit","","safe_explosion","","","","","","","","","","","","","","","","","","","","","","","","","","","","","","","","","","","","100","-100","","","","84","","","","","","","","","","","","","","","160","Medium","-75","","","","300","","","","","","","","","","footstep","25","400","160","","","","","","","","","","","","","","","","","","","","","","","","","","","","","","","","","","","","","","","","","","","","","",""
"ArenaSpecialMelee","268","","","","","","","","","","600","18000","","","","","","","","","1000","1000","","","","","","","6","","","","","","","","","","","","","ArenaMinion","","","","MeleeFastBotDefault","","","","","","","","","","","","","","","","death_arena_minion","","","","","","","","","","arena_special_minion_attack","","","","","","","","","","","","","","","","","","","","","","","","30","","85","80","","","25","160","200","270","","","","","","","","","","","","","120","Medium","-43","","","","350","","","","","","","","","","","25","250","160","","","","","","","","","","","","","","","","","","","","","true","","","","","","","","","","","","MOBA_SPECIAL_MEELE_MINION","","","","","","","","","","","","",""
"GeishaTransformed","269","","","","GeishaTransformedWeapon","GeishaTransformedUlti","","","","","750","4100","","","","","","","","","","","","","","","","","12","","","","","69","80","45","","","5","20","5","Hero","","","","GeishaTransformedDefault","","","","","","","","","","","","","","takedamage_gen","","death_rocket_girl","","true","gen_move_fx","buzz_lightyear_reload","no_ammo_shotgungirl","brock_dryfire","","","","","","","","","","","","","","","","","","","Kaze_Kill_VO","Kaze_Lead_VO","Kaze_Start_VO","Kaze_Ulti_VO","Kaze_Hurt_VO","Kaze_Die_VO","","Kaze_Start_VO","3","35","","80","80","","","35","120","200","285","95","170","260","275","true","","","","-100","-100","-50","","120","Medium","-50","","","","500","","","","assassin","","sc/hero_portraits.sc","hero_icon_lightyear","","300","footstep","25","500","100","","","2","3","1","","","","","","","","","","","","","","","","","","","","","","5","2","2","","","","IS_GEISHA_TRANSFORMED","","","","","","","true","","","","","",""
"NinjaMutation","270","","","","","","","","","","750","1000","","","","","","","","","300","500","","","","","LeonDefProjectileMutation","","16","","","","","","","","","","","","","Minion_FindEnemies","","","","NinjaDefault","","","","","","","","","","","","","","takedamage_gen","","death_ninja","","","gen_move_fx","reload_leon","no_ammo_shotgungirl","dry_fire_leon","","","","","","","","","","","","","","","","","wasabipoweringame","","Leon_kill_vo","Leon_lead_vo","Leon_start_vo","Leon_ulti_vo","Leon_hurt_vo","Leon_die_vo","","","","50","","80","80","","","35","116","190","330","80","150","270","270","","","","","","","","","120","Medium","-55","","","","450","","","","","","","","","","footstep","25","250","130","","","3","2","1","","","","","","","","","","","","","LeonTutorial","","","","","","","","","4","2","3","","","","","","","","","","","","","","","","",""
"SamuraiRangedEnemy","271","","","","","","","","","","500","2500","","","","","","","","","1400","600","","","","30","SamuraiRangedEnemyProjectile","","21","","","","","","","","","","","","","Minion_FindEnemies","true","","","RangedBotSamurai","","","","","","","","","","","","","","nuts_bolts_metal_small","","nuts_bolts_metal_explosion","","true","gen_move_fx","","","","robo_spawn","","","samurai_bot2_atk_slash","","","","","","","","","","","","","","","","","","","","","","","","30","","85","80","","","25","115","200","270","","","","","","","","","","","","","100","Medium","-49","","","","350","","","","","","","","","","footstep","25","250","130","","","","","","","","","","","","","","","","","","","","","","","","","","","","","","","","","","2","","","","","","","","","","","",""
"SamuraiMeleeEnemy","272","","","","","","","","","","600","3000","","","","","","","","","600","600","","","","","","","5","","","","","","","","","","","","","Minion_FindEnemies","true","","","MeleeBotSamurai","","","","","","","","","","","","","","nuts_bolts_metal_small","","nuts_bolts_metal_explosion","","true","gen_move_fx","","","","robo_spawn","","","samurai_bot1_atk_slash","","","","","","","","","","","","","","","","","","","","","","","","30","70","85","80","","","25","130","200","270","","","","","","","","","","","","","120","Medium","-50","","","","","","","","","","","","","","footstep","25","250","130","","","","","","","","","","","","","","","","","","","","","","","","","","","","","","","","","","2","","","","","","","","","","","",""
"SamuraiFastMeleeEnemy","273","","","","","","","","","","700","2000","","","","","","","","","400","300","","","","","","","5","","","","","","","","","","","","","Minion_Invasion","true","","","MeleeFastBotSamurai","","","","","","","","","","","","","","nuts_bolts_metal_small","","nuts_bolts_metal_explosion","","true","gen_move_fx","","","","robo_spawn","","","robot_m_attack","","","","","","","","","","","","","","","","","","","","","","","","30","","85","80","","","25","110","200","270","","","","","","","","","","","","","100","Medium","-35","","","","","","","","","","","","","","footstep","25","250","130","","","","","","","","","","","","","","","","","","","","","","","","","","","","","","","","","","1","","","","","","","","","","","",""
"MegaBossKenji","274","","","","","","","","","","600","500000","","","","","","","","","","","","","","","","","","","","","","","","","","","","","","Mega_Boss","","","","MegaKenji","","","","","","","","","","","","","","takedamage_gen","","death_undertaker","","true","gen_move_fx","kenji_reload","","kenji_dryfire","","","dummy_effect","","","","","","","","","","","","","","","","Kenji_Kill_VO","Kenji_Lead_VO","Kenji_Start_VO","Kenji_Ulti_VO","Kenji_Hurt_VO","Kenji_Die_VO","Kenji_Atk_VO","Kenji_Start_VO","","50","","100","100","","","35","400","","","","","","","","","","","","","","","280","Medium","-120","","150","","500","","","","","","","","","","footstep","60","350","165","","","","","","","","","","","","","","","","","","","","","","","","","","","","","","","","","","","","","","","","","","","","","",""
"ArenaTowerDestroyed","275","","","","","","","","","","","55000","","","","","","","","","","","","","","","","","","","","","","","","","","","","","","Decoration","","","","MturretDestroyed","","","","","","","","","","","","","","nuts_bolts_metal_small","","siege_base_destroyed","","","","","","","","","","","","","","","","","","","","","","","","","","","","","","","","","","40","","100","-100","","","","650","","","","","","","","","","","","","","","160","","","","","","","","","","","","","","","","","","","","","","","","","","","","","","","","","","","","","","","","","","","","","","","","","","","","MOBA_TOWER_DESTROYED","","","","","","","","","","","","",""
"SamuraiBoss","276","","","","","","","","","","550","50000","","","","","","","","","1600","2000","","","","","","","9","","","","","","","","","","","","","Npc_Boss","true","","","BossBotSamurai","","","","","","","","","","","","","","nuts_bolts_metal_small","","boss_explosion","","","gen_move_fx","","","","robo_spawn","","","samurai_bot3_atk_slash","","","","","","","","","","","","","","","","","","","","","","","","30","150","85","80","","","25","110","200","270","","","","","","","","","","","","","280","Medium","-135","","","","500","","","","","","","","","","footstep","60","400","160","","","","","","","","","","","","","","","","","","","","","","","","","","","","","","","","","","12","","","","","","","","","","","",""
"MegaSamuraiRangedEnemy","277","","","","","","","","","","400","2000","","","","","","","","","1800","400","","","","10","MegaSamuraiRangedEnemyProjectile","","21","","","","","","","","","","","","","Minion_FindEnemies","true","true","","RangedBotSamurai","","","","","","","","","","","","","","nuts_bolts_metal_small","","nuts_bolts_metal_explosion","","true","gen_move_fx","","","","samurai_mega_sqawn","","","samurai_bot2_atk_slash","","","","","","","","","","","","","","","Kenji_DemonBoss_Kill_VO","Kenji_DemonBoss_Lead_VO","Kenji_DemonBoss_Start_VO","Kenji_DemonBoss_Ulti_VO","Kenji_DemonBoss_Hurt_VO","Kenji_DemonBoss_Die_VO","Kenji_DemonBoss_Atk_VO","Kenji_DemonBoss_Start_VO","","30","","85","80","","","25","115","200","270","","","","","","","","","","","","","100","Medium","-49","","","","350","","","","","","","","","","footstep","25","250","130","","","","","","","","","","","","","","","","","","","","","","","","","","","","","","","","","","2","","","","","","","","","","","",""
"MegaSamuraiMeleeEnemy","278","","","","","","","","","","500","2500","","","","","","","","","600","600","","","","","","","5","","","","","","","","","","","","","Minion_FindEnemies","true","true","","MeleeBotSamurai","","","","","","","","","","","","","","nuts_bolts_metal_small","","nuts_bolts_metal_explosion","","true","gen_move_fx","","","","samurai_mega_sqawn","","","samurai_bot1_atk_slash","","","","","","","","","","","","","","","Kenji_DemonBoss_Kill_VO","Kenji_DemonBoss_Lead_VO","Kenji_DemonBoss_Start_VO","Kenji_DemonBoss_Ulti_VO","Kenji_DemonBoss_Hurt_VO","Kenji_DemonBoss_Die_VO","Kenji_DemonBoss_Atk_VO","Kenji_DemonBoss_Start_VO","","30","70","85","80","","","25","130","200","270","","","","","","","","","","","","","120","Medium","-50","","","","","","","","","","","","","","footstep","25","250","130","","","","","","","","","","","","","","","","","","","","","","","","","","","","","","","","","","2","","","","","","","","","","","",""
"DodgeBall","279","","","","","","","","","InvertedQuartic","1","1","","","","","","","","","","","","","","","","","","","","","","","","","","","","","","Carryable","","","DodgeBall","DodgeBallDefault","","","","","","","","","","","","","","","","laser_ball_goal","","","","","","","","","","","","","","","","","","","","","","","","","","","","","","","","","","","","80","80","","","25","179","","","","","","","","","","","","","","","200","","","","","","","","","","","","","","","","","","","160","","","","","","","","","","","","","","","","","","","","","","","","","","","","","","","","","","","","","","","","","","","","","",""
"Train0","280","","","","","","","","","","","1","","","","","","","","","","","","","","","","","","","","","","","","","","","","","","Train","","","","Train0","","","","","","","","","","","","","","","","","","","gen_move_fx","","","","","","","","","","","","","","","","","","","","","","","","","","","","","","","","","80","80","","","25","250","","","","","","","","","","","","","","","200","","","","","","","","","","","","","","","","","130","50","","","","","","","","","","","","","","","","","","","","","","","","","","","","","","","","","","","","","","","","","","","","","","",""
"SubwayGuard","281","","","","","","","","","","800","500000","","","","","","","","","1500","500","","","","","","","6","","","","","","","","","","","","","Minion_FindEnemies","true","","","SubwayGuardDefault","","","","","","","","","","","","","","subway_guard_damage","","nuts_bolts_metal_explosion","","true","gen_move_fx","","","","robo_spawn","","","subway_guard_pushback","","","","","","","","","","","","","","","","","","","","","","","","30","70","85","80","","","25","150","200","270","","","","","","","","","","","","","120","","-50","","","","","","","","","","","","","","footstep","25","250","130","","","","","","","","","","","","","","","","","","","","","","","","","","","","","","","","","IS_SUBWAY_GUARD","250","","","","","","","","","","","",""
"MegaBossCrow","282","","","","","","","","","","700","100000","","","","","","","","","","","","","","","","","","","","","","","","","","","","","","Mega_Boss","","","","MegaCrowBrawloween","","","","","","","","","","","","","","takedamage_gen","","death_crow","","true","gen_move_fx","reload_crow","","crow_dryfire","","","","","","","","","","","","","","","","","","","Crow_Kill","Crow_Lead","Crow_Start","Crow_Ulti","Crow_Takedamage","Crow_Die","","Crow_Start","","45","","80","80","","","35","220","240","324","80","245","245","245","","","","","","","","","200","Medium","-120","","150","","500","","","","","","","","","","footstep","20","200","100","","","","","","","","","","","","","","","","","","","","","","","","","","","","","","","","","","","","","","","","","","","","","",""
"MegaBossCrowRed","283","","","","","","","","","","700","100000","","","","","","","","","","","","","","","","","","","","","","","","","","","","","","Mega_Boss","","","","MegaCrowBrawloweenChroma1","","","","","","","","","","","","","","takedamage_gen","","death_crow","","true","gen_move_fx","reload_crow","","crow_dryfire","","","","","","","","","","","","","","","","","","","Crow_Kill","Crow_Lead","Crow_Start","Crow_Ulti","Crow_Takedamage","Crow_Die","","Crow_Start","","45","","80","80","","","35","220","240","324","80","245","245","245","","","","","","","","","200","Medium","-120","","150","","500","","","","","","","","","","footstep","20","200","100","","","","","","","","","","","","","","","","","","","","","","","","","","","","","","","","","","","","","","","","","","","","","",""
"MegaBossCrowWhite","284","","","","","","","","","","700","100000","","","","","","","","","","","","","","","","","","","","","","","","","","","","","","Mega_Boss","","","","MegaCrowBrawloweenChroma2","","","","","","","","","","","","","","takedamage_gen","","death_crow","","true","gen_move_fx","reload_crow","","crow_dryfire","","","","","","","","","","","","","","","","","","","Crow_Kill","Crow_Lead","Crow_Start","Crow_Ulti","Crow_Takedamage","Crow_Die","","Crow_Start","","45","","80","80","","","35","220","240","324","80","245","245","245","","","","","","","","","200","Medium","-120","","150","","500","","","","","","","","","","footstep","20","200","100","","","","","","","","","","","","","","","","","","","","","","","","","","","","","","","","","","","","","","","","","","","","","",""
"MegaBossTrickshot","285","","","","","","","","","","450","300000","","","","","","","","","","","","","","","","","","","","","","","","","","","","","","Mega_Boss","","","","MegaTrickshotBrawloween","","","","","","","","","","","","","","takedamage_gen","","death_trickshot_dude","","true","gen_move_fx","reload_trickshot_dude","","dry_fire_mechanic","","","","","","","","","","","","","","","","","","","Rick_kill","Rick_lead","Rick_start","Rick_ulti","Rick_hurt","Rick_die","","Rick_start","","60","","100","100","","","35","250","240","324","80","200","200","200","","","","","","","","","250","Medium","-120","","180","","500","","","","","","","","","300","footstep","25","300","120","","","","","","","","","","","","","","","","","","","","","","","","","","","","","","","","","","","","","","","","","","","","","",""
"MegaBossSplitter","286","","","","","","","","","","","300000","","","","","","","","","","","","","","","","","","","","","","","","","","","","","","Mega_Boss","","","","MegaSplitterBrawloweenLeg","","","","","","","","","","","","","","takedamage_gen","","death_arcade","","true","gen_move_fx","rt_reload","","rt_dryfire","","","","","","","","","","","","","","","","","","","RT_Kill_VO","RT_Lead_VO","RT_Start_VO","RT_Ulti_VO","RT_Hurt_VO","RT_Die_VO","","RT_Start_VO","","57","","100","100","","","35","220","240","324","80","185","185","185","","","","","","","","","220","Medium","-90","","180","","500","","","","","","","","","","footstep","30","400","100","","","","","","","","","","","","","","","","","","","","","","","","","","","","","","","","","IS_SPLITTER","1","","","","","","","","","","","",""
"MegaBossClusterBomb","287","","","","","","","","","","550","300000","","","","","","","","","","","","","","","","","","","","","","","","","","","","","","Mega_Boss","","","","MegaClusterBombBrawloween","","","","","","","","","","","","","","takedamage_gen","","death_artillery_dude","","true","","reload_tick","","dry_fire_shotgungirl","","","","","","","","","","","","","","","","","","","Tick_vo_1","Tick_vo_1","Tick_vo_1","Tick_vo_1","Tick_vo_hurt","Tick_vo_die","","Tick_vo_1","","35","","100","100","","","35","300","240","324","80","260","260","260","","","","","","","","","300","Medium","-105","","160","","500","","","","","","","","","","footstep","85","300","160","","","","","","","","","","","","","","","","","","","true","","","","","","","","","","","","","","","","","","","","","","","","","","",""
"MegaBossClusterBombPetSmall","288","","","","","","","","","","850","800","","","","","","","","","1000","800","","","","","","","","","","","","1","","","","","","","","Minion_FindEnemies","true","true","","ClusterBombPetBrawloween","","","","","","","","overchargeactivepet_tick","","","","MegaBossClusterBombPetExplosion","","nuts_bolts_metal_small","","kit_def_ulti_explosion","","","","","","","tick_def_ulti_spawn","tick_def_oc_pet_spawn","","","","","","","","","","","","","","","","","","","","","","","","","","","","85","80","","","25","115","200","270","","","","","","","","","","","","","75","Medium","-43","","","","","","","","","","","","","","","25","250","","","","","","","","","","","","","","","","","","","","","","","","","","","","","","","","","","","","","","","","","","","","","","",""
"MegaBossClusterBombPetMid","289","","","","","","","","","","760","2500","","","","","","","","","1000","1500","","","","","","","","","","","","1","","","","","","","","Minion_FindEnemies","true","true","","ClusterBombPetBrawloween","","","","","","","","overchargeactivepet_tick","","","MegaTickPushAwayBoom","MegaBossClusterBombPetExplosionMid","","nuts_bolts_metal_small","","kit_def_ulti_explosion","","","","","","","tick_def_ulti_spawn","tick_def_oc_pet_spawn","","","","","","","","","","","","","","","","","","","","","","","","","","","","85","80","","","25","200","200","270","","","","","","","","","","","","","120","Medium","-65","","","","","","","","","","","","","","","25","250","","","","","","","","","","","","","","","","","","","","","","","","","","","","","","","","","","","","","","","","","","","","","","",""
"MegaBossClusterBombPetBig","290","","","","","","","","","","700","8000","","","","","","","","","1000","2800","","","","","","","","","","","","1","","","","","","","","Minion_FindEnemies","true","true","","MegaClusterBombPetBrawloweenLarge","","","","","","","","overchargeactivepet_tick","","","MegaTickSlowArea","MegaBossClusterBombPetExplosionLarge","","nuts_bolts_metal_small","","kit_def_ulti_explosion","","","","","","","tick_def_ulti_spawn","tick_def_oc_pet_spawn","","","","","","","","","","","","","","","","","","","","","","","","","","","","85","80","","","25","400","200","270","","","","","","","","","","","","","200","Medium","-100","","120","","","","","","","","","","","","","25","250","","","","","","","","","","","","","","","","","","","","","","","","","","","","","","","","","","","","","","","","","","","","","","",""
"TwinsPetHyper","291","","","","TwinsWeaponShotgun","TwinsUltiDummy","","","","","770","5000","","","","","","","","","","","","","","","","","20","","","","","","","","","","5","","","Minion_Twin","","","","TwinsPetDefault","","","","","","","","overchargeactivepet_fire","","","","","","takedamage_gen","","death_barkeep","","true","gen_move_fx","reload_barkeep","no_ammo_shotgungirl","dry_fire_barkeep","twin_def_ulti_spawn","twin_def_oc_ulti_spawn","","","","","","","","","","","","","","","","","","","","","","","","","","50","","80","80","","","35","116","200","285","","","","","","","","","","","","","100","Medium","-48","","","","350","","","","","","","","","","footstep","25","350","165","","","","","","","","","","","","","","","","","","","","true","","","","","","","","","","","","","","","","","","","","","","","","","",""
"MegaBossSpike","292","","","","","","","","","","450","300000","","","","","","","","","","","","","","","","","12","","","","","1","","","","","","","","Mega_Boss","","","","MegaBossSpikeCarreta","","","","","","","","","","","","","","takedamage_gen","","death_cactus","","true","gen_move_fx","reload_cactus","no_ammo_shotgungirl","crow_dryfire","","","","","","","","","","","","","","","","","","","","","","","","","","","","35","","80","80","","","35","320","240","324","80","275","275","275","","","","","","250","","50","320","Medium","-125","","160","","450","","","TID_CACTUS","damage_dealer","","sc/hero_portraits.sc","hero_icon_spike","","","footstep","40","300","100","true","true","2","1","3","","","","","","","","","","","","","SpikeTutorial","","","","","","","","","4","2","3","","","","","","","","","","","","","shelly","","","",""
"MegaBossSplitterHead","293","","","","","","","","","","420","300000","","","","","","","","","","","","","","","","","","","","","","","","","","","","","","Mega_Boss","","","","MegaSplitterBrawloween","","","","","","","","","","","","","","takedamage_gen","","death_arcade","","true","gen_move_fx","rt_reload","","rt_dryfire","","","","","","","","","","","","","","","","","","","RT_Kill_VO","RT_Lead_VO","RT_Start_VO","RT_Ulti_VO","RT_Hurt_VO","RT_Die_VO","","RT_Start_VO","","57","","100","100","","","35","220","240","324","80","180","180","180","","","","","","","","","220","Medium","-120","","180","","500","","","","","","","","","","footstep","30","400","100","","","","","","","","","","","","","","","","","","","","","","","","","","","","","","","","","IS_SPLITTER","1","","","","","","","","","","","",""
"MegaSplitterTwinsEnemyShoot","294","","","","","","","","","","500","3000","","","","","","","","","200","250","","","","50","MegaBossTwinsShotgunProjectile","","13","","","","","","","","","","","","","Minion_FindEnemies","true","true","","TwinsPetDefault","","","","","","","","","","","","","","takedamage_gen","","death_barkeep","","true","gen_move_fx","reload_barkeep","no_ammo_shotgungirl","dry_fire_barkeep","twin_def_ulti_spawn","","","","","","","","","","","","","","","","","","","","","","","","","","","50","","80","80","","","35","100","200","285","95","170","185","260","true","","-500","","","","","","120","Medium","-59","","","","350","","","","","","","","","","footstep","25","350","165","","","","","","","","","","","","","","","","","","","","","","","","","","","","","","","","","","","","","","","","","","","","","",""
"MegaSplitterTwinsEnemyThrow","295","","","","","","","","","","350","3000","","","","","","","","","2400","250","","","","50","MegaBossTwinsThrowerProjectile","","20","","","","","","","","","","","","","Minion_FindEnemies","true","true","","TwinsDefault","","","","","","","","","","","","","","takedamage_gen","","death_barkeep","","true","gen_move_fx","reload_barkeep","no_ammo_shotgungirl","dry_fire_barkeep","twin_def_ulti_spawn","","","","","","","","","","","","","","","","","","","","","","","","","","","50","","80","80","","","35","100","200","285","95","170","260","260","true","","-500","","","","","","120","Medium","-59","","","","350","","","","","","","","","","footstep","25","350","165","","","","","","","","","","","","","","","","","","","","","","","","","","","","","","","","","","","","","","","","","","","","","",""
"MegaBossKenjiGhost","296","","","","","","","","","","550","300000","","","","","","","","","","","","","","","","","","","","","","","","","","","","","","Mega_Boss","","","","MegaBossKenjiGhost","","","","","","","","","","","","","","takedamage_gen","","death_undertaker","","true","gen_move_fx","kenji_reload","","kenji_dryfire","","","dummy_effect","","","","","","","","","","","","","","","","Kenji_Kill_VO","Kenji_Lead_VO","Kenji_Start_VO","Kenji_Ulti_VO","Kenji_Hurt_VO","Kenji_Die_VO","Kenji_Atk_VO","Kenji_Start_VO","","50","","100","100","","","35","320","240","324","80","195","195","195","","","","","","","","","320","Medium","-130","","180","","500","","","","","","","","","","footstep","60","350","120","","","","","","","","","","","","","","","","","","","","","","","","","","","","","","","","","","","","","","","","","","","","","",""
"MegaKenjiPet","297","","","","","","","","","","820","12000","","","","","","","","","2000","1000","","","","","","","9","","","","","","","","","","","","","Minion_FindEnemies","true","true","","MegaKenjiPet","","","","","","","","","","","","","","nuts_bolts_metal_small","","nuts_bolts_metal_explosion","","true","gen_move_fx","","","","samurai_mega_sqawn","","","samurai_bot2_atk_slash","","","","","","","","","","","","","","","Kenji_DemonBoss_Kill_VO","Kenji_DemonBoss_Lead_VO","Kenji_DemonBoss_Start_VO","Kenji_DemonBoss_Ulti_VO","Kenji_DemonBoss_Hurt_VO","Kenji_DemonBoss_Die_VO","Kenji_DemonBoss_Atk_VO","Kenji_DemonBoss_Start_VO","","30","","85","80","","","25","200","200","270","","","","","","","","","","","","","200","Medium","-80","","125","","350","","","","","","","","","","footstep","25","250","130","","","","","","","","","","","","","","","","","","","","","","","","","","","","","","","","","","2","","","","","","","","","","","",""
"MegaBossCactusCover","298","","","","","","","","","","","1200","","","","","","","","","120","200","","","","360","MegaBossCactusPetShoot","","20","","","","","","","","","","","","","Minion_Building","true","true","","MegaBossCactusCoverDefault","","","","","","","","","","","","","","gadget_spike_cactus_damaged","","gadget_spike_cactus_destroyed","","","","","","","gadget_bo_totem_spawn","","","","","","","","","","","","","","","","","","","","","","","","","","","","","75","75","","","25","200","220","300","","","","","","","1400","-500","","","","","200","Medium","-55","","","","300","","","","","","","","","","footstep","25","400","160","","","","","","","","","","","","","","","","","","","","","","","","","","","","","","","","","","","","","","","","","","","","","",""
"MegaBossFrank","299","","","","","","","","","","450","350000","","","","","","","","","","","","","","","","","","","","","","","","","","","","","","Mega_Boss","","","","BossHammerDudeknight","","","","","","","","","","","","","","takedamage_gen","","death_hammer_dude","","true","gen_move_fx","","","dry_fire_barkeep","","","","","","","","","","","","","","","","","","","Frank_vo","Frank_vo","Frank_vo","Frank_vo","Frank_vo","Frank_vo","Frank_vo","Frank_vo","","75","","115","115","","","35","300","","","","","245","","","","","","","","","","350","Medium","-175","","200","","500","","","","","","","","","","footstep","60","350","130","","","","","","","","","","","","","","","","","","","","","","","","","","","","","","","","","","","","","","","","","","","","","",""
"MegaBossFang","300","","","","","","","","","","600","300000","","","","","","","","","","","","","","","","","","","","","","","","","","","","","","Mega_Boss","","","","BossKickerDudeDemon","","","","","","","","","","","","","","takedamage_gen","","death_luchador","","true","gen_move_fx","fang_reload","","fang_dryfire","","","fang_hit_melee","","","","","","","","","","","","","","","","Fang_Kill_VO","Fang_Lead_VO","Fang_Start_VO","Fang_Ulti_VO","Fang_Hurt_VO","Fang_Die_VO","Fang_Atk_VO","Fang_Start_VO","","50","","100","100","","","35","400","","","","","","","","","","","","","","","145","Medium","-120","","150","","500","","","","","","","","","","footstep","60","350","130","","","","","","","","","","","","","","","","","","","","","","","","","","","","","","","","","","","","","","","","","","","","","",""
"MegaBossEmz","301","","","","","","","","","","600","300000","","","","","","","","","","","","","","","","","","","","","","","","","","","","","","Mega_Boss","","","","BossMummyDemon","","","","","","","","","","","","","","takedamage_gen","","death_shotgun_girl","","true","gen_move_fx","emz_reload","","emz_dryfire","","","","","","","","","","","","","","","","","","","Emz_kill_vo","Emz_lead_vo","Emz_start_vo","Emz_ulti_vo","Emz_hurt_vo","Emz_die_vo","Emz_atk_vo","Emz_start_vo","","30","","100","100","","","35","400","","","","","","","","","","","","","","","120","Medium","-120","","150","","500","","","","","","","","","","footstep","60","350","200","","","","","","","","","","","","","","","","","","","","","","","","","","","","","","","","","","","","","","","","","","","","","",""
"MegaBossSTDg","302","","","","","","","","","","400","120000","DemogorgonLifeSteal","","","","","","","","","","","","","","","","","","","","","","","","","","","","","Mega_Boss","","","","MegaSTDg","","","","","","","","","","","","","","takedamage_gen","","death_hammer_dude","","true","gen_move_fx","","","dry_fire_barkeep","","","dummy_effect","","","","","","","","","","","","","","","","Frank_vo","Frank_vo","Frank_vo","Frank_vo","Frank_vo","Frank_vo","Frank_vo","Frank_vo","","75","","100","100","","","35","180","","","","","245","","","","","","","","","","180","Medium","-70","","120","","200","","","","","","","","","","footstep","60","350","130","","","","","","","","","","","","","","","","","","","","","","","","","","","","","","","","","BOT_AI_HUNT","","","","","","","","","","","","",""
"MegaBossSTVec","303","","","","","","","","","","700","250000","","","","","","","","","","","","","","","","","","","","","","","","","","","","","","Mega_Boss","","","","MegaSTVec","","","","","","","","","","","","","","takedamage_gen","","death_hammer_dude","","true","gen_move_fx","","","dry_fire_barkeep","","","dummy_effect","","","","","","","","","","","","","","","","Frank_vo","Frank_vo","Frank_vo","Frank_vo","Frank_vo","Frank_vo","Frank_vo","Frank_vo","","75","","100","100","","","35","240","","","","","245","","","","","","","","","","200","Medium","-100","","150","","200","","","","","","","","","","footstep","60","350","130","","","","","","","","","","","","","","","","","","","","","","","","","","","","","","","","","BOT_AI_HUNT","73","","","","","","","","","","","",""
"BossMinionST","304","","","","","","","","","","750","20000","","","","","","","","","","","","","","","","","","","","","","","","","","","","","","Minion_FindEnemies","","","","MegaKenji","","","","","","","","","","","","","","takedamage_gen","","death_hammer_dude","","true","gen_move_fx","","","dry_fire_barkeep","","","","","","","","","","","","","","","","","","","Frank_vo","Frank_vo","Frank_vo","Frank_vo","Frank_vo","Frank_vo","Frank_vo","Frank_vo","","75","","100","100","","","35","400","","","","","","","","","","","","","","","145","Medium","-80","","120","","350","","","","","","","","","","footstep","60","300","130","","","","","","","","","","","","","","","","","","","","","","","","","","","","","","","","","","","","","","","","","","","","","",""
"MegaFrankMeleeEnemy","305","","","","MegaBossFrankPetWeapon","UndertakerUlti","","","","","850","4000","","","","","","","","","600","600","","","","","","","7","","","","","","","","","","","","","Minion_FindEnemies","true","true","","UndertakerDemonChroma2","","","","","","","","","","","","","","takedamage_gen","","death_undertaker","","true","gen_move_fx","","","","samurai_mega_sqawn","","","samurai_bot1_atk_slash","","","","","","","","","","","","","","","Kenji_DemonBoss_Kill_VO","Kenji_DemonBoss_Lead_VO","Kenji_DemonBoss_Start_VO","Kenji_DemonBoss_Ulti_VO","Mortis_hurt","Mortis_die","Mortis_atk_vo","Kenji_DemonBoss_Start_VO","","50","70","80","80","","","35","200","200","285","","","","","","","","","","","","","184","Medium","-80","","120","","350","","","","","","","","","","footstep","25","250","165","","","","","","","","","","","","","","","","","","","","","","","","","","","","","","","","","","2","","","","","","","","","","","",""
"Train1","306","","","","","","","","","","","1","","","","","","","","","","","","","","","","","","","","","","","","","","","","","","Train","","","","Train1","","","","","","","","","","","","","","","","","","","gen_move_fx","","","","","","","","","","","","","","","","","","","","","","","","","","","","","","","","","80","80","","","25","250","","","","","","","","","","","","","","","200","","","","","","","","","","","","","","","","","130","50","","","","","","","","","","","","","","","","","","","","","","","","","","","","","","","","","","","","","","","","","","","","","","",""
"Train2","307","","","","","","","","","","","1","","","","","","","","","","","","","","","","","","","","","","","","","","","","","","Train","","","","Train2","","","","","","","","","","","","","","","","","","","gen_move_fx","","","","","","","","","","","","","","","","","","","","","","","","","","","","","","","","","80","80","","","25","250","","","","","","","","","","","","","","","200","","","","","","","","","","","","","","","","","130","50","","","","","","","","","","","","","","","","","","","","","","","","","","","","","","","","","","","","","","","","","","","","","","",""
"Train3","308","","","","","","","","","","","1","","","","","","","","","","","","","","","","","","","","","","","","","","","","","","Train","","","","Train3","","","","","","","","","","","","","","","","","","","gen_move_fx","","","","","","","","","","","","","","","","","","","","","","","","","","","","","","","","","80","80","","","25","250","","","","","","","","","","","","","","","200","","","","","","","","","","","","","","","","","130","50","","","","","","","","","","","","","","","","","","","","","","","","","","","","","","","","","","","","","","","","","","","","","","",""
"Shuriken","309","","","","","","","","","Component","130","1","","Carryable","","","","","","","","","","","","","","","","","","","","","","","","","","","","Carryable","","","Shuriken","ShurikenDefault","","","","","","","","","","","","","","","","death_arcade","","","","","","","","","","","","","","","","","","","","","","","","","","","","","","","","","","","","80","80","","","25","179","","","","","","","","","","","","","","","150","","","","","","","","","","","","","","","","","","","160","","","","","","true","","","","","","","","","","","","","","","","","","","","","","","","","","","","","","","","","","","","","","","",""
"Boulder","310","","","","","","","","","Component","1","4000","","Carryable","","","","","","","","","","","","","","","","","","","","","","","","","","","","Carryable","","","Boulder","BoulderDefault","","","","","","","","","","","","","","","","death_arcade","","","","","","","","","","","","","","","","","","","","","","","","","","","","","","","","","","","","80","80","","","25","300","100","100","100","100","100","100","","","","","","","","","200","","","","","","","","","","","","","","","","","","","160","","","","","","","","","","","","","","","","","","","","","","","","","","","","","","","","","","","","","","","","","","","","","",""
"ShotgunGirlBuddy","311","","","","","","","","","","1000","","","","","","","","","","","","","","","","","","","","","","","","","","","","","","","Minion_FindEnemies","","","","ShotgunGirlBuddyDefault","","","","","","","","","","","","","","","","mrp_def_pet_death","","","gen_move_fx","","","","nita_def_ulti_spawn","","","","","","","","","","","","","","","","","","","","","","","","","","","","","60","60","","","","38","","160","","","160","","","","800","650","","","","","","","","","","","","","","","","","","","","","footstep","25","250","","","","","","","","","","","","","","","","","","","","","true","","","","","","","","","","","","","","","","","","","","","","","","","",""
"CactusCoverBuddy","312","","","","","","","","","","","1750","","","","","","","","","","600","","","","","","","","","","","","","","","","","","","","Minion_Building","","","","CactusCoverDefault","","","","","","","","","","","","CactusCoverHeal;CactusCoverBuddy","","gadget_spike_cactus_damaged","","spike_def_key_gadget2_death_exp","","","","","","","gadget_bo_totem_spawn","","","","","","","","","","","","","","","","spike_def_key_gadget2_looping","","","","","","","","","","","","","75","75","","","25","120","220","300","","","","","","","1400","-500","","","","","120","Medium","-49","","","","300","","","","","","","","","","footstep","25","400","160","","","","","","","","","","","","","","","","","","","","","","","","","","","","","","","","","","","","","","","","","","","","","",""
"LoveBomb","313","","","","","","","","","","","1000","","","610","","","","","","","","","","","","","","","","","","","","","","","","","","","Carryable","","","LoveBomb","LoveBombDefault","","","","","","","","","","","","LoveBombExplosion","","","","","","","","","","","","","","","","","","","","","","","","","","","","","","","","","","","","","","","","80","80","","","25","100","","","","","","","","","","","","","","","140","","-30","","","","","","","","","","","","","","","","","160","","","","","","","","","","","","","","","","","","","","","","","","","","","","","","","","","","","","","","","","","","","","","",""
"MegaBossStickyBomb","314","","","","","","","","","","600","200000","","","","","","","","","","","","","","","","","12","","","","","","","","","","","","","Mega_Boss","","","","MegaBossStickyBombBrawlentine","","","","","","","","","","","","","","takedamage_gen","","death_crow","","true","gen_move_fx","reload_crow","no_ammo_shotgungirl","crow_dryfire","","","","","","","","","","","","","","","","","","","Squeak_Kill_VO","Squeak_Lead_VO","Squeak_Start_VO","","Squeak_Hurt_VO","Squeak_Die_VO","","Squeak_Start_VO","3","45","","80","80","","","35","250","230","320","90","210","270","290","","","","","-150","100","-10","20","250","Medium","-120","","180","","400","","","","","","","","","","footstep","20","200","100","true","true","2","1","3","","","","","","","","","","","","","","","","","","","","","","4","2","3","","","","","","","","","","","","","","","","",""
"MegaBossGhost","315","","","","","","","","","","650","200000","","","","","","","","","","","","","","","","","12","","","","","","","","","","","","","Mega_Boss","","","","MegaBossGhostBrawlentine","","","","","","","","","","","GhostSuperChargeArea","","","takedamage_gen","","death_undertaker","","true","gen_move_fx","kenji_reload","no_ammo_shotgungirl","kenji_dryfire","","","dummy_effect","","","","","","","","","","","","","","","","Shade_Kill_VO","Shade_Lead_VO","Shade_Start_VO","Shade_Ulti_VO","Shade_Hurt_VO","Shade_Die_VO","Shade_Atk_VO","Shade_Start_VO","1","50","","80","80","","","35","240","160","265","95","160","220","222","","","","","-120","","","20","240","Medium","-120","","180","","350","","","","","","","","","","","25","350","165","","","1","2","3","true","","","","","","","","","","","","","","","","","","","","","5","1","3","","","","GHOST","","","","3","","150","","shade_003_moving_red","","","","",""
"MegaBossInsectMan","316","","","","","","","","","","760","200000","","","","","","","","","","","","","","","","","12","","","","","","","","","","","","","Mega_Boss","","","","MegaBossInsectManBrawlentine","","","","","","","","","","","","","","takedamage_gen","","death_sniper","","true","gen_move_fx","angelo_reload","no_ammo_shotgungirl","angelo_dryfire","","","","","","","","","","","","","","","","","","","Angelo_Kill_VO","Angelo_Lead_VO","Angelo_Start_VO","Angelo_Ulti_VO","Angelo_Hurt_VO","Angelo_Die_VO","","Angelo_Start_VO","","45","","80","80","","","35","250","200","285","90","190","250","270","","","","","-100","-180","","","250","Medium","-120","","180","","450","","","","","","","","","100","","25","400","160","","","2","3","1","true","","","","","","","","","","","","","","","","","","","","","4","2","2","","","","IS_INSECTMAN","10","100","","","","","","","","","","",""
"MegaBossTrickshotBrawlentines","317","","","","","","","","","","600","20000","","","","","","","","","","","","","","","","","","","","","","","","","","","","","","Mega_Boss","","","","MegaBossTrickshotBrawlentine","","","","","","","","","","","","","","takedamage_gen","","death_trickshot_dude","","true","gen_move_fx","reload_trickshot_dude","","dry_fire_mechanic","","","","","","","","","","","","","","","","","","","Rick_kill","Rick_lead","Rick_start","Rick_ulti","Rick_hurt","Rick_die","","Rick_start","","60","","100","100","","","35","190","240","324","80","200","230","200","","","","","","","","","190","Medium","-80","","140","","500","","","","","","","","","300","footstep","25","300","120","","","","","","","","","","","","","","","","","","","","","","","","","","","","","","","","","","","","","","","","","","","","","",""
"UndertakerBuddy","318","","","","","","","","","","1000","","","","","","","","","","","","","","","","","","","","","","","","","","","","","","","Minion_FindEnemies","","","","UndertakerBuddyDefault","","","","","","","","","","","","","","","","mrp_def_pet_death","","","gen_move_fx","","","","nita_def_ulti_spawn","","","","","","","","","","","","","","","","","","","","","","","","","","","","","60","60","","","","35","","150","","","150","","","","1000","600","","","","","","","","","","","","","","","","","","","","","footstep","25","250","","","","","","","","","","","","","","","","","","","","","true","","","","","","","","","","","","","","","","","","","","","","","","","",""
"MummyBuddy","319","","","","","","","","","","1000","","","","","","","","","","","","","","","","","","","","","","","","","","","","","","","Minion_FindEnemies","","","","MummyBuddyDefault","","","","","","","","","","","","","","","","mrp_def_pet_death","","","gen_move_fx","","","","nita_def_ulti_spawn","","","","","","","","","","","","","","","","","","","","","","","","","","","","","60","60","","","","30","","130","","","130","","","","800","700","","","","","","","","","","","","","","","","","","","","","footstep","25","250","","","","","","","","","","","","","","","","","","","","","true","","","","","","","","","","","","","","","","","","","","","","","","","",""
"HammerDudeBuddy","320","","","","","","","","","","1000","","","","","","","","","","","","","","","","","","","","","","","","","","","","","","","Minion_FindEnemies","","","","HammerDudeBuddyDefault","","","","","","","","","","","","","","","","mrp_def_pet_death","","","gen_move_fx","","","","nita_def_ulti_spawn","","","","","","","","","","","","","","","","","","","","","","","","","","","","","60","60","","","","35","","150","","","150","","","","1000","700","","","","","","","","","","","","","","","","","","","","","footstep","25","250","","","","","","","","","","","","","","","","","","","","","true","","","","","","","","","","","","","","","","","","","","","","","","","",""
"CactusBuddy","321","","","","","","","","","","1000","","","","","","","","","","","","","","","","","","","","","","","","","","","","","","","Minion_FindEnemies","","","","CactusBuddyDefault","","","","","","","","","","","","","","","","mrp_def_pet_death","","","gen_move_fx","","","","nita_def_ulti_spawn","","","","","","","","","","","","","","","","","","","","","","","","","","","","","60","60","","","","35","","150","","","150","","","","1100","1200","","","","","","","","","","","","","","","","","","","","","footstep","25","250","","","","","","","","","","","","","","","","","","","","","true","","","","","","","","","","","","","","","","","","","","","","","","","",""
"GunslingerBuddy","322","","","","","","","","","","1000","","","","","","","","","","","","","","","","","","","","","","","","","","","","","","","Minion_FindEnemies","","","","GunslingerBuddyDefault","","","","","","","","","","","","","","","","mrp_def_pet_death","","","gen_move_fx","","","","nita_def_ulti_spawn","","","","","","","","","","","","","","","","","","","","","","","","","","","","","60","60","","","","35","","150","","","150","","","","700","500","","","","","","","","","","","100","","","","","","","","","","footstep","25","250","","","","","","","","","","","","","","","","","","","","","true","","","","","","","","","","","","","","","","","","","","","","","","","",""
"HeistBomb","323","","","","","","","","","","","1000","","","72","","","","","","","","","","","","","","","","","","","","","","","","","","","Carryable","","","HeistBomb","HeistBombDefault","","","","","","","","","","","","HeistBombExplosion","","","","","","","","","","","","","","","","","","","","","","","","","","","","","","","","","","","","","","","","80","80","","","25","100","","","","","","","","","","","","","","","140","","-30","","","","","","","","","","","","","","","","","160","","","","","","","","","","","","","","","","","","","","","","","","","","","","","","","","","","","","","","","","","","","","","",""
"SwarmSamuraiRangedEnemy","324","","","","","","","","","","300","2500","","","","","","","","","1400","600","","","","30","SamuraiRangedEnemyProjectile","","21","","","","","","","","","","","","","Minion_Invasion","true","","","RangedBotSamurai","","","","","","","","","","","","","","nuts_bolts_metal_small","","nuts_bolts_metal_explosion","","true","gen_move_fx","","","","robo_spawn","","","samurai_bot2_atk_slash","","","","","","","","","","","","","","","","","","","","","","","","30","","85","80","","","25","115","200","270","","","","","","","","","","","","","100","Medium","-49","","","","350","","","","","","","","","","footstep","25","250","130","","","","","","","","","","","","","","","","","","","","","","","","","","","","","","","","","","1","","","","","","","","","","","",""
"SwarmSamuraiMeleeEnemy","325","","","","","","","","","","400","3000","","","","","","","","","600","600","","","","","","","5","","","","","","","","","","","","","Minion_Invasion","true","","","MeleeBotSamurai","","","","","","","","","","","","","","nuts_bolts_metal_small","","nuts_bolts_metal_explosion","","true","gen_move_fx","","","","robo_spawn","","","samurai_bot1_atk_slash","","","","","","","","","","","","","","","","","","","","","","","","30","70","85","80","","","25","130","200","270","","","","","","","","","","","","","120","Medium","-50","","","","","","","","","","","","","","footstep","25","250","130","","","","","","","","","","","","","","","","","","","","","","","","","","","","","","","","","","1","","","","","","","","","","","",""
"SwarmSamuraiFastMeleeEnemy","326","","","","","","","","","","500","2000","","","","","","","","","400","300","","","","","","","5","","","","","","","","","","","","","Minion_Invasion","true","","","MeleeFastBotSamurai","","","","","","","","","","","","","","nuts_bolts_metal_small","","nuts_bolts_metal_explosion","","true","gen_move_fx","","","","robo_spawn","","","robot_m_attack","","","","","","","","","","","","","","","","","","","","","","","","30","","85","80","","","25","110","200","270","","","","","","","","","","","","","100","Medium","-35","","","","","","","","","","","","","","footstep","25","250","130","","","","","","","","","","","","","","","","","","","","","","","","","","","","","","","","","","1","","","","","","","","","","","",""
"SwarmSamuraiMeleeMiniBossEnemy","327","","","","","","","","","","500","15000","","","","","","","","","400","300","","","","","","","5","","","","","","","","","","","","","Minion_Invasion","true","","","MegaKenji","","","","","","","","","","","","","","nuts_bolts_metal_small","","nuts_bolts_metal_explosion","","true","gen_move_fx","","","","robo_spawn","","","robot_m_attack","","","","","","","","","","","","","","","","","","","","","","","","30","","85","80","","","25","200","200","270","","","","","","","","","","","","","100","Medium","-35","","","","","","","","","","","","","","footstep","25","250","130","","","","","","","","","","","","","","","","","","","","","","","","","","","","","","","","","","2","","","","","","","","","","","",""
"MegaBossTrickshotBrawlentines2","328","","","","","","","","","","720","50000","","","","","","","","","","","","","","","","","","","","","","","","","","","","","","Mega_Boss","","","","MegaBossTrickshotBrawlentineChroma1","","","","","","","","","","","","","","takedamage_gen","","death_trickshot_dude","","true","gen_move_fx","reload_trickshot_dude","","dry_fire_mechanic","","","","","","","","","","","","","","","","","","","Rick_kill","Rick_lead","Rick_start","Rick_ulti","Rick_hurt","Rick_die","","Rick_start","","60","","100","100","","","35","230","240","324","80","200","230","200","","","","","","","","","230","Medium","-100","","160","","500","","","","","","","","","300","footstep","25","300","120","","","","","","","","","","","","","","","","","","","","","","","","","","","","","","","","","","","","","","","","","","","","","",""
"MegaBossTrickshotBrawlentines3","329","","","","","","","","","","850","100000","","","","","","","","","","","","","","","","","","","","","","","","","","","","","","Mega_Boss","","","","MegaBossTrickshotBrawlentineChroma2","","","","","","","","","","","","","","takedamage_gen","","death_trickshot_dude","","true","gen_move_fx","reload_trickshot_dude","","dry_fire_mechanic","","","","","","","","","","","","","","","","","","","Rick_kill","Rick_lead","Rick_start","Rick_ulti","Rick_hurt","Rick_die","","Rick_start","","60","","100","100","","","35","280","240","324","80","200","230","200","","","","","","","","","280","Medium","-120","","190","","500","","","","","","","","","300","footstep","25","300","120","","","","","","","","","","","","","","","","","","","","","","","","","","","","","","","","","","","","","","","","","","","","","",""
"Speeder","330","","","","","","","","","InvertedQuartic","","2000","","","","","","","","","","","","","","","","","","","","","","","","","","","","","","Carryable","","","Speeder","SpeederDefault","","","","","","","","","","","","SpeederExplosion","","","","nuts_bolts_metal_explosion","","","mode_sd_car_trail","","","","","","","","","","","","","","","","","","","","","mode_sd_car_smoke","","","","","","","","","","","","80","80","","","25","179","","","","","","","","","","","","","","","340","","","","","","","","","","","","","","","","","","","160","","","","","","","","","","","","","","","","","","","","","","","","","","","","","","","","","","","","","","","","","","","","","",""
"MegaBossMaisie","331","","","","","","","","","","550","300000","","","","","","","","","","","","","","","","","","","","","","","","","","","","","","Mega_Boss","","","","BossMaisieDragons","","","","","","","","","","","","","","takedamage_gen","","kit_def_ulti_explosion","","true","gen_move_fx","","","maisie_dryfire","","","","","","","","","","","","","","","","","","","Maisie_Kill_VO","Maisie_Lead_VO","Maisie_Start_VO","Maisie_Ulti_VO","Maisie_Hurt_VO","Maisie_Die_VO","","Maisie_Start_VO","","75","","115","115","","","35","300","265","","","","275","","","","","","","","","","300","Medium","-175","","200","","500","","","","","","","","","1000","footstep","25","250","200","","","","","","","","","","","","","","","","","","","","","","","","","","","","","","","","","","","","","","","","","","","","","",""
"MegaBossNitaWithBearCustom","332","","","","","","","","","","600","200000","","","","","","","","","","","","","","","","","12","","","","","","","","","","","","","Mega_Boss","","","","MegaBossShamanAprilFools","","","","","","","","","","","","","","takedamage_gen","","kit_def_ulti_explosion","","true","gen_move_fx","","no_ammo_shotgungirl","dry_fire_barkeep","","","","","","","","","","","","","","","","","","","Nita_kill","Nita_lead","Nita_start","Nita_ulti","Nita_hurt","Nita_death","","Nita_start","","35","","80","80","","","35","400","100","","","","300","","","","-600","1000","800","-750","-250","60","300","Medium","-120","","200","","100","","","","","","","","","1000","footstep","25","250","160","","","3","1","2","","","","","","","","","","","","","","","","","","","","","","3","4","2","","","","","","","350","5","","","","","","","","",""
"MegaBossGrom","333","","","","","","","","","","600","300000","","","","","","","","","","","","","","","","","12","","","","","","","","","","","","","Mega_Boss","","","","MegaBossCrossBomberDragon","","","","","","","","","","","","","","takedamage_gen","","kit_def_ulti_explosion","","true","gen_move_fx","grom_reload","no_ammo_shotgungirl","grom_dryfire","","","","","","","","","","","","","","","","","","","Grom_Kill_VO","Grom_Lead_VO","Grom_Start_VO","Grom_Ulti_VO","Grom_Hurt_VO","Grom_Die_VO","","Grom_Start_VO","","45","","80","80","","","35","300","230","","","","175","","","","","","","","","20","300","Medium","-120","","200","","400","","","","","","","","","","footstep","20","200","100","true","true","2","1","3","","","","","","","","","","","","","","","","","","","","","","4","2","3","","","","","","","","","","","","","","","","",""
"MegaBossGriff","334","","","","","","","","","","650","300000","","","","","","","","","","","","","","","","","12","","","","","","","","","","","","","Mega_Boss","","","","MegaBossAssaultShotgunDragon","","","","","","","","","","","","","","takedamage_gen","","kit_def_ulti_explosion","","true","gen_move_fx","griff_reload","no_ammo_shotgungirl","dry_fire_shotgungirl","","","","","","","","","","","","","","","","","","","Griff_Kill_VO","Griff_Lead_VO","Griff_Start_VO","Griff_Ulti_VO","Griff_Hurt_VO","Griff_Die_VO","","Griff_Start_VO","2","30","","80","80","","","35","300","280","","","","210","","","","","","","","","40","300","Medium","-120","","200","","450","","","","","","","","","1000","footstep","25","250","200","","","1","3","2","","","","","","","","","","","","","","","","","","","","","","5","3","1","","","","","","","","","","","","","","","60","",""
"MegaBossCrowDragonL1","335","","","","","","","","","","250","40000","","","","","","","","","","","","","","","","","","","","","","","","","","","","","","Mega_Boss","","","","CrowRankedProgrsesionSkinLevel1","","","","","","","","","","","","","","takedamage_gen","","death_crow","","true","gen_move_fx","reload_crow","","crow_dryfire","","","","","","","","","","","","","","","","","","","Crow_Kill","Crow_Lead","Crow_Start","Crow_Ulti","Crow_Takedamage","Crow_Die","","Crow_Start","","45","","80","80","","","35","190","245","","","","245","","","","","","","","","","190","Medium","-60","","150","","300","","","","","","","","","","footstep","20","200","100","","","","","","","","","","","","","","","","","","","","","","","","","","","","","","","","","","","","","","","","","","","","","",""
"MegaBossCrowDragonL2","336","","","","","","","","","","300","50000","","","","","","","","","","","","","","","","","","","","","","","","","","","","","","Mega_Boss","","","","MegaBossCrowDragonDefaultL2","","","","","","","","","","","","","","takedamage_gen","","death_crow","","true","gen_move_fx","reload_crow","","crow_dryfire","","","","","","","","","","","","","","","","","","","Crow_Kill","Crow_Lead","Crow_Start","Crow_Ulti","Crow_Takedamage","Crow_Die","","Crow_Start","","45","","80","80","","","35","230","245","","","","245","","","","","","","","","","230","Medium","-80","","180","","400","","","","","","","","","","footstep","20","200","100","","","","","","","","","","","","","","","","","","","","","","","","","","","","","","","","","","","","","","","","","","","","","",""
"MegaBossCrowDragonL3","337","","","","","","","","","","680","200000","","","","","","","","","","","","","","","","","","","","","","","","","","","","","","Mega_Boss","","","","MegaBossCrowDragonDefaultL3","","","","","","","","","","","","","","takedamage_gen","","death_crow","","true","gen_move_fx","reload_crow","","crow_dryfire","","","","","","","","","","","","","","","","","","","Crow_Kill","Crow_Lead","Crow_Start","Crow_Ulti","Crow_Takedamage","Crow_Die","","Crow_Start","","45","","80","80","","","35","350","245","","","","250","","","","","","","","","","350","Medium","-120","","230","","650","","","","","","","","","","footstep","20","200","100","","","","","","","","","","","","","","","","","","","","","","","","","","","","","","","","","","","","","","","","","","","","","",""
"BowDudeTotemBuddy","338","","","","","","","","","","","1000","","","50","","","","","","","","","","","","","","12","","","","","","","","","","","","","Minion_Building","","","","BowDudeTotemDefault","","","","","","","","","","","BowDudeSuperChargeAreaBuddy","","","nuts_bolts_metal_small","","bo_def_gadget1_death","","","","","","","bo_def_buddy_gadget1_spawn","","","","","","","","","","","","","","","","","","","","","","","","","","","","","75","75","","","25","120","220","300","","","","","","","1400","-500","","","","","120","Medium","-49","","","","300","","","","","","","","","","footstep","25","400","160","","","","","","","","","","","","","","","","","","","","","","","","","","","","","","","","","","","","","","","","","","","","","",""
"MegaBossBearWithNitaCustom","339","","","","","","","","","","720","30000","","","","","","","","","","","","","","","","","12","","","","","","","","","","","","","Mega_Boss","","","","ShamanBearAprilFools","","","","","","","","","","","","","","takedamage_gen","","kit_def_ulti_explosion","","true","gen_move_fx","","no_ammo_shotgungirl","dry_fire_barkeep","","","","","","","","","","","","","","","","","","","Nita_kill","Nita_lead","Nita_start","Nita_ulti","Nita_hurt","Nita_death","","Nita_start","","35","","80","80","","","35","220","","","270","","220","","","","-600","1000","800","-750","-250","60","300","Medium","-100","","150","","100","","","","","","","","","1000","footstep","25","250","160","","","3","1","2","","","","","","","","","","","","","","","","","","","","","","3","4","2","","","","","","","350","5","","","","","","","","",""
"MegaBossShamanPet","340","","","","","","","","","","610","3000","","","","","","","","","600","400","","","","","","","6","","","","","1","","","","","","","","Minion_FindEnemies","true","true","","ShamanBearDefault","","","","","","","","overchargeactivelargepet","","","","","","","","death_bull_dude","","","gen_move_fx","","","","nita_def_ulti_spawn","nita_def_oc_pet_spawn","","bear_attack","","","","","","","","","","","","","","","","","","","","","","","","30","","85","80","","","25","116","220","297","","","270","270","","","500","-1250","5000","-4000","","","145","Medium","-63","","","","100","","","","","","","","","","footstep","25","250","160","","","","","","","","","","","","","","","","","","","","","","","","","","","","","","","","","IS_SHAMANS_PET","","","","","","","","","","","","",""
"NinjaInvisibleAreaBuddy","341","","","","","","","","","","","1000","","","100","","","","","","","","","","","","","","12","","","","","","","","","","","","","Minion_Building","","","","NinjaInvisibleAreaDefault","","","","","","","","","","","NinjaInvisibleAreaBuddy","","","nuts_bolts_metal_small","","leon_def_gadget2_death_explode","","","","","","","gadget_bo_totem_spawn","","","","","","","","","","","","","","","","","","","","","","","","","","","","","75","75","","","25","120","220","300","","","","","","","1400","-500","","","","","120","Medium","-49","","","","300","","","","","","","","","","footstep","25","400","160","","","","","","","","","","","","","","","","","","","","","","","","","","","","","","","","","","","","","","","","","","","","","",""
"RandomLootBox","342","","","","","","","","","","","4300","","","","","","","","","","","","","","","","","","","true","","","","","","","","","","","LootBox","","","","RandomLootBox","","","","","","","","","","","","","","loot_box_hit","","gen_wood_explosion","","","","","","","","","","","","","","","","","","","","","","","","","","","","","","","","","","35","","100","-100","","","","95","","","","","","","","","","","","","","","145","Medium","-40","","","","350","","","","","","","","","","footstep","25","400","160","","","","","","","","","","","","","","","","","","","","","","","","","","","","","","","","","","40","","","","","","","","","","","",""
"BoxBomb","343","","","","","","","","","","","1000","","","610","","","","","","","","","","","","","","","","","","","","","","","","","","","Carryable","","","BoxBomb","HeistBombDefault","","","","","","","","","","","","BoxBombExplosion","","","","","","","","","","","","","","","","","","","","","","","","","","","","","","","","","","","","","","","","80","80","","","25","100","","","","","","","","","","","","","","","140","","-30","","","","","","","","","","","","","","","","","160","","","","","","","","","","","","","","","","","","","","","","","","","","","","","","","","","","","","","","","","","","","","","",""
"RedirecterSnakePet","344","","","","RedirecterSnakePetWeapon","RedirecterSnakePetUltiDummy","","","","","950","1200","","","160","","","","","","","","","","","","","","","","","","","1","","","","","","","","Minion_FindEnemies","","","","RedirecterPetDefault","","","","","","","","overchargeactivepet_eve","","","RedirecterPetUltiExplosion","","","","","electricity_end_blue","","","gen_move_fx","","","","tara_def_ulti_starpower_spawn","","","","","","","","","","","","","","","","","","","","","","","","","","","","","85","80","","","25","100","200","280","","","","","","","","","","","","","90","Medium","-63","","","","","","","","","","","","","","footstep","25","250","","","","","","","","","","","","","","","","","","","","","","","","","","","","","","","","","","ATTACH_AND_LEECH","","","","","","","","","","","","",""
"OverchargedRedirecterSnakePet","345","","","","RedirecterSnakePetWeapon","RedirecterSnakePetUltiDummy","","","","","1050","1500","","RedirecterOverchargedSnakePetPoisonTrailComponent","160","","","","","","","","","","","","","","","","","","","1","","","","","","","","Minion_FindEnemies","","","","RedirecterPetDefault","","","","","","","","overchargeactivepet_eve","","","RedirecterPetUltiExplosionOvercharged","","","","","electricity_end_blue","","","gen_move_fx","","","","tara_def_ulti_starpower_spawn","","","","","","","","","","","","","","","","","","","","","","","","","","","","","85","80","","","25","100","200","280","","","","","","","","","","","","","90","Medium","-63","","","","","","","","","","","","","","footstep","25","250","","","","","","","","","","","","","","","","","","","","","","","","","","","","","","","","","","ATTACH_AND_LEECH","","","","","","","","","","","","",""
"RedirecterCocoon","346","","","","","","","","","","","3000","","","250","","","","","","","","","","","","","","","","","","","","","","","","","","","Minion_Building","","","","RedirecterCocoonDefault","","","","","","","","","","","","RedirecterCocoonExplosion","","nuts_bolts_metal_small","","nuts_bolts_metal_explosion","","","","","","","tara_def_ulti_starpower_spawn","","","","","","","","","","","","","","","","","","","","","","","","","","","35","","75","75","","","25","70","180","243","","","","","","","1000","-1400","","","","","120","Medium","-45","","","","150","","","","","","","","","","footstep","25","400","160","","","","","","","","","","","","","","","","","","","","","","10","","","","","","","","","","","IS_COCOON","200","","","","","","","","","","","",""
"MegaBossGromRatPet","347","","","","","","","","","","840","400","","","","","","","","","600","400","","","","","","","","","","","","1","","","","","","","","Minion_FindEnemies","true","true","","MegaBossGromRatDefault","","","","","","","","overchargeactivepet_ash","","","","KnightPetOverchargedExplosion","KnightPetOverchargedExplosion","nuts_bolts_metal_small","","nuts_bolts_metal_explosion","","","","","","","ash_def_ulti_spawn","ash_def_oc_ulti_spawn","","","","","","","","","","","","","","","","","","","","","","","","","","","","85","80","","","25","250","200","270","","","","","","","","","","","","","100","Medium","-43","","","","","","","","","","","","","","","25","250","","","","","","","","","","","","","","","","","","","","","","","","","","","","","","","","","","","","","","","","","","","","","","",""
"MegaBossMaisieTurret","348","","","","","","","","","","","2000","","","","","","","","","1500","400","8","AlwaysSpread","","180","MegaBossMaisieTurretProjectile","","40","","","","","","","","","","","","","Minion_FindEnemies","true","true","","MegaBossMaisieTurretDefault","","","","","","","","","","","","","","nuts_bolts_metal_small","","nuts_bolts_metal_explosion","","","","","","","robo_spawn","","","","","","","","","","","","","","","","","","","","","","","","","","","","","75","75","","","25","280","220","300","","","","","","","1400","-500","","","","","200","Medium","-45","","","","300","","","","","","","","","","footstep","25","400","160","","","","","","","","","","","","","","","","","","","","","","","","","","","","","","","","","","","","","","","","","","","","","",""
"CrowBuddy","349","","","","","","","","","","1000","","","","","","","","","","","","","","","","","","","","","","","","","","","","","","","Minion_FindEnemies","","","","CrowBuddyDefault","","","","","","","","","","","","","","","","mrp_def_pet_death","","","gen_move_fx","","","","nita_def_ulti_spawn","","","","","","","","","","","","","","","","","","","","","","","","","","","","","60","60","","","","35","","205","","","180","","","","600","400","","","","","","","","","","","100","","","","","","","","","","footstep","25","250","","","","","","","","","","","","","","","","","","","","","true","","","","","","","","","","","","","","","","","","","","","","","","","",""
"BaseballBuddy","350","","","","","","","","","","1000","","","","","","","","","","","","","","","","","","","","","","","","","","","","","","","Minion_FindEnemies","","","","BaseballBuddyDefault","","","","","","","","","","","","","","","","mrp_def_pet_death","","","gen_move_fx","","","","nita_def_ulti_spawn","","","","","","","","","","","","","","","","","","","","","","","","","","","","","60","60","","","","40","","200","","","170","","","","400","400","","","","","","","","","","","","","","","","","","","","","footstep","25","250","","","","","","","","","","","","","","","","","","","","","true","","","","","","","","","","","","","","","","","","","","","","","","","",""
"BullBuddy","351","","","","","","","","","","1000","","","","","","","","","","","","","","","","","","","","","","","","","","","","","","","Minion_FindEnemies","","","","BullBuddyDefault","","","","","","","","","","","","","","","","mrp_def_pet_death","","","gen_move_fx","","","","nita_def_ulti_spawn","","","","","","","","","","","","","","","","","","","","","","","","","","","","","60","60","","","","37","","200","","","180","","","","500","500","","","","","","","","","","","100","","","","","","","","","","footstep","25","250","","","","","","","","","","","","","","","","","","","","","true","","","","","","","","","","","","","","","","","","","","","","","","","",""
"BowDudeBuddy","352","","","","","","","","","","1000","","","","","","","","","","","","","","","","","","","","","","","","","","","","","","","Minion_FindEnemies","","","","BowDudeBuddyDefault","","","","","","","","","","","","","","","","mrp_def_pet_death","","","gen_move_fx","","","","nita_def_ulti_spawn","","","","","","","","","","","","","","","","","","","","","","","","","","","","","60","60","","","","35","","160","","","160","","","","1100","1200","","","","","","","","","","","","","","","","","","","","","footstep","25","250","","","","","","","","","","","","","","","","","","","","","true","","","","","","","","","","","","","","","","","","","","","","","","","",""
"MegaBossCrowDragonL3Ghost1","353","","","","","","","","","","500","200000","","","135","","","","","","","","","","","","","","","","","","","","","","","","","","","Mega_Boss","true","true","","CrowRankedProgrsesionSkinLevel11","","","","","","","","","","","","","","takedamage_gen","","death_crow","","true","gen_move_fx","reload_crow","","crow_dryfire","","","","","","","","","","","","","","","","","","","Crow_Kill","Crow_Lead","Crow_Start","Crow_Ulti","Crow_Takedamage","Crow_Die","","Crow_Start","","45","","80","80","","","35","350","245","","","","250","","","","","","","","","","350","","","","","","650","","","","","","","","","","footstep","20","200","100","","","","","","","","","","","","","","","","","","","","","","","","","","","","","","","","","","","","","","","","","","","","","",""
"NinjaBuddy","354","","","","","","","","","","1000","","","","","","","","","","","","","","","","","","","","","","","","","","","","","","","Minion_FindEnemies","","","","NinjaBuddyDefault","","","","","","","","","","","","","","","","mrp_def_pet_death","","","gen_move_fx","","","","nita_def_ulti_spawn","","","","","","","","","","","","","","","","","","","","","","","","","","","","","60","60","","","","45","","205","","","180","","","","550","100","","","","","","","","","","","","","","","","","","","","","footstep","25","250","","","","","","","","","","","","","","","","","","","","","true","","","","","","","","","","","","","","","","","","","","","","","","","",""
"ShadowSmashSpider","355","","","","","","","","","","1000","2000","","","","","","","","","400","300","","","","","","","5","","","","","","","","","","","","","Minion_Invasion","true","","","CocoonerPetDefault","","","","","","","","","","","","","","","","electricity_end_blue","","","gen_move_fx","","","","robo_spawn","","","charlie_def_gadget_spider","","","","","","","","","","","","","","","","","","","","","","","","30","","85","80","","","25","400","200","280","","","","","","","500","-1250","","","","","145","Medium","-15","","","","100","","","","","","","","","","footstep","25","250","160","","","","","","","","","","","","","","","","","","","","","","","","","","","","","","","","","","1","","","","","","","","","","","",""
"ShamanBuddy","356","","","","","","","","","","1000","","","","","","","","","","","","","","","","","","","","","","","","","","","","","","","Minion_FindEnemies","","","","ShamanBuddyDefault","","","","","","","","","","","","","","","","mrp_def_pet_death","","","gen_move_fx","","","","nita_def_ulti_spawn","","","","","","","","","","","","","","","","","","","","","","","","","","","","","60","60","","","","42","","155","","","150","","","","450","450","","","","","","","","","","","","","","","","","","","","","footstep","25","250","","","","","","","","","","","","","","","","","","","","","true","","","","","","","","","","","","","","","","","","","","","","","","","",""
"EnragerBuddy","357","","","","","","","","","","1000","","","","","","","","","","","","","","","","","","","","","","","","","","","","","","","Minion_FindEnemies","","","","EnragerBuddyDefault","","","","","","","","","","","","","","","","mrp_def_pet_death","","","gen_move_fx","","","","nita_def_ulti_spawn","","","","","","","","","","","","","","","","","","","","","","","","","","","","","60","60","","","","40","","200","","","180","","","","400","400","","","","","","","","","","","","","","","","","","","","","footstep","25","250","","","","","","","","","","","","","","","","","","","","","true","","","","","","","","","","","","","","","","","","","","","","","","","",""
"TrickshotDudeBuddy","358","","","","","","","","","","1000","","","","","","","","","","","","","","","","","","","","","","","","","","","","","","","Minion_FindEnemies","","","","TrickshotDudeBuddyDefault","","","","","","","","","","","","","","","","mrp_def_pet_death","","","gen_move_fx","","","","nita_def_ulti_spawn","","","","","","","","","","","","","","","","","","","","","","","","","","","","","60","60","","","","40","","200","","","180","","","","400","400","","","","","","","","","","","","","","","","","","","","","footstep","25","250","","","","","","","","","","","","","","","","","","","","","true","","","","","","","","","","","","","","","","","","","","","","","","","",""
"RocketGirlBuddy","359","","","","","","","","","","1000","","","","","","","","","","","","","","","","","","","","","","","","","","","","","","","Minion_FindEnemies","","","","RocketGirlBuddyDefault","","","","","","","","","","","","","","","","mrp_def_pet_death","","","gen_move_fx","","","","nita_def_ulti_spawn","","","","","","","","","","","","","","","","","","","","","","","","","","","","","60","60","","","","40","","180","","","160","","","","400","400","","","","","","","","","","","","","","","","","","","","","footstep","25","250","","","","","","","","","","","","","","","","","","","","","true","","","","","","","","","","","","","","","","","","","","","","","","","",""
"AssaultShotgunBuddy","360","","","","","","","","","","1000","","","","","","","","","","","","","","","","","","","","","","","","","","","","","","","Minion_FindEnemies","","","","AssaultShotgunBuddyDefault","","","","","","","","","","","","","","","","mrp_def_pet_death","","","gen_move_fx","","","","nita_def_ulti_spawn","","","","","","","","","","","","","","","","","","","","","","","","","","","","","60","60","","","","40","","200","","","170","","","","400","400","","","","","","","","","","","","","","","","","","","","","footstep","25","250","","","","","","","","","","","","","","","","","","","","","true","","","","","","","","","","","","","","","","","","","","","","","","","",""
"PercenterBuddy","361","","","","","","","","","","1000","","","","","","","","","","","","","","","","","","","","","","","","","","","","","","","Minion_FindEnemies","","","","PercenterBuddyDefault","","","","","","","","","","","","","","","","mrp_def_pet_death","","","gen_move_fx","","","","nita_def_ulti_spawn","","","","","","","","","","","","","","","","","","","","","","","","","","","","","60","60","","","","38","","160","","","160","","","","800","650","","","","","","","","","","","","","","","","","","","","","footstep","25","250","","","","","","","","","","","","","","","","","","","","","true","","","","","","","","","","","","","","","","","","","","","","","","","",""
"ArcadeBuddy","362","","","","","","","","","","1000","","","","","","","","","","","","","","","","","","","","","","","","","","","","","","","Minion_FindEnemies","","","","ArcadeBuddyDefault","","","","","","","","","","","","","","","","mrp_def_pet_death","","","gen_move_fx","","","","nita_def_ulti_spawn","","","","","","","","","","","","","","","","","","","","","","","","","","","","","60","60","","","","38","","205","","","180","","","","800","650","","","","","","","","","","","","","","","","","","","","","footstep","25","250","","","","","","","","","","","","","","","","","","","","","true","","","","","","","","","","","","","","","","","","","","","","","","","",""
"SuperNovaCactus","363","","","","SuperNovaCactusWeapon","SuperNovaCactusUlti","","","","","750","8500","","SuperNovaCactus","","","","","","","","","","","","","","","12","","","","","106","125","","","","","","","Hero","","","","TempBrawlerCactusStarrGirlsDefault","","","","","","","","","","","","","","takedamage_gen","","death_cactus","","true","gen_move_fx","reload_cactus","no_ammo_shotgungirl","crow_dryfire","","","","","","","","","","","","","","","","","","","","","","","","","","","","35","","80","80","","","35","200","240","324","80","210","282","290","","","","","","250","","50","185","Medium","-85","","125","","450","","","","artillery","","","","","","footstep","40","300","100","true","true","2","1","3","","","","","","","","","","","","","","","","","","","","","","4","2","3","","","","","","","","","","","","","","","333","",""
"SuperNovaBeeSniper","364","","","","SuperNovaBeeSniperWeapon","SuperNovaBeeSniperUlti","","BeeSniperSlowPot","","","855","6500","","SuperNovaBeeSniper","","","","","","","","","","","","","","","12","","","","","130","100","","","","","","","Hero","","","","TempBrawlerBeeSniperStarrGirlsDefault","","","","","","","","","","","","","","takedamage_gen","","death_sniper","","true","gen_move_fx","reload_bea","no_ammo_bea","minig_dryfire","","","","","","","","","","","","","","","","","","","Bea_Kill_VO","Bea_Lead_VO","Bea_Start_VO","Bea_Ulti_VO","Bea_Hurt_VO","Bea_Die_VO","Bea_Atk_VO","Bea_Start_VO","","45","","80","80","","","35","165","200","320","90","190","260","270","true","","","","-50","50","","80","140","Medium","-70","","112","","450","","","","artillery","","","","","100","footstep","35","350","160","","","2","3","1","","","","","","","","","","","","","","","","","","","","","","5","2","2","","","","","","","","8","","","","","","","333","",""
"SuperNovaFireDude","365","","","","SuperNovaFireDudeWeapon","SuperNovaFireDudeUlti","","","","","855","7500","","SuperNovaFireDude","","","","","","","","","","","","","","","12","","","2","","82","53","","","","","","","Hero","","","","TempBrawlerFireDudeStarrGirlsDefault","","","","","","","","","","","","","","takedamage_gen","","death_arcade","","true","gen_move_fx","amber_reload","no_ammo_shotgungirl","amber_dryfire","","","","","","","","","","","","","","","","","","","Amber_Kill_VO","Amber_Lead_VO","Amber_Start_VO","Amber_Ulti_VO","Amber_Hurt_VO","Amber_Die_VO","Amber_Atk_VO","Amber_Start_VO","1","40","","80","80","","","35","145","210","284","90","175","260","260","true","","","","-200","-175","-80","","140","Medium","-77","","105","","450","","","","artillery","","","","","400","footstep","30","400","130","","","1","3","2","","","","","","","","","","","","","","","","","","","","","","5","2","2","","","","IS_FIREDUDE","","","","3","","250","","","","","333","",""
"SuperNovaVoodoo","366","","","","SuperNovaVoodooWeaponEarth","SuperNovaVoodooUlti","","","","","750","7000","","SuperNovaVoodoo","","","","","","","","","","","","","","","12","","","","","65","30","","","","","","","Hero","","","","TempBrawlerVoodooStarrGirlsDefault","","","","","","","","","","","","","","takedamage_gen","","death_artillery_dude","","true","gen_move_fx","juju_reload","no_ammo_shotgungirl","juju_dryfire","","","","","","","","","","","","","","","","","","","Juju_Kill_VO","Juju_Lead_VO","Juju_Start_VO","Juju_Ulti_VO","Juju_Hurt_VO","Juju_Die_VO","","Juju_Start_VO","4","35","","80","80","","","35","180","160","280","80","150","250","265","","","","600","250","-100","","10","160","Medium","-84","","120","","400","","","","artillery","","","","","500","footstep","20","200","160","","","3","2","1","true","water_footstep","","","","","","","","","","","","","","","","","","","","4","2","4","","","","VOODOO","","","450","","","150","","","","","333","",""
"SuperNovaVoodooPet","367","","","","SuperNovaVoodooPetWeapon","TwinsUltiDummy","","","","","450","7500","","","","","","","","","","","","","","","","","20","","","","","1","","","","","","","","Minion_FindEnemies","","","","VoodooPetStarrGirls","","","","","","","","","","","","","","","","death_bull_dude","","","gen_move_fx","","","","selena_def_ulti_summon","twin_def_oc_ulti_spawn","","","","","","","","","","","","","","","","","","","","","","","","","","30","","85","80","","","25","250","200","280","","","","","","","500","-1250","","","","","200","Medium","-52","","120","","100","","","","","","","","","","footstep","90","200","160","","","","","","true","water_footstep","","","","","","","","","","","","","","","","","","","","","","","","","","","","","","","","","","","","","","",""
"SuperNovaCactusCover","368","","","","","","","","","","","4000","","","","","","","","","","","","","","","","","20","","","","","","","","","","","","","Minion_FindEnemies","","","","StarNovaCactusCoverDefault","","","","","","","","","","","","SuperNovaCactusUltiExplosion","","gadget_spike_cactus_damaged","","spike_def_key_gadget2_death_exp","","","","","","","gadget_bo_totem_spawn","","","","","","","","","","","","","","","","spike_def_key_gadget2_looping","","","","","","","","","","","","","75","75","","","25","270","220","270","","","","","","","1400","-500","","","","","175","Medium","-70","","110","","300","","","","","","","","","","footstep","25","400","160","","","","","","","","","","","","","","","","","","","","","","","","","","","","","","","","","","","","","","","","","","","","","",""
"SuperNovaMagicalGirl","369","","","","SuperNovaMagicalGirlWeaponTransformed","SuperNovaMagicalGirlUlti","","","","","920","6000","","SuperNovaMagicalGirl","","","","","","","","","","","","","","","12","","","","","100","100","","","","","","","Hero","","","","TempBrawlerMagicalGirlDefault","","","","","","","","","","","","","","takedamage_gen","","death_artillery_dude","","true","gen_move_fx","draco_reload","no_ammo_shotgungirl","draco_dryfire","","","","","","","","","","","","","","","","","","","StarrNova_Kill_VO","StarrNova_Lead_VO","StarrNova_Start_VO","StarrNova_Ulti_VO","StarrNova_Hurt_VO","StarrNova_Die_VO","StarrNova_Atk_VO","StarrNova_Start_VO","4","35","100","80","80","","","35","160","200","260","95","170","260","250","","","","600","-150","","","","160","Medium","-70","","120","","400","","","","artillery","","","","","500","footstep","20","200","160","","","3","2","1","","","","","","","","","","","","","","","","","","","","","","5","3","1","","","","IS_MAGICAL_GIRL","","","","","","","","","","","333","",""
"MegaBossChronomancerL1","370","","","","","","","","","","350","125000","","","","","","","","","","","","","","","","","12","","","","","","","","","","","","","Mega_Boss","","","","ChronomancerDefault","","","","","","","","","","","","","","takedamage_gen","","death_rocket_girl","","true","gen_move_fx","finx_reload","no_ammo_shotgungirl","finx_dryfire","","","","","","","","","","","","","","","","","","","Finx_Kill_VO","Finx_Lead_VO","Finx_Start_VO","Finx_Ulti_VO","Finx_Hurt_VO","Finx_Die_VO","","Finx_Start_VO","4","35","","80","80","","","35","250","200","250","285","180","230","240","","","","","150","","-50","","200","Medium","-100","","150","","500","","","","","","","","","300","footstep","25","500","100","","","2","3","1","","","","","","","","","","","","","","","","","","","","","","3","2","5","","","","IS_CHRONOMANCER","","","","4","","","","","","","","",""
"MegaBossPercenter","371","","","","","","","","","","700","800000","","","","","","","","","","","","","","","","","12","","","","","","","","","","","","","Mega_Boss","","","","MegaBossPercenterStarrGirls","","","","","","","","","","","","","","takedamage_gen","","death_mechanic","","true","gen_move_fx","reload_mechanic","no_ammo_shotgungirl","dry_fire_mechanic","","","","","","","","","","","","","","","","","","","Colette_Kill_VO","Colette_Lead_VO","Colette_Start_VO","Colette_Ulti_VO","Colette_Hurt_VO","Colette_Die_VO","","Colette_Start_VO","5","35","","80","80","","","35","300","210","284","300","175","260","270","","","","","-150","-100","-25","40","200","Medium","-100","","140","","400","","","","","","","","","500","footstep","40","300","160","","","3","2","1","","","","","","","","","","","","","","","","","","","","","","4","2","3","","","","","","","400","4","4","100","","","","","","",""
"MegaBossPercenterTurret","372","","","","","","","","","","10","5000","","","","","","","","","","","","","","","","","40","","","","","","","","","","","","","Mega_Boss","true","true","","MegaBossPercenterTurret","","","","","","","","","","","","","","nuts_bolts_metal_small","","nuts_bolts_metal_explosion","","","","","","","","","","","","","","","","","","","","","","","","","","","","","","","","","","35","","75","75","","","25","580","180","243","","","","","","","1000","-1400","","","","","180","Medium","-32","","","","150","","","","","","","","","","footstep","25","400","160","","","","","","","","","","","","","","","","","","","","","","","1","","","","","","","","","","","","","","","","","","","","","","",""
"MegaBossPercenterPet","373","","","","MegaBossPercenterPetSkill","TwinsUltiDummy","","","","","550","100","","","","","","","","","","","","","","","","","12","","","","","","","","","","","","","Minion_FindEnemies","true","true","","MegaBossPercenterPetGhost","","","","","","","","","","","","","","takedamage_gen","","death_mechanic","","","gen_move_fx","reload_mechanic","no_ammo_shotgungirl","dry_fire_mechanic","","","","","","","","","","","","","","","","","","","","","","","","","","","5","35","","80","80","","","35","100","210","284","","","","","","","","","","","","","100","Medium","-40","","90","","400","","","","","","","","","500","footstep","40","300","160","","","","","","","","","","","","","","","","","","","","","","","","","","","","","","","","","","","","","","","","","","","","","",""
"MagicalGirlFlyArea","374","","","","","","","","","","","1500","","","150","","","","","","","","","","","","","","12","","","","","","","","","","","","","Minion_Building","","","","MagicalGirlFlyAreaDefault","","","","","","","","","","","MagicalGirlFlyArea","","","nuts_bolts_metal_small","","leon_def_gadget2_death_explode","","","","","","","","","","","","","","","","","","","","","","","","","","","","","","","","","","","","75","75","","","25","120","220","300","","","","","","","1400","-500","","","","","120","Medium","-49","","","","300","","","","","","","","","","footstep","25","400","160","","","","","","","","","","","","","","","","","","","","","","","","","","","","","","","","","","","","","","","","","","","","","",""
"ChargeBall","375","","","","","","","","","Component","1","1","","Carryable","","","","","","","","","","","","","","","","","","","","","","","","","","","","Carryable","","","ChargeBall","ChargeBallArena","","","","","","","","mode_superball_charge_max","","","","","","","","laser_ball_goal","","","","mode_superball_charge","","","","","","","","","","","","","","","","","","","","","","","","","","","","","","","","80","80","","","25","179","","","","","","","","","","","","","","","120","","","","","","","","","","","","","","","","","","","160","","","","","","","","","","","","","","","","","","","","","","","","","","","","","","","","","","","","","","","","","","","","","",""
"AssaultShotgunBombBuddy","376","","","","","","","","","","","2520","","","","","50","","","","","800","","","","","","","","","","","","","","","","","5","","","Minion_Building","","","","","","","","sc/effects_brawler_griff.sc","griff_def_buddy_gadget1_projectile","griff_def_buddy_gadget1_projectile_red","shadow_normal_circle_big","","","","","AssaultShotgunGadgetBombExplosion","","griff_def_buddy_gadget1_hit","","","","","","","","","gadget_griff_piggybank_spawn","","","","","","","","","","","","","","","","","","","","","","","","","","","","","75","75","","","25","100","220","300","","","","","","","1400","-500","","","","","120","Medium","-49","","","","300","","","","","","","","","","footstep","25","400","160","","","","","","","","","","","","","","","","","","","","","","","","","","","","","","","","","IS_PIGGYBANK","50","30","","","","","","","","","","",""
"ChargePuck","377","","","","","","","","","Component","1","1","","Carryable","","","","","","","","","","","","","","","","","","","","","","","","","","","","Carryable","","","ChargePuck","AirDiscDefault","","","","","","","","mode_superball_charge_max","","","","","","","","laser_ball_goal","","","","mode_superball_charge","","","","","","","","","","","","","","","","","","","","","","","","","","","","","","","","80","80","","","25","179","","","","","","","","","","","","","","","160","","","","","","","","","","","","","","","","","","","160","","","","","","","","","","","","","","","","","","","","","","","","","","","","","","","","","","","","","","","","","","","","","",""
"MegaBossChronomancerL2","378","","","","","","","","","","350","500000","","","","","","","","","","","","","","","","","12","","","","","","","","","","","","","Mega_Boss","","","","MegaBossChronomancerStarrGirls","","","","","","","","","","","","","","takedamage_gen","","death_rocket_girl","","true","gen_move_fx","finx_reload","no_ammo_shotgungirl","finx_dryfire","","","","","","","","","","","","","","","","","","","Finx_Kill_VO","Finx_Lead_VO","Finx_Start_VO","Finx_Ulti_VO","Finx_Hurt_VO","Finx_Die_VO","","Finx_Start_VO","4","35","","80","80","","","35","350","200","250","285","180","230","240","","","","","150","","-50","","140","Medium","-175","","200","","500","","","","controller","","","","","300","footstep","25","500","100","","","2","3","1","","","","","","","","","","","","","","","","","","","","","","3","2","5","","","","IS_CHRONOMANCER","","","","4","","","","","","","","",""
"MegaBossFixStasisTower","379","","","","","","","","","","","500000","","","","","","","","","","","","","","","","","","","","","","","","","","","","","","Mega_Boss","true","true","","MegaBoxFinxStatisTower","","","","","","","","","","","","","","nuts_bolts_metal_small","","nuts_bolts_metal_explosion","","","","","","","robo_spawn","","","","","","","","","","","","","","","","","","","","","","","","","","","","","75","75","","","25","1000","220","300","","","","","","","1400","-500","","","","","150","","","","","","300","","","","","","","","","","footstep","25","400","160","","","","","","","","","","","","","","","","","","","","","","","","","","","","","","","","","","","","","","","","","","","","","",""
"Goalkeeper","380","","","","","","","","","","1500","4000","","","","","","","","","400","260","","","","","","","5","1500","","","","","","","","","","","","Minion_Goalkeeper","true","","","GoalKeeperDefault","","","","","","","","","","","","","","nuts_bolts_metal_small","","nuts_bolts_metal_explosion","","true","gen_move_fx","","","","","","","coop_melee_attack","","","","","","","","","","","","","","","","","","","","","","","","30","70","85","80","","","25","300","200","270","","","","","","","","","","","","","200","Medium","-50","","","","","","","","","","","","","","footstep","25","250","130","","","","","","","","","","","","","","","","","","","","","","","","","","","","","","","","","","1","","","","","","","","","","","",""
"MegaBossFinxKitten","381","","","","","","","","","","740","2000","","","","","","","","","700","500","","","","","","","7","","","","","","","","","","","","","Minion_FindEnemies","true","true","","AttacherDefault","","","","","","","","","","AttacherUltiDot","","","","takedamage_gen","","death_shaman","","true","gen_move_fx","","","","","","kit_def_atk_hit","","","","","","","","","","","","","","","","Kit_Kill_VO","Kit_Lead_VO","Kit_Start_VO","Kit_Ulti_VO","Kit_Hurt_VO","Kit_Die_VO","Kit_Atk_VO","Kit_Start_VO","","35","","80","80","","","35","116","190","270","80","150","265","272","","","","","280","100","","","120","Medium","-46","","","","100","","","TID_ATTACHER","support","","","","","1000","footstep","25","250","160","","","","","","","","","","","","","","","200","","","","","","","","","","","","","","","","","","","","","","","","","","","","","","",""
"SwarmHunterEnemy","382","","","","","","","","","","500","15000","","","","","","","","","400","300","","","","","","","5","","","","","","","","","","","","","Minion_Swarm_Hunter","true","","","MegaKenji","","","","","","","","","","","","","","nuts_bolts_metal_small","","nuts_bolts_metal_explosion","","true","gen_move_fx","","","","robo_spawn","","","robot_m_attack","","","","","","","","","","","","","","","","","","","","","","","","30","","85","80","","","25","200","200","270","","","","","","","","","","","","","100","Medium","-35","","","","","","","","","","","","","","footstep","25","250","130","","","","","","","","","","","","","","","","","","","","","","","","","","","","","","","","","","2","","","","","","","","","","","",""
"MegaBossFixStasisTowerSecond","383","","","","","","","","","","","500000","","","","","","","","","","","","","","","","","","","","","","","","","","","","","","Mega_Boss","true","true","","MegaBoxFinxStatisTower","","","","","","","","","","","","","","nuts_bolts_metal_small","","nuts_bolts_metal_explosion","","","","","","","robo_spawn","","","","","","","","","","","","","","","","","","","","","","","","","","","","","75","75","","","25","1000","220","300","","","","","","","1400","-500","","","","","150","","","","","","300","","","","","","","","","","footstep","25","400","160","","","","","","","","","","","","","","","","","","","","","","","","","","","","","","","","","","","","","","","","","","","","","",""
"NanoIngredient1","384","","","","","","","","","Component","130","1000","","Carryable","","","","","","","","","","","","","","","","","","","","","","","","","","","","Carryable","","","NanoIngredientSpin","NanoIngredient1","","","","","","","","","","","","","","","","death_ingredient","","","","","","","","","","","","","","","","","","","","","","","","","","","","","","","","","","","","80","80","","","25","179","","","","","","","","","","","","","","","150","","","","","","","","","","","","","","","","","","","160","","","","","","true","","","","","","","","","","","","","","","","","","","","","","","","","","","","1","","","","","","","","","","","",""
"NanoIngredient2","385","","","","","","","","","Component","130","1000","","Carryable","","","","","","","","","","","","","","","","","","","","","","","","","","","","Carryable","","","NanoIngredientRotate","NanoIngredient2","","","","","","","","","","","","","","","","death_ingredient","","","","","","","","","","","","","","","","","","","","","","","","","","","","","","","","","","","","80","80","","","25","179","","","","","","","","","","","","","","","150","","","","","","","","","","","","","","","","","","","160","","","","","","true","","","","","","","","","","","","","","","","","","","","","","","","","","","","2","","","","","","","","","","","",""
"NanoIngredient3","386","","","","","","","","","Component","130","1000","","Carryable","","","","","","","","","","","","","","","","","","","","","","","","","","","","Carryable","","","NanoIngredientRotate","NanoIngredient3","","","","","","","","","","","","","","","","death_ingredient","","","","","","","","","","","","","","","","","","","","","","","","","","","","","","","","","","","","80","80","","","25","179","","","","","","","","","","","","","","","150","","","","","","","","","","","","","","","","","","","160","","","","","","true","","","","","","","","","","","","","","","","","","","","","","","","","","","","3","","","","","","","","","","","",""
"NanoIngredient4","387","","","","","","","","","Component","130","1000","","Carryable","","","","","","","","","","","","","","","","","","","","","","","","","","","","Carryable","","","NanoIngredientRotate","NanoIngredient4","","","","","","","","","","","","","","","","death_ingredient","","","","","","","","","","","","","","","","","","","","","","","","","","","","","","","","","","","","80","80","","","25","179","","","","","","","","","","","","","","","150","","","","","","","","","","","","","","","","","","","160","","","","","","true","","","","","","","","","","","","","","","","","","","","","","","","","","","","4","","","","","","","","","","","",""
"MegaBossBlackhole","388","","","","","","","","","","350","500000","","","","","","","","","","","","","","","","","6","","","","","","","","","","","","","Mega_Boss","","","","MegaBossBlackholeCybernoodles","","","","","","","","","","","","","","takedamage_gen","","death_rocket_girl","","true","gen_move_fx","finx_reload","no_ammo_shotgungirl","finx_dryfire","","","","","","","","","","","","","","","","","","","Finx_Kill_VO","Finx_Lead_VO","Finx_Start_VO","Finx_Ulti_VO","Finx_Hurt_VO","Finx_Die_VO","","Finx_Start_VO","4","35","","80","80","","","35","250","200","250","285","180","230","240","","","","","150","","-50","","200","Medium","-175","","150","","500","","","","","","","","","300","footstep","25","500","100","","","","","","","","","","","","","","","","","","","","","","","","","","","","","","","","","","","","","","","","","","","","","",""
"MegaBossBlackHoleShieldPet","389","","","","","","","","","","400","5000","","MegaBossBlackHoleShieldPet","","","","","","","3000","1","","","","","MegaBossBlackHoleShieldPetProjectile","","15","","","","","","","","","","","","","Minion_FindEnemies","true","true","","MegaBossBlackholePetCybernoodles","","","","","","","","","","","","","","","","death_shotgun_girl","","","","","","","tara_def_ulti_starpower_spawn","","","","","","","","","","","","","","","","sparkle_trail_dark_minion","","","","","","","","","","","30","","85","80","","","25","190","200","270","","","","","","","","","","","","","90","Medium","-43","","","","350","","","","","","","","","","","25","250","160","","","","","","","","","","","","","","","","","","","","","","","","","","","","","","","","","","","","","","","","","","","","","",""
"NanoIngredient5","390","","","","","","","","","Component","130","1000","","Carryable","","","","","","","","","","","","","","","","","","","","","","","","","","","","Carryable","","","NanoIngredientRotate","NanoIngredient5","","","","","","","","","","","","","","","","death_ingredient","","","","","","","","","","","","","","","","","","","","","","","","","","","","","","","","","","","","80","80","","","25","179","","","","","","","","","","","","","","","150","","","","","","","","","","","","","","","","","","","160","","","","","","true","","","","","","","","","","","","","","","","","","","","","","","","","","","","5","","","","","","","","","","","",""
"MegaBossBlackHoleExplodePet","391","","","","","","","","","","400","2000","","","","","","","","","500","150","","","","","MegaBossBlackHoleExplosionPetProjectile","","15","","","","","","","","","","","","","Minion_FindEnemies","true","true","","MegaBossBlackholePetCybernoodles","","","","","","","","","","","","MegaBossBlackHolePetExplosionWarning","","","","death_shotgun_girl","","","","","","","tara_def_ulti_starpower_spawn","","","","","","","","","","","","","","","","sparkle_trail_dark_minion","","","","","","","","","","","30","","85","80","","","25","190","200","270","","","","","","","","","","","","","90","Medium","-43","","","","350","","","","","","","","","","","25","250","160","","","","","","","","","","","","","","","","","","","","","","","","","","","","","","","","","","","","","","","","","","","","","",""
"MegaBossRocketGirlL1","392","","","","","","","","","","350","100000","","","","","","","","","","","","","","","","","6","","","","","","","","","","","","","Mega_Boss","","","","MegaBossRocketGirlRankedL1","","","","","","","","","","","","","","takedamage_gen","","death_rocket_girl","","true","gen_move_fx","reload_rocket_girl","no_ammo_shotgungirl","brock_dryfire","","","","","","","","","","","","","","","","","","","Brock_kill_vo","Brock_lead_vo","Brock_start_vo","Brock_ulti_vo","Brock_hurt_vo","Brock_die_vo","","Brock_start_vo","3","35","","80","80","","","35","200","200","290","90","180","260","260","","","","","50","","-50","","200","Medium","-100","","125","","500","","","","","","","","","300","footstep","25","500","100","","","","","","","","","","","","","","","","","","","","","","","","","","","","","","","","","","","","","","","","","","","","","",""
"MegaBossRocketGirlL2","393","","","","","","","","","","350","100000","","","","","","","","","","","","","","","","","6","","","","","","","","","","","","","Mega_Boss","","","","MegaBossRocketGirlRankedL2","","","","","","","","","","","","","","takedamage_gen","","death_rocket_girl","","true","gen_move_fx","reload_rocket_girl","no_ammo_shotgungirl","brock_dryfire","","","","","","","","","","","","","","","","","","","Brock_kill_vo","Brock_lead_vo","Brock_start_vo","Brock_ulti_vo","Brock_hurt_vo","Brock_die_vo","","Brock_start_vo","3","35","","80","80","","","35","225","200","290","90","180","260","260","","","","","50","","-50","","200","Medium","-125","","150","","500","","","","","","","","","300","footstep","25","500","100","","","","","","","","","","","","","","","","","","","","","","","","","","","","","","","","","","","","","","","","","","","","","",""
"MegaBossRocketGirlL3","394","","","","","","","","","","350","350000","","","","","","","","","","","","","","","","","6","","","","","","","","","","","","","Mega_Boss","","","","MegaBossRocketGirlRankedL3","","","","","","","","","","","","","","takedamage_gen","","death_rocket_girl","","true","gen_move_fx","reload_rocket_girl","no_ammo_shotgungirl","brock_dryfire","","","","","","","","","","","","","","","","","","","Brock_kill_vo","Brock_lead_vo","Brock_start_vo","Brock_ulti_vo","Brock_hurt_vo","Brock_die_vo","","Brock_start_vo","3","35","","80","80","","","35","250","200","290","90","180","260","260","","","","","50","","-50","","200","Medium","-150","","175","","500","","","","","","","","","300","footstep","25","500","100","","","","","","","","","","","","","","","","","","","","","","","","","","","","","","","","","","","","","","","","","","","","","",""
"SpeedyBuddy","395","","","","","","","","","","1000","","","","","","","","","","","","","","","","","","","","","","","","","","","","","","","Minion_FindEnemies","","","","SpeedyBuddyDefault","","","","","","","","","","","","","","","","mrp_def_pet_death","","","gen_move_fx","","","","nita_def_ulti_spawn","","","","","","","","","","","","","","","","","","","","","","","","","","","","","60","60","","","","38","","160","","","160","","","","800","650","","","","","","","","","","","","","","","","","","","","","footstep","25","250","","","","","","","","","","","","","","","","","","","","","true","","","","","","","","","","","","","","","","","","","","","","","","","",""
"MechaDudeBuddy","396","","","","","","","","","","1000","","","","","","","","","","","","","","","","","","","","","","","","","","","","","","","Minion_FindEnemies","","","","MechaDudeBuddyDefault","","","","","","","","","","","","","","","","mrp_def_pet_death","","","gen_move_fx","","","","nita_def_ulti_spawn","","","","","","","","","","","","","","","","","","","","","","","","","","","","","60","60","","","","38","","160","","","160","","","","800","650","","","","","","","","","","","","","","","","","","","","","footstep","25","250","","","","","","","","","","","","","","","","","","","","","true","","","","","","","","","","","","","","","","","","","","","","","","","",""
"PowerLevelerBuddy","397","","","","","","","","","","1000","","","","","","","","","","","","","","","","","","","","","","","","","","","","","","","Minion_FindEnemies","","","","PowerLevelerBuddyDefault","","","","","","","","","","","","","","","","mrp_def_pet_death","","","gen_move_fx","","","","nita_def_ulti_spawn","","","","","","","","","","","","","","","","","","","","","","","","","","","","","60","60","","","","38","","160","","","160","","","","800","650","","","","","","","","","","","","","","","","","","","","","footstep","25","250","","","","","","","","","","","","","","","","","","","","","true","","","","","","","","","","","","","","","","","","","","","","","","","",""
"NanoIngredient0","398","","","","","","","","","Component","130","1000","","Carryable","","","","","","","","","","","","","","","","","","","","","","","","","","","","Carryable","","","NanoIngredientRotate","NanoIngredient0","","","","","","","","","","","","","","","","death_ingredient","","","","","","","","","","","","","","","","","","","","","","","","","","","","","","","","","","","","80","80","","","25","179","","","","","","","","","","","","","","","150","","","","","","","","","","","","","","","","","","","160","","","","","","true","","","","","","","","","","","","","","","","","","","","","","","","","","","","","","","","","","","","","","","",""
"NanoIngredient6","399","","","","","","","","","Component","130","1000","","Carryable","","","","","","","","","","","","","","","","","","","","","","","","","","","","Carryable","","","NanoIngredientRotate","NanoIngredient6","","","","","","","","","","","","","","","","death_ingredient","","","","","","","","","","","","","","","","","","","","","","","","","","","","","","","","","","","","80","80","","","25","179","","","","","","","","","","","","","","","150","","","","","","","","","","","","","","","","","","","160","","","","","","true","","","","","","","","","","","","","","","","","","","","","","","","","","","","6","","","","","","","","","","","",""
"NanoIngredient7","400","","","","","","","","","Component","130","1000","","Carryable","","","","","","","","","","","","","","","","","","","","","","","","","","","","Carryable","","","NanoIngredientSpin","NanoIngredient7","","","","","","","","","","","","","","","","death_ingredient","","","","","","","","","","","","","","","","","","","","","","","","","","","","","","","","","","","","80","80","","","25","179","","","","","","","","","","","","","","","150","","","","","","","","","","","","","","","","","","","160","","","","","","true","","","","","","","","","","","","","","","","","","","","","","","","","","","","7","","","","","","","","","","","",""
"NanoIngredient8","401","","","","","","","","","Component","130","1000","","Carryable","","","","","","","","","","","","","","","","","","","","","","","","","","","","Carryable","","","NanoIngredientSpin","NanoIngredient8","","","","","","","","","","","","","","","","death_ingredient","","","","","","","","","","","","","","","","","","","","","","","","","","","","","","","","","","","","80","80","","","25","179","","","","","","","","","","","","","","","150","","","","","","","","","","","","","","","","","","","160","","","","","","true","","","","","","","","","","","","","","","","","","","","","","","","","","","","8","","","","","","","","","","","",""
"NanoIngredient9","402","","","","","","","","","Component","130","1000","","Carryable","","","","","","","","","","","","","","","","","","","","","","","","","","","","Carryable","","","NanoIngredientSpin","NanoIngredient9","","","","","","","","","","","","","","","","death_ingredient","","","","","","","","","","","","","","","","","","","","","","","","","","","","","","","","","","","","80","80","","","25","179","","","","","","","","","","","","","","","150","","","","","","","","","","","","","","","","","","","160","","","","","","true","","","","","","","","","","","","","","","","","","","","","","","","","","","","9","","","","","","","","","","","",""
"MechaVanCart","403","","","","","","","","","","","1","","","","","","","","","","","","","","","","","","","","","","","","","","","","","","Payload","","","","MechaVanCartDefault","","","true","","","","","","","","","","","","","","","","gen_move_fx","","","","","","","","","","","","","","","","","","","","","","","","","","","","","","","","","80","80","","","25","250","","","","","","","","","","","","","","","160","","","","","","","","","","","","","","","","","130","50","","","","","","","","","","","","","","","","","","","","","","","","","","","","","","","","","","","","","","","","","","","","","","",""
"TrickshotDudeGadgetSkillContainer","404","","","","","","","","","","","2000","","TrickshotDudeGadgetSkillContainer","","","","","","","","","","","","","","","12","","","","","","","","","","","","","Minion_Building","","","","TrickshotDudeGadgetSkillContainer","","","","","","","","","","","TrickshotDudeBulletBouncerAreaEffect","","","nuts_bolts_metal_small","","bo_def_gadget1_death","","","","","","","bo_def_gadget1_spawn","","","","","","","","","","","","","","","","","","","","","","","","","","","","","75","75","","","25","300","300","300","","","","","","","1400","-500","","","","","200","Medium","-49","5","","","300","","","","","","","","","","footstep","25","400","160","","","","","","","","","","","","","","","","","","","","","","","","","","","","","","","","","","","","","","","","","","","","","",""
"TrickshotDudeGadgetSkillContainerBuddy","405","","","","","","","","","","","2000","TrickshotDudeDynamicGadgetExplosionBullets","TrickshotDudeGadgetSkillContainer","","","","","","","","","","","","","","","12","","","","","","","","","","","","","Minion_Building","","","","TrickshotDudeGadgetSkillContainer","","","","","","","","","","","TrickshotDudeBulletBouncerAreaEffectBuddy","","","nuts_bolts_metal_small","","bo_def_gadget1_death","","","","","","","bo_def_gadget1_spawn","","","","","","","","","","","","","","","","","","","","","","","","","","","","","75","75","","","25","300","300","300","","","","","","","1400","-500","","","","","200","Medium","-49","5","","","300","","","","","","","","","","footstep","25","400","160","","","","","","","","","","","","","","","","","","","","","","","","","","","","","","","","","","","","","","","","","","","","","",""
"NanoDeliveryBot","406","","","","","","","","","","700","2000","","","20","","","","","","","1","","","","","","","","","","","","","","","","","","","","Minion_Invasion","true","","","MeleeFastBotDefault","","","","","","","","","","","","","","nuts_bolts_metal_small","","nuts_bolts_metal_explosion","","true","gen_move_fx","","","","robo_spawn_cooking","","","robot_m_attack","","","","","","","","","","","","","","","","","","","","","","","","30","","85","80","","","25","110","200","270","","","","","","","","","","","","","100","Medium","-35","","","","","","","","","","","","","","footstep","25","250","130","","","","","","","","","","","","","","","","","","","","","","","","","","","","","","","","","","1","","","","","","","","","","","",""
"MechaVanFodderRanged","407","","","","","","","","","","600","3000","","","","","","","","","1800","600","","","","30","CoopRangedEnemyProjectile","","28","","","","","","","","","","","","","Minion_FindEnemies","","","","RangedBotMechaVan","","","","","","","","","","","","","","nuts_bolts_metal_small","","nuts_bolts_metal_explosion","","true","gen_move_fx","","","","robo_spawn","","","coop_ranged_attack","","","","","","","","","","","","","","","","","","","","","","","","30","","85","80","","","25","100","200","270","","","","","","","","","","","","","100","Medium","-49","","","","350","","","","","","","","","","footstep","25","250","130","","","","","","","","","","","","","","","","","","","","","","","","","","","","","","","","","","","","","","","","","","","","","",""
"MechaVanFodderMelee","408","","","","","","","","","","800","3400","","","","","","","","","600","500","","","","","","","5","","","","","","","","","","","","","Minion_FindEnemies","","","","MeleeBotMechaVan","","","","","","","","","","","","","","nuts_bolts_metal_small","","nuts_bolts_metal_explosion","","true","gen_move_fx","","","","robo_spawn","","gen_hit_melee","robot_melee_attack","","","","","","","","","","","","","","","","","","","","","","","","30","","85","80","","","25","100","200","270","","","","","","","","","","","","","100","Medium","-50","","","","","","","","","","","","","","footstep","25","250","130","","","","","","","","","","","","","","","","","","","","","","","","","","","","","","","","","","","","","","","","","","","","","",""
"MechaVanFodderBomb","409","","","","","","","","","","900","2800","","","","","","","","","400","1500","","","","","","","5","","","","","","","","","","","","","Minion_FindEnemies","","","","MeleeFastBotMechaVan","","","","","","","","","","","","MechaVanFodderBombDeathAttack","","nuts_bolts_metal_small","","nuts_bolts_metal_explosion","","true","gen_move_fx","","","","robo_spawn","","","robot_m_attack","","","","","","","","","","","","","","","","","","","","","","","","30","","85","80","","","25","125","200","270","","","","","","","","","","","","","120","Medium","-50","","","","","","","","","","","","","","footstep","25","250","130","","","","","","","","","","","","","","","","","","","","","","","","","","","","","","","","","SELF_DESTRUCT_ON_ATTACK","","","","","","","","","","","","",""
"MechaVanMiniMeleeNinja","410","","","","","","","","","","450","30000","","","","","","","","","600","2000","","","","","","","","","","","","","","","","","","","","Mega_Boss","","","","MeleeBotMechaVan","","","","","","","","","","","","","","nuts_bolts_metal_small","","nuts_bolts_metal_explosion","","true","gen_move_fx","","","","robo_spawn","","","robot_m_attack","","","","","","","","","","","","","","","","","","","","","","","","30","","85","80","","","25","170","200","270","","","","","","","","","","","","","100","Medium","-80","","","","","","","","","","","","","","footstep","30","400","130","","","","","","","","","","","","","","","","","","","","","","","","","","","","","","","","","","","","","","","","","","","","","",""
"MechaVanMiniSniper","411","","","","","","","","","","400","30000","","","","","","","","","1400","3000","","","","","","","","","","","","","","","","","","","","Mega_Boss","","","","RangedBotMechaVan","","","","","","","","","","","","","","nuts_bolts_metal_small","","nuts_bolts_metal_explosion","","true","gen_move_fx","","","","robo_spawn","","","coop_ranged_attack","","","","","","","","","","","","","","","","","","","","","","","","30","","85","80","","","25","160","200","270","","","","","","","","","","","","","100","Medium","-80","","","","350","","","","","","","","","","footstep","30","400","130","","","","","","","","","","","","","","","","","","","","","","","","","","","","","","","","","","","","","","","","","","","","","",""
"MechaVanMiniTank","412","","","","","","","","","","500","30000","","","","","","","","","400","3000","","","","","","","","","","","","","","","","","","","","Mega_Boss","","","","BossBotMechaVan","","","","","","","","","","","","","","nuts_bolts_metal_small","","nuts_bolts_metal_explosion","","true","gen_move_fx","","","","robo_spawn","","","robot_m_attack","","","","","","","","","","","","","","","","","","","","","","","","30","","85","80","","","25","70","200","270","","","","","","","","","","","","","120","Medium","-80","","","","","","","","","","","","","","footstep","30","400","130","","","","","","","","","","","","","","","","","","","","","","","","","","","","","","","","","","","","","","","","","","","","","",""
"MechaVanBossMeleeNinja","413","","","","","","","","","","450","200000","","","","","","","","","600","4000","","","","","","","","","","","","","","","","","","","","Mega_Boss","","","","MeleeFastBotMechaVan","","","","","","","","","","","","","","nuts_bolts_metal_small","","nuts_bolts_metal_explosion","","true","gen_move_fx","","","","robo_spawn","","","robot_m_attack","","","","","","","","","","","","","","","","","","","","","","","","30","","85","80","","","25","200","200","270","","","","","","","","","","","","","100","Medium","-120","","","","","","","","","","","","","","footstep","40","600","130","","","","","","","","","","","","","","","","","","","","","","","","","","","","","","","","","","","","","","","","","","","","","",""
"MechaVanBossSniper","414","","","","","","","","","","400","200000","","","","","","","","","1400","6000","","","","","","","","","","","","","","","","","","","","Mega_Boss","","","","RangedBotMechaVan","","","","","","","","","","","","","","nuts_bolts_metal_small","","nuts_bolts_metal_explosion","","true","gen_move_fx","","","","robo_spawn","","","coop_ranged_attack","","","","","","","","","","","","","","","","","","","","","","","","30","","85","80","","","25","200","200","270","","","","","","","","","","","","","100","Medium","-120","","","","350","","","","","","","","","","footstep","40","600","130","","","","","","","","","","","","","","","","","","","","","","","","","","","","","","","","","","","","","","","","","","","","","",""
"MechaVanBossTank","415","","","","","","","","","","500","200000","","","","","","","","","400","6000","","","","","","","","","","","","","","","","","","","","Mega_Boss","","","","BossBotMechaVan","","","","","","","","","","","","","","nuts_bolts_metal_small","","nuts_bolts_metal_explosion","","true","gen_move_fx","","","","robo_spawn","","","robot_m_attack","","","","","","","","","","","","","","","","","","","","","","","","30","","85","80","","","25","130","200","270","","","","","","","","","","","","","120","Medium","-120","","","","","","","","","","","","","","footstep","40","600","130","","","","","","","","","","","","","","","","","","","","","","","","","","","","","","","","","","","","","","","","","","","","","",""
"NinjaNanoPowerClone","416","","","","NinjaWeapon","TwinsUltiDummy","","","","","830","3300","","","","","","","","","","","","","","","","","25","","","","","","","","","","","","","Minion_FindEnemies","","","","NinjaDefault","","","","","","","","","","","","","","takedamage_gen","","death_ninja","","","gen_move_fx","reload_leon","no_ammo_shotgungirl","dry_fire_leon","","","","","","","","","","","","","","","","","","","Leon_kill_vo","Leon_lead_vo","Leon_start_vo","Leon_ulti_vo","Leon_hurt_vo","Leon_die_vo","","","","50","","80","80","","","35","116","190","330","80","150","270","270","","","","","","","","","120","Medium","-55","","","","450","","","","","","","","","","footstep","25","250","130","","","3","2","1","","","","","","","","","","","","","LeonTutorial","","","","","","","","","4","2","3","","","","","","","","","","","","","","","","",""
"MegaBossKatanaKid","417","","","","","","","","","","600","300000","","Boss_MegaKatanaKid","","","","","","","","","","","","","","","","","","","","","","","","","","","","Mega_Boss","","","","MegaBossKatanaKidCybernoodles","","","","","","","","","","","","","","takedamage_gen","","death_rocket_girl","","true","gen_move_fx","mina_reload","","mina_dryfire","","","dummy_effect","","","","","","","","","","","","","","","","","","","","","","","Mina_Start_VO","","50","","100","100","","","35","380","","","","","","","","","","","","","","","200","Medium","-120","","150","","500","","","","","","","","","","footstep","60","350","165","","","","","","","","","","","","","","","","","","","","","","","","","","","","","","","","","","","","","","","","","","","","","",""
"MegaBossKatanaKid_FishSpawner1","418","","","","","","","","","","","500000","","","","","","","","","","","","","","","","","","","","","","","","","","","","","","Mega_Boss","true","true","","MegaBossKatanaKid_FishSpawner","","","","","","","","","","","","","","nuts_bolts_metal_small","","nuts_bolts_metal_explosion","","","","","","","robo_spawn","","","","","","","","","","","","","","","","","","","","","","","","","","","","","75","75","","","25","1000","220","300","","","","","","","1400","-500","","","","","150","","","","","","300","","","","","","","","","","footstep","25","400","160","","","","","","true","","","","","","","","","","","","","","","","","","","","","","","","","","","","","","","","","","","","","","","",""
"MegaBossKatanaKid_FishSpawner2","419","","","","","","","","","","","500000","","","","","","","","","","","","","","","","","","","","","","","","","","","","","","Mega_Boss","true","true","","MegaBossKatanaKid_FishSpawner","","","","","","","","","","","","","","nuts_bolts_metal_small","","nuts_bolts_metal_explosion","","","","","","","robo_spawn","","","","","","","","","","","","","","","","","","","","","","","","","","","","","75","75","","","25","1000","220","300","","","","","","","1400","-500","","","","","150","","","","","","300","","","","","","","","","","footstep","25","400","160","","","","","","true","","","","","","","","","","","","","","","","","","","","","","","","","","","","","","","","","","","","","","","",""
"MechaVanFriendlyMegBoss","420","","","","","","","","","","720","200000","","","","","","","","","","","","","","","","","12","","","","","","","","","","","","","Mega_Boss","","","","MechaDudeBigCybernoodlesOvercharge","","","","","","","","","","","","","","takedamage_gen","","mecha_def_ulti2_death","","true","gen_move_fx","meg_reload","no_ammo_shotgungirl","meg_dryfire","","","","","","","","","","","","","","","","","","","Meg_kill_vo","Meg_lead_vo","Meg_start_vo","Meg_ulti_vo","Meg_hurt_vo","Meg_die_vo","","Meg_start_vo","","45","400","80","80","","","35","200","190","300","80","150","270","270","","","200","-1000","","","","80","145","Medium","-80","","","","450","","","","","","","","","100","footstep","35","350","160","","","","","","","","","","","","","","","","","","","","","","","","","","","","","","","","","","","","","","","","","","","","","",""
"NanoGuardTank","421","","","","","","","","","","500","20000","","","","","","","","","1400","2000","","","","","","","9","","","","","","","","","","","","","Mega_Boss","","","","BossBotMechaVan","","","","","","","","","","","","","","nuts_bolts_metal_small","","nuts_bolts_metal_explosion","","true","gen_move_fx","","","","robo_spawn","","","robot_m_attack","","","","","","","","","","","","","","","","","","","","","","","","30","","85","80","","","25","110","200","270","","","","","","","","","","","","","120","Medium","-120","","","","","","","","","","","","","","footstep","40","600","130","","","","","","","","","","","","","","","","","","","","","","","","","","","","","","","","","","","","","","","","","","","","","",""
"NanoGuardRanged","422","","","","","","","","","","700","8000","","","","","","","","","1400","900","","","","30","CoopRangedEnemyProjectile","","21","","","","","","","","","","","","","Mega_Boss","true","","","RangedBotMechaVan","","","","","","","","","","","","","","nuts_bolts_metal_small","","nuts_bolts_metal_explosion","","true","gen_move_fx","","","","robo_spawn","","","coop_ranged_attack","","","","","","","","","","","","","","","","","","","","","","","","30","","85","80","","","25","180","200","270","","","","","","","","","","","","","100","Medium","-80","","","","350","","","","","","","","","","footstep","25","250","130","","","","","","","","","","","","","","","","","","","","","","","","","","","","","","","","","","2","","","","","","","","","","","",""
"NanoGuardMelee","423","","","","","","","","","","700","10000","","","","","","","","","600","1200","","","","","","","6","","","","","","","","","","","","","Minion_FindEnemies","true","","","MeleeBotMechaVan","","","","","","","","","","","","","","nuts_bolts_metal_small","","nuts_bolts_metal_explosion","","true","gen_move_fx","","","","robo_spawn","","gen_hit_melee","robot_melee_attack","","","","","","","","","","","","","","","","","","","","","","","","30","70","85","80","","","25","180","200","270","","","","","","","","","","","","","120","Medium","-80","","","","","","","","","","","","","","footstep","25","250","130","","","","","","","","","","","","","","","","","","","","","","","","","","","","","","","","","","2","","","","","","","","","","","",""
"CactusCoverNanoFake","424","","","","","","","","","","","1750","","","","","","","","","","","","","","","","","","","","","","","","","","","","","","Minion_Building","","","","CactusCoverNanoFakeDefault","","","","","","","","","","","","CactusCoverHeal","","gadget_spike_cactus_damaged","","gadget_spike_cactus_destroyed","","","","","","","gadget_bo_totem_spawn","","","","","","","","","","","","","","","","","","","","","","","","","","","","","75","75","","","25","120","220","300","","","","","","","1400","-500","","","","","120","Medium","-49","","","","300","","","","","","","","","","footstep","25","400","160","","","","","","","","","","","","","","","","","","","","","","","","","","","","","","","","","","","","","","","","","","","","","",""
"NanoIngredient10","425","","","","","","","","","Component","130","1000","","Carryable","","","","","","","","","","","","","","","","","","","","","","","","","","","","Carryable","","","NanoIngredientSpin","NanoIngredient10","","","","","","","","","","","","","","","","death_ingredient","","","","","","","","","","","","","","","","","","","","","","","nano_ingredient_fx","","","","","","","","","","","","","80","80","","","25","179","","","","","","","","","","","","","","","150","","","","","","","","","","","","","","","","","","","160","","","","","","true","","","","","","","","","","","","","","","","","","","","","","","","","","","","","","","","","","","","","","","",""
"NanoIngredient11","426","","","","","","","","","Component","130","1000","","Carryable","","","","","","","","","","","","","","","","","","","","","","","","","","","","Carryable","","","NanoIngredientSpin","NanoIngredient11","","","","","","","","","","","","","","","","death_ingredient","","","","","","","","","","","","","","","","","","","","","","","nano_ingredient_fx","","","","","","","","","","","","","80","80","","","25","179","","","","","","","","","","","","","","","150","","","","","","","","","","","","","","","","","","","160","","","","","","true","","","","","","","","","","","","","","","","","","","","","","","","","","","","1","","","","","","","","","","","",""
"NanoIngredient12","427","","","","","","","","","Component","130","1000","","Carryable","","","","","","","","","","","","","","","","","","","","","","","","","","","","Carryable","","","NanoIngredientRotate","NanoIngredient12","","","","","","","","","","","","","","","","death_ingredient","","","","","","","","","","","","","","","","","","","","","","","nano_ingredient_fx","","","","","","","","","","","","","80","80","","","25","179","","","","","","","","","","","","","","","150","","","","","","","","","","","","","","","","","","","160","","","","","","true","","","","","","","","","","","","","","","","","","","","","","","","","","","","2","","","","","","","","","","","",""
"NanoIngredient13","428","","","","","","","","","Component","130","1000","","Carryable","","","","","","","","","","","","","","","","","","","","","","","","","","","","Carryable","","","NanoIngredientRotate","NanoIngredient13","","","","","","","","","","","","","","","","death_ingredient","","","","","","","","","","","","","","","","","","","","","","","nano_ingredient_fx","","","","","","","","","","","","","80","80","","","25","179","","","","","","","","","","","","","","","150","","","","","","","","","","","","","","","","","","","160","","","","","","true","","","","","","","","","","","","","","","","","","","","","","","","","","","","3","","","","","","","","","","","",""
"NanoIngredient14","429","","","","","","","","","Component","130","1000","","Carryable","","","","","","","","","","","","","","","","","","","","","","","","","","","","Carryable","","","NanoIngredientRotate","NanoIngredient14","","","","","","","","","","","","","","","","death_ingredient","","","","","","","","","","","","","","","","","","","","","","","nano_ingredient_fx","","","","","","","","","","","","","80","80","","","25","179","","","","","","","","","","","","","","","150","","","","","","","","","","","","","","","","","","","160","","","","","","true","","","","","","","","","","","","","","","","","","","","","","","","","","","","4","","","","","","","","","","","",""
"NanoIngredient15","430","","","","","","","","","Component","130","1000","","Carryable","","","","","","","","","","","","","","","","","","","","","","","","","","","","Carryable","","","NanoIngredientRotate","NanoIngredient15","","","","","","","","","","","","","","","","death_ingredient","","","","","","","","","","","","","","","","","","","","","","","nano_ingredient_fx","","","","","","","","","","","","","80","80","","","25","179","","","","","","","","","","","","","","","150","","","","","","","","","","","","","","","","","","","160","","","","","","true","","","","","","","","","","","","","","","","","","","","","","","","","","","","5","","","","","","","","","","","",""
"NanoIngredient16","431","","","","","","","","","Component","130","1000","","Carryable","","","","","","","","","","","","","","","","","","","","","","","","","","","","Carryable","","","NanoIngredientRotate","NanoIngredient16","","","","","","","","","","","","","","","","death_ingredient","","","","","","","","","","","","","","","","","","","","","","","nano_ingredient_fx","","","","","","","","","","","","","80","80","","","25","179","","","","","","","","","","","","","","","150","","","","","","","","","","","","","","","","","","","160","","","","","","true","","","","","","","","","","","","","","","","","","","","","","","","","","","","6","","","","","","","","","","","",""
"NanoIngredient17","432","","","","","","","","","Component","130","1000","","Carryable","","","","","","","","","","","","","","","","","","","","","","","","","","","","Carryable","","","NanoIngredientSpin","NanoIngredient17","","","","","","","","","","","","","","","","death_ingredient","","","","","","","","","","","","","","","","","","","","","","","nano_ingredient_fx","","","","","","","","","","","","","80","80","","","25","179","","","","","","","","","","","","","","","150","","","","","","","","","","","","","","","","","","","160","","","","","","true","","","","","","","","","","","","","","","","","","","","","","","","","","","","7","","","","","","","","","","","",""
"NanoIngredient18","433","","","","","","","","","Component","130","1000","","Carryable","","","","","","","","","","","","","","","","","","","","","","","","","","","","Carryable","","","NanoIngredientSpin","NanoIngredient18","","","","","","","","","","","","","","","","death_ingredient","","","","","","","","","","","","","","","","","","","","","","","nano_ingredient_fx","","","","","","","","","","","","","80","80","","","25","179","","","","","","","","","","","","","","","150","","","","","","","","","","","","","","","","","","","160","","","","","","true","","","","","","","","","","","","","","","","","","","","","","","","","","","","8","","","","","","","","","","","",""
"NanoIngredient19","434","","","","","","","","","Component","130","1000","","Carryable","","","","","","","","","","","","","","","","","","","","","","","","","","","","Carryable","","","NanoIngredientSpin","NanoIngredient19","","","","","","","","","","","","","","","","death_ingredient","","","","","","","","","","","","","","","","","","","","","","","nano_ingredient_fx","","","","","","","","","","","","","80","80","","","25","179","","","","","","","","","","","","","","","150","","","","","","","","","","","","","","","","","","","160","","","","","","true","","","","","","","","","","","","","","","","","","","","","","","","","","","","9","","","","","","","","","","","",""
"NanoGuardBomb","435","","","","","","","","","","900","2000","","","","","","","","","400","1000","","","","","","","5","","","","","","","","","","","","","Minion_FindEnemies","","","","MeleeFastBotMechaVan","","","","","","","","","","","","MechaVanFodderBombDeathAttack","","nuts_bolts_metal_small","","nuts_bolts_metal_explosion","","true","gen_move_fx","","","","robo_spawn","","","robot_m_attack","","","","","","","","","","","","","","","","","","","","","","","","30","","85","80","","","25","160","200","270","","","","","","","","","","","","","120","Medium","-50","","","","","","","","","","","","","","footstep","25","250","130","","","","","","","","","","","","","","","","","","","","","","","","","","","","","","","","","SELF_DESTRUCT_ON_ATTACK","","","","","","","","","","","","",""
"NanoGuardFodderRanged","436","","","","","","","","","","600","4000","","","","","","","","","1400","600","","","","30","CoopRangedEnemyProjectile","","21","","","","","","","","","","","","","Minion_FindEnemies","true","","","RangedBotMechaVan","","","","","","","","","","","","","","nuts_bolts_metal_small","","nuts_bolts_metal_explosion","","true","gen_move_fx","","","","robo_spawn","","","coop_ranged_attack","","","","","","","","","","","","","","","","","","","","","","","","30","","85","80","","","25","130","200","270","","","","","","","","","","","","","100","Medium","-80","","","","350","","","","","","","","","","footstep","25","250","130","","","","","","","","","","","","","","","","","","","","","","","","","","","","","","","","","","2","","","","","","","","","","","",""
"NanoGuardFodderMelee","437","","","","","","","","","","600","5000","","","","","","","","","600","800","","","","","","","6","","","","","","","","","","","","","Minion_FindEnemies","true","","","MeleeBotMechaVan","","","","","","","","","","","","","","nuts_bolts_metal_small","","nuts_bolts_metal_explosion","","true","gen_move_fx","","","","robo_spawn","","","robot_s_attack","","","","","","","","","","","","","","","","","","","","","","","","30","70","85","80","","","25","130","200","270","","","","","","","","","","","","","120","Medium","-80","","","","","","","","","","","","","","footstep","25","250","130","","","","","","","","","","","","","","","","","","","","","","","","","","","","","","","","","","2","","","","","","","","","","","",""
"StackerPet","438","","","","","","","","","","220","1","DisableVisionInBush","","","","","","","","","","","","","","","","","","","","","","","","","","","","","Minion_Building","","","","StackerPetDefault","","","","","","","","","","StackerPetStatus","","","","","","mrp_def_pet_death","","","gen_move_fx","explosion_pengula","","","","","","","","","","","","","","","","","","","","","","","","","","","","","","30","","85","80","","","25","150","200","280","","","","","","","500","-1250","","","","","145","Medium","-35","","","","100","","","","","","","","","","footstep","25","250","160","","","","","","","","","","","","","","","","","","","","true","","","","","","","","","","","","","IS_STACKER_PET","","","","","","","","","","","","",""
"DancerFairy","439","","","","DancerWeaponSingle","DancerUlti","DancerOverchargedUlti","","","","770","3600","","","","","","","","","","","","","","","","","12","","","","","","","","","","","","","Minion_FindEnemies","","","","DancerDefault","","","","","","","","","","","","","","takedamage_gen","","death_rocket_girl","","true","gen_move_fx","mina_reload","no_ammo_shotgungirl","mina_dryfire","","","","","","","","","","","","","","","","","","","Mina_Kill_VO","Mina_Lead_VO","Mina_Start_VO","Mina_Ulti_VO","Mina_Hurt_VO","Mina_Die_VO","","Mina_Start_VO","4","35","","80","80","","","35","130","280","300","80","160","290","320","","","","","-680","750","-50","","120","Medium","-56","","","","500","","","TID_DANCER","damage_dealer","","sc/hero_portraits.sc","hero_icon_mina","mastery_brawler_icon_mina","300","footstep","25","500","100","","","2","3","1","","","","","","","","","","","","","","","","","","","","","","","","","","","","","","","","","","","","","","","150","","R_ankle_s;L_ankle_s;R_toes_s;L_toes_s"
"ShadowdemonEnemy","440","","","","ShadowdemonWeapon","ShadowdemonUltiCommand","","","","","720","3400","","","","","","","","","","","","","","","","","20","","","","","","","","","","","","","Minion_FindEnemies","","","","ShadowdemonDefault","","","","","","","","","","","","","","takedamage_gen","","death_undertaker","","true","gen_move_fx","sirius_reload","no_ammo_shotgungirl","sirius_dryfire","","","","","","","","","","","","","","","","","","","Sirius_Kill_VO","Sirius_Lead_VO","Sirius_Start_VO","Sirius_Ulti_VO","Sirius_Hurt_VO","Sirius_Die_VO","","Sirius_Start_VO","1","50","","80","80","","","35","116","200","285","95","170","260","260","","","","","","","","20","120","Medium","-52","","","","450","","","TID_SHADOWDEMON","controller","","sc/hero_portraits.sc","hero_icon_sirius","mastery_brawler_icon_sirius","","footstep","25","350","165","","","1","2","3","","","","","","","","","","3000","","","","","","","","","","","","","","","","","","","","","","","","","","","","","","",""
"HockeyGoalkeeper","441","","","","","","","","","","1500","1000","","","","","","","","","400","260","","","","","","","5","1500","","","","","","","","","","","","Minion_Goalkeeper","true","","","GoalKeeperHockeyDefault","","","","","","","","","","","","","","nuts_bolts_metal_small","","nuts_bolts_metal_explosion","","true","gen_move_fx","","","","","","","coop_melee_attack","","","","","","","","","","","","","","","","","","","","","","","","30","70","85","80","","","25","300","200","270","","","","","","","","","","","","","200","Medium","-50","","","","","","","","","","","","","","footstep","25","250","130","","","","","","","","","","","","","","","","","","","","","","","","","","","","","","","","","","1","","","","","","","","","","","",""
"LuchadorBuddy","442","","","","","","","","","","1000","","","","","","","","","","","","","","","","","","","","","","","","","","","","","","","Minion_FindEnemies","","","","LuchadorBuddyDefault","","","","","","","","","","","","","","","","mrp_def_pet_death","","","gen_move_fx","","","","nita_def_ulti_spawn","","","","","","","","","","","","","","","","","","","","","","","","","","","","","60","60","","","","40","","180","","","160","","","","400","400","","","","","","","","","","","","","","","","","","","","","footstep","25","250","","","","","","","","","","","","","","","","","","","","","true","","","","","","","","","","","","","","","","","","","","","","","","","",""
"SoulCollectorBuddy","443","","","","","","","","","","1000","","","","","","","","","","","","","","","","","","","","","","","","","","","","","","","Minion_FindEnemies","","","","SoulCollectorBuddyDefault","","","","","","","","","","","","","","","","mrp_def_pet_death","","","gen_move_fx","","","","nita_def_ulti_spawn","","","","","","","","","","","","","","","","","","","","","","","","","","","","","60","60","","","","38","","160","","","160","","","","800","650","","","","","","","","","","","","","","","","","","","","","footstep","25","250","","","","","","","","","","","","","","","","","","","","","true","","","","","","","","","","","","","","","","","","","","","","","","","",""
"ConductorBuddy","444","","","","","","","","","","1000","","","","","","","","","","","","","","","","","","","","","","","","","","","","","","","Minion_FindEnemies","","","","ConductorBuddyDefault","","","","","","","","","","","","","","","","mrp_def_pet_death","","","gen_move_fx","","","","nita_def_ulti_spawn","","","","","","","","","","","","","","","","","","","","","","","","","","","","","60","60","","","","38","","160","","","160","","","","800","650","","","","","","","","","","","","","","","","","","","","","footstep","25","250","","","","","","","","","","","","","","","","","","","","","true","","","","","","","","","","","","","","","","","","","","","","","","","",""
"GhostBuddy","445","","","","","","","","","","1000","","","","","","","","","","","","","","","","","","","","","","","","","","","","","","","Minion_FindEnemies","","","","GhostBuddyDefault","","","","","","","","","","","","","","","","mrp_def_pet_death","","","gen_move_fx","","","","nita_def_ulti_spawn","","","","","","","","","","","","","","","","","","","","","","","","","","","","","60","60","","","","38","","160","","","160","","","","800","650","","","","","","","","","","","","","","","","","","","","","footstep","25","250","","","","","","","","","","","","","","","","","","","","","true","","","","","","","","","","","","","","","","","","","","","","","","","",""
"FireDudeBuddy","446","","","","","","","","","","1000","","","","","","","","","","","","","","","","","","","","","","","","","","","","","","","Minion_FindEnemies","","","","FireDudeBuddyDefault","","","","","","","","","","","","","","","","mrp_def_pet_death","","","gen_move_fx","","","","nita_def_ulti_spawn","","","","","","","","","","","","","","","","","","","","","","","","","","","","","60","60","","","","38","","160","","","160","","","","800","650","","","","","","","","","","","","","","","","","","","","","footstep","25","250","","","","","","","","","","","","","","","","","","","","","true","","","","","","","","","","","","","","","","","","","","","","","","","",""
"DeadMariachiBuddy","447","","","","","","","","","","1000","","","","","","","","","","","","","","","","","","","","","","","","","","","","","","","Minion_FindEnemies","","","","DeadMariachiBuddyDefault","","","","","","","","","","","","","","","","mrp_def_pet_death","","","gen_move_fx","","","","nita_def_ulti_spawn","","","","","","","","","","","","","","","","","","","","","","","","","","","","","60","60","","","","38","","160","","","160","","","","800","650","","","","","","","","","","","","","","","","","","","","","footstep","25","250","","","","","","","","","","","","","","","","","","","","","true","","","","","","","","","","","","","","","","","","","","","","","","","",""
"FireDudeBarrel","448","","","","","","","","","","","1750","","","120","","","","","","","","","","","","","","","","","","","","","","","","","","","Minion_Building","","","","FireDudeBarrelDefault","","","","","","","","","","","","FireDudeBarrelDeathPetrol","","takedamage_gen","","amber_def_gadget1_explode","","","","","","","amber_def_gadget1_spawn","","","","","","","","","","","","","","","","","","","","","","","","","","","","","75","75","","","25","120","220","300","","","","","","","1400","-500","","","","","120","Medium","-49","","","","300","","","","","","","","","","footstep","25","400","160","","","","","","","","","","","","","","","","","","","","","","","","","","","","","","","","","","","","","","","","","","","","","",""
"MegaBossDuo","449","","","","","","","","","","","1000000","","Boss_Quiz","","","","","","","","","","","","","","","12","","","","","","","","","","","","","Mega_Boss","","","","MegaBossDuoDefault","","","","","","","","","","","","","","takedamage_gen","","kit_def_ulti_explosion","","true","gen_move_fx","griff_reload","no_ammo_shotgungirl","dry_fire_shotgungirl","","","","","","","","","","","","","","","","","","","","","","","","","","Griff_Start_VO","2","30","","80","80","","","35","300","280","","","","210","","","","","","","","","40","300","","","","200","","450","","","","","","","","","1000","footstep","25","250","200","","","1","3","2","","","","","","","","","","","","","","","","","","","","","","5","3","1","","","","","","","","","","","","","","","60","",""
"MegaBossDuo5P","450","","","","","","","","","","","1000000","","Boss_Quiz","","","","","","","","","","","","","","","12","","","","","","","","","","","","","Mega_Boss","","","","MegaBossDuoDefault","","","","","","","","","","","","","","takedamage_gen","","kit_def_ulti_explosion","","true","gen_move_fx","griff_reload","no_ammo_shotgungirl","dry_fire_shotgungirl","","","","","","","","","","","","","","","","","","","","","","","","","","Griff_Start_VO","2","30","","80","80","","","35","350","280","","","","210","","","","","","","","","40","350","","","","200","","450","","","","","","","","","1000","footstep","25","250","200","","","1","3","2","","","","","","","","","","","","","","","","","","","","","","5","3","1","","","","","","","","","","","","","","","60","",""
"MegaBossDuo20P","451","","","","","","","","","","","1000000","","Boss_Quiz","","","","","","","","","","","","","","","12","","","","","","","","","","","","","Mega_Boss","","","","MegaBossDuoDefault","","","","","","","","","","","","","","takedamage_gen","","kit_def_ulti_explosion","","true","gen_move_fx","griff_reload","no_ammo_shotgungirl","dry_fire_shotgungirl","","","","","","","","","","","","","","","","","","","","","","","","","","Griff_Start_VO","2","30","","80","80","","","35","400","280","","","","210","","","","","","","","","40","400","","","","200","","450","","","","","","","","","1000","footstep","25","250","200","","","1","3","2","","","","","","","","","","","","","","","","","","","","","","5","3","1","","","","","","","","","","","","","","","60","",""
"MegaBossDuoAngry","452","","","","","","","","","","650","300000","","Boss_Quiz","","","","","","","","","","","","","","","12","","","","","","","","","","","","","Mega_Boss","","","","MegaBossDuoAngryDefault","","","","","","","","","","","","","","takedamage_gen","","kit_def_ulti_explosion","","true","gen_move_fx","griff_reload","no_ammo_shotgungirl","dry_fire_shotgungirl","","","","","","","","","","","","","","","","","","","","","","","","","","Griff_Start_VO","2","30","","80","80","","","35","300","280","","","","210","","","","","","","","","40","300","Medium","-120","","200","","450","","","","","","","","","1000","footstep","25","250","200","","","1","3","2","","","","","","","","","","","","","","","","","","","","","","5","3","1","","","","","","","","","","","","","","","60","",""
"MegaBossDuoAngry5P","453","","","","","","","","","","650","500000","","Boss_Quiz","","","","","","","","","","","","","","","12","","","","","","","","","","","","","Mega_Boss","","","","MegaBossDuoAngryDefault","","","","","","","","","","","","","","takedamage_gen","","kit_def_ulti_explosion","","true","gen_move_fx","griff_reload","no_ammo_shotgungirl","dry_fire_shotgungirl","","","","","","","","","","","","","","","","","","","","","","","","","","Griff_Start_VO","2","30","","80","80","","","35","350","280","","","","210","","","","","","","","","40","350","Medium","-120","","220","","450","","","","","","","","","1000","footstep","25","250","200","","","1","3","2","","","","","","","","","","","","","","","","","","","","","","5","3","1","","","","","","","","","","","","","","","60","",""
"MegaBossDuoAngry20P","454","","","","","","","","","","650","1500000","","Boss_Quiz","","","","","","","","","","","","","","","12","","","","","","","","","","","","","Mega_Boss","","","","MegaBossDuoAngryDefault","","","","","","","","","","","","","","takedamage_gen","","kit_def_ulti_explosion","","true","gen_move_fx","griff_reload","no_ammo_shotgungirl","dry_fire_shotgungirl","","","","","","","","","","","","","","","","","","","","","","","","","","Griff_Start_VO","2","30","","80","80","","","35","400","280","","","","210","","","","","","","","","40","400","Medium","-120","","240","","450","","","","","","","","","1000","footstep","25","250","200","","","1","3","2","","","","","","","","","","","","","","","","","","","","","","5","3","1","","","","","","","","","","","","","","","60","",""
"StackerMoth","455","","","","","","","","","","","1","","","","","","","","","","","","","","","","","","","","","","","","","","","","","","Minion_FollowOwner","","","","StackerDefaultAddonMoth","","","","","","","","","","","","","","","","","","","","","","","","","","","","","","","","","","","","","","","","","","","","","","","","","","","","80","80","","","25","116","200","320","90","190","270","270","","","","","","","","","","","","","","","","","","","","","","","","","","","","","","","","","","","","","","","","","","","","","","","","","","","","","","","","","","","","","","","","","","","","","","","","","",""
