"Name","Version","VersionCN","LegacyExpLevelLimit","RequiredTotalTrophies","RequiredHero","IconSWF","IconExportName","SortOrder","IsReward","IsAvailableForOffers","LockedForChronos","PriceBling","PriceGems","DontSellInCatalog","DisableCatalogRelease","HideInCatalogWhenNotOwned","CatalogNewDaysAdjustment","CatalogPreRequirementSkin","GiveOnSkinUnlock","NotInCatalogTID","ExtraCatalogCampaign","ExtraCatalogHero","HideFromCatalogMainCategory","UnlockedByFame","BrawlerTrophyRewards","ShouldDownweight","OdditiesShopAvailability"
"string","int","int","int","int","string","string","string","int","boolean","boolean","boolean","int","int","boolean","boolean","boolean","int","string","boolean","string","string","string","boolean","String","String","boolean","string"
"base1","","","1","0","","sc/player_icons_1.sc","player_icon_00","0","","","","","","TRUE","","","","","","","","","","","","","NEVER"
"base2","","","10","100","","sc/player_icons_1.sc","player_icon_01","1","","","","","","TRUE","","","","","","","","","","","","","NEVER"
"base3","","","20","1000","","sc/player_icons_1.sc","player_icon_02","2","","","","","","TRUE","","","","","","","","","","","","","NEVER"
"hero1","","","0","0","ShotgunGirl","sc/player_icons_1.sc","player_icon_shelly","101","","","","","","TRUE","","","","","","","","","","","","","NEVER"
"hero2","","","0","0","Gunslinger","sc/player_icons_1.sc","player_icon_colt","103","","","","","","TRUE","","","","","","","","","","","","","NEVER"
"hero3","","","0","0","RocketGirl","sc/player_icons_1.sc","player_icon_brock","106","","","","","","TRUE","","","","","","","","","","","","","NEVER"
"hero4","","","0","0","Mechanic","sc/player_icons_1.sc","player_icon_jess","105","","","","","","TRUE","","","","","","","","","","","","","NEVER"
"hero5","","","0","0","Shaman","sc/player_icons_1.sc","player_icon_nita","102","","","","","","TRUE","","","","","","","","","","","","","NEVER"
"hero6","","","0","0","TntDude","sc/player_icons_1.sc","player_icon_mike","107","","","","","","TRUE","","","","","","","","","","","","","NEVER"
"hero7","","","0","0","Luchador","sc/player_icons_1.sc","player_icon_primo","201","","","","","","TRUE","","","","","","","","","","","","","NEVER"
"hero8","","","0","0","BullDude","sc/player_icons_1.sc","player_icon_bull","104","","","","","","TRUE","","","","","","","","","","","","","NEVER"
"hero9","","","0","0","TrickshotDude","sc/player_icons_1.sc","player_icon_rick","301","","","","","","TRUE","","","","","","","","","","","","","NEVER"
"hero10","","","0","0","Barkeep","sc/player_icons_1.sc","player_icon_barley","202","","","","","","TRUE","","","","","","","","","","","","","NEVER"
"hero11","","","0","0","DeadMariachi","sc/player_icons_1.sc","player_icon_poco","203","","","","","","TRUE","","","","","","","","","","","","","NEVER"
"hero12","","","0","0","Undertaker","sc/player_icons_1.sc","player_icon_mortis","501","","","","","","TRUE","","","","","","","","","","","","","NEVER"
"hero13","","","0","0","BowDude","sc/player_icons_1.sc","player_icon_bo","108","","","","","","TRUE","","","","","","","","","","","","","NEVER"
"hero14","","","0","0","Cactus","sc/player_icons_1.sc","player_icon_spike","601","","","","","","TRUE","","","","","","","","","","","","","NEVER"
"hero15","","","0","0","Crow","sc/player_icons_1.sc","player_icon_crow","602","","","","","","TRUE","","","","","","","","","","","","","NEVER"
"hero16","","","0","0","Sniper","sc/player_icons_1.sc","player_icon_piper","401","","","","","","TRUE","","","","","","","","","","","","","NEVER"
"base4","","","40","2500","","sc/player_icons_1.sc","player_icon_03","3","","","","","","TRUE","","","","","","","","","","","","","NEVER"
"base5","","","60","4000","","sc/player_icons_1.sc","player_icon_04","4","","","","","","TRUE","","","","","","","","","","","","","NEVER"
"base6","","","80","6000","","sc/player_icons_1.sc","player_icon_05","5","","","","","","TRUE","","","","","","","","","","","","","NEVER"
"base7","","","100","7500","","sc/player_icons_1.sc","player_icon_06","6","","","","","","TRUE","","","","","","","","","","","","","NEVER"
"base8","","","120","9000","","sc/player_icons_1.sc","player_icon_07","7","","","","","","TRUE","","","","","","","","","","","","","NEVER"
"trophy1","","","0","500","","sc/player_icons_1.sc","player_icon_trophy_00","8","","","","","","TRUE","","","","","","","","","","","","","NEVER"
"trophy2","","","0","1000","","sc/player_icons_1.sc","player_icon_trophy_01","9","","","","","","TRUE","","","","","","","","","","","","","NEVER"
"trophy3","","","0","2000","","sc/player_icons_1.sc","player_icon_trophy_02","10","","","","","","TRUE","","","","","","","","","","","","","NEVER"
"trophy4","","","0","3000","","sc/player_icons_1.sc","player_icon_trophy_03","11","","","","","","TRUE","","","","","","","","","","","","","NEVER"
"hero17","","","0","0","MinigunDude","sc/player_icons_1.sc","player_icon_mj","402","","","","","","TRUE","","","","","","","","","","","","","NEVER"
"hero18","","","0","0","BlackHole","sc/player_icons_1.sc","player_icon_taro","502","","","","","","TRUE","","","","","","","","","","","","","NEVER"
"trophy5","","","0","5000","","sc/player_icons_1.sc","player_icon_elite_00","12","","","","","","TRUE","","","","","","","","","","","","","NEVER"
"trophy6","","","0","7000","","sc/player_icons_1.sc","player_icon_elite_01","13","","","","","","TRUE","","","","","","","","","","","","","NEVER"
"trophy7","","","0","10000","","sc/player_icons_1.sc","player_icon_elite_02","14","","","","","","TRUE","","","","","","","","","","","","","NEVER"
"trophy8","","","0","13000","","sc/player_icons_1.sc","player_icon_elite_03","15","","","","","","TRUE","","","","","","","","","","","","","NEVER"
"hero19","","","0","0","BarrelBot","sc/player_icons_1.sc","player_icon_barrelbot","302","","","","","","TRUE","","","","","","","","","","","","","NEVER"
"hero20","","","0","0","ArtilleryDude","sc/player_icons_1.sc","player_icon_penny","303","","","","","","TRUE","","","","","","","","","","","","","NEVER"
"hero21","","","0","0","HammerDude","sc/player_icons_1.sc","player_icon_frank","403","","","","","","TRUE","","","","","","","","","","","","","NEVER"
"hero22","","","0","0","Ninja","sc/player_icons_1.sc","player_icon_leon","603","","","","","","TRUE","","","","","","","","","","","","","NEVER"
"hero23","","","0","0","HookDude","sc/player_icons_1.sc","player_icon_gene","503","","","","","","TRUE","","","","","","","","","","","","","NEVER"
"hero24","","","0","0","Whirlwind","sc/player_icons_1.sc","player_icon_carl","304","","","","","","TRUE","","","","","","","","","","","","","NEVER"
"hero25","","","0","0","Rosa","sc/player_icons_1.sc","player_icon_rosa","204","","","","","","TRUE","","","","","","","","","","","","","NEVER"
"hero26","","","0","0","Baseball","sc/player_icons_1.sc","player_icon_bibi","404","","","","","","TRUE","","","","","","","","","","","","","NEVER"
"hero27","","","0","0","ClusterBombDude","sc/player_icons_1.sc","player_icon_tick","109","","","","","","TRUE","","","","","","","","","","","","","NEVER"
"hero28","","","0","0","Arcade","sc/player_icons_1.sc","player_icon_8bit","110","","","","","","TRUE","","","","","","","","","","","","","NEVER"
"hero29","","","0","0","Sandstorm","sc/player_icons_1.sc","player_icon_sandy","604","","","","","","TRUE","","","","","","","","","","","","","NEVER"
"hero30","","","0","0","Mummy","sc/player_icons_1.sc","player_icon_emz","111","","","","","","TRUE","","","","","","","","","","","","","NEVER"
"hero31","","","0","0","BeeSniper","sc/player_icons_1.sc","player_icon_bea","405","","","","","","TRUE","","","","","","","","","","","","","NEVER"
"hero32","","","0","0","Speedy","sc/player_icons_1.sc","player_icon_max","504","","","","","","TRUE","","","","","","","","","","","","","NEVER"
"hero33","","","0","0","SpawnerDude","sc/player_icons_1.sc","player_icon_mrp","505","","","","","","TRUE","","","","","","","","","","","","","NEVER"
"hero34","","","0","0","Driller","sc/player_icons_1.sc","player_icon_jacky","305","","","","","","TRUE","","","","","","","","","","","","","NEVER"
"hero35","","","0","0","Wally","sc/player_icons_1.sc","player_icon_sprout","506","","","","","","TRUE","","","","","","","","","","","","","NEVER"
"hero36","","","0","0","Blower","sc/player_icons_1.sc","player_icon_gale","701","","","","","","TRUE","","","","","","","","","","","","","NEVER"
"hero37","","","0","0","Controller","sc/player_icons_1.sc","player_icon_nani","406","","","","","","TRUE","","","","","","","","","","","","","NEVER"
"hero38","","","0","0","PowerLeveler","sc/player_icons_1.sc","player_icon_surge","702","","","","","","TRUE","","","","","","","","","","","","","NEVER"
"hero39","","","0","0","Percenter","sc/player_icons_1.sc","player_icon_colette","703","","","","","","TRUE","","","","","","","","","","","","","NEVER"
"hero40","","","0","0","FireDude","sc/player_icons_1.sc","player_icon_amber","605","","","","","","TRUE","","","","","","","","","","","","","NEVER"
"hero41","","","0","0","IceDude","sc/player_icons_1.sc","player_icon_lou","704","","","","","","TRUE","","","","","","","","","","","","","NEVER"
"hero42","","","0","0","SnakeOil","sc/player_icons_1.sc","player_icon_byron","507","","","","","","TRUE","","","","","","","","","","","","","NEVER"
"hero43","","","0","0","Enrager","sc/player_icons_1.sc","player_icon_edgar","407","","","","","","TRUE","","","","","","","","","","","","","NEVER"
"hero44","","","0","0","Ruffs","sc/player_icons_1.sc","player_icon_ruffs","705","","","","","","TRUE","","","","","","","","","","","","","NEVER"
"rank01","","","0","0","","sc/player_icons_1.sc","player_icon_starrforce_01","1000","","true","","","","TRUE","","","","ArtilleryDudeSmuggler","TRUE","","","","","","","","NEVER"
"rank02","","","0","0","","sc/player_icons_1.sc","player_icon_starrforce_02","1001","true","","","","","TRUE","","","","","","","","","","","","","NEVER"
"hero45","","","0","0","Roller","sc/player_icons_1.sc","player_icon_stu","112","","","","","","TRUE","","","","","","","","","","","","","NEVER"
"rank03","","","0","0","","sc/player_icons_1.sc","player_icon_actionshow_01","1002","","true","","","","TRUE","","","","ArcadePiano","TRUE","","","","","","","","NEVER"
"rank04","","","0","0","","sc/player_icons_1.sc","player_icon_actionshow_02","1003","true","","","","","TRUE","","","","","","","","","","","","","NEVER"
"hero46","","","0","0","ElectroSniper","sc/player_icons_1.sc","player_icon_belle","706","","","","","","TRUE","","","","","","","","","","","","","NEVER"
"hero47","","","0","0","StickyBomb","sc/player_icons_1.sc","player_icon_squeak","508","","","","","","TRUE","","","","","","","","","","","","","NEVER"
"hero48","","","0","0","RopeDude","sc/player_icons_1.sc","player_icon_buzz","707","","","","","","TRUE","","","","","","","","","","","","","NEVER"
"hero49","","","0","0","AssaultShotgun","sc/player_icons_1.sc","player_icon_griff","408","","","","","","TRUE","","","","","","","","","","","","","NEVER"
"rank05","","","0","0","","sc/player_icons_1.sc","player_icon_velocirapids_01","1004","","true","","","","TRUE","","","","DrillerJetski","TRUE","","","","","","","","NEVER"
"rank06","","","0","0","","sc/player_icons_1.sc","player_icon_velocirapids_02","1005","true","","","","","TRUE","","","","","","","","","","","","","NEVER"
"hero50","","","0","0","Knight","sc/player_icons_1.sc","player_icon_ash","708","","","","","","TRUE","","","","","","","","","","","","","NEVER"
"rank07","","","0","0","","sc/player_icons_1.sc","player_icon_ft_01","1006","","true","","","","TRUE","","","","SnakeOilWizard","TRUE","","","","","","","","NEVER"
"rank08","","","0","0","","sc/player_icons_1.sc","player_icon_ft_02","1007","true","","","","","TRUE","","","","","","","","","","","","","NEVER"
"hero51","","","0","0","MechaDude","sc/player_icons_1.sc","player_icon_meg","606","","","","","","TRUE","","","","","","","","","","","","","NEVER"
"hero52","","","0","0","Duplicator","sc/player_icons_1.sc","player_icon_lolla","709","","","","","","TRUE","","","","","","","","","","","","","NEVER"
"rank09","","","0","0","","sc/player_icons_1.sc","player_icon_bw_01","1008","","true","","","","TRUE","","","","RopeDudeDirector","TRUE","","","","","","","","NEVER"
"rank10","","","0","0","","sc/player_icons_1.sc","player_icon_bw_02","1009","true","","","","","TRUE","","","","","","","","","","","","","NEVER"
"rank11","","","0","0","","sc/player_icons_1.sc","player_icon_lny2022_01","1010","","true","","","","TRUE","","","","ShamanDragon","TRUE","","","","","","","","NEVER"
"rank12","","","0","0","","sc/player_icons_1.sc","player_icon_lny2022_02","1011","true","","","","","TRUE","","","","","","","","","","","","","NEVER"
"hero53","","","0","0","CrossBomber","sc/player_icons_1.sc","player_icon_grom","409","","","","","","TRUE","","","","","","","","","","","","","NEVER"
"hero54","","","0","0","KickerDude","sc/player_icons_1.sc","player_icon_fang","710","","","","","","TRUE","","","","","","","","","","","","","NEVER"
"hero55","","","0","0","Flea","sc/player_icons_1.sc","player_icon_eve","711","","","","","","TRUE","","","","","","","","","","","","","NEVER"
"rank13","","","0","0","","sc/player_icons_1.sc","player_icon_biodome_01","1012","","true","","","","TRUE","","","","BowDudeWasp","TRUE","","","","","","","","NEVER"
"rank14","","","0","0","","sc/player_icons_1.sc","player_icon_biodome_02","1013","true","","","","","TRUE","","","","","","","","","","","","","NEVER"
"hero56","","","0","0","JetpackGirl","sc/player_icons_1.sc","player_icon_janet","712","","","","","","TRUE","","","","","","","","","","","","","NEVER"
"hero57","","","0","0","CannonGirl","sc/player_icons_1.sc","player_icon_bonnie","410","","","","","","TRUE","","","","","","","","","","","","","NEVER"
"rank15","","","0","0","","sc/player_icons_1.sc","player_icon_stuntshow_01","1014","","true","","","","TRUE","","","","BarrelBotCrash","TRUE","","","","","","","","NEVER"
"rank16","","","0","0","","sc/player_icons_1.sc","player_icon_stuntshow_02","1015","true","","","","","TRUE","","","","","","","","","","","","","NEVER"
"player_icon_tick1","","","0","0","","sc/player_icons_1.sc","player_icon_tick1","2001","true","","","","","TRUE","","","","","","","","","","","TrophyRewardsClusterBombDude","","NEVER"
"player_icon_stu1","","","0","0","","sc/player_icons_1.sc","player_icon_stu1","2002","true","","","","","TRUE","","","","","","","","","","","TrophyRewardsRoller","","NEVER"
"player_icon_shelly1","","","0","0","","sc/player_icons_1.sc","player_icon_shelly1","2003","true","","","","","TRUE","","","","","","","","","","","TrophyRewardsShotgunGirl","","NEVER"
"player_icon_nita1","","","0","0","","sc/player_icons_1.sc","player_icon_nita1","2004","true","","","","","TRUE","","","","","","","","","","","TrophyRewardsShaman","","NEVER"
"player_icon_jessie1","","","0","0","","sc/player_icons_1.sc","player_icon_jessie1","2005","true","","","","","TRUE","","","","","","","","","","","TrophyRewardsMechanic","","NEVER"
"player_icon_emz1","","","0","0","","sc/player_icons_1.sc","player_icon_emz1","2006","true","","","","","TRUE","","","","","","","","","","","TrophyRewardsMummy","","NEVER"
"player_icon_dynamike1","","","0","0","","sc/player_icons_1.sc","player_icon_dynamike1","2007","true","","","","","TRUE","","","","","","","","","","","TrophyRewardsTntDude","","NEVER"
"player_icon_colt1","","","0","0","","sc/player_icons_1.sc","player_icon_colt1","2008","true","","","","","TRUE","","","","","","","","","","","TrophyRewardsGunslinger","","NEVER"
"player_icon_bull1","","","0","0","","sc/player_icons_1.sc","player_icon_bull1","2009","true","","","","","TRUE","","","","","","","","","","","TrophyRewardsBullDude","","NEVER"
"player_icon_brock1","","","0","0","","sc/player_icons_1.sc","player_icon_brock1","2010","true","","","","","TRUE","","","","","","","","","","","TrophyRewardsRocketGirl","","NEVER"
"player_icon_bo1","","","0","0","","sc/player_icons_1.sc","player_icon_bo1","2011","true","","","","","TRUE","","","","","","","","","","","TrophyRewardsBowDude","","NEVER"
"player_icon_8bit1","","","0","0","","sc/player_icons_1.sc","player_icon_8bit1","2012","true","","","","","TRUE","","","","","","","","","","","TrophyRewardsArcade","","NEVER"
"player_icon_villains","","","0","0","","sc/player_icons_1.sc","player_icon_villains","3001","","true","","750","19","TRUE","","","","","","","","","","","","","AVAILABLE"
"player_icon_stuntshow","","","0","0","","sc/player_icons_1.sc","player_icon_stuntshow","3002","","true","","750","19","TRUE","","","","","","","","","","","","","AVAILABLE"
"player_icon_lantern","","","0","0","","sc/player_icons_1.sc","player_icon_lantern","3003","","true","","750","19","TRUE","","","","","","","","","","","","","AVAILABLE"
"player_icon_goldenweek","","","0","0","","sc/player_icons_1.sc","player_icon_goldenweek","3004","","true","","750","19","TRUE","","","","","","","","","","","","","AVAILABLE"
"hero58","","","0","0","Silencer","sc/player_icons_1.sc","player_icon_otis","713","","","","","","TRUE","","","","","","","","","","","","","NEVER"
"rank17","","","0","0","","sc/player_icons_1.sc","player_icon_deepsea_01","1016","","true","","","","TRUE","","","","RocketGirlDelivery","TRUE","","","","","","","","NEVER"
"rank18","","","0","0","","sc/player_icons_1.sc","player_icon_deepsea_02","1017","true","","","","","TRUE","","","","","","","","","","","","","NEVER"
"player_icon_ruffs_bt21","","-1","0","0","","sc/player_icons_1.sc","player_icon_ruffs_bt21","4001","","true","","","","TRUE","","","","RuffsChimmy","TRUE","","","","","","","","NEVER"
"player_icon_bull_bt21","","-1","0","0","","sc/player_icons_1.sc","player_icon_bull_bt21","4002","","true","","","","TRUE","","","","BullDudeMang","TRUE","","","","","","","","NEVER"
"player_icon_bibi_bt21","","-1","0","0","","sc/player_icons_1.sc","player_icon_bibi_bt21","4003","","true","","","","TRUE","","","","BaseballRj","TRUE","","","","","","","","NEVER"
"player_icon_edgar_bt21","","-1","0","0","","sc/player_icons_1.sc","player_icon_edgar_bt21","4004","","true","","","","TRUE","","","","EnragerTata","TRUE","","","","","","","","NEVER"
"player_icon_sandy_bt21","","-1","0","0","","sc/player_icons_1.sc","player_icon_sandy_bt21","4005","","true","","","","TRUE","","","","SandstormKoya","TRUE","","","","","","","","NEVER"
"player_icon_tick_bt21","","-1","0","0","","sc/player_icons_1.sc","player_icon_tick_bt21","4006","","true","","","","TRUE","","","","ClusterBombDudeShooky","TRUE","","","","","","","","NEVER"
"player_icon_jacky_bt21","","-1","0","0","","sc/player_icons_1.sc","player_icon_jacky_bt21","4007","","true","","","","TRUE","","","","DrillerCooky","TRUE","","","","","","","","NEVER"
"player_icon_deepsea","","","0","0","","sc/player_icons_1.sc","player_icon_deepsea","3005","","true","","750","19","TRUE","","","","","","","","","","","","","AVAILABLE"
"player_icon_primo1","","","0","0","","sc/player_icons_1.sc","player_icon_primo1","2013","true","","","","","TRUE","","","","","","","","","","","TrophyRewardsLuchador","","NEVER"
"player_icon_barley1","","","0","0","","sc/player_icons_1.sc","player_icon_barley1","2014","true","","","","","TRUE","","","","","","","","","","","TrophyRewardsBarkeep","","NEVER"
"player_icon_rosa1","","","0","0","","sc/player_icons_1.sc","player_icon_rosa1","2015","true","","","","","TRUE","","","","","","","","","","","TrophyRewardsRosa","","NEVER"
"player_icon_poco1","","","0","0","","sc/player_icons_1.sc","player_icon_poco1","2016","true","","","","","TRUE","","","","","","","","","","","TrophyRewardsDeadMariachi","","NEVER"
"player_icon_darryl1","","","0","0","","sc/player_icons_1.sc","player_icon_darryl1","2017","true","","","","","TRUE","","","","","","","","","","","TrophyRewardsBarrelBot","","NEVER"
"player_icon_penny1","","","0","0","","sc/player_icons_1.sc","player_icon_penny1","2018","true","","","","","TRUE","","","","","","","","","","","TrophyRewardsArtilleryDude","","NEVER"
"player_icon_carl1","","","0","0","","sc/player_icons_1.sc","player_icon_carl1","2019","true","","","","","TRUE","","","","","","","","","","","TrophyRewardsWhirlwind","","NEVER"
"player_icon_rico1","","","0","0","","sc/player_icons_1.sc","player_icon_rico1","2020","true","","","","","TRUE","","","","","","","","","","","TrophyRewardsTrickshotDude","","NEVER"
"player_icon_jacky1","","","0","0","","sc/player_icons_1.sc","player_icon_jacky1","2020","true","","","","","TRUE","","","","","","","","","","","TrophyRewardsDriller","","NEVER"
"player_icon_badrandoms","","","0","0","","sc/player_icons_1.sc","player_icon_badrandoms","3006","","true","","750","19","TRUE","","","","","","","PUNK","","","","","","AVAILABLE"
"player_icon_pirates","","","0","0","","sc/player_icons_1.sc","player_icon_pirates","3007","","true","","750","19","TRUE","","","","","","","CURSED","","","","","","AVAILABLE"
"rank19","","","0","0","","sc/player_icons_1.sc","player_icon_lola_outlaw_01","1018","","true","","","","TRUE","","","","","","","","","","","","","NEVER"
"rank20","","","0","0","","sc/player_icons_1.sc","player_icon_lola_outlaw_02","1019","true","","","","","TRUE","","","","DuplicatorOutlaw","TRUE","","","","","","","","NEVER"
"player_icon_mortis_mecha","","","0","0","","sc/player_icons_1.sc","player_icon_mortis_mecha","4008","","true","","","","TRUE","","","","UndertakerMecha","TRUE","","","","","","","","NEVER"
"player_icon_outlaw","","","0","0","","sc/player_icons_1.sc","player_icon_outlaw","3008","","true","","750","19","TRUE","","","","","","","OUTLAWS","","","","","","AVAILABLE"
"player_icon_esports_intz","","","0","0","","sc/player_icons_1.sc","player_icon_esports_intz","5001","","true","","","","TRUE","","TRUE","","","","","WF_2020","","","","","","NEVER"
"player_icon_esports_navi","","","0","0","","sc/player_icons_1.sc","player_icon_esports_navi","5002","","true","","","","TRUE","","TRUE","","","","","WF_2020","","","","","","NEVER"
"player_icon_esports_obey","","","0","0","","sc/player_icons_1.sc","player_icon_esports_obey","5003","","true","","","","TRUE","","TRUE","","","","","WF_2020","","","","","","NEVER"
"player_icon_esports_qlash","","","0","0","","sc/player_icons_1.sc","player_icon_esports_qlash","5004","","true","","","","TRUE","","TRUE","","","","","WF_2020","","","","","","NEVER"
"player_icon_esports_sk","","","0","0","","sc/player_icons_1.sc","player_icon_esports_sk","5005","","true","","","","TRUE","","TRUE","","","","","WF_2020","","","","","","NEVER"
"player_icon_esports_stmn","","","0","0","","sc/player_icons_1.sc","player_icon_esports_stmn","5006","","true","","","","TRUE","","TRUE","","","","","WF_2020","","","","","","NEVER"
"player_icon_esports_tq","","","0","0","","sc/player_icons_1.sc","player_icon_esports_tq","5007","","true","","","","TRUE","","TRUE","","","","","WF_2020","","","","","","NEVER"
"player_icon_esports_tribe","","","0","0","","sc/player_icons_1.sc","player_icon_esports_tribe","5008","","true","","","","TRUE","","TRUE","","","","","WF_2020","","","","","","NEVER"
"player_icon_esports_zeta","","","0","0","","sc/player_icons_1.sc","player_icon_esports_zeta","5009","","true","","","","TRUE","","TRUE","","","","","WF_2020","","","","","","NEVER"
"player_icon_esports_totem","","","0","0","","sc/player_icons_1.sc","player_icon_esports_totem","5010","","true","","","","TRUE","","TRUE","","","","","WF_2020","","","","","","NEVER"
"player_icon_mecha","","","0","0","","sc/player_icons_1.sc","player_icon_mecha","3009","","true","","750","19","TRUE","","","","","","","MECHA","","","","","","AVAILABLE"
"player_icon_robot_colt","","","0","0","","sc/player_icons_1.sc","player_icon_robot_colt","3010","","true","","750","19","TRUE","","","","","","","STARRPARK","","","","","","AVAILABLE"
"player_icon_robots_1","","","0","0","","sc/player_icons_1.sc","player_icon_robots_1","3011","","true","","750","19","TRUE","","","","","","","STARRPARK","","","","","","AVAILABLE"
"player_icon_robots_2","","","0","0","","sc/player_icons_1.sc","player_icon_robots_2","3012","","true","","750","19","TRUE","","","","","","","STARRPARK","","","","","","AVAILABLE"
"player_icon_robots_3","","","0","0","","sc/player_icons_1.sc","player_icon_robots_3","3013","","true","","750","19","TRUE","","","","","","","STARRPARK","","","","","","AVAILABLE"
"player_icon_robots_4","","","0","0","","sc/player_icons_1.sc","player_icon_robots_4","3014","","true","","750","19","TRUE","","","","","","","STARRPARK","","","","","","AVAILABLE"
"player_icon_claw","","","0","0","","sc/player_icons_1.sc","player_icon_claw","3015","","true","","","","TRUE","","","","","","","JUNGLE","","","","","","NEVER"
"player_icon_defeat_them_all","","","0","0","","sc/player_icons_1.sc","player_icon_defeat_them_all","3016","","true","","750","19","TRUE","","","","","","","MISC","","","","","","AVAILABLE"
"hero59","","","0","0","WeaponThrower","sc/player_icons_1.sc","player_icon_bronson","714","","","","","","TRUE","","","","","","","","","","","","","NEVER"
"hero60","","","0","0","SoulCollector","sc/player_icons_1.sc","player_icon_gus","306","","","","","","TRUE","","","","","","","","","","","","","NEVER"
"player_icon_leon_ghost","","","0","0","","sc/player_icons_1.sc","player_icon_leon_ghost","4009","","true","","","","TRUE","","","","NinjaGhost","TRUE","","","","","","","","NEVER"
"player_icon_squeak_veteran1","","","0","0","","sc/player_icons_1.sc","player_icon_squeak_veteran1","4010","","true","","","","TRUE","","","","StickyBombVeteran","TRUE","","","","","","","","NEVER"
"player_icon_squeak_veteran2","","","0","0","","sc/player_icons_1.sc","player_icon_squeak_veteran2","4011","","true","","750","19","TRUE","","","","","","","MAXFORCE","","","","","","AVAILABLE"
"rank21","","","0","0","","sc/player_icons_1.sc","player_icon_colette_ghost1","1020","","true","","","","TRUE","","","","PercenterInspector","TRUE","","","","","","","","NEVER"
"rank22","","","0","0","","sc/player_icons_1.sc","player_icon_colette_ghost2","1021","true","","","","","TRUE","","","","","","","","","","","","","NEVER"
"player_icon_bscwf","","","0","0","","sc/player_icons_1.sc","player_icon_bscwf","5000","","true","","","","TRUE","","","","","","","WF_2020","","","","","","NEVER"
"player_icon_lastbox","","","0","0","","sc/player_icons_1.sc","player_icon_lastbox","3017","","true","","","","TRUE","","","","","","","LASTBOX","","","","","","NEVER"
"player_icon_ghosttrain","","","0","0","","sc/player_icons_1.sc","player_icon_ghosttrain","3018","","true","","750","19","TRUE","","","","","","","BRAWLOWEEN","","","","","","AVAILABLE"
"player_icon_action","","","0","0","","sc/player_icons_1.sc","player_icon_action","3019","","true","","750","19","TRUE","","","","","","","MAXFORCE","","","","","","AVAILABLE"
"hero61","","","0","0","ShieldTank","sc/player_icons_1.sc","player_icon_buster","715","","","","","","TRUE","","","","","","","","","","","","","NEVER"
"player_icon_brawlball","","","0","0","","sc/player_icons_1.sc","player_icon_brawlball","3020","","true","","750","19","TRUE","","","","","","","GOLDENBALL","","","","","","AVAILABLE"
"rank23","","","0","0","","sc/player_icons_1.sc","player_icon_ash_pl1","1022","","true","","","","TRUE","","","","KnightPinata","TRUE","","","","","","","","NEVER"
"rank24","","","0","0","","sc/player_icons_1.sc","player_icon_ash_pl2","1023","true","","","","","TRUE","","","","","","","","","","","","","NEVER"
"player_icon_holidaybox","","","0","0","","sc/player_icons_1.sc","player_icon_holidaybox","3020","","true","","","","TRUE","","","","","","","","","","","","","NEVER"
"player_icon_candyland_skull","","","0","0","","sc/player_icons_1.sc","player_icon_candyland_skull","3021","","true","","750","19","TRUE","","","","","","","CANDYLAND","","","","","","AVAILABLE"
"player_icon_candyland","","","0","0","","sc/player_icons_1.sc","player_icon_candyland","3022","","true","","750","19","TRUE","","","","","","","","","","","","","AVAILABLE"
"player_icon_brawlentines","","","0","0","","sc/player_icons_1.sc","player_icon_brawlentines","3023","","true","","750","19","TRUE","","","","","","","BRAWLENTINES","","","","","","AVAILABLE"
"player_icon_darkmas","","","0","0","","sc/player_icons_1.sc","player_icon_darkmas","3024","","true","","750","19","TRUE","","","","","","","DARKMAS","","","","","","AVAILABLE"
"player_icon_lny2023","","","0","0","","sc/player_icons_1.sc","player_icon_lny2023","3025","","true","","750","19","TRUE","","","","","","","LNY","","","","","","AVAILABLE"
"player_icon_anniversary1","","-1","0","0","","sc/player_icons_1.sc","player_icon_anniversary1","3026","","true","","","","TRUE","","","","","","","","","","","","","NEVER"
"player_icon_anniversary2","","-1","0","0","","sc/player_icons_1.sc","player_icon_anniversary2","3027","","true","","","","TRUE","","","","","","","","","","","","","NEVER"
"player_icon_anniversary3","","-1","0","0","","sc/player_icons_1.sc","player_icon_anniversary3","3028","","true","","","","TRUE","","","","","","","","","","","","","NEVER"
"player_icon_anniversary4","","-1","0","0","","sc/player_icons_1.sc","player_icon_anniversary4","3029","","true","","","","TRUE","","","","","","","","","","","","","NEVER"
"player_icon_brawlidays1","","","0","0","","sc/player_icons_1.sc","player_icon_brawlidays1","3030","","true","","","","TRUE","","","","","","","BRAWLIDAYS","","","","","","NEVER"
"player_icon_brawlidays2","","","0","0","","sc/player_icons_1.sc","player_icon_brawlidays2","3031","","true","","","","TRUE","","","","","","","BRAWLIDAYS","","","","","","NEVER"
"player_icon_brawlidays3","","","0","0","","sc/player_icons_1.sc","player_icon_brawlidays3","3032","","true","","","","TRUE","","","","","","","BRAWLIDAYS","","","","","","NEVER"
"player_icon_brawlidays4","","","0","0","","sc/player_icons_1.sc","player_icon_brawlidays4","3033","","true","","","","TRUE","","","","","","","BRAWLIDAYS","","","","","","NEVER"
"player_icon_brawlidays5","","","0","0","","sc/player_icons_1.sc","player_icon_brawlidays5","3034","","true","","","","TRUE","","","","","","","BRAWLIDAYS","","","","","","NEVER"
"player_icon_brawlidays6","","","0","0","","sc/player_icons_1.sc","player_icon_brawlidays6","3035","","true","","","","TRUE","","","","","","","BRAWLIDAYS","","","","","","NEVER"
"player_icon_lny1","","","0","0","","sc/player_icons_1.sc","player_icon_lny1","3036","","true","","750","19","TRUE","","","","","","","LNY","","","","","","AVAILABLE"
"player_icon_lny2","","","0","0","","sc/player_icons_1.sc","player_icon_lny2","3037","","true","","750","19","TRUE","","","","","","","LNY","","","","","","AVAILABLE"
"player_icon_lny3","","","0","0","","sc/player_icons_1.sc","player_icon_lny3","3038","","true","","750","19","TRUE","","","","","","","LNY","","","","","","AVAILABLE"
"hero62","","","0","0","DoorMan","sc/player_icons_1.sc","player_icon_gray","509","","","","","","TRUE","","","","","","","","","","","","","NEVER"
"hero63","","","0","0","Beamer","sc/player_icons_1.sc","player_icon_mandy","716","","","","","","TRUE","","","","","","","","","","","","","NEVER"
"hero64","","","0","0","Jester","sc/player_icons_1.sc","player_icon_chester","607","","","","","","TRUE","","","","","","","","","","","","","NEVER"
"player_icon_creators","","","0","0","","sc/player_icons_1.sc","player_icon_creators","3039","","true","","","","TRUE","","","","","","","","","","","","","NEVER"
"player_icon_edgar1","","","0","0","","sc/player_icons_1.sc","player_icon_edgar1","2021","true","","","","","TRUE","","","","","","","","","","","TrophyRewardsEnrager","","NEVER"
"player_icon_bea1","","","0","0","","sc/player_icons_1.sc","player_icon_bea1","2022","true","","","","","TRUE","","","","","","","","","","","TrophyRewardsBeeSniper","","NEVER"
"player_icon_bibi1","","","0","0","","sc/player_icons_1.sc","player_icon_bibi1","2023","true","","","","","TRUE","","","","","","","","","","","TrophyRewardsBaseball","","NEVER"
"player_icon_bonnie1","","","0","0","","sc/player_icons_1.sc","player_icon_bonnie1","2024","true","","","","","TRUE","","","","","","","","","","","TrophyRewardsCannonGirl","","NEVER"
"player_icon_frank1","","","0","0","","sc/player_icons_1.sc","player_icon_frank1","2025","true","","","","","TRUE","","","","","","","","","","","TrophyRewardsHammerDude","","NEVER"
"player_icon_griff1","","","0","0","","sc/player_icons_1.sc","player_icon_griff1","2026","true","","","","","TRUE","","","","","","","","","","","TrophyRewardsAssaultShotgun","","NEVER"
"player_icon_grom1","","","0","0","","sc/player_icons_1.sc","player_icon_grom1","2027","true","","","","","TRUE","","","","","","","","","","","TrophyRewardsCrossBomber","","NEVER"
"player_icon_nani1","","","0","0","","sc/player_icons_1.sc","player_icon_nani1","2028","true","","","","","TRUE","","","","","","","","","","","TrophyRewardsController","","NEVER"
"player_icon_pam1","","","0","0","","sc/player_icons_1.sc","player_icon_pam1","2029","true","","","","","TRUE","","","","","","","","","","","TrophyRewardsMinigunDude","","NEVER"
"player_icon_piper1","","","0","0","","sc/player_icons_1.sc","player_icon_piper1","2030","true","","","","","TRUE","","","","","","","","","","","TrophyRewardsSniper","","NEVER"
"player_icon_byron1","","","0","0","","sc/player_icons_1.sc","player_icon_byron1","2031","true","","","","","TRUE","","","","","","","","","","","TrophyRewardsSnakeOil","","NEVER"
"player_icon_gene1","","","0","0","","sc/player_icons_1.sc","player_icon_gene1","2032","true","","","","","TRUE","","","","","","","","","","","TrophyRewardsHookDude","","NEVER"
"player_icon_mrp1","","","0","0","","sc/player_icons_1.sc","player_icon_mrp1","2033","true","","","","","TRUE","","","","","","","","","","","TrophyRewardsSpawnerDude","","NEVER"
"player_icon_tara1","","","0","0","","sc/player_icons_1.sc","player_icon_tara1","2034","true","","","","","TRUE","","","","","","","","","","","TrophyRewardsBlackHole","","NEVER"
"player_icon_squeak1","","","0","0","","sc/player_icons_1.sc","player_icon_squeak1","2035","true","","","","","TRUE","","","","","","","","","","","TrophyRewardsStickyBomb","","NEVER"
"player_icon_max1","","","0","0","","sc/player_icons_1.sc","player_icon_max1","2036","true","","","","","TRUE","","","","","","","","","","","TrophyRewardsSpeedy","","NEVER"
"player_icon_leon1","","","0","0","","sc/player_icons_1.sc","player_icon_leon1","2037","true","","","","","TRUE","","","","","","","","","","","TrophyRewardsNinja","","NEVER"
"player_icon_meg1","","","0","0","","sc/player_icons_1.sc","player_icon_meg1","2039","true","","","","","TRUE","","","","","","","","","","","TrophyRewardsMechaDude","","NEVER"
"player_icon_crow1","","","0","0","","sc/player_icons_1.sc","player_icon_crow1","2040","true","","","","","TRUE","","","","","","","","","","","TrophyRewardsCrow","","NEVER"
"player_icon_spike1","","","0","0","","sc/player_icons_1.sc","player_icon_spike1","2041","true","","","","","TRUE","","","","","","","","","","","TrophyRewardsCactus","","NEVER"
"player_icon_mortis1","","","0","0","","sc/player_icons_1.sc","player_icon_mortis1","2042","true","","","","","TRUE","","","","","","","","","","","TrophyRewardsUndertaker","","NEVER"
"player_icon_amber1","","","0","0","","sc/player_icons_1.sc","player_icon_amber1","2043","true","","","","","TRUE","","","","","","","","","","","TrophyRewardsFireDude","","NEVER"
"player_icon_gale1","","","0","0","","sc/player_icons_1.sc","player_icon_gale1","2044","true","","","","","TRUE","","","","","","","","","","","TrophyRewardsBlower","","NEVER"
"player_icon_colette1","","","0","0","","sc/player_icons_1.sc","player_icon_colette1","2046","true","","","","","TRUE","","","","","","","","","","","TrophyRewardsPercenter","","NEVER"
"player_icon_surge1","","","0","0","","sc/player_icons_1.sc","player_icon_surge1","2047","true","","","","","TRUE","","","","","","","","","","","TrophyRewardsPowerLeveler","","NEVER"
"player_icon_sandy1","","","0","0","","sc/player_icons_1.sc","player_icon_sandy1","2045","true","","","","","TRUE","","","","","","","","","","","TrophyRewardsSandstorm","","NEVER"
"player_icon_sprout1","","","0","0","","sc/player_icons_1.sc","player_icon_sprout1","2038","true","","","","","TRUE","","","","","","","","","","","TrophyRewardsWally","","NEVER"
"player_icon_ruffs1","","","0","0","","sc/player_icons_1.sc","player_icon_ruffs1","2048","true","","","","","TRUE","","","","","","","","","","","TrophyRewardsRuffs","","NEVER"
"player_icon_belle1","","","0","0","","sc/player_icons_1.sc","player_icon_belle1","2049","true","","","","","TRUE","","","","","","","","","","","TrophyRewardsElectroSniper","","NEVER"
"player_icon_otis1","","","0","0","","sc/player_icons_1.sc","player_icon_otis1","2050","true","","","","","TRUE","","","","","","","","","","","TrophyRewardsSilencer","","NEVER"
"player_icon_janet1","","","0","0","","sc/player_icons_1.sc","player_icon_janet1","2051","true","","","","","TRUE","","","","","","","","","","","TrophyRewardsJetpackGirl","","NEVER"
"player_icon_carpet_carl","","","0","0","","sc/player_icons_1.sc","player_icon_carpet_carl","3040","","true","","","","TRUE","","","","WhirlwindRamadan","TRUE","","","","","","","","NEVER"
"player_icon_popstar_janet","","","0","0","","sc/player_icons_1.sc","player_icon_popstar_janet","3041","","true","","","","TRUE","","","","JetpackGirlPopstar","","","","","","","","","NEVER"
"player_icon_easter_nani","","","0","0","","sc/player_icons_1.sc","player_icon_easter_nani","3042","","true","","","","TRUE","","","","ControllerEaster","","","","","","","","","NEVER"
"rank25","","","0","0","","sc/player_icons_1.sc","player_icon_piper_pl1","1024","","true","","","","TRUE","","","","SniperMariposa","TRUE","","","","","","","","NEVER"
"rank26","","","0","0","","sc/player_icons_1.sc","player_icon_piper_pl2","1025","true","","","","","TRUE","","","","","","","","","","","","","NEVER"
"player_icon_mask_dynamike","","","0","0","","sc/player_icons_1.sc","player_icon_mask_dynamike","3043","","true","","","","TRUE","","","","TntDudeTengu","TRUE","","","","","","","","NEVER"
"player_icon_mask_lola","","","0","0","","sc/player_icons_1.sc","player_icon_mask_lola","3044","","true","","","","TRUE","","","","DuplicatorKitsune","TRUE","","","","","","","","NEVER"
"player_icon_mask_otis","","","0","0","","sc/player_icons_1.sc","player_icon_mask_otis","3045","","true","","","","TRUE","","","","SilencerOni","TRUE","","","","","","","","NEVER"
"player_icon_masks","","","0","0","","sc/player_icons_1.sc","player_icon_masks","3046","","true","","750","19","TRUE","","","","","","","MASKS","","","","","","AVAILABLE"
"player_icon_biodome","","","0","0","","sc/player_icons_1.sc","player_icon_biodome","3047","","true","","750","19","TRUE","","","","","","","BIODOME","","","","","","AVAILABLE"
"player_icon_womenday","","","0","0","","sc/player_icons_1.sc","player_icon_womenday","3048","","true","","750","19","TRUE","","","","","","","MISC","","","","","","AVAILABLE"
"player_icon_starr","","","0","0","","sc/player_icons_1.sc","player_icon_starr","3049","","true","","750","19","TRUE","","","","","","","STARRPARK","","","","","","AVAILABLE"
"player_icon_gray1","","","0","0","","sc/player_icons_1.sc","player_icon_gray1","2038","true","","","","","TRUE","","","","","","","","","","","TrophyRewardsDoorMan","","NEVER"
"player_icon_buzz1","","","0","0","","sc/player_icons_1.sc","player_icon_buzz1","2052","true","","","","","TRUE","","","","","","","","","","","TrophyRewardsRopeDude","","NEVER"
"player_icon_ash1","","","0","0","","sc/player_icons_1.sc","player_icon_ash1","2053","true","","","","","TRUE","","","","","","","","","","","TrophyRewardsKnight","","NEVER"
"player_icon_fang1","","","0","0","","sc/player_icons_1.sc","player_icon_fang1","2054","true","","","","","TRUE","","","","","","","","","","","TrophyRewardsKickerDude","","NEVER"
"player_icon_gus1","","","0","0","","sc/player_icons_1.sc","player_icon_gus1","2055","true","","","","","TRUE","","","","","","","","","","","TrophyRewardsSoulCollector","","NEVER"
"player_icon_willow1","","","0","0","","sc/player_icons_1.sc","player_icon_willow1","2056","true","","","","","TRUE","","","","","","","","","","","TrophyRewardsPuppeteer","","NEVER"
"player_icon_rt1","","","0","0","","sc/player_icons_1.sc","player_icon_rt1","2057","true","","","","","TRUE","","","","","","","","","","","TrophyRewardsSplitter","","NEVER"
"player_icon_chester1","","","0","0","","sc/player_icons_1.sc","player_icon_chester1","2058","true","","","","","TRUE","","","","","","","","","","","TrophyRewardsJester","","NEVER"
"player_icon_eve1","","","0","0","","sc/player_icons_1.sc","player_icon_eve1","2059","true","","","","","TRUE","","","","","","","","","","","TrophyRewardsFlea","","NEVER"
"player_icon_lola1","","","0","0","","sc/player_icons_1.sc","player_icon_lola1","2060","true","","","","","TRUE","","","","","","","","","","","TrophyRewardsDuplicator","","NEVER"
"player_icon_sam1","","","0","0","","sc/player_icons_1.sc","player_icon_sam1","2061","true","","","","","TRUE","","","","","","","","","","","TrophyRewardsWeaponThrower","","NEVER"
"player_icon_lou1","","","0","0","","sc/player_icons_1.sc","player_icon_lou1","2062","true","","","","","TRUE","","","","","","","","","","","TrophyRewardsIceDude","","NEVER"
"player_icon_easter2023","","","0","0","","sc/player_icons_1.sc","player_icon_easter2023","3050","","true","","","","TRUE","","","","","","","BUNNY_BRIGADE","","","","","","NEVER"
"player_icon_buster1","","","0","0","","sc/player_icons_1.sc","player_icon_buster1","2063","true","","","","","TRUE","","","","","","","","","","","TrophyRewardsShieldTank","","NEVER"
"player_icon_mandy1","","","0","0","","sc/player_icons_1.sc","player_icon_mandy1","2064","true","","","","","TRUE","","","","","","","","","","","TrophyRewardsBeamer","","NEVER"
"hero65","","","0","0","Splitter","sc/player_icons_1.sc","player_icon_artie","717","","","","","","TRUE","","","","","","","","","","","","","NEVER"
"hero66","","","0","0","Puppeteer","sc/player_icons_1.sc","player_icon_willow","510","","","","","","TRUE","","","","","","","","","","","","","NEVER"
"player_icon_bunny_brigade","","","0","0","","sc/player_icons_1.sc","player_icon_bunny_brigade","3051","","true","","750","19","TRUE","","","","","","","BUNNY_BRIGADE","","","","","","AVAILABLE"
"player_icon_jungle","","","0","0","","sc/player_icons_1.sc","player_icon_jungle","3052","","true","","750","19","TRUE","","","","","","","JUNGLE","","","","","","AVAILABLE"
"player_icon_olympus","","","0","0","","sc/player_icons_1.sc","player_icon_olympus","3053","","true","","750","19","TRUE","","","","","","","OLYMPUS","","","","","","AVAILABLE"
"player_icon_gw1","","","0","0","","sc/player_icons_1.sc","player_icon_gw1","3054","","true","","750","19","TRUE","","","","","","","GOLDENWEEK","","","","","","AVAILABLE"
"player_icon_gw2","","","0","0","","sc/player_icons_1.sc","player_icon_gw2","3055","","true","","750","19","TRUE","","","","","","","GOLDENWEEK","","","","","","AVAILABLE"
"player_icon_gw3","","","0","0","","sc/player_icons_1.sc","player_icon_gw3","3056","","true","","750","19","TRUE","","","","","","","","","","","","","AVAILABLE"
"player_icon_bp_jungle","","","0","0","","sc/player_icons_1.sc","player_icon_bp_jungle","3057","true","","","750","19","TRUE","","","","","","","","","","","","","AVAILABLE"
"player_icon_colt_jungle","","","0","0","","sc/player_icons_1.sc","player_icon_colt_jungle","3058","","true","","","","TRUE","","","","GunslingerMonkey","TRUE","","","","","","","","NEVER"
"player_icon_amazon_frog","","","0","0","","sc/player_icons_1.sc","player_icon_amazon_frog","3059","","true","","750","19","TRUE","","","","","","","JUNGLE","","","","","","AVAILABLE"
"player_icon_maisie1","","","0","0","","sc/player_icons_1.sc","player_icon_maisie1","2065","true","","","","","TRUE","","","","","","","","","","","TrophyRewardsMaisie","","NEVER"
"player_icon_lilt1","","","0","0","","sc/player_icons_1.sc","player_icon_lilt1","2065","true","","","","","TRUE","","","","","","","","","","","TrophyRewardsFishTank","","NEVER"
"rank27","","","0","0","","sc/player_icons_1.sc","player_icon_meg_jungle","1026","","true","","","","TRUE","","","","MechaDudeJaguar","TRUE","","","","","","","","NEVER"
"player_icon_buster_jungle","","","0","0","","sc/player_icons_1.sc","player_icon_buster_jungle","3060","","true","","","","TRUE","","","","ShieldTankCroc","TRUE","","","","","","","","NEVER"
"player_icon_max_jungle","","","0","0","","sc/player_icons_1.sc","player_icon_max_jungle","3061","","true","","","","TRUE","","","","SpeedyLeopard","","","","","","","","","NEVER"
"player_icon_tick_olympus","","","0","0","","sc/player_icons_1.sc","player_icon_tick_olympus","3062","","true","","","","TRUE","","","","ClusterBombDudeCerberus","TRUE","","","","","","","","NEVER"
"player_icon_brock_olympus","","","0","0","","sc/player_icons_1.sc","player_icon_brock_olympus","3063","","true","","","","TRUE","","","","RocketGirlZeus","TRUE","","","","","","","","NEVER"
"player_icon_nani_olympus","","","0","0","","sc/player_icons_1.sc","player_icon_nani_olympus","3064","","true","","","","TRUE","","","","ControllerAres","TRUE","","","","","","","","NEVER"
"player_icon_emz_gw","","","0","0","","sc/player_icons_1.sc","player_icon_emz_gw","3065","","true","","","","TRUE","","","","MummyHarajuku","","","","","","","","","NEVER"
"hero67","","","0","0","Maisie","sc/player_icons_1.sc","player_icon_maisie","718","","","","","","TRUE","","","","","","","","","","","","","NEVER"
"hero68","","","0","0","FishTank","sc/player_icons_1.sc","player_icon_fishtank","411","","","","","","TRUE","","","","","","","","","","","","","NEVER"
"player_icon_goldenkawaii","","","0","0","","sc/player_icons_1.sc","player_icon_goldenkawaii","3066","","true","","750","19","TRUE","","","","","","","GOLDENWEEK","","","","","","AVAILABLE"
"6b4c8b032f56f60a8270af52c080dc952a44bb5f","-1","-1","20","1000","","sc/player_icons_1.sc","player_icon_02","2","","","","","","TRUE","","","","","","","","","","","","","NEVER"
"9d5313d8dac21b972bf05eb3cc7e9040552313c9","-1","-1","20","1000","","sc/player_icons_1.sc","player_icon_02","2","","","","","","TRUE","","","","","","","","","","","","","NEVER"
"58d0197efaab593c10e41bd46112b77ad183a00e","-1","-1","20","1000","","sc/player_icons_1.sc","player_icon_02","2","","","","","","TRUE","","","","","","","","","","","","","NEVER"
"player_icon_bp_enchanted","","","0","0","","sc/player_icons_1.sc","player_icon_bp_enchanted","3070","true","","","750","19","TRUE","","","","","","","","","","","","","AVAILABLE"
"player_icon_crow_phoenix","","","0","0","","sc/player_icons_1.sc","player_icon_crow_phoenix","3071","","true","","","","TRUE","","","","CrowPheonix","TRUE","","","","","","","","NEVER"
"player_icon_phoenix_fire","","","0","0","","sc/player_icons_1.sc","player_icon_phoenix_fire","3072","","true","","750","19","TRUE","","","","","","","PHOENIX","","","","","","AVAILABLE"
"player_icon_enchanted","","","0","0","","sc/player_icons_1.sc","player_icon_enchanted","3073","","true","","750","19","TRUE","","","","","","","ENCHANTED","","","","","","AVAILABLE"
"player_icon_velocirapids","","","0","0","","sc/player_icons_1.sc","player_icon_velocirapids","3074","","true","","750","19","TRUE","","","","","","","SUMMER","","","","","","AVAILABLE"
"player_icon_cursed","","","0","0","","sc/player_icons_1.sc","player_icon_cursed","3075","","true","","750","19","TRUE","","","","","","","CURSED","","","","","","AVAILABLE"
"player_icon_goldball","","","0","0","","sc/player_icons_1.sc","player_icon_goldball","3076","","true","","750","19","TRUE","","","","","","","GOLDENBALL","","","","","","AVAILABLE"
"player_icon_meg_cursed","","","0","0","","sc/player_icons_1.sc","player_icon_meg_cursed","3077","","true","","","","TRUE","","","","MechaDudePirate","TRUE","","","","","","","","NEVER"
"player_icon_griff_cursed","","","0","0","","sc/player_icons_1.sc","player_icon_griff_cursed","3078","","true","","","","TRUE","","","","AssaultShotgunTreasure","TRUE","","","","","","","","NEVER"
"player_icon_bibi_cursed","","","0","0","","sc/player_icons_1.sc","player_icon_bibi_cursed","3079","","true","","","","TRUE","","","","BaseballPirate","TRUE","","","","","","","","NEVER"
"player_icon_janet_enchanted","","","0","0","","sc/player_icons_1.sc","player_icon_janet_enchanted","3080","","true","","","","TRUE","","","","JetpackGirlDarkFairy","TRUE","","","","","","","","NEVER"
"player_icon_surge_cursed","","","0","0","","sc/player_icons_1.sc","player_icon_surge_cursed","3081","","true","","","","TRUE","","","","PowerLevelerKraken","TRUE","","","","","","","","NEVER"
"player_icon_8bit_enchanted","","","0","0","","sc/player_icons_1.sc","player_icon_8bit_enchanted","3082","","true","","","","TRUE","","","","ArcadeHauntedHouse","TRUE","","","","","","","","NEVER"
"rank28","","","0","0","","sc/player_icons_1.sc","player_icon_lou_enchanted","1027","","true","","","","TRUE","","","","IceDudeStonetroll","TRUE","","","","","","","","NEVER"
"player_icon_chester_enchanted","","","0","0","","sc/player_icons_1.sc","player_icon_chester_enchanted","3084","","true","","","","TRUE","","","","JesterWoodspirit","","","","","","","","","NEVER"
"player_icon_cordelius1","","","0","0","","sc/player_icons_1.sc","player_icon_cordelius1","2066","true","","","","","TRUE","","","","","","","","","","","TrophyRewardsDuelist","","NEVER"
"player_icon_doug1","","","0","0","","sc/player_icons_1.sc","player_icon_doug1","2066","true","","","","","TRUE","","","","","","","","","","","TrophyRewardsReviver","","NEVER"
"hero69","","","0","0","Duelist","sc/player_icons_1.sc","player_icon_cordelius","719","","","","","","TRUE","","","","","","","","","","","","","NEVER"
"hero70","","","0","0","Reviver","sc/player_icons_1.sc","player_icon_doug","412","","","","","","TRUE","","","","","","","","","","","","","NEVER"
"player_icon_colt_overcharge","","","0","0","","sc/player_icons_1.sc","player_icon_colt_overcharge","6001","","true","","","","TRUE","","true","","","","","","Gunslinger","","","","","NEVER"
"player_icon_bull_overcharge","","","0","0","","sc/player_icons_1.sc","player_icon_bull_overcharge","6002","","true","","","","TRUE","","true","","","","","","BullDude","","","","","NEVER"
"player_icon_jacky_overcharge","","","0","0","","sc/player_icons_1.sc","player_icon_jacky_overcharge","6003","","true","","","","TRUE","","true","","","","","","Driller","","","","","NEVER"
"player_icon_shelly_overcharge","","","0","0","","sc/player_icons_1.sc","player_icon_shelly_overcharge","6004","","true","","","","TRUE","","true","","","","","","ShotgunGirl","","","","","NEVER"
"player_icon_spike_overcharge","","","0","0","","sc/player_icons_1.sc","player_icon_spike_overcharge","6005","","true","","","","TRUE","","true","","","","","","Cactus","","","","","NEVER"
"rank29","","","0","0","","sc/player_icons_1.sc","player_icon_maisie_wasteland","1028","","true","","","","TRUE","","","","MaisieWasteland","TRUE","","","","","","","","NEVER"
"player_icon_hank_wasteland","","","0","0","","sc/player_icons_1.sc","player_icon_hank_wasteland","3083","","true","","","","TRUE","","","","FishTankWasteland","TRUE","","","","","","","","NEVER"
"player_icon_willow_wasteland","","","0","0","","sc/player_icons_1.sc","player_icon_willow_wasteland","3084","","true","","","","TRUE","","","","PuppeteerWasteland","","","","","","","","","NEVER"
"player_icon_cordelius_wasteland","","","0","0","","sc/player_icons_1.sc","player_icon_cordelius_wasteland","3085","","true","","","","TRUE","","","","DuelistWasteland","TRUE","","","","","","","","NEVER"
"player_icon_stu_university","","","0","0","","sc/player_icons_1.sc","player_icon_stu_university","3086","","true","","","","TRUE","","","","RollerUniversity","TRUE","","","","","","","","NEVER"
"player_icon_rosa_university","","","0","0","","sc/player_icons_1.sc","player_icon_rosa_university","3087","","true","","","","TRUE","","","","RosaUniversity","TRUE","","","","","","","","NEVER"
"player_icon_squeak_university","","","0","0","","sc/player_icons_1.sc","player_icon_squeak_university","3088","","true","","","","TRUE","","","","StickyBombUniversity","TRUE","","","","","","","","NEVER"
"player_icon_janet_moon","","","0","0","","sc/player_icons_1.sc","player_icon_janet_moon","3089","","true","","","","TRUE","","","","JetpackGirlMoon","TRUE","","","","","","","","NEVER"
"player_icon_mandy_harvest","","","0","0","","sc/player_icons_1.sc","player_icon_mandy_harvest","3090","","true","","","","TRUE","","","","Beamerharvest","TRUE","","","","","","","","NEVER"
"player_icon_edgar_mecha","","","0","0","","sc/player_icons_1.sc","player_icon_edgar_mecha","3090","","true","","","","TRUE","","","","EnragerMecha","TRUE","","","","","","","","NEVER"
"player_icon_bp_wasteland","","","0","0","","sc/player_icons_1.sc","player_icon_bp_wasteland","3091","true","","","750","19","TRUE","","","","","","","","","","","","","AVAILABLE"
"player_icon_pearl1","","","0","0","","sc/player_icons_1.sc","player_icon_pearl1","2066","true","","","","","TRUE","","","","","","","","","","","TrophyRewardsCooker","","NEVER"
"player_icon_chuck1","","","0","0","","sc/player_icons_1.sc","player_icon_chuck1","2067","true","","","","","TRUE","","","","","","","","","","","TrophyRewardsConductor","","NEVER"
"player_icon_pearl_overcharge","","","0","0","","sc/player_icons_1.sc","player_icon_pearl_overcharge","6006","","true","","","","TRUE","","true","","","","","","Cooker","","","","","NEVER"
"player_icon_brawloween1","","","0","0","","sc/player_icons_1.sc","player_icon_brawloween1","3092","","true","","","","TRUE","","","","","","","BRAWLOWEEN","","","","","","NEVER"
"player_icon_brawloween2","","","0","0","","sc/player_icons_1.sc","player_icon_brawloween2","3093","","true","","","","TRUE","","","","","","","BRAWLOWEEN","","","","","","NEVER"
"player_icon_brawloween3","","","0","0","","sc/player_icons_1.sc","player_icon_brawloween3","3094","","true","","","","TRUE","","","","","","","BRAWLOWEEN","","","","","","NEVER"
"player_icon_brawloween4","","","0","0","","sc/player_icons_1.sc","player_icon_brawloween4","3095","","true","","","","TRUE","","","","","","","BRAWLOWEEN","","","","","","NEVER"
"player_icon_brawloween5","","","0","0","","sc/player_icons_1.sc","player_icon_brawloween5","3096","","true","","","","TRUE","","","","","","","BRAWLOWEEN","","","","","","NEVER"
"player_icon_classof2023","","","0","0","","sc/player_icons_1.sc","player_icon_classof2023","3097","","true","","","","TRUE","","","","","","","UNIVERSITY","","","","","","NEVER"
"player_icon_university","","","0","0","","sc/player_icons_1.sc","player_icon_university","3098","","true","","750","19","TRUE","","","","","","","UNIVERSITY","","","","","","AVAILABLE"
"player_icon_esports2023_badge","","","0","0","","sc/player_icons_1.sc","player_icon_esports2023_badge","3099","","true","","","","TRUE","","","","","","","","","","","","","NEVER"
"player_icon_mecha_edgar_event","","","0","0","","sc/player_icons_1.sc","player_icon_mecha_edgar_event","3100","","true","","750","19","TRUE","","","","","","","MECHA","","","","","","AVAILABLE"
"player_icon_academy","","","0","0","","sc/player_icons_1.sc","player_icon_academy","3101","","true","","750","19","TRUE","","","","","","","UNIVERSITY","","","","","","AVAILABLE"
"hero71","","","0","0","Cooker","sc/player_icons_1.sc","player_icon_pearl","413","","","","","","TRUE","","","","","","","","","","","","","NEVER"
"hero72","","","0","0","Conductor","sc/player_icons_1.sc","player_icon_chuck","720","","","","","","TRUE","","","","","","","","","","","","","NEVER"
"player_icon_esports_fut","","","0","0","","sc/player_icons_1.sc","player_icon_esports_fut","5011","","true","","","","TRUE","","TRUE","","","","","WF_2020","","","","","","NEVER"
"player_icon_esports_luminosity","","","0","0","","sc/player_icons_1.sc","player_icon_esports_luminosity","5012","","true","","","","TRUE","","TRUE","","","","","WF_2020","","","","","","NEVER"
"player_icon_colette_overcharge","","","0","0","","sc/player_icons_1.sc","player_icon_colette_overcharge","6007","","true","","","","TRUE","","true","","","","","","Percenter","","","","","NEVER"
"player_icon_rosa_overcharge","","","0","0","","sc/player_icons_1.sc","player_icon_rosa_overcharge","6008","","true","","","","TRUE","","true","","","","","","Rosa","","","","","NEVER"
"player_icon_lou_overcharge","","","0","0","","sc/player_icons_1.sc","player_icon_lou_overcharge","6009","","true","","","","TRUE","","true","","","","","","IceDude","","","","","NEVER"
"player_icon_maisie_overcharge","","","0","0","","sc/player_icons_1.sc","player_icon_maisie_overcharge","6010","","true","","","","TRUE","","true","","","","","","Maisie","","","","","NEVER"
"player_icon_jessie_overcharge","","","0","0","","sc/player_icons_1.sc","player_icon_jessie_overcharge","6011","","true","","","","TRUE","","true","","","","","","Mechanic","","","","","NEVER"
"player_icon_charly_overcharge","","","0","0","","sc/player_icons_1.sc","player_icon_charly_overcharge","6012","","true","","","","TRUE","","true","","","","","","Cocooner","","","","","NEVER"
"player_icon_supercell_logo","","","0","0","","sc/player_icons_1.sc","player_icon_supercell_logo","3102","","true","","","","TRUE","","true","","","","","","","","","","",""
"player_icon_bp_circus","","","0","0","","sc/player_icons_1.sc","player_icon_bp_circus","3103","true","","","750","19","TRUE","","","","","","","","","","","","","AVAILABLE"
"player_icon_hindu","","","0","0","","sc/player_icons_1.sc","player_icon_hindu","3104","","true","","750","19","TRUE","","","","","","","HINDU","","","","","","AVAILABLE"
"player_icon_cctv","","","0","0","","sc/player_icons_1.sc","player_icon_cctv","3105","","true","","750","19","TRUE","","","","","","","STARRPARK","","","","","","AVAILABLE"
"hero73","","","0","0","Cocooner","sc/player_icons_1.sc","player_icon_charlie","414","","","","","","TRUE","","","","","","","","","","","","","NEVER"
"player_icon_charlie1","","","0","0","","sc/player_icons_1.sc","player_icon_charlie1","2068","true","","","","","TRUE","","","","","","","","","","","TrophyRewardsCocooner","","NEVER"
"player_icon_mortis_retro","","","0","0","","sc/player_icons_1.sc","player_icon_mortis_retro","3106","","true","","","","TRUE","","","","UndertakerGreaser","TRUE","","","","","","","","NEVER"
"player_icon_brock_retro","","","0","0","","sc/player_icons_1.sc","player_icon_brock_retro","3107","","true","","","","TRUE","","","","RocketGirlHotrod","TRUE","","","","","","","","NEVER"
"player_icon_barley_retro","","","0","0","","sc/player_icons_1.sc","player_icon_barley_retro","3108","","true","","","","TRUE","","","","BarkeepMs","TRUE","","","","","","","","NEVER"
"player_icon_rebel_lola","","","0","0","","sc/player_icons_1.sc","player_icon_rebel_lola","3109","","true","","","","TRUE","","","","DuplicatorCholaChroma","TRUE","","","","","","","","NEVER"
"player_icon_nita_circus","","","0","0","","sc/player_icons_1.sc","player_icon_nita_circus","3110","","true","","","","TRUE","","","","ShamanDarkcircus","TRUE","","","","","","","","NEVER"
"player_icon_byron_circus","","","0","0","","sc/player_icons_1.sc","player_icon_byron_circus","3111","","true","","","","TRUE","","","","SnakeOilDarkcircus","TRUE","","","","","","","","NEVER"
"rank30","","","0","0","","sc/player_icons_1.sc","player_icon_lola_circus","1029","","true","","","","TRUE","","","","DuplicatorDarkcircus","TRUE","","","","","","","","NEVER"
"player_icon_frank_hindu","","","0","0","","sc/player_icons_1.sc","player_icon_frank_hindu","3112","","true","","","","TRUE","","","","HammerDudeHindu","TRUE","","","","","","","","NEVER"
"player_icon_grom_hindu","","","0","0","","sc/player_icons_1.sc","player_icon_grom_hindu","3113","","true","","","","TRUE","","","","CrossBomberHindu","TRUE","","","","","","","","NEVER"
"player_icon_bo_hindu","","","0","0","","sc/player_icons_1.sc","player_icon_bo_hindu","3114","","true","","","","TRUE","","","","BowDudeHinduChroma","TRUE","","","","","","","","NEVER"
"player_icon_leon_wolf","","","0","0","","sc/player_icons_1.sc","player_icon_leon_wolf","3115","","true","","","","TRUE","","","","NinjaBrawloween","TRUE","","","","","","","","NEVER"
"player_icon_shelly_witch","","","0","0","","sc/player_icons_1.sc","player_icon_shelly_witch","3116","","true","","","","TRUE","","","","ShotgunGirlBrawloween","TRUE","","","","","","","","NEVER"
"player_icon_fang_pumpkin","","","0","0","","sc/player_icons_1.sc","player_icon_fang_pumpkin","3117","","true","","","","TRUE","","","","KickerDudeMake","TRUE","","","","","","","","NEVER"
"player_icon_mike_robo","","","0","0","","sc/player_icons_1.sc","player_icon_mike_robo","3118","","true","","","","TRUE","","","","TntDudeMecha","TRUE","","","","","","","","NEVER"
"player_icon_pam_queen","","","0","0","","sc/player_icons_1.sc","player_icon_pam_queen","3119","","true","","","","TRUE","","","","MinigunDudeQueen","TRUE","","","","","","","","NEVER"
"player_icon_mortis_hockey","","","0","0","","sc/player_icons_1.sc","player_icon_mortis_hockey","3120","","true","","","","TRUE","","","","UndertakerUndertakerHockey","TRUE","","","","","","","","NEVER"
"player_icon_razer","","","0","0","","sc/player_icons_1.sc","player_icon_razer","3121","","true","","","","TRUE","","true","","","","","","","","","","","NEVER"
"player_icon_retropolis","","","0","0","","sc/player_icons_1.sc","player_icon_retropolis","3122","","true","","750","19","TRUE","","","","","","","RETRO","","","","","","AVAILABLE"
"player_icon_mike_overcharge","","","0","0","","sc/player_icons_1.sc","player_icon_mike_overcharge","6013","","true","","","","TRUE","","true","","","","","","TntDude","","","","","NEVER"
"player_icon_edgar_overcharge","","","0","0","","sc/player_icons_1.sc","player_icon_edgar_overcharge","6014","","true","","","","TRUE","","true","","","","","","Enrager","","","","","NEVER"
"player_icon_crow_overcharge","","","0","0","","sc/player_icons_1.sc","player_icon_crow_overcharge","6015","","true","","","","TRUE","","true","","","","","","Crow","","","","","NEVER"
"player_icon_fang_overcharge","","","0","0","","sc/player_icons_1.sc","player_icon_fang_overcharge","6016","","true","","","","TRUE","","true","","","","","","KickerDude","","","","","NEVER"
"player_icon_leon_overcharge","","","0","0","","sc/player_icons_1.sc","player_icon_leon_overcharge","6017","","true","","","","TRUE","","true","","","","","","Ninja","","","","","NEVER"
"player_icon_mico_overcharge","","","0","0","","sc/player_icons_1.sc","player_icon_mico_overcharge","6018","","true","","","","TRUE","","true","","","","","","Leaper","","","","","NEVER"
"player_icon_anniversary5","","-1","0","0","","sc/player_icons_1.sc","player_icon_anniversary5","3123","","true","","","","TRUE","","","","","","","","","","","","","NEVER"
"player_icon_holiday_chroma","","","0","0","","sc/player_icons_1.sc","player_icon_holiday_chroma","3124","","true","","","","TRUE","","","","","","","","","","","","","NEVER"
"player_icon_bp_cartoon","","","0","0","","sc/player_icons_1.sc","player_icon_bp_cartoon","3125","true","","","750","19","TRUE","","","","","","","","","","","","","AVAILABLE"
"player_icon_bp_dragon","","","0","0","","sc/player_icons_1.sc","player_icon_bp_dragon","3126","true","","","750","19","TRUE","","","","","","","","","","","","","AVAILABLE"
"player_icon_8bit_virus","","","0","0","","sc/player_icons_1.sc","player_icon_8bit_virus","3127","","true","","","","TRUE","","","","ArcadeVirusChroma","TRUE","","","","","","","","NEVER"
"player_icon_colette_cartoon","","","0","0","","sc/player_icons_1.sc","player_icon_colette_cartoon","3128","","true","","","","TRUE","","","","Percenteranime","TRUE","","","","","","","","NEVER"
"player_icon_fang_lny","","","0","0","","sc/player_icons_1.sc","player_icon_fang_lny","3129","","true","","","","TRUE","","","","KickerDudeFuriousChroma","TRUE","","","","","","","","NEVER"
"player_icon_frank_royale","","","0","0","","sc/player_icons_1.sc","player_icon_frank_royale","3130","","true","","","","TRUE","","","","HammerDudeClashKingChromaBlue","TRUE","","","","","","","","NEVER"
"player_icon_kit_lny","","","0","0","","sc/player_icons_1.sc","player_icon_kit_lny","3131","","true","","","","TRUE","","","","AttacherBoxer","TRUE","","","","","","","","NEVER"
"player_icon_miko_darkmas","","","0","0","","sc/player_icons_1.sc","player_icon_miko_darkmas","3132","","true","","","","TRUE","","","","LeaperDarkXmas","TRUE","","","","","","","","NEVER"
"player_icon_miko_lny","","","0","0","","sc/player_icons_1.sc","player_icon_miko_lny","3133","","true","","","","TRUE","","","","Leaperwukong","TRUE","","","","","","","","NEVER"
"player_icon_otis_wf","","","0","0","","sc/player_icons_1.sc","player_icon_otis_wf","3134","","true","","","","TRUE","","","","SilencerWorldfinals","TRUE","","","","","","","","NEVER"
"player_icon_piper_carnaval","","","0","0","","sc/player_icons_1.sc","player_icon_piper_carnaval","3135","","true","","","","TRUE","","","","SniperCarnival","TRUE","","","","","","","","NEVER"
"player_icon_poco_origins","","","0","0","","sc/player_icons_1.sc","player_icon_poco_origins","3136","","true","","","","TRUE","","","","DeadMariachiorigins","TRUE","","","","","","","","NEVER"
"player_icon_primo_superb","","","0","0","","sc/player_icons_1.sc","player_icon_primo_superb","3137","","true","","","","TRUE","","","","LuchadorSuperbowl","TRUE","","","","","","","","NEVER"
"rank31","","","0","0","","sc/player_icons_1.sc","player_icon_rico_cartoon","1030","","true","","","","TRUE","","","","TrickshotDudeDevil","TRUE","","","","","","","","NEVER"
"player_icon_spike_cartoon","","","0","0","","sc/player_icons_1.sc","player_icon_spike_cartoon","3138","","true","","","","TRUE","","","","Cactuscartoon","TRUE","","","","","","","","NEVER"
"player_icon_stu_xmas","","","0","0","","sc/player_icons_1.sc","player_icon_stu_xmas","3139","","true","","","","TRUE","","","","RollerChristmas","TRUE","","","","","","","","NEVER"
"player_icon_miko1","","","0","0","","sc/player_icons_1.sc","player_icon_miko1","2069","true","","","","","TRUE","","","","","","","","","","","TrophyRewardsLeaper","","NEVER"
"player_icon_kit1","","","0","0","","sc/player_icons_1.sc","player_icon_kit1","2070","true","","","","","TRUE","","","","","","","","","","","TrophyRewardsAttacher","","NEVER"
"player_icon_twins1","","","0","0","","sc/player_icons_1.sc","player_icon_twins1","2071","true","","","","","TRUE","","","","","","","","","","","TrophyRewardsTwins","","NEVER"
"player_icon_thank_you","","","0","0","","sc/player_icons_1.sc","player_icon_thank_you","3138","","true","","750","19","TRUE","","","","","","","MISC","","","","","","AVAILABLE"
"hero74","","","0","0","Leaper","sc/player_icons_1.sc","player_icon_mico","721","","","","","","TRUE","","","","","","","","","","","","","NEVER"
"hero75","","","0","0","Attacher","sc/player_icons_1.sc","player_icon_kit","722","","","","","","TRUE","","","","","","","","","","","","","NEVER"
"player_icon_ash_pizza","","","0","0","","sc/player_icons_1.sc","player_icon_ash_pizza","3139","","true","","","","TRUE","","","","KnightPizza","TRUE","","","","","","","","NEVER"
"player_icon_emz_fan","","","0","0","","sc/player_icons_1.sc","player_icon_emz_fan","3140","","true","","","","TRUE","","","","MummyGiftShop","TRUE","","","","","","","","NEVER"
"player_icon_dynamike_spicy","","","0","0","","sc/player_icons_1.sc","player_icon_dynamike_spicy","3141","","true","","","","TRUE","","","","TntGuyChef","TRUE","","","","","","","","NEVER"
"player_icon_colt_make","","","0","0","","sc/player_icons_1.sc","player_icon_colt_make","3142","","true","","","","TRUE","","","","GunslingerDarkAngel","TRUE","","","","","","","","NEVER"
"hero76","","","0","0","Twins","sc/player_icons_1.sc","player_icon_twins","723","","","","","","TRUE","","","","","","","","","","","","","NEVER"
"player_icon_frank_royale_red","","","0","0","","sc/player_icons_1.sc","player_icon_frank_royale_red","3143","","true","","","","TRUE","","","","HammerDudeClashKingChromaRed","TRUE","","","","","","","","NEVER"
"player_icon_8bit_virus_og","","","0","0","","sc/player_icons_1.sc","player_icon_8bit_virus_og","3144","","true","","","","TRUE","","","","ArcadeVirus","TRUE","","","","","","","","NEVER"
"player_icon_belle_overcharge","","","0","0","","sc/player_icons_1.sc","player_icon_belle_overcharge","6019","","true","","","","TRUE","","true","","","","","","ElectroSniper","","","","","NEVER"
"player_icon_bibi_overcharge","","","0","0","","sc/player_icons_1.sc","player_icon_bibi_overcharge","6020","","true","","","","TRUE","","true","","","","","","Baseball","","","","","NEVER"
"player_icon_buzz_overcharge","","","0","0","","sc/player_icons_1.sc","player_icon_buzz_overcharge","6021","","true","","","","TRUE","","true","","","","","","RopeDude","","","","","NEVER"
"player_icon_cordelius_overcharge","","","0","0","","sc/player_icons_1.sc","player_icon_cordelius_overcharge","6022","","true","","","","TRUE","","true","","","","","","Duelist","","","","","NEVER"
"player_icon_primo_overcharge","","","0","0","","sc/player_icons_1.sc","player_icon_primo_overcharge","6023","","true","","","","TRUE","","true","","","","","","Luchador","","","","","NEVER"
"player_icon_sprout_overcharge","","","0","0","","sc/player_icons_1.sc","player_icon_sprout_overcharge","6024","","true","","","","TRUE","","true","","","","","","Wally","","","","","NEVER"
"player_icon_bp_sandsoftime","","","0","0","","sc/player_icons_1.sc","player_icon_bp_sandsoftime","3145","true","","","750","19","TRUE","","","","","","","","","","","","","AVAILABLE"
"player_icon_bp_ragnarok","","","0","0","","sc/player_icons_1.sc","player_icon_bp_ragnarok","3146","true","","","750","19","TRUE","","","","","","","","","","","","","AVAILABLE"
"player_icon_fame_earth","","","0","0","","sc/player_icons_1.sc","player_icon_fame_earth","7001","true","","","","","TRUE","","","","","","","","","","Global2","","","NEVER"
"player_icon_fame_moon","","","0","0","","sc/player_icons_1.sc","player_icon_fame_moon","7002","true","","","","","TRUE","","","","","","","","","","Lunar2","","","NEVER"
"player_icon_fame_mars","","","0","0","","sc/player_icons_1.sc","player_icon_fame_mars","7003","true","","","","","TRUE","","","","","","","","","","Martial2","","","NEVER"
"player_icon_fame_saturn","","","0","0","","sc/player_icons_1.sc","player_icon_fame_saturn","7004","true","","","","","TRUE","","","","","","","","","","Saturnal2","","","NEVER"
"player_icon_fame_sun","","","0","0","","sc/player_icons_1.sc","player_icon_fame_sun","7005","true","","","","","TRUE","","","","","","","","","","Solar2","","","NEVER"
"player_icon_fame_meteor","","","0","0","","sc/player_icons_1.sc","player_icon_fame_meteor","7006","true","","","","","TRUE","","","","","","","","","","Meteor2","","","NEVER"
"player_icon_ranked_sandsoftime","","","0","0","","sc/player_icons_1.sc","player_icon_ranked_sandsoftime","1031","true","","","","","TRUE","","","","","","","","","","","","","NEVER"
"player_icon_ranked_ragnarok","","","0","0","","sc/player_icons_1.sc","player_icon_ranked_ragnarok","1032","true","","","","","TRUE","","","","","","","","","","","","","NEVER"
"player_icon_crow_mecha","","","0","0","","sc/player_icons_1.sc","player_icon_crow_mecha","3147","","true","","","","TRUE","","","","CrowMecha","TRUE","","","","","","","","NEVER"
"player_icon_angelo1","","","0","0","","sc/player_icons_1.sc","player_icon_angelo1","2072","true","","","","","TRUE","","","","","","","","","","","TrophyRewardsInsectMan","","NEVER"
"player_icon_melody1","","","0","0","","sc/player_icons_1.sc","player_icon_melody1","2073","true","","","","","TRUE","","","","","","","","","","","TrophyRewardsAxeJuggler","","NEVER"
"player_icon_bibi_ragnarok","","","0","0","","sc/player_icons_1.sc","player_icon_bibi_ragnarok","3148","","true","","","","TRUE","","","","BaseballThor","TRUE","","","","","","","","NEVER"
"player_icon_brock_line","","","0","0","","sc/player_icons_1.sc","player_icon_brock_line","3149","","true","","","","TRUE","","","","RocketGirlBrown","TRUE","","","","","","","","NEVER"
"player_icon_chester_ragnarok","","","0","0","","sc/player_icons_1.sc","player_icon_chester_ragnarok","3150","","true","","","","TRUE","","","","JesterLoki","TRUE","","","","","","","","NEVER"
"player_icon_chuck_sands","","","0","0","","sc/player_icons_1.sc","player_icon_chuck_sands","3151","","true","","","","TRUE","","","","ConductorScorpion","TRUE","","","","","","","","NEVER"
"player_icon_cordelius_ragnarok","","","0","0","","sc/player_icons_1.sc","player_icon_cordelius_ragnarok","3152","","true","","","","TRUE","","","","DuelistOdin","TRUE","","","","","","","","NEVER"
"player_icon_dynamike_sands","","","0","0","","sc/player_icons_1.sc","player_icon_dynamike_sands","3153","","true","","","","TRUE","","","","TntDudeDynastic","TRUE","","","","","","","","NEVER"
"player_icon_edgar_sands","","","0","0","","sc/player_icons_1.sc","player_icon_edgar_sands","3154","","true","","","","TRUE","","","","EnragerThief","TRUE","","","","","","","","NEVER"
"player_icon_fang_baseball","","","0","0","","sc/player_icons_1.sc","player_icon_fang_baseball","3155","","true","","","","TRUE","","","","KickerDudeBaseballRed","TRUE","","","","","","","","NEVER"
"player_icon_jessie_ragnarok","","","0","0","","sc/player_icons_1.sc","player_icon_jessie_ragnarok","3156","","true","","","","TRUE","","","","MechanicSkadi","TRUE","","","","","","","","NEVER"
"player_icon_shelly_sands","","","0","0","","sc/player_icons_1.sc","player_icon_shelly_sands","3157","","true","","","","TRUE","","","","ShotgunGirlDancer","TRUE","","","","","","","","NEVER"
"player_icon_spike_poop","","","0","0","","sc/player_icons_1.sc","player_icon_spike_poop","3158","","true","","","","TRUE","","","","CactusPoop","TRUE","","","","","","","","NEVER"
"player_icon_buzz_ragnarok","","","0","0","","sc/player_icons_1.sc","player_icon_buzz_ragnarok","3159","","true","","","","TRUE","","","","RopeDudeFenrir","TRUE","","","","","","","","NEVER"
"player_icon_colt_mecha","","","0","0","","sc/player_icons_1.sc","player_icon_colt_mecha","3160","","true","","","","TRUE","","","","GunslingerMecha","TRUE","","","","","","","","NEVER"
"player_icon_fang_baseball_chroma","","","0","0","","sc/player_icons_1.sc","player_icon_fang_baseball_chroma","3161","","true","","","","TRUE","","","","KickerDudeBaseballBlue","TRUE","","","","","","","","NEVER"
"player_icon_leon_mecha","","","0","0","","sc/player_icons_1.sc","player_icon_leon_mecha","3162","","true","","","","TRUE","","","","NinjaMecha","TRUE","","","","","","","","NEVER"
"player_icon_surge_sands","","","0","0","","sc/player_icons_1.sc","player_icon_surge_sands","3163","","true","","","","TRUE","","","","PowerLevelerGenie","TRUE","","","","","","","","NEVER"
"player_icon_spike_robo","","","0","0","","sc/player_icons_1.sc","player_icon_spike_robo","3164","","true","","","","TRUE","","","","Cactusmecha","TRUE","","","","","","","","NEVER"
"player_icon_sprout_lunar","","","0","0","","sc/player_icons_1.sc","player_icon_sprout_lunar","3165","","true","","","","TRUE","","","","WallyMoon","TRUE","","","","","","","","NEVER"
"player_icon_primo_shark","","","0","0","","sc/player_icons_1.sc","player_icon_primo_shark","3166","","true","","","","TRUE","","","","LuchadorBabyShark","TRUE","","","","","","","","NEVER"
"player_icon_piper_lunar","","","0","0","","sc/player_icons_1.sc","player_icon_piper_lunar","3167","","true","","","","TRUE","","","","SniperMoon","TRUE","","","","","","","","NEVER"
"hero77","","","0","0","AxeJuggler","sc/player_icons_1.sc","player_icon_melody","724","","","","","","TRUE","","","","","","","","","","","","","NEVER"
"hero78","","","0","0","InsectMan","sc/player_icons_1.sc","player_icon_angelo","725","","","","","","TRUE","","","","","","","","","","","","","NEVER"
"player_icon_8bit_ranked_chroma","","","0","0","","sc/player_icons_1.sc","player_icon_8bit_ranked_chroma","3168","","true","","","","TRUE","","","","ArcadePiano_black","TRUE","","","","","","","","NEVER"
"player_icon_brock_sentai_black","","","0","0","","sc/player_icons_1.sc","player_icon_brock_sentai_black","3169","","true","","","","TRUE","","","","RocketGirlRanger_black","TRUE","","","","","","","","NEVER"
"player_icon_brock_sentai_blue","","","0","0","","sc/player_icons_1.sc","player_icon_brock_sentai_blue","3170","","true","","","","TRUE","","","","RocketGirlRanger_blue","TRUE","","","","","","","","NEVER"
"player_icon_brock_sentai_pink","","","0","0","","sc/player_icons_1.sc","player_icon_brock_sentai_pink","3171","","true","","","","TRUE","","","","RocketGirlRanger_pink","TRUE","","","","","","","","NEVER"
"player_icon_brock_sentai_red","","","0","0","","sc/player_icons_1.sc","player_icon_brock_sentai_red","3172","","true","","","","TRUE","","","","RocketGirlRanger_red","TRUE","","","","","","","","NEVER"
"player_icon_brock_sentai_yellow","","","0","0","","sc/player_icons_1.sc","player_icon_brock_sentai_yellow","3173","","true","","","","TRUE","","","","RocketGirlRanger_yellow","TRUE","","","","","","","","NEVER"
"player_icon_buzz_ranked_chroma","","","0","0","","sc/player_icons_1.sc","player_icon_buzz_ranked_chroma","3174","","true","","","","TRUE","","","","RopeDudeDirector_blue","TRUE","","","","","","","","NEVER"
"player_icon_byron_ranked_chroma","","","0","0","","sc/player_icons_1.sc","player_icon_byron_ranked_chroma","3175","","true","","","","TRUE","","","","SnakeOilWizard_white","TRUE","","","","","","","","NEVER"
"player_icon_gene_samurai","","","0","0","","sc/player_icons_1.sc","player_icon_gene_samurai","3176","","true","","","","TRUE","","","","HookDudeMake","TRUE","","","","","","","","NEVER"
"player_icon_jacky_ranked_chroma","","","0","0","","sc/player_icons_1.sc","player_icon_jacky_ranked_chroma","3177","","true","","","","TRUE","","","","DrillerJetski_purple","TRUE","","","","","","","","NEVER"
"player_icon_nita_ranked_chroma","","","0","0","","sc/player_icons_1.sc","player_icon_nita_ranked_chroma","3178","","true","","","","TRUE","","","","ShamanDragon_black","TRUE","","","","","","","","NEVER"
"player_icon_penny_ranked_chroma","","","0","0","","sc/player_icons_1.sc","player_icon_penny_ranked_chroma","3179","","true","","","","TRUE","","","","ArtilleryDudeSmuggler_orange","TRUE","","","","","","","","NEVER"
"player_icon_sandy_nightmare","","","0","0","","sc/player_icons_1.sc","player_icon_sandy_nightmare","3180","","true","","","","TRUE","","","","SandstormMake","TRUE","","","","","","","","NEVER"
"player_icon_shelly_squad","","","0","0","","sc/player_icons_1.sc","player_icon_shelly_squad","3181","","true","","","","TRUE","","","","ShotgunGirlSquad","TRUE","","","","","","","","NEVER"
"player_icon_bp_godzilla","","","0","0","","sc/player_icons_1.sc","player_icon_bp_godzilla","3182","true","","","","","TRUE","","","","","","","","","","","","","NEVER"
"player_icon_bp_hackers","","","0","0","","sc/player_icons_1.sc","player_icon_bp_hackers","3183","true","","","750","19","TRUE","","","","","","","","","","","","","AVAILABLE"
"player_icon_godzilla_event1","","","0","0","","sc/player_icons_1.sc","player_icon_godzilla_event1","3184","","true","","","","TRUE","","","","","","","GODZILLA","","","","","","NEVER"
"player_icon_godzilla_event2","","","0","0","","sc/player_icons_1.sc","player_icon_godzilla_event2","3185","","true","","","","TRUE","","","","","","","GODZILLA","","","","","","NEVER"
"player_icon_mutated_logo","","","0","0","","sc/player_icons_1.sc","player_icon_mutated_logo","3186","","true","","","","TRUE","","","","","","","GODZILLA","","","","","","NEVER"
"player_icon_mutation","","","0","0","","sc/player_icons_1.sc","player_icon_mutation","3187","","true","","","","TRUE","","","","","","","GODZILLA","","","","","","NEVER"
"player_icon_pl_logo","","","0","0","","sc/player_icons_1.sc","player_icon_pl_logo","1033","true","","","750","19","TRUE","","","","","","","","","","","","","AVAILABLE"
"player_icon_ranked_godzilla","","","0","0","","sc/player_icons_1.sc","player_icon_ranked_godzilla","1034","true","","","","","TRUE","","","","","","","","","","","","","NEVER"
"player_icon_ranked_hackers","","","0","0","","sc/player_icons_1.sc","player_icon_ranked_hackers","1035","true","","","","","TRUE","","","","","","","","","","","","","NEVER"
"player_icon_ranked_logo","","","0","0","","sc/player_icons_1.sc","player_icon_ranked_logo","1036","true","","","","","TRUE","","","","","","","","","","","","","NEVER"
"player_icon_esports_hackers","","","0","0","","sc/player_icons_1.sc","player_icon_esports_hackers","5013","","true","","","","TRUE","","","","","","","","","","","","","NEVER"
"player_icon_max_overcharge","","","0","0","","sc/player_icons_1.sc","player_icon_max_overcharge","6025","","true","","","","TRUE","","true","","","","","","Speedy","","","","","NEVER"
"player_icon_gene_overcharge","","","0","0","","sc/player_icons_1.sc","player_icon_gene_overcharge","6026","","true","","","","TRUE","","true","","","","","","HookDude","","","","","NEVER"
"player_icon_nita_overcharge","","","0","0","","sc/player_icons_1.sc","player_icon_nita_overcharge","6027","","true","","","","TRUE","","true","","","","","","Shaman","","","","","NEVER"
"player_icon_brock_overcharge","","","0","0","","sc/player_icons_1.sc","player_icon_brock_overcharge","6028","","true","","","","TRUE","","true","","","","","","RocketGirl","","","","","NEVER"
"player_icon_sandy_overcharge","","","0","0","","sc/player_icons_1.sc","player_icon_sandy_overcharge","6029","","true","","","","TRUE","","true","","","","","","Sandstorm","","","","","NEVER"
"player_icon_tick_overcharge","","","0","0","","sc/player_icons_1.sc","player_icon_tick_overcharge","6030","","true","","","","TRUE","","true","","","","","","ClusterBombDude","","","","","NEVER"
"player_icon_brawlball_foot","","","0","0","","sc/player_icons_1.sc","player_icon_brawlball_foot","3188","","true","","750","19","TRUE","","","","","","","","","","","","","AVAILABLE"
"player_icon_classic_brawl","","","0","0","","sc/player_icons_1.sc","player_icon_classic_brawl","3189","true","","","","","TRUE","","","","","","","","","","","","","NEVER"
"hero79","","","0","0","Ambusher","sc/player_icons_1.sc","player_icon_lily","726","","","","","","TRUE","","","","","","","","","","","","","NEVER"
"hero80","","","0","0","DragonRider","sc/player_icons_1.sc","player_icon_draco","727","","","","","","TRUE","","","","","","","","","","","","","NEVER"
"player_icon_draco_special","","","0","0","","sc/player_icons_1.sc","player_icon_draco_special","3190","","true","","","","TRUE","","","","","","","","","","","","","NEVER"
"player_icon_lily1","","","0","0","","sc/player_icons_1.sc","player_icon_lily1","2074","true","","","","","TRUE","","","","","","","","","","","TrophyRewardsAmbusher","","NEVER"
"player_icon_draco1","","","0","0","","sc/player_icons_1.sc","player_icon_draco1","2075","true","","","","","TRUE","","","","","","","","","","","TrophyRewardsDragonRider","","NEVER"
"player_icon_amber_frozequeen","","","0","0","","sc/player_icons_1.sc","player_icon_amber_frozequeen","3191","","true","","","","TRUE","","","","FireDudeFrost","TRUE","","","","","","","","NEVER"
"player_icon_bibi_virus","","","0","0","","sc/player_icons_1.sc","player_icon_bibi_virus","3192","","true","","","","TRUE","","","","BaseballGamer_remake","TRUE","","","","","","","","NEVER"
"player_icon_bo_mecha","","","0","0","","sc/player_icons_1.sc","player_icon_bo_mecha","3193","","true","","","","TRUE","","","","BoMecha","TRUE","","","","","","","","NEVER"
"player_icon_brock_virus","","","0","0","","sc/player_icons_1.sc","player_icon_brock_virus","3194","","true","","","","TRUE","","","","RocketGirlVirus","TRUE","","","","","","","","NEVER"
"player_icon_buzz_godzilla","","","0","0","","sc/player_icons_1.sc","player_icon_buzz_godzilla","3195","","true","","","","TRUE","","","","RopeDudeGodzilla","TRUE","","","","","","","","NEVER"
"player_icon_charlie_virus","","","0","0","","sc/player_icons_1.sc","player_icon_charlie_virus","3196","","true","","","","TRUE","","","","CocoonerVirus","TRUE","","","","","","","","NEVER"
"player_icon_eve_godzilla","","","0","0","","sc/player_icons_1.sc","player_icon_eve_godzilla","3197","","true","","","","TRUE","","","","FleaGodzilla","TRUE","","","","","","","","NEVER"
"player_icon_fang_virus","","","0","0","","sc/player_icons_1.sc","player_icon_fang_virus","3198","","true","","","","TRUE","","","","KickerDudeVirus","TRUE","","","","","","","","NEVER"
"player_icon_nita_godzilla","","","0","0","","sc/player_icons_1.sc","player_icon_nita_godzilla","3199","","true","","","","TRUE","","","","ShamanGodzilla","TRUE","","","","","","","","NEVER"
"player_icon_surge_paladin_red","","","0","0","","sc/player_icons_1.sc","player_icon_surge_paladin_red","3200","","true","","","","TRUE","","","","PowerLevelerKnight_red","TRUE","","","","","","","","NEVER"
"player_icon_tara_virus","","","0","0","","sc/player_icons_1.sc","player_icon_tara_virus","3201","","true","","","","TRUE","","","","BlackHoleStreetNinja_remake","TRUE","","","","","","","","NEVER"
"player_icon_tick_godzilla","","","0","0","","sc/player_icons_1.sc","player_icon_tick_godzilla","3202","","true","","","","TRUE","","","","ClusterBombDudeGodzilla","TRUE","","","","","","","","NEVER"
"player_icon_twins_virus","","","0","0","","sc/player_icons_1.sc","player_icon_twins_virus","3203","","true","","","","TRUE","","","","TwinsVirus","TRUE","","","","","","","","NEVER"
"player_icon_bo_underworld","","","0","0","","sc/player_icons_1.sc","player_icon_bo_underworld","3204","","true","","","","TRUE","","","","BowDudeDemonic","TRUE","","","","","","","","NEVER"
"player_icon_byron_overlord","","","0","0","","sc/player_icons_1.sc","player_icon_byron_overlord","3205","","true","","","","TRUE","","","","SnakeOilVillain","TRUE","","","","","","","","NEVER"
"player_icon_emz_dj","","","0","0","","sc/player_icons_1.sc","player_icon_emz_dj","3206","","true","","","","TRUE","","","","MummyDj","TRUE","","","","","","","","NEVER"
"player_icon_jacky_driller","","","0","0","","sc/player_icons_1.sc","player_icon_jacky_driller","3207","","true","","","","TRUE","","","","DrillerMonster","TRUE","","","","","","","","NEVER"
"player_icon_piper_cupid","","","0","0","","sc/player_icons_1.sc","player_icon_piper_cupid","3208","","true","","","","TRUE","","","","SniperValentines","TRUE","","","","","","","","NEVER"
"player_icon_poco_serenade","","","0","0","","sc/player_icons_1.sc","player_icon_poco_serenade","3209","","true","","","","TRUE","","","","PocoValentine","TRUE","","","","","","","","NEVER"
"player_icon_poco_trash","","","0","0","","sc/player_icons_1.sc","player_icon_poco_trash","3210","","true","","","","TRUE","","","","DeadMariachiPunk","TRUE","","","","","","","","NEVER"
"player_icon_tara_tempest","","","0","0","","sc/player_icons_1.sc","player_icon_tara_tempest","3211","","true","","","","TRUE","","","","BlackHoleDevious","TRUE","","","","","","","","NEVER"
"player_icon_bea_mega","","","0","0","","sc/player_icons_1.sc","player_icon_bea_mega","3212","","true","","","","TRUE","","","","BeeSniperMonster","TRUE","","","","","","","","NEVER"
"player_icon_eve_iny","","","0","0","","sc/player_icons_1.sc","player_icon_eve_iny","3213","","true","","","","TRUE","","","","FleaBiker","TRUE","","","","","","","","NEVER"
"player_icon_gene_evil","","","0","0","","sc/player_icons_1.sc","player_icon_gene_evil","3214","","true","","","","TRUE","","","","HookDudeBazaar","TRUE","","","","","","","","NEVER"
"player_icon_mortis_rogue","","","0","0","","sc/player_icons_1.sc","player_icon_mortis_rogue","3215","","true","","","","TRUE","","","","UndertakerBazaar","TRUE","","","","","","","","NEVER"
"player_icon_classic_colt","","","0","0","","sc/player_icons_1.sc","player_icon_classic_colt","3216","","true","","","","TRUE","","","","","","","","","","","","","NEVER"
"player_icon_classic_dynamike","","","0","0","","sc/player_icons_1.sc","player_icon_classic_dynamike","3217","","true","","","","TRUE","","","","","","","","","","","","","NEVER"
"player_icon_classic_jessie","","","0","0","","sc/player_icons_1.sc","player_icon_classic_jessie","3218","","true","","","","TRUE","","","","","","","","","","","","","NEVER"
"player_icon_classic_max","","","0","0","","sc/player_icons_1.sc","player_icon_classic_max","3219","","true","","","","TRUE","","","","","","","","","","","","","NEVER"
"player_icon_classic_penny","","","0","0","","sc/player_icons_1.sc","player_icon_classic_penny","3220","","true","","","","TRUE","","","","","","","","","","","","","NEVER"
"player_icon_classic_poco","","","0","0","","sc/player_icons_1.sc","player_icon_classic_poco","3221","","true","","","","TRUE","","","","","","","","","","","","","NEVER"
"player_icon_classic_primo","","","0","0","","sc/player_icons_1.sc","player_icon_classic_primo","3222","","true","","","","TRUE","","","","","","","","","","","","","NEVER"
"player_icon_classic_shelly","","","0","0","","sc/player_icons_1.sc","player_icon_classic_shelly","3223","","true","","","","TRUE","","","","","","","","","","","","","NEVER"
"player_icon_belle_coral","","","0","0","","sc/player_icons_1.sc","player_icon_belle_coral","3224","","true","","","","TRUE","","","","ElectroSniperCoral","TRUE","","","","","","","","NEVER"
"player_icon_crow_crowbone","","","0","0","","sc/player_icons_1.sc","player_icon_crow_crowbone","3225","","true","","","","TRUE","","","","CrowVulture","TRUE","","","","","","","","NEVER"
"player_icon_dynamike_coach_blue","","","0","0","","sc/player_icons_1.sc","player_icon_dynamike_coach_blue","3226","","true","","","","TRUE","","","","TntDudePsg","TRUE","","","","","","","","NEVER"
"player_icon_dynamike_coach_red","","","0","0","","sc/player_icons_1.sc","player_icon_dynamike_coach_red","3227","","true","","","","TRUE","","","","TntDudeFootball","TRUE","","","","","","","","NEVER"
"player_icon_elprimo_dragongreen","","","0","0","","sc/player_icons_1.sc","player_icon_elprimo_dragongreen","3228","","true","","","","TRUE","","","","LuchadorDragon","TRUE","","","","","","","","NEVER"
"player_icon_elprimo_dragonpink","","","0","0","","sc/player_icons_1.sc","player_icon_elprimo_dragonpink","3229","","true","","","","TRUE","","","","LuchadorDragonChroma","TRUE","","","","","","","","NEVER"
"player_icon_elprimo_line","","","0","0","","sc/player_icons_1.sc","player_icon_elprimo_line","3230","","true","","","","TRUE","","","","LuchadorBrown","TRUE","","","","","","","","NEVER"
"player_icon_elprimo_tigro","","","0","0","","sc/player_icons_1.sc","player_icon_elprimo_tigro","3231","","true","","","","TRUE","","","","LuchadorTiger","TRUE","","","","","","","","NEVER"
"player_icon_gale_buster","","","0","0","","sc/player_icons_1.sc","player_icon_gale_buster","3232","","true","","","","TRUE","","","","BlowerBusters","TRUE","","","","","","","","NEVER"
"player_icon_jessie_tanuki","","","0","0","","sc/player_icons_1.sc","player_icon_jessie_tanuki","3233","","true","","","","TRUE","","","","MechanicTanuki","TRUE","","","","","","","","NEVER"
"player_icon_max_line","","","0","0","","sc/player_icons_1.sc","player_icon_max_line","3234","","true","","","","TRUE","","","","SpeedyLine","TRUE","","","","","","","","NEVER"
"player_icon_nani_line","","","0","0","","sc/player_icons_1.sc","player_icon_nani_line","3235","","true","","","","TRUE","","","","ControllerLine","TRUE","","","","","","","","NEVER"
"player_icon_poco_desperado","","","0","0","","sc/player_icons_1.sc","player_icon_poco_desperado","3236","","true","","","","TRUE","","","","DeadMariachiOutlaw","TRUE","","","","","","","","NEVER"
"player_icon_rico_chicken","","","0","0","","sc/player_icons_1.sc","player_icon_rico_chicken","3237","","true","","","","TRUE","","","","TrickshotDudeChicken","TRUE","","","","","","","","NEVER"
"player_icon_rosa_mantis","","","0","0","","sc/player_icons_1.sc","player_icon_rosa_mantis","3238","","true","","","","TRUE","","","","RosaMantis","TRUE","","","","","","","","NEVER"
"player_icon_rt_cultist","","","0","0","","sc/player_icons_1.sc","player_icon_rt_cultist","3239","","true","","","","TRUE","","","","SplitterCultist","TRUE","","","","","","","","NEVER"
"player_icon_sam_caesar","","","0","0","","sc/player_icons_1.sc","player_icon_sam_caesar","3240","","true","","","","TRUE","","","","WeaponThrowerEmperor","TRUE","","","","","","","","NEVER"
"player_icon_sam_yeti","","","0","0","","sc/player_icons_1.sc","player_icon_sam_yeti","3241","","true","","","","TRUE","","","","WeaponThrowerYeti","TRUE","","","","","","","","NEVER"
"player_icon_tara_misfortune","","","0","0","","sc/player_icons_1.sc","player_icon_tara_misfortune","3242","","true","","","","TRUE","","","","BlackHoleMisfortune","TRUE","","","","","","","","NEVER"
"player_icon_barley_overcharge","","","0","0","","sc/player_icons_1.sc","player_icon_barley_overcharge","6031","","true","","","","TRUE","","true","","","","","","Barkeep","","","","","NEVER"
"player_icon_emz_overcharge","","","0","0","","sc/player_icons_1.sc","player_icon_emz_overcharge","6032","","true","","","","TRUE","","true","","","","","","Mummy","","","","","NEVER"
"player_icon_piper_overcharge","","","0","0","","sc/player_icons_1.sc","player_icon_piper_overcharge","6033","","true","","","","TRUE","","true","","","","","","Sniper","","","","","NEVER"
"player_icon_frank_overcharge","","","0","0","","sc/player_icons_1.sc","player_icon_frank_overcharge","6034","","true","","","","TRUE","","true","","","","","","HammerDude","","","","","NEVER"
"player_icon_gale_overcharge","","","0","0","","sc/player_icons_1.sc","player_icon_gale_overcharge","6035","","true","","","","TRUE","","true","","","","","","Blower","","","","","NEVER"
"player_icon_angelo_overcharge","","","0","0","","sc/player_icons_1.sc","player_icon_angelo_overcharge","6036","","true","","","","TRUE","","true","","","","","","InsectMan","","","","","NEVER"
"player_icon_rico_overcharge","","","0","0","","sc/player_icons_1.sc","player_icon_rico_overcharge","6037","","true","","","","TRUE","","true","","","","","","TrickshotDude","","","","","NEVER"
"player_icon_m","","","0","0","","sc/player_icons_1.sc","player_icon_m","3243","true","","","750","19","TRUE","","true","","","","","","","","","","","AVAILABLE"
"player_icon_eagle1","","","0","0","","sc/player_icons_1.sc","player_icon_eagle1","3244","","true","","750","19","TRUE","","","","","","","USA","","","","","","AVAILABLE"
"player_icon_eagle2","","","0","0","","sc/player_icons_1.sc","player_icon_eagle2","3245","","true","","750","19","TRUE","","","","","","","USA","","","","","","AVAILABLE"
"hero82","","","0","0","Crab","sc/player_icons_1.sc","player_icon_clancy","728","","","","","","TRUE","","","","","","","","","","","","","NEVER"
"hero81","","","0","0","Painter","sc/player_icons_1.sc","player_icon_berry","729","","","","","","TRUE","","","","","","","","","","","","","NEVER"
"player_icon_fame_alien","","","0","0","","sc/player_icons_1.sc","player_icon_fame_alien","7007","true","","","","","TRUE","","","","","","","","","","Alien2","","","NEVER"
"player_icon_amber_masked","","","0","0","","sc/player_icons_1.sc","player_icon_amber_masked","3246","","true","","","","TRUE","","","","FireDudeMasked","TRUE","","","","","","","","NEVER"
"player_icon_barley_pirates","","","0","0","","sc/player_icons_1.sc","player_icon_barley_pirates","3247","","true","","","","TRUE","","","","BarkeepPirate","TRUE","","","","","","","","NEVER"
"player_icon_bea_neko_gold","","","0","0","","sc/player_icons_1.sc","player_icon_bea_neko_gold","3248","","true","","","","TRUE","","","","BeeSniperCatGold","TRUE","","","","","","","","NEVER"
"player_icon_berry1","","","0","0","","sc/player_icons_1.sc","player_icon_berry1","2076","true","","","","","TRUE","","","","PainterDefault","TRUE","","","","","","TrophyRewardsPainter","","NEVER"
"player_icon_bo_horus","","","0","0","","sc/player_icons_1.sc","player_icon_bo_horus","3250","","true","","","","TRUE","","","","BowDudeHorus","TRUE","","","","","","","","NEVER"
"player_icon_bonnie_emperor","","","0","0","","sc/player_icons_1.sc","player_icon_bonnie_emperor","3251","","true","","","","TRUE","","","","CannonGirlVillain","TRUE","","","","","","","","NEVER"
"player_icon_bull_greek","","","0","0","","sc/player_icons_1.sc","player_icon_bull_greek","3252","","true","","","","TRUE","","","","BullDudeGreek","TRUE","","","","","","","","NEVER"
"player_icon_bull_hub","","","0","0","","sc/player_icons_1.sc","player_icon_bull_hub","3253","","true","","","","TRUE","","","","BullDudeAlleycat","TRUE","","","","","","","","NEVER"
"player_icon_buzz_candy","","","0","0","","sc/player_icons_1.sc","player_icon_buzz_candy","3254","","true","","","","TRUE","","","","RopeDudeLollipop","TRUE","","","","","","","","NEVER"
"player_icon_clancy1","","","0","0","","sc/player_icons_1.sc","player_icon_clancy1","2077","true","","","","","TRUE","","","","CrabDefault","TRUE","","","","","","TrophyRewardsCrab","","NEVER"
"player_icon_darryl_candy","","","0","0","","sc/player_icons_1.sc","player_icon_darryl_candy","3256","","true","","","","TRUE","","","","BarrelBotCupcake","TRUE","","","","","","","","NEVER"
"player_icon_doug_pirates","","","0","0","","sc/player_icons_1.sc","player_icon_doug_pirates","3257","","true","","","","TRUE","","","","ReviverPirate","TRUE","","","","","","","","NEVER"
"player_icon_edgar_orochi","","","0","0","","sc/player_icons_1.sc","player_icon_edgar_orochi","3258","","true","","","","TRUE","","","","EnragerSnake","TRUE","","","","","","","","NEVER"
"player_icon_elprimo_rey","","","0","0","","sc/player_icons_1.sc","player_icon_elprimo_rey","3259","","true","","","","TRUE","","","","LuchadorRey","TRUE","","","","","","","","NEVER"
"player_icon_emz_greek","","","0","0","","sc/player_icons_1.sc","player_icon_emz_greek","3260","","true","","","","TRUE","","","","MummyGreek","TRUE","","","","","","","","NEVER"
"player_icon_gale_deepsea","","","0","0","","sc/player_icons_1.sc","player_icon_gale_deepsea","3261","","true","","","","TRUE","","","","BlowerDeepsea","TRUE","","","","","","","","NEVER"
"player_icon_janet_valkyrie","","","0","0","","sc/player_icons_1.sc","player_icon_janet_valkyrie","3262","","true","","","","TRUE","","","","JetpackGirlValkyrie","TRUE","","","","","","","","NEVER"
"player_icon_meg_stuntshow","","","0","0","","sc/player_icons_1.sc","player_icon_meg_stuntshow","3263","","true","","","","TRUE","","","","MechaDudeMonsterTruck","TRUE","","","","","","","","NEVER"
"player_icon_melodie_greek","","","0","0","","sc/player_icons_1.sc","player_icon_melodie_greek","3264","","true","","","","TRUE","","","","AxeJugglerGreek","TRUE","","","","","","","","NEVER"
"player_icon_nita_shiba","","","0","0","","sc/player_icons_1.sc","player_icon_nita_shiba","3265","","true","","","","TRUE","","","","ShamanShiba","TRUE","","","","","","","","NEVER"
"player_icon_penny_trashpanda","","","0","0","","sc/player_icons_1.sc","player_icon_penny_trashpanda","3266","","true","","","","TRUE","","","","ArtilleryDudeZombie","TRUE","","","","","","","","NEVER"
"player_icon_piper_greek","","","0","0","","sc/player_icons_1.sc","player_icon_piper_greek","3267","","true","","","","TRUE","","","","SniperGreek","TRUE","","","","","","","","NEVER"
"player_icon_rico_guard","","","0","0","","sc/player_icons_1.sc","player_icon_rico_guard","3268","","true","","","","TRUE","","","","TrickshotDudeBazaar","TRUE","","","","","","","","NEVER"
"player_icon_rico_loaded_hc","","","0","0","","sc/player_icons_1.sc","player_icon_rico_loaded_hc","3269","","true","","","","TRUE","","","","TrickshotDudeKing_remake","TRUE","","","","","","","","NEVER"
"player_icon_rico_loaded_old","","","0","0","","sc/player_icons_1.sc","player_icon_rico_loaded_old","3270","","true","","","","TRUE","","","","TrickshotGold","TRUE","","","","","","","","NEVER"
"player_icon_rico_popcorn","","","0","0","","sc/player_icons_1.sc","player_icon_rico_popcorn","3271","","true","","","","TRUE","","","","TrickshotPopcorn","TRUE","","","","","","","","NEVER"
"player_icon_rt_greek","","","0","0","","sc/player_icons_1.sc","player_icon_rt_greek","3272","","true","","","","TRUE","","","","SplitterGreek","TRUE","","","","","","","","NEVER"
"player_icon_ruff_pirates","","","0","0","","sc/player_icons_1.sc","player_icon_ruff_pirates","3273","","true","","","","TRUE","","","","RuffsPirate","TRUE","","","","","","","","NEVER"
"player_icon_sandy_deepsea","","","0","0","","sc/player_icons_1.sc","player_icon_sandy_deepsea","3274","","true","","","","TRUE","","","","SandstormDeepsea","TRUE","","","","","","","","NEVER"
"player_icon_shelly_star","","","0","0","","sc/player_icons_1.sc","player_icon_shelly_star","3275","","true","","","","TRUE","","","","BanditGirlStar_remake","TRUE","","","","","","","","NEVER"
"player_icon_spike_darklord","","","0","0","","sc/player_icons_1.sc","player_icon_spike_darklord","3276","","true","","","","TRUE","","","","CactusLord","TRUE","","","","","","","","NEVER"
"player_icon_sprout_deepsea","","","0","0","","sc/player_icons_1.sc","player_icon_sprout_deepsea","3277","","true","","","","TRUE","","","","WallyDeepsea","TRUE","","","","","","","","NEVER"
"player_icon_bp_deepsea","","","0","0","","sc/player_icons_1.sc","player_icon_bp_deepsea","3278","true","","","750","19","TRUE","","","","","","","DEEPSEA","","","","","","AVAILABLE"
"player_icon_bp_olympic","","","0","0","","sc/player_icons_1.sc","player_icon_bp_olympic","3279","true","","","750","19","TRUE","","","","","","","OLYMPUS","","","","","","AVAILABLE"
"player_icon_ohlala","","","0","0","","sc/player_icons_1.sc","player_icon_ohlala","3280","","true","","750","19","TRUE","","","","","","","","","","","","","AVAILABLE"
"player_icon_ranked_deepsea","","","0","0","","sc/player_icons_1.sc","player_icon_ranked_deepsea","1037","true","","","","","TRUE","","","","","","","DEEPSEA","","","","","","NEVER"
"player_icon_ranked_olympic","","","0","0","","sc/player_icons_1.sc","player_icon_ranked_olympic","1038","true","","","","","TRUE","","","","","","","OLYMPUS","","","","","","NEVER"
"player_icon_chester_festival","","","0","0","","sc/player_icons_1.sc","player_icon_chester_festival","3281","","true","","","","TRUE","","","","JesterHarvest","TRUE","","","","","","","","NEVER"
"player_icon_crow_festival","","","0","0","","sc/player_icons_1.sc","player_icon_crow_festival","3282","","true","","","","TRUE","","","","CrowHarvest","TRUE","","","","","","","","NEVER"
"player_icon_draco_darkonceupon","","","0","0","","sc/player_icons_1.sc","player_icon_draco_darkonceupon","3283","","true","","","","TRUE","","","","DragonRiderOnceupon","TRUE","","","","","","","","NEVER"
"player_icon_frank_spiritknight","","","0","0","","sc/player_icons_1.sc","player_icon_frank_spiritknight","3284","","true","","","","TRUE","","","","HammerDudeknight","TRUE","","","","","","","","NEVER"
"player_icon_kit_darkonceupon","","","0","0","","sc/player_icons_1.sc","player_icon_kit_darkonceupon","3285","","true","","","","TRUE","","","","AttacherOnceupon","TRUE","","","","","","","","NEVER"
"player_icon_mortis_nightwitch","","","0","0","","sc/player_icons_1.sc","player_icon_mortis_nightwitch","3286","","true","","","","TRUE","","","","UndertakerNightwitch","TRUE","","","","","","","","NEVER"
"player_icon_nani_darkonceupon","","","0","0","","sc/player_icons_1.sc","player_icon_nani_darkonceupon","3287","","true","","","","TRUE","","","","ControllerOnceupon","TRUE","","","","","","","","NEVER"
"player_icon_poco_darkonceupon","","","0","0","","sc/player_icons_1.sc","player_icon_poco_darkonceupon","3288","","true","","","","TRUE","","","","DeadMariachiOnceupon","TRUE","","","","","","","","NEVER"
"player_icon_surge_darkonceupon","","","0","0","","sc/player_icons_1.sc","player_icon_surge_darkonceupon","3289","","true","","","","TRUE","","","","PowerLevelerOnceupon","TRUE","","","","","","","","NEVER"
"player_icon_mandy_darkonceupon","","","0","0","","sc/player_icons_1.sc","player_icon_mandy_darkonceupon","3290","","true","","","","TRUE","","","","BeamerOnceupon","TRUE","","","","","","","","NEVER"
"player_icon_rosa_coco","","","0","0","","sc/player_icons_1.sc","player_icon_rosa_coco","3291","","true","","","","TRUE","","","","RosaCoco","TRUE","","","","","","","","NEVER"
"player_icon_bp_sb","","","0","0","","sc/player_icons_1.sc","player_icon_bp_sb","3292","true","","","","","TRUE","","","","","","","SPONGEBOB","","","","","","NEVER"
"player_icon_ranked_sb","","","0","0","","sc/player_icons_1.sc","player_icon_ranked_sb","1039","true","","","","","TRUE","","","","","","","SPONGEBOB","","","","","","NEVER"
"player_icon_event_sb_1","","","0","0","","sc/player_icons_1.sc","player_icon_event_sb_1","3293","","true","","","","TRUE","","","","","","","SPONGEBOB","","","","","","NEVER"
"player_icon_event_sb_2","","","0","0","","sc/player_icons_1.sc","player_icon_event_sb_2","3294","","true","","","","TRUE","","","","","","","SPONGEBOB","","","","","","NEVER"
"player_icon_event_sb_3","","","0","0","","sc/player_icons_1.sc","player_icon_event_sb_3","3295","","true","","","","TRUE","","","","","","","SPONGEBOB","","","","","","NEVER"
"player_icon_elprimo_sb","","","0","0","","sc/player_icons_1.sc","player_icon_elprimo_sb","3296","","true","","","","TRUE","","","","LuchadorSB","TRUE","","","","","","","","NEVER"
"player_icon_mortis_sb","","","0","0","","sc/player_icons_1.sc","player_icon_mortis_sb","3297","","true","","","","TRUE","","","","UndertakerSB","TRUE","","","","","","","","NEVER"
"player_icon_buzz_sb","","","0","0","","sc/player_icons_1.sc","player_icon_buzz_sb","3298","","true","","","","TRUE","","","","RopeDudeSB","TRUE","","","","","","","","NEVER"
"player_icon_darryl_sb","","","0","0","","sc/player_icons_1.sc","player_icon_darryl_sb","3299","","true","","","","TRUE","","","","BarrelBotSB","TRUE","","","","","","","","NEVER"
"player_icon_fang_esports","","","0","0","","sc/player_icons_1.sc","player_icon_fang_esports","3300","","true","","","","TRUE","","","","KickerDudeWorldfinal","TRUE","","","","","","","","NEVER"
"player_icon_pam_zombies","","","0","0","","sc/player_icons_1.sc","player_icon_pam_zombies","3301","","true","","","","TRUE","","","","MinigunDudeZombie","TRUE","","","","","","","","NEVER"
"hero83","","","0","0","Samurai","sc/player_icons_1.sc","player_icon_samurai","730","","","","","","TRUE","","","","","","","","","","","","","NEVER"
"player_icon_bibi_heroine","","","0","0","","sc/player_icons_1.sc","player_icon_bibi_heroine","3302","","true","","","","TRUE","","","","BaseballGamer","TRUE","","","","","","","","NEVER"
"player_icon_bp_darkonceupon","","","0","0","","sc/player_icons_1.sc","player_icon_bp_darkonceupon","3303","","true","","750","19","TRUE","","","","","","","ONCEUPON","","","","","","AVAILABLE"
"player_icon_buzz_bornbad","","","0","0","","sc/player_icons_1.sc","player_icon_buzz_bornbad","3304","","true","","","","TRUE","","","","RopeDudePunk","TRUE","","","","","","","","NEVER"
"player_icon_digger1","","","0","0","","sc/player_icons_1.sc","player_icon_digger1","2078","true","","","","","TRUE","","","","DiggerDefault","","","","","","","TrophyRewardsDigger","","NEVER"
"player_icon_toxic","","","0","0","","sc/player_icons_1.sc","player_icon_toxic","3305","","true","","","","TRUE","","","","","","","ANGELDEMONS","","","","","","NEVER"
"player_icon_esports_ssg","","","0","0","","sc/player_icons_1.sc","player_icon_esports_ssg","5014","","true","","","","TRUE","","TRUE","","","","","WF_2020","","","","","","NEVER"
"player_icon_event_moon_1","","","0","0","","sc/player_icons_1.sc","player_icon_event_moon_1","3306","","true","","750","19","TRUE","","","","","","","LUNAREVENT","","","","","","AVAILABLE"
"player_icon_event_moon_2","","","0","0","","sc/player_icons_1.sc","player_icon_event_moon_2","3307","","true","","750","19","TRUE","","","","","","","LUNAREVENT","","","","","","AVAILABLE"
"player_icon_amber_scmake","","","0","0","","sc/player_icons_1.sc","player_icon_amber_scmake","3308","","true","","","","TRUE","","","","FireDudeMake","TRUE","","","","","","","","NEVER"
"player_icon_mrp_scmake","","","0","0","","sc/player_icons_1.sc","player_icon_mrp_scmake","3309","","true","","","","TRUE","","","","SpawnerDudeMake","TRUE","","","","","","","","NEVER"
"player_icon_ranked_darkonceupon","","","0","0","","sc/player_icons_1.sc","player_icon_ranked_darkonceupon","3310","","true","","","","TRUE","","","","","","","ONCEUPON","","","","","","NEVER"
"player_icon_samurai1","","","0","0","","sc/player_icons_1.sc","player_icon_samurai1","2079","true","","","","","TRUE","","","","SamuraiDefault","","","","","","","TrophyRewardsSamurai","","NEVER"
"player_icon_necklace_sb","","","0","0","","sc/player_icons_1.sc","player_icon_necklace_sb","3311","","true","","750","19","TRUE","","","","","","","","","","","","","AVAILABLE"
"player_icon_nani_overcharge","","","0","0","","sc/player_icons_1.sc","player_icon_nani_overcharge","6038","","true","","","","TRUE","","true","","","","","","Controller","","","","","NEVER"
"player_icon_surge_overcharge","","","0","0","","sc/player_icons_1.sc","player_icon_surge_overcharge","6039","","true","","","","TRUE","","true","","","","","","PowerLeveler","","","","","NEVER"
"player_icon_poco_overcharge","","","0","0","","sc/player_icons_1.sc","player_icon_poco_overcharge","6040","","true","","","","TRUE","","true","","","","","","DeadMariachi","","","","","NEVER"
"player_icon_mortis_overcharge","","","0","0","","sc/player_icons_1.sc","player_icon_mortis_overcharge","6041","","true","","","","TRUE","","true","","","","","","Undertaker","","","","","NEVER"
"player_icon_squeak_overcharge","","","0","0","","sc/player_icons_1.sc","player_icon_squeak_overcharge","6042","","true","","","","TRUE","","true","","","","","","StickyBomb","","","","","NEVER"
"player_icon_tara_overcharge","","","0","0","","sc/player_icons_1.sc","player_icon_tara_overcharge","6043","","true","","","","TRUE","","true","","","","","","BlackHole","","","","","NEVER"
"hero84","","","0","0","Digger","sc/player_icons_1.sc","player_icon_digger","731","","","","","","TRUE","","","","","","","","","","","","","NEVER"
"player_icon_charlie_rose","","","0","0","","sc/player_icons_1.sc","player_icon_charlie_rose","3312","","true","","","","TRUE","","","","CocoonerRosie","TRUE","","","","","","","","NEVER"
"player_icon_grom_frankengrom","","","0","0","","sc/player_icons_1.sc","player_icon_grom_frankengrom","3313","","true","","","","TRUE","","","","CrossBomberFranken","TRUE","","","","","","","","NEVER"
"player_icon_leon_werewolf","","","0","0","","sc/player_icons_1.sc","player_icon_leon_werewolf","3314","","true","","","","TRUE","","","","NinjaWolf","TRUE","","","","","","","","NEVER"
"player_icon_shelly_witch1","","","0","0","","sc/player_icons_1.sc","player_icon_shelly_witch1","3315","","true","","","","TRUE","","","","ShotgunGirlWitch","TRUE","","","","","","","","NEVER"
"player_icon_stu_headlessrider","","","0","0","","sc/player_icons_1.sc","player_icon_stu_headlessrider","3316","","true","","","","TRUE","","","","RollerHeadless","TRUE","","","","","","","","NEVER"
"player_icon_belle_scmake","","","0","0","","sc/player_icons_1.sc","player_icon_belle_scmake","3317","","true","","","","TRUE","","","","ElectroSniperSCmake","TRUE","","","","","","","","NEVER"
"player_icon_bad_angelsdemons","","","0","0","","sc/player_icons_1.sc","player_icon_bad_angelsdemons","3318","","true","","","","TRUE","","","","","","","ANGELDEMONS","","","","","","NEVER"
"player_icon_colette_angelsdemons","","","0","0","","sc/player_icons_1.sc","player_icon_colette_angelsdemons","3319","","true","","","","TRUE","","","","PercenterChromaDemonRed","TRUE","","","","","","","","NEVER"
"player_icon_colette_trixie","","","0","0","","sc/player_icons_1.sc","player_icon_colette_trixie","3320","","true","","","","TRUE","","","","PercenterTrixie","TRUE","","","","","","","","NEVER"
"player_icon_cordelious_toons","","","0","0","","sc/player_icons_1.sc","player_icon_cordelious_toons","3321","","true","","","","TRUE","","","","DuelistToon","TRUE","","","","","","","","NEVER"
"player_icon_edgar_angelsdemons","","","0","0","","sc/player_icons_1.sc","player_icon_edgar_angelsdemons","3322","","true","","","","TRUE","","","","EnragerAngel","TRUE","","","","","","","","NEVER"
"player_icon_emz_angelsdemons","","","0","0","","sc/player_icons_1.sc","player_icon_emz_angelsdemons","3323","","true","","","","TRUE","","","","MummyDemon","TRUE","","","","","","","","NEVER"
"player_icon_good_angelsdemons","","","0","0","","sc/player_icons_1.sc","player_icon_good_angelsdemons","3324","","true","","","","TRUE","","","","","","","ANGELDEMONS","","","","","","NEVER"
"player_icon_larry_angelsdemons","","","0","0","","sc/player_icons_1.sc","player_icon_larry_angelsdemons","3325","","true","","","","TRUE","","","","TwinsAngel","TRUE","","","","","","","","NEVER"
"player_icon_lily_angelsdemons","","","0","0","","sc/player_icons_1.sc","player_icon_lily_angelsdemons","3326","","true","","","","TRUE","","","","AmbusherAngel","TRUE","","","","","","","","NEVER"
"player_icon_lou_toons","","","0","0","","sc/player_icons_1.sc","player_icon_lou_toons","3327","","true","","","","TRUE","","","","IceDudeToon","TRUE","","","","","","","","NEVER"
"player_icon_maisie_toons","","","0","0","","sc/player_icons_1.sc","player_icon_maisie_toons","3328","","true","","","","TRUE","","","","MaisieToon","TRUE","","","","","","","","NEVER"
"player_icon_mortis_angelsdemons","","","0","0","","sc/player_icons_1.sc","player_icon_mortis_angelsdemons","3329","","true","","","","TRUE","","","","UndertakerDemon","TRUE","","","","","","","","NEVER"
"player_icon_otis_angelsdemons","","","0","0","","sc/player_icons_1.sc","player_icon_otis_angelsdemons","3330","","true","","","","TRUE","","","","SilencerDemon","TRUE","","","","","","","","NEVER"
"player_icon_rosa_toons","","","0","0","","sc/player_icons_1.sc","player_icon_rosa_toons","3331","","true","","","","TRUE","","","","RosaToon","TRUE","","","","","","","","NEVER"
"player_icon_brawl_friends1","","","0","0","","sc/player_icons_1.sc","player_icon_brawl_friends1","3332","","true","","","","TRUE","","","","","","","","","","","","","NEVER"
"player_icon_brawl_friends2","","","0","0","","sc/player_icons_1.sc","player_icon_brawl_friends2","3333","","true","","","","TRUE","","","","","","","","","","","","","NEVER"
"player_icon_brawl_friends3","","","0","0","","sc/player_icons_1.sc","player_icon_brawl_friends3","3334","","true","","","","TRUE","","","","","","","","","","","","","NEVER"
"player_icon_brawl_friends4","","","0","0","","sc/player_icons_1.sc","player_icon_brawl_friends4","3335","","true","","","","TRUE","","","","","","","","","","","","","NEVER"
"player_icon_angelsdemons1","","","0","0","","sc/player_icons_1.sc","player_icon_angelsdemons1","3336","","true","","750","19","TRUE","","","","","","","ANGELDEMONS","","","","","","AVAILABLE"
"player_icon_angelsdemons2","","","0","0","","sc/player_icons_1.sc","player_icon_angelsdemons2","3337","","true","","750","19","TRUE","","","","","","","ANGELDEMONS","","","","","","AVAILABLE"
"player_icon_angelsdemons3","","","0","0","","sc/player_icons_1.sc","player_icon_angelsdemons3","3338","","true","","750","19","TRUE","","","","","","","ANGELDEMONS","","","","","","AVAILABLE"
"player_icon_angelsdemons4","","","0","0","","sc/player_icons_1.sc","player_icon_angelsdemons4","3339","","true","","750","19","TRUE","","","","","","","ANGELDEMONS","","","","","","AVAILABLE"
"player_icon_angelsdemons5","","","0","0","","sc/player_icons_1.sc","player_icon_angelsdemons5","3340","","true","","750","19","TRUE","","","","","","","ANGELDEMONS","","","","","","AVAILABLE"
"player_icon_bp_angelsdemons","","","0","0","","sc/player_icons_1.sc","player_icon_bp_angelsdemons","3341","true","","","750","19","TRUE","","","","","","","ANGELDEMONS","","","","","","AVAILABLE"
"player_icon_bp_toons2","","","0","0","","sc/player_icons_1.sc","player_icon_bp_toons2","3342","true","","","750","19","TRUE","","","","","","","CARTOON","","","","","","AVAILABLE"
"player_icon_max_angelsdemons","","","0","0","","sc/player_icons_1.sc","player_icon_max_angelsdemons","3343","","true","","","","TRUE","","","","SpeedyAngel","TRUE","","","","","","","","NEVER"
"player_icon_ranked_angelsdemons","","","0","0","","sc/player_icons_1.sc","player_icon_ranked_angelsdemons","1040","true","","","","","TRUE","","","","","","","ANGELDEMONS","","","","","","NEVER"
"player_icon_ranked_toons2","","","0","0","","sc/player_icons_1.sc","player_icon_ranked_toons2","1041","true","","","","","TRUE","","","","","","","CARTOON","","","","","","NEVER"
"hero85","","","0","0","Voodoo","sc/player_icons_1.sc","player_icon_juju","733","","","","","","TRUE","","","","","","","","","","","","","NEVER"
"hero86","","","0","0","Ghost","sc/player_icons_1.sc","player_icon_shade","734","","","","","","TRUE","","","","","","","","","","","","","NEVER"
"player_icon_angelsdemons6","","","0","0","","sc/player_icons_1.sc","player_icon_angelsdemons6","3344","","true","","750","19","TRUE","","true","","","","","ANGELDEMONS","","","","","","AVAILABLE"
"player_icon_8bit_overcharge","","","0","0","","sc/player_icons_1.sc","player_icon_8bit_overcharge","6044","","true","","","","TRUE","","true","","","","","","Arcade","","","","","NEVER"
"player_icon_darryl_overcharge","","","0","0","","sc/player_icons_1.sc","player_icon_darryl_overcharge","6045","","true","","","","TRUE","","true","","","","","","BarrelBot","","","","","NEVER"
"player_icon_otis_overcharge","","","0","0","","sc/player_icons_1.sc","player_icon_otis_overcharge","6046","","true","","","","TRUE","","true","","","","","","Silencer","","","","","NEVER"
"player_icon_penny_overcharge","","","0","0","","sc/player_icons_1.sc","player_icon_penny_overcharge","6047","","true","","","","TRUE","","true","","","","","","ArtilleryDude","","","","","NEVER"
"player_icon_ruffs_overcharge","","","0","0","","sc/player_icons_1.sc","player_icon_ruffs_overcharge","6048","","true","","","","TRUE","","true","","","","","","Ruffs","","","","","NEVER"
"player_icon_stu_overcharge","","","0","0","","sc/player_icons_1.sc","player_icon_stu_overcharge","6049","","true","","","","TRUE","","true","","","","","","Roller","","","","","NEVER"
"player_icon_juju1","","","0","0","","sc/player_icons_1.sc","player_icon_juju1","2080","true","","","","","TRUE","","","","VoodooDefault","","","","","","","TrophyRewardsVoodoo","","NEVER"
"player_icon_shade1","","","0","0","","sc/player_icons_1.sc","player_icon_shade1","2081","true","","","","","TRUE","","","","GhostDefault","","","","","","","TrophyRewardsGhost","","NEVER"
"player_icon_colt_angelsdemons","","","0","0","","sc/player_icons_1.sc","player_icon_colt_angelsdemons","3345","","true","","","","TRUE","","","","GunslingerDarkAngelChroma","TRUE","","","","","","","","NEVER"
"player_icon_blingstar","","","0","0","","sc/player_icons_1.sc","player_icon_blingstar","3346","","true","","750","19","TRUE","","","","","","","PROPASS","","","","","","AVAILABLE"
"player_icon_willow_angelsdemons","","","0","0","","sc/player_icons_1.sc","player_icon_willow_angelsdemons","3347","","true","","","","TRUE","","","","PuppeteerDemon","TRUE","","","","","","","","NEVER"
"player_icon_fang_furious","","","0","0","","sc/player_icons_1.sc","player_icon_fang_furious","3348","","true","","","","TRUE","","","","KickerDudeFurious","TRUE","","","","","","","","NEVER"
"player_icon_moe_alt","","","0","0","Digger","sc/player_icons_1.sc","player_icon_moe_alt","732","","","","","","TRUE","","","","","","","","","","","","","NEVER"
"player_icon_lola_lavish","","","0","0","","sc/player_icons_1.sc","player_icon_lola_lavish","3351","","true","","","","TRUE","","","","DuplicatorChola","TRUE","","","","","","","","NEVER"
"player_icon_zombiebox","","","0","0","","sc/player_icons_1.sc","player_icon_zombiebox","3352","","true","","","","TRUE","","","","","","","","","","","","","NEVER"
"player_icon_gus_champion","","","0","0","","sc/player_icons_1.sc","player_icon_gus_champion","3353","","true","","","","TRUE","","","","SoulCollectorworldfinals","TRUE","","","","","","","","NEVER"
"player_icon_bestfoodever","","","0","0","","sc/player_icons_1.sc","player_icon_bestfoodever","3354","","true","","","","TRUE","","","","","","","","","","","","","NEVER"
"player_icon_jessie_dragonknight","","","0","0","","sc/player_icons_1.sc","player_icon_jessie_dragonknight","3355","","true","","","","TRUE","","","","MechanicKnight","TRUE","","","","","","","","NEVER"
"player_icon_jessie_shadowknight","","","0","0","","sc/player_icons_1.sc","player_icon_jessie_shadowknight","3356","","true","","","","TRUE","","","","MechanicDefault","TRUE","","","","","","","","NEVER"
"player_icon_bonnie_xmas","","","0","0","","sc/player_icons_1.sc","player_icon_bonnie_xmas","3357","","true","","","","TRUE","","","","CannonGirlChristmas","TRUE","","BRAWLIDAYS","","","","","","NEVER"
"player_icon_gray_starrforce","","","0","0","","sc/player_icons_1.sc","player_icon_gray_starrforce","3358","","true","","","","TRUE","","","","DoorManStarrForce","TRUE","","STARRFORCE","","","","","","NEVER"
"player_icon_penny_toy","","","0","0","","sc/player_icons_1.sc","player_icon_penny_toy","3359","","true","","","","TRUE","","","","ArtilleryGalToy","TRUE","","","","","","","","NEVER"
"player_icon_bp_goodrandoms","","","0","0","","sc/player_icons_1.sc","player_icon_bp_goodrandoms","3360","true","","","750","19","TRUE","","","","","","","GOODRANDOMS","","","","","","AVAILABLE"
"player_icon_starrforce1","","","0","0","","sc/player_icons_1.sc","player_icon_starrforce1","3361","","true","","750","19","TRUE","","","","","","","STARRFORCE","","","","","","AVAILABLE"
"player_icon_starrforce2","","","0","0","","sc/player_icons_1.sc","player_icon_starrforce2","3362","","true","","750","19","TRUE","","","","","","","STARRFORCE","","","","","","AVAILABLE"
"player_icon_starrforce3","","","0","0","","sc/player_icons_1.sc","player_icon_starrforce3","3363","","true","","750","19","TRUE","","","","","","","STARRFORCE","","","","","","AVAILABLE"
"player_icon_ts_bibi","","","0","0","","sc/player_icons_1.sc","player_icon_ts_bibi","3364","","true","","","","TRUE","","","","BaseballBopeep","TRUE","","TOYSTORY","","","","","","NEVER"
"hero87","","","0","0","Lightyear","sc/player_icons_1.sc","player_icon_lightyear","3365","","","","","","TRUE","","","","","","","","","","","","","NEVER"
"player_icon_ts_colt","","","0","0","","sc/player_icons_1.sc","player_icon_ts_colt","3366","","true","","","","TRUE","","","","GunSlingerWoody","TRUE","","TOYSTORY","","","","","","NEVER"
"player_icon_ts_shark","","","0","0","","sc/player_icons_1.sc","player_icon_ts_shark","3367","","true","","","","TRUE","","","","","","","TOYSTORY","","","","","","NEVER"
"player_icon_ts_surge","","","0","0","","sc/player_icons_1.sc","player_icon_ts_surge","3368","","true","","","","TRUE","","","","PowerLevelerBuzz","TRUE","","TOYSTORY","","","","","","NEVER"
"player_icon_bp_starrforce","","","0","0","","sc/player_icons_1.sc","player_icon_bp_starrforce","3369","true","","","750","19","TRUE","","","","","","","STARRFORCE","","","","","","AVAILABLE"
"player_icon_eve_starrforce","","","0","0","","sc/player_icons_1.sc","player_icon_eve_starrforce","3370","","true","","","","TRUE","","","","FleaStarrForce","TRUE","","STARRFORCE","","","","","","NEVER"
"player_icon_kenji_starrforce","","","0","0","","sc/player_icons_1.sc","player_icon_kenji_starrforce","3371","","true","","","","TRUE","","","","SamuraiStarrForce","TRUE","","STARRFORCE","","","","","","NEVER"
"player_icon_lola_toy","","","0","0","","sc/player_icons_1.sc","player_icon_lola_toy","3372","","true","","","","TRUE","","","","DuplicatorGiftsToy","TRUE","","","","","","","","NEVER"
"player_icon_moe_starrforce","","","0","0","","sc/player_icons_1.sc","player_icon_moe_starrforce","3373","","true","","","","TRUE","","","","DiggerStarrForce","TRUE","","STARRFORCE","","","","","","NEVER"
"player_icon_starrforce4","","","0","0","","sc/player_icons_1.sc","player_icon_starrforce4","3374","","true","","750","19","TRUE","","","","","","","STARRFORCE","","","","","","AVAILABLE"
"player_icon_ranked_goodrandoms","","","0","0","","sc/player_icons_1.sc","player_icon_ranked_goodrandoms","1042","true","","","","","TRUE","","","","","","","GOODRANDOMS","","","","","","NEVER"
"player_icon_ranked_starrforce","","","0","0","","sc/player_icons_1.sc","player_icon_ranked_starrforce","1043","true","","","","","TRUE","","","","","","","STARRFORCE","","","","","","NEVER"
"player_icon_toystory_appicon","","","0","0","","sc/player_icons_1.sc","player_icon_toystory_appicon","3375","","true","","","","TRUE","","","","","","","TOYSTORY","","","","","","NEVER"
"player_icon_ts_buzz","","","0","0","","sc/player_icons_1.sc","player_icon_ts_buzz","3376","true","","","","","TRUE","","","","","","","TOYSTORY","","","","","","NEVER"
"player_icon_buzz_goodrandoms","","","0","0","","sc/player_icons_1.sc","player_icon_buzz_goodrandoms","3377","","true","","","","TRUE","","","","RopeDudeGoodRandoms","TRUE","","GOODRANDOMS","","","","","","NEVER"
"player_icon_melody_goodrandoms","","","0","0","","sc/player_icons_1.sc","player_icon_melody_goodrandoms","3378","","true","","","","TRUE","","","","AxeJugglerGoodRandoms","TRUE","","GOODRANDOMS","","","","","","NEVER"
"player_icon_poco_goodrandoms","","","0","0","","sc/player_icons_1.sc","player_icon_poco_goodrandoms","3379","","true","","","","TRUE","","","","DeadMariachiGoodRandoms","TRUE","","GOODRANDOMS","","","","","","NEVER"
"player_icon_brawlentine2024_1","","","0","0","","sc/player_icons_1.sc","player_icon_brawlentine2024_1","3380","","true","","750","19","TRUE","","","","","","","BRAWLENTINES","","","","","","AVAILABLE"
"player_icon_brawlentine2024_2","","","0","0","","sc/player_icons_1.sc","player_icon_brawlentine2024_2","3381","","true","","750","19","TRUE","","","","","","","BRAWLENTINES","","","","","","AVAILABLE"
"player_icon_ts_boot","","","0","0","","sc/player_icons_1.sc","player_icon_ts_boot","3382","","true","","","","TRUE","","","","","","","TOYSTORY","","","","","","NEVER"
"player_icon_toys1","","","0","0","","sc/player_icons_1.sc","player_icon_toys1","3383","","true","","750","19","TRUE","","","","","","","TOYS","","","","","","AVAILABLE"
"player_icon_toys2","","","0","0","","sc/player_icons_1.sc","player_icon_toys2","3384","","true","","750","19","TRUE","","","","","","","TOYS","","","","","","AVAILABLE"
"player_icon_starrforce5","","","0","0","","sc/player_icons_1.sc","player_icon_starrforce5","3385","","true","","750","19","TRUE","","","","","","","STARRFORCE","","","","","","AVAILABLE"
"player_icon_starrforce6","","","0","0","","sc/player_icons_1.sc","player_icon_starrforce6","3386","","true","","750","19","TRUE","","","","","","","STARRFORCE","","","","","","AVAILABLE"
"player_icon_toys3","","","0","0","","sc/player_icons_1.sc","player_icon_toys3","3387","","true","","750","19","TRUE","","","","","","","TOYS","","","","","","AVAILABLE"
"player_icon_champie_gingerbread","","","0","0","","sc/player_icons_1.sc","player_icon_champie_gingerbread","3388","","true","","","","TRUE","","","","","","","BRAWLIDAYS","","","","","","NEVER"
"hero88","","","0","0","Meeple","sc/player_icons_1.sc","player_icon_meeple","735","","","","","","TRUE","","","","","","","","","","","","","NEVER"
"hero89","","","0","0","Skater","sc/player_icons_1.sc","player_icon_ollie","736","","","","","","TRUE","","","","","","","","","","","","","NEVER"
"player_icon_berry_overcharge","","","0","0","","sc/player_icons_1.sc","player_icon_berry_overcharge","6050","","true","","","","TRUE","","true","","","","","","Painter","","","","","NEVER"
"player_icon_melody_overcharge","","","0","0","","sc/player_icons_1.sc","player_icon_melody_overcharge","6051","","true","","","","TRUE","","true","","","","","","AxeJuggler","","","","","NEVER"
"player_icon_ash_overcharge","","","0","0","","sc/player_icons_1.sc","player_icon_ash_overcharge","6052","","true","","","","TRUE","","true","","","","","","Knight","","","","","NEVER"
"player_icon_eve_overcharge","","","0","0","","sc/player_icons_1.sc","player_icon_eve_overcharge","6053","","true","","","","TRUE","","true","","","","","","Flea","","","","","NEVER"
"player_icon_janet_overcharge","","","0","0","","sc/player_icons_1.sc","player_icon_janet_overcharge","6054","","true","","","","TRUE","","true","","","","","","JetpackGirl","","","","","NEVER"
"player_icon_gray_overcharge","","","0","0","","sc/player_icons_1.sc","player_icon_gray_overcharge","6055","","true","","","","TRUE","","true","","","","","","DoorMan","","","","","NEVER"
"player_icon_ollie1","","","0","0","","sc/player_icons_1.sc","player_icon_ollie1","2082","true","","","","","TRUE","","","","SkaterDefault","","","","","","","TrophyRewardsSkater","","NEVER"
"player_icon_leon_esports","","","0","0","","sc/player_icons_1.sc","player_icon_leon_esports","3389","","true","","","","TRUE","","","","NinjaChampionship","TRUE","","WF_2020","","","","","","NEVER"
"player_icon_spike_cake","","","0","0","","sc/player_icons_1.sc","player_icon_spike_cake","3390","","true","","","","TRUE","","","","","","","MISC","","","","","","NEVER"
"player_icon_spike_demonfire1","","","0","0","","sc/player_icons_1.sc","player_icon_spike_demonfire1","3391","","true","","","","TRUE","","","","","","","MISC","","","","","","NEVER"
"player_icon_spike_demonfire2","","","0","0","","sc/player_icons_1.sc","player_icon_spike_demonfire2","3392","","true","","","","TRUE","","","","","","","MISC","","","","","","NEVER"
"player_icon_lny24_1","","","0","0","","sc/player_icons_1.sc","player_icon_lny24_1","3393","","true","","750","19","TRUE","","","","","","","LNY","","","","","","AVAILABLE"
"player_icon_lny24_2","","","0","0","","sc/player_icons_1.sc","player_icon_lny24_2","3394","","true","","750","19","TRUE","","","","","","","LNY","","","","","","AVAILABLE"
"player_icon_lny24_3","","","0","0","","sc/player_icons_1.sc","player_icon_lny24_3","3395","","true","","750","19","TRUE","","","","","","","LNY","","","","","","AVAILABLE"
"player_icon_lny24_4","","","0","0","","sc/player_icons_1.sc","player_icon_lny24_4","3396","","true","","750","19","TRUE","","","","","","","LNY","","","","","","AVAILABLE"
"player_icon_lny24_5","","","0","0","","sc/player_icons_1.sc","player_icon_lny24_5","3397","","true","","750","19","TRUE","","","","","","","LNY","","","","","","AVAILABLE"
"player_icon_lny24_6","","","0","0","","sc/player_icons_1.sc","player_icon_lny24_6","3398","","true","","750","19","TRUE","","","","","","","LNY","","","","","","AVAILABLE"
"player_icon_meeple1","","","0","0","","sc/player_icons_1.sc","player_icon_meeple1","2083","true","","","","","TRUE","","","","MeepleDefault","","","","","","","TrophyRewardsMeeple","","NEVER"
"player_icon_berry_starrforce","","","0","0","","sc/player_icons_1.sc","player_icon_berry_starrforce","3399","","true","","","","TRUE","","","","PainterStarrForce","TRUE","","STARRFORCE","","","","","","NEVER"
"player_icon_anniversary6","","","0","0","","sc/player_icons_1.sc","player_icon_anniversary6","3400","","true","","","","TRUE","","","","","","","CANDYLAND","","","","","","NEVER"
"player_icon_carl_biker","","","0","0","","sc/player_icons_1.sc","player_icon_carl_biker","3401","","true","","","","TRUE","","","","WhirlwindBiker","TRUE","","","","","","","","NEVER"
"player_icon_ruffs_ronin","","","0","0","","sc/player_icons_1.sc","player_icon_ruffs_ronin","3402","","true","","","","TRUE","","","","RuffsRonin","TRUE","","","","","","","","NEVER"
"player_icon_gale_nutcracker","","","0","0","","sc/player_icons_1.sc","player_icon_gale_nutcracker","3403","","true","","","","TRUE","","","","BlowerNutcracker","TRUE","","BRAWLIDAYS","","","","","","NEVER"
"player_icon_tara_ragequit","","","0","0","","sc/player_icons_1.sc","player_icon_tara_ragequit","3404","","true","","","","TRUE","","","","BlackHoleWorldfinal","TRUE","","","","","","","","NEVER"
"player_icon_rosa_major","","","0","0","","sc/player_icons_1.sc","player_icon_rosa_major","3405","","true","","","","TRUE","","","","RosaBP","TRUE","","","","","","","","NEVER"
"player_icon_maisie_junglequeen","","","0","0","","sc/player_icons_1.sc","player_icon_maisie_junglequeen","3406","","true","","","","TRUE","","","","MaisieSnake","TRUE","","","","","","","","NEVER"
"player_icon_colt_challenger","","","0","0","","sc/player_icons_1.sc","player_icon_colt_challenger","3407","","true","","","","TRUE","","","","GunslingerPlayer","TRUE","","","","","","","","NEVER"
"player_icon_colt_corsair","","","0","0","","sc/player_icons_1.sc","player_icon_colt_corsair","3408","","true","","","","TRUE","","","","GunslingerPirate","TRUE","","","","","","","","NEVER"
"player_icon_carl_captain","","","0","0","","sc/player_icons_1.sc","player_icon_carl_captain","3409","","true","","","","TRUE","","","","WhirlwindPirate","TRUE","","","","","","","","NEVER"
"player_icon_carl_captain_dark","","","0","0","","sc/player_icons_1.sc","player_icon_carl_captain_dark","3410","","true","","","","TRUE","","","","WhirlwindDefault","TRUE","","","","","","","","NEVER"
"player_icon_bull_starrforce","","","0","0","","sc/player_icons_1.sc","player_icon_bull_starrforce","3411","","true","","","","TRUE","","","","BullDudeOx","TRUE","","","","","","","","NEVER"
"player_icon_ash_ninja","","","0","0","","sc/player_icons_1.sc","player_icon_ash_ninja","3412","","true","","","","TRUE","","","","KnightNinja","TRUE","","","","","","","","NEVER"
"player_icon_belle_goldhand","","","0","0","","sc/player_icons_1.sc","player_icon_belle_goldhand","3413","","true","","","","TRUE","","","","ElectroSniperBoss","TRUE","","","","","","","","NEVER"
"player_icon_brock_liondance","","","0","0","","sc/player_icons_1.sc","player_icon_brock_liondance","3414","","true","","","","TRUE","","","","RocketGirlCny","TRUE","","","","","","","","NEVER"
"player_icon_jessie_catburglar","","","0","0","","sc/player_icons_1.sc","player_icon_jessie_catburglar","3415","","true","","","","TRUE","","","","MechanicThief","TRUE","","","","","","","","NEVER"
"player_icon_mandy_carneval","","","0","0","","sc/player_icons_1.sc","player_icon_mandy_carneval","3416","","true","","","","TRUE","","","","BeamerCarnival","TRUE","","","","","","","","NEVER"
"player_icon_surge_scarlet_paladin","","","0","0","","sc/player_icons_1.sc","player_icon_surge_scarlet_paladin","3417","","true","","","","TRUE","","","","PowerLevelerKnight","TRUE","","","","","","","","NEVER"
"player_icon_uno1","","","0","0","","sc/player_icons_1.sc","player_icon_uno1","3418","","true","","","","TRUE","","","","","","","UNO","","","","","","NEVER"
"player_icon_uno2","","","0","0","","sc/player_icons_1.sc","player_icon_uno2","3419","","true","","","","TRUE","","","","","","","UNO","","","","","","NEVER"
"player_icon_uno3","","","0","0","","sc/player_icons_1.sc","player_icon_uno3","3420","","true","","","","TRUE","","","","","","","UNO","","","","","","NEVER"
"player_icon_super1","","","0","0","","sc/player_icons_1.sc","player_icon_super1","3421","","true","","750","19","TRUE","","","","","","","SUPERHEROES","","","","","","AVAILABLE"
"player_icon_bp_sandsoftime2","","","0","0","","sc/player_icons_1.sc","player_icon_bp_sandsoftime2","3422","true","","","750","19","TRUE","","","","","","","DARKSANDS","","","","","","AVAILABLE"
"player_icon_bp_super","","","0","0","","sc/player_icons_1.sc","player_icon_bp_super","3423","true","","","750","19","TRUE","","","","","","","SUPERHEROES","","","","","","AVAILABLE"
"player_icon_leek","","","0","0","","sc/player_icons_1.sc","player_icon_leek","3424","","true","","","","TRUE","","","","","","","MEAL","","","","","","NEVER"
"player_icon_sandsoftime1","","","0","0","","sc/player_icons_1.sc","player_icon_sandsoftime1","3425","","true","","750","19","TRUE","","","","","","","DARKSANDS","","","","","","AVAILABLE"
"player_icon_sandsoftime3","","","0","0","","sc/player_icons_1.sc","player_icon_sandsoftime3","3426","","true","","750","19","TRUE","","","","","","","DARKSANDS","","","","","","AVAILABLE"
"player_icon_sandsoftime4","","","0","0","","sc/player_icons_1.sc","player_icon_sandsoftime4","3427","","true","","750","19","TRUE","","","","","","","DARKSANDS","","","","","","AVAILABLE"
"player_icon_ranked_sandsoftime2","","","0","0","","sc/player_icons_1.sc","player_icon_ranked_sandsoftime2","1044","true","","","","","TRUE","","","","","","","RANKED","","","","","","NEVER"
"player_icon_ranked_super","","","0","0","","sc/player_icons_1.sc","player_icon_ranked_super","1045","true","","","","","TRUE","","","","","","","RANKED","","","","","","NEVER"
"player_icon_bo_valentine_kiss","","","0","0","","sc/player_icons_1.sc","player_icon_bo_valentine_kiss","3428","","true","","750","19","TRUE","","","","","","","BRAWLENTINES","","","","","","AVAILABLE"
"player_icon_geng","","","0","0","","sc/player_icons_1.sc","player_icon_geng","3429","","true","","","","TRUE","","TRUE","","","","","WF_2020","","","","","","NEVER"
"player_icon_heretics","","","0","0","","sc/player_icons_1.sc","player_icon_heretics","3430","","true","","","","TRUE","","TRUE","","","","","WF_2020","","","","","","NEVER"
"player_icon_loud","","","0","0","","sc/player_icons_1.sc","player_icon_loud","3431","","true","","","","TRUE","","TRUE","","","","","WF_2020","","","","","","NEVER"
"player_icon_lumi1","","","0","0","","sc/player_icons_1.sc","player_icon_lumi1","2084","true","","","","","TRUE","","","","MorningstarDefault","","","","","","","TrophyRewardsMorningstar","","NEVER"
"player_icon_mandy_magma","","","0","0","","sc/player_icons_1.sc","player_icon_mandy_magma","3432","","true","","","","TRUE","","","","BeamerLavaQueen","TRUE","","","","","","","","NEVER"
"player_icon_mrbat1","","","0","0","","sc/player_icons_1.sc","player_icon_mrbat1","3433","","true","","750","19","TRUE","","","","","","","MISC","","","","","","AVAILABLE"
"player_icon_mrbat2","","","0","0","","sc/player_icons_1.sc","player_icon_mrbat2","3434","","true","","750","19","TRUE","","","","","","","MISC","","","","","","AVAILABLE"
"player_icon_ollie_darksands","","","0","0","","sc/player_icons_1.sc","player_icon_ollie_darksands","3435","","true","","","","TRUE","","","","SkaterSandsOfTimes","TRUE","","DARKSANDS","","","","","","NEVER"
"player_icon_moai","","","0","0","","sc/player_icons_1.sc","player_icon_moai","3436","","true","","","","TRUE","","","","","","","PROPASS","","","","","","NEVER"
"player_icon_appicon_60","","","0","0","","sc/player_icons_1.sc","player_icon_appicon_60","3437","","true","","","","TRUE","","","","","","","PROPASS","","","","","","NEVER"
"player_icon_sam_overcharge","","","0","0","","sc/player_icons_1.sc","player_icon_sam_overcharge","6056","","true","","","","TRUE","","true","","","","","","WeaponThrower","","","","","NEVER"
"player_icon_buster_overcharge","","","0","0","","sc/player_icons_1.sc","player_icon_buster_overcharge","6057","","true","","","","TRUE","","true","","","","","","ShieldTank","","","","","NEVER"
"player_icon_grom_overcharge","","","0","0","","sc/player_icons_1.sc","player_icon_grom_overcharge","6058","","true","","","","TRUE","","true","","","","","","CrossBomber","","","","","NEVER"
"player_icon_lola_overcharge","","","0","0","","sc/player_icons_1.sc","player_icon_lola_overcharge","6059","","true","","","","TRUE","","true","","","","","","Duplicator","","","","","NEVER"
"player_icon_chester_overcharge","","","0","0","","sc/player_icons_1.sc","player_icon_chester_overcharge","6060","","true","","","","TRUE","","true","","","","","","Jester","","","","","NEVER"
"player_icon_mandy_overcharge","","","0","0","","sc/player_icons_1.sc","player_icon_mandy_overcharge","6061","","true","","","","TRUE","","true","","","","","","Beamer","","","","","NEVER"
"player_icon_mrp_overcharge","","","0","0","","sc/player_icons_1.sc","player_icon_mrp_overcharge","6062","","true","","","","TRUE","","true","","","","","","SpawnerDude","","","","","NEVER"
"player_icon_meg_overcharge","","","0","0","","sc/player_icons_1.sc","player_icon_meg_overcharge","6063","","true","","","","TRUE","","true","","","","","","MechaDude","","","","","NEVER"
"player_icon_bea_overcharge","","","0","0","","sc/player_icons_1.sc","player_icon_bea_overcharge","6064","","true","","","","TRUE","","true","","","","","","BeeSniper","","","","","NEVER"
"player_icon_bo_overcharge","","","0","0","","sc/player_icons_1.sc","player_icon_bo_overcharge","6065","","true","","","","TRUE","","true","","","","","","BowDude","","","","","NEVER"
"player_icon_hank_overcharge","","","0","0","","sc/player_icons_1.sc","player_icon_hank_overcharge","6066","","true","","","","TRUE","","true","","","","","","FishTank","","","","","NEVER"
"player_icon_carl_overcharge","","","0","0","","sc/player_icons_1.sc","player_icon_carl_overcharge","6067","","true","","","","TRUE","","true","","","","","","Whirlwind","","","","","NEVER"
"player_icon_carl_surfer","","","0","0","","sc/player_icons_1.sc","player_icon_carl_surfer","3438","","true","","","","TRUE","","","","WhirlwindSurfer","TRUE","","","","","","","","NEVER"
"player_icon_chuck_superheroes","","","0","0","","sc/player_icons_1.sc","player_icon_chuck_superheroes","3439","","true","","","","TRUE","","","","ConductorSupercellMake","TRUE","","SUPERHEROES","","","","","","NEVER"
"player_icon_colette_gladiator","","","0","0","","sc/player_icons_1.sc","player_icon_colette_gladiator","3440","","true","","","","TRUE","","","","PercenterGladiator","TRUE","","","","","","","","NEVER"
"player_icon_colt_jadeagent","","","0","0","","sc/player_icons_1.sc","player_icon_colt_jadeagent","3441","","true","","","","TRUE","","","","GunslingerRoyalAgent","TRUE","","","","","","","","NEVER"
"player_icon_colt_royalagent","","","0","0","","sc/player_icons_1.sc","player_icon_colt_royalagent","3442","","true","","","","TRUE","","","","GunSlingerHanbok","TRUE","","","","","","","","NEVER"
"player_icon_cordelius_sporemind","","","0","0","","sc/player_icons_1.sc","player_icon_cordelius_sporemind","3443","","true","","","","TRUE","","","","DuelistBrain","TRUE","","","","","","","","NEVER"
"player_icon_darryl_megabox","","","0","0","","sc/player_icons_1.sc","player_icon_darryl_megabox","3444","","true","","","","TRUE","","","","BarrelBotMegabox","TRUE","","","","","","","","NEVER"
"player_icon_darryl_omegabox","","","0","0","","sc/player_icons_1.sc","player_icon_darryl_omegabox","3445","","true","","","","TRUE","","","","BarrelBotOmegabox","TRUE","","","","","","","","NEVER"
"player_icon_edgar_doctor","","","0","0","","sc/player_icons_1.sc","player_icon_edgar_doctor","3446","","true","","","","TRUE","","","","EnragerVine","TRUE","","","","","","","","NEVER"
"player_icon_eve_spiky","","","0","0","","sc/player_icons_1.sc","player_icon_eve_spiky","3447","","true","","","","TRUE","","","","FleaSpaceCactus","TRUE","","","","","","","","NEVER"
"player_icon_gale_merchant","","","0","0","","sc/player_icons_1.sc","player_icon_gale_merchant","3448","","true","","","","TRUE","","","","BlowerTrader","TRUE","","","","","","","","NEVER"
"player_icon_lou_king","","","0","0","","sc/player_icons_1.sc","player_icon_lou_king","3449","","true","","","","TRUE","","","","IceDudeKing","TRUE","","","","","","","","NEVER"
"player_icon_nita_rednose","","","0","0","","sc/player_icons_1.sc","player_icon_nita_rednose","3450","","true","","","","TRUE","","","","ShamanReindeer","TRUE","","","","","","","","NEVER"
"player_icon_nita_reinbear","","","0","0","","sc/player_icons_1.sc","player_icon_nita_reinbear","3451","","true","","","","TRUE","","","","ShamanChristmas","TRUE","","","","","","","","NEVER"
"player_icon_otis_pharaotis","","","0","0","","sc/player_icons_1.sc","player_icon_otis_pharaotis","3452","","true","","","","TRUE","","","","SilencerPharaoh","TRUE","","","","","","","","NEVER"
"player_icon_pam_aprilfools","","","0","0","","sc/player_icons_1.sc","player_icon_pam_aprilfools","3453","","true","","","","TRUE","","","","MinigunDudeAprilFools","TRUE","","","","","","","","NEVER"
"player_icon_pearl_periscope","","","0","0","","sc/player_icons_1.sc","player_icon_pearl_periscope","3454","","true","","","","TRUE","","","","CookerDeepsea","TRUE","","","","","","","","NEVER"
"player_icon_rico_aprilfools","","","0","0","","sc/player_icons_1.sc","player_icon_rico_aprilfools","3455","","true","","","","TRUE","","","","TrickshotDudeAprilFools","TRUE","","","","","","","","NEVER"
"player_icon_sandy_lantern","","","0","0","","sc/player_icons_1.sc","player_icon_sandy_lantern","3456","","true","","","","TRUE","","","","SandstormLantern","TRUE","","","","","","","","NEVER"
"player_icon_super2","","","0","0","","sc/player_icons_1.sc","player_icon_super2","3457","","true","","","","TRUE","","","","","","","SUPERHEROES","","","","","","NEVER"
"player_icon_grom_superheroes","","","0","0","","sc/player_icons_1.sc","player_icon_grom_superheroes","3458","","true","","","","TRUE","","","","CrossBomberSupercellMake","TRUE","","SUPERHEROES","","","","","","NEVER"
"player_icon_finx1","","","0","0","","sc/player_icons_1.sc","player_icon_finx1","2085","true","","","","","TRUE","","","","ChronomancerDefault","","","","","","","TrophyRewardsChronomancer","","NEVER"
"player_icon_carl_superheroes","","","0","0","","sc/player_icons_1.sc","player_icon_carl_superheroes","3459","","true","","","","TRUE","","","","WhirlwindSupercellMake","TRUE","","SUPERHEROES","","","","","","NEVER"
"player_icon_colt_propass","","","0","0","","sc/player_icons_1.sc","player_icon_colt_propass","3460","","true","","","","TRUE","","","","GunSlinger2025RankedProgrsesionSkinLevel1","TRUE","","PROPASS","","","","","","NEVER"
"player_icon_bibi_superheroes","","","0","0","","sc/player_icons_1.sc","player_icon_bibi_superheroes","3461","","true","","","","TRUE","","","","BaseballVillain","TRUE","","SUPERHEROES","","","","","","NEVER"
"player_icon_janet_superheroes","","","0","0","","sc/player_icons_1.sc","player_icon_janet_superheroes","3462","","true","","","","TRUE","","","","JetpackGirlSupercellMake","TRUE","","SUPERHEROES","","","","","","NEVER"
"player_icon_buster_superheroes","","","0","0","","sc/player_icons_1.sc","player_icon_buster_superheroes","3463","","true","","","","TRUE","","","","ShieldTankSupercellMake","TRUE","","SUPERHEROES","","","","","","NEVER"
"player_icon_sam_superheroes","","","0","0","","sc/player_icons_1.sc","player_icon_sam_superheroes","3464","","true","","","","TRUE","","","","WeaponThrowerSupercellMake","TRUE","","SUPERHEROES","","","","","","NEVER"
"hero90","","","0","0","Chronomancer","sc/player_icons_1.sc","player_icon_finx","737","","","","","","TRUE","","","","","","","","","","","","","NEVER"
"hero91","","","0","0","Morningstar","sc/player_icons_1.sc","player_icon_lumi","738","","","","","","TRUE","","","","","","","","","","","","","NEVER"
"player_icon_propass","","","0","0","","sc/player_icons_1.sc","player_icon_propass","3465","","true","","","","TRUE","","","","","","","PROPASS","","","","","","NEVER"
"player_icon_appicon_60_skull","","","0","0","","sc/player_icons_1.sc","player_icon_appicon_60_skull","3466","","true","","","","TRUE","","","","","","","RANKED","","","","","","NEVER"
"player_icon_carneval25","","","0","0","","sc/player_icons_1.sc","player_icon_carneval25","3467","","true","","750","19","TRUE","","","","","","","CARNAVAL","","","","","","AVAILABLE"
"player_icon_mystery_valentinekiss","","","0","0","","sc/player_icons_1.sc","player_icon_mystery_valentinekiss","3468","","true","","","","TRUE","","","","","","","BRAWLENTINES","","","","","","NEVER"
"player_icon_hmm","","","0","0","","sc/player_icons_1.sc","player_icon_hmm","3469","","true","","750","19","TRUE","","","","","","","MISC","","","","","","AVAILABLE"
"player_icon_squeak_darksands","","","0","0","","sc/player_icons_1.sc","player_icon_squeak_darksands","3470","","true","","","","TRUE","","","","StickyBombSandsOfTimes","TRUE","","DARKSANDS","","","","","","NEVER"
"player_icon_franke_darksands","","","0","0","","sc/player_icons_1.sc","player_icon_franke_darksands","3471","","true","","","","TRUE","","","","HammerDudeSandsOfTimes","TRUE","","DARKSANDS","","","","","","NEVER"
"player_icon_meeple_darksands","","","0","0","","sc/player_icons_1.sc","player_icon_meeple_darksands","3472","","true","","","","TRUE","","","","MeepleSandsOfTimes","TRUE","","DARKSANDS","","","","","","NEVER"
"player_icon_chester_uno","","","0","0","","sc/player_icons_1.sc","player_icon_chester_uno","3473","","true","","","","TRUE","","","","JesterUno","TRUE","","UNO","","","","","","NEVER"
"player_icon_goodrandomsbull","","","0","0","","sc/player_icons_1.sc","player_icon_goodrandomsbull","3474","","true","","750","19","TRUE","","","","","","","MISC","","","","","","AVAILABLE"
"player_icon_goodrandomsedgar","","","0","0","","sc/player_icons_1.sc","player_icon_goodrandomsedgar","3475","","true","","","","TRUE","","","","","","","MISC","","","","","","NEVER"
"player_icon_feudaljapan_bentobox","","","0","0","","sc/player_icons_1.sc","player_icon_feudaljapan_bentobox","3476","","true","","750","19","TRUE","","","","","","","FEUDALJAPAN","","","","","","AVAILABLE"
"player_icon_boba_nita","","","0","0","","sc/player_icons_1.sc","player_icon_boba_nita","3477","","true","","750","19","TRUE","","","","","","","FEUDALJAPAN","","","","","","AVAILABLE"
"player_icon_boba_spike","","","0","0","","sc/player_icons_1.sc","player_icon_boba_spike","3478","","true","","750","19","TRUE","","","","","","","FEUDALJAPAN","","","","","","AVAILABLE"
"player_icon_boba_squeak","","","0","0","","sc/player_icons_1.sc","player_icon_boba_squeak","3479","","true","","750","19","TRUE","","","","","","","FEUDALJAPAN","","","","","","AVAILABLE"
"player_icon_boba_tick","","","0","0","","sc/player_icons_1.sc","player_icon_boba_tick","3480","","true","","750","19","TRUE","","","","","","","FEUDALJAPAN","","","","","","AVAILABLE"
"player_icon_bp_feudaljapan","","","0","0","","sc/player_icons_1.sc","player_icon_bp_feudaljapan","3481","true","","","750","19","TRUE","","","","","","","FEUDALJAPAN","","","","","","AVAILABLE"
"player_icon_bp_kaiju","","","0","0","","sc/player_icons_1.sc","player_icon_bp_kaiju","3482","true","","","750","19","TRUE","","","","","","","KAIJU","","","","","","AVAILABLE"
"player_icon_feudaljapan_octopuss","","","0","0","","sc/player_icons_1.sc","player_icon_feudaljapan_octopuss","3483","","true","","750","19","TRUE","","","","","","","FEUDALJAPAN","","","","","","AVAILABLE"
"player_icon_sakuraspike","","","0","0","","sc/player_icons_1.sc","player_icon_sakuraspike","3484","","true","","750","19","TRUE","","","","","","","FEUDALJAPAN","","","","","","AVAILABLE"
"player_icon_samurai_robot1","","","0","0","","sc/player_icons_1.sc","player_icon_samurai_robot1","3485","","true","","","","TRUE","","","","","","","FEUDALJAPAN","","","","","","NEVER"
"player_icon_samurai_robot2","","","0","0","","sc/player_icons_1.sc","player_icon_samurai_robot2","3486","","true","","750","19","TRUE","","","","","","","FEUDALJAPAN","","","","","","AVAILABLE"
"player_icon_samurai_robot3","","","0","0","","sc/player_icons_1.sc","player_icon_samurai_robot3","3487","","true","","750","19","TRUE","","","","","","","FEUDALJAPAN","","","","","","AVAILABLE"
"hero92","","","0","0","Geisha","sc/player_icons_1.sc","player_icon_kaze","739","","","","","","TRUE","","","","","","","","","","","","","NEVER"
"hero93","","","0","0","Alternator","sc/player_icons_1.sc","player_icon_jae","740","","","","","","TRUE","","","","","","","","","","","","","NEVER"
"player_icon_moba_bluebase","","","0","0","","sc/player_icons_1.sc","player_icon_moba_bluebase","3488","","true","","750","19","TRUE","","","","","","","MISC","","","","","","AVAILABLE"
"player_icon_kaiju_eye","","","0","0","","sc/player_icons_1.sc","player_icon_kaiju_eye","3489","","true","","750","19","TRUE","","","","","","","KAIJU","","","","","","AVAILABLE"
"player_icon_edgar_kaiju","","","0","0","","sc/player_icons_1.sc","player_icon_edgar_kaiju","3490","","true","","","","TRUE","","","","EnragerKaiju","TRUE","","","","","","","","NEVER"
"player_icon_feudaljapan_koi","","","0","0","","sc/player_icons_1.sc","player_icon_feudaljapan_koi","3491","","true","","","","TRUE","","","","","","","FEUDALJAPAN","","","","","","NEVER"
"player_icon_kaiju_disc","","","0","0","","sc/player_icons_1.sc","player_icon_kaiju_disc","3492","","true","","750","19","TRUE","","","","","","","KAIJU","","","","","","AVAILABLE"
"player_icon_moba_redbase","","","0","0","","sc/player_icons_1.sc","player_icon_moba_redbase","3493","","true","","750","19","TRUE","","","","","","","MISC","","","","","","AVAILABLE"
"player_icon_moba_blueturret","","","0","0","","sc/player_icons_1.sc","player_icon_moba_blueturret","3494","","true","","750","19","TRUE","","","","","","","MISC","","","","","","AVAILABLE"
"player_icon_moba_boss","","","0","0","","sc/player_icons_1.sc","player_icon_moba_boss","3495","","true","","750","19","TRUE","","","","","","","KAIJU","","","","","","AVAILABLE"
"player_icon_feudaljapan_sushi","","","0","0","","sc/player_icons_1.sc","player_icon_feudaljapan_sushi","3496","","true","","750","19","TRUE","","","","","","","FEUDALJAPAN","","","","","","AVAILABLE"
"player_icon_feudaljapan_statue","","","0","0","","sc/player_icons_1.sc","player_icon_feudaljapan_statue","3497","","true","","750","19","TRUE","","","","","","","FEUDALJAPAN","","","","","","AVAILABLE"
"player_icon_moba_shape","","","0","0","","sc/player_icons_1.sc","player_icon_moba_shape","3498","","true","","750","19","TRUE","","","","","","","MISC","","","","","","AVAILABLE"
"player_icon_colette_kaiju","","","0","0","","sc/player_icons_1.sc","player_icon_colette_kaiju","3499","","true","","","","TRUE","","","","PercenterKaiju","TRUE","","","","","","","","NEVER"
"player_icon_miku_kaiju","","","0","0","","sc/player_icons_1.sc","player_icon_miku_kaiju","3500","","true","","","","TRUE","","","","LeaperKaiju","TRUE","","","","","","","","NEVER"
"player_icon_griff_kaiju","","","0","0","","sc/player_icons_1.sc","player_icon_griff_kaiju","3501","","true","","","","TRUE","","","","AssaultShotgunKaiju","TRUE","","","","","","","","NEVER"
"player_icon_buster_chainsaw","","","0","0","","sc/player_icons_1.sc","player_icon_buster_chainsaw","3502","","true","","","","TRUE","","","","ShieldTankChainsaw","TRUE","","","","","","","","NEVER"
"player_icon_gray_feudaljapan","","","0","0","","sc/player_icons_1.sc","player_icon_gray_feudaljapan","3503","","true","","","","TRUE","","","","DoorManJapan","TRUE","","","","","","","","NEVER"
"player_icon_piper_feudaljapan","","","0","0","","sc/player_icons_1.sc","player_icon_piper_feudaljapan","3504","","true","","","","TRUE","","","","SniperJapan","TRUE","","","","","","","","NEVER"
"player_icon_sprout_feudaljapan","","","0","0","","sc/player_icons_1.sc","player_icon_sprout_feudaljapan","3505","","true","","","","TRUE","","","","WallyJapan","TRUE","","","","","","","","NEVER"
"player_icon_kaze_green","","","0","0","","sc/player_icons_1.sc","player_icon_kaze_green","2086","true","","","","","TRUE","","","","GeishaDefault","","","","","","","","","NEVER"
"player_icon_geisha_assassin","","","0","0","","sc/player_icons_1.sc","player_icon_geisha_assassin","3506","","true","","","","TRUE","","","","","","","FEUDALJAPAN","","","","","","NEVER"
"player_icon_geisha1","","","0","0","","sc/player_icons_1.sc","player_icon_geisha1","3507","","true","","","","TRUE","","","","","","","FEUDALJAPAN","","","","TrophyRewardsGeisha","","NEVER"
"player_icon_frank_christmas","","","0","0","","sc/player_icons_1.sc","player_icon_frank_christmas","3508","","true","","","","TRUE","","","","HammerDudeXmas","TRUE","","","","","","","","NEVER"
"player_icon_willow_overcharge","","","0","0","","sc/player_icons_1.sc","player_icon_willow_overcharge","6068","","true","","","","TRUE","","true","","","","","","Puppeteer","","","","","NEVER"
"player_icon_kenji_overcharge","","","0","0","","sc/player_icons_1.sc","player_icon_kenji_overcharge","6069","","true","","","","TRUE","","true","","","","","","Samurai","","","","","NEVER"
"player_icon_gus_overcharge","","","0","0","","sc/player_icons_1.sc","player_icon_gus_overcharge","6070","","true","","","","TRUE","","true","","","","","","SoulCollector","","","","","NEVER"
"player_icon_lily_overcharge","","","0","0","","sc/player_icons_1.sc","player_icon_lily_overcharge","6071","","true","","","","TRUE","","true","","","","","","Ambusher","","","","","NEVER"
"player_icon_griff_overcharge","","","0","0","","sc/player_icons_1.sc","player_icon_griff_overcharge","6072","","true","","","","TRUE","","true","","","","","","AssaultShotgun","","","","","NEVER"
"player_icon_clancy_overcharge","","","0","0","","sc/player_icons_1.sc","player_icon_clancy_overcharge","6073","","true","","","","TRUE","","true","","","","","","Crab","","","","","NEVER"
"player_icon_amber_overcharge","","","0","0","","sc/player_icons_1.sc","player_icon_amber_overcharge","6074","","true","","","","TRUE","","true","","","","","","FireDude","","","","","NEVER"
"player_icon_kaze_overcharge","","","0","0","","sc/player_icons_1.sc","player_icon_kaze_overcharge","6075","","true","","","","TRUE","","true","","","","","","Geisha","","","","","NEVER"
"player_icon_tara_feudaljapan","","","0","0","","sc/player_icons_1.sc","player_icon_tara_feudaljapan","3509","","true","","","","TRUE","","","","BlackHoleJapan","TRUE","","","","","","","","NEVER"
"player_icon_finx_kaiju","","","0","0","","sc/player_icons_1.sc","player_icon_finx_kaiju","3510","","true","","","","TRUE","","","","ChronomancerKaiju","TRUE","","","","","","","","NEVER"
"player_icon_jae1","","","0","0","","sc/player_icons_1.sc","player_icon_jae1","2087","true","","","","","TRUE","","","","AlternatorDefault","","","","","","","TrophyRewardsAlternator","","NEVER"
"player_icon_angelo_feudaljapan","","","0","0","","sc/player_icons_1.sc","player_icon_angelo_feudaljapan","3511","","true","","","","TRUE","","","","InsectManJapan","TRUE","","","","","","","","NEVER"
"player_icon_kenji_feudaljapan","","","0","0","","sc/player_icons_1.sc","player_icon_kenji_feudaljapan","3512","","true","","","","TRUE","","","","SamuraiJapan","TRUE","","","","","","","","NEVER"
"player_icon_griff_christmas","","","0","0","","sc/player_icons_1.sc","player_icon_griff_christmas","3513","","true","","","","TRUE","","","","AssaultShotgunSled","TRUE","","","","","","","","NEVER"
"player_icon_ash_ninja_red","","","0","0","","sc/player_icons_1.sc","player_icon_ash_ninja_red","3514","","true","","","","TRUE","","","","KnightJapan","TRUE","","","","","","","","NEVER"
"player_icon_sheep","","","0","0","","sc/player_icons_1.sc","player_icon_sheep","3515","","true","","750","19","TRUE","","","","","","","MISC","","","","","","AVAILABLE"
"player_icon_angel_star","","","0","0","","sc/player_icons_1.sc","player_icon_angel_star","3516","","true","","750","19","TRUE","","","","","","","ANGELDEMONS","","","","","","AVAILABLE"
"player_icon_angeldemon_eye","","","0","0","","sc/player_icons_1.sc","player_icon_angeldemon_eye","3517","","true","","750","19","TRUE","","","","","","","ANGELDEMONS","","","","","","AVAILABLE"
"player_icon_angeldemon_robot","","","0","0","","sc/player_icons_1.sc","player_icon_angeldemon_robot","3518","","true","","750","19","TRUE","","","","","","","ANGELDEMONS","","","","","","AVAILABLE"
"player_icon_angeldemon_robot2","","","0","0","","sc/player_icons_1.sc","player_icon_angeldemon_robot2","3519","","true","","750","19","TRUE","","","","","","","ANGELDEMONS","","","","","","AVAILABLE"
"player_icon_angeldemon_skull","","","0","0","","sc/player_icons_1.sc","player_icon_angeldemon_skull","3520","","true","","750","19","TRUE","","","","","","","ANGELDEMONS","","","","","","AVAILABLE"
"player_icon_berry_darkgreek","","","0","0","","sc/player_icons_1.sc","player_icon_berry_darkgreek","3521","","true","","","","TRUE","","","","PainterGreekGod","TRUE","","","","","","","","NEVER"
"player_icon_bp_darkgreek","","","0","0","","sc/player_icons_1.sc","player_icon_bp_darkgreek","3522","true","","","750","19","TRUE","","","","","","","DARKGREEK","","","","","","AVAILABLE"
"player_icon_bp_fantasy","","","0","0","","sc/player_icons_1.sc","player_icon_bp_fantasy","3523","true","","","750","19","TRUE","","","","","","","FANTASY","","","","","","AVAILABLE"
"player_icon_demon_star","","","0","0","","sc/player_icons_1.sc","player_icon_demon_star","3524","","true","","750","19","TRUE","","","","","","","ANGELDEMONS","","","","","","AVAILABLE"
"player_icon_doug_fantasy","","","0","0","","sc/player_icons_1.sc","player_icon_doug_fantasy","3525","","true","","","","TRUE","","","","ReviverFantasy","TRUE","","","","","","","","NEVER"
"player_icon_esports_neon1","","","0","0","","sc/player_icons_1.sc","player_icon_esports_neon1","3526","","true","","","","TRUE","","","","","","","WF_2020","","","","","","NEVER"
"player_icon_esports_neon2","","","0","0","","sc/player_icons_1.sc","player_icon_esports_neon2","3527","","true","","","","TRUE","","","","","","","WF_2020","","","","","","NEVER"
"player_icon_fantasy_critical1","","","0","0","","sc/player_icons_1.sc","player_icon_fantasy_critical1","3528","","true","","","","TRUE","","","","","","","FANTASY","","","","","","NEVER"
"player_icon_fantasy_knight","","","0","0","","sc/player_icons_1.sc","player_icon_fantasy_knight","3529","","true","","","","TRUE","","","","","","","FANTASY","","","","","","NEVER"
"player_icon_fantasy_knight1","","","0","0","","sc/player_icons_1.sc","player_icon_fantasy_knight1","3530","","true","","","","TRUE","","","","","","","FANTASY","","","","","","NEVER"
"player_icon_gus_demon","","","0","0","","sc/player_icons_1.sc","player_icon_gus_demon","3531","","true","","","","TRUE","","","","SoulCollectorDemon","TRUE","","","","","","","","NEVER"
"player_icon_jacky_fantasy","","","0","0","","sc/player_icons_1.sc","player_icon_jacky_fantasy","3532","","true","","","","TRUE","","","","DrillerFantasy","TRUE","","","","","","","","NEVER"
"player_icon_propass_kit","","","0","0","","sc/player_icons_1.sc","player_icon_propass_kit","3533","","true","","","","TRUE","","","","","","","PROPASS","","","","","","NEVER"
"player_icon_propass_melody","","","0","0","","sc/player_icons_1.sc","player_icon_propass_melody","3534","","true","","","","TRUE","","","","","","","PROPASS","","","","","","NEVER"
"player_icon_propass_spikecaster","","","0","0","","sc/player_icons_1.sc","player_icon_propass_spikecaster","3535","","true","","","","TRUE","","","","","","","PROPASS","","","","","","NEVER"
"player_icon_dragonden","","","0","0","","sc/player_icons_1.sc","player_icon_dragonden","3536","","true","","750","19","TRUE","","","","","","","FANTASY","","","","","","AVAILABLE"
"player_icon_fantasy_dragon","","","0","0","","sc/player_icons_1.sc","player_icon_fantasy_dragon","3537","","true","","","","TRUE","","","","","","","FANTASY","","","","","","NEVER"
"player_icon_greek_cannon","","","0","0","","sc/player_icons_1.sc","player_icon_greek_cannon","3538","","true","","750","19","TRUE","","","","","","","OLYMPUS","","","","","","AVAILABLE"
"player_icon_greek_pomegranate","","","0","0","","sc/player_icons_1.sc","player_icon_greek_pomegranate","3539","","true","","750","19","TRUE","","","","","","","DARKGREEK","","","","","","AVAILABLE"
"player_icon_removedmastery","","","0","0","","sc/player_icons_1.sc","player_icon_removedmastery","3540","","true","","","","TRUE","","","","","","","MISC","","","","","","NEVER"
"player_icon_cctvcamera","","","0","0","","sc/player_icons_1.sc","player_icon_cctvcamera","3541","","true","","","","TRUE","","","","","","","MISC","","","","","","NEVER"
"player_icon_champi_knight","","","0","0","","sc/player_icons_1.sc","player_icon_champi_knight","3542","","true","","","","TRUE","","","","","","","FANTASY","","","","","","NEVER"
"player_icon_records","","","0","0","","sc/player_icons_1.sc","player_icon_records","3543","","true","","","","TRUE","","","","","","","MISC","","","","","","NEVER"
"hero94","","","0","0","Domain","sc/player_icons_1.sc","player_icon_trunk","741","","","","","","TRUE","","","","","","","","","","","","","NEVER"
"player_icon_kit_overcharge","","","0","0","","sc/player_icons_1.sc","player_icon_kit_overcharge","6076","","true","","","","TRUE","","true","","","","","","Attacher","","","","","NEVER"
"player_icon_draco_overcharge","","","0","0","","sc/player_icons_1.sc","player_icon_draco_overcharge","6077","","true","","","","TRUE","","true","","","","","","DragonRider","","","","","NEVER"
"player_icon_moe_overcharge","","","0","0","","sc/player_icons_1.sc","player_icon_moe_overcharge","6078","","true","","","","TRUE","","true","","","","","","Digger","","","","","NEVER"
"player_icon_bonnie_overcharge","","","0","0","","sc/player_icons_1.sc","player_icon_bonnie_overcharge","6079","","true","","","","TRUE","","true","","","","","","CannonGirl","","","","","NEVER"
"player_icon_shade_overcharge","","","0","0","","sc/player_icons_1.sc","player_icon_shade_overcharge","6080","","true","","","","TRUE","","true","","","","","","Ghost","","","","","NEVER"
"player_icon_chuck_overcharge","","","0","0","","sc/player_icons_1.sc","player_icon_chuck_overcharge","6081","","true","","","","TRUE","","true","","","","","","Conductor","","","","","NEVER"
"player_icon_lumi_overcharge","","","0","0","","sc/player_icons_1.sc","player_icon_lumi_overcharge","6082","","true","","","","TRUE","","true","","","","","","Morningstar","","","","","NEVER"
"player_icon_rt_overcharge","","","0","0","","sc/player_icons_1.sc","player_icon_rt_overcharge","6083","","true","","","","TRUE","","true","","","","","","Splitter","","","","","NEVER"
"player_icon_doug_overcharge","","","0","0","","sc/player_icons_1.sc","player_icon_doug_overcharge","6084","","true","","","","TRUE","","true","","","","","","Reviver","","","","","NEVER"
"player_icon_trunk1","","","0","0","","sc/player_icons_1.sc","player_icon_trunk1","2088","true","","","","","TRUE","","","","DomainDefault","","","","","","","TrophyRewardsDomain","","NEVER"
"player_icon_8bit_angeldemon","","","0","0","","sc/player_icons_1.sc","player_icon_8bit_angeldemon","3544","","true","","","","TRUE","","","","ArcadeAngel","TRUE","","","","","","","","NEVER"
"player_icon_alli1","","","0","0","","sc/player_icons_1.sc","player_icon_alli1","2089","true","","","","","TRUE","","","","StalkerDefault","","","","","","","TrophyRewardsStalker","","NEVER"
"player_icon_amber_fantasy","","","0","0","","sc/player_icons_1.sc","player_icon_amber_fantasy","3545","","true","","","","TRUE","","","","FireDudeFantasy","TRUE","","","","","","","","NEVER"
"player_icon_belle_fantasy","","","0","0","","sc/player_icons_1.sc","player_icon_belle_fantasy","3546","","true","","","","TRUE","","","","ElectroSniperFantasy","TRUE","","","","","","","","NEVER"
"player_icon_bo_fantasy","","","0","0","","sc/player_icons_1.sc","player_icon_bo_fantasy","3547","","true","","","","TRUE","","","","BowDudeFantasy","TRUE","","","","","","","","NEVER"
"player_icon_bull_angeldemon","","","0","0","","sc/player_icons_1.sc","player_icon_bull_angeldemon","3548","","true","","","","TRUE","","","","BullDudeDemon","TRUE","","","","","","","","NEVER"
"player_icon_darryl_darkgreek","","","0","0","","sc/player_icons_1.sc","player_icon_darryl_darkgreek","3549","","true","","","","TRUE","","","","BarrelBotGreekGod","TRUE","","","","","","","","NEVER"
"player_icon_dynamike_classic","","","0","0","","sc/player_icons_1.sc","player_icon_dynamike_classic","3550","","true","","","","TRUE","","","","TntDudeRetro","TRUE","","","","","","","","NEVER"
"player_icon_dynamike_moldy","","","0","0","","sc/player_icons_1.sc","player_icon_dynamike_moldy","3551","","true","","","","TRUE","","","","TntDudeToxic","TRUE","","","","","","","","NEVER"
"player_icon_dynamike_propass","","","0","0","","sc/player_icons_1.sc","player_icon_dynamike_propass","3552","","true","","","","TRUE","","","","TntGuyProgressionSkinLevel1","TRUE","","","","","","","","NEVER"
"player_icon_jessie_scstore","","","0","0","","sc/player_icons_1.sc","player_icon_jessie_scstore","3553","","true","","","","TRUE","","","","MechanicSCStore","TRUE","","","","","","","","NEVER"
"player_icon_lily_fantasy","","","0","0","","sc/player_icons_1.sc","player_icon_lily_fantasy","3554","","true","","","","TRUE","","","","AmbusherFantasy","TRUE","","","","","","","","NEVER"
"player_icon_sandy_darkgreek","","","0","0","","sc/player_icons_1.sc","player_icon_sandy_darkgreek","3555","","true","","","","TRUE","","","","SandstormGreekGod","TRUE","","","","","","","","NEVER"
"hero95","","","0","0","Stalker","sc/player_icons_1.sc","player_icon_alli","742","","","","","","TRUE","","","","","","","","","","","","","NEVER"
"player_icon_mortis_darkgreek","","","0","0","","sc/player_icons_1.sc","player_icon_mortis_darkgreek","3556","","true","","","","TRUE","","","","UndertakerGreekGod","TRUE","","","","","","","","NEVER"
"player_icon_meg_angeldemon","","","0","0","","sc/player_icons_1.sc","player_icon_meg_angeldemon","3557","","true","","","","TRUE","","","","MechaDudeAngel","TRUE","","","","","","","","NEVER"
"player_icon_greek_zeustemple","","","0","0","","sc/player_icons_1.sc","player_icon_greek_zeustemple","3558","","true","","","","TRUE","","","","","","","OLYMPUS","","","","","","NEVER"
"player_icon_greek_hadestemple","","","0","0","","sc/player_icons_1.sc","player_icon_greek_hadestemple","3559","","true","","750","19","TRUE","","","","","","","DARKGREEK","","","","","","AVAILABLE"
"player_icon_fantasy_knight3","","","0","0","","sc/player_icons_1.sc","player_icon_fantasy_knight3","3560","","true","","","","TRUE","","","","","","","FANTASY","","","","","","NEVER"
"player_icon_starrpark_logo","","","0","0","","sc/player_icons_1.sc","player_icon_starrpark_logo","3561","","true","","750","19","TRUE","","","","","","","MISC","","","","","","AVAILABLE"
"player_icon_buster_angeldemon","","","0","0","","sc/player_icons_1.sc","player_icon_buster_angeldemon","3562","","true","","","","TRUE","","","","ShieldTankAngel","TRUE","","","","","","","","NEVER"
"player_icon_fang_demon","","","0","0","","sc/player_icons_1.sc","player_icon_fang_demon","3563","","true","","","","TRUE","","","","KickerDudeDemon","TRUE","","","","","","","","NEVER"
"player_icon_wall_mortis_stuck","","","0","0","","sc/player_icons_1.sc","player_icon_wall_mortis_stuck","3564","","true","","750","19","TRUE","","","","","","","MISC","","","","","","AVAILABLE"
"player_icon_wall_mortis_stuck_butt","","","0","0","","sc/player_icons_1.sc","player_icon_wall_mortis_stuck_butt","3565","","true","","750","19","TRUE","","","","","","","MISC","","","","","","AVAILABLE"
"hero96","","","0","0","Dancer","sc/player_icons_1.sc","player_icon_mina","743","","","","","","TRUE","","","","","","","","","","","","","NEVER"
"hero97","","","0","0","Fury","sc/player_icons_1.sc","player_icon_ziggy","744","","","","","","TRUE","","","","","","","","","","","","","NEVER"
"player_icon_brasil_10","","","0","0","","sc/player_icons_1.sc","player_icon_brasil_10","3566","","true","","","","TRUE","","","","","","","CARRETA","","","","","","NEVER"
"player_icon_brasil_ball","","","0","0","","sc/player_icons_1.sc","player_icon_brasil_ball","3567","","true","","","","TRUE","","","","","","","CARRETA","","","","","","NEVER"
"player_icon_carreta_bottle","","","0","0","","sc/player_icons_1.sc","player_icon_carreta_bottle","3568","","true","","750","19","TRUE","","","","","","","CARRETA","","","","","","AVAILABLE"
"player_icon_carreta_primo","","","0","0","","sc/player_icons_1.sc","player_icon_carreta_primo","3569","","true","","","","TRUE","","","","","","","CARRETA","","","","","","NEVER"
"player_icon_halloween_box","","","0","0","","sc/player_icons_1.sc","player_icon_halloween_box","3570","","true","","","","TRUE","","","","","","","BRAWLOWEEN","","","","","","NEVER"
"player_icon_mina_box","","","0","0","","sc/player_icons_1.sc","player_icon_mina_box","3571","","true","","","","TRUE","","","","","","","BOXES","","","","","","NEVER"
"player_icon_street_box","","","0","0","","sc/player_icons_1.sc","player_icon_street_box","3572","","true","","","","TRUE","","","","","","","SUBWAY","","","","","","NEVER"
"player_icon_street_grafitti","","","0","0","","sc/player_icons_1.sc","player_icon_street_grafitti","3573","","true","","","","TRUE","","","","","","","SUBWAY","","","","","","NEVER"
"player_icon_street_obstacle","","","0","0","","sc/player_icons_1.sc","player_icon_street_obstacle","3574","","true","","","","TRUE","","","","","","","SUBWAY","","","","","","NEVER"
"player_icon_street_speed","","","0","0","","sc/player_icons_1.sc","player_icon_street_speed","3575","","true","","","","TRUE","","","","","","","SUBWAY","","","","","","NEVER"
"player_icon_street_spike","","","0","0","","sc/player_icons_1.sc","player_icon_street_spike","3576","","true","","","","TRUE","","","","","","","SUBWAY","","","","","","NEVER"
"player_icon_ziggy_box","","","0","0","","sc/player_icons_1.sc","player_icon_ziggy_box","3577","","true","","","","TRUE","","","","","","","BOXES","","","","","","NEVER"
"player_icon_bp_brawloween25","","","0","0","","sc/player_icons_1.sc","player_icon_bp_brawloween25","3578","true","","","","","TRUE","","","","","","","BRAWLOWEEN","","","","","","NEVER"
"player_icon_bp_graffiti","","","0","0","","sc/player_icons_1.sc","player_icon_bp_graffiti","3579","true","","","750","19","TRUE","","","","","","","STREET","","","","","","AVAILABLE"
"player_icon_spike_carreta","","","0","0","","sc/player_icons_1.sc","player_icon_spike_carreta","3580","","true","","","","TRUE","","","","CactusCarreta","TRUE","","","","","","","","NEVER"
"player_icon_street_magnet","","","0","0","","sc/player_icons_1.sc","player_icon_street_magnet","3581","","true","","","","TRUE","","","","","","","SUBWAY","","","","","","NEVER"
"player_icon_street_shoe","","","0","0","","sc/player_icons_1.sc","player_icon_street_shoe","3582","","true","","","","TRUE","","","","","","","SUBWAY","","","","","","NEVER"
"player_icon_bea_brawloween25","","","0","0","","sc/player_icons_1.sc","player_icon_bea_brawloween25","3583","","true","","","","TRUE","","","","BeeSniperBrawloween","TRUE","","","","","","","","NEVER"
"player_icon_brawloween_brain","","","0","0","","sc/player_icons_1.sc","player_icon_brawloween_brain","3584","","true","","","","TRUE","","","","","","","BRAWLOWEEN","","","","","","NEVER"
"player_icon_brawloween25_scarecrow","","","0","0","","sc/player_icons_1.sc","player_icon_brawloween25_scarecrow","3585","","true","","","","TRUE","","","","","","","BRAWLOWEEN","","","","","","NEVER"
"player_icon_brawloween25_scythe","","","0","0","","sc/player_icons_1.sc","player_icon_brawloween25_scythe","3586","","true","","","","TRUE","","","","","","","BRAWLOWEEN","","","","","","NEVER"
"player_icon_brawloween25_trick","","","0","0","","sc/player_icons_1.sc","player_icon_brawloween25_trick","3587","","true","","","","TRUE","","","","","","","BRAWLOWEEN","","","","","","NEVER"
"player_icon_crow_brawloween25","","","0","0","","sc/player_icons_1.sc","player_icon_crow_brawloween25","3588","","true","","","","TRUE","","","","CrowBrawloween","TRUE","","","","","","","","NEVER"
"player_icon_rico_brawloween25","","","0","0","","sc/player_icons_1.sc","player_icon_rico_brawloween25","3589","","true","","","","TRUE","","","","TrickshotBrawloween","TRUE","","","","","","","","NEVER"
"player_icon_rt_brawloween25","","","0","0","","sc/player_icons_1.sc","player_icon_rt_brawloween25","3590","","true","","","","TRUE","","","","SplitterBrawloween","TRUE","","","","","","","","NEVER"
"player_icon_ruffs_brawloween25","","","0","0","","sc/player_icons_1.sc","player_icon_ruffs_brawloween25","3591","","true","","","","TRUE","","","","RuffsBrawloween","TRUE","","","","","","","","NEVER"
"player_icon_tick_brawloween25","","","0","0","","sc/player_icons_1.sc","player_icon_tick_brawloween25","3592","","true","","","","TRUE","","","","ClusterBombBrawloween","TRUE","","","","","","","","NEVER"
"player_icon_barley_university","","","0","0","","sc/player_icons_1.sc","player_icon_barley_university","3593","","true","","","","TRUE","","","","BarkeepBrawlAcademy","TRUE","","","","","","","","NEVER"
"player_icon_buzz_scstore","","","0","0","","sc/player_icons_1.sc","player_icon_buzz_scstore","3594","","true","","","","TRUE","","","","RopeDudeSpc","TRUE","","","","","","","","NEVER"
"player_icon_byron_street","","","0","0","","sc/player_icons_1.sc","player_icon_byron_street","3595","","true","","","","TRUE","","","","SnakeOilSurfer","TRUE","","","","","","","","NEVER"
"player_icon_carl_carreta","","","0","0","","sc/player_icons_1.sc","player_icon_carl_carreta","3596","","true","","","","TRUE","","","","WhirlwindCarreta","TRUE","","","","","","","","NEVER"
"player_icon_chester_university","","","0","0","","sc/player_icons_1.sc","player_icon_chester_university","3597","","true","","","","TRUE","","","","JesterBrawlAcademy","TRUE","","","","","","","","NEVER"
"player_icon_emz_street","","","0","0","","sc/player_icons_1.sc","player_icon_emz_street","3598","","true","","","","TRUE","","","","MummySurfer","TRUE","","","","","","","","NEVER"
"player_icon_hank_street","","","0","0","","sc/player_icons_1.sc","player_icon_hank_street","3599","","true","","","","TRUE","","","","FishTankSurfer","TRUE","","","","","","","","NEVER"
"player_icon_hc_poco_street","","","0","0","","sc/player_icons_1.sc","player_icon_hc_poco_street","3600","","true","","","","TRUE","","","","PocoSurferOvercharge","TRUE","","","","","","","","NEVER"
"player_icon_janet_street","","","0","0","","sc/player_icons_1.sc","player_icon_janet_street","3601","","true","","","","TRUE","","","","JetpackGirlSurfer","TRUE","","","","","","","","NEVER"
"player_icon_mina1","","","0","0","","sc/player_icons_1.sc","player_icon_mina1","2090","true","","","","","TRUE","","","","DancerDefault","","","","","","","TrophyRewardsDancer","","NEVER"
"player_icon_ollie_university","","","0","0","","sc/player_icons_1.sc","player_icon_ollie_university","3602","","true","","","","TRUE","","","","SkaterSurfer","TRUE","","","","","","","","NEVER"
"player_icon_penny_university","","","0","0","","sc/player_icons_1.sc","player_icon_penny_university","3603","","true","","","","TRUE","","","","ArtilleryGalBrawlAcademy","TRUE","","","","","","","","NEVER"
"player_icon_poco_street","","","0","0","","sc/player_icons_1.sc","player_icon_poco_street","3604","","true","","","","TRUE","","","","","","","STREET","","","","","","NEVER"
"player_icon_primo_carreta","","","0","0","","sc/player_icons_1.sc","player_icon_primo_carreta","3605","","true","","","","TRUE","","","","LuchadorCarreta","TRUE","","","","","","","","NEVER"
"player_icon_ziggy1","","","0","0","","sc/player_icons_1.sc","player_icon_ziggy1","2091","true","","","","","TRUE","","","","FuryDefault","","","","","","","TrophyRewardsFury","","NEVER"
"player_icon_ziggy_placeholder1","","","0","0","","sc/player_icons_1.sc","player_icon_ziggy_placeholder1","3606","","true","","","","TRUE","","","","Fury199Gem","TRUE","","","","","","","","NEVER"
"player_icon_mina_placeholder1","","","0","0","","sc/player_icons_1.sc","player_icon_mina_placeholder1","3607","","true","","","","TRUE","","","","Dancer199Gem","TRUE","","","","","","","","NEVER"
"player_icon_whatcouldthisbe","","","0","0","","sc/player_icons_1.sc","player_icon_whatcouldthisbe","3608","","true","","750","19","TRUE","","","","","","","STREET","","","","","","AVAILABLE"
"player_icon_brawloween25_1","","","0","0","","sc/player_icons_1.sc","player_icon_brawloween25_1","3609","","true","","","","TRUE","","","","","","","BRAWLOWEEN","","","","","","NEVER"
"player_icon_brawloween25_2","","","0","0","","sc/player_icons_1.sc","player_icon_brawloween25_2","3610","","true","","","","TRUE","","","","","","","BRAWLOWEEN","","","","","","NEVER"
"player_icon_ollie_overcharge","","","0","0","","sc/player_icons_1.sc","player_icon_ollie_overcharge","6085","","true","","","","TRUE","","true","","","","","","Skater","","","","","NEVER"
"player_icon_meeple_overcharge","","","0","0","","sc/player_icons_1.sc","player_icon_meeple_overcharge","6086","","true","","","","TRUE","","true","","","","","","Meeple","","","","","NEVER"
"player_icon_juju_overcharge","","","0","0","","sc/player_icons_1.sc","player_icon_juju_overcharge","6087","","true","","","","TRUE","","true","","","","","","Voodoo","","","","","NEVER"
"player_icon_twins_overcharge","","","0","0","","sc/player_icons_1.sc","player_icon_twins_overcharge","6088","","true","","","","TRUE","","true","","","","","","Twins","","","","","NEVER"
"player_icon_finx_overcharge","","","0","0","","sc/player_icons_1.sc","player_icon_finx_overcharge","6089","","true","","","","TRUE","","true","","","","","","Chronomancer","","","","","NEVER"
"player_icon_byron_overcharge","","","0","0","","sc/player_icons_1.sc","player_icon_byron_overcharge","6090","","true","","","","TRUE","","true","","","","","","SnakeOil","","","","","NEVER"
"player_icon_jae_overcharge","","","0","0","","sc/player_icons_1.sc","player_icon_jae_overcharge","6091","","true","","","","TRUE","","true","","","","","","Alternator","","","","","NEVER"
"player_icon_trunk_overcharge","","","0","0","","sc/player_icons_1.sc","player_icon_trunk_overcharge","6092","","true","","","","TRUE","","true","","","","","","Domain","","","","","NEVER"
"player_icon_pearl_lunar","","","0","0","","sc/player_icons_1.sc","player_icon_pearl_lunar","3611","","true","","","","TRUE","","","","CookerPorcelain","TRUE","","","","","","","","NEVER"
"player_icon_surge_lunar","","","0","0","","sc/player_icons_1.sc","player_icon_surge_lunar","3612","","true","","","","TRUE","","","","PowerLevelerPorcelain","TRUE","","","","","","","","NEVER"
"player_icon_bull_lion","","","0","0","","sc/player_icons_1.sc","player_icon_bull_lion","3613","","true","","","","TRUE","","","","BullDudeLion","TRUE","","","","","","","","NEVER"
"player_icon_champie_mecha","","","0","0","","sc/player_icons_1.sc","player_icon_champie_mecha","3614","","true","","","","TRUE","","","","","","","MECHA","","","","","","NEVER"
"player_icon_cyborg","","","0","0","","sc/player_icons_1.sc","player_icon_cyborg","3615","","true","","750","19","TRUE","","","","","","","MECHA","","","","","","AVAILABLE"
"player_icon_hmb","","","0","0","","sc/player_icons_1.sc","player_icon_hmb","3616","","true","","","","TRUE","","TRUE","","","","","WF_2020","","","","","","NEVER"
"player_icon_jessie_mecha","","","0","0","","sc/player_icons_1.sc","player_icon_jessie_mecha","3617","","true","","","","TRUE","","","","MechanicMecha","TRUE","","","","","","","","NEVER"
"player_icon_mandy_mecha","","","0","0","","sc/player_icons_1.sc","player_icon_mandy_mecha","3618","","true","","","","TRUE","","","","BeamerMecha","TRUE","","","","","","","","NEVER"
"player_icon_mecha_loverobot","","","0","0","","sc/player_icons_1.sc","player_icon_mecha_loverobot","3619","","true","","750","19","TRUE","","","","","","","MECHA","","","","","","AVAILABLE"
"player_icon_piper_mecha","","","0","0","","sc/player_icons_1.sc","player_icon_piper_mecha","3620","","true","","","","TRUE","","","","SniperMechaOvercharge","TRUE","","","","","","","","NEVER"
"player_icon_st_app","","","0","0","","sc/player_icons_1.sc","player_icon_st_app","3621","","true","","","","TRUE","","","","","","","STRANGERTHINGS","","","","","","NEVER"
"player_icon_st_hellfire","","","0","0","","sc/player_icons_1.sc","player_icon_st_hellfire","3622","","true","","","","TRUE","","","","","","","STRANGERTHINGS","","","","","","NEVER"
"player_icon_st_rift","","","0","0","","sc/player_icons_1.sc","player_icon_st_rift","3623","","true","","","","TRUE","","","","","","","STRANGERTHINGS","","","","","","NEVER"
"player_icon_st_title","","","0","0","","sc/player_icons_1.sc","player_icon_st_title","3624","true","","","","","TRUE","","","","","","","STRANGERTHINGS","","","","","","NEVER"
"player_icon_st_waffles","","","0","0","","sc/player_icons_1.sc","player_icon_st_waffles","3625","","true","","","","TRUE","","","","","","","STRANGERTHINGS","","","","","","NEVER"
"hero98","","","0","0","Daredevil","sc/player_icons_1.sc","player_icon_gigi","745","","","","","","TRUE","","","","","","","","","","","","","NEVER"
"player_icon_berry_st","","","0","0","","sc/player_icons_1.sc","player_icon_berry_st","3626","","true","","","","TRUE","","","","PainterStrange","TRUE","","","","","","","","NEVER"
"player_icon_bull_st","","","0","0","","sc/player_icons_1.sc","player_icon_bull_st","3627","","true","","","","TRUE","","","","BullGuyStrange","TRUE","","","","","","","","NEVER"
"player_icon_charlie_st","","","0","0","","sc/player_icons_1.sc","player_icon_charlie_st","3628","","true","","","","TRUE","","","","CocoonerGym","TRUE","","","","","","","","NEVER"
"player_icon_draco_st","","","0","0","","sc/player_icons_1.sc","player_icon_draco_st","3629","","true","","","","TRUE","","","","DragonRiderStrange","TRUE","","","","","","","","NEVER"
"player_icon_gigi_box","","","0","0","","sc/player_icons_1.sc","player_icon_gigi_box","3630","","true","","","","TRUE","","","","","","","BOXES","","","","","","NEVER"
"player_icon_gigi1","","","0","0","","sc/player_icons_1.sc","player_icon_gigi1","2092","true","","","","","TRUE","","","","DaredevilDefault","","","","","","","TrophyRewardsDaredevil","","NEVER"
"player_icon_gus_st","","","0","0","","sc/player_icons_1.sc","player_icon_gus_st","3631","","true","","","","TRUE","","","","SoulCollectorStrange","TRUE","","","","","","","","NEVER"
"player_icon_gym_strong","","","0","0","","sc/player_icons_1.sc","player_icon_gym_strong","3632","","true","","750","19","TRUE","","","","","","","GYM","","","","","","AVAILABLE"
"player_icon_leon_propass","","","0","0","","sc/player_icons_1.sc","player_icon_leon_propass","3633","","true","","","","TRUE","","","","NinjaPropassProgressionSkinLevel1","TRUE","","","","","","","","NEVER"
"player_icon_lumi_st","","","0","0","","sc/player_icons_1.sc","player_icon_lumi_st","3634","","true","","","","TRUE","","","","MorningstarStrange","TRUE","","","","","","","","NEVER"
"player_icon_melody_gym","","","0","0","","sc/player_icons_1.sc","player_icon_melody_gym","3635","","true","","","","TRUE","","","","AxeJugglerGym","TRUE","","","","","","","","NEVER"
"player_icon_nita_st","","","0","0","","sc/player_icons_1.sc","player_icon_nita_st","3636","","true","","","","TRUE","","","","ShamanStrangeOvercharge","TRUE","","","","","","","","NEVER"
"player_icon_penny_scstore","","","0","0","","sc/player_icons_1.sc","player_icon_penny_scstore","3637","","true","","","","TRUE","","","","ArtilleryGalSPC","TRUE","","","","","","","","NEVER"
"player_icon_propass_64_1","","","0","0","","sc/player_icons_1.sc","player_icon_propass_64_1","3638","","true","","","","TRUE","","","","","","","PROPASS","","","","","","NEVER"
"player_icon_propass_64_2","","","0","0","","sc/player_icons_1.sc","player_icon_propass_64_2","3639","","true","","","","TRUE","","","","","","","PROPASS","","","","","","NEVER"
"player_icon_propass_64_3","","","0","0","","sc/player_icons_1.sc","player_icon_propass_64_3","3640","","true","","","","TRUE","","","","","","","PROPASS","","","","","","NEVER"
"player_icon_st_hat","","","0","0","","sc/player_icons_1.sc","player_icon_st_hat","3641","","true","","","","TRUE","","","","","","","STRANGERTHINGS","","","","","","NEVER"
"player_icon_st_vecna","","","0","0","","sc/player_icons_1.sc","player_icon_st_vecna","3642","","true","","","","TRUE","","","","","","","STRANGERTHINGS","","","","","","NEVER"
"player_icon_bp_mecha","","","0","0","","sc/player_icons_1.sc","player_icon_bp_mecha","3643","true","","","750","19","TRUE","","","","","","","MECHA","","","","","","AVAILABLE"
"player_icon_mecha_box","","","0","0","","sc/player_icons_1.sc","player_icon_mecha_box","3644","","true","","750","19","TRUE","","","","","","","MECHA","","","","","","AVAILABLE"
"player_icon_st_demogorgon","","","0","0","","sc/player_icons_1.sc","player_icon_st_demogorgon","3645","","true","","","","TRUE","","","","","","","STRANGERTHINGS","","","","","","NEVER"
"player_icon_thumb_creator","","","0","0","","sc/player_icons_1.sc","player_icon_thumb_creator","3646","","true","","","","TRUE","","","","","","","MISC","","","","","","NEVER"
"player_icon_thumb_player","","","0","0","","sc/player_icons_1.sc","player_icon_thumb_player","3647","","true","","","","TRUE","","","","","","","MISC","","","","","","NEVER"
"player_icon_mina_overcharge","","","0","0","","sc/player_icons_1.sc","player_icon_mina_overcharge","6093","","true","","","","TRUE","","true","","","","","","Dancer","","","","","NEVER"
"player_icon_ziggy_overcharge","","","0","0","","sc/player_icons_1.sc","player_icon_ziggy_overcharge","6094","","true","","","","TRUE","","true","","","","","","Fury","","","","","NEVER"
"player_icon_alli_overcharge","","","0","0","","sc/player_icons_1.sc","player_icon_alli_overcharge","6095","","true","","","","TRUE","","true","","","","","","Stalker","","","","","NEVER"
"player_icon_pam_overcharge","","","0","0","","sc/player_icons_1.sc","player_icon_pam_overcharge","6096","","true","","","","TRUE","","true","","","","","","MinigunDude","","","","","NEVER"
"player_icon_propass_64_5","","","0","0","","sc/player_icons_1.sc","player_icon_propass_64_5","3648","","true","","","","TRUE","","","","","","","PROPASS","","","","","","NEVER"
"player_icon_propass_64_4","","","0","0","","sc/player_icons_1.sc","player_icon_propass_64_4","3649","","true","","","","TRUE","","","","","","","PROPASS","","","","","","NEVER"
"player_icon_anniversary7","","-1","0","0","","sc/player_icons_1.sc","player_icon_anniversary7","3650","","true","","","","TRUE","","","","","","","MISC","","","","","","NEVER"
"player_icon_gigi_scarecrow","","","0","0","","sc/player_icons_1.sc","player_icon_gigi_scarecrow","3651","","true","","","","TRUE","","","","DaredevilScarecrow","","","","","","","","","NEVER"
"player_icon_teddybear","","","0","0","","sc/player_icons_1.sc","player_icon_teddybear","3652","","true","","","","TRUE","","","","","","","BRAWLENTINES","","","","","","NEVER"
"player_icon_brawlentine_gift","","","0","0","","sc/player_icons_1.sc","player_icon_brawlentine_gift","3653","","true","","750","19","TRUE","","","","","","","BRAWLENTINES","","","","","","AVAILABLE"
"player_icon_lny26_Omamori","","","0","0","","sc/player_icons_1.sc","player_icon_lny26_Omamori","3654","","true","","","","TRUE","","","","","","","LNY","","","","","","NEVER"
"player_icon_lny26_papercut","","","0","0","","sc/player_icons_1.sc","player_icon_lny26_papercut","3655","","true","","750","19","TRUE","","","","","","","LNY","","","","","","AVAILABLE"
"player_icon_glowbert_box","","","0","0","","sc/player_icons_1.sc","player_icon_glowbert_box","3656","","true","","","","TRUE","","","","","","","BOXES","","","","","","NEVER"
"player_icon_nani_xmas","","","0","0","","sc/player_icons_1.sc","player_icon_nani_xmas","3657","","true","","","","TRUE","","","","ControllerXmas","TRUE","","","","","","","","NEVER"
"player_icon_pierce_box","","","0","0","","sc/player_icons_1.sc","player_icon_pierce_box","3658","","true","","","","TRUE","","","","","","","BOXES","","","","","","NEVER"
"player_icon_xmas_fireplace","","","0","0","","sc/player_icons_1.sc","player_icon_xmas_fireplace","3659","","true","","750","19","TRUE","","","","","","","BRAWLIDAYS","","","","","","AVAILABLE"
"player_icon_vault","","","0","0","","sc/player_icons_1.sc","player_icon_vault","3660","","true","","","","TRUE","","","","","","","MISC","","","","","","NEVER"
"player_icon_xmas_nutcracker champie","","","0","0","","sc/player_icons_1.sc","player_icon_xmas_nutcracker champie","3661","","true","","","","TRUE","","","","","","","BRAWLIDAYS","","","","","","NEVER"
"player_icon_xmas_panoro","","","0","0","","sc/player_icons_1.sc","player_icon_xmas_panoro","3662","","true","","750","19","TRUE","","","","","","","BRAWLIDAYS","","","","","","AVAILABLE"
"player_icon_alli_brawlentines","","","0","0","","sc/player_icons_1.sc","player_icon_alli_brawlentines","3663","","true","","","","TRUE","","","","StalkerBrawlentine","TRUE","","","","","","","","NEVER"
"player_icon_angelo_brawlentines","","","0","0","","sc/player_icons_1.sc","player_icon_angelo_brawlentines","3664","","true","","","","TRUE","","","","InsectManBrawlentine","TRUE","","","","","","","","NEVER"
"player_icon_bp_brawlentine","","","0","0","","sc/player_icons_1.sc","player_icon_bp_brawlentine","3665","true","","","750","19","TRUE","","","","","","","BRAWLENTINES","","","","","","AVAILABLE"
"player_icon_bp_steampunk","","","0","0","","sc/player_icons_1.sc","player_icon_bp_steampunk","3666","true","","","750","19","TRUE","","","","","","","STEAMPUNK","","","","","","AVAILABLE"
"player_icon_brock_steampunk","","","0","0","","sc/player_icons_1.sc","player_icon_brock_steampunk","3667","","true","","","","TRUE","","","","RocketGirlSteamPunk","TRUE","","","","","","","","NEVER"
"player_icon_champioship_hand","","","0","0","","sc/player_icons_1.sc","player_icon_champioship_hand","3668","","true","","","","TRUE","","","","","","","WF_2020","","","","","","NEVER"
"player_icon_champioship_phone1","","","0","0","","sc/player_icons_1.sc","player_icon_champioship_phone1","3669","","true","","","","TRUE","","","","","","","WF_2020","","","","","","NEVER"
"player_icon_champioship_phone2","","","0","0","","sc/player_icons_1.sc","player_icon_champioship_phone2","3670","","true","","","","TRUE","","","","","","","WF_2020","","","","","","NEVER"
"player_icon_gale_steampunk","","","0","0","","sc/player_icons_1.sc","player_icon_gale_steampunk","3671","","true","","","","TRUE","","","","BlowerSteamPunk","TRUE","","","","","","","","NEVER"
"player_icon_glowbert1","","","0","0","","sc/player_icons_1.sc","player_icon_glowbert1","2093","true","","","","","TRUE","","","","MenderDefault","","","","","","","TrophyRewardsMender","","NEVER"
"player_icon_kaze_steampunk","","","0","0","","sc/player_icons_1.sc","player_icon_kaze_steampunk","3672","","true","","","","TRUE","","","","GeishaSteamPunk","TRUE","","","","","","","","NEVER"
"player_icon_lny26_luck","","","0","0","","sc/player_icons_1.sc","player_icon_lny26_luck","3673","","true","","750","19","TRUE","","","","","","","LNY","","","","","","AVAILABLE"
"player_icon_max_championship","","","0","0","","sc/player_icons_1.sc","player_icon_max_championship","3674","","true","","","","TRUE","","","","SpeedyEsports","TRUE","","","","","","","","NEVER"
"player_icon_perfect_spike","","","0","0","","sc/player_icons_1.sc","player_icon_perfect_spike","3675","","true","","","","TRUE","","","","","","","MISC","","","","","","NEVER"
"player_icon_pierce_hunter","","","0","0","","sc/player_icons_1.sc","player_icon_pierce_hunter","3676","","true","","","","TRUE","","","","Bulletstorm199Gem","TRUE","","","","","","","","NEVER"
"player_icon_pierce1","","","0","0","","sc/player_icons_1.sc","player_icon_pierce1","2094","true","","","","","TRUE","","","","BulletstormDefault","","","","","","","TrophyRewardsBulletstorm","","NEVER"
"player_icon_rico_brawlentines","","","0","0","","sc/player_icons_1.sc","player_icon_rico_brawlentines","3677","","true","","","","TRUE","","","","TrickshotBrawlentine","TRUE","","","","","","","","NEVER"
"player_icon_sam_steampunk","","","0","0","","sc/player_icons_1.sc","player_icon_sam_steampunk","3678","","true","","","","TRUE","","","","WeaponThrowerSteamPunk","TRUE","","","","","","","","NEVER"
"player_icon_shade_brawlentines","","","0","0","","sc/player_icons_1.sc","player_icon_shade_brawlentines","3679","","true","","","","TRUE","","","","GhostBrawlentine","TRUE","","","","","","","","NEVER"
"player_icon_squeak_brawlentines","","","0","0","","sc/player_icons_1.sc","player_icon_squeak_brawlentines","3680","","true","","","","TRUE","","","","StickyBombBrawlentine","TRUE","","","","","","","","NEVER"
"player_icon_steampunk_bulb","","","0","0","","sc/player_icons_1.sc","player_icon_steampunk_bulb","3681","","true","","750","19","TRUE","","","","","","","STEAMPUNK","","","","","","AVAILABLE"
"player_icon_steampunk_skull","","","0","0","","sc/player_icons_1.sc","player_icon_steampunk_skull","3682","","true","","750","19","TRUE","","","","","","","STEAMPUNK","","","","","","AVAILABLE"
"player_icon_stu_steampunk","","","0","0","","sc/player_icons_1.sc","player_icon_stu_steampunk","3683","","true","","","","TRUE","","","","RollerSteamPunk","TRUE","","","","","","","","NEVER"
"player_icon_willow_lny","","","0","0","","sc/player_icons_1.sc","player_icon_willow_lny","3684","","true","","","","TRUE","","","","PuppeteerLNY","TRUE","","","","","","","","NEVER"
"hero99","","","0","0","Bulletstorm","sc/player_icons_1.sc","player_icon_pierce","746","","","","","","TRUE","","","","","","","","","","","","","NEVER"
"hero100","","","0","0","Mender","sc/player_icons_1.sc","player_icon_glowbert","747","","","","","","TRUE","","","","","","","","","","","","","NEVER"
"player_icon_gigi_overcharge","","","0","0","","sc/player_icons_1.sc","player_icon_gigi_overcharge","6097","","true","","","","TRUE","","true","","","","","","Daredevil","","","","","NEVER"
"player_icon_fame_starrforce","","","0","0","","sc/player_icons_1.sc","player_icon_fame_starrforce","7008","true","","","","","TRUE","","","","","","","","","","StarrForce2","","","NEVER"
"player_icon_fut_26","","","0","0","","sc/player_icons_66.sc","player_icon_fut_26","3685","","true","","","","TRUE","","","","","","","WF_2020","","","","","","NEVER"
"hero101","","","0","0","Shadowdemon","sc/player_icons_1.sc","player_icon_sirius","748","","","","","","TRUE","","","","","","","","","","","","","NEVER"
"player_icon_zeta_26","","","0","0","","sc/player_icons_66.sc","player_icon_zeta_26","3686","","true","","","","TRUE","","","","","","","WF_2020","","","","","","NEVER"
"player_icon_heretics_26","","","0","0","","sc/player_icons_66.sc","player_icon_heretics_26","3687","","true","","","","TRUE","","","","","","","WF_2020","","","","","","NEVER"
"player_icon_hmble_26","","","0","0","","sc/player_icons_66.sc","player_icon_hmble_26","3688","","true","","","","TRUE","","","","","","","WF_2020","","","","","","NEVER"
"player_icon_loud_26","","","0","0","","sc/player_icons_66.sc","player_icon_loud_26","3689","","true","","","","TRUE","","","","","","","WF_2020","","","","","","NEVER"
"player_icon_navi_26","","","0","0","","sc/player_icons_66.sc","player_icon_navi_26","3690","","true","","","","TRUE","","","","","","","WF_2020","","","","","","NEVER"
"player_icon_sk_26","","","0","0","","sc/player_icons_66.sc","player_icon_sk_26","3691","","true","","","","TRUE","","","","","","","WF_2020","","","","","","NEVER"
"player_icon_totem_26","","","0","0","","sc/player_icons_66.sc","player_icon_totem_26","3692","","true","","","","TRUE","","","","","","","WF_2020","","","","","","NEVER"
"player_icon_tribe_26","","","0","0","","sc/player_icons_66.sc","player_icon_tribe_26","3693","","true","","","","TRUE","","","","","","","WF_2020","","","","","","NEVER"
"player_icon_aprilfools","","","0","0","","sc/player_icons_66.sc","player_icon_aprilfools","3694","","true","","750","19","TRUE","","","","","","","APRILFOOLS","","","","","","AVAILABLE"
"player_icon_fairy","","","0","0","","sc/player_icons_66.sc","player_icon_fairy","3695","","true","","750","19","TRUE","","","","","","","ONCEUPON","","","","","","AVAILABLE"
"player_icon_propass_1","","","0","0","","sc/player_icons_66.sc","player_icon_propass_1","3696","","true","","","","TRUE","","","","","","","PROPASS","","","","","","NEVER"
"player_icon_propass_free_2","","","0","0","","sc/player_icons_66.sc","player_icon_propass_free_2","3697","","true","","","","TRUE","","","","","","","PROPASS","","","","","","NEVER"
"player_icon_propass_3","","","0","0","","sc/player_icons_66.sc","player_icon_propass_3","3698","","true","","","","TRUE","","","","","","","PROPASS","","","","","","NEVER"
"player_icon_propass_4","","","0","0","","sc/player_icons_66.sc","player_icon_propass_4","3699","","true","","","","TRUE","","","","","","","PROPASS","","","","","","NEVER"
"player_icon_frank_fairy","","","0","0","","sc/player_icons_66.sc","player_icon_frank_fairy","3700","","true","","","","TRUE","","","","FrankFairies","TRUE","","","","","","","","NEVER"
"player_icon_prestige_8bit","","","0","0","","sc/ui.sc","player_icon_prestige_8bit","8001","true","","","","","TRUE","","","","","","","","","","","","","NEVER"
"player_icon_prestige_alli","","","0","0","","sc/ui.sc","player_icon_prestige_alli","8002","true","","","","","TRUE","","","","","","","","","","","","","NEVER"
"player_icon_prestige_amber","","","0","0","","sc/ui.sc","player_icon_prestige_amber","8003","true","","","","","TRUE","","","","","","","","","","","","","NEVER"
"player_icon_prestige_angelo","","","0","0","","sc/ui.sc","player_icon_prestige_angelo","8004","true","","","","","TRUE","","","","","","","","","","","","","NEVER"
"player_icon_prestige_ash","","","0","0","","sc/ui.sc","player_icon_prestige_ash","8005","true","","","","","TRUE","","","","","","","","","","","","","NEVER"
"player_icon_prestige_barley","","","0","0","","sc/ui.sc","player_icon_prestige_barley","8006","true","","","","","TRUE","","","","","","","","","","","","","NEVER"
"player_icon_prestige_bea","","","0","0","","sc/ui.sc","player_icon_prestige_bea","8007","true","","","","","TRUE","","","","","","","","","","","","","NEVER"
"player_icon_prestige_belle","","","0","0","","sc/ui.sc","player_icon_prestige_belle","8008","true","","","","","TRUE","","","","","","","","","","","","","NEVER"
"player_icon_prestige_berry","","","0","0","","sc/ui.sc","player_icon_prestige_berry","8009","true","","","","","TRUE","","","","","","","","","","","","","NEVER"
"player_icon_prestige_bibi","","","0","0","","sc/ui.sc","player_icon_prestige_bibi","8010","true","","","","","TRUE","","","","","","","","","","","","","NEVER"
"player_icon_prestige_bo","","","0","0","","sc/ui.sc","player_icon_prestige_bo","8011","true","","","","","TRUE","","","","","","","","","","","","","NEVER"
"player_icon_prestige_bonnie","","","0","0","","sc/ui.sc","player_icon_prestige_bonnie","8012","true","","","","","TRUE","","","","","","","","","","","","","NEVER"
"player_icon_prestige_brock","","","0","0","","sc/ui.sc","player_icon_prestige_brock","8013","true","","","","","TRUE","","","","","","","","","","","","","NEVER"
"player_icon_prestige_bull","","","0","0","","sc/ui.sc","player_icon_prestige_bull","8014","true","","","","","TRUE","","","","","","","","","","","","","NEVER"
"player_icon_prestige_buster","","","0","0","","sc/ui.sc","player_icon_prestige_buster","8015","true","","","","","TRUE","","","","","","","","","","","","","NEVER"
"player_icon_prestige_buzz","","","0","0","","sc/ui.sc","player_icon_prestige_buzz","8016","true","","","","","TRUE","","","","","","","","","","","","","NEVER"
"player_icon_prestige_byron","","","0","0","","sc/ui.sc","player_icon_prestige_byron","8017","true","","","","","TRUE","","","","","","","","","","","","","NEVER"
"player_icon_prestige_carl","","","0","0","","sc/ui.sc","player_icon_prestige_carl","8018","true","","","","","TRUE","","","","","","","","","","","","","NEVER"
"player_icon_prestige_charlie","","","0","0","","sc/ui.sc","player_icon_prestige_charlie","8019","true","","","","","TRUE","","","","","","","","","","","","","NEVER"
"player_icon_prestige_chester","","","0","0","","sc/ui.sc","player_icon_prestige_chester","8020","true","","","","","TRUE","","","","","","","","","","","","","NEVER"
"player_icon_prestige_chuck","","","0","0","","sc/ui.sc","player_icon_prestige_chuck","8021","true","","","","","TRUE","","","","","","","","","","","","","NEVER"
"player_icon_prestige_clancy","","","0","0","","sc/ui.sc","player_icon_prestige_clancy","8022","true","","","","","TRUE","","","","","","","","","","","","","NEVER"
"player_icon_prestige_colette","","","0","0","","sc/ui.sc","player_icon_prestige_colette","8023","true","","","","","TRUE","","","","","","","","","","","","","NEVER"
"player_icon_prestige_colt","","","0","0","","sc/ui.sc","player_icon_prestige_colt","8024","true","","","","","TRUE","","","","","","","","","","","","","NEVER"
"player_icon_prestige_cornelius","","","0","0","","sc/ui.sc","player_icon_prestige_cornelius","8025","true","","","","","TRUE","","","","","","","","","","","","","NEVER"
"player_icon_prestige_crow","","","0","0","","sc/ui.sc","player_icon_prestige_crow","8026","true","","","","","TRUE","","","","","","","","","","","","","NEVER"
"player_icon_prestige_darryl","","","0","0","","sc/ui.sc","player_icon_prestige_darryl","8027","true","","","","","TRUE","","","","","","","","","","","","","NEVER"
"player_icon_prestige_digger","","","0","0","","sc/ui.sc","player_icon_prestige_digger","8028","true","","","","","TRUE","","","","","","","","","","","","","NEVER"
"player_icon_prestige_doug","","","0","0","","sc/ui.sc","player_icon_prestige_doug","8029","true","","","","","TRUE","","","","","","","","","","","","","NEVER"
"player_icon_prestige_draco","","","0","0","","sc/ui.sc","player_icon_prestige_draco","8030","true","","","","","TRUE","","","","","","","","","","","","","NEVER"
"player_icon_prestige_dynamike","","","0","0","","sc/ui.sc","player_icon_prestige_dynamike","8031","true","","","","","TRUE","","","","","","","","","","","","","NEVER"
"player_icon_prestige_edgar","","","0","0","","sc/ui.sc","player_icon_prestige_edgar","8032","true","","","","","TRUE","","","","","","","","","","","","","NEVER"
"player_icon_prestige_emz","","","0","0","","sc/ui.sc","player_icon_prestige_emz","8033","true","","","","","TRUE","","","","","","","","","","","","","NEVER"
"player_icon_prestige_eve","","","0","0","","sc/ui.sc","player_icon_prestige_eve","8034","true","","","","","TRUE","","","","","","","","","","","","","NEVER"
"player_icon_prestige_fang","","","0","0","","sc/ui.sc","player_icon_prestige_fang","8035","true","","","","","TRUE","","","","","","","","","","","","","NEVER"
"player_icon_prestige_finx","","","0","0","","sc/ui.sc","player_icon_prestige_finx","8036","true","","","","","TRUE","","","","","","","","","","","","","NEVER"
"player_icon_prestige_frank","","","0","0","","sc/ui.sc","player_icon_prestige_frank","8037","true","","","","","TRUE","","","","","","","","","","","","","NEVER"
"player_icon_prestige_gale","","","0","0","","sc/ui.sc","player_icon_prestige_gale","8038","true","","","","","TRUE","","","","","","","","","","","","","NEVER"
"player_icon_prestige_gene","","","0","0","","sc/ui.sc","player_icon_prestige_gene","8039","true","","","","","TRUE","","","","","","","","","","","","","NEVER"
"player_icon_prestige_gigi","","","0","0","","sc/ui.sc","player_icon_prestige_gigi","8040","true","","","","","TRUE","","","","","","","","","","","","","NEVER"
"player_icon_prestige_glowbert","","","0","0","","sc/ui.sc","player_icon_prestige_glowbert","8041","true","","","","","TRUE","","","","","","","","","","","","","NEVER"
"player_icon_prestige_gray","","","0","0","","sc/ui.sc","player_icon_prestige_gray","8042","true","","","","","TRUE","","","","","","","","","","","","","NEVER"
"player_icon_prestige_griff","","","0","0","","sc/ui.sc","player_icon_prestige_griff","8043","true","","","","","TRUE","","","","","","","","","","","","","NEVER"
"player_icon_prestige_grom","","","0","0","","sc/ui.sc","player_icon_prestige_grom","8044","true","","","","","TRUE","","","","","","","","","","","","","NEVER"
"player_icon_prestige_gus","","","0","0","","sc/ui.sc","player_icon_prestige_gus","8045","true","","","","","TRUE","","","","","","","","","","","","","NEVER"
"player_icon_prestige_hank","","","0","0","","sc/ui.sc","player_icon_prestige_hank","8046","true","","","","","TRUE","","","","","","","","","","","","","NEVER"
"player_icon_prestige_jacky","","","0","0","","sc/ui.sc","player_icon_prestige_jacky","8047","true","","","","","TRUE","","","","","","","","","","","","","NEVER"
"player_icon_prestige_jae","","","0","0","","sc/ui.sc","player_icon_prestige_jae","8048","true","","","","","TRUE","","","","","","","","","","","","","NEVER"
"player_icon_prestige_janet","","","0","0","","sc/ui.sc","player_icon_prestige_janet","8049","true","","","","","TRUE","","","","","","","","","","","","","NEVER"
"player_icon_prestige_jessie","","","0","0","","sc/ui.sc","player_icon_prestige_jessie","8050","true","","","","","TRUE","","","","","","","","","","","","","NEVER"
"player_icon_prestige_juju","","","0","0","","sc/ui.sc","player_icon_prestige_juju","8051","true","","","","","TRUE","","","","","","","","","","","","","NEVER"
"player_icon_prestige_kaze","","","0","0","","sc/ui.sc","player_icon_prestige_kaze","8052","true","","","","","TRUE","","","","","","","","","","","","","NEVER"
"player_icon_prestige_kenji","","","0","0","","sc/ui.sc","player_icon_prestige_kenji","8053","true","","","","","TRUE","","","","","","","","","","","","","NEVER"
"player_icon_prestige_kit","","","0","0","","sc/ui.sc","player_icon_prestige_kit","8054","true","","","","","TRUE","","","","","","","","","","","","","NEVER"
"player_icon_prestige_leon","","","0","0","","sc/ui.sc","player_icon_prestige_leon","8055","true","","","","","TRUE","","","","","","","","","","","","","NEVER"
"player_icon_prestige_lili","","","0","0","","sc/ui.sc","player_icon_prestige_lili","8056","true","","","","","TRUE","","","","","","","","","","","","","NEVER"
"player_icon_prestige_lola","","","0","0","","sc/ui.sc","player_icon_prestige_lola","8057","true","","","","","TRUE","","","","","","","","","","","","","NEVER"
"player_icon_prestige_lou","","","0","0","","sc/ui.sc","player_icon_prestige_lou","8058","true","","","","","TRUE","","","","","","","","","","","","","NEVER"
"player_icon_prestige_lumi","","","0","0","","sc/ui.sc","player_icon_prestige_lumi","8059","true","","","","","TRUE","","","","","","","","","","","","","NEVER"
"player_icon_prestige_maisie","","","0","0","","sc/ui.sc","player_icon_prestige_maisie","8060","true","","","","","TRUE","","","","","","","","","","","","","NEVER"
"player_icon_prestige_mandy","","","0","0","","sc/ui.sc","player_icon_prestige_mandy","8061","true","","","","","TRUE","","","","","","","","","","","","","NEVER"
"player_icon_prestige_max","","","0","0","","sc/ui.sc","player_icon_prestige_max","8062","true","","","","","TRUE","","","","","","","","","","","","","NEVER"
"player_icon_prestige_meeple","","","0","0","","sc/ui.sc","player_icon_prestige_meeple","8063","true","","","","","TRUE","","","","","","","","","","","","","NEVER"
"player_icon_prestige_meg","","","0","0","","sc/ui.sc","player_icon_prestige_meg","8064","true","","","","","TRUE","","","","","","","","","","","","","NEVER"
"player_icon_prestige_melodie","","","0","0","","sc/ui.sc","player_icon_prestige_melodie","8065","true","","","","","TRUE","","","","","","","","","","","","","NEVER"
"player_icon_prestige_miko","","","0","0","","sc/ui.sc","player_icon_prestige_miko","8066","true","","","","","TRUE","","","","","","","","","","","","","NEVER"
"player_icon_prestige_mina","","","0","0","","sc/ui.sc","player_icon_prestige_mina","8067","true","","","","","TRUE","","","","","","","","","","","","","NEVER"
"player_icon_prestige_mortis","","","0","0","","sc/ui.sc","player_icon_prestige_mortis","8068","true","","","","","TRUE","","","","","","","","","","","","","NEVER"
"player_icon_prestige_mrp","","","0","0","","sc/ui.sc","player_icon_prestige_mrp","8069","true","","","","","TRUE","","","","","","","","","","","","","NEVER"
"player_icon_prestige_najia","","","0","0","","sc/ui.sc","player_icon_prestige_najia","8070","true","","","","","TRUE","","","","","","","","","","","","","NEVER"
"player_icon_prestige_nani","","","0","0","","sc/ui.sc","player_icon_prestige_nani","8071","true","","","","","TRUE","","","","","","","","","","","","","NEVER"
"player_icon_prestige_nita","","","0","0","","sc/ui.sc","player_icon_prestige_nita","8072","true","","","","","TRUE","","","","","","","","","","","","","NEVER"
"player_icon_prestige_ollie","","","0","0","","sc/ui.sc","player_icon_prestige_ollie","8073","true","","","","","TRUE","","","","","","","","","","","","","NEVER"
"player_icon_prestige_otis","","","0","0","","sc/ui.sc","player_icon_prestige_otis","8074","true","","","","","TRUE","","","","","","","","","","","","","NEVER"
"player_icon_prestige_pam","","","0","0","","sc/ui.sc","player_icon_prestige_pam","8075","true","","","","","TRUE","","","","","","","","","","","","","NEVER"
"player_icon_prestige_pearl","","","0","0","","sc/ui.sc","player_icon_prestige_pearl","8076","true","","","","","TRUE","","","","","","","","","","","","","NEVER"
"player_icon_prestige_penny","","","0","0","","sc/ui.sc","player_icon_prestige_penny","8077","true","","","","","TRUE","","","","","","","","","","","","","NEVER"
"player_icon_prestige_pierce","","","0","0","","sc/ui.sc","player_icon_prestige_pierce","8078","true","","","","","TRUE","","","","","","","","","","","","","NEVER"
"player_icon_prestige_piper","","","0","0","","sc/ui.sc","player_icon_prestige_piper","8079","true","","","","","TRUE","","","","","","","","","","","","","NEVER"
"player_icon_prestige_poco","","","0","0","","sc/ui.sc","player_icon_prestige_poco","8080","true","","","","","TRUE","","","","","","","","","","","","","NEVER"
"player_icon_prestige_primo","","","0","0","","sc/ui.sc","player_icon_prestige_primo","8081","true","","","","","TRUE","","","","","","","","","","","","","NEVER"
"player_icon_prestige_rico","","","0","0","","sc/ui.sc","player_icon_prestige_rico","8082","true","","","","","TRUE","","","","","","","","","","","","","NEVER"
"player_icon_prestige_rosa","","","0","0","","sc/ui.sc","player_icon_prestige_rosa","8083","true","","","","","TRUE","","","","","","","","","","","","","NEVER"
"player_icon_prestige_rt","","","0","0","","sc/ui.sc","player_icon_prestige_rt","8084","true","","","","","TRUE","","","","","","","","","","","","","NEVER"
"player_icon_prestige_ruffs","","","0","0","","sc/ui.sc","player_icon_prestige_ruffs","8085","true","","","","","TRUE","","","","","","","","","","","","","NEVER"
"player_icon_prestige_sam","","","0","0","","sc/ui.sc","player_icon_prestige_sam","8086","true","","","","","TRUE","","","","","","","","","","","","","NEVER"
"player_icon_prestige_sandy","","","0","0","","sc/ui.sc","player_icon_prestige_sandy","8087","true","","","","","TRUE","","","","","","","","","","","","","NEVER"
"player_icon_prestige_shade","","","0","0","","sc/ui.sc","player_icon_prestige_shade","8088","true","","","","","TRUE","","","","","","","","","","","","","NEVER"
"player_icon_prestige_shelly","","","0","0","","sc/ui.sc","player_icon_prestige_shelly","8089","true","","","","","TRUE","","","","","","","","","","","","","NEVER"
"player_icon_prestige_sirius","","","0","0","","sc/ui.sc","player_icon_prestige_sirius","8090","true","","","","","TRUE","","","","","","","","","","","","","NEVER"
"player_icon_prestige_spike","","","0","0","","sc/ui.sc","player_icon_prestige_spike","8091","true","","","","","TRUE","","","","","","","","","","","","","NEVER"
"player_icon_prestige_sprout","","","0","0","","sc/ui.sc","player_icon_prestige_sprout","8092","true","","","","","TRUE","","","","","","","","","","","","","NEVER"
"player_icon_prestige_squeak","","","0","0","","sc/ui.sc","player_icon_prestige_squeak","8093","true","","","","","TRUE","","","","","","","","","","","","","NEVER"
"player_icon_prestige_stu","","","0","0","","sc/ui.sc","player_icon_prestige_stu","8094","true","","","","","TRUE","","","","","","","","","","","","","NEVER"
"player_icon_prestige_surge","","","0","0","","sc/ui.sc","player_icon_prestige_surge","8095","true","","","","","TRUE","","","","","","","","","","","","","NEVER"
"player_icon_prestige_tara","","","0","0","","sc/ui.sc","player_icon_prestige_tara","8096","true","","","","","TRUE","","","","","","","","","","","","","NEVER"
"player_icon_prestige_tick","","","0","0","","sc/ui.sc","player_icon_prestige_tick","8097","true","","","","","TRUE","","","","","","","","","","","","","NEVER"
"player_icon_prestige_trunk","","","0","0","","sc/ui.sc","player_icon_prestige_trunk","8098","true","","","","","TRUE","","","","","","","","","","","","","NEVER"
"player_icon_prestige_twins","","","0","0","","sc/ui.sc","player_icon_prestige_twins","8099","true","","","","","TRUE","","","","","","","","","","","","","NEVER"
"player_icon_prestige_willow","","","0","0","","sc/ui.sc","player_icon_prestige_willow","8100","true","","","","","TRUE","","","","","","","","","","","","","NEVER"
"player_icon_prestige_ziggy","","","0","0","","sc/ui.sc","player_icon_prestige_ziggy","8101","true","","","","","TRUE","","","","","","","","","","","","","NEVER"
"hero102","","","0","0","Redirecter","sc/player_icons_1.sc","player_icon_najia","749","","","","","","TRUE","","","","","","","","","","","","","NEVER"
"player_icon_lily_sandsoftime","","","0","0","","sc/player_icons_66.sc","player_icon_lily_sandsoftime","3701","","true","","","","TRUE","","","","AmbusherSandsOfTime","TRUE","","","","","","","","NEVER"
"player_icon_maise_dragon","","","0","0","","sc/player_icons_66.sc","player_icon_maise_dragon","3702","","true","","","","TRUE","","","","MaisieDragons","TRUE","","","","","","","","NEVER"
"player_icon_mina_fairy","","","0","0","","sc/player_icons_66.sc","player_icon_mina_fairy","3703","","true","","","","TRUE","","","","DancerFairies","TRUE","","","","","","","","NEVER"
"player_icon_8bit_sandsoftime","","","0","0","","sc/player_icons_66.sc","player_icon_8bit_sandsoftime","3704","","true","","","","TRUE","","","","ArcadeSandsOfTime","TRUE","","","","","","","","NEVER"
"player_icon_larry_sandsoftime","","","0","0","","sc/player_icons_66.sc","player_icon_larry_sandsoftime","3705","","true","","","","TRUE","","","","TwinsSandsOfTime","TRUE","","","","","","","","NEVER"
"player_icon_doug_sandsoftime","","","0","0","","sc/player_icons_66.sc","player_icon_doug_sandsoftime","3706","","true","","","","TRUE","","","","ReviverSandsOfTime","TRUE","","","","","","","","NEVER"
"player_icon_cordelius_sandsoftime","","","0","0","","sc/player_icons_66.sc","player_icon_cordelius_sandsoftime","3707","","true","","","","TRUE","","","","DuelistSandsOfTime","TRUE","","","","","","","","NEVER"
"player_icon_bonnie_fairy","","","0","0","","sc/player_icons_66.sc","player_icon_bonnie_fairy","3708","","true","","","","TRUE","","","","CannonGirlFairy","TRUE","","","","","","","","NEVER"
"player_icon_bibi_sandsoftime","","","0","0","","sc/player_icons_66.sc","player_icon_bibi_sandsoftime","3709","","true","","","","TRUE","","","","BaseballSandsOfTime","TRUE","","","","","","","","NEVER"
"player_icon_grom_dragon","","","0","0","","sc/player_icons_66.sc","player_icon_grom_dragon","3710","","true","","","","TRUE","","","","CrossBomberDragon","TRUE","","","","","","","","NEVER"
"player_icon_griff_dragon","","","0","0","","sc/player_icons_66.sc","player_icon_griff_dragon","3711","","true","","","","TRUE","","","","AssaultShotgunDragon","TRUE","","","","","","","","NEVER"
"player_icon_buffies","","","0","0","","sc/player_icons_66.sc","player_icon_buffies","3712","","true","","","","TRUE","","","","","","","MISC","","","","","","NEVER"
"player_icon_najia_box","","","0","0","","sc/player_icons_66.sc","player_icon_najia_box","3713","","true","","","","TRUE","","","","","","","BOXES","","","","","","NEVER"
"player_icon_sirius_box","","","0","0","","sc/player_icons_66.sc","player_icon_sirius_box","3714","","true","","","","TRUE","","","","","","","BOXES","","","","","","NEVER"
"player_icon_sirius1","","","0","0","","sc/player_icons_66.sc","player_icon_sirius1","2095","true","","","","","TRUE","","","","ShadowdemonDefault","","","","","","","TrophyRewardsShadowdemon","","NEVER"
"player_icon_najia1","","","0","0","","sc/player_icons_66.sc","player_icon_najia1","2096","true","","","","","TRUE","","","","RedirecterDefault","","","","","","","TrophyRewardsRedirecter","","NEVER"
"player_icon_melody_aprilfools","","","0","0","","sc/player_icons_66.sc","player_icon_melody_aprilfools","3715","","true","","","","TRUE","","","","AxeJugglerAprilFools","TRUE","","","","","","","","NEVER"
"player_icon_trunk_scstore","","","0","0","","sc/player_icons_66.sc","player_icon_trunk_scstore","3716","","true","","","","TRUE","","","","DomainSupercellStore","TRUE","","","","","","","","NEVER"
"player_icon_bruce_aprilfools","","","0","0","","sc/player_icons_66.sc","player_icon_bruce_aprilfools","3717","","true","","","","TRUE","","","","ShamanAprilFools","TRUE","","","","","","","","NEVER"
"player_icon_barley_sway","","","0","0","","sc/player_icons_66.sc","player_icon_barley_sway","3718","","true","","","","TRUE","","","","BarkeepDrunken","TRUE","","","","","","","","NEVER"
"player_icon_crow_propass","","","0","0","","sc/player_icons_66.sc","player_icon_crow_propass","3719","","true","","","","TRUE","","","","CrowRankedProgrsesionSkinLevel1","TRUE","","","","","","","","NEVER"
"player_icon_glowbert_aprilfools","","","0","0","","sc/player_icons_66.sc","player_icon_glowbert_aprilfools","3720","","true","","","","TRUE","","","","Mender199Gem","TRUE","","","","","","","","NEVER"
"player_icon_bp_dragons","","","0","0","","sc/player_icons_66.sc","player_icon_bp_dragons","3721","true","","","750","19","TRUE","","","","","","","ONCEUPON","","","","","","AVAILABLE"
"player_icon_pierce_overcharge","","","0","0","","sc/player_icons_1.sc","player_icon_pierce_overcharge","6098","","true","","","","TRUE","","true","","","","","","Bulletstorm","","","","","NEVER"
"player_icon_glowbert_overcharge","","","0","0","","sc/player_icons_1.sc","player_icon_glowbert_overcharge","6099","","true","","","","TRUE","","true","","","","","","Mender","","","","","NEVER"
"player_icon_sirius_overcharge","","","0","0","","sc/player_icons_1.sc","player_icon_sirius_overcharge","6100","","true","","","","TRUE","","true","","","","","","Shadowdemon","","","","","NEVER"
"player_icon_bp_sandsoftime26","","","0","0","","sc/player_icons_66.sc","player_icon_bp_sandsoftime26","3722","true","","","750","19","TRUE","","","","","","","DARKSANDS","","","","","","AVAILABLE"
"player_icon_sandsoftime_anubis","","","0","0","","sc/player_icons_66.sc","player_icon_sandsoftime_anubis","3723","","true","","750","19","TRUE","","","","","","","DARKSANDS","","","","","","AVAILABLE"
"player_icon_prestige_stella","","","0","0","","sc/ui.sc","player_icon_prestige_stella","8102","true","","","","","TRUE","","","","","","","","","","","","",""
"hero103","","","0","0","Gladiator","sc/player_icons_1.sc","player_icon_damian","750","","","","","","TRUE","","","","","","","","","","","","","NEVER"
"player_icon_prestige_gladiator","","","0","0","","sc/ui.sc","player_icon_prestige_gladiator","8103","true","","","","","TRUE","","","","","","","","","","","","",""
"hero104","","","0","0","MagicalGirl","sc/player_icons_1.sc","player_icon_stella","751","","","","","","TRUE","","","","","","","","","","","","","NEVER"
"player_icon_adidas_cap","","","0","0","","sc/player_icons_67.sc","player_icon_adidas_cap","3724","","true","","","","TRUE","","","","","","","STRIKERS","","","","","","NEVER"
"player_icon_adidas_smokebomb","","","0","0","","sc/player_icons_67.sc","player_icon_adidas_smokebomb","3725","","true","","","","TRUE","","","","","","","STRIKERS","","","","","","NEVER"
"player_icon_football","","","0","0","","sc/player_icons_67.sc","player_icon_football","3726","","true","","","","TRUE","","","","","","","STRIKERS","","","","","","NEVER"
"player_icon_anime_gem1","","","0","0","","sc/player_icons_67.sc","player_icon_anime_gem1","3727","","true","","750","19","TRUE","","","","","","","ANIME","","","","","","AVAILABLE"
"player_icon_anime_gem2","","","0","0","","sc/player_icons_67.sc","player_icon_anime_gem2","3728","","true","","750","19","TRUE","","","","","","","ANIME","","","","","","AVAILABLE"
"player_icon_anime_gem3","","","0","0","","sc/player_icons_67.sc","player_icon_anime_gem3","3729","","true","","750","19","TRUE","","","","","","","ANIME","","","","","","AVAILABLE"
"player_icon_anime_gem4","","","0","0","","sc/player_icons_67.sc","player_icon_anime_gem4","3730","","true","","750","19","TRUE","","","","","","","ANIME","","","","","","AVAILABLE"
"player_icon_anime_gem5","","","0","0","","sc/player_icons_67.sc","player_icon_anime_gem5","3731","","true","","750","19","TRUE","","","","","","","ANIME","","","","","","AVAILABLE"
"player_icon_anime_itabag","","","0","0","","sc/player_icons_67.sc","player_icon_anime_itabag","3732","","true","","750","19","TRUE","","","","","","","ANIME","","","","","","AVAILABLE"
"player_icon_anime_juju","","","0","0","","sc/player_icons_67.sc","player_icon_anime_juju","3733","","true","","750","19","TRUE","","","","","","","ANIME","","","","","","AVAILABLE"
"player_icon_anime_spike","","","0","0","","sc/player_icons_67.sc","player_icon_anime_spike","3734","","true","","750","19","TRUE","","","","","","","ANIME","","","","","","AVAILABLE"
"player_icon_anime_stella","","","0","0","","sc/player_icons_67.sc","player_icon_anime_stella","3735","","true","","750","19","TRUE","","","","","","","ANIME","","","","","","AVAILABLE"
"player_icon_anime_amber","","","0","0","","sc/player_icons_67.sc","player_icon_anime_amber","3736","","true","","750","19","TRUE","","","","","","","ANIME","","","","","","AVAILABLE"
"player_icon_damian_box","","","0","0","","sc/player_icons_67.sc","player_icon_damian_box","3737","","true","","","","TRUE","","","","","","","BOXES","","","","","",""
"player_icon_bolt_box","","","0","0","","sc/player_icons_67.sc","player_icon_bolt_box","3738","","true","","","","TRUE","","","","","","","BOXES","","","","","","NEVER"
"player_icon_cr_26","","","0","0","","sc/player_icons_67.sc","player_icon_cr_26","3739","","true","","","","TRUE","","","","","","","WF_2020","","","","","","NEVER"
"player_icon_mha_chest","","","0","0","","sc/player_icons_67.sc","player_icon_mha_chest","3740","","true","","","","TRUE","","","","","","","MHA","","","","","","NEVER"
"player_icon_scream_bibi","","","0","0","","sc/player_icons_67.sc","player_icon_scream_bibi","3741","","true","","","","TRUE","","","","","","","MISC","","","","","","NEVER"
"player_icon_scream_edgar","","","0","0","","sc/player_icons_67.sc","player_icon_scream_edgar","3742","","true","","","","TRUE","","","","","","","MISC","","","","","","NEVER"
"player_icon_starrnova_anime1","","","0","0","","sc/player_icons_67.sc","player_icon_starrnova_anime1","3743","","true","","750","19","TRUE","","","","","","","ANIME","","","","","","AVAILABLE"
"player_icon_starrnova_anime2","","","0","0","","sc/player_icons_67.sc","player_icon_starrnova_anime2","3744","","true","","750","19","TRUE","","","","","","","ANIME","","","","","","AVAILABLE"
"player_icon_stella_box","","","0","0","","sc/player_icons_67.sc","player_icon_stella_box","3745","","true","","","","TRUE","","","","","","","BOXES","","","","","",""
"player_icon_starrnova1","","","0","0","","sc/player_icons_67.sc","player_icon_starrnova1","2097","true","","","","","TRUE","","","","MagicalGirlDefault","","","","","","","TrophyRewardsMagicalGirl","","NEVER"
"player_icon_bolt1","","","0","0","","sc/player_icons_67.sc","player_icon_bolt1","2098","true","","","","","TRUE","","","","RockDefault","","","","","","","TrophyRewardsRock","","NEVER"
"player_icon_damian1","","","0","0","","sc/player_icons_67.sc","player_icon_damian1","2099","true","","","","","TRUE","","","","GladiatorDefault","","","","","","","TrophyRewardsGladiator","","NEVER"
"player_icon_damian_overcharge","","","0","0","","sc/player_icons_1.sc","player_icon_damian_overcharge","6101","","true","","","","TRUE","","true","","","","","","Gladiator","","","","",""
"hero105","","","0","0","Rock","sc/player_icons_1.sc","player_icon_bolt","752","","","","","","TRUE","","","","","","","","","","","","","NEVER"
"player_icon_mha_2","","","0","0","","sc/player_icons_67.sc","player_icon_mha_2","3746","","true","","","","TRUE","","","","","","","MHA","","","","","","NEVER"
"player_icon_anime_gacha","","","0","1","","sc/player_icons_67.sc","player_icon_anime_gacha","3747","","true","","750","19","TRUE","","","","","","","ANIME","","","","","","AVAILABLE"
"player_icon_najia_overcharge","","","0","0","","sc/player_icons_1.sc","player_icon_najia_overcharge","6102","","true","","","","TRUE","","true","","","","","","Redirecter","","","","",""
"player_icon_bp_strikers","","","0","0","","sc/player_icons_67.sc","player_icon_bp_strikers","3748","true","","","","","TRUE","","","","","","","ADIDAS","","","","","","NEVER"
"player_icon_bp_anime","","","0","0","","sc/player_icons_67.sc","player_icon_bp_anime","3749","true","","","750","19","TRUE","","","","","","","ANIME","","","","","","AVAILABLE"
"player_icon_clawmachine","","","0","1","","sc/player_icons_67.sc","player_icon_clawmachine","3750","","true","","","","TRUE","","","","","","","MISC","","","","","","NEVER"
"player_icon_esports_brawlcup26","","","0","1","","sc/player_icons_67.sc","player_icon_esports_brawlcup26","3751","","true","","","","TRUE","","","","","","","WF_2020","","","","","","NEVER"
"player_icon_bea_starrgirl","","","0","0","","sc/player_icons_67.sc","player_icon_bea_starrgirl","3752","","true","","750","19","TRUE","","","","","","","ANIME","","","","","","AVAILABLE"
"player_icon_amber_starrgirl","","","0","0","","sc/player_icons_67.sc","player_icon_amber_starrgirl","3753","","true","","750","19","TRUE","","","","","","","ANIME","","","","","","AVAILABLE"
"player_icon_juju_starrgirl","","","0","0","","sc/player_icons_67.sc","player_icon_juju_starrgirl","3754","","true","","750","19","TRUE","","","","","","","ANIME","","","","","","AVAILABLE"
"player_icon_spike_starrgirl","","","0","0","","sc/player_icons_67.sc","player_icon_spike_starrgirl","3755","","true","","750","19","TRUE","","","","","","","ANIME","","","","","","AVAILABLE"
"player_icon_colette_starrgirl","","","0","0","","sc/player_icons_67.sc","player_icon_colette_starrgirl","3756","","true","","750","19","TRUE","","","","","","","ANIME","","","","","","AVAILABLE"
"player_icon_finx_starrgirl","","","0","0","","sc/player_icons_67.sc","player_icon_finx_starrgirl","3757","","true","","","","TRUE","","","","","","","ANIME","","","","","",""
"player_icon_deku_mha","","","0","0","","sc/player_icons_67.sc","player_icon_deku_mha","3758","","true","","","","TRUE","","","","KickerDudeMHA","TRUE","","","","","","","","NEVER"
"player_icon_edger_mha","","","0","0","","sc/player_icons_67.sc","player_icon_edger_mha","3759","","true","","","","TRUE","","","","EnragerBakugo","TRUE","","","","","","","","NEVER"
"player_icon_janet_mha","","","0","0","","sc/player_icons_67.sc","player_icon_janet_mha","3760","","true","","","","TRUE","","","","JetpackGirlMHA","TRUE","","","","","","","","NEVER"
"player_icon_mha_hand","","","0","0","","sc/player_icons_67.sc","player_icon_mha_hand","3761","","true","","","","TRUE","","","","","","","MHA","","","","","","NEVER"
"player_icon_primo_mha","","","0","0","","sc/player_icons_67.sc","player_icon_primo_mha","3762","","true","","","","TRUE","","","","LuchadorMHA","TRUE","","","","","","","","NEVER"
"player_icon_shigaraki_mha","","","0","0","","sc/player_icons_67.sc","player_icon_shigaraki_mha","3763","","true","","","","TRUE","","","","SoulCollectorMHA","TRUE","","","","","","","","NEVER"
"player_icon_carl_strikers","","","0","0","","sc/player_icons_67.sc","player_icon_carl_strikers","3764","","true","","","","TRUE","","","","","","","STRIKERS","","","","","","NEVER"
"player_icon_gene_strikers","","","0","0","","sc/player_icons_67.sc","player_icon_gene_strikers","3765","","true","","","","TRUE","","","","","","","STRIKERS","","","","","","NEVER"
"player_icon_lou_strikers","","","0","0","","sc/player_icons_67.sc","player_icon_lou_strikers","3766","","true","","","","TRUE","","","","","","","STRIKERS","","","","","","NEVER"
"player_icon_meeple_strikers","","","0","0","","sc/player_icons_67.sc","player_icon_meeple_strikers","3767","","true","","","","TRUE","","","","","","","STRIKERS","","","","","","NEVER"
"player_icon_otis_strikers","","","0","0","","sc/player_icons_67.sc","player_icon_otis_strikers","3768","","true","","","","TRUE","","","","","","","STRIKERS","","","","","","NEVER"
"player_icon_surge_strikers","","","0","0","","sc/player_icons_67.sc","player_icon_surge_strikers","3769","","true","","","","TRUE","","","","","","","STRIKERS","","","","","","NEVER"
"player_icon_jacky_esports","","","0","0","","sc/player_icons_67.sc","player_icon_jacky_esports","3770","","true","","","","TRUE","","","","","","","WF_2020","","","","","","NEVER"
"player_icon_esports_cup26_1","","","0","0","","sc/player_icons_67.sc","player_icon_esports_cup26_1","3771","","true","","","","TRUE","","","","","","","WF_2020","","","","","","NEVER"
"player_icon_esports_cup26_2","","","0","0","","sc/player_icons_67.sc","player_icon_esports_cup26_2","3772","","true","","","","TRUE","","","","","","","WF_2020","","","","","","NEVER"
"player_icon_mha_split_1","","","0","0","","sc/player_icons_67.sc","player_icon_mha_split_1","3773","","true","","","","TRUE","","","","","","","MHA","","","","","","NEVER"
"player_icon_mha_split_2","","","0","0","","sc/player_icons_67.sc","player_icon_mha_split_2","3774","","true","","","","TRUE","","","","","","","MHA","","","","","","NEVER"
"player_icon_prestige_rock","","","0","0","","sc/ui.sc","player_icon_prestige_rock","8104","true","","","","","TRUE","","","","","","","","","","","","","NEVER"
"hero106","","","0","0","KatanaKid","sc/player_icons_1.sc","player_icon_nori","753","","","","","","TRUE","","","","","","","","","","","","","NEVER"
"hero107","","","0","0","FutureGirl","sc/player_icons_1.sc","player_icon_wendy","754","","","","","","TRUE","","","","","","","","","","","","","NEVER"
"player_icon_prestige_wendy","","","0","0","","sc/ui.sc","player_icon_prestige_wendy","8105","true","","","","","TRUE","","","","","","","","","","","","","NEVER"
"player_icon_prestige_nori","","","0","0","","sc/ui.sc","player_icon_prestige_nori","8106","true","","","","","TRUE","","","","","","","","","","","","","NEVER"
"player_icon_starr_nova_overcharge","","","0","0","","sc/player_icons_1.sc","player_icon_starr_nova_overcharge","6103","","true","","","","TRUE","","true","","","","","","MagicalGirl","","","","",""
"player_icon_ashbox_adidas","","","0","0","","sc/player_icons_68.sc","player_icon_ashbox_adidas","3775","","true","","","","TRUE","","","","","","","ADIDAS","","","","","","NEVER"
"player_icon_berry_katana","","","0","0","","sc/player_icons_68.sc","player_icon_berry_katana","3776","","true","","","","TRUE","","","","","","","NANO","","","","","",""
"player_icon_mico_katana","","","0","0","","sc/player_icons_68.sc","player_icon_mico_katana","3777","","true","","","","TRUE","","","","","","","NANO","","","","","",""
"player_icon_tick_katana","","","0","0","","sc/player_icons_68.sc","player_icon_tick_katana","3778","","true","","","","TRUE","","","","","","","NANO","","","","","",""
"player_icon_jaeyong_cybernoodles","","","0","0","","sc/player_icons_68.sc","player_icon_jaeyong_cybernoodles","3779","","true","","","","TRUE","","","","","","","NANO","","","","","",""
"player_icon_meg_cybernoodles","","","0","0","","sc/player_icons_68.sc","player_icon_meg_cybernoodles","3780","","true","","","","TRUE","","","","","","","WINDSTOCK","","","","","",""
"player_icon_shelly_cybernoodles","","","0","0","","sc/player_icons_68.sc","player_icon_shelly_cybernoodles","3781","","true","","","","TRUE","","","","","","","NANO","","","","","",""
"player_icon_tara_cybernoodles","","","0","0","","sc/player_icons_68.sc","player_icon_tara_cybernoodles","3782","","true","","","","TRUE","","","","","","","NANO","","","","","",""
"player_icon_byron_windstock","","","0","0","","sc/player_icons_68.sc","player_icon_byron_windstock","3783","","true","","","","TRUE","","","","","","","WINDSTOCK","","","","","",""
"player_icon_gray_windstock","","","0","0","","sc/player_icons_68.sc","player_icon_gray_windstock","3784","","true","","","","TRUE","","","","","","","WINDSTOCK","","","","","",""
"player_icon_kenji_windstock","","","0","0","","sc/player_icons_68.sc","player_icon_kenji_windstock","3785","","true","","","","TRUE","","","","","","","WINDSTOCK","","","","","",""
"player_icon_moe_windstock","","","0","0","","sc/player_icons_68.sc","player_icon_moe_windstock","3786","","true","","","","TRUE","","","","","","","WINDSTOCK","","","","","",""
"player_icon_sprout_windstock","","","0","0","","sc/player_icons_68.sc","player_icon_sprout_windstock","3787","","true","","","","TRUE","","","","","","","WINDSTOCK","","","","","",""
"player_icon_brock_cyberpunk","","","0","0","","sc/player_icons_68.sc","player_icon_brock_cyberpunk","3788","","true","","","","TRUE","","","","RocketGirlRankedProgrsesionSkinLevel1","TRUE","","","","","","","","NEVER"
"player_icon_bolt_overcharge","","","0","0","","sc/player_icons_1.sc","player_icon_bolt_overcharge","6104","","true","","","","TRUE","","true","","","","","","Rock","","","","",""
"player_icon_nori1","","","0","0","","sc/player_icons_68.sc","player_icon_nori1","2100","true","","","","","TRUE","","","","KatanaKidDefault","","","","","","","TrophyRewardsKatanaKid","","NEVER"
"player_icon_wendy1","","","0","0","","sc/player_icons_68.sc","player_icon_wendy1","2101","true","","","","","TRUE","","","","FutureGirlDefault","","","","","","","TrophyRewardsFutureGirl","","NEVER"
"player_icon_rosa_windstock","","","0","0","","sc/player_icons_68.sc","player_icon_rosa_windstock","3789","","true","","","","TRUE","","","","","","","WINDSTOCK","","","","","",""
"player_icon_boss_nori","","","0","0","","sc/player_icons_68.sc","player_icon_boss_nori","3790","","true","","","","TRUE","","","","","","","WINDSTOCK","","","","","",""
"player_icon_bp_nano","","","0","0","","sc/player_icons_68.sc","player_icon_bp_nano","3791","true","","","","","TRUE","","","","","","","NANO","","","","","",""
"player_icon_creator_3_26","","","0","0","","sc/player_icons_68.sc","player_icon_creator_3_26","3792","","true","","","","TRUE","","","","","","","MISC","","","","","","NEVER"
"player_icon_creator_4_26","","","0","0","","sc/player_icons_68.sc","player_icon_creator_4_26","3793","","true","","","","TRUE","","","","","","","MISC","","","","","","NEVER"
"player_icon_fennel_26","","","0","0","","sc/player_icons_68.sc","player_icon_fennel_26","3794","","true","","","","TRUE","","","","","","","WF_2020","","","","","","NEVER"
"player_icon_mortis_head","","","0","0","","sc/player_icons_68.sc","player_icon_mortis_head","3795","","true","","","","TRUE","","","","","","","MISC","","","","","","NEVER"
"player_icon_nano_building","","","0","0","","sc/player_icons_68.sc","player_icon_nano_building","3796","","true","","","","TRUE","","","","","","","NANO","","","","","",""
"player_icon_nano_cat","","","0","0","","sc/player_icons_68.sc","player_icon_nano_cat","3797","","true","","","","TRUE","","","","","","","NANO","","","","","",""
"player_icon_nori_box","","","0","0","","sc/player_icons_68.sc","player_icon_nori_box","3798","","true","","","","TRUE","","","","","","","BOXES","","","","","",""
"player_icon_propass_68_1","","","0","0","","sc/player_icons_68.sc","player_icon_propass_68_1","3799","","true","","","","TRUE","","","","","","","PROPASS","","","","","","NEVER"
"player_icon_propass_68_2","","","0","0","","sc/player_icons_68.sc","player_icon_propass_68_2","3800","","true","","","","TRUE","","","","","","","PROPASS","","","","","","NEVER"
"player_icon_propass_68_3","","","0","0","","sc/player_icons_68.sc","player_icon_propass_68_3","3801","","true","","","","TRUE","","","","","","","PROPASS","","","","","","NEVER"
"player_icon_propass_68_4","","","0","0","","sc/player_icons_68.sc","player_icon_propass_68_4","3802","","true","","","","TRUE","","","","","","","PROPASS","","","","","","NEVER"
"player_icon_wendy_box","","","0","0","","sc/player_icons_68.sc","player_icon_wendy_box","3803","","true","","","","TRUE","","","","","","","BOXES","","","","","",""
"player_icon_bp_windstock","","","0","0","","sc/player_icons_68.sc","player_icon_bp_windstock","3804","true","","","","","TRUE","","","","","","","WINDSTOCK","","","","","",""
"player_icon_esports_68","","","0","0","","sc/player_icons_68.sc","player_icon_esports_68","3805","true","","","","","TRUE","","","","","","","WF_2020","","","","","","NEVER"
"player_icon_prestige_cosmo","","","0","0","","sc/ui.sc","player_icon_prestige_cosmo","8107","true","","","","","TRUE","","","","","","","","","","","","","NEVER"
"player_icon_prestige_vince","","","0","0","","sc/ui.sc","player_icon_prestige_vince","8108","true","","","","","TRUE","","","","","","","","","","","","","NEVER"
"player_icon_esports_69_challengers","","","0","0","","sc/player_icons_69.sc","player_icon_esports_69_challengers","3806","","true","","","","TRUE","","","","","","","WF_2020","","","","","","NEVER"
"player_icon_coffin_halloween","","","0","0","","sc/player_icons_69.sc","player_icon_coffin_halloween","3807","","true","","","","TRUE","","","","","","","BRAWLOWEEN","","","","","",""
"player_icon_hat_halloween","","","0","0","","sc/player_icons_69.sc","player_icon_hat_halloween","3808","","true","","","","TRUE","","","","","","","BRAWLOWEEN","","","","","",""
"player_icon_heart_halloween","","","0","0","","sc/player_icons_69.sc","player_icon_heart_halloween","3809","","true","","","","TRUE","","","","","","","BRAWLOWEEN","","","","","",""
"player_icon_pumpkin_halloween","","","0","0","","sc/player_icons_69.sc","player_icon_pumpkin_halloween","3810","","true","","","","TRUE","","","","","","","BRAWLOWEEN","","","","","",""
"player_icon_skullcandle_halloween","","","0","0","","sc/player_icons_69.sc","player_icon_skullcandle_halloween","3811","","true","","","","TRUE","","","","","","","BRAWLOWEEN","","","","","",""
"player_icon_skull_halloween","","","0","0","","sc/player_icons_69.sc","player_icon_skull_halloween","3812","","true","","","","TRUE","","","","","","","BRAWLOWEEN","","","","","",""
"player_icon_spider_halloween","","","0","0","","sc/player_icons_69.sc","player_icon_spider_halloween","3813","","true","","","","TRUE","","","","","","","BRAWLOWEEN","","","","","",""
"player_icon_monster_backtoschool","","","0","0","","sc/player_icons_69.sc","player_icon_monster_backtoschool","3814","","true","","","","TRUE","","","","","","","UNIVERSITY","","","","","",""
"player_icon_mugcup_backtoschool","","","0","0","","sc/player_icons_69.sc","player_icon_mugcup_backtoschool","3815","","true","","","","TRUE","","","","","","","UNIVERSITY","","","","","",""
"hero108","","","0","0","Attractor","sc/player_icons_1.sc","player_icon_cosmo","755","","","","","","TRUE","","","","","","","","","","","","","NEVER"
"hero109","","","0","0","Stacker","sc/player_icons_1.sc","player_icon_vince","756","","","","","","TRUE","","","","","","","","","","","","","NEVER"
"player_icon_nori_overcharge","","","0","0","","sc/player_icons_1.sc","player_icon_nori_overcharge","6105","","true","","","","TRUE","","true","","","","","","KatanaKid","","","","",""
"player_icon_wendy_overcharge","","","0","0","","sc/player_icons_1.sc","player_icon_wendy_overcharge","6106","","true","","","","TRUE","","true","","","","","","FutureGirl","","","","",""
"player_icon_bp_brawlacademy26","","","0","0","","sc/player_icons_69.sc","player_icon_bp_brawlacademy26","3816","true","","","","","TRUE","","","","","","","UNIVERSITY","","","","","",""
"player_icon_bp_brawloween26","","","0","0","","sc/player_icons_69.sc","player_icon_bp_brawloween26","3817","true","","","","","TRUE","","","","","","","BRAWLOWEEN","","","","","",""
"player_icon_brawlacademy26_monster","","","0","0","","sc/player_icons_69.sc","player_icon_brawlacademy26_monster","3818","","true","","","","TRUE","","","","","","","UNIVERSITY","","","","","",""
"player_icon_brawlacademy26_think","","","0","0","","sc/player_icons_69.sc","player_icon_brawlacademy26_think","3819","","true","","","","TRUE","","","","","","","UNIVERSITY","","","","","",""
"player_icon_brawloween26_gold","","","0","0","","sc/player_icons_69.sc","player_icon_brawloween26_gold","3820","","true","","","","TRUE","","","","","","","BRAWLOWEEN","","","","","",""
"player_icon_classof2026","","","0","0","","sc/player_icons_69.sc","player_icon_classof2026","3821","","true","","","","TRUE","","","","","","","UNIVERSITY","","","","","",""
"player_icon_cosmo_box","","","0","0","","sc/player_icons_69.sc","player_icon_cosmo_box","3822","","true","","","","TRUE","","","","","","","BOXES","","","","","","NEVER"
"player_icon_cosmo1","","","0","0","","sc/player_icons_69.sc","player_icon_cosmo1","3823","","true","","","","TRUE","","","","AttractorDefault","","","","","","","TrophyRewardsAttractor","","NEVER"
"player_icon_duo","","","0","0","","sc/player_icons_69.sc","player_icon_duo","3824","","true","","","","TRUE","","","","","","","DUO","","","","","","NEVER"
"player_icon_vince_box","","","0","0","","sc/player_icons_69.sc","player_icon_vince_box","3825","","true","","","","TRUE","","","","","","","BOXES","","","","","","NEVER"
"player_icon_vince1","","","0","0","","sc/player_icons_69.sc","player_icon_vince1","3826","","true","","","","TRUE","","","","StackerDefault","","","","","","","TrophyRewardsStacker","","NEVER"
