"Name","Disabled","Speed","PreExplosionTimeMs","Radius","IgnoreCloseWalls","Indirect","ConstantFlyTime","TriggerWithDelayMs","BouncePercent","DamageReduction","Gravity","EarlyTicks","OnAllyHitActions","OnEnemyHitActions","AreaEffect2DamagePercent","SpawnCharacter","AreaEffectTrailMinDistance","AreaEffectTrailInitialMinDistance","ShotByHero","IsBeam","IsBouncing","DistanceAddFromBounce","MaxDistanceBounces","PiercesCharacters","PiercesEnvironment","PiercesEnvironmentLikeButter","PushbackStrength","PushbackType","OverridePushbackSpeed","MaxZDuringPushback","ChainsToEnemies","ChainBullets","ChainBulletsMax","ChainSpread","ChainTravelDistance","ExecuteChainSpecialCase","DamagePercentStart","DamagePercentEnd","DamageChangeStartPromille","DamageChangeEndPromille","IgnoreDamageChangeForUltiCharge","DamagesConstantlyTickDelay","StunLengthMS","PartialStunPromille","SilenceDurationMS","ScaleStart","ScaleEnd","AttractsPet","LifeStealPercent","PassesEnvironment","SuppressHealing","SuppressHealingTicks","ConsumableShield","ConsumableShieldTicks","DamageOnlyWithOneProj","HealOwnPercent","GrapplesEnemy","KickBack","MinDistanceForSpread","IsFriendlyHomingMissile","BoomerangType","CanHitAgainAfterBounce","IsHomingMissile","UltiChargeChangePercent","TravelType","TravelTypeVariables","IgnoreLevelBorder","SteerStrength","SteerIgnoreTicks","HomeDistance","SteerLifeTime","DoNotForceShow","UniqueProperty","CustomUniquePropertyValue","Zoffset","SuperChargeScalePercent","BooleanAttributes","SpawnItem","StatusEffectAlly","StatusEffectEnemy","StatusEffectSelfOnHit","SpawnAreaEffectObject","SpawnAreaEffectObject2","SpawnAreaEffectObjectsAdditional","SpawnAreaEffectTrail","OnCreateAreaEffect","ChainBullet"
"string","boolean","int","int","int","boolean","boolean","boolean","int","int","int","int","int","string","string","int","string","int","int","boolean","boolean","boolean","int","int","boolean","boolean","boolean","int","int","int","int","int","int","int","int","int","int","int","int","int","int","boolean","int","int","int","int","int","int","boolean","int","boolean","int","int","int","int","boolean","int","boolean","int","int","boolean","int","boolean","boolean","int","int","string","boolean","int","int","int","int","boolean","int","int","int","int","string","string","string","string","string","string","string","string","string","string","string"
"ShotgunGirlProjectile","","3100","","0","","","","","","","0","2","","","","","","","true","","","","","","","","","","","","","","","","","","","","","","","","","","","","","","","","","","","","","","","","","","","","","","","","","","","","","","","","","","","","","","","","","","","",""
"ShotgunGirlUltiProjectile","","4130","","50","","","","","","","0","2","","","","","","","true","","","","","true","true","","70","","","","","","","","","","","","","","","","","","","","","","","","","","","","","","","","","","","","","","","","","","","","","","","","","","","","","","","","","","","",""
"ShotgunGirlOverchargedUltiProjectile","","4130","","50","","","","","","","0","2","","","","","","","true","","","","","true","true","","70","","","","","","","","","","","","","","","","","","","","","","","","","","","","","","","","","","","","","","","","","","","","","","","","","","","","","","","","","","","",""
"GunslingerProjectile","","4000","","50","","","","","","","0","2","","","","","","","true","","","","","","","","","","","","","","","","","","","","","","","","","","","","","","","","","","","","","","","","","","","","","","","","","","","","","","","","","","","","","","","","","","","",""
"GunslingerUltiProjectile","","4891","","101","","","","","","","0","2","","","","","","","true","","","","","true","true","","","","","","","","","","","","","","","","","","","","","","","","","","","","","","","","","","","","","","","","","","","","","","","","","","","","","","","","","","","","","",""
"GunslingerOverchargedUltiProjectile","","4891","","101","","","","","","","0","2","","","","","","","true","","","","","true","true","","","","","","","","","","","","","","","","","","","","","","","","","","","","","","","","","","","","","","","","","","","","","","","","","","","","","","","","","","","","","",""
"BullDudeProjectile","","2853","","0","","","","","","","0","2","","","","","","","true","","","","","","","","","","","","","","","","","","","","","","","","","","","","","","","","","","","","","","","","","","","","","","","","","","","","","","","","","","","","","","","","","","","",""
"RocketGirlProjectile","","2700","","101","","","","","","","0","2","","","30","","","","true","","","","","","","","","","","","","","","","","","","","","","","","","","","","","","","","","","","","","","","","","","","","","","","","","","","","","","","","","","","","","","","Brock_def_atk_area","BurnMainAttack","","","",""
"RocketGirlUltiProjectile","","900","","0","","true","true","","","","93","2","","","","","","","true","","","","","","","","","","","","","","","","","","","","","","","","","","","","","","","","","","","","","","","","","","","","","","","","","","","","","","","","","","IndirectProjectileTracksSource","","","","","Brock_def_ulti_area","","","","",""
"TrickshotDudeProjectile","","3478","","101","","","","","","","0","3","","","","","","","true","","true","500","6","","","","","","","","","","","","","","","","","","","","","","","","","","","","","","","","","","","","","","","","","","","","","","","","","","","","","","","","","","","","","","","",""
"TrickshotDudeUltiProjectile","","4891","","101","","","","","","","0","3","","","","","","","true","","true","500","6","true","","","","","","","","","","","","","","","","","","","","","","","","","","","","","","","","","","","","","","","","","","","","","","","","","","","","","","","","","","","","","","",""
"TrickshotDudeUltiOverchargedProjectile","","4891","","101","","","","","","","0","3","","","","","","","true","","true","1800","8","true","","","","","","","","","","","","","","","","","","","","","","","","","","","","","","","","","","","","","","","","","","","","","","","","","","","","","","","","","","","","","","",""
"CactusProjectile","","2174","","150","","","","","","","0","2","","","","","","","true","","","","","","","","","","","","","","","","","","","","","","","","","","","","","","","","","","","","","","","","","","","","","","","","","","","","","","","","","","","","","","","CactusExplosion","CactusSpikeExplosion","","","",""
"CactusUltiProjectile","","1739","","0","","true","","","","","240","1","","","","","","","true","","","","","","","","","","","","","","","","","","","","","","","","","","","","","","","","","","","","","","","","","","","","","","","","","","","","","","","","","","","","","","","CactusUltiExplosion","","","","",""
"CactusOverchargedUltiProjectile","","1739","","0","","true","","","","","240","1","","","","","","","true","","","","","","","","","","","","","","","","","","","","","","","","","","","","","","","","","","","","","","","","","","","","","","","","","","","","","","","","","","","","","","","CactusOverchargeUltiExplosion","","","","",""
"CactusSpike","","3261","","50","","","","","","","0","1","","","","","","","true","","","","","","","","","","","","","","","","","","","","","","","","","","","","","","","","","","","","","","","","","","","","","","","","","","","","","","","","","","","","","","","","","","","",""
"MechanicProjectile1","","3050","","150","","","","","","","0","2","","","","","","","true","","","","","","","","","","","","1","","","","20","","","","","","","","","","","","","","","","","","","","","","","","","","","","","","","","","","","","","","","","","","","","","","","","","","","","MechanicProjectile2"
"MechanicProjectile2","","1522","","150","","","","","","","0","1","","","","","","","true","","","","","","","","","","","","1","","","","20","","75","75","0","1000","true","","","","","","","","","","","","","","","","","","","","","","","","","","","","","","","","","","","","","","","","","","","","","","MechanicProjectile3"
"MechanicProjectile3","","1522","","150","","","","","","","0","1","","","","","","","true","","","","","","","","","","","","","","","","","","75","75","0","1000","true","","","","","","","","","","","","","","","","","","","","","","","","","","","","","","","","","","","","","","","","","","","","","",""
"MechanicUltiProjectile","","1196","","0","","true","","","","","170","1","","","","","","","true","","","","","","","","","","","","","","","","","","","","","","","","","","","","","","","","","","","","","","","","","","","","","","","","","","","","","","","","","","","","","","","","","","","",""
"MechanicOverchargedUltiProjectile","","1196","","0","","true","","","","","170","1","","","","","","","true","","","","","","","","","","","","","","","","","","","","","","","","","","","","","","","","","","","","","","","","","","","","","","","","","","","","","","","","","","","","","","","","","","","",""
"ShamanProjectile","","2718","","250","","","","","","","0","1","","","","","","","true","","","","","true","","","","","","","","","","","","","","","","","","","","","","","","","","","","","","","","","","","","","","","","","","","","","","","","","","","","","","","","","","","","","","",""
"ShamanUltiProjectile","","1196","","0","","true","","","","","170","1","","","","","","","true","","","","","","","","","","","","","","","","","","","","","","","","","","","","","","","","","","","","","","","","","","","","","","","","","","","","","","","","","","","","","","","","","","","",""
"ShamanOverchargedProjectile","","3718","","300","","","","","","","0","1","","","","","","","true","","","","","true","","","","","","","","","","","","","","","","","","","","","","100","120","","","","","","","","","","","","","","","","","","","","","","","","","","","","","","","","","","","","","","","",""
"ShamanOverChargedUltiProjectile","","1196","","0","","true","","","","","170","1","","","","","","","true","","","","","","","","","","","","","","","","","","","","","","","","","","","","","","","","","","","","","","","","","","","","","","","","","","","","","","","","","","","","","","","","","","","",""
"BarkeepProjectile","","1750","","0","","true","","","","","240","1","","","","","","","true","","","","","","","","","","","","","","","","","","","","","","","","","","","","","","","","","","","","","","","","","","","","","","","","","","","","","","","","","","","","","","","Barley_def_atk","","","","",""
"BarkeepUltiProjectile","","1700","","0","","true","","","","","170","1","","","","","","","true","","","","","","","","","","","","","","","","","","","","","","","","","","","","","","","","","","","","","","","","2100","","","","","","","","","","","","","","","","","","","","","","","Barley_def_ulti","","","","",""
"TntDudeProjectile","","1900","","0","","true","","1000","35","","430","1","","","","","","","true","","","","","","","","","","","","","","","","","","","","","","","","","","","","","","","","","","","","","","","","1000","","","","","","","","","","","","","","","","","","","","","","","TntDudeExplosion","","","","",""
"TntDudeOverchargedClusterProjectile","","1900","","0","","true","","1000","35","","430","1","","","","","","","true","","","","","","","","","","","","","","","","","","","","","","","","","","","","","","","","","","","","","","","","1000","","","","","","","","","","","","","","","","","","","","","","","TntDudeOverchargedUltiClusterExplosion","","","","",""
"TntDudeUltiProjectile","","1600","","0","","true","","1300","35","","330","1","","","","","","","true","","","","","","","","","","","","","","","","","","","","","","","","","","","","","","","","","","","","","","","","","","","","","","","","","","","","","","","","","","","","","","","TntDudeUltiExplosion","","","","",""
"TntDudeOverchargedUltiProjectile","","1600","","0","","true","","1300","35","","330","1","","","","","","","true","","","","","","","","","","","","","","","","","","","","","","","","","","","","","","","","","","","","","","","","","","","","","","","","","","","","","","","","","","","","","","","TntDudeOverchargedUltiExplosion","TntDudeOverchargedUltiClusterBombs","","","",""
"TntDudeNanoChainProjectile","","1900","","0","","true","","1000","35","","430","1","","","","","","","true","","","","","","","","","","","","","","","","","","","","","","","","","","","","","","","","","","","","","","","","1000","","","","","","","","","","","","","","","","","","","","","","","TntDudeExplosion","","","","",""
"BoneThrowerProjectile","","1305","","0","","true","","4000","35","","150","1","","","","","","","true","","","","","","","","","","","","","","","","","","","","","","","","","","","","","true","","","","","","","","","","","","","","","","","","","","","","","","","","","","","","","","","","","","","","",""
"BoneThrowerUltiProjectile","","1305","","0","","true","","15000","35","","150","1","","","","","","","true","","","","","","","","","","","","","","","","","","","","","","","","","","","","","true","","","","","","","","","","","","","","","","","","","","","","","","","","","","","","","","","","","","","","",""
"DummyProjectileForLaserBall","","2499","","0","","","","","","","0","1","","","","","","","false","","true","0","","","","","","","","","","","","","","","","","","","","","","","","","","","","","","","","","","","","","","","","","","","31","","","","","","","","","","","","","","","","","","","","","",""
"DummyProjectileForLaserBallBurning","","2499","","0","","","","","","","0","1","","","","","","","false","","","","","","true","true","","","","","","","","","","","","","","","","","","","","","","","","","","","","","","","","","","","","","","","31","","","","","","","","","","","","","","","","","","","","","",""
"MechanicTurretProjectile","","3478","","0","","","","","","","0","2","","","","","","","","","","","","","","","","","","","","","","","","","","","","","","","","","","","","","","","","","","","","","","","","","","","","","","","","","","","","","","","","","","","","","","","","","","",""
"MechanicOverchargedTurretProjectile","","3478","","0","","","","","","","0","2","","","","","","","","","","","","","","","","","","","","","","","","","","","","","","","","","","","","","","","","","","","","","","","","","","","","","","","","","","","","","","","","","","","","","","","","","","",""
"UndertakerAfterChargeOverchargedProjectile","","3478","","280","","","","","","","0","2","","","","","","","","","","","","","","","","","","","","","","","","","","","","","","","","","","","","","","","","","","","","","","","","","","","","","","","","","","","","","","","","","","","","","","","","","","",""
"UndertakerUltiProjectile","","3000","","400","","","","","","","0","1","","","","","","","true","","","","","true","","","","","","","","","","","","","","","","","","","","","","","","","100","true","","","","","","","","","","","","","","","","","","","","","","","","","","","","","","","","","","","","",""
"UndertakerOverchargedUltiProjectile","","3500","","400","","","","","","","0","1","","","","","","","true","","","","","true","","","","","","","","","","","","","","","","","","","","","","","","","100","true","","","","","","","","","","","1","","","","","","","","","","","","","","","","","","","","","","","","","","UndertakerOverchargedUltiProjectileReturn"
"UndertakerOverchargedUltiProjectileReturn","","3500","","400","","","","","","","0","1","","","","","","","true","","","","","true","","","","","","","","","","","","","","","","","","","","","","","","","100","true","","","","","","","","","","","","","","","","","","","","","","","","","","","","","","","","","","","","",""
"CrowProjectile","","3261","","50","","","","","","","0","2","","","","","","","true","","","","","","","","","","","","","","","","","","","","","","","","","","","","","","","","50","80","","","","","","","","","","","","","","","","","","","","","","","","","","","","CrowPoison","","","","","","",""
"CrowOverchargedProjectile","","3261","","50","","","","","","","0","2","","","","","","","true","","","","","true","","","","","","","","","","","","","","","","","","","","","","","","","","","50","80","","","","","","","","","1","","","","","","","","","","","","","","","","","","","CrowPoison","","","","","","","CrowOverchargedProjectile2"
"CrowOverchargedProjectile2","","3261","","50","","","","","","30","0","2","","","","","","","true","","","","","true","","","","","","","","","","","","","","","","","","","","","","","","","","","50","80","","","","","","","","","1","","","","","","","","","","","","","","","","","","","CrowPoison","","","","","","",""
"CrowUltiProjectile","","3261","","50","","","","","","","0","1","","","","","","","true","","","","","","","","","","","","","","","","","","","","","","","","","","","","","","","","","","","","","","","","","","","","","","","","","","","","","","","","","","","","","CrowPoison","","","","","","",""
"CrowThrowPoisonDaggerSkillProjectile","","3261","","100","","","","","","","0","2","","","","","","","true","","","","","","","","","","","","","","","","","","","","","","","","","","","","","","","","50","80","","","","","","","","","","","","","","","","","","","","","","","","0","","","","CrowPoisonGadget","","","","","","",""
"CrowThrowPoisonDaggerSkillProjectileBuddy","","3261","","100","","","","","","","0","2","","","","","","","true","","","","","","","","","","","","1","","","","20","","","","","","","","","","","","","","","","50","80","","","","","","","","","","","","","","","","","","","","","","","","0","","","","CrowPoisonGadget","","","","","","","CrowThrowPoisonDaggerSkillProjectileBuddyChain"
"CrowThrowPoisonDaggerSkillProjectileBuddyChain","","3261","","100","","","","","","","0","2","","","","","","","true","","","","","","","","","","","","1","","","","20","","","","","","","","","","","","","","","","50","80","","","","","","","","","","","","","","","","","","","","","","","","0","","","","CrowPoisonGadget","","","","","","",""
"DeadMariachiProjectile","","2500","","150","","","","","","","0","4","","","","","","","true","","","","","true","","","","","","","","","","","","","","","","","","","","","","","","","","","","","","","true","","","","","","","","","","","","","","","","","","","","","","","","","","","","","","","",""
"DeadMariachiOverchargedProjectile","","2500","","150","","","","","","","0","4","","","","","","","true","","","","","true","","","","","","","","","","","","","","","","","","","","","","","","","","","","","","","true","","","","","","","","","","","","","","","","","","","","","","","","","","","","","","","",""
"DeadMariachiUltiProjectile","","5000","","400","","","","","","","0","1","","","","","","","true","","","","","true","","","","","","","","","","","","","","","","","","","","","","","","","","true","","","","","true","100","","","","","","","","","","","","","","","","","","","","","","","","","","","","","","",""
"DeadMariachiOverchargedUltiProjectile","","5000","","400","","","","","","","0","1","","","","","","","true","","","","","true","","","","","","","","","","","","","","","","","","","","","","","","","","true","","","","","true","100","","","","","","","","","","","","","","","","","","","","","","","","","","","","","","",""
"DeadMariachi_CleanseProjectile","","2500","","0","","true","","","","","405","1","","","","","","","true","","","","","","","","","","","","","","","","","","","","","","","","","","","","","","","","","","","","","","","","","","","","","","","","","","","","","","","","","","","","","","","DeadMariachiCleanseArea","","","","",""
"DeadMariachi_CleanseProjectileBuddy","","2500","","0","","true","","","","","405","1","","","","","","","true","","","","","","","","","","","","","","","","","","","","","","","","","","","","","","","","","","","","","","","","","","","","","","","","","","","","","","","","","","","","","","","DeadMariachiCleanseAreaBuddy","","","","",""
"BowDudeSpawnMineProjectile","","2391","","0","","true","","","","","405","2","","","","","","","true","","","","","","","","","","","","","","","","","","","","","","","","","","","","","","","","","","","","","","","","","","","","","","","","","","","","","","","","","","","","","","","Bo_def_ulti1_area","","","","",""
"BowDudeProjectile","","2800","","70","","","","","","","0","5","","","","","","","true","","","","","","","","","","","","","","","","","","","","","","","","","","","","","","","","","","","","","","","","","","","","","","","","","","","","","","","","","","","","","","","Bo_def_atk_area","","","","",""
"SniperProjectile","","4000","","101","","","","","","","0","3","","","","","","","true","","","","","","","","","","","","","","","","","","20","100","0","850","","","","","","","","","","","","","","","","","","","","","","","","","","","","","","","","","","","","","","","","","","","","","","",""
"MinigunDudeProjectile","","4130","","50","","","","","","","0","2","","","","","","","true","","","","","","","","","","","","","","","","","","","","","","","","","","","","","","","","","","","","","","","","","","","","","","","","","","","","","","","","","","","","","","","","","","","",""
"MinigunDudeUltiProjectile","","1196","","0","","true","","","","","170","3","","","","","","","true","","","","","","","","","","","","","","","","","","","","","","","","","","","","","","","","","","","","","","","","","","","","","","","","","","","","","","","","","","","","","","","","","","","",""
"MinigunDudeProjectileNano","","4130","","50","","","","","","","0","2","","","","","","","true","","","","","","","","","","","","","","","","","","","","","","","","","","","","","","","","","","","","","","","","","","","","","","4","","","5","5","5","","","","","","","","","","","","","","","","",""
"PrimoDefProjectile","","3261","","150","","","","","","","0","1","","","","","","","true","","","","","true","","","","","","","","","","","","","","","","","","","","","","20","100","","","","","","","","","","","","","","","","","","","","","","","","","","","","","","","","","","","","","","","",""
"BlackHoleProjectile","","3152","","100","","","","","","","0","2","","","","","","","true","","","","","true","","","","","","","","","","","","","","","","","","","","","","","","","","","","","","","","","","","","","","","","","","","","","","","","","","","","","","","","","","","","","","",""
"BlackHoleUltiProjectile","","1522","","0","","true","","","","","200","1","","","","","","","true","","","","","","","","","","","","","","","","","","","","","","","","","","","","","","","","","","","","","","","","","","","","","","","","","","","","","","","","","","","","","","","BlackHoleUltiSuck","BlackHoleUltiExplosion","","","",""
"BarrelBotProjectile","","4000","","0","","","","","","","0","2","","","","","","","true","","","","","","","","","","","","","","","","","","","","","","","","","","","","","","","","","","","","","","","","","","","","","","","","","","","","","","","","","","","","","","","","","","","",""
"BarrelBotOverchargedProjectile","","4000","","0","","","","","","","0","2","","","","","","","true","","","","","","","","","","","","","","","","","","","","","","","","","","","","","","","","","","","","","","","","","","","","","","","","","","","","","","","","","","","","","","","","","","","",""
"ArtilleryDudeProjectile","","3400","","150","","","","","","","0","2","","","","","","","true","","","","","","","","","","","","","3","","20","16","","","","","","","","","","","","","","","","","","","","","","","","","","","","","","","","","","","","","","","","","","","","","","","","","","","","ArtilleryDudeProjectile2"
"ArtilleryDudeProjectile2","","2500","","101","","","","","","","0","2","","","","","","","true","","","","","true","","","","","","","","","","","","","75","75","0","1000","","","","","","","","","","","","","","","","","","","","","","","","","","","","","","","","","","","","","","","","","","","","","","",""
"ArtilleryDudeUltiProjectile","","1196","","0","","true","","","","","139","1","","","","","","","true","","","","","","","","","","","","","","","","","","","","","","","","","","","","","","","","","","","","","","","","","","","","","","","","","","","","","","","","","","","","","","","","","","","",""
"ArtilleryDudeTurretProjectile","","750","1200","0","","true","true","","","","90","1","","","22","","","","","","","","","","","","","","","","","","","","","","","","","","","","","","","","","","","","","","","","","","","","","","","","","","","","","","","","","","","","","","","","","","","ArtilleryDudeTurretExplosion","BurnUlti","","","",""
"ArtilleryDudeOverchargedUltiProjectile","","1196","","0","","true","","","","","139","1","","","","","","","true","","","","","","","","","","","","","","","","","","","","","","","","","","","","","","","","","","","","","","","","","","","","","","","","","","","","","","","","","","","","","","","","","","","",""
"ArtilleryDudeOverchargedTurretProjectile","","750","1200","0","","true","true","","","","90","1","","","22","","","","","","","","","","","","","","","","","","","","","","","","","","","","","","","","","","","","","","","","","","","","","","","","","","","","","","","","","","","","","","","","","","","ArtilleryDudeOverchargedTurretExplosion","ArtilleryDudeOverchargedExplosion","","","",""
"ShotgunGirlPetProjectile","","2826","","0","","","","","","","0","2","","","","","","","","","","","","","","","","","","","","","","","","","","","","","","","","","","","","","","","","","","","","","","","","","","","","","","","","","","","","","","","","","","","","","","","","","","",""
"BlackHolePetProjectile","","3152","","50","","","","","","","0","2","","","","","","","","","","","","true","","","","","","","","","","","","","","","","","","","","","","","","","","","","","","","","","","","","","","","","","","","","","","","","","","","","","","","","","","","","","","",""
"HammerDudeProjectile","","5000","","150","","","","","","","0","2","","","","","","","true","","","","","true","","","","","","","","","","","","","","","","","","","","","","","","","","","","","","","true","","","","","","","","","","","","","","","","","","","","","","","","","","","","","","","",""
"HammerDudeUltiProjectile","","6000","","250","","","","","","","0","2","","","","","","","true","","","","","true","true","true","","","","","","","","","","","","","","","","","2000","","","","","","","","","","","","true","","","","","","","","","","","","","","","","","","","","","","","","","","","","","","","",""
"HookProjectile","","3200","","150","","","","","","","0","2","","","","","","","true","","","","","","","","","","","","","6","","40","17","1","","","","","","","","","","","","","","","","","","","","","","","","","","","","","","","","","","","","","","","","","","","","","","","","","","","HookProjectile2"
"HookProjectile2","","3200","","101","","","","","","","0","2","","","","","","","true","","","","","","","","","","","","","","","","","","","","","","","","","","","","","","","","","","","","","","","","","","","","","","","","","","","","","","","","","","","","","","","","","","","",""
"HookUltiProjectile","","3200","","200","","","","","","","0","4","","","","","","","true","","","","","","","","","","","","","","","","","","","","","","","","","","","","","","","true","","","","","","","true","","","","","","","","","","","","","","","","","","","","","","","","","","","","","","HookUltiProjectile2"
"HookUltiProjectile2","","2000","","200","","","","","","","0","2","","","","","","","true","","","","","","true","true","","","","","","","","","","","","","","","","","","","","","","","","true","","","","","","","true","","","","","","","","","","","","","","","","","","","","","","","","","","","","","",""
"ClusterBombProjectile","","450","","0","","true","true","900","","","25","2","","","","","","","true","","","","","","","","","","","","","","","","","","","","","","","","","","","","","","","","","","","","","","","","","","","","","","","","","","","","","","","","","","","","","","","ClusterBombExplosion","","","","",""
"ClusterBombProjectile2","","2000","","0","","true","true","","","","200","1","","","","","","","true","","","","","","","","","","","","","","","","","","","","","","","","","","","","","","","","","","","","","","","","","","","","","","","","","","","","","","","","","","","","","","","ClusterBombExplosion2","","","","",""
"ClusterBombSummonProjectile","","1196","","0","","true","","","","","170","1","","","","","","","true","","","","","","","","","","","","","","","","","","","","","","","","","","","","","","","","","","","","","","","","","","","","","","","","","","","","","","","","","","","","","","","","","","","",""
"ArcadeProjectile","","4500","","50","","","","","","","0","3","","","","","","","true","","","","","","","","","","","","","","","","","","","","","","","","","","","","","","","","","","","","","","","","","","","","","","","","","","","","","","","","","","","","","","","","","","","",""
"ArcadeUltiProjectile","","1196","","0","","true","","","","","170","3","","","","","","","true","","","","","","","","","","","","","","","","","","","","","","","","","","","","","","","","","","","","","","","","","","","","","","","","","","","","","","","","","","","","","","","","","","","",""
"ArcadeUltiOverchargedProjectile","","1196","","0","","true","","","","","170","3","","","","","","","true","","","","","","","","","","","","","","","","","","","","","","","","","","","","","","","","","","","","","","","","","","","","","","","","","","","","","","","","","","","","","","","","","","","",""
"ArcadeOverchargedBuddyProjectile","","4500","","50","","","","","","","0","3","","","","","","","true","","","","","","","","","","","","","","","","","","","","","","","","","","","","","","","","","","","","","","","","","","","","","","","","","","","","","","","","","","","","","","","","","","","",""
"ArcadeItemDispenserProjectile","","2000","","0","","true","","","","","300","1","","","","","","","true","","","","","","","","","","","","","","","","","","","","","","","","","","","","","","","","","","","","","","","","","","","","","","","","","","","","","","","","","","","ArcadeAmmo","","","","","","","","",""
"ArcadeDoubleBonusSkillProjectile","","4500","","50","","","","","","","0","3","","","","","","","true","","","","","","","","","","","","","","","","","","","","","","","","","","","","","","","","","","","","","","","","","","","","","","","","","","","","","","","","","","","","","","","","","","","",""
"ArcadeDoubleBonusSkillBuddyProjectile","","4500","","50","","","","","","","0","3","","","","","","","true","","","","","","","","","","","","1","","","","20","","","","","","","","","","","","","","","","","","","","","","","","","","","","","","","","","","","","","","","","","","","","","","","","","","","","ArcadeDoubleBonusSkillBuddyProjectile2"
"ArcadeDoubleBonusSkillBuddyProjectile2","","3000","","50","","","","","","","0","1","","","","","","","true","","","","","","","","","","","","1","","","","20","","60","60","0","1000","true","","","","","","","","","","","","","","","","","","","","","","","","","","","","","","","","","","","","","","","","","","","","","","ArcadeDoubleBonusSkillBuddyProjectile3"
"ArcadeDoubleBonusSkillBuddyProjectile3","","3000","","50","","","","","","","0","1","","","","","","","true","","","","","","","","","","","","","","","","","","60","60","0","1000","true","","","","","","","","","","","","","","","","","","","","","","","","","","","","","","","","","","","","","","","","","","","","","",""
"LeonDefProjectile","","3500","","100","","","","","","","0","2","","","","","","","true","","","","","","","","","","","","","","","","","","100","35","150","1000","","","","","","","","","","","","","","","","","","","","","","","","","","","","","","","","","","","","","","","","","","","","","","",""
"LeonDefProjectileMutation","","2000","","100","","","","","","","0","2","","","","","","","true","","","","","","","","","","","","","","","","","","100","35","150","1000","","","","","","","","","","","","","","","","","","","","","","","","","","","","","","","","","","","","","","","","","","","","","","",""
"RosaProjectile","","5000","","150","","","","","","","0","2","","","","","","","true","","","","","true","","","","","","","","","","","","","","","","","","","","","","","","","","","","","","","true","","","","","","","","","","","","","","","","","","","","","","","","","","","","","","","",""
"CoopRangedEnemyProjectile","","4000","","100","","","","","","","0","2","","","","","","","","","","","","","","","","","","","","","","","","","","","","","","","","","","","","","","","","","","","","","","","","","","","","","","","","","","","","","","","","","","","","","","","","","","",""
"BossProjectile","","3000","","150","","","","","","","0","3","","","","","","","","","","","","","true","","","","","","","","","","","","","","","","","","","","","","","","","","","","","","","","","","","","","","","","","","","","","","","","","","","","","","","","","","","","","",""
"RaidBossRangedEnemyProjectile","","4000","","100","","","","","","","0","2","","","","","","","","","","","","","","","","","","","","","","","","","","","","","","","","","","","","","","","","","","","","","","","","","","","","","","","","","","","","","","","","","","","","","","","","","","",""
"RaidBossProjectileRed","","5000","","150","","","","","","","0","3","","","","","","","","","","","","","","","","","","","","","","","","","","","","","","","","","","","","","","","","","","","","","","","","","","","","","","","","","","","","","","","","","","","","","","","","","","",""
"RaidBossProjectileRedDestroyEnv","","5000","","150","","","","","","","0","3","","","","","","","","","","","","","true","","","","","","","","","","","","","","","","","","","","","","","","","","","","","","","","","","","","","","","","","","","","","","","","","","","","","","","","","","","","","",""
"RaidBossProjectileGold","","5000","","150","","","","","","","0","3","","","","","","","","","","","","true","true","true","","","","","","","","","","","","","","","","","","","","","","","","","","","","","","","","","","","","","","","","","","","","","","","","","","","","","","","","","","","","",""
"RaidBossRocketProjectile","","480","","0","","true","true","","","","20","2","","","","","","","","","","","","","","","","","","","","","","","","","","","","","","","","","","","","","","","","","","","","","","","","","","","","","","","","","","","","","","","","","","","","","","RaidBossRocketBurn","","","","",""
"ShamanStarPowerProjectile","","3000","","0","","","","","","","0","1","","","","","","","","","","","","","","","","","","","","","","","","","","","","","","","","","","","","","","true","","","","","","","","","","true","","","","","","","","","","","","","","","","","","","","","","","","","","",""
"UndertakerStarPowerProjectile","","3000","","0","","","","","","","0","1","","","","","","","","","","","","","","","","","","","","","","","","","","","","","","","","","","","","","","true","","","","","","","","","","true","","","","","","","","","","","","","","","","","","","","","","","","","","",""
"HammerDudeStarPowerProjectile","","3000","","0","","","","","","","0","1","","","","","","","","","","","","","","","","","","","","","","","","","","","","","","","","","","","","","","true","","","","","","","","","","true","","","","","","","","","","","","","","","","","","","","","","","","","","",""
"RoboWarsBaseProjectile","","6000","","0","","true","","","","","1900","2","","","","","","","","","","","","","","","","","","","","","","","","","","","","","","","","","","","","","","","","","","","","","","","","","","","true","","","","","","","","","","","","","","","","","","","RoboWarsBaseExplosion","","","","",""
"WhirlwindProjectile","","3000","","250","","","","","","","0","1","","","","","","","true","","","","","true","","","","","","","","","","","","","","","","","","","","","","","","","","","","","","","","","","","","","1","","","","","","","","","","","","6","","","","","","","","","","","","","","WhirlwindProjectile2"
"WhirlwindProjectile2","","3000","","250","","","","","","","0","1","","","","","","","true","","","","","true","","","","","","","","","","","","","","","","","","","","","","","","","","true","","","","","","","","","","","1","","","","","","","","","","","","6","","","","NoExternalProjectileControl","","","","","","","","","",""
"BaseballUltiProjectile","","3000","","250","","","","","","","0","3","","","","","","","true","","true","","","true","","","","","","","","","","","","","","","","","","10","","","","","","","","","","","","","","","","","","","","","","","","","","","","","","","","","","","","","","","","","","","","",""
"BaseballOverchargedUltiProjectile","","3000","","250","","","","","","","0","3","","","","","","","true","","true","","","false","","","","","","","","2","","20","100","","","","","","","10","","","","","","","","","","","","","","","","","","","","","","","","","","","","","","","","","","","","","","","","","","","","","BaseballOverchargedUltiProjectileChain"
"BaseballOverchargedUltiProjectileChain","","3000","","250","","","","","","","0","3","","","","","","","true","","true","","","true","","","","","","","","","","","","","","","","","","10","","","","","","","","","","","","","","","","","","","","","","","","","","","","","","","","","","","","","","","","","","","","",""
"TurretElecProj","","3478","","0","","","","","","","0","2","","","","","","","","","","","","","","","","","","","1","","","","14","","","","","","","","","","","","","","","","","","","","","","","","","","","","","","","","","","","","","","","","","","","","","","","","","","","","TurretElecProj2"
"TurretElecProj2","","2000","","0","","","","","","","0","2","","","","","","","","","","","","","","","","","","","1","","","","14","","","","","","","","","","","","","","","","","","","","","","","","","","","","","-100","","","","","","","","","","","","","","","","","","","","","","","TurretElecProj3"
"TurretElecProj3","","2000","","0","","","","","","","0","2","","","","","","","","","","","","","","","","","","","","","","","","","","","","","","","","","","","","","","","","","","","","","","","","","","","","-100","","","","","","","","","","","","","","","","","","","","","","",""
"BlackHolePet2Projectile","","3000","","0","","","","","","","0","1","","","","","","","","","","","","","","","","","","","","","","","","","","","","","","","","","","","","","","true","","","","","","","","","","true","","","","","","","","","","","","","","","","","","","","","","","","","","",""
"BeeSniperProjectile","","3255","","150","","","","","","","0","3","","","","","","","true","","","","","","","","","","","","","","","","","","","","","","","","","","","","","","","","","","","","","","","","","","","","","","","","","","","","","","","","","","","","","","","","","","","",""
"BeeSniperChargedProjectile","","3255","","150","","","","","","","0","3","","","","","","","true","","","","","","","","","","","","","","","","","","","","","","","","","","","","","","","","","","","","","","","","","","","","","","","","","","","","","","27","","","","","","","","","","","","","",""
"BeeSniperUltiProjectile","","2500","","150","","","","","","","0","2","","","","","","","true","","","","","","","","","","","","","","","","","","","","","","","","","","","","","","","","","","","","","","","","","","","","","","3","","","","","","","","","","","","","","","BeeSniperUltiProjectileSlow","","","","","","",""
"BeeProjectile","","4000","","0","","","","","","","0","2","","","","","","","","","","","","","","","","","","","","","","","","","","","","","","","","","","","","","","","","","","","","","","","","","","","","","","","","","","","","","","","","","","","","","","","","","","",""
"SandstormProjectile","","3500","","200","","","","","","","0","4","","","","","","","true","","","","","true","","","","","","","","","","","","","","","","","","","","","","","","","","","","","","","true","","","","","","","","","","","","","","","","","","","","","","","","","","","","","","","",""
"SandstormUltiProjectile","","2000","","0","","true","","","","","300","1","","","","","","","true","","","","","","","","","","","","","","","","","","","","","","","","","","","","","","","","","","","","","","","","","","","","","","","","","","","","","","","","","","","","","","","Sandy_def_ulti","","","","",""
"MummyProjectile","","1500","","200","","","","","","","0","3","","","","","","","true","","","","","true","","","","","","","","","","","","","","","","","","7","","","","35","125","","","","","","","","true","","","","","","","","","","1","","","","","","","","","","","","","","","","","","","","","",""
"BossRaceBossProjectile","","5000","","150","","","","","","","0","3","","","","","","","","true","","","","","","","","","","","","","","","","","","","","","","","","","","","","","","","","","","","","","","","","","","","","","","","","","","","","","","","","","","","","","","","","","","",""
"BossRaceBossLightningProjectile1","","3500","","250","","","","","","","0","3","","","","","","","true","","","","","","","","","","","","1","","","","40","","","","","","","","","","","","","","","","","","","","","","","","","","","","","","","","","","","","","","","","","","","","","","","","","","","","BossRaceBossLightningProjectile2"
"BossRaceBossLightningProjectile2","","2700","","250","","","","","","","0","1","","","","","","","true","","","","","","","","","","","","1","","","","40","","","","","","","","","","","","","","","","","","","","","","","","","","","","","","","","","","","","","","","","","","","","","","","","","","","","BossRaceBossLightningProjectile3"
"BossRaceBossLightningProjectile3","","2700","","250","","","","","","","0","1","","","","","","","true","","","","","","","","","","","","","","","","","","","","","","","","","","","","","","","","","","","","","","","","","","","","","","","","","","","","","","","","","","","","","","","","","","","",""
"BossRaceBossRocketProjectile","","400","","0","","true","true","","","","10","2","","","","","","","true","","","","","","","","","","","","","","","","","","","","","","","","","","","","","","","","","","","","","","","","","","","","","","","","","","","","","","","","","","","","","","","BossRaceBossRocketExplosion","BossRaceBossRocketBurn","","","",""
"SpawnerDudeProjectile","","3000","","200","","","","","","","0","2","","","","","","","true","","","","","","","","","","","","","1","","","10","2","","","","","","","","","","","","","","","","","","","","","","","","","","","","","","","","","","","","","","","","","","","","","","","","","","","SpawnerDudeIndirectProjectile"
"SpawnerDudeIndirectProjectile","","1000","","0","","true","true","600","35","","400","","","","","","","","true","","","","","","","","","","","","","","","","","","","","","","","","","","","","","","","","","","","","","","","","1000","","","","","","","","","","","","","","","","","","","","","","","SpawnerDudeExplosion","","","","",""
"SpawnerDudeUltiProjectile","","1196","","0","","true","","","","","139","1","","","","","","","true","","","","","","","","","","","","","","","","","","","","","","","","","","","","","","","","","","","","","","","","","","","","","","","","","","","","","","","","","","","","","","","","","","","",""
"SpeedyProjectile","","4000","","50","","","","","","","0","2","","","","","","","true","","","","","","","","","","","","","","","","","","","","","","","","","","","","","","","","","","","","","","","","","","","","","","","","","","","","","","","","","","","","","","","","","","","",""
"SpeedyOverchargedBuddyProjectile","","4000","","50","","","","","","","0","2","","SpeedyOverchargedBuddyWeaponAction","","","","","true","","","","","","","","","","","","","","","","","","","","","","","","","","","","","","","","","","","","","","","","","","","","","","","","","","","","","","","","","","","","","","","","","","","",""
"SpeedyRewindProjectile","","29000","","0","","true","","","","","250","1","","","","","","","true","","","","","","","","","","","","","","","","","","","","","","","","","","","","","","","","","","","","","","","","","","","","","","","","","","","","","","","","","","","","","","","SpeedyRewindArea","","","","",""
"4797e4b59a7db4da9abe783a7e1ab7aa704e76d9","true","4130","","50","","","","","","","0","2","","","","","","","true","","","","","true","true","","70","","","","","","","","","","","","","","","","","","","","","","","","","","","","","","","","","","","","","","","","","","","","","","","","","","","","","","","","","","","",""
"7e1d9dd07b134c1939b99ad5f462ed84c0b98a49","true","4130","","50","","","","","","","0","2","","","","","","","true","","","","","true","true","","70","","","","","","","","","","","","","","","","","","","","","","","","","","","","","","","","","","","","","","","","","","","","","","","","","","","","","","","","","","","",""
"DummyProjectileForCTF","","2499","","0","","true","true","","","","700","1","","","","","","","true","","","","","","","","","","","","","","","","","","","","","","","","","","","","","","","","","","","","","","","","","","","","","","","","","","","","","","","","","","","","","","","","","","","",""
"DummyProjectileForBasketBrawl","","1000","","0","","true","true","","","","100","1","","","","","","","true","","","","","","","","","","","","","","","","","","","","","","","","","","","","","","","","","","","","","","","","","","","","","","","","","","","","","","","","","","","","","","","","","","","",""
"SpawnerPetProjectile","","2500","","100","","","","","","","0","","","","","","","","","","","","","","","","","","","","","","","","","","","","","","","","","","","","","","","","","","","","","","","","","","","","","","","","","","","","","","","","","","","","","","","","","","","",""
"SpawnerOverchargedPetProjectile","","2500","","100","","","","","","","0","","","","","","","","","","","","","","","","","","","","","","","","","","","","","","","","","","","","","","","","","","","","","","","","","","","","","","","","","","","","","","","","","","","","","","","","","","","",""
"BlowerProjectile","","3000","","50","","","","","","","0","2","","","","","","","","","","","","","","","","","","","","","","","","","","","","","","","","","","","","","","","","","","","","","","","","","","","","","","","","","","","","","","","","","","","","","","","","","","",""
"BlowerUltiProjectile","","5000","","150","","","","","","","0","1","","","","","","","true","","","","","true","","","450","1","","","","","","","","","","","","","","","","","","","","","","true","","","","","true","","","","","","","","","","","","","","","","","","","","","","","","","","","","","","","",""
"WallyProjectile","","1700","","50","","true","true","","","","300","1","","","","","","","true","","","","","","","","","","","","","1","","","10","2","","","","","","","","","","","","","","","","","","","","","","","1000","","","","","","","","","","","","","","","","","","","","","","","","","","","","WallySecondaryProjectile"
"WallySecondaryProjectile","","1700","","151","","","","","20","","300","","","","","","","","true","","true","500","2","","","","","","","","","","","","","","","","","","","","","","","","","","","","","","","","","","","","","","","","","","","","","","","","","","","","","","","","","","","WallyExplosion","","","","",""
"WallyUltiProjectile","","1739","","0","","true","","","","","240","1","","","","","","","true","","","","","","","","","","","","","","","","","","","","","","","","","","","","","","","","","","","","","","","","","","","","","","","","","","","","","","","","","","","","","","","WallyUltiArea","","","","",""
"WallyOverchargedUltiProjectile","","1739","","0","","true","","","","","240","1","","","","","","","true","","","","","","","","","","","","","","","","","","","","","","","","","","","","","","","","","","","","","","","","","","","","","","","","","","","","","","","","","","","","","","","WallyOverchargedUltiArea","","","","",""
"BarrelBotSpinProjectile","","3044","","100","","","","","","","0","","","","","","","","true","","","","","","","","","","","","","","","","","","","","","","","","","","","","","","","","","","","","","","","","","","","","","","","","","","","","","","","","","","","","","","","","","","","",""
"PiperHandgunProjectile","","4000","","50","","","","","","","0","3","","","","","","","true","","","","","","","","70","","","","","","","","","","","","","","","","","","","","","","","","","","","","","","","","","","","","","","","","","","","","","","","","","","","","","","","","","","","",""
"ControllerUltiProjectile","","2500","","150","","","","","","","0","1","","","","","","","true","","","","","","","","","","","","","","","","","","","","","","","","","","","","","","","","","","","","","","","","","","","","","","5","","","7","10","","200","","","","","","","","","","","ControllerUltiExplosion","","","","",""
"ControllerUltiOverchargedProjectile","","2500","","150","","","","","","","0","1","","","","","","","true","","","","","","","","","","","","","","","","","","","","","","","","","","","","","","","","","","","","","","","","","","","","","","5","","","7","10","","200","","","","","","","","","","","ControllerOverchargedUltiExplosion","","","","",""
"ControllerProjectile","","4000","","40","","","","","","","0","0","","","","","","","","","","","","","","","","","","","","","","","","","","","","","","","","","","","","","","","","","","","","","","","","","","","","","6","","","","","","","","","","","","","","","","","","","","","",""
"CactusSpikeGadget","","2500","","50","","","","","","","0","1","","","","","","","true","","","","","","","","","","","","","","","","","","60","100","0","1000","","","","","","","","","","","","","","","","","","","","","","","","","","","","","","","","","","","","","","","","","","","","","","",""
"TrickshotDudeGadgetProjectile","","4891","","101","","","","","","","0","3","","","","","","","true","","true","500","6","true","","","","","","","","","","","","","","","","","","","","","","","","","","","","","","","","","","","","","","","","","","","","","","","","","","","","","","","","","","","","","","",""
"TrickshotDudeNanoProjectile","","3000","","101","","","","","","","0","3","","","","","","","true","","true","500","6","true","","","","","","","","","","","","","","","","","","","","","","","","","","","","","","","","","","","","","","","","","","","","","","","","","","","","","","","","","","","","","","",""
"PowerLevelerProjectile","","3500","","150","","","","","","","0","2","","","","","","","true","","","","","","","","","","","","","2","","","12","0","","","","","","","","","","","","","","","","","","","","","","","","","","","","","7","","","","","","","","","","","","","","","","","","","","","","PowerLevelerProjectile2"
"PowerLevelerProjectile2","","3000","","150","","","","","","","0","2","","","","","","","true","","","","","","","","","","","","","","","","","","50","50","0","1000","","","","","","","","","","","","","","","","","","","","","","","","","","","","","","","","","","","","","","","","","","","","","","",""
"PowerLevelerOverchargedProjectile","","3500","","150","","","","","","","0","2","","","","","","","true","","","","","","","","","","","","","2","","","12","0","","","","","","","","","","","","","","","","","","","","","","","","","","","","","7","","","","","","","","","","","","","","","","","","","","","","PowerLevelerOverchargedProjectile2"
"PowerLevelerOverchargedProjectile2","","3000","","150","","","","","","","0","2","","","","","","","true","","","","","","","","","","","","","","","","","","50","50","0","1000","","","","","","","","","","","","","","","","","","","","","","","","","","","","","","","","","","","","","","","","","","","","","","",""
"PowerLevelerOverchargedProjectileBuddy","","3500","","150","","","","","","","0","2","","","","","","","true","","","","","","","","","","","","","2","","","12","0","50","50","0","1000","","","","","","","","","","","","","","","","","","","","","","","","","7","","","","","","","","","","","","","","","","","","","","","","PowerLevelerOverchargedProjectile2Buddy"
"PowerLevelerOverchargedProjectile2Buddy","","3000","","150","","","","","","","0","2","","","","","","","true","","","","","","","","","","","","","","","","","","50","50","0","1000","","","","","","","","","","","","","","","","","","","","","","","","","","","","","","","","","","","","","","","","","","","","","","",""
"PowerLevelerOverchargedUltiProjectile","","3000","","150","","","","","","","0","2","","","","","","","true","","","","","","","","","","","","","","","","","","40","40","0","1000","","","","","","","","","","","","","","","","","","","","","","","","","","","","","","","","","","","","","","","","","","","","","","",""
"RaidBossTCBasicAttackProjectile","","2500","","200","","","","","","","0","0","","","","","","","","","","","","true","true","true","","","","","","","","","","","","","","","","","","","","","","","","","","","","","","","","","","","","","","","","","","","","","","","","","","","","","","","","","","","","",""
"BarkeepHealingProjectile","","1000","","0","","true","true","","","","150","1","","","","","","","true","","","","","","","","","","","","","","","","","","","","","","","","","","","","","","","","","","","","","","","","","","","","","","","","","","","","","","","","","","","","","","","BarkeepHealingArea","","","","",""
"SniperHomingProjectile","","4000","","101","","","","","","","0","3","","","","","","","true","","","","","","","","","","","","","","","","","","25","100","0","850","","","","","","","","","","","","","","","","","","","","","","","","","4","","","2","7","8","17","","","","","","","","","","","","","","","",""
"PercenterProjectile","","4000","","150","","","","","","","0","2","","","","","","","true","","","","","","","","","","","","","","","","","","","","","","","","","","","","","","","","","","","","","","","","","","","","","","","","","","","","","","","","","","","","","","","","","","","",""
"PercenterOverchargedProjectile","","4000","","150","","","","","","","0","2","","","","","","","true","","","","","","","","","","","","","","","","","","","","","","","","","","","","","","","","","","","","","","","","","","","","","","","","","","","","","","","","","","","","","","","","","","","",""
"PercenterOverchargedProjectileSecondary","","4000","","150","","","","","","50","0","2","","","","","","","true","","","","","","","","","","","","","","","","","","","","","","","","","","","","","","","","","","","","","","","","","","","","","","","","","","","","","","","","","","","","","","","","","","","",""
"PercenterCharmSkillProjectile","","4000","","150","","","","","","","0","2","","","","","","","true","","","","","","","","","","","","","","","","","","","","","","","","","","","","","","","","","","","","","","","","","","","","","","","","","","","","","","","","","","","","","PercenterGadgetCharm","","","","","","",""
"PercenterCharmSkillBuddyProjectile","","4000","","150","","","","","","","0","2","","","","","","","true","","","","","true","","","","","","","","","","","","","","","","","","","","","","","","","","true","","","","","","","","","","","","","","","","","","","","","","","","","","","","","","PercenterGadgetCharm","","","","","","",""
"FireDudeProjectile","","3500","","200","","","","","","","0","2","","","","","","","true","","","","","true","","","","","","","","","","","","","","","","","","","","","","10","100","","","","","","","","","","","","","","","","","","","","","","","","","","1","","","","","","","","","","","","","",""
"FireDudeOverchargedProjectile","","3500","","200","","","","","","","0","2","","","","","","","true","","","","","true","","","","","","","","","","","","","","","","","","","","","","10","100","","","","","","","","","","","","","","","","","","","","","","","","","","1","","","","","","","FireDudePetrolFireOvercharged","","","","","","",""
"FireDudeUltiProjectile","","1750","","0","","true","","","","","240","1","","","","","","","true","","","","","","","","","","","","","","","","","","","","","","","","","","","","","","","","","","","","","","","","","","","","","","","","","","","","","","","","","","","","","","","FireDudePetrolDistributionArea","","","FireDudePetrolDistributionTrail","",""
"FireDudeOverchargedUltiProjectile","","1750","","0","","true","","","","","240","1","","","","","","","true","","","","","","","","","","","","","","","","","","","","","","","","","","","","","","","","","","","","","","","","","","","","","","","","","","","","","","","","","","","","","","","FireDudeOverchargedPetrolDistributionArea","","","FireDudePetrolDistributionTrail","",""
"ArcadeStarPowerProjectileSelf","","3600","","0","","","","","","","0","1","","","","","","","","","","","","","","","","","","","","","","","","","","","","","","","","","","","","","","true","","","","","","","","","","true","","","","","","","","","","","","","","","","","","","ArcadePluggedInSpeedBoostSelf","","","","","","","",""
"ArcadeStarPowerProjectileAllies","","3600","","0","","","","","","","0","1","","","","","","","","","","","","","","","","","","","","","","","","","","","","","","","","","","","","","","true","","","","","","","","","","true","","","","","","","","","","","","","","","","","","","ArcadePluggedInSpeedBoostAllies","","","","","","","",""
"BeeSniperCirclingProjectile","","560","","200","","","","","","","0","10","","","","","","","true","","","","","","","","","","","","","","","","","","35","100","0","850","","","","","","","","","","true","","","","","","","","","","","","","","","8","","true","","","","97","","","","","","NoExternalProjectileControl","","","","","","","","","",""
"RocketGirlGadgetProjectile","","3500","","150","","","","","","","0","1","","","","","","","true","","","","","","","","","","","","","","","","","","","","","","","","","","","","","","","","","","","","","","","","","","","","","","","","","","","","","","","","","","","","","","","BrockAttackAreaGadget","","","","",""
"GunslingerBigProjectile","","3804","","100","","","","","","","0","2","","","","","","","true","","","","","true","true","true","","","","","","","","","","","","","","","","","","","","","","","","","","","","","","","","","","","","","","","","","","","","","","","","","","","","","","","","","","","","",""
"IceDudeUltiProjectile","","1739","","0","","true","","","","","240","1","","","","","","","true","","","","","","","","","","","","","","","","","","","","","","","","","","","","","","","","","","","","","","","","","","","","","","","","","","","","","","","","","","","","","","","IceDudeUltiArea","","","","",""
"IceDudeOverchargedUltiProjectile","","1739","","0","","true","","","","","240","1","","","","","","","true","","","","","","","","","","","","","","","","","","","","","","","","","","","","","","","","","","","","","","","","","","","","","","","","","","","","","","","","","","","","","","","IceDudeOverchargedUltiArea","IceDudeOverchargedUltiAreaInvisible","","","",""
"IceDudeProjectile","","4000","","60","","","","","","","0","2","","","","","","","true","","","","","","","","","","","","","","","","","","","","","","","","","143","","","","","","","","","","","","","","","","","","","","","","","","","","","","","","","","","","","","","","","","","","",""
"SnakeOilProjectile","","4000","","150","","","","","","","0","1","","","","","","","true","","","","","","","","","","","","","","","","","","","","","","","","","","","","","","","","","","","","","","","","","","","","","","","","","","","","","","","","","","","","SnakeOilHot","SnakeOilDot","","","","","","",""
"SnakeOilUltiProjectile","","2000","","0","","true","","","","","330","1","","","","","","","true","","","","","","","","","","","","","","","","","","","","","","","","","","","","","","","","","","","","","","","","","","","","","","","","","","","","","","","","","","","","","","","SnakeOilUltiExplosion","","","","",""
"SnakeOilHyperUltiProjectile","","2000","","0","","true","","","","","330","1","","","","","","","true","","","","","","","","","","","","","","","","","","","","","","","","","","","","","","","","","","","","","","","","","","","","","","","","","","","","","","","","","","","","","","","SnakeOilUltiHyperExplosion","SnakeOilHyperUltiBulletExplosion","","","",""
"SnakeOilHyperExplodedProjectile","","2500","","150","","","","","","","0","1","","","","","","","true","","","","","","","","","","","","","","","","","","","","","","","","","","","","","","","","","","","","","","","","","","","","","","","","","","","","","","","","","","","","SnakeOilHot","SnakeOilDot","","","","","","",""
"EnragerProjectile","","3500","","300","","","","","","","0","0","","","","","","","true","","","","","true","","","","","","","","","","","","","","","","","","","","","","","","","35","","","","","","","","","","","","","","","","","","","","","","","","","","","","","","","","","","","","","",""
"EnragerOverchargedLongRangeProjectile","","7000","","300","","","","","","","0","0","","","","","","","true","","","","","true","","","","","","","","","","","","","","","","","","","","","","","","","35","","","","","","","","","","","","","","","","","","","","","","","","","2000","","","ChangingProjectileCustomRange","","","","","","","","","",""
"RuffsProjectile","","3800","","70","","","","","","","0","3","","","","","","","true","","true","500","1","","","","","","","","","","","","","","","","","","","","","","","","","","","","","","","","","","","","","","","","","","","","","","","","","","","","","","","","","","","","","","","",""
"RuffsUltiProjectile","","1700","","0","","true","","","","","240","1","","","","","","","true","","","","","","","","","","","","","","","","","","","","","","","","","","","","","","","","","","","","","","","","","","","","","","","","","","","","","","","","","","","","","","","RuffsSupplySpawn","","","","",""
"RuffsOverchargedUltiProjectile","","1700","","0","","true","","","","","240","1","","","","","","","true","","","","","","","","","","","","","","","","","","","","","","","","","","","","","","","","","","","","","","","","","","","","","","","","","","","","","","","","","","","","","","","RuffsOverchargedSupplySpawn","","","","",""
"GeneHomingProjectile","","2500","","50","","","","","","","1900","2","","","","","","","true","","","","","","","","","","","","","","","","","","25","100","0","500","","","","","","","","","","","","","","","","","","","","","","","","","9","","","4","2","8","40","","","","","","","","","","","","","","","",""
"GeneHomingNanoProjectile","","2500","","75","","","","","","","1900","2","","","","","","","true","","","","","","","","","","","","","","","","","","","","","","","","","","","","","","","","","","","","","","","","","","","","","","9","","","4","2","8","40","","","","","","","","","","","","","","","",""
"NaniBounceProjectile","","6000","","0","","true","","","","","1900","2","","","","","","","true","","","","","","","","","","","","","","","","","","","","","","","","","","","","","","","","","","","","","","","","","","","","true","","","","","","","","","","","","","","","","","","","RoboWarsBaseExplosion","","","","",""
"NaniBounceProjectileSmall","","6000","","0","","true","","","","","1900","2","","","","","","","true","","","","","","","","","","","","","","","","","","","","","","","","","","","","","","","","","","","","","","","","","","","","true","","","","","","","","","","","","","","","","","","","RoboWarsBaseExplosion","","","","",""
"RollerProjectile","","3300","","150","","","","","","","0","3","","","","","","","true","","","","","","","","","","","","","","","","","","","","","","","","","","","","","","","","","","","","","","","","","","","","","","","","","","","","","","","","","","","","","","","","","","","",""
"RollerOverchargedProjectile","","3300","","150","","","","","","","0","3","","","","","","","true","","","","","","","","","","","","","","","","","","","","","","","","","","","","","","","","","","","","","","","","","","","","","","","","","","","","","","","","","","","","","","","","","","","",""
"ElectroSniperProjectile","","4000","","101","","","","","","","0","3","","","","","","","true","","","","","","","","","","","","","","","","15","","","","","","","","","","","","","","","","","","","","","","","","","","","","","","","","","","","","","","3","3","","","","","","","","","","","","",""
"ElectroSniperSecondaryProjectile_001","","4000","","50","","","","","","","0","1","","","","","","","true","","","","","","","","","","","","","","","","15","","","","","","","","","","","","","","","","","","","","","","","","","","","","","","10","","","4","2","8","40","","3","3","","","","","","","","","","","","",""
"ElectroSniperUltiProjectile","","4000","","150","","","","","","","0","2","","","","","","","true","","","","","","","","","","","","","","","","","","","","","","","","","","","","","","","","","","","","","","","","","","","","","","","","","","","","","","","","","","","","","ElectroSniperCurse","","","","","","",""
"ElectroSniperOverchargedUltiProjectile","","4000","","150","","","","","","","0","2","","","","","","","true","","","","","","","","","","","","","","","","","","","","","","","","","","","","","","","","","","","","","","","","","","","","","","4","","","8","7","8","17","","","","","","","","","ElectroSniperCurse","","","","","","",""
"StickyBombProjectile","","4000","","50","","","","","","","0","2","","","","","","","","","","","","","","","","","","","","","","","","","","","","","","","","","","","","","","","","","","","","","","","","","","","","","","","","","","","","","","","","","","StickyBomb","","","","","","","","",""
"StickyBombUltiProjectile","","800","","0","","true","true","","","","60","1","","","","","","","true","","","","","","","","","","","","","","","","","","","","","","","","","","","","","","","","","","","","","","","","","","","","","","","","","","","","","","","","","","","","","","","StickyBombClusterExplosion","","","","",""
"StickyBombUltiProjectile2","","3000","","100","","","","","","","0","2","","","","","","","","","","","","","","","","","","","","","","","","","","","","","","","","","","","","","","","","","","","","","","","","","","","","","","","","","","","","","","","","","","StickyBombUlti","","","","","","","","",""
"CrossBomberProjectile","","840","","0","","true","true","","","","100","1","","","","","","","true","","","","","","","","","","","","","","","","","","","","","","","","","","","","","","","","","","","","","","","","","","","","","","","","","","","","","","","","","","","","","","","CrossBomberClusterExplosion","","","","",""
"CrossBomberProjectile2","","3000","","125","","","","","","","0","0","","","","","","","true","","","","","true","","","","","","","","","","","","","","","","","","","","","","","","","","","","","","","true","","","","","","","","","","","","","","","","","","","","","","","","","","","","","","","",""
"CrossBomberUltiProjectile","","800","","0","","true","true","","","","75","1","","","","","","","true","","","","","","","","","","","","","","","","","","","","","","","","","","","","","","","","","","","","","","","","","","","","","","","","","","","","","","","","","","","","","","","CrossBomberUltiClusterExplosion","","","","",""
"CrossBomberUltiProjectile2","","3000","","375","","","","","","","0","0","","","","","","","true","","","","","true","true","","70","","","","","","","","","","","","","","","","","","","","","","","","","","","","true","","","","","","","","","","","","","","","","","","","","","","","","","","","","","","","",""
"OverchargedCrossBomberUltiProjectile","","800","","0","","true","true","","","","75","1","","","","","","","true","","","","","","","","","","","","","","","","","","","","","","","","","","","","","","","","","","","","","","","","","","","","","","","","","","","","","","","","","","","","","","","OverchargedCrossBomberUltiClusterExplosion","","","","",""
"OverchargedCrossBomberUltiProjectile2","","3000","","375","","","","","","","0","0","","","","","","","true","","","","","true","true","","70","","","","","","","","","","","","","","","","","","","","","","","","","","","","true","","","","","","","","","","","","","","","","","","","","","","","","","","","","","","","",""
"RopeDudeUltiProjectile","","3800","","150","","","","","","","0","4","","","","","","","true","","","","","","","","","","","","","","","","","","","","","","","","","","","","","","","","","","","","","","","","","","","","","","","","","","","","","","5","","","","","","","","","","","","","",""
"RopeDudeOverchargedUltiProjectile","","3800","","150","","","","","","","0","4","","","","","","","true","","","","","","","","","","","","","","","","","","","","","","","","","","","","","","","","","","","","","","","","","","","","","","","","","","","","","","5","","","","","","","","","","","","","",""
"RopeDudeProjectile","","4000","","250","","","","","","","0","1","","","","","","","true","","","","","true","","","","","","","","","","","","","","","","","","","","","","","","","","","","","","","true","","","","","","","","","","","","","","","","","","","","","","","","","","","","","","","",""
"AssaultShotgunProjectile","","3100","","50","","","","","","","0","2","","","","","","","true","","","","","","","","","","","","","","","","","","","","","","","","","","","","","","","","","","","","","","","","","","","","","","","","","","","","","","","","","","","","","","","","","","","",""
"AssaultShotgunProjectileSp1Buddy","","3100","","80","","","","","","","0","2","","","","","","","true","","","","","","","","","","","","","","","","","","150","150","0","1000","","","","","","","","","","","","","","","","","","","","","","","","","","","","","","","","","27","","","","","","","","","","","","","",""
"AssaultShotgunOverchargedProjectile","","3100","","50","","","","","","","0","2","","","","","","","true","","","","","true","","","","","","","","","","","","","","","","","","","","","","","","","","","","","","","","","","","","","","","","","","","","","","","","","","","","","","","","","","","","","","",""
"AssaultShotgunOverchargedProjectileSp1Buddy","","3100","","80","","","","","","","0","2","","","","","","","true","","","","","true","","","","","","","","","","","","","150","150","0","1000","","","","","","","","","","","","","","","","","","","","","","","","","","","","","","","","","27","","","","","","","","","","","","","",""
"AssaultShotgunUltiProjectile","","3200","","150","","","","","","","0","1","","","","","","","true","","","","","true","","","","","","","","","","","","","50","100","0","900","","","","","","80","130","","","","","","","","","","","","","","1","","","","","","","","","","","","","","","","","","","","","","","","","","AssaultShotgunUltiProjectile2"
"AssaultShotgunUltiProjectile2","","3000","","150","","","","","","","0","1","","","","","","","true","","","","","true","","","","","","","","","","","","","100","50","0","900","","","","","","130","80","","","true","","","","","","","","","","","1","","","","11","20","true","","","","","","","","","","","","","","","","","","","",""
"AssaultShotgunGadgetProjectile","","1700","","0","","true","","","","","240","1","","","","","","","true","","","","","","","","","","","","","1","","","0","2","","","","","","","","","","","","","","","","","","","","","","","","","","","","","","","","","","","","","","","","","","","","","","","","","","","AssaultShotgunGadgetProjectile2"
"AssaultShotgunGadgetProjectile2","","1","","0","","true","","2500","","","","1","","","","","","","true","","","","","","","","","","","","","","","","","","","","","","","","","","","","","","","","","","","","","","","","","","","","","","","","","","","","","","","","","","","","","","","AssaultShotgunGadgetBombExplosion","","","","",""
"AssaultShotgunGadgetProjectileBuddy","","1700","","0","","true","","","","","240","1","","","","AssaultShotgunBombBuddy","","","true","","","","","","","","","","","","","","","","","","","","","","","","","","","","","","","","","","","","","","","","","","","","","","","","","","","","","","","","","","","","","","","","","","","",""
"AssaultShotgunOverchargedUltiProjectile","","4500","","150","","","","","","","0","1","","","","","","","true","","","","","true","","","","","","","","","","","","","50","100","0","900","","","","","","80","130","","","true","","","","","","","","","","","1","","","","","","","","","","","","","","","","","","","","","","","","","","AssaultShotgunOverchargedUltiProjectile2"
"AssaultShotgunOverchargedUltiProjectile2","","4500","","150","","","","","","","0","1","","","","","","","true","","","","","true","","","","","","","","","","","","","100","50","0","900","","","","","","130","80","","","true","","","","","","","","","","","1","","","","11","20","true","","","","","","","","","","","","","","","","","","","",""
"AssaultShotgunOverchargedUltiProjectile3","","4500","","150","","","","","","","0","1","","","","","","","true","","","","","true","","","","","","","","","","","","","100","50","0","900","","","","","","130","80","","","true","","","","","","","","","","","1","","","","11","30","true","","","","","","","","","","","","","","","","","","","",""
"HoldBallResetTrail","","2000","","50","","true","true","","","","500","1","","","","HoldingBall","","","","","","","","true","true","","","","","","","","","","","","","","","","","","","","","","","","","true","","","","","","","","","","","","","","","","","","","","","","","","","","","","","","","","","","","","",""
"RollerGadgetProjectile","","4000","","100","","","","","","","0","2","","","","","","","","","","","","","","","","","","","","","","","","","","","","","","","","","","","","","","","","","","","","","","","","","","","","","","","","","","","","","","","","","","","","","","","","","","",""
"KnightProjectile1","","5000","","250","","","","","","","0","2","","","","","","","true","","","","","true","","","","","","","","","","","","","","","","","","","","","","","","","","","","","","","","","","","","","","","","","","","","","","","","","","","","","","","","","","","","","","",""
"KnightProjectile2","","5000","","250","","","","","","","0","2","","","","","","","true","","","","","true","","","","","","","","","","","","","150","150","0","1000","","","","","","","","","","","","","","","","","","","","","","","","","","","","","","","","","","","","","","","","","","","","","","",""
"KnightProjectile3","","5000","","250","","","","","","","0","2","","","","","","","true","","","","","true","","","","","","","","","","","","","200","200","0","1000","","","","","","","","","","","","","","","","","","","","","","","","","","","","","","","","","","","","","","","","","","","","","","",""
"KnightUltiProjectile","","1196","","0","","true","","","","","170","1","","","","","","","true","","","","","","","","","","","","","","","","","","","","","","","","","","","","","","","","","","","","","","","","","","","","","","","","","","","","","","","","","","","","","","","","","","","",""
"KnightOverchargedUltiProjectile","","1196","","0","","true","","","","","170","1","","","","","","","true","","","","","","","","","","","","","","","","","","","","","","","","","","","","","","","","","","","","","","","","","","","","","","","","","","","","","","","","","","","","","","","","","","","",""
"MechaDudeProjectile","","4000","","150","","","","","","","0","2","","","","","","","true","","","","","","","","","","","","","","","","","","","","","","","","","","","","","","","","","","","","","","","","","","","","","","","","","","","","","","","","","","","","","","","","","","","",""
"MechaDudeBigProjectile","","4500","","100","true","","","","","","0","2","","","","","","","true","","","","","","","","","","","","","","","","","","","","","","","","","","","","","","","","","","","","","","","","","","","","","-60","","","","","","","","","","","","","","","","","","","","","","",""
"DuplicatorProjectile","","4500","","100","","","","","","","0","2","","","","","","","true","","","","","","","","","","","","","","","","","","","","","","","","","","","","","","","","","","","","","","","","","","","","","","","","","","","","","","","","","","","","","","","","","","","",""
"DuplicatorUltiProjectile","","1196","","0","","true","","","","","170","1","","","","","","","true","","","","","","","","","","","","","","","","","","","","","","","","","","","","","","","","","","","","","","","","","","","","","","","","","","","","","","","","","","","","","","","","","","","",""
"OverchargedDuplicatorUltiProjectile","","1196","","0","","true","","","","","170","1","","","","","","","true","","","","","","","","","","","","","","","","","","","","","","","","","","","","","","","","","","","","","","","","","","","","","","","","","","","","","","","","","","","","","","","","","","","",""
"OverchargedDuplicatorProjectile","","4500","","100","","","","","","","0","2","","","","","","","true","","","","","","","","","","","","","","","","","","","","","","","","","","","","","","","","","","","","","","","","","","","","","","","","","","","","","","","","","","","","","","","","","","","",""
"KickerDudeProjectile","","3200","","300","","","","","","","0","1","","","","","","","true","","","","","","","","","","","","","1","","","20","1","","","","","","","","","","50","100","","","","","","","","true","","","","","","","","","","","","","","","","","","","","","","","","","","","","","","","","KickerDudeProjectile2"
"KickerDudeProjectile2","","4500","","100","","","","","","","0","2","","","","","","","true","","","","","","","","","","","","","","","","","","25","25","0","1000","","","","","","","","","","","","","","","","","","","","","","","","300","","","","","","","","","","","","","","","","","","","","","","",""
"37f901aa7e3ec65beb084459d9fe977d4c219318","true","4130","","50","","","","","","","0","2","","","","","","","true","","","","","true","true","","70","","","","","","","","","","","","","","","","","","","","","","","","","","","","","","","","","","","","","","","","","","","","","","","","","","","","","","","","","","","",""
"f28c1588967f18e7f4135feb09d1ccb7fd1dbe4c","true","4130","","50","","","","","","","0","2","","","","","","","true","","","","","true","true","","70","","","","","","","","","","","","","","","","","","","","","","","","","","","","","","","","","","","","","","","","","","","","","","","","","","","","","","","","","","","",""
"KickerDudeMinesProjectile","","450","","0","","true","true","900","","","25","2","","","","","","","true","","","","","","","","","","","","","","","","","","","","","","","","","","","","","","","","","","","","","","","","","","","","","","","","","","","","","","","","","","","","","","","KickerDudeGadgetExplosion","","","","",""
"FleaUltiProjectile","","1200","","0","","true","","","","","139","1","","","","","","","true","","","","","","","","","","","","","","","","","","","","","","","","","","","","","","","","","","","","","","","","","","","","","","","","","","","","","","","","","","","","","","","","","","","",""
"FleaSpawnProjectile","","800","","0","","true","true","","","","70","2","","","","","","","true","","","","","","","","","","","","","","","","","","","","","","","","","","","","","","","","","","","","","","","","","","","","","","","","","","","","","","","","","","","","","","","","","","","",""
"FleaOverchargedSpawnProjectile","","1000","","0","","true","true","","","","70","2","","","","","","","true","","","","","","","","","","","","","","","","","","","","","","","","","","","","","","","","","","","","","","","","","","","","","","","","","","","","","","","","","","","","","","","","","","","",""
"FleaProjectile1","","3500","","100","","","","","","","0","2","","","","","","","","","","","","","","","","","","","","","","","","","","","","","","","","","","","","","","","","","","","","","","","","","","","","","","","","","","","","","","","","","","","","","","","","","","",""
"FleaProjectile2","","3500","","150","","","","","","","0","2","","","","","","","","","","","","","","","","","","","","","","","","","","","","","","","","","","","","","","","","","","","","","","","","","","","","","","","","","","","","","","","","","","","","","","","","","","",""
"FleaProjectile3","","3500","","200","","","","","","","0","2","","","","","","","","","","","","","","","","","","","","","","","10","","","","","","","","","","","","","","","","","","","","","","","","","","","","","","","","","","","","","","","","","","","","","","","","","","","",""
"FleaProjectileNano4","","3500","","300","","","","","","","0","2","","","","","","","","","","","","","","","","","","","","","","","10","","","","","","","","","","","","","","","","","","","","","","","","","","","","","","","","","","","","","","","","","","","","","","","","","","","",""
"PercenterLifestealProjectile","","4000","","150","","","","","","","0","2","","","","","","","true","","","","","","","","","","","","","","","","","","","","","","","","","","","","","","80","","","","","","","","","","","","","","","","","","","","","","","","","","","","","","","","","","","","","",""
"BaseballStickyProjectile","","3000","","250","","","","","","","0","3","","","","","","","true","","true","","","true","","","","","","","","","","","","","","","","","","10","","","","","","","","","","","","","","","","","","","","","","","","","","","","","","","","","","","","","","","","","","","","",""
"MummyAcidProjectile","","1500","","200","","","","","","","0","3","","","","","","","true","","","","","true","","","","","","","","","","","","","","","","","","7","","","","35","125","","","true","","","","","true","","","","","","","","","","1","","","","","","","","","","","","","","","","","","","","","",""
"ElectroSniperBounceProjectile","","4000","","101","","","","","","","0","3","","","","","","","true","","true","3000","1","","","","","","","","","","","","","","","","","","","","","","","","","","","","","","","","","","","","","","","","","","","","","","","","","","3","3","","","","","","","","","","","","",""
"JetpackGirlUltiProjectile","","1500","","0","","true","true","","","","20","2","","","","","","","true","","","","","","","","","","","","","","","","","","","","","","","","","","","","","","","","","","","","","","","","1000","","","","","","","","","","","","","","","","","","","","","","","JetpackGirlUltiExplosion","","","","",""
"JetpackGirlOverchargedUltiProjectile","","1500","","0","","true","true","","","","20","2","","","","","","","true","","","","","","","","","","","","","","","","","","","","","","","","","","","","","","","","","","","","","","","","1000","","","","","","","","","","","","","","","","","","","","","","","JetpackGirlOverchargedUltiExplosion","","","","",""
"JetpackGirlProjectile","","3650","","100","","","","","","","0","","","","","","","","true","","","","","true","","","","","","","","","","","","","","","","","","","","","","50","100","","","","","","","","true","","","","","","","","","","","","","","","","","","","","","","","","","","","","","","","",""
"CannonGirlProjectile","","3800","","150","","","","","","","0","2","","","","","","","true","","","","","","","","","","","","","0","","135","6","3","","","","","","","","","","","","","","","","","","","","","","","","","","","","","","","","","","","","","","","","","","","","","","","","","","","CannonGirlChainProjectile"
"CannonGirlSmallProjectile","","3000","","100","","","","","","","25","2","","","","","","","true","","","","","","","","","","","","","","","","","","","","","","","","","","","","","","","","","","","","","","","","","","","","","","","","","","","","","","","","","","","","","","","CannonGirlSmallExplosion","","","","",""
"CannonGirlChainProjectile","","3261","","50","","","","","","","0","1","","","","","","","true","","","","","","","","","","","","","","","","","","25","25","0","1000","","","","","","","","","","","","","","","","","","","","","","","","","","","","","","","","","","","","","","","","","","","","","","",""
"CannonGirlExplosionProjectileOvercharged","","3000","","100","","","","","","","25","2","","","","","","","true","","","","","","","","","","","","","","","","","","","","","","","","","","","","","","","","","","","","","","","","","","","","","","","","","","","","","","","","","","","","","","","CannonGirlSmallExplosion","","","","",""
"FireDudeCirclingProjectile","","560","","200","","","","","","","0","0","","","","","","","true","","","","","true","","","","","","","","","","","","","","","","","","10","","","","","","","","true","","","","","","","","","","","","","","","8","800","true","","","","100","","","","","","","","","","","","","","","",""
"SilencerProjectile","","3600","","100","","","","","","","0","3","","","","","","","true","","","","","","","","","","","","","","","","","","","","","","","","","","","","","","","","","","","","","","","","","","","","","","","","","","","","","","","","","","","","","","","","","","","",""
"SilencerBigProjectile","","3600","","200","","","","","","","0","3","","","","","","","true","","","","","","","","","","","","","","","","","","","","","","","","","","","","","","","","","","","","","","","","","","","","","-100","","","","","","","","","","","","","","","","","","SilencerBigProjectileExplosion","","","","",""
"SilencerUltiProjectile","","3200","","200","","","","","","","0","2","","","","","","","","","","","","","","","","","","","","","","","","","","","","","","","","","","","","","","","","","","","","","","","","","","","","","","","","","","","","","7","","","","","SilencerHugger","","","","","","","","",""
"SilencerOverchargedUltiProjectile","","3200","","200","","","","","","","0","2","","","","","","","","","","","","","","","","","","","","","","","","","","","","","","","","","","","","","","","","","","","","","","","","","","","","","","","","","","","","","7","","","","","SilencerHuggerOC","","SilencerUltiOvercharged","","","","","","",""
"WeaponThrowerProjectile","","5000","","150","","","","","","","0","2","","","","","","","true","","","","","true","","","","","","","","","","","","","","","","","","","","","","","","","","","","","","","true","","","","","","","","","","","","","","","","","","","","","","","","","","","","","","","",""
"WeaponThrowerProjectile2","","3261","","150","","","","","","","0","1","","","","","","","true","","","","","true","","","","","","","","","","","","","","","","","","","","","","20","100","","","","","","","","","","","","","","","","","","","","","","","","","","","","","","","","","","","","","","","",""
"WeaponThrowerUltiProjectile","","2900","","250","","","","","","","0","1","","","","","","","true","","","","","true","","","","","","","","","","","","","","","","","","","","","","","","","","","","","","","","","","","","","","","","","","","","","","","","","","","","","","WeaponThrowerWeapon","","","","","","","","",""
"WeaponThrowerUltiProjectile2","","3600","","100","","","","","","","0","0","","","","","","","true","","","","","true","","","","","","","","","","","","","","","","","","","","","","","","","","true","","","","","","","","","","","","","","","","","","","","","","","8","","","","NoExternalProjectileControl","","","","","","","","","",""
"WeaponThrowerOverchargedUltiProjectile","","3600","","250","","","","","","","0","1","","","","","","","true","","","","","true","","","","","","","","","","","","","","","","","","","","","","","","","","","","","","","","","","","","","","","","","","","","","","","","","","","","","","WeaponThrowerOverchargedWeapon","","","","","","","","",""
"WeaponThrowerOverchargedUltiProjectile2","","4400","","100","","","","","","","0","0","","","","","","","true","","","","","true","","","","","","","","","","","","","","","","","","","","","","","","","","true","","","","","","","","","","","","","","","","","","","","","","","8","","","","NoExternalProjectileControl","","","","","","","","","",""
"SoulCollectorProjectile","","4000","","150","","","","","","","0","1","","","","","","","true","","","","","","","","","","","","","","","","","","","","","","","","","","","","","","","","","","","","","","","","","","","","","","","","","","","","","","","","","","","SoulCollectorSoul","","","","","","","","",""
"SoulCollectorUltiProjectile","","3600","","200","","","","","","","0","2","","","","","","","","","","","","","","","","","","","","","","","","","","","","","","","","","","","","","","true","","","2600","200","","","","","","","","","","","","","","","","","","","","","","","","","","","","","","","","",""
"ShieldTankProjectile","","4200","","250","","","","","","","0","","","","","","","","true","","","","","true","","","","","","","","","","","","","100","50","150","1000","","","","","","","","","","","","","","","true","","","","","","","","","","","","","","","","","","","","","","","","","","","","","","","",""
"ShieldTankUltiProjectile","","4200","","50","","","","","","","0","1","","","","","","","true","","","","","","","","","","","","","","","","","","","","","","","","","","","","","","","","","","","","","","","","","","","","","","","","","","","","","","","","","","","","","","","","","","","",""
"ShieldTankOverchargedUltiProjectile","","4200","","50","","","","","","","0","1","","","","","","","true","","","","","","","","","","","","","","","","","","","","","","","","","","","","","","","","","","","","","","","","","","","","","","","","","","","","","","","","","","","","","","","","","","","",""
"JesterProjectile","","3300","","100","","","","","","","0","2","","","","","","","true","","","","","","","","","","","","","","","","","","","","","","","","","","","","","","","","","","","","","","","","","","","","","","","","","","","","","","","","","","","","","","","","","","","",""
"JesterUltiProjectileExploding","","800","","0","","true","true","","","","75","1","","","","","","","true","","","","","","","","","","","","","","","","","","","","","","","","","","","","","","","","","","","","","","","","","","","","","","","","","","","","","","","","","","","","","","","JesterUltiExplosion","","","","",""
"JesterUltiProjectileStunning","","3000","","150","","","","","","","0","2","","","","","","","true","","","","","","","","","","","","","","","","","","","","","","","","1000","","","","","","","","","","","","","","","","","","","","","","","","","","","","","","","","","","","","","","","","","","","",""
"JesterUltiProjectilePoisoning","","2000","","200","","","","","","","0","3","","","","","","","true","","","","","true","","","","","","","","","","","","","","","","","","","","","","35","125","","","","","","","","true","","","","","","","","","","1","","","","","","","","","","","","","","","JesterUltiPoison","","","","","","",""
"ChesterOverchargedUltiProjectilePoisoning","","1800","","200","","","","","","","0","3","","","","","","","true","","","","","true","","","","","","","","","","","","","","","","","","","","","","35","125","","","","","","","","true","","","","","","","","","","1","","","","","","","","","","","","","","","JesterUltiPoison","","","","","","",""
"JesterProjectileSP","","3300","","100","","","","","","","0","2","","","","","","","TRUE","","","","","","","","","","","","","","","","","","","","","","","","","","","","","","","","","","","","","","","","","","","","","","","","","","","","","","","","","","","","","","","","","","","",""
"DoorManProjectile","","3804","","50","","","","","","","0","2","","","","","","","true","","","","","","","","","","","","","","","","","","","","","","","","","","","","","","","","","","","","","","","","","","","","","","","","","","","","","","","","","","","","","","","","","","","",""
"DoorManCaneGadgetProjectile","","3200","","200","","","","","","","0","4","","","","","","","true","","","","","","","","","","","","","","","","","","","","","","","","","","","","","","","true","","","","","","","true","","","","","","","","","","","","","","","","","","","","","","","","","","","","","","DoorManCaneGadgetProjectile2"
"DoorManCaneGadgetProjectile2","","2000","","200","","","","","","","0","2","","","","","","","true","","","","","","true","true","","","","","","","","","","","","","","","","","","","","","","","","true","","","","","","","true","","","","","","","","","","","","","","","","9","200","","","","","","","","","","","","",""
"BeamerProjectile","","3800","","100","","","","","","","0","1","","","","","","","true","","","","","","","","","","","","","","","","","","","","","","","","","","","","","","","","","","","","","","","","","","","","","","","","","","","","","","","","","","","","","","","","","","","",""
"BeamerUltiProjectile","","5000","","250","","","","","","","0","2","","","","","","","true","","","","","true","","","","","","","","","","","","","","","","","","","","","","","","","","true","","","","","","","","","","","","","","","","","true","","","","","","","","","","","","","","","","","","","",""
"SplitterProjectile","","4500","","50","","","","","","","0","3","","","","","","","true","","","","","","","","","","","","","","","","","","","","","","","","","","","","","","","","","","","","","","","","","","","","","","","","","","","","","","","","","","","","","SplitterTag","","","","","","",""
"SplitterCirclingProjectile","","29","","100","","","","","","","0","3","","","","","","","true","","","","","true","","","","","","","","","","","","","","","","","","10","","","","","","","","true","","","","","","","","","","","","","","","8","","true","","","","100","","","","","","","","","SplitterTag","","","","","","",""
"PuppeteerProjectile","","1750","","0","","true","","","","","240","1","","","","","","","true","","","","","","","","","","","","","","","","","","","","","","","","","","","","","","","","","","","","","","","","","","","","","","","","","","","","","","","","","","","","","","","PuppeteerPoison","","","","",""
"PuppeteerUltiProjectile","","4130","","150","","","","","","","0","2","","","","","","","true","","","","","","","","","","","","","","","","","","","","","","","","","","","","","","","","","","","","","","","","","","","","","","","","","","","","","","12","80","","","","","","","","","","","","",""
"OverchargedPuppeteerUltiProjectile","","4130","","150","","","","","","","0","2","","","","","","","true","","","","","","","","","","","","","","","","","","","","","","","","","","","","","","","","","","","","","","","","","","","","","","","","","","","","","","12","80","","","","","","","PuppeteerOverchargedMindcontrolShield","","","","","",""
"MaisieProjectile","","3200","","101","","","","","","","0","3","","","","","","","true","","","","","","","","","","","","","","","","","","","","","","","","","","","","","","","","","","","","","","","","","","","","","","2","","","","","","","","","","","","","","","","","","","","","",""
"MaisieOverchargedProjectile","","3200","","101","","","","","","","0","3","","","","","","","true","","","","","","","","","","","","","","","","","","","","","","","","","","","","","","","","","","","","","","","","","","","","","","2","","","","","","","","","","","","","","","","","","","","","",""
"FishTankUltiProjectile","","4000","","101","","","","","","","0","3","","","","","","","true","","","","","","","","","","","","","","","","","","","","","","","","","","","","","","","","","","","","","","","","","","","","","","","","","","","","","","","","","","","","","","","","","","","",""
"FishTankUltiProjectileSmall","","3000","","75","","","","","","","0","3","","","","","","","true","","","","","","","","","","","","","","","","","","","","","","","","","","","","","","","","","","","","","","","","","","","","","","","","","","","","","","","","","","","","","","","","","","","",""
"DuelistProjectile","","3800","","100","","","","","","","0","2","","","","","","","true","","","","","","","","","","","","","","","","","","","","","","","","","","","","","","","","","","","","","","","","","","","","","","","","","","","","","","","","","","","","","","","","","","","",""
"DuelistUltiProjectile","","3800","","200","","","","","","","0","2","","","","","","","true","","","","","","","","","","","","","","","","","","","","","","","","","","","","","","","true","","","","","","","","","","","","","","","","","true","","","","","","13","160","","","","","","","","","","","","",""
"DuelistOverchargedUltiProjectile","","3800","","200","","","","","","","0","2","","","","","","","true","","","","","","","","","","","","","","","","","","","","","","","","","","","","","","","true","","","","","","","","","","","","","","","","","true","","","","","","13","160","","","","","","","","","","","","",""
"DuelistSilenceProjectile","","3800","","200","","","","","","","0","3","","","","","","","true","","","","","","","","","","","","","","","","","","","","","","","","","","1000","","","","","","","","","","","","","","","","","","","","","","","","","","","","","","","","","","","","","","","","","",""
"ReviverUltiProjectile","","4500","","200","","","","","","","0","3","","","","","","","true","","","","","","","","","","","","","","","","","","","","","","","","","","","","","","","true","","","","","","","","","","","","","","","4","","","7","3","4","11","","14","40","","","","","","","","","","","","",""
"ReviverOverchargedUltiProjectile","","4500","","200","","","","","","","0","3","","","","","","","true","","","","","","","","","","","","","","","","","","","","","","","","","","","","","","","true","","","","","","","","","","","","","","","4","","","7","3","4","11","","14","40","","","","","","","","","","","","",""
"CookerProjectile","","4000","","100","","","","","","","0","2","","","","","","","true","","","","","","","","","","","","","","","","","","","","","","","","","","","","","","","","","","","","","","","","","","","","","","","","","","","","","","15","-380","","","","","","","","","","","","",""
"ConductorProjectile","","2700","","200","","","","","","","0","3","","","","","","","true","","","","","true","","","","","","","","","","","","","100","100","150","1000","","","","","","20","100","","","","","","","","","","","","","","","","","","1","100","","","","","","","","","","","","","","","","","","","","",""
"ConductorOverchargedProjectile","","2700","","200","","","","","","","0","3","","","","","","","true","","","","","true","","","","","","","","","","","","","100","100","150","1000","","","","","","20","100","","","","","","","","true","","","","","","","","","","1","100","","","","","","","","","","","","","","","","","","","","",""
"ConductorUltiProjectile","","1500","","0","","true","","","","","139","3","","","","","","","true","","","","","","","","","","","","","","","","","","","","","","","","","","","","","","","","","","","","","","","","","","","","","","","","","","","","","","","","","","","ConductorSign","","","","","","","","",""
"CocoonerProjectile","","4200","","150","","","","","","","0","1","","","","","","","true","","","","","","","","","","","","","","","","","","","","","","","","","","","","","","","","","","","","","","","","","","1","","","","","","","","","","","","16","","","","","","","","","","","","","","CocoonerProjectile2"
"CocoonerProjectile2","","4200","","150","","","","","","","0","1","","","","","","","true","","","","","true","","","","","","","","","","","","","","","","","","","","","","","","","","true","","","","","","","","","","","1","","","","","","","","","","","","16","","","","NoExternalProjectileControl","","","","","","","","","",""
"CocoonerUltiProjectile","","3300","","200","","","","","","","0","2","","","","CocoonerCocoon","","","","","","","","","","","","","","","","","","","","","","","","","","","","","","","","","","","","","","","","","","","","","","","","","","","","","","","","","17","","","","","","","","","","","","","",""
"CocoonerOverchargedUltiProjectile","","3300","","200","","","","","","","0","2","","","","CocoonerCocoon","","","","","","","","","","","","","","","","","","","","","","","","","","","","","","","","","","","","","","","","","","","","","","","","","","","","","","","","","17","","","","","","","","","","","","","",""
"MechanicOverchargedTurretElecProj","","3478","","0","","","","","","","0","2","","","","","","","","","","","","","","","","","","","1","","","","14","","","","","","","","","","","","","","","","","","","","","","","","","","","","","","","","","","","","","","","","","","","","","","","","","","","","MechanicOverchargedTurretElecProj2"
"MechanicOverchargedTurretElecProj2","","2000","","0","","","","","","","0","2","","","","","","","","","","","","","","","","","","","1","","","","14","","","","","","","","","","","","","","","","","","","","","","","","","","","","","","","","","","","","","","","","","","","","","","","","","","","","MechanicOverchargedTurretElecProj3"
"MechanicOverchargedTurretElecProj3","","2000","","0","","","","","","","0","2","","","","","","","","","","","","","","","","","","","","","","","","","","","","","","","","","","","","","","","","","","","","","","","","","","","","","","","","","","","","","","","","","","","","","","","","","","",""
"CrowOverchargedUltiProjectile","","3261","","50","","","","","","","0","1","","","","","","","true","","","","","true","","","","","","","","","","","","","","","","","","","","","","","","","","","","","","","","","","","","","1","","","","","","","","","","","","","","","","","","","CrowPoison","","","","","","","CrowOverchargedUltiProjectile2"
"CrowOverchargedUltiProjectile2","","3261","","50","","","","","","","0","1","","","","","","","true","","","","","true","","","","","","","","","","","","","","","","","","","","","","","","","","TRUE","","","","","","","","","","","1","","","","","","","","","","","","","","","","","","","CrowPoison","","","","","","",""
"LeaperShotgunProjectile","","3600","","0","","","","","","","0","2","","","","","","","true","","","","","","","","","","","","","","","","","","","","","","","","","","","","","","","","","","","","","","","","","","","","","","","","","","","","","","","","","","","","","LeaperGadgetSlow","","","","","","",""
"TwinsThrowerProjectile","","2000","","0","","true","","","","","260","1","","","","","","","true","","","","","","","","","","","","","","","","","","","","","","","","","","","","","","","","","","","","","","","","","","","","","","","","","","","","","","","","","","","","","","","TwinsThrowerExplosion","","","","",""
"TwinsShotgunProjectile","","3400","","0","","","","","","","0","2","","","","","","","true","","","","","","","","","","","","","","","","","","","","","","","","","","","","","","","","","","","","","","","","","","","","","","","","","","","","","","","","","","","","","","","","","","","",""
"TwinsUltiProjectile","","1196","","0","","true","","","","","170","1","","","","","","","true","","","","","","","","","","","","","","","","","","","","","","","","","","","","","","","","","","","","","","","","","","","","","","","","","","","","","","","","","","","","","","","","","","","",""
"TwinsHCUltiProjectile","","1196","","0","","true","","","","","170","1","","","","","","","true","","","","","","","","","","","","","","","","","","","","","","","","","","","","","","","","","","","","","","","","","","","","","","","","","","","","","","","","","","","","","","","","","","","",""
"AttacherProjectile","","1900","","0","","true","","1100","35","","430","1","","","","","","","true","","","","","","","","","","","","","","","","","","","","","","","","","","","","","","","","","","","","","","","","1000","","","","","","","","","","","","","","","","","","","","","","","AttacherExplosion","","","","",""
"AttacherProjectileOvercharged","","1900","","0","","true","","1350","35","","430","1","","","","","","","true","","","","","","","","","","","","","","","","","","","","","","","","","","","","","","","","","","","","","","","","1000","","","","","","","","","","","","","","","","","","","","","","","AttacherExplosionOvercharged","","","","",""
"AxeJugglerProjectile","","4500","","125","","","","","","","0","2","","","","","","","true","","","","","","","","","","","","","1","3","","","4","","","","","","","","","","","","","","","","","","","","","","","","","","","","","","","","","","","","","","","","","","","","","","","","","","","AxeJugglerProjectile2"
"AxeJugglerProjectile2","","860","","125","","","","","","","0","0","","","","","","","true","","","","","true","","","","","","","","","","","","","200","200","0","1000","","10","","","","","","","","true","","","","","","","","","","","","","","","8","650;650;10","true","","","","160","TRUE","19","-50","","","NoExternalProjectileControl","","","","","","","","","",""
"AxeJugglerOverchargedProjectile2","","860","","125","","","","","","","0","0","","","","","","","true","","","","","true","","","","","","","","","","","","","200","200","0","1000","","10","","","","","","","","true","","","","","","","","","","","","","","","8","650;650;10","true","","","","160","TRUE","19","-50","","","NoExternalProjectileControl","","","","","","","","","",""
"MosquitoProjectile","","4000","","100","","","","","","","0","3","","","","","","","true","","","","","","","","","","","","","","","","","","","","","","","","","","","","","","","","","","","","","","","","","","","","","","","","","","","","","","18","","","","","","","","","","","","","",""
"MosquitoProjectilePoison","","4000","","100","","","","","","","0","3","","","","","","","true","","","","","","","","","","","","","","","","","","","","","","","","","","","","","","","","40","80","","","","","","","","","","","","","","","","","","","","","18","50","","","","","","MosquitoPoison","","","","","","",""
"SandstormOverchargedUltiProjectile","","2000","","0","","true","","","","","300","1","","","","","","","true","","","","","","","","","","","","","","","","","","","","","","","","","","","","","","","","","","","","","","","","","","","","","","","","","","","","","","","","","","","","","","","SandStormOverchargedUltiArea","SandStormOverchargedUltiSilenceArea","","","",""
"ClusterBombOverchargedSummonProjectile","","3000","","0","","true","","","","","170","1","","","","","","","true","","","","","","","","","","","","","","","","","","","","","","","","","","","","","","","","","","","","","","","","","","","","","","","","","","","","","","","","","","","","","","","","","","","",""
"RocketGirlUltiOverchargedProjectile","","870","","0","","true","true","","","","93","2","","","","","","","true","","","","","","","","","","","","","","","","","","","","","","","","","","","","","","","","","","","","","","","","","","","","","","","","","","","","","","","","","","","","","","","Brock_def_Overcharged_ulti_area","","","","",""
"SpeedyOverchargedProjectile","","1000","","0","","true","true","","","","150","1","","","","","","","true","","","","","","","","","","","","","","","","","","","","","","","","","","","","","","","","","","","","","","","","","","","","","","9","","","","","","","","","","","","","","","","","SpeedyOverchargedArea","SpeedyOverchargedArea2","","","",""
"HookUltiOverchargedProjectile","","3200","","200","","","","","","","0","4","","","","","","","true","","","","","","","","","","","","","","","","","","","","","","","","","","","","","","","true","","","","","","","true","","","","","","","","","","","","","","","","","","","","","","","","","","","","","","HookUltiOverchargedProjectile2"
"HookUltiOverchargedProjectile2","","3200","","200","","","","","","","0","4","","","","","","","true","","","","","","","","","","","","","","","","","","","","","","","","","","","","","","","true","","","","","","","true","","","","","","","","","","","","","","","","","","","","","","","","","","","","","",""
"ElectroSniperMutantProjectile","","4000","","101","","","","","","","0","3","","","","","","","true","","","","","","","","","","","","","","","","","","","","","","","","","","","","","","","","","","","","","","","","","","","","","","","","","","","","","","3","3","","","","","","","","","","","","",""
"DragonRiderProjectile","","3800","","200","","","","","","","0","0","","","","","","","true","","","","","true","","","","","","","","","","","","","200","200","700","1000","","10","","","","","","","","","","","","","","","","","","","","","","","","","","","","","","","","","","","","","","","","","","","","",""
"DragonRiderDragonProjectile","","3500","","250","","","","","","","0","2","","","","","","","true","","","","","","","","","","","","","","","","","","","","","","","","","","","10","100","","","","","","","","","","","","","","","","","","","","","","","","","","","","","","","","","","","","","","","",""
"DragonRiderDragonOverchargedProjectile","","3500","","250","","","","","","","0","2","","","","","","","true","","","","","","","","","","","","","","","","","","","","","","","","","","","10","100","","","","","","","","","","","","","","","","","","","","","","","","","","","","","","","","","","","","","","","",""
"AmbusherProjectile","","3500","","300","","","","","","","0","0","","","","","","","true","","","","","true","","","","","","","","","","","","","","","","","","","","","","","","","","","","","","","","","","","","","","","","","","","","","","","","","","","","","","","","","","","","","","",""
"AmbusherUltiProjectile","","3800","","200","","","","","","","0","2","","","","","","","true","","","","","","","","","","","","","","","","","","","","","","","","","","","","","","","","","","","","","","","","","","","","","","","","","","","","","","21","","","","","","","","","","","","","",""
"AmbusherUltiProjectile2","","2000","","0","","true","","","","","330","0","","","","","","","true","","","","","","","","","","","","","","","","","","","","","","","","","","","","","","","","","","","","","","","","","","","","","","","","","","","","","","20","","","","","","","","","AmbusherUltiExplosion","","","","",""
"AmbusherOverchargedUltiProjectile","","5000","","200","","","","","","","0","2","","","","","","","true","","true","1000","5","","","","","","","","","","","","","","","","","","","","","","","","","","","","","","","","","","","","","","","","","","","","","","","","","","21","","","","","","","","","","","","","",""
"GodzillaUltiProjectile","","6000","","50","","","","","","","0","4","","","","","","","true","","","","","true","","","","","","","","","","","","","","","","","","","","","","","","","","","","","","","","","","","","","","","","","","","","","","","","","22","","","","","","","","","","","","","",""
"GodzillaClawsProjectile","","3500","","300","","","","","","","0","0","","","","","","","true","","","","","true","","","","","","","","","","","","","","","","","","","","","","","","","35","","","","","","","","","","","","","","","","","","","","","","","","","","","","","","","","","","","","","",""
"BlowerUltiOverchargedProjectile","","5000","","150","","","","","","","0","1","","","","","","","true","","","","","true","","","700","1","","","","","","","","","","","","","","","","","","","","","","true","","","","","true","","","","","","","","","","","","","","","","","","","","","","","","","","","","","","","",""
"BarkeepOverchargedUltiProjectile","","2300","","0","","true","","","","","170","1","","","","","","","true","","","","","","","","","","","","","","","","","","","","","","","","","","","","","","","","","","","","","","","","2100","","","","","","","","","","","","","","","","","","","","","","","BarleyOverchargedUlti","","","","",""
"HammerDudeOverchargedUltiProjectile","","6000","","250","","","","","","","0","2","","","","","","","true","","","","","true","true","true","","","","","","","","","","","","","","","","","2000","","","","","","","","","","","","true","","","","","","","","","","","","","","","","","","","","","","","","","","","","","","","",""
"PainterProjectile","","2200","","0","","true","","","","","330","1","","","","","","","true","","","","","","","","","","","","","","","","","","","","","","","","","","","","","","","","","","","","","","","","","","","","","","","","","","","","","","","","","","","","","","","PainterAreaExplosion","","","","",""
"PainterUltiProjectile","","2400","","250","","","","","","","0","3","","","","","500","","true","","","","","true","","","","","","","","","","","","","","","","","","","","","","20","200","","","","","","","","true","","","","","","","","","","","","","","","","","","","","","","","","","","","","","","PainterAreaEffect","",""
"CrabProjectile","","3500","","150","","","","","","","0","2","","","","","","","true","","","","","","","","","","","","","","","","","","","","","","","","","","","","","","","","","","","","","","","","","","","","","","","","","","","","","","","","","","","","","","","","","","","",""
"CrabUltiProjectile","","3000","","150","","","","","","","0","2","","","","","","","true","","","","","","","","","","","","","","","","","","50","100","0","750","","","","","","","","","","","","","","","","","","","","","","","","","","","","","","","","","","","","","","","","","","","","","","",""
"CrabOverchargedUltiProjectile","","3000","","150","","","","","","","0","2","","","","","","","true","","","","","true","","","","","","","","","","","","","50","100","0","750","","","","","","","","","","","","","","","","","","","","","1","","","","","","","","","","","","","","","","","","","","","","","","","","CrabOverchargedUltiReturnProjectile"
"CrabOverchargedUltiReturnProjectile","","3000","","150","","","","","","","0","1","","","","","","","true","","","","","true","","","","","","","","","","","","","","","","","","","","","","","","","","","","","","","","","","","","","1","","","","","","","","","","","","","","","","","","","","","","","","","",""
"MummyOverchargedProjectile","","1500","","200","","","","","","","0","3","","","","","","","true","","","","","true","","","","","","","","","","","","","","","","","","7","","","","35","125","","","","","","","","true","","","","","","","","","","1","","","","","","","","","","","","","","","","","","","","","",""
"SupportArchetypeProjectile","","1700","","0","","true","","","","","240","1","","","","","","","true","","","","","","","","","","","","","","","","","","","","","","","","","","","","","","","","","","","","","","","","","","","","","","","","","","","","","","","","","","","","","","","SupportArchetypeSpawn","","","","",""
"ArtilleryArchetypeCollabClusterProjectile","","4000","","101","","","","","","","0","3","","","","","","","true","","","","","","","","","","","","","","","","","","","","","","","","","","","","","","","","","","","","","","","","","","","","","","","","","","","","","","","","","","","","","","","","","","","",""
"ControllerArchetypeCollabProjectileLvl1","","3000","","0","","","","","","","0","3","","","","","500","","true","","","","","true","","","","","","","","","","","","","","","","","","","","","","","","","","","","","","","","","","","","","","","","","","","","","","","","","","","","","","","","","","","","","ControllerArchetypeTrail","",""
"ControllerArchetypeCollabProjectileLvl2","","3000","","0","","","","","","","0","3","","","","","300","","true","","","","","true","","","","","","","","","","","","","","","","","","","","","","","","","","","","","","","","","","","","","","","","","","","","","","","","","","","","","","","","","","","","","ControllerArchetypeTrail","",""
"ControllerArchetypeCollabProjectileLvl3","","3000","","0","","","","","","","0","3","","","","","300","","true","","","","","true","","","","","","","","","","","","","","","","","","","","","","","","","","","","","","","","","","","","","","","","","","","","","","","","","","","","","","","","","","ControllerArchetypeEnd","","","ControllerArchetypeTrail","",""
"DamageDealerArchetypeCollabProjectileLvl1","","4000","","50","","","","","","","0","2","","","","","","","true","","","","","","","","","","","","","","","","","","","","","","","","","","","","","","","","","","","","","","","","","","","","","","","","","","","","","","","","","","","","","","","","","","","",""
"DamageDealerArchetypeCollabProjectileLvl3","","4000","","50","","","","","","","0","2","","","","","","","true","","","","","","","","","","","","","","","","","","","","","","","","","","","","","","","","","","","","","","","","","","2","","","","","","","","","","","","","","","","","","","","","","","","","","DamageDealerArchetypeCollabProjectileLvl3Return"
"DamageDealerArchetypeCollabProjectileLvl3Return","","2000","","50","","","","","","","0","1","","","","","","","true","","","","","","","","","","","","","","","","","","","","","","","","","","","","","","","TRUE","","","","","","100","","","","","2","","","","","","","","","","","","23","","","","","","","","","","","","","",""
"DiggerProjectile","","2800","","150","","","","","","","200","2","","","","","","","true","","","","","","","","","","","","","1","","","8","1","","","","","","","","","","","","","","","","","","","","","","","1000","","","","","","","","","","","","","","","","","","","","","","","DiggerShrapnelArea","","","","","DiggerProjectileBounce"
"DiggerProjectileBounce","","2800","","150","","","","","","","600","0","","","","","","","true","","","","","","","","","","","","","","","","","","","","","","","","","","","","","","","","","","","","","","","","","","","","","","","","","","","","","","","","","","","","","","","DiggerShrapnelArea2","","","","",""
"DiggerProjectileBounceSP","","2800","","150","","","","","","","600","0","","","","","","","true","","","","","","","","","","","","","1","","","4","1","","","","","","","","","","","","","","","","","","","","","","","","","","","","","","","","","","","","","","","","","","","","","","DiggerShrapnelArea2","","","","","DiggerProjectileBounce"
"DiggerProjectileShrapnel","","2800","","100","","","","","","","0","0","","","","","","","true","","","","","","","","","","","","","","","","","","","","","","","","","","","","","","","","","","","","","","","","","","","","","","","","","","","","","","","","","","","","","","","","","","","",""
"SamuraiUltiProjectile","","1000","","0","","true","true","","","","170","1","","","","","","","true","","","","","","","","","","","","","","","","","","","","","","","","","","","","","","","","","","","","","","","","","","","","","","","","","","","","","","24","","","","","","","","","SamuraiCrossSlashArea","","","","",""
"SamuraiOverchargedUltiProjectile","","1000","","0","","true","true","","","","170","1","","","","","","","true","","","","","","","","","","","","","","","","","","","","","","","","","","","","","","","","","","","","","","","","","","","","","","","","","","","","","","24","","","","","","","","","SamuraiOverchargedPullInArea","SamuraiOverchargedCrossSlashArea","","","",""
"StickyBombOverchargedUltiProjectile","","800","","0","","true","true","","","","60","1","","","","","","","true","","","","","","","","","","","","","1","","","15","1","","","","","","","","","","","","","","","","","","","","","","","","","","","","","","","","","","","","","","","","","","","","","","StickyBombOverchargedClusterExplosion","","","","","StickyBombOverchargedUltiProjectileBounce"
"StickyBombOverchargedUltiProjectileBounce","","800","","0","","","true","","","","60","1","","","","","","","","","TRUE","","","TRUE","","","","","","","","","","","","","","","","","","","","","","","","","","","","","","","","","","","","","","","","","","","","","","","","","","","","","","","","","","StickyBombOverchargedClusterExplosion","","","","",""
"StickyBombOverchargedUltiProjectile2","","3000","","100","","","","","","","0","2","","","","","","","","","","","","","","","","","","","","","","","","","","","","","","","","","","","","","","","","","","","","","","","","","","","","","","","","","","","","","","","","","","StickyBombOverchargedUlti","","","","","","","","",""
"BlackHoleOverchargedUltiProjectile","","1522","","0","","true","","","","","200","1","","","","","","","true","","","","","","","","","","","","","","","","","","","","","","","","","","","","","","","","","","","","","","","","","","","","","","","","","","","","","","","","","","","","","","","BlackHoleOverchargedUltiSuck","BlackHoleOverchargedUltiExplosion","","","",""
"DiggerDrillProjectile","","3500","","200","","","","","","","0","2","","","","","","","true","","","","","true","","","","","","","","","","","","","","","","","","","","","","","","","","","","","","","","","","","","","","","","","","","","","","","","","","","","","","","","","","","","","","",""
"DiggerDrillOverchargedProjectile","","3500","","200","","","","","","","0","2","","","","","","","true","","","","","true","","","","","","","","","","","","","","","","","","","","","","","","","","","","","","","","","","","","","","","","","","","","","","","","","","","","","","","","","","","","","","",""
"DemonicSoulCollectorProjectile","","1500","","101","","","","","","","0","3","","","","","","","true","","","","","","","","","","","","","","","","","","","","","","","","","","","","","","","TRUE","","","","","","","","","","","","","","","10","","","20","0","30","80","","25","","","","","","","","","","","","","",""
"WrathOfAnAngelProjectile","","2700","","150","","","","","","","0","2","","","","","","","true","","","","","","","","","","","","","","","","","","","","","","","","","","","","","","","","","","","","","","","","","","","","","","","","","","","","","","","","","","","","","WrathOfAnAngelProjectileSlow","","","","","","",""
"ArcadeOverchargedTurretProjectile","","4500","","50","","","","","","","0","3","","","","","","","true","","","","","","","","","","","","","","","","","","","","","","","","","","","","","","","","","","","","","","","","","","","","","","","","","","","","","","","","","","","","","","","","","","","",""
"VoodooUltiProjectile","","1196","","0","","true","","","","","170","1","","","","","","","true","","","","","","","","","","","","","","","","","","","","","","","","","","","","","","","","","","","","","","","","","","","","","","","","","","","","","","","","","","","","","","","","","","","",""
"VoodooOverchargedUltiProjectile","","1196","","0","","true","","","","","170","1","","","","","","","true","","","","","","","","","","","","","","","","","","","","","","","","","","","","","","","","","","","","","","","","","","","","","","","","","","","","","","","","","","","","","","","","","","","",""
"VoodooPetProjectile","","2500","","100","","","","","","","0","","","","","","","","","","","","","","","","","","","","","","","","","","","","","","","","","","","","","","","","","","","","","","","","","","","","","","","","","","","","","","","","","","","","","","","","","","","",""
"VoodooPetOverchargedProjectile","","2500","","100","","","","","","","0","","","","","","","","","","","","","","","","","","","","","","","","","","","","","","","","","","","","","","","","","","","","","","","","","","","","","","","","","","","","","","","","","","","","","","","","","","","",""
"DemonicPowerProjectile","","1700","","0","","true","","","","","240","1","","","","","","","true","","","","","","","","","","","","","","","","","","","","","","","","","","","","","","","","","","","","","","","","","","","","","","","","","","","","","","","","","","","","","","","DemonicPowerAreaEffect","","","","",""
"VoodooProjectileEarth","","1750","","0","","true","","","","","240","1","","","","","","","true","","","","","","","","","","","","","","","","","","","","","","","","","","","","","","","","","","","","","","","","","","","","","","","","","","","","","","","","","","","","","","","VoodooAttackEarth","","","","",""
"VoodooProjectileForest","","1750","","0","","true","","","","","240","1","","","","","","","true","","","","","","","","","","","","","","","","","","","","","","","","","","","","","","","","","","","","","","","","","","","","","","","","","","","","","","","","","","","","","","","VoodooAttackForest","","","","",""
"VoodooProjectileWater","","1750","","0","","true","","","","","240","1","","","","","","","true","","","","","","","","","","","","","","","","","","","","","","","","","","","","","","","","","","","","","","","","","","","","","","","","","","","","","","","","","","","","","","","VoodooAttackWater","VoodooSlowDebuff","","","",""
"VoodooPetSlowProjectile","","2500","","100","","","","","","","0","","","","","","","","","","","","","","","","","","","","","","","","","","","","","","","","","","","","","","","","","","","","","","","","","","","","","","","","","","","","","","","","","","","","","VoodooPetProjectileSlow","","","","","","",""
"VoodooOverchargedPetSlowProjectile","","2500","","325","","","","","","","0","","","","","","","","","","","","","","","","","","","","","","","","","","","","","","","","","","","","","","","","","","","","","","","","","","","","","","","","","","","","","","","","","","","","","VoodooPetProjectileSlow","","","","","","",""
"VoodooProjectileAll","","1750","","0","","true","","","","","240","1","","","","","","","true","","","","","","","","","","","","","","","","","","","","","","","","","","","","","","","","","","","","","","","","","","","","","","","","","","","","","","","","","","","","","","","VoodooAttackAll","VoodooSlowDebuff","","","",""
"LightyearLaserProjectile","","4000","","101","","","","","","","0","2","","","","","","","true","","","","","","","","","","","","","","","","","","","","","","","","","","","","","","","","","","","","","","","","","","","","","","","","","","","","","","","","","","","","","LightyearFire","","","","","","",""
"LightyearLaserUltiProjectile","","4000","","101","","","","","","","0","2","","","","","","","true","","","","","","","","","","","","","","","","","","","","","","","","","","","","","","","","","","","","","","","","","","","","","","","","","","","","","","","","","","","","","LightyearFire","","","","","","",""
"LightyearFlightProjectile","","3500","","100","","","","","","","0","2","","","","","","","true","","","","","","","","","","","","","","","","","","100","50","150","1000","","","","","","","","","","","","","","","","","","","","","","","","","","","","","","","","","","","","","","","","","","","","","","",""
"LightyearFlightUltiProjectile","","3000","","0","","true","true","","","","20","2","","","","","","","true","","","","","","","","","","","","","","","","","","","","","","","","","","","","","","","","","","","","","","","","1000","","","","","","","","","","","","","","","","","","","","","","","LightyearFlightUltiExplosion","","","","",""
"MeepleProjectile","","3000","","101","","","","","","","0","3","","","","","","","true","","","","","","","","","","","","","","","","","","","","","","","","","","","","","","","","","","","","","","","","","","","","","","4","","","2","5","5","15","","","","","","","","","","","","","","","",""
"MeepleUltiProjectile","","1196","","0","","true","","","","","170","3","","","","","","","true","","","","","","","","","","","","","","","","","","","","","","","","","","","","","","","","","","","","","","","","","","","","","","","","","","","","","","","","","","","","","","","MeepleSuperArea","","","","",""
"MeepleOverchargedUltiProjectile","","1196","","0","","true","","","","","170","3","","","","","","","true","","","","","","","","","","","","","","","","","","","","","","","","","","","","","","","","","","","","","","","","","","","","","","","","","","","","","","","","","","","","","","","MeepleOverchargedSuperArea","MeepleOverchargedPassWallArea","","","",""
"MeepleWallProjectile","","1600","","0","","true","","","","","330","1","","","","","","","true","","","","","","","","","","","","","","","","","","","","","","","","","","","","","","","","","","","","","","","","","","","","","","","","","","","","","","","","","","","","","","","MeepleWallArea","MeepleWallAreaExplosion","","","",""
"SkaterProjectile","","3000","","100","","","","","","","0","","","","","","","","true","","","","","true","","","","","","","","","","","","","","","","","","","","","","","","","","","","","","","true","","","","","","","","","","","","","","","","","","","","","","","","","","","","","","","",""
"SkaterProjectileTaunt","","3000","","100","","","","","","","0","","","","","","","","true","","","","","true","","","","","","","","","","","","","","","","","","","","","","","","","","","","","","","true","","","","","","","","","","","","","","","","","","","","","","","","","SkaterGadgetProjectileTaunt","","","","","","",""
"hankOverchargedUltiProjectile","","4000","","101","","","","","","","0","3","","","","","","","TRUE","","","","","","","","","","","","","","","","","","","","","","","","","","","","","","","","","","","","","","","","","","","","","","4","","","5","3","15","40","","","","","","","","","","","","","","","",""
"BeameOverchargedUltiProjectile","","5000","","250","","","","","","","0","2","","","","","","","true","","","","","true","","","","","","","","","","","","","","","","","","","","","","","","","","true","","","","","","","","","","","","","","","","","true","","","","","","","","","","","","","","","","","","","",""
"BeaOverchargedUltiProjectile","","2500","","150","","","","","","","0","2","","","","","","","true","","","","","","","","","","","","","2","","20","17","2","","","","","","","","","","","","","","","","","","","","","","","","","","","","","3","","","","","","","","","","","","","","","BeeSniperUltiProjectileSlow","","","","","","","BeaOverchargedUltiProjectile2"
"BeaOverchargedUltiProjectile2","","2500","","101","","","","","","","0","2","","","","","","","true","","","","","","","","","","","","","","","","","","","","","","","","","","","","","","","","","","","","","","","","","","","","","","","","","","","","","","","","","","","","","BeeSniperUltiProjectileSlow","","","","","","",""
"BowDudeSpawnOverchargedMineProjectile","","2391","","0","","true","","","","","405","2","","","","","","","true","","","","","","","","","","","","","","","","","","","","","","","","","","","","","","","","","","","","","","","","","","","","","","","","","","","","","","","","","","","","","","","Bo_def_overcharged_ulti1_area","","","","",""
"MinigunDudeOverchargedUltiProjectile","","1196","","0","","true","","","","","170","3","","","","","","","true","","","","","","","","","","","","","","","","","","","","","","","","","","","","","","","","","","","","","","","","","","","","","","","","","","","","","","","","","","","","","","","MinigunOverchargedInstantHeal","","","","",""
"SpawnerDudeOverchargedUltiProjectile","","1196","","0","","true","","","","","139","1","","","","","","","true","","","","","","","","","","","","","","","","","","","","","","","","","","","","","","","","","","","","","","","","","","","","","","","","","","","","","","","","","","","","","","","SpawnerDudeOverchargedExplosion","","","","",""
"ChesterOverchargedUltiProjectile","","800","","0","","true","true","","","","75","1","","","","","","","true","","","","","","","","","","","","","","","","","","","","","","","","","","","","","","","","","","","","","","","","","","","","","","","","","","","","","","","","","","","","","","","ChesterOverchargedUltiExplosion","ChesterOverchargedUltiBulletExplosion","","","",""
"MorningstarProjectile","","3500","","170","","","","","","","0","1","","","","","","","true","","","","","true","","","","","","","","","","","","","","","","","","","","","","","","","","","","","","","","","","","","","","","","","","","","","","","","","","","","","","MorningstarGroundedWeapon","","","","","","","","",""
"MorningstarProjectileRecall","","4000","","170","","","","","","","0","0","","","","","","","true","","","","","true","","","","","","","","","","","","","","","","","","","","","","","","","","true","","","","","","","","","","","","","","","","","","","","","","","26","","","","NoExternalProjectileControl","","","","","","","","","",""
"MorningstarProjectileRecallFrozenSP","","3600","","170","","","","","","","0","0","","","","","","","true","","","","","true","","","","","","","","","","","","","","","","","","","","","","","","","","true","","","","","","","","","","","","","","","","","","","","","","","26","","","","NoExternalProjectileControl","","","","","","","","","",""
"MorningstarUltiProjectile1","","29000","","0","","true","","","","","0","1","","","","","","","true","","","","","true","","","","","","","","","","","","","","","","","","","","","","","","","","true","","","","","","","","","","","","","","","","","","","","","","","","240","","","ChangingProjectileCustomRange","","","","","MorningstarUltiArea1","","","","",""
"MorningstarUltiProjectile2","","29000","","0","","true","","","","","0","1","","","","","","","true","","","","","true","","","","","","","","","","","","","","","","","","","","","","","","","","true","","","","","","","","","","","","","","","","","","","","","","","","555","","","ChangingProjectileCustomRange","","","","","MorningstarUltiArea2","","","","",""
"MorningstarUltiProjectile3","","29000","","0","","true","","","","","0","1","","","","","","","true","","","","","true","","","","","","","","","","","","","","","","","","","","","","","","","","true","","","","","","","","","","","","","","","","","","","","","","","","","","","","","","","","MorningstarUltiArea3","MorningstarUltiArea3StatusEffect","","","",""
"MorningstarUltiProjectileOvercharged1","","29000","","0","","true","","","","","0","1","","","","","","","true","","","","","true","","","","","","","","","","","","","","","","","","","","","","","","","","true","","","","","","","","","","","","","","","","","","","","","","","","240","","","ChangingProjectileCustomRange","","","","","MorningstarUltiArea1Overcharged","","","","",""
"MorningstarUltiProjectileOvercharged2","","29000","","0","","true","","","","","0","1","","","","","","","true","","","","","true","","","","","","","","","","","","","","","","","","","","","","","","","","true","","","","","","","","","","","","","","","","","","","","","","","","555","","","ChangingProjectileCustomRange","","","","","MorningstarUltiArea2Overcharged","","","","",""
"MorningstarUltiProjectileOvercharged3","","29000","","0","","true","","","","","0","1","","","","","","","true","","","","","true","","","","","","","","","","","","","","","","","","","","","","","","","","true","","","","","","","","","","","","","","","","","","","","","","","","","","","","","","","","MorningstarUltiArea3Overcharged","MorningstarUltiArea3StatusEffect","","","",""
"ChronomancerProjectile","","3000","","100","","","","","","","0","2","","","","","","","true","","","","","","","","","","","","","","","","","","","","","","","","","","","","","","","","","","","","","","","","","","","","","","","","","","","","","","","","","","","","","","","","","","","",""
"ChronomancerProjectileSecondary","","3000","","60","","","","","","","0","2","","","","","","","true","","","","","","","","","","","","","","","","","","","","","","","","","","","","","","","","","","","","","","","","","","","","","","","","","","","","","","","","","","","","","","","","","","","",""
"ChronomancerUltiProjectile","","2000","","0","","true","","","","","300","1","","","","","","","true","","","","","","","","","","","","","","","","","","","","","","","","","","","","","","","","","","","","","","","","","","","","","","","","","","","","","","","","","","","","","","","ChronomancerUltiTimebend","","","","",""
"ChronomancerUltiHyperProjectile","","2000","","0","","true","","","","","300","1","","","","","","","true","","","","","","","","","","","","","","","","","","","","","","","","","","","","","","","","","","","","","","","","","","","","","","","","","","","","","","","","","","","","","","","ChronomancerOverchargedUltiTimebend","","","","",""
"ChronomancerProjectileStasis","","3000","","100","","","","","","","0","2","","","","","","","true","","","","","","","","","","","","","","","","","","","","","","","","","","","","","","","","","","","","","","","","","","","","","","","","","","","","","","","","","","","","","ChronomancerGadgetProjectileStasis","","","","","","",""
"ChronomancerProjectileStasisSecondary","","3000","","60","","","","","","","0","2","","","","","","","true","","","","","","","","","","","","","","","","","","","","","","","","","","","","","","","","","","","","","","","","","","","","","","","","","","","","","","","","","","","","","ChronomancerGadgetProjectileStasis","","","","","","",""
"GusOverchargedUltiProjectile","","3600","","200","","","","","","","0","2","","","","","","","","","","","","","","","","","","","","","","","","","","","","","","","","","","","","","","true","","","2600","200","","","","","","","","","","","","","","","","","","","","","","","","","","","","","","","","",""
"GusOverchargedAreaEffectProjectile","","3600","","150","","","","","","","0","1","","","","","","","true","","","","","","","","","","","","","","","","","","","","","","","","","","","","","","","","","","","","","","","","","","","","","","","","","","","","","","","","","","","","GusOverchargedHealingProjectile","GusOverchargedDmgProjectile","","","","","","",""
"MtowerProjectile","","2500","","100","","","","","","","0","2","","","","","","","true","","","","","","","","","","","","","","","","","","","","","","","","","","","","","","","","","","","","","","","","","","","","","","10","","","40","2","30","50","","","","","","","","","","","","","","","",""
"ArenaXPProjectile","","3500","","50","","","","","","","0","2","","","","","","","true","","","","","","","","","","","","","","","","","","","","","","","","","","","","","","","true","","","","","","","","","","","","","","","10","","","40","2","30","50","","23","","","","","","","","","","","","","",""
"MobaKaijuProjectile","","500","","100","","","","","","","0","2","","","","","","","","","","","","","","","","","","","","","","","","","","","","","","","","","","","","","","","","","","","","","","","","","","","","","4","","","10","0","15","20","","","","","","","","","","","","","","","",""
"MobaBigKaijuProjectile","","800","","100","","","","","","","0","2","","","","","","","","","","","","","","","","","","","","","","","","","","","","","","","","","","","","","","","","","","","","","","","","","","","","","4","","","10","0","15","20","","","","","","","","","","","","","","","",""
"AlternatorHealProjectile","","3500","","225","","","","","","","0","1","","","","","","","true","","","","","true","","","","","","","","","","","","","","","","","","","","","","","","","","","","","","","","","","","","","","","","","","","","","","","","","","","","","","","AlternatorProjectileHeal","","","","","","","",""
"AlternatorSpeedProjectile","","3700","","225","","","","","","","0","2","","","","","300","","true","","","","","true","","","","","","","","","","","","","","","","","","","","","","","","","","","","","","","","","","","","","","","","","","","","","","","","","","","","","","","","","","","","","AlternatorProjectileSpeedTrail","",""
"AlternatorDamageProjectile","","3500","","225","","","","","","","0","2","","","","","","","true","","","","","true","","","","","","","","","","","","","","","","","","","","","","","","","","","","","","","","","","","","","","","","","","","","","","","","","","","","","","","","","","","","","","",""
"AlternatorSlowProjectile","","3500","","225","","","","","","","0","2","","","","","300","","true","","","","","true","","","","","","","","","","","","","","","","","","","","","","","","","","","","","","","","","","","","","","","","","","","","","","","","","","","","","","","","","","","","","AlternatorProjectileSlowTrail","",""
"GeishaUltiProjectile","","1000","","0","","true","true","","","","170","1","","","","","","","true","","","","","","","","","","","","","","","","","","","","","","","","","","","","","","","","","","","","","","","","","","","","","","","","","","","","","","","","","","","","","","","GeishaStormVisibility","GeishaStormDamage","","","",""
"GeishaUltiProjectileOvercharged","","1000","","0","","true","true","","","","170","1","","","","","","","true","","","","","","","","","","","","","","","","","","","","","","","","","","","","","","","","","","","","","","","","","","","","","","","","","","","","","","","","","","","","","","","GeishaStormVisibilityOvercharged","GeishaStormDamage","GeishaStormOverchargedCenterDamage","","",""
"GeishaTransformedProjectile","","3500","","100","","","","","","","0","2","","","","","","","true","","","","","","","","","","","","","","","","","","100","50","150","1000","","","","","","","","","","","","","","","","","","","","","","","","","","","","","","","","","","","","","","","","","","","","","","",""
"SpawnerDudeMutantProjectile","","2000","","200","","","","","","","0","2","","","","","","","true","","","","","","","","","","","","","","","","","2","","","","","","","","","","","","","","","","","","","","","","","","","","","","","","","","","","","","","","","","","","","","","","","","","","",""
"ArenaBaseProjectile","","5500","","200","","","","","","","0","2","","","","","","","true","","","","","","","","","","","","","","","","","","","","","","","","","","","50","100","","","true","","","","","","","","","","","","","","","","","","","","","","","","","800","","","","","","","","","","","",""
"MegaKenjiProjectileSlowBounce","","1400","","0","","","","","","","0","2","","","","","","","true","","true","","","","","","","","","","","","","","","","","","","","","","","","","","","","","","","","","","","","","","","","","","","","","","","","","","","","","","","","","","","","","","","","","",""
"MegaKenjiProjectileSpawnRobot","","2500","","0","","true","","","","","400","1","","","","MegaSamuraiRangedEnemy","","","true","","","","","","","","","","","","","","","","","","","","","","","","","","","","","","","","","","","","","","","","","","","","","","","","","","","","","","","","","","","","","","","","","","","",""
"MegaKenjiProjectileFast360","","1650","","0","","","","","","","0","3","","","","","","","true","","","","","","","","","","","","","","","","","","","","","","","","","","","","","","","true","","","","","","","","","","","","","","","","","","","","","","","","","","","","","","","","","","","","",""
"MegaKenjiProjectileDeath","","4000","","0","","","","","","","0","3","","","","","","","true","","","","","","","","","","","","","","","","","","","","","","","","","","","","","","","true","","","","","","","","","","","","","","","","","","","","","","","","","","","","","","","","","","","","",""
"SamuraiRangedEnemyProjectile","","4000","","100","","","","","","","0","2","","","","","","","","","","","","","","","","","","","","","","","","","","","","","","","","","","","","","","","","","","","","","","","","","","","","","","","","","","","","","","","","","","","","","","","","","","",""
"BaseballOverchargedUltiProjectileSticky","","3000","","250","","","","","","","0","3","","","","","","","true","","true","","","false","","","","","","","","2","","20","100","","","","","","","10","","","","","","","","","","","","","","","","","","","","","","","","","","","","","","","","","","","","","","","","","","","","","BaseballOverchargedUltiProjectileStickyChain"
"BaseballOverchargedUltiProjectileStickyChain","","3000","","250","","","","","","","0","3","","","","","","","true","","true","","","true","","","","","","","","","","","","","","","","","","10","","","","","","","","","","","","","","","","","","","","","","","","","","","","","","","","","","","","","","","","","","","","",""
"AngelicProjectile","","3000","","100","","","","","","","0","2","","","","","","","","","","","","","","","","","","","","","","","","","","","","","","","","","","","","","","","","","","","","","","","","","","","","","","","","","","","","","","700","","","","","","","","","","","","",""
"DemonicProjectile","","4000","","100","","","","","","","0","2","","","","","","","","","","","","","","","","","","","","","","","","","","","","","","","","","","","","","","true","","","","","","","","","","","","","","","","","","","","","","","","700","","","","","","","","","","","","",""
"DemonicProjectileBoomerang","","4000","","100","","","","","","","0","2","","","","","","","","","","","","TRUE","","","","","","","","","","","","","","","","","","","","","","","","","","true","","","","","","","","","","","1","","","","","","","","","","","","","700","","","","","","","","","","","","",""
"BrawlersMagnetProjectile1_lvl1","","2000","","200","","","","","","","0","4","","","","","","","true","","","","","","","","","","","","","","","","","","","","","","","","","","","","","","","true","","","","","","","true","","","","","","","","","","","","","","","","","","","","","","","","","","","","","","BrawlersMagnetProjectile2_lvl1"
"BrawlersMagnetProjectile2_lvl1","","2000","","200","","","","","","","0","2","","","","","","","true","","","","","","true","true","","","","","","","","","","","","","","","","","","","","","","","","true","","","","","","","true","","","","","","","","","","","","","","","","","","","","","","","","","","","","","",""
"BrawlersMagnetProjectile1_lvl3","","3000","","200","","","","","","","0","4","","","","","","","true","","","","","","","","","","","","","","","","","","","","","","","","","","","","","","","true","","","","","","","true","","","","","","","","","","","","","","","","","","","","","","","","","","","","","","BrawlersMagnetProjectile2_lvl3"
"BrawlersMagnetProjectile2_lvl3","","3000","","200","","","","","","","0","2","","","","","","","true","","","","","","true","true","","","","","","","","","","","","","","","","","","","","","","","","true","","","","","","","true","","","","","","","","","","","","","","","","","","","","","","","","","","","","","",""
"SignalStrikeProjectile","","4000","","225","","","","","","","0","2","","","","","300","","true","","","","","","","","","","","","","","","","","","","","","","","","","","","","","","","","","","","","","","","","","","","","","","","","","","","","","","","","","","","","","","","","","","SubwayTrainRushProjectileSpeedTrail","",""
"SignalStrikeProjectile_lvl3","","4000","","225","","","","","","","0","2","","","","","300","","true","","","","","","","","","","","","","","","","","","","","","","","","","","","","","","","","","","","","","","","","","","","","","","","","","","","","","","","","","","","","","","SignalStrikeReload","","","","SubwayTrainRushProjectileSpeedTrail","",""
"EndOfLineProjectile","","3200","","0","","true","","","","","330","1","","","","","","","true","","","","","","","","","","","","","","","","","","","","","","","","","","","","","","","","","","","","","","","","","","","","","","","","","","","","","","","","","","","","","","","OutOfLineArea","","","","",""
"BoomBoxProjectile","","1750","","0","","true","","","","","240","1","","","","","","","true","","","","","","","","","","","","","","","","","","","","","","","","","","","","","","","","","","","","","","","","","","","","","","","","","","","","","","","","","","","","","","","PushbackBoomBox","","","","",""
"BoomBoxProjectile_lvl2","","1750","","0","","true","","","","","240","1","","","","","","","true","","","","","","","","","","","","","","","","","","","","","","","","","","","","","","","","","","","","","","","","","","","","","","","","","","","","","","","","","","","","","","","PushbackBoomBox","HealBoomBox","","","",""
"BoomBoxProjectile_lvl3","","1750","","0","","true","","","","","240","1","","","","","","","true","","","","","","","","","","","","","","","","","","","","","","","","","","","","","","","","","","","","","","","","","","","","","","","","","","","","","","","","","","","","","","","PushbackBoomBoxLvL3","HealBoomBox","","","",""
"HookTimeProjectile_lvl1","","2000","","150","","","","","","","0","1","","","","","","","true","","","","","","","","","","","","","","","","","","","","","","","","","","","","","","","","","","","","","","","","","","","","","","","","","","","","","","5","","","","","","","","","","","","","",""
"HookTimeProjectile_lvl3","","4500","","150","","","","","","","0","1","","","","","","","true","","","","","","","","","","","","","","","","","","","","","","","","","","","","","","","","","","","","","","","","","","","","","","","","","","","","","","5","","","","","","","","","","","","","",""
"JetpackProjectileDamage","","1500","","200","","true","true","","","","20","2","","","","","","","true","","","","","","","","","","","","","","","","","","","","","","","","","","","","","","","","","","","","","","","","1000","","","","","","","","","","","","","","","","","","","","","","","SubwayJetpackDamage","","","","",""
"JetpackProjectileDamageAndSlow","","1500","","200","","true","true","","","","20","2","","","","","","","true","","","","","","","","","","","","","","","","","","","","","","","","","","","","","","","","","","","","","","","","1000","","","","","","","","","","","","","","","","","","","","","","","SubwayJetpackDamage","SubwayJetpackSlow","","","",""
"EndOfLineProjectile_lvl3","","3200","","0","","true","","","","","330","1","","","","","","","true","","","","","","","","","","","","","","","","","","","","","","","","","","","","","","","","","","","","","","","","","","","","","","","","","","","","","","","","","","","","","","","OutOfLineArea_lvl3","","","","",""
"DancerProjectileSingle","","3000","","150","","","","","","","0","1","","","","","","","true","","","","","","","","","","","","","","","","","","","","","","","","","","","","","","","","","","","","","","","","","","","","","","","","","","","","","","","","","","","","","","","","","","","",""
"DancerProjectileDouble","","3000","","200","","","","","","","0","1","","","","","","","true","","","","","","","","","","","","","","","","","","","","","","","","","","","","","","","","","","","","","","","","","","","","","","","","","","","","","","","","","","","","","","","","","","","",""
"DancerProjectileTriple","","3000","","150","","","","","","","0","2","","","","","","","true","","","","","true","","","","","","","","","","","","","","","","","","","","","","","","","","","","","","","true","","","","","","","","","","","","","","","","","","","","","","","","","","","","","","","",""
"DancerProjectileUlti","","2200","","400","","","","","","","0","","","","","","","","true","","","","","true","","","-60","4","","","","","","","","","","","","","","","","","","","","","","","","","","","true","","","","","","","","","","","","","","","","","","","","","","","","","","","","","","","",""
"DancerOverchargedProjectileUlti","","3000","","400","","","","","","","0","","","","","","","","true","","true","1000","3","true","","","-250","4","","","","","","","","","","","","","","","","","","","","","","","","","","","","","","","","","","","","","","","","","","","","","","","","","","","","","","","","","","",""
"FuryProjectile","","29000","","0","","true","","","","","250","1","","","","","","","true","","","","","","","","","","","","","","","","","","","","","","","","","","","","","","","","","","","","","","","","","","","","","","","","","","","","","","","","","","","","","","","FuryWarning","","","","",""
"FuryProjectileCrit","","29000","","0","","true","","","","","250","1","","","","","","","true","","","","","","","","","","","","","","","","","","","","","","","","","","","","","","","","","","","","","","","","","","","","","","","","","","","","","","","","","","","","","","","FuryWarningCrit","","","","",""
"FuryUltiProjectile","","1000","","1500","","","","","","","0","0","","","","","","","true","","","","","true","","","","","","","","","","","","","","","","","","-1","","","","","","","","true","","","","","","","","","","","","","","","14","50","","","","","","","28","","","","","","","","","","","","","",""
"FuryOverchargedUltiProjectile","","1000","","1500","","","","","","","0","0","","","","","","","true","","","","","true","","","","","","","","","","","","","","","","","","-1","","","","","","","","true","","","","","","","","","","","3","","","","14","50","","","","","","","28","","","","","","","","","","","","","","FuryOverchargedUltiProjectileReturn"
"FuryOverchargedUltiProjectileReturn","","1000","","1500","","","","","","","0","0","","","","","","","true","","","","","true","","","","","","","","","","","","","","","","","","-1","","","","","","","","true","","","","","","","","","","","3","","","","14","50","","","","","","","28","","","","","","","","","","","","","",""
"MegaBossCrowProjectile","","1500","","40","","","","","","","0","2","","","","","","","true","","","","","","","","","","","","","","","","","","","","","","","","","","","","","","","","","","","","","","","","","","","","","","","","","","","","","","","","","","","","","MegaCrowPoisonVirus","","","","","","",""
"MegaBossCactusProjectile","","1800","","195","","","","","","","0","","","","","","","","true","","","","","","","","","","","","","","","","","","","","","","","","","","","","","","","","","","","","","","","","","","","","","","","","","","","","","","","","","0","","","","","","MegaCactusExplosion","MegaCactusSpikeExplosion","","","",""
"MegaBossCactusFrag","","1000","","65","","","","","","","0","","","","","","","","true","","","","","","","","","","","","","","","","","","","","","","","","","","","","","","","","","","","","","","","","","","","","","","","","","","","","","","","","","","","","","","","","","","","",""
"MegaBossCactusUltiProjectile","","1739","","0","","true","","","","","240","","","","","","","","true","","","","","","","","","","","","","","","","","","","","","","","","","","","","","","","","","","","","","","","","","","","","","","","","","","","","","","","","","","","","","","","MegaCactusUltiExplosion","","","","",""
"MegaBossCactusPushAwayFrag","","2500","","65","","","","","","","0","","","","","","","","true","","","","","","","","","","","","","","","","","","","","","","","","","","","","","","","","","","","","","","","","","","","","","","","","","","","","","","","","","","","","","","","","","","","",""
"MegaBossCactusProjectileSecond","","1800","","195","","","","","","","0","","","","","","","","true","","","","","","","","","","","","","","","","","","","","","","","","","","","","","","","","","","","","","","","","","","","","","","","","","","","","","","","","","","","","","","","MegaCactusExplosion","MegaCactusSpikeExplosionSecond","","","",""
"MegaTickProjectile","","800","","0","","true","true","900","","","60","2","","","","","","","true","","","","","","","","","","","","","","","","","","","","","","","","","","","","","","","","","","","","","","","","","","","","","","","","","","","","","","","","","","","","","","","MegaBossClusterBombExplosion","MegaBossClusterBombExplosion2","","","",""
"MegaTickSummonProjectile","","1200","","0","","true","","","","","170","1","","","","","","","true","","","","","","","","","","","","","","","","","","","","","","","","","","","","","","","","","","","","","","","","","","","","","","","","","","","","","","","","","","","","","","","","","","","",""
"MegaTickSummonProjectileMid","","1000","","0","","true","","","","","130","1","","","","","","","true","","","","","","","","","","","","","","","","","","","","","","","","","","","","","","","","","","","","","","","","","","","","","","","","","","","","","","","","","","","","","","","","","","","",""
"MegaTickSummonProjectileLarge","","1500","","0","","true","","","","","150","1","","","","","","","true","","","","","","","","","","","","","","","","","","","","","","","","","","","","","","","","","","","","","","","","","","","","","","","","","","","","","","","","","","","","","","","","","","","",""
"MegaTickSecondProjectile","","1700","","0","","true","","","","","240","1","","","","","","","true","","","","","","","","","","","","","","","","","","","","","","","","","","","","","","","","","","","","","","","","","","","","","","","","","","","","","","","","","","","","","","","MegaTickMeteorite","MegaBossClusterBombExplosion2","","","",""
"MegaBossTrickshotDudeProjectile","","1100","","85","","","","","","","0","","","","","","","","true","","true","3000","5","","","","","","","","","","","","","","","","","","","","","","","","","","","","","","","","","","","","","","","TRUE","","","","","","","","","","","","","","","","","","","","","","","","",""
"MegaBossTrickshotDudeUltiProjectile","","1600","","85","","","","","","","0","","","","","","","","true","","true","3000","5","true","","","","","","","","","","","","","","","","","","","","","","","","","","","","","","","","","","","","","","TRUE","","","","","","","","","","","","","","","","","","","","","","","","",""
"MegaBossTrickshotDudeProjectileLarge","","900","","150","","","","","","","0","","","","","","","","true","","true","3000","5","true","","","","","","","","","","","","","","","","","","","","","","","","","","","","","","","","","","","","","","TRUE","","","","","","","","","","","","","","","","","","","","","","","","",""
"MegaBossTrickshotDudeProjectileLargeExtra","","2300","","260","","","","","","","0","","","","","","","","true","","true","3000","5","true","","","","","","","","","","","","","","","","","","","","","","","","","","","","","","","","","","","","","","TRUE","","","","","","","","","","","","","","","","","","","","","","","","",""
"MegaBossCrowJumpProjectile","","1000","","50","","","","","","","0","1","","","","","","","true","","","","","","","","","","","","","1","","10","1","3","","","","","","","","","","","","","","","","","","","","","","","","","","","","","","","","","","","","","","","","","","","","MegaCrowPoisonVirus","","","","","","","MegaBossCrowJumpProjectileChain"
"MegaBossCrowSwampProjectile","","1504","","0","","true","","","","","170","1","","","","","","","true","","","","","","","","","","","","","","","","","","","","","","","","","","","","","","","","","","","","","","","","2100","","","","","","","","","","","","","","","","","","","","","","","MegaBossCrowSwamp","MegaBossCrowSwampStatus","","","",""
"MegaBossCrowSwampProjectileLarge","","1504","","0","","true","","","","","180","1","","","","","","","true","","","","","","","","","","","","","","","","","","","","","","","","","","","","","","","","","","","","","","","","2100","","","","","","","","","","","","","","","","","","","","","","","MegaBossCrowSwampLarge","MegaBossCrowJumpKnifesExplode","","","",""
"MegaBossCrowJumpProjectileChain","","1000","","101","","","","","","","0","3","","","","","","","true","","true","","1","","","","","","","","","","","","","","","","","","","","","","","","","","","","","","","","","","","","","","","","","","","","","","","","","","","","","","","","","","","MegaBossCrowSwamp","MegaBossCrowSwampStatus","","","",""
"MegaBossSplitterProjectileSlow","","1400","","65","","","","","","","0","3","","","","","","","true","","","","","","","","","","","","","","","","","","","","","","","","","","","","","","","true","","","","","","","","","","","","","","","","","","","","","","","","","","","","","","MegaBossSplitterTag","","","","","","",""
"MegaBossSplitterProjectile","","1900","","50","","","","","","","0","3","","","","","","","true","","","","","","","","","","","","","","","","","","","","","","","","","","","","","","","","","","","","","","","","","","","","","","","","","","","","","","","","","","","","","MegaBossSplitterTag","","","","","","",""
"MegaBossSplitterProjectilePierce","","4000","","150","","","","","","","0","3","","","","","","","true","","true","2000","3","true","true","true","","","","","","","","","","","","","","","","","","","","","","","","","","","","","","","","","","","","","","","","","","","","","","","","","","","","","","MegaBossSplitterTag","","","","","","",""
"MegaBossSplitterSpawnRobotsThrow","","2500","","0","","true","","","","","400","1","","","","MegaSplitterTwinsEnemyThrow","","","true","","","","","","","","","","","","","","","","","","","","","","","","","","","","","","","","","","","","","","","","","","","","","","","","","","","","","","","","","","","","","","","","","","","",""
"MegaBossSplitterSpawnRobotsShoot","","2200","","0","","true","","","","","400","1","","","","MegaSplitterTwinsEnemyShoot","","","true","","","","","","","","","","","","","","","","","","","","","","","","","","","","","","","","","","","","","","","","","","","","","","","","","","","","","","","","","","","","","","","","","","","",""
"MegaBossTwinsThrowerProjectile","","2000","","0","","true","","","","","260","1","","","","","","","true","","","","","","","","","","","","","","","","","","","","","","","","","","","","","","","","","","","","","","","","","","","","","","","","","","","","","","","","","","","","","","","TwinsThrowerExplosion","","","","",""
"MegaBossTwinsShotgunProjectile","","2800","","0","","","","","","","0","2","","","","","","","true","","","","","","","","","","","","","","","","","","","","","","","","","","","","","","","","","","","","","","","","","","","","","","","","","","","","","","","","","","","","","","","","","","","",""
"MegaKenjiProjectileSpawnKenji","","2000","","0","","true","","","","","400","1","","","","MegaKenjiPet","","","true","","","","","","","","","","","","","","","","","","","","","","","","","","","","","","","","","","","","","","","","","","","","","","","","","","","","","","","","","","","","","","","MegaBossBoomPushAwayArea","MegaKenjiBulletExplosionPet","","","",""
"MegaBossSpikeSummonPet","","1500","","0","","true","","","","","300","","","","","MegaBossCactusCover","","","true","","","","","","","","","","","","","","","","","","","","","","","","","","","","","","","","","","","","","","","","","","","","","","","","","","","","","","","","","","","","","","","","","","","",""
"MegaBossCactusPetShoot","","2000","","62","","","","","","","0","1","","","","","","","true","","","","","","","","","","","","","","","","","","","","","","","","","","","","","","","","","","","","","","","","","","","","","","","","","","","","","","","","","","","","","","","","","","","",""
"MegaSamuraiRangedEnemyProjectile","","1700","","100","","","","","","","0","2","","","","","","","","","","","","","","","","","","","","","","","","","","","","","","","","","","","","","","","","","","","","","","","","","","","","","","","","","","","","","","","","","","","","","","","","","","",""
"ActorPlaceholderProjectile","","3500","","40","","","","","","","0","2","","","","","","","true","","","","","","","","","","","","","","","","","","","","","","","","","","","","","","","","","","","","","","","","","","","","","","","","","","","","","","","","","","","","","ActorPlaceholderRoot","","","","","","",""
"BulletstormProjectile","","4000","","100","","","","","","","0","2","","","","","","","true","","","","","","","","","","","","","","","","","","","","","","","","","","","","","","","","","","","","","","","","","","","","","","","","","","","","","","","","","","","","","","","","","","","",""
"BulletstormLastShotProjectile","","4000","","110","","","","","","","0","2","","","","","","","true","","","","","","","","","","","","","","","","","","","","","","","","","","","","","","","","","","","","","","","","","","","","","","","","","","","","","","","","","","","","","","","","","","","",""
"BulletstormUltiProjectile","","29000","","0","","true","","","","","260","1","","","","","","","true","","","","","","","","","","","","","","","","","","","","","","","","","","","","","","","","","","","","","","","","","","","","","","","","","","","","","","","","","","","","","","","BulletstormUltiWarning","","","","",""
"BulletstormUltiOverchargedProjectile","","29000","","0","","true","","","","","260","1","","","","","","","true","","","","","","","","","","","","","","","","","","","","","","","","","","","","","","","","","","","","","","","","","","","","","","","","","","","","","","","","","","","","","","","BulletstormUltiOverchargedWarning","","","","",""
"BulletstormShellProjectile","","2000","","0","","true","","","","","300","1","","","","","","","true","","","","","","","","","","","","","","","","","","","","","","","","","","","","","","","","","","","","","","","","","","","","","","","","","","","","","","","","","","","BulletstormShell","","","","","","","","",""
"BulletstormOnShellPickedUpProjectile","","4000","","100","","","","","","","0","2","","","","","","","true","","","","","","","","","","","","","","","","","","","","","","","","","","","","","","","true","","","","","","","","","","","","","","","","","","","","","","","","","","","","","","","","","","","","",""
"BulletstormUltiMarkedProjectile","","4500","","80","","","","","","","0","2","","","","","","","true","","","","","","","","","","","","","","","","","","","","","","","","","","","","","","","true","","","","","","","","","","","","","","","9","","","4","2","8","40","","","","","","","","","","","","","","","",""
"BulletstormUltiOverchargedMarkedProjectile","","4500","","80","","","","","","","0","2","","","","","","","true","","","","","true","","","","","","","","","","","","","","","","","","","","","","","","","","true","","","","","","","","","","","","","","","9","","","4","2","8","40","","","","","","","","","","","","","","","",""
"MegaBossDgProjectile","","3100","","0","","","","","","","0","2","","","","","","","true","","","","","","","","","","","","","","","","","","","","","","","","","","","","","","","","","","","","","","","","","","","","","","","","","","","","","","","","","","","","","","","","","","","",""
"MegaBossDgSpawn","","2500","","0","","true","","","","","400","1","","","","","","","true","","","","","","","","","","","","","","","","","","","","","","","","","","","","","","","","","","","","","","","","","","","","","","","","","","","","","","","","","","","","","","","MegaBossDgSpawnBullets","","","","",""
"MegaBossDgSpawnProjectile","","3100","","0","","","","","","","0","2","","","","","","","true","","","","","","","","","","","","","","","","","","","","","","","","","","","","","","","","","","","","","","","","","","","","","","","","","","","","","","","","","","","","","","","","","","","",""
"MegaBossVecProjectileDropClock","","29000","","0","","true","","","","","260","1","","","","","","","true","","","","","","","","","","","","","","","","","","","","","","","","","","","","","","","","","","","","","","","","","","","","","","","","","","","","","","","","","","","","","","","MegaBossVecClockSpawn","","","","",""
"MegaBossVecProjectileLong","","3100","","0","","","","","","","0","2","","","","","","","true","","","","","","","","","","","","","","","","","","","","","","","","","","","","","","","","","","","","","","","","","","","","","","","","","","","","","","","","","","","","","","","","","","","",""
"MegaBossVecProjectileFreeze","","29000","","0","","true","","","","","260","1","","","","","","","true","","","","","","","","","","","","","","","","","","","","","","","","","","","","","","","","","","","","","","","","","","","","","","","","","","","","","","","","","","","","","","","MegaBossVecFreezeArea","MegaBossVecFreezeExplosion","","","",""
"RogueliteCirclingProjectileClose","","560","","200","","","","","","","0","0","","","","","","","true","","","","","true","","","","","","","","","","","","","","","","","","20","","","","","","","","true","","","","","","","","","","","","","","","8","550","true","","","","99999","","","1000","","","","","","","","","","","","",""
"RogueliteCirclingProjectileFar","","560","","200","","","","","","","0","5","","","","","","","true","","","","","true","","","","","","","","","","","","","","","","","","20","","","","","","","","true","","","","","","","","","","","","","","","8","800","true","","","","99999","","","1000","","","","","","","","","","","","",""
"RogueliteCirclingProjectile3","","560","","200","","","","","","","0","10","","","","","","","true","","","","","true","","","","","","","","","","","","","","","","","","20","","","","","","","","true","","","","","","","","","","","","","","","8","500","true","","","","99999","","","1000","","","","","","","","","","","","",""
"EnragerPullProjectile","","4000","","150","","","","","","","0","1","","","","","","","true","","","","","","","","","","","","","","","","","","","","","","","","","","","","","","","","","","","","","","","","","","","","","","","","","","","","","","29","","","","","","","","","","","","","",""
"EnragerPullProjectileBuddy","","4000","","150","","","","","","","0","1","","","","","","","true","","","","","","","","","","","","","","","","","","","","","","","","","","","","","","","","","","","","","","","","","","","","","","","","","","","","","","29","","","","","","","","","","","","","",""
"MegaBossFrankProjectile","","2200","","150","","","","","","","0","2","","","","","","","true","","","","","true","","","","","","","","","","","","","","","","","","","","","","","","","","","","","","","true","","","","","","","","","","","","","","","","","","","","","","","","","","","","","","","",""
"MegaBossFrankUltiProjectile","","2200","","200","true","","","","","","0","2","","","","","","","true","","","","","true","true","","","","","","","","","","","","","","","","","","500","","","","","","","","","","","","true","","","","","","","","","","","","","","","","","","","","","","","","","","","MegaBossFrankFireArea","","","","",""
"MegaBossFrankSpawnAdd","","2500","","0","","true","","","","","400","1","","","","","","","true","","","","","","","","","","","","","","","","","","","","","","","","","","","","","","","","","","","","","","","","","","","","","","","","","","","","","","","","","","","","","","","MegaBossFrankAddWarning","","","","",""
"MegaBossFrankGroundSpikeProjectile","","29000","","0","","true","","","","","260","1","","","","","","","true","","","","","","","","","","","","","","","","","","","","","","","","","","","","","","","","","","","","","","","","","","","","","","","","","","","","","","","","","","","","","","","MegaBossFrankGroundWarning","","","","",""
"RogueliteLCardSqueakProjectile2","","3000","","100","","","","","","","0","2","","","","","","","","","","","","","","","","","","","","","","","","","","","","","","","","","","","","","","","","","","","","","","","","","","","","","","","","","","","","","","","","","","RogueliteLCardSqueakStickyBomb","","","","","","","","",""
"MegaBossVecProjectileRockExplosion","","29000","","0","","true","","","","","260","1","","","","","","","true","","","","","","","","","","","","","","","","","","","","","","","","","","","","","","","","","","","","","","","","","","","","","","","","","","","","","","","","","","","","","","","MegaBossVecRockExplosion","","","","",""
"MegaBossVecProjectileRockExplosionProjectiles","","1700","","65","","","","","","","0","","","","","","","","true","","","","","","true","true","","","","","","","","","","","","","","","","","","","","","","","","","","","","","","","","","","","","","","","","","","","","","","","","","","","","","","","","","","","","",""
"MegaBossVecProjectileBlackholeDistance","","29000","","0","","true","","","","","260","1","","","","","","","true","","","","","","","","","","","","","","","","","","","","","","","","","","","","","","","","","","","","","","","","","","","","","","","","","","","","","","","","","","","","","","","MegaBossVecBlackholeDistanceAreaEffect","","","","",""
"MegaBossVecAttackSlowProjectile","","1500","","400","","","","","","","0","","","","","","","","true","","","","","true","true","true","-100","4","","","","","","","","","","","","","","","","","","","","","","true","","","","","true","","","","","","","","","","","","","","","","","","","","","","","","","","","","","","","",""
"MegaBossVecTeleport","","2500","","200","","","","","","","0","2","","","","","","","true","","","","","","","","","","","","","","","","","","","","","","","","","","","","","","","true","","","","","","","","","","","","","","","","","","","","","","","21","","","","","","","","","","","","","",""
"MegaBossFrankCreateDemon","","1000","","0","","true","","","","","260","1","","","","MegaFrankMeleeEnemy","","","true","","","","","","","","","","","","","","","","","","","","","","","","","","","","","","","","","","","","","","","","","","","","","","","","","","","","","","","","","","","","","","","","","","","",""
"ShellyOverchargedProjectile","","4430","","","","","","","","","0","2","","","","","","","true","","","","","","","","","","","","","","","","","","","","","","","","","","","","","","","","","","","","","","","","","","","","","","","","","","","","","","","","","","","","","","","","","","","",""
"SpikeOverchargedProjectile","","2174","","150","","","","","","","0","2","","","","","","","true","","","","","","","","","","","","","","","","","","","","","","","","","","","","","","","","","","","","","","","","","","","","","","","","","","","","","","","","","","","","","","","CactusOverchargedExplosion","CactusOverchargedSpikeExplosion","","","",""
"SpikeOverchargedFrag","","3261","","50","","","","","","","0","1","","","","","","","true","","","","","","","","","","","","","","","","","","","","","","","","","","","","","","","","","","","","","","","","","","","","","","","","","","","","","","","","","","","","","","","","","","","",""
"GunslingerOverchargedProjectile","","4000","","50","","","","","","","0","2","","","","","","","true","","","","","","","","","","","","","","","","","","","","","","","","","","","","","","","","","","","","","","","","","","","","","","","","","","","","","","","","","","","","","","","","","","","",""
"MenderProjectile","","5000","","150","","","","","","","0","1","","","","","","","true","","","","","","","","","","","","","","","","","","","","","","","","","","","","","","","","","","","","","","","","","","","","","","","","","","","","","","","","","","","","MenderWeaponAllyTether","MenderWeaponEnemyTether","","","","","","",""
"MenderUltiProjectile","","5000","","300","","","","","","","0","1","","MenderUltiFearAction;MenderUltiSlowAction","","","","","true","","","","","true","","","","","","","","","","","","","","","","","","","","","","","","","","","","","","","true","","","","","","","","","","","","","","","","","","","","","","","","","","","","","","","",""
"MenderUltiOverchargedProjectile","","5000","","300","","","","","","","0","1","","MenderUltiOverchargedStatusesAction","","","","","true","","","","","true","","","","","","","","","","","","","","","","","","","","","","","","","","","","","","","true","","","","","","","","","","","","","","","","","","","","","","","","","","","","","","","",""
"ShadowdemonProjectileDirect","","2500","","70","","","","","","","0","1","","","","","","","true","","","","","","","","","","","","","","","","","","","","","","","","","","","","","","","","","","","","","","","","","","","","","","","","","","","","","","","","","","","","","","","","","","","",""
"ShadowdemonProjectileIndirect","","2500","","0","","true","","","","","1000","1","","","","","","","true","","","","","","","","","","","","","","","","","","","","","","","","","","","","","","","","","","","","","","","","","","","","","","","","","","","","","","","","","","","","","","","ShadowdemonIndirectExplosion","","","","",""
"ShadowdemonUltiProjectile","","29000","","0","","true","","","","","260","0","","","","","","","true","","","","","","","","","","","","","","","","","","","","","","","","","","","","","","","","","","","","","","","","","","","","","","","","","","","","","","","","","","","","","","","ShadowdemonMinionTarget","","","","",""
"ShadowdemonCloneBulletProjectile","","3800","","70","","","","","","","0","1","","ShadowdemonCloneBulletHit","","","","","true","","","","","","","","","","","","","","","","","","","","","","","","","","","","","","","","","","","","","","","","","","","","","","","","","","","","","","","","","","","","","ShadowdemonCloneBulletSlow","","","","","","",""
"HammerDudeWeaponOverchargedProjectile","","5000","","150","","","","","","","0","2","","","","","","","true","","","","","true","","","","","","","","","","","","","","","","","","","","","","","","","","","","","","","true","","","","","","","","","","","","","","","","","","","","","","","","","","","","","","","",""
"MummyWeaponOverchargedProjectile","","1500","","250","","","","","","","0","3","","","","","","","true","","","","","true","","","","","","","","","","","","","","","","","","7","","","","35","125","","","","","","","","true","","","","","","","","","","1","","","","","","","","","","","","","","","EmzOverchargedPoison","","","","","","",""
"CactusBonusSkillCoverProjectile","","2500","","0","","true","","","","","240","1","","","","CactusCover","","","true","","","","","","","","","","","","","","","","","","","","","","","","","","","","","","","","","","","","","","","","","","","","","","","","","","","","","","","","","","","","","","","","","","","",""
"CactusBonusSkillCoverProjectileBuddy","","2500","","0","","true","","","","","240","1","","","","CactusCoverBuddy","","","true","","","","","","","","","","","","","","","","","","","","","","","","","","","","","","","","","","","","","","","","","","","","","","","","","","","","","","","","","","","","","","","","","","","",""
"CactusSpikeGadgetBuddy","","2500","","50","","","","","","","0","1","","","","","","","true","","","","","","","","","","","","","","","","","","60","100","0","1000","","","","","","","","","","","","","","","","","","","","","","","","","","","","","","","","","","","","0","","","","CactusPoppingBuddy","","","","","","",""
"ShotgunGirlProjectileGadgetSkill","","4300","","0","","","","","","","0","2","","","","","","","true","","","","","","","","","","","","","","","","","","","","","","","","","","","","","","","","","","","","","","","","","","","","","","","","","","","","","","","","","","","","","","","","","","","",""
"GunslingerDoubleShotProjectile","","4891","","101","","","","","","","0","2","","","","","","","true","","","","","","","","","","","","","","","","","","","","","","","","","","","","","","","","","","","","","","","","","","","","","","","","","","","","","","","","","","","","","GunslingerDoubleShotProjectileStatusEffect","","","","","","",""
"GunslingerDoubleShotProjectileBuddy","","4891","","101","","","","","","","0","2","","","","","","","true","","","","","","","","","","","","","","","","","","","","","","","","","","","","","","","","","","","","","","","","","","","","","","","","","","","","","","","","","","","","","GunslingerDoubleShotProjectileStatusEffect","","","","","","",""
"GunslingerSilverBulletProjectileBuddy","","3804","","120","","","","","","","0","2","","","","","","","true","","","","","true","true","true","","","","","","","","","","","","","","","","","","","","","","","","","","","","","","","","","","","","","","","","","","","","","","","","","","","","","","","","","","","","",""
"GunslingerSilverBulletProjectile","","3804","","101","","","","","","","0","2","","","","","","","true","","","","","true","true","true","","","","","","","","","","","","","","","","","","","","","","","","","","","","","","","","","","","","","","","","","","","","","","","","","","","","","","","","","","","","",""
"DummyProjectileForLoveBomb","","2499","","0","","true","true","","","","700","1","","","","","","","true","","","","","","","","","","","","","","","","","","","","","","","","","","","","","","","","","","","","","","","","","","","","","","","","","","","","","","","","","","","","","","","LoveBombExplosion","","","","",""
"MummyGadgetSkillAcidSprayProjectile","","1500","","200","","","","","","","0","3","","","","","","","true","","","","","true","","","","","","","","","","","","","","","","","","7","","","","35","125","","","true","","","","","true","","","","","","","","","","1","","","","","","","","","","","","","","","","","","","","","",""
"MummyGadgetSkillAcidSprayProjectileBuddy","","1500","","200","","","","","","","0","3","","","","","","","true","","","","","true","","","","","","","","","","","","","","","","","","7","","","","35","125","","","true","","","","","true","","","","","","","","","","1","","","","","","","","","","","","","","","MummyGadgetSkillAcidSprayStatusEffectBuddy","","","","","","",""
"MummyGadgetSkillFriendzonerProjectile","","5000","","80","","","","","","","0","1","","","","","","","true","","","","","true","","","260","1","","","","","","","","","","","","","","","","","","","","","","","","","","","true","","","","","","","","","","","","","","","","","","","","","","","","","","","","","","","",""
"MummyGadgetSkillFriendzonerProjectileBuddy","","5000","","80","","","","","","","0","1","","","","","","","true","","","","","true","","","320","5","","","","","","","","","","","","","","","","","","","","","","","","","","","true","","","","","","","","","","","","","","","","","","","20","","","","","","","","","","","","",""
"HammerDudeGadgetSkillNoiseCancelBuddyProjectile","","5000","","150","","","","","","","0","2","","","","","","","true","","","","","true","","","","","","","","","","","","","","","","","","","","","","","","","","","","","","","true","","","","","","","","","","","","","","","","","","","","","","","","","","","","","","","HammerDudeGadgetSkillBlockProjectilesAreaEffect",""
"HammerDudeGadgetSkillAttractionBuddyProjectile","","5000","","150","","","","","","","0","2","","","","","","","true","","","","","true","","","-150","","","","","","","","","","","","","","","","","","","","","","","","","","","","true","","","","","","","","","","","","","","","","","","","","","","","","","HammerDudeGadgetSkillAttractionStatusEffectBuddy","","","","","","",""
"HammerDudeGadgetSkillNoiseCancelProjectile","","5000","","150","","","","","","","0","2","","","","","","","true","","","","","true","","","","","","","","","","","","","","","","","","","","","","","","","","","","","","","true","","","","","","","","","","","","","","","","","","","","","","","","","","","","","","","",""
"HammerDudeGadgetSkillAttractionProjectile","","5000","","150","","","","","","","0","2","","","","","","","true","","","","","true","","","-150","","","","","","","","","","","","","","","","","","","","","","","","","","","","true","","","","","","","","","","","","","","","","","","","","","","","","","","","","","","","",""
"UndertakerGadgetSkillComboSpinnerProjectile","","5000","","0","","","","","","","0","1","","","","","","","true","","","","","true","","","","","","","","","","","","","","","","","","","","","","","","","","","","","","","","","","","","","","","","","","","","","","","","","","","","","IgnoreCharacterCollisions;AllowDynamicRange;VisualizeProjectileHitArea","","","","","UndertakerGadgetSkillComboSpinnerAreaExplosion","","","","",""
"UndertakerGadgetSkillComboSpinnerProjectileBuddy","","5000","","0","","","","","","","0","1","","","","","","","true","","","","","true","","","","","","","","","","","","","","","","","","","","","","","","","","","","","","","","","","","","","","","","","","","","","","","","","","","","","IgnoreCharacterCollisions;AllowDynamicRange;VisualizeProjectileHitArea","","","","","UndertakerGadgetSkillComboSpinnerBuddyAreaExplosion","","","","",""
"MegaBossStickyBombProjectile","","2500","","140","","","","","","","0","2","","","","","","","","","","","","","","","","","","","","","","","","","","","","","","","","","","","","","","","","","","","","","","","","","","","","","","","","","","","","","","","","","","MegaBossStickyBomb","","","","","","","","",""
"MegaBossStickyBombUltiProjectile","","700","","0","","true","true","","","","60","1","","","","","","","true","","","","","","","","","","","","","","","","","","","","","","","","","","","","","","","","","","","","","","","","","","","","","","","","","","","","","","","","","","","","","","","MegaBossStickyBombClusterExplosion","","","","",""
"MegaBossStickyBombOverchargedUltiProjectile","","700","","0","","true","true","","","","60","1","","","","","","","true","","","","","","","","","","","","","1","","","15","1","","","","","","","","","","","","","","","","","","","","","","","","","","","","","","","","","","","","","","","","","","","","","","MegaBossOverchargeStickyBombClusterExplosion","","","","","MegaBossStickyBombOverchargedUltiProjectileBounce1"
"MegaBossStickyBombOverchargedUltiProjectileBounce1","","700","","0","","","true","","","","60","1","","","","","","","","","TRUE","","","TRUE","","","","","","","","1","","","15","1","","","","","","","","","","","","","","","","","","","","","","","","","","","","","","","","","","","","","","","","","","","","","","MegaBossOverchargeStickyBombClusterExplosion","","","","","MegaBossStickyBombOverchargedUltiProjectileBounce2"
"MegaBossStickyBombOverchargedUltiProjectileBounce2","","700","","0","","","true","","","","60","1","","","","","","","","","TRUE","","","TRUE","","","","","","","","1","","","15","1","","","","","","","","","","","","","","","","","","","","","","","","","","","","","","","","","","","","","","","","","","","","","","MegaBossOverchargeStickyBombClusterExplosion","","","","","MegaBossStickyBombOverchargedUltiProjectileBounce3"
"MegaBossStickyBombOverchargedUltiProjectileBounce3","","700","","0","","","true","","","","60","1","","","","","","","","","TRUE","","","TRUE","","","","","","","","1","","","15","1","","","","","","","","","","","","","","","","","","","","","","","","","","","","","","","","","","","","","","","","","","","","","","MegaBossOverchargeStickyBombClusterExplosion","","","","","MegaBossStickyBombOverchargedUltiProjectileBounce4"
"MegaBossStickyBombOverchargedUltiProjectileBounce4","","700","","0","","","true","","","","60","1","","","","","","","","","TRUE","","","TRUE","","","","","","","","","","","","","","","","","","","","","","","","","","","","","","","","","","","","","","","","","","","","","","","","","","","","","","","","","","MegaBossOverchargeStickyBombClusterExplosion","","","","",""
"MegaBossStickyBombProjectileLarge","","3000","","200","","","","","","","0","2","","","","","","","","","","","","","","","","","","","","","","","","","","","","","","","","","","","","","","","","","","","","","","","","","","TRUE","","","","","","","","","","","","","","","","MegaBossStickyBombLarge","","","","","","","","",""
"MegaBossStickyBombUltiBulletExplodeProjectileLarge","","2500","","100","","","","","","","0","2","","","","","","","","","","","","","","","","","","","","","","","","","","","","","","","","","","","","","","","","","","","","","","","","","","","","","","","","","","","","","","","","","","MegaBossStickyBombUltiLarge","","","","","","","","",""
"MegaBossStickyBombUltiBulletExplodeProjectile","","2500","","100","","","","","","","0","2","","","","","","","","","","","","","","","","","","","","","","","","","","","","","","","","","","","","","","","","","","","","","","","","","","","","","","","","","","","","","","","","","","MegaBossStickyBombUlti","","","","","","","","",""
"MegaBossMosquitoProjectile","","2200","","110","","","","","","","0","3","","","","","","","true","","","","","","","","","","","","","","","","","","","","","","","","","","","","","","","","","","","","","","","","","","","TRUE","","","","","","","","","","","18","","","","","","","MegaBossMosquitoPoison","","","","","","",""
"MegaBossMosquitoProjectileLarge","","2600","","180","","","","","","","0","3","","","","","","","true","","true","8000","2","true","","","","","","","","","","","","","","","","","","","","","","","","","","","","","","","","","","","","","","TRUE","","","","","","","","","","","18","","","","","","","MegaBossMosquitoPoison","","MegaBossInsectManUltiDamageArea","","","","",""
"UndertakerGadgetSkillBatsProjectile","","1000","","100","","","","","","","10","1","","","","","","","true","","","","","true","","","","","","","","","","","","","","","","","","","","","","","","","","true","","","","","","","","","","","","","","","","","","","","","","","20","","","","","","","","","","","","","",""
"UndertakerGadgetSkillBatsProjectileBuddy","","1000","","100","","","","","","","10","1","","","","","","","true","","","","","true","","","","","","","","","","","","","","","","","","","","","","","","","100","true","","","","","","","","","","","","","","","","","","","","","","","20","","","","","","","","","","","","","",""
"MegaBossGhostProjectile","","800","","100","","","","","","","0","","","","","","","","true","","true","1000","4","true","","","","","","","","","","","","","","","","","","","","","","","","","","","","","","","","","","","","","","TRUE","","","","","","","","","","","","","","","","","","","","","","","","",""
"ShotgunGirlProjectileGadgetSkillBuddy","","4300","","0","","","","","","","0","2","","","","","","","true","","","","","","","","","","","","","","","","","","","","","","","","","","","","","","","","","","","","","","","","","","","","","","","","","","","","","","","","","","","","","ShotgunGirlClayPigeonsBuddyProjectileStatusEffect","","","","","","",""
"MegaBossTrickshotDude2Projectile","","900","","85","","","","","","","0","","","","","","","","true","","true","3000","5","","","","","","","","","","","","","","","","","","","","","","","","","","","","","","","","","","","","","","","TRUE","","","","","","","","","","","","","","","","","","","","","","","","",""
"MegaBossTrickshotDude2UltiProjectile","","1300","","85","","","","","","","0","","","","","","","","true","","true","3000","5","true","","","","","","","","","","","","","","","","","","","","","","","","","","","","","","","","","","","","","","TRUE","","","","","","","","","","","","","","","","","","","","","","","","",""
"MegaBossTrickshotDude2ProjectileLarge","","900","","150","","","","","","","0","","","","","","","","true","","true","3000","5","true","","","","","","","","","","","","","","","","","","","","","","","","","","","","","","","","","","","","","","TRUE","","","","","","","","","","","","","","","","","","","","","","","","",""
"MegaBossTrickshotDude2ProjectileLargeExtra","","1600","","250","","","","","","","0","","","","","","","","true","","true","3000","5","true","","","","","","","","","","","","","","","","","","","","","","","","","","","","","","","","","","","","","","TRUE","","","","","","","","","","","","","","","","","","","","","","","","",""
"RedirecterProjectile","","1700","","100","","","","","","","0","1","","","","","","","true","","","","","true","","","","","","","","","","","","","","","","","","","","","","","","","","","","","","","","","","","","","","","","","","","","","","","","","","","","","RotateTowardsAimDirection","","","","","","","","","",""
"RedirecterProjectileSecondary","","3100","","80","","","","","","","0","1","","","","","","","true","","","","","","","","","","","","","","","","","","60","100","0","800","","","","","","","","","","","","","","","","","","","","","","","","","","","","","","","","","","","","","","","","RedirecterProjectilePoison","","","","","","",""
"RedirecterUltiProjectile","","900","","0","","true","true","","","","50","1","","","","","","","true","","","","","","","","","","","","","","","","","","","","","","","","","","","","","","","","","","","","","","","","","","","","","","","","","","","","","","","","","","","","","","","RedirecterUltiExplosion","","","","",""
"RedirecterUltiProjectileOvercharged","","900","","0","","true","true","","","","50","1","","","","","","","true","","","","","","","","","","","","","","","","","","","","","","","","","","","","","","","","","","","","","","","","","","","","","","","","","","","","","","","","","","","","","","","RedirecterUltiExplosion","","","","",""
"MegaBossMaisieProjectile","","2500","","101","","","","","","","0","3","","","","","","","true","","","","","","","","","","","","","","","","","","","","","","","","","","","","","","","","","","","","","","","","","","","","","","2","50","","","","","","","","","","","","","","","","","","","","",""
"MegaBossMaisieBigProjectile","","3800","","202","","","","","","","0","3","","","","","","","true","","","","","true","","","300","1","","","","","","","","","","","","","","","","","","","","","","true","","","","","","","","","","","","","","","2","80","","","","","","","","","","","","","","","","","","","","",""
"MegaBossMaisieCreateExplosion","","29000","","0","","true","","","","","260","1","","","","","","","true","","","","","","","","","","","","","","","","","","","","","","","","","","","","","","","","","","","","","","","","","","","","","","","","","","","","","","","","","","","","","","","MegaBossMaisieExplosionWarningEffect","","","","",""
"MegaBossMaisieExplosionProjectile","","2500","","101","","","","","","","0","3","","","","","","","true","","","","","true","","","","","","","","","","","","","","","","","","","","","","","","","","true","","","","","","","","","","","","","","","2","50","","","","","","","","","","","","","","","","","","","","",""
"MegaBossShamanProjectile","","2000","","250","","","","","","","0","1","","","","","","","true","","","","","true","true","true","","","","","","","","","","","","","","","","","","","","","","","","","","","","","","","","","","","","","","","","","","","","","","","","","","","","","","","","","","","","",""
"MegaBossShamanUltiProjectile","","1500","","0","","true","","","","","170","1","","","","","","","true","","","","","","","","","","","","","","","","","","","","","","","","","","","","","","","","","","","","","","","","","","","","","","","","","","","","","","","","","","","","","","","","","","","",""
"MegaBossCrossBomberProjectile","","700","","0","","true","true","","","","100","1","","","","","","","true","","","","","","","","","","","","","","","","","","","","","","","","","","","","","","","","","","","","","","","","","","","","","","","","","","","","","","","","","","","","","","","MegaBossCrossBomberClusterExplosion","","","","",""
"MegaBossCrossBomberSecondProjectile","","700","","0","","true","true","","","","100","1","","","","","","","true","","","","","","","","","","","","","","","","","","","","","","","","","","","","","","","","","","","","","","","","","","","","","","","","","","","","","","","","","","","","","","","MegaBossCrossBomberClusterSecondExplosion","","","","",""
"MegaBossCrossBomberProjectile2","","1400","","100","","","","","","","0","0","","","","","","","true","","","","","","","","","","","","","","","","","","","","","","","","","","","","","","","","","","","","true","","","","","","","","","","","","","","","","","","","","","","","","","","","","","","","",""
"MegaBossCrossBomberUltiProjectile","","700","","0","","true","true","","","","75","1","","","","","","","true","","","","","","","","","","","","","","","","","","","","","","","","","","","","","","","","","","","","","","","","","","","","","","","","","","","","","","","","","","","","","","","MegaBossCrossBomberUltiClusterExplosion","","","","",""
"MegaBossCrossBomberUltiProjectile2","","1200","","150","","","","","","","0","0","","","","","","","true","","","","","true","","","40","","","","","","","","","","","","","","","","","","","","","","","","","","","","true","","","","","","","","","","","","","","","","","","","","","","","","","","","MegaBossCrossBomberAreaEffectFire","MegaBossCrossBomberAreaEffect","","","",""
"MegaBossCrossBomberSummonPet","","1500","","0","","true","","","","","180","","","","","MegaBossGromRatPet","","","true","","","","","","","","","","","","","","","","","","","","","","","","","","","","","","","","","","","","","","","","","","","","","","","","","","","","","","","","","","","","","","","","","","","",""
"MegaBossOverchargedCrossBomberUltiProjectile","","800","","0","","true","true","","","","75","1","","","","","","","true","","","","","","","","","","","","","","","","","","","","","","","","","","","","","","","","","","","","","","","","","","","","","","","","","","","","","","","","","","","","","","","MegaBossOverchargedCrossBomberUltiClusterExplosion","","","","",""
"MegaBossOverchargedCrossBomberUltiProjectile2","","2000","","250","","","","","","","0","0","","","","","","","true","","","","","true","","","70","","","","","","","","","","","","","","","","","","","","","","","","","","","","true","","","","","","","","","","","","","","","","","","","","","","","","","","","","","","","",""
"MegaBossAssaultShotgunProjectileCoin","","2400","","50","","","","","","","0","2","","","","","","","true","","","","","","","","","","","","","","","","","","","","","","","","","","","","","","","","","","","","","","","","","","","","","","","","","","","","","","","","","","","","","","","","","","","",""
"MegaBossAssaultShotgunProjectile","","2400","","50","","","","","","","0","2","","","","","","","true","","","","","","","","","","","","","","","","","","","","","","","","","","","","","","","","","","","","","","","","","","","","","","","","","","","","","","","","","","","","","","","","","","","",""
"MegaBossAssaultShotgunProjectileBig","","2000","","70","","","","","","","0","2","","","","","","","true","","","","","","","","","","","","","","","","","","","","","","","","","","","","","","","","","","","","","","","","","","","","","","","","","","","","","","","","","","","","","","","","","","","",""
"MegaBossAssaultShotgunProjectileExtraBig","","1800","","90","","","","","","","0","2","","","","","","","true","","","","","","","","","","","","","","","","","","","","","","","","","","","","","","","","","","","","","","","","","","","","","","","","","","","","","","","","","","","","","","","","","","","",""
"MegaBossAssaultShotgunUltiProjectile","","2500","","200","","","","","","","0","1","","","","","","","true","","","","","true","","","","","","","","","","","","","50","100","200","900","","","","","","80","130","","","","","","","","","","","","","","1","","","","","","","","","","","","","","","","","","","","","","","","","","MegaBossAssaultShotgunUltiProjectile2"
"MegaBossAssaultShotgunUltiProjectile2","","2500","","200","","","","","","","0","1","","","","","","","true","","","","","true","","","","","","","","","","","","","100","50","200","900","","","","","","130","80","","","true","","","","","","","","","","","1","","","","11","20","true","","","","","","","","","","","","","","","","","","","",""
"MegaBossAssaultShotgunOverchargedUltiProjectile","","2800","","180","","","","","","","0","1","","","","","","","true","","","","","true","","","","","","","","","","","","","50","100","200","900","","","","","","80","130","","","true","","","","","","","","","","","1","","","","","","","","","","","","","","","","","","","","","","","","","","MegaBossAssaultShotgunOverchargedUltiProjectile2"
"MegaBossAssaultShotgunOverchargedUltiProjectile2","","2800","","180","","","","","","","0","1","","","","","","","true","","","","","true","","","","","","","","","","","","","100","50","200","900","","","","","","130","80","","","true","","","","","","","","","","","1","","","","11","20","true","","","","","","","","","","","","","","","","","","","",""
"MegaBossAssaultShotgunOverchargedUltiProjectile3","","2800","","180","","","","","","","0","1","","","","","","","true","","","","","true","","","","","","","","","","","","","100","50","200","900","","","","","","130","80","","","true","","","","","","","","","","","1","","","","11","30","true","","","","","","","","","","","","","","","","","","","",""
"MegaBossAssaultShotgunGadgetProjectile","","50","","280","","true","","2500","50","","100","1","","","","","","","true","","","","","","","","","","","","","","","","","","","","","","","","","","","","","","","","","","","","","","","","","","","","","","","","","","","","","","","","","","","","","","","MegaBossAssaultShotgunExplosionAreaDmgLarge","","","","",""
"MegaBossAssaultShotgunBombExplosion","","1500","","180","","true","","2500","","","200","1","","","","","","","true","","","","","","","","","","","","","","","","","","","","","","","","","","","","","","","","","","","","","","","","","","","","","","","","","","","","","","","","","","","","","","","MegaBossAssaultShotgunExplosionAreaDmg","MegaBossAssaultShotgunBulletExplosion","","","",""
"BowDudeGadgetSkillProjectile","","2500","","0","","true","","","","","240","1","","","","","","","true","","","","","","","","","","","","","","","","","","","","","","","","","","","","","","","","","","","","","","","","","","","","","","","","","","","","","","","","","","","","","","","","","","","",""
"BowDudeGadgetSkillProjectileBuddy","","2500","","0","","true","","","","","240","1","","","","","","","true","","","","","","","","","","","","","","","","","","","","","","","","","","","","","","","","","","","","","","","","","","","","","","","","","","","","","","","","","","","","","","","","","","","",""
"BowDudeProjectileTripWire","","10000","","70","","","","","","","0","2","","","","","","","true","","","","","TRUE","","","70","","","","","","","","","","","","","","","","","","","","","","","true","","","","","","","","","","","","","","","","","","","","","","","","720","","0","","","","","","","","","","",""
"BaseballGadgetSkillStickyProjectile","","2500","","0","","true","","","","","170","1","","","","","","","true","","","","","","","","","","","","","","","","","","","","","","","","","","","","","","","","","","","","","","","","2100","","","","","","","","","","","","","","","","","","","","","","","BaseballGadgetSkillStickyAreaEffect","","","","",""
"BaseballGadgetSkillStickyProjectileBuddy","","2500","","0","","true","","","","","170","1","","","","","","","true","","","","","","","","","","","","","","","","","","","","","","","","","","","","","","","","","","","","","","","","2100","","","","","","","","","","","","","","","","","","","","","","","BaseballGadgetSkillStickyAreaEffectBuddy","","","","",""
"BullDudeOverchargedProjectile","","4200","","250","","","","","","","0","","","","","","","","true","","","","","true","","","","","","","","","","","","","100","20","100","800","","","","","","","","","","","","","","","true","","","","","","","","","","","","","","","","","","","","","","","","","","","","","","","",""
"BullDudeGadgetSkillMarkEnemyProjectile","","3150","","250","","","","","","","0","1","","","","","","","true","","","","","","","","","","","","","","","","","","","","","","","","","","","","","","","","","","","","","","","","","","","","","","","","","","","","","","","","","","","","","","BullGadget1Heal","","","","","",""
"NinjaBonusSkillInvisibleAreaProjectile","","2500","","0","","true","","","","","240","1","","","","","","","true","","","","","","","","","","","","","","","","","","","","","","","","","","","","","","","","","","","","","","","","","","","","","","","","","","","","","","","","","","","","","","","","","","","",""
"NinjaBonusSkillInvisibleAreaProjectileBuddy","","2500","","0","","true","","","","","240","1","","","","","","","true","","","","","","","","","","","","","","","","","","","","","","","","","","","","","","","","","","","","","","","","","","","","","","","","","","","","","","","","","","","","","","","","","","","",""
"MegaBossDragonCrowProjectile","","1500","","50","","","","","","","0","2","","","","","","","true","","","","","","","","","","","","","","","","","","","","","","","","","","","","","","","","60","80","","","","","","","","","","","","","","","","","","","","","","","","","","","","MegaBossDragonCrowBurn","","MegaBossCrowFire","MegaBossCrowFireExplosion","","","",""
"MegaBossDragonCrowUltiProjectile","","1800","","50","","","","","","","0","1","","","","","","","true","","","","","","","","","","","","","","","","","","","","","","","","","","","","","","","","","","","","","","","","","","","","","","","","","","","","","","","","","","","","","MegaBossDragonCrowBurn","","MegaBossCrowFire","MegaBossCrowFireExplosion","","","",""
"MegaBossDragonCrowBoomrangProjectile","","1500","","50","","","","","","","0","2","","","","","","","true","","","","","true","","","","","","","","","","","","","","","","","","","","","","","","","","","60","80","","","","","","","","","1","","","","","","","","","","","","","","","","","","","MegaBossDragonCrowBurn","","","","","","","MegaBossDragonCrowBoomrangProjectile2"
"MegaBossDragonCrowBoomrangProjectile2","","1500","","50","","","","","","","0","2","","","","","","","true","","","","","true","","","","","","","","","","","","","","","","","","","","","","","","","","","60","80","","","","","","","","","1","","","","","","","","","","","","","","","","","","","MegaBossDragonCrowBurn","","","","","","",""
"MegaBossDragonFireProjectile","","1700","","150","","","","","","","0","2","","","","","","","true","","","","","true","","","","","","","","","","","","","","","","","","","","","","30","100","","","","","","","","","","","","","","","","","","","","","","","","","","","","","","","","","MegaBossDragonCrowBurnStrong","","","","","","",""
"MegaBossDragonFireAreaExplosionProjectile","","29000","","0","","true","","","","","260","1","","","","","","","true","","","","","","","","","","","","","","","","","","","","","","","","","","","","","","","","","","","","","","","","","","","","","","","","","","","","","","","","","","","","","MegaBossDragonCrowBurnStrong","","MegaBossCrowFireWarningEffect","","","","",""
"MegaBossDragonCrowSummon","","29000","","0","","true","","","","","170","1","","","","","","","true","","","","","","","","","","","","","","","","","","","","","","","","","","","","","","","","","","","","","","","","","","","","","","","","","","","","","","","","","","","","","","","","","","","",""
"MegaBossDragonCirclingProjectile","","560","","50","","","","","","","0","5","","","","","","","true","","","","","true","","","","","","","","","","","","","","","","","","20","","","","","","","","true","","","","","","","","","","","","","","","8","800","true","","","","99999","","","500","","","","","","","","","","","","",""
"BullDudeGadgetSkillMarkEnemyProjectileBuddy","","3150","","250","","","","","","","0","1","","","","","","","true","","","","","","","","","","","","","","","","","","","","","","","","","","","","","","","","","","","","","","","","","","","","","","","","","","","","","","","","","","","","","BullGadget1","BullGadget1Heal","","","","","",""
"LeonDefOverchargedProjectile","","3500","","100","","","","","","","0","2","","","","","","","true","","","","","","","","","","","","","","","","","","100","75","150","1000","","","","","","","","","","","","","","","","","","","","","","","","","","","","","","","","","","","","","","","","","","","","","","",""
"BowDudeOverchargedProjectile","","2800","","70","","","","","","","0","5","","","","","","","true","","","","","","","","","","","","","","","","","","","","","","","","","","","","","","","","","","","","","","","","","","","","","","","","","","","","","","","","","","","","","","","Bo_overcharged_atk_area","","","","",""
"MegaBossMaisieSummonTurret","","1500","","0","","true","","","","","300","","","","","MegaBossMaisieTurret","","","true","","","","","","","","","","","","","","","","","","","","","","","","","","","","","","","","","","","","","","","","","","","","","","","","","","","","","","","","","","","","","","","","","","","",""
"MegaBossMaisieTurretProjectile","","2000","","50","","","","","","","0","1","","","","","","","true","","","","","","","","","","","","","","","","","","","","","","","","","","","","","","","","","","","","","","","","","","","","","","","","","","","","","","","","","","","","","","","","","","","",""
"BowDudeProjectileTripWireBuddy","","10000","","70","","","","","","","0","2","","","","","","","true","","","","","true","","","70","","","","","","","","","","","","","","","","","","","","","","","true","","","","","","","","","","","","","","","","","","","","","","","","720","","0","","","","","","","","","","",""
"SandstormModifierProjectile","","200","","1500","","","","","","","0","0","","","","","","","","","","","","true","","","","","","","","","","","","","","","","","","-1","","","","","","","","true","","","","","","","","","","","","","","","","","","","","","","","","","","","","","","","","","","","","",""
"MegaBossShamanBearUltiProjectile","","1500","","0","","true","","","","","170","1","","","","","","","true","","","","","","","","","","","","","","","","","","","","","","","","","","","","","","","","","","","","","","","","","","","","","","","","","","","","","","","","","","","","","","","","","","","",""
"MegaBossDragonFireProjectileBig","","1400","","225","","","","","","","0","2","","","","","","","true","","","","","true","","","","","","","","","","","","","","","","","","","","","","30","100","","","","","","","","","","","","","","","","","","","","","","","","","","","","","","","","","MegaBossDragonCrowBurnStrong","","","","","","",""
"GladiatorProjectile","","5000","","300","","","","","","","0","1","","","","","","","true","","","","","TRUE","","","","","","","","","","","","","","","","","","","","","","20","100","","","","","","","","","","","","","","","","","","","","","","","","","","","","","","","","","","","","","","","",""
"GladiatorProjectileFire","","5000","","300","","","","","","","0","1","","","","","","","true","","","","","TRUE","","","200","","","","","","","","","","","","","","","","","","","20","100","","","","","","","","","","","","","","","","","","","","","","","","","","","","","","","","","GladiatorFire","","","","","","",""
"GladiatorUltiProjectile","","1196","","0","","true","","","","","170","3","","","","","","","true","","","","","","","","","","","","","","","","","","","","","","","","","","","","","","","","","","","","","","","","","","","","","","","","","","","","","","","","","","","","","","","MeepleSuperArea","","","","",""
"GladiatorOverchargedUltiProjectile","","1196","","0","","true","","","","","170","3","","","","","","","true","","","","","","","","","","","","","","","","","","","","","","","","","","","","","","","","","","","","","","","","","","","","","","","","","","","","","","","","","","","","","","","MeepleOverchargedSuperArea","MeepleOverchargedPassWallArea","","","",""
"AssaultShotgunGadgetProjectileCoinShower","","2500","","0","","true","","","","","240","1","","","","","","","true","","","","","","","","","","","","","","","","","","","","","","","","","","","","","","","","","","","","","","","","","","","","","","","","","","","","","","","","","","","","","","","AssaultShotgunGadgetDamageArea","","","","",""
"AssaultShotgunGadgetProjectileCoinShowerBuddy","","2500","","0","","true","","","","","240","1","","","","","","","true","","","","","","","","","","","","","","","","","","","","","","","","","","","","","","","","","","","","","","","","","","","","","","","","","","","","","","","","","","","","","","","AssaultShotgunGadgetDamageAreaBuddy","","","","",""
"SuperNovaCactusProjectile","","2174","","150","","","","","","","0","2","","","","","","","true","","","","","","","","","","","","","","","","","","","","","","","","","","","","","","","","","","","","","","","","","","","","","","","","","","","","","","","","","","","","","","","SuperNovaCactusExplosion","SuperNovaCactusSpikeExplosion","","","",""
"SuperNovaCactusUltiProjectile","","1739","","0","","true","","","","","240","1","","","","","","","true","","","","","","","","","","","","","","","","","","","","","","","","","","","","","","","","","","","","","","","","","","","","","","","","","","","","","","","","","","","","","","","SuperNovaCactusUltiExplosion","","","","",""
"SuperNovaCactusSpikeChain","","2800","","50","","","","","","","0","1","","","","","","","true","","","","","","","","","","","","","","","","","","","","","","","","","","","","","","","","","","","","","","","","","","","","","","","","","","","","","","","","","","","","","","","SuperNovaCactusSpikeExplosionMini","","","","",""
"SuperNovaCactusSpike","","2200","","50","","","","","","","0","1","","","","","","","true","","","","","","","","","","","","","","","","","","","","","","","","","","","","","","","","","","","","","","","","","","","","","","","","","","","","","","","","","","","","","","","","","","","",""
"SuperNovaCactusSpikeCurve","","2200","","50","","","","","","","0","1","","","","","","","true","","","","","","","","","","","","","","","","","","","","","","","","","","","","","","","","","","","","","","","","","","","","","","","","","","","","","","","","","","","","","","","","","","","",""
"SuperNovaBeeSniperProjectile","","2800","","105","","","","","","","0","2","","","","","","","true","","","","","","","","","","","","","","","","","","","","","","","","","","","","","","","","","","","","true","","","","","","","","","","","","","","","","","","","","","","","","","","","","","","","",""
"SuperNovaBeeSniperChargedProjectile","","2800","","200","","","","","","","0","3","","","","","","","true","","","","","true","TRUE","TRUE","","","","","","","","","","","","","","","","","","","","","","","","","","","","","","","","","","","","","","","","","true","","","","","","27","","","","","","","","","","","","","",""
"SuperNovaBeeSniperUltiProjectile","","2500","","150","","","","","","","0","2","","","","","","","true","","","","","true","","","","","","","","","","","","","","","","","","","","","","","","","","","","","","","true","","","","","","","","","","3","","","","","","","","","","","","","","","BeeSniperUltiProjectileSlow","","","","","","",""
"SuperNovaVoodooProjectileEarth","","1750","","40","","true","","","","","400","1","","","","","","","true","","","","","","","","","","","","","1","","","8","1","","","","","","","","","","","","","","","","","","","","","","","","","","","","","","","","","","","","","","","","","","","","","","SuperNovaVoodooAttackEarthSmall","","","","","SuperNovaVoodooProjectileEarthChain1"
"SuperNovaVoodooProjectileEarthChain1","","1750","","40","","true","","","","","400","1","","","","","","","true","","","","","","","","","","","","","1","","","10","1","","","","","","","","","","","","","","","","","","","","","","","","","","","","","","","","","","","","","","","","","","","","","","SuperNovaVoodooAttackEarthMid","","","","","SuperNovaVoodooProjectileEarthChain2"
"SuperNovaVoodooProjectileEarthChain2","","1750","","40","","true","","","","","400","1","","","","","","","true","","","","","","","","","","","","","","","","","","","","","","","","","","","","","","","","","","","","","","","","","","","","","","","","","","","","","","","","","","","","","","","SuperNovaVoodooAttackEarthLarge","","","","",""
"SuperNovaVoodooProjectileForest","","1750","","40","","true","","","","","400","1","","","","","","","true","","","","","","","","","","","","","1","","","11","1","","","","","","","","","","","","","","","","","","","","","","","","","","","","","","","","","","","","","","","","","","","","","","SuperNovaVoodooAttackForestSmall","","","","","SuperNovaVoodooProjectileForestChain1"
"SuperNovaVoodooProjectileForestChain1","","1750","","40","","true","","","","","400","1","","","","","","","true","","","","","","","","","","","","","1","","","14","1","","","","","","","","","","","","","","","","","","","","","","","","","","","","","","","","","","","","","","","","","","","","","","SuperNovaVoodooAttackForestMid","","","","","SuperNovaVoodooProjectileForestChain2"
"SuperNovaVoodooProjectileForestChain2","","1750","","40","","true","","","","","400","1","","","","","","","true","","","","","","","","","","","","","","","","","","","","","","","","","","","","","","","","","","","","","","","","","","","","","","","","","","","","","","","","","","","","","","","SuperNovaVoodooAttackForestLarge","","","","",""
"SuperNovaVoodooProjectileWater","","1750","","40","","true","","","","","400","1","","","","","","","true","","","","","","","","","","","","","1","","","10","1","","","","","","","","","","","","","","","","","","","","","","","","","","","","","","","","","","","","","","","","","","","","","","SuperNovaVoodooAttackWaterSmall","SuperNovaVoodooSlowDebuffSmall","","","","SuperNovaVoodooProjectileWaterChain1"
"SuperNovaVoodooProjectileWaterChain1","","1750","","40","","true","","","","","400","1","","","","","","","true","","","","","","","","","","","","","1","","","12","1","","","","","","","","","","","","","","","","","","","","","","","","","","","","","","","","","","","","","","","","","","","","","","SuperNovaVoodooAttackWaterMid","SuperNovaVoodooSlowDebuffMid","","","","SuperNovaVoodooProjectileWaterChain2"
"SuperNovaVoodooProjectileWaterChain2","","1750","","40","","true","","","","","400","1","","","","","","","true","","","","","","","","","","","","","","","","","","","","","","","","","","","","","","","","","","","","","","","","","","","","","","","","","","","","","","","","","","","","","","","SuperNovaVoodooAttackWaterLarge","SuperNovaVoodooSlowDebuffLarge","","","",""
"SuperNovaVoodooUltiProjectile","","1196","","0","","true","","","","","170","1","","","","","","","true","","","","","","","","","","","","","","","","","","","","","","","","","","","","","","","","","","","","","","","","","","","","","","","","","","","","","","","","","","","","","","","","","","","",""
"SuperNovaVoodooPetProjectile","","2500","","150","","","","","","","0","","","","","","","","","","","","","","","","","","","","","","","","","","","","","","","","","","","","","","","","","","","","","","","","","","","","","","","","","","","","","","","","","","","","","","","","","","","",""
"SuperNovaFireDudeProjectile","","2800","","200","","","","","","","0","2","","","","","","","true","","","","","true","","","","","","","","","","","","","","","","","","","","","","10","100","","","","","","","","","","","","","","","","","","","","","","","","","","1","","","","","","","","","","","","","",""
"SuperNovaFireDudeUltiProjectile","","2800","","0","","true","","","","","280","1","","","","","","","true","","","","","","","","","","","","","","","","","","","","","","","","","","","","","","","","","","","","","","","","","","","","","","","","","","","","","","","","","","","","","","","FireDudePetrolDistributionArea006","","","FireDudePetrolDistributionTrail","",""
"MagicalGirlProjectile","","15000","","250","","","","","","","0","0","","","","","","","true","","","","","true","","","","","","","","","","","","","","","","","","","","","","","","","","","","","","","","","","","","","","","","","","","","","","","","","","","","","ExtrapolateVisuals","","","","","","","","","",""
"MagicalGirlProjectile2","","15000","","250","","","","","","","0","0","","","","","","","true","","","","","true","","","","","","","","","","","","","","","","","","","","","","","","","","","","","","","","","","","","","","","","","","","","","","","","","","","","","ExtrapolateVisuals","","","","","","","","","",""
"MagicalGirlProjectileHealingSP","","15000","","250","","","","","","","0","0","","","","","","","true","","","","","true","","","","","","","","","","","","","","","","","","","","","","","","","","","","","","","","40","","","","","","","","","","","","","","","","","","","","","HealAndDamage;NoHealSelf;ExtrapolateVisuals","","","","","","","","","",""
"MagicalGirlProjectile2HealingSP","","15000","","250","","","","","","","0","0","","","","","","","true","","","","","true","","","","","","","","","","","","","","","","","","","","","","","","","","","","","","","","40","","","","","","","","","","","","","","","","","","","","","HealAndDamage;NoHealSelf;ExtrapolateVisuals","","","","","","","","","",""
"MagicalGirlBonusSkillFlyAreaProjectile","","2500","","0","","true","","","","","240","1","","","","","","","true","","","","","","","","","","","","","","","","","","","","","","","","","","","","","","","","","","","","","","","","","","","","","","","","","","","","","","","","","","","","","","","","","","","",""
"MagicalGirlBonusSkillProjectileHealing","","700","","300","","","","","","","0","1","","","","","","","true","","","","","true","","","","","","","","","","","","","","","","","","","","","","","","","","","","","","","","100","","","","","","","","","","","","","","","","","","","","","HealAndDamage;NoHealSelf","","","","","","","","","",""
"MegaBossFinxTimebendProjectile","","2000","","0","","true","","","","","300","1","","","","","","","true","","","","","true","true","","","","","","","","","","","","","","","","","","","","","","","","","","","","","","","","","","","","","","","","","","","","","","","","","","","","","","","","","MegaBossFinxStasisAreaWarning","","","","",""
"MegaBossFinxTimeStopProjectile","","2200","","200","true","","","","","","0","2","","","","","","","true","","","","","","","","","","","","","","","","","","","","","","","","","","","","","","","","","","","","","","","","","","","","","","","","","","","","","","","","","","","","","","","","","","","",""
"MegaBossFinxProjectile","","900","","100","","","","","","","0","2","","","","","","","true","","","","","","","","","","","","","","","","","","","","","","","","","","","","","","","","","","","","","","","","","","","","","","","","","","","","","","","","","","","","","","","","","","","",""
"MegaBossFinxProjectileSecondary","","700","","60","","","","","","","0","2","","","","","","","true","","","","","","","","","","","","","","","","","","","","","","","","","","","","","","","","","","","","","","","","","","","","","","","","","","","","","","","","","","","","","","","","","","","",""
"MegaBossFinxTimeRiftProjectile","","2200","","300","true","","","","","","0","2","","","","","600","","true","","","","","true","true","","","","","","","","","","","","","","","","","","","","","","","","","","","","","","","","","","","","","","","","","","","","","","","","","","","","","","","","","","","","MegaBossFinxTrailArea","",""
"MegaBossFinxSpawnKittensProjectile","","5000","","0","","true","","","","","260","1","","","","","","","true","","","","","","","","","","","","","","","","","","","","","","","","","","","","","","","","","","","","","","","","","","","","","","","","","","","","","","","","","","","","","","","MegaBossFinxAddWarning","","","","",""
"MegaBossFinxReturnChronomancerProjectile","","3300","","100","","","","","","","0","2","","","","","","","true","","","","","","","","","","","","","","","","","","","","","","","","","","","","","","","","","","","","","","","","","","","","","","","","","","","","","","","","","","","","","","","","","","","",""
"MegaBossFinxReturnChronomancerProjectileSecondary","","3300","","60","","","","","","","0","2","","","","","","","true","","","","","","","","","","","","","","","","","","","","","","","","","","","","","","","","","","","","","","","","","","","","","","","","","","","","","","","","","","","","","","","","","","","",""
"GladiatorGadgetSkillProjectileAmp","","2500","","0","","true","","","","","240","1","","","","","","","true","","","","","","","","","","","","","","","","","","","","","","","","","","","","","","","","","","","","","","","","","","","","","","","","","","","","","","","","","","","","","","","","","","","",""
"GladiatorGadgetSkillProjectileWall","","2500","","0","","true","","","","","240","1","","","","","","","true","","","","","","","","","","","","","","","","","","","","","","","","","","","","","","","","","","","","","","","","","","","","","","","","","","","","","","","","","","","","","","","GladiatorGadgetSkillWallArea","","","","",""
"NanoPercenterProjectile","","2200","","150","","","","","","","0","2","","","","","","","true","","","","","","","","","","","","","","","","","","","","","","","","","","","","","","","","","","","","","","","","","","","","","","","","","","","","","","","","","","","","","PercenterGadgetCharmNano","","","","","","",""
"MegaBossFinxCreateKit","","1000","","0","","true","","","","","260","1","","","","MegaBossFinxKitten","","","true","","","","","","","","","","","","","","","","","","","","","","","","","","","","","","","","","","","","","","","","","","","","","","","","","","","","","","","","","","","","","","","","","","","",""
"MegaBossPercenterProjectile","","1600","","140","","","","","","","0","2","","","","","","","true","","","","","","","","","","","","","","","","","","","","","","","","","","","","","","","","","","","","","","","","","","","","","","","","","","","","","","","","","","","","","","","MegaBossColetteProjectileExplodeAreaSmall","","","","",""
"MegaBossPercenterProjectileSmall","","1200","","100","","","","","","","0","2","","","","","","","true","","","","","","","","","","","","","","","","","","","","","","","","","","","","","","","","","","","","","","","","","","","","","","","","","","","","","","","","","","","","","","","","","","","",""
"MegaBossPercenterThrowProjectile","","1800","","0","","true","","","","","240","2","","","","","","","true","","","","","","","","","","","","","","","","","","","","","","","","","","","","","","","","","","","","","","","","","","","","","","","","","","","","","","","","","","","","","","","MegaBossColetteProjectileExplodeAreaSmallDense","","","","",""
"MegaBossPercenterProjectileLarge","","2400","","250","","","","","","","0","2","","","","","","","true","","","","","","","","","","","","","","","","","","","","","","","","","","","","","","","","","","","","","","","","","","","","","","","","","","","","","","","","","","","","","","","MegaBossColetteProjectileExplodeAreaSmallDense","","","","",""
"MegaBossPercenterSpawnTurrentProjectile","","2200","","0","","true","","","","","220","1","","","","","","","true","","","","","","","","","","","","","","","","","","","","","","","","","","","","","","","","","","","","","","","","","","","","","","","","","","","","","","","","","","","","","","","","","","","",""
"MegaBossPercenterTurrentPetProjectile","","2200","","0","","true","","","","","150","1","","","","","","","true","","","","","","","","","","","","","","","","","","","","","","","","","","","","","","","","","","","","","","","","","","","","","","","","","","","","","","","","","","","","","","","","","","","",""
"KatanaKidProjectile","","4000","","130","","","","","","","0","3","","","","","","","true","","","","","","","","","","","","","","","","","","","","","","","","","","","","","","","","","","","","","","","","","","","","","","","","","","","","","","18","","","","","","","","","","","","","",""
"KatanaKidFullChargeProjectile","","4000","","130","","","","","","","0","3","","","","","","","true","","","","","","","","","","","","","","","","","","","","","","","","","","","","","","","","","","","","","","","","","","","","","","","","","","","","","","18","","","","","","","","","","","","","",""
"KatanaKidGadgetSkillFishNetProjectile","","4000","","120","","","","","","","0","3","","","","","","","true","","","","","","","","","","","","","","","","","","","","","","","","","","","","","","","","","","","","true","","","","","","","","","","","","","","","","","","","","","","","","","","","","","","","",""
"FutureGirlProjectile","","3500","","250","","","","","","","0","1","FutureGirlGiveConsumableShield","","","","","","true","","","","","","","","","","","","","","","","","","","","","","","","","","","","","","","","","","","","","","","","","","","","","","","","","","","","","","","","","","","","FutureGirlMainAttackNoop","","","","","","","",""
"FutureGirlUltiProjectile","","1196","","0","","true","","","","","170","3","","","","","","","true","","","","","","","","","","","","","","","","","","","","","","","","","","","","","","","","","","","","","","","","","","","","","","","","","","","","","","","","","","","","","","","","","","","",""
"FutureGirlOverchargedUltiProjectile","","1196","","0","","true","","","","","170","3","","","","","","","true","","","","","","","","","","","","","","","","","","","","","","","","","","","","","","","","","","","","","","","","","","","","","","","","","","","","","","","","","","","","","","","","","","","",""
"FutureGirlTurretTetherProjectile","","3600","","0","","","","","","","0","1","","","","","","","","","","","","","","","","","","","","","","","","","","","","","","","","","","","","","","true","","","","","","","","","","true","","","","","","","","","","","","","","","","","","","","","","","","","","",""
"FutureGirlTurretTetherOverchargedProjectile","","3600","","0","","","","","","","0","1","","","","","","","","","","","","","","","","","","","","","","","","","","","","","","","","","","","","","","true","","","","","","","","","","true","","","","","","","","","","","","","","","","","","","","","","","","","","",""
"FutureGirlGadgetProjectile","","3000","","0","","true","","","","","400","1","","","","","","","true","","","","","","","","","","","","","","","","","","","","","","","","","","","","","","","","","","","","","","","","","","","","","","","","","","","","","","","","","","","","","","","FutureGirlGadgetAreaEffect","FutureGirlGadgetAreaEffectSlow","","","",""
"MegaBossBlackHoleProjectile","","1750","","100","","","","","","","0","2","","","","","","","true","","true","","","true","","","","","","","","","","","","","","","","","","","","","","","","","","","","","","","","","","","","","","","","","","","","","","","","","","","","","","","","","","","","","","",""
"MegaBossBlackHoleShieldPetProjectile","","3000","","100","","","","","","","0","1","","","","","","","","","","","","","","","","","","","","","","","","","","","","","","","","","","","","","","true","","","10000","","","","","","","true","","","","","","","","","","","","","","","","","","","","","","","","","","",""
"MegaBossBlackHoleUltiShieldPetProjectile","","1000","","0","","true","","","","","200","1","","","","MegaBossBlackHoleShieldPet","","","true","","","","","","","","","","","","","","","","","","","","","","","","","","","","","","","","","","","","","","","","","","","","","","","","","","","","","","","","","","","","","","","MegaBossBlackHoleUltiSuck","MegaBossBlackHoleUltiShieldExplosion","","","",""
"MegaBossBlackHoleUltiExplodingPetProjectile","","1000","","0","","true","","","","","200","1","","","","MegaBossBlackHoleExplodePet","","","true","","","","","","","","","","","","","","","","","","","","","","","","","","","","","","","","","","","","","","","","","","","","","","","","","","","","","","","","","","","","","","","MegaBossBlackHoleUltiSuck","MegaBossBlackHoleUltiShieldExplosion","","","",""
"MegaBossBlackHoleExplosionPetProjectile","","3000","","100","","","","","","","0","1","","","","","","","","","","","","","","","","","","","","","","","","","","","","","","","","","","","","","","","","","","","","","","","","","","","","","","","","","","","","","","","","","","","","","","","","","","",""
"MechaDudeSendItProjectile","","2200","","200","","","","","","","0","2","","","","","","","true","","","","","true","","","150","","","","","","","","","","","","","","","","","","","","","","","","","","","","","","","","","","","","","","","","","","","","","","","","","","","","","","","MechaDudeGadgetEndExplosion","","","","",""
"MechaDudeSendItProjectileBuddy","","2200","","200","","","","","","","0","2","","","","","200","","true","","","","","true","","","150","","","","","","","","","","","","","","","","","","","","","","","","","","","","","","","","","","","","","","","","","","","","","","","","","","","","","","","MechaDudeGadgetEndExplosion","","","MechaDudeGadgetBuddyFire","",""
"MegaBossBlackholeSpreadProjectile","","1750","","150","","true","","","","","300","1","","","","","","","true","","","","","","","","","","","","","","","","","","0","100","0","900","","","","","","80","130","","","true","","","","","","","","","","","1","","","","","","","","","","","","","","","","","","","","","","","","","","MegaBossBlackholeSpreadProjectileReturn"
"MegaBossBlackholeSpreadProjectileReturn","","2000","","150","","","","","","","0","1","","","","","","","true","","","","","true","","","","","","","","","","","","","100","50","0","900","","","","","","130","80","","","true","","","","","","","","","","","1","","","","11","18","true","","","","","","","","","","","","","","","","","","","",""
"MegaBossRocketGirlProjectileBasic","","1750","","101","","","","","","","0","2","","","","","","","true","","","","","","true","","","","","","","","","","","","","","","","","","","","","","","","","","","","","","","","","","","","","","","","","","","","","","","","","","","","","","","","","MegaBossRocketGirlBasicProjectileArea","BurnMainAttack","","","",""
"MegaBossRocketGirlUltiProjectile","","870","","0","","true","true","","","","93","2","","","","","","","true","","","","","","","","","","","","","","","","","","","","","","","","","","","","","","","","","","","","","","","","","","","","","","","","","","","","","","","","","","","","","","","MegaBossRocketGirlUltiArea","","","","",""
"MegaBossRocketGirlStreamProjectile","","1750","","75","true","","","","","","0","2","","","","","900","1250","true","","","","","true","","","","","","","","","","","","","","","","","","","","","","","","","","","","","","","","","","","","","","","","","","","","","","","","","","","","","","","","","","","","","MegaBossRocketGirlTrailArea","",""
"MegaBossBlackHoleGravityWellProjectile","","800","","0","","true","true","","","","200","1","","","","","","","true","","","","","","","","","","","","","","","","","","","","","","","","","","","","","","","","","","","","","","","","","","","","","","","","","","","","","","","","","","","","","","","MegaBossBlackHoleGravityWellWarning","","","","",""
"MegaBossBlackHoleBoomerangWellProjectile","","800","","0","","true","true","","","","200","1","","","","","","","true","","","","","","","","","","","","","","","","","","","","","","","","","","","","","","","","","","","","","","","","","","1","","","","","","","","","","","","","","","","","","","","","","","","","","MegaBossBlackHoleBoomerangWellChainProjectile"
"MegaBossBlackHoleBoomerangWellChainProjectile","","1200","","50","","","","","","","0","1","","","","","1200","","true","","","","","","","","","","","","","","","","","","","","","","","","","","","","","","","true","","","","","","","","","","","","","","","15","1200","","","","","","","","","","","","","","","","","","","MegaBossBlackHoleBoomerangTrailWarning","",""
"MegaBossRocketGirlMatryoshkaProjectile","","400","","0","","true","true","","","","93","1","","","","","","","true","","","","","","","","","","","","","","","","","","","","","","","","","","","","","","","","","","","","","","","","","","","","","","","","","","","","","","","","","","","","","","","MegaBossRocketGirlUltiArea","MegaBossRocketGirlRocketExplosion","","","",""
"MegaBossRocketGirlRainProjectile","","15000","","0","","true","true","","","","300","2","","","","","","","true","","","","","","","","","","","","","","","","","","","","","","","","","","","","","","","","","","","","","","","","","","","","","","","","","","","","","","","","","","","","","","","MegaBossRocketGirlRainWarning","","","","",""
"MegaBossRocketGirlClusterProjectile","","1250","","75","","","","","","","0","2","","","","","","","true","","","","","","","","","","","","","","","","","","","","","","","","","","","","","","","","","","","","","","","","","","","","","","","","","","","","","","","","","","","","","","","MegaBossRocketGirlBasicProjectileArea","BurnMainAttack","","","",""
"MechaDudeProjectileHyperCharged","","2500","","150","","","","","","","0","1","","","","","","","true","","","","","","","","","","","","","","","","","","","","","","","","","","","","","","","","","","","","","","","","","","","","","","4","","","10","5","30","20","","","","","","","","","","","","","","","",""
"MechaDudeBigProjectileHyperChargedBuddy","","4500","","100","true","","","","","","0","2","","MechaDudeOverchargeShotAreaEffectAction","","","","","true","","","","","","","","","","","","","","","","","","","","","","","","","","","","","","","","","","","","","","","","","","","","","-60","","","","","","","","","","","","","","","","","","","","","","",""
"TrickShotGadgetSkillContainerProjectile","","2500","","0","","true","","","","","240","1","","","","","","","true","","","","","","","","","","","","","","","","","","","","","","","","","","","","","","","","","","","","","","","","","","","","","","","","","","","","","","","","","","","","","","","","","","","",""
"TrickshotDudeGadgetSkillSplitterShotProjectile","","3400","","150","","","","","","","0","2","","","","","","","true","","","","","","","","","","","","","3","","20","16","3","","","","","","","","","","","","","","","","","","","","","","","","","","","","","","","","","","","","","","","","","","","","","","","","","","","TrickshotDudeProjectileBigBulletSplit"
"TrickshotDudeGadgetSkillSplitterShotProjectile2","","2500","","101","","","","","","","0","2","","","","","","","true","","","","","true","","","","","","","","","","","","","75","75","0","1000","","","","","","","","","","","","","","","","","","","","","","","","","","","","","","","","","","","","","","","","","","","","","","",""
"TrickShotGadgetSkillContainerProjectileBuddy","","2500","","0","","true","","","","","240","1","","","","","","","true","","","","","","","","","","","","","","","","","","","","","","","","","","","","","","","","","","","","","","","","","","","","","","","","","","","","","","","","","","","","","","","","","","","",""
"TrickshotDudeGadgetSkillSplitterShotProjectileBuddy","","3400","","150","","","","","","","0","2","","","","","","","true","","","","","","","","","","","","","3","","20","16","3","","","","","","","","","","","","","","","","","","","","","","","","","","","","","","","","","","","","","","","","","","","","TrickshotDudeProjectileBigBulletSplitBuddySlow","","","","","","","TrickshotDudeProjectileBigBulletSplitBuddy"
"TrickshotDudeProjectileBigBulletSplit","","3478","","101","","","","","","","0","3","","","","","","","true","","true","500","6","","","","","","","","","","","","","","","","","","","","","","","","","","","","","","","","","","","","","","","","","","","","","","","","","","","","","","","","","","","","","","","",""
"TrickshotDudeProjectileBigBulletSplitBuddy","","3478","","101","","","","","","","0","3","","","","","","","true","","true","500","6","","","","","","","","","","","","","","","","","","","","","","","","","","","","","","","","","","","","","","","","","","","","","","","","","","","","","","","","","TrickshotDudeProjectileBigBulletSplitBuddySlowSmall","","","","","","",""
"TrickshotDudeGadgetSkillProjectile","","3500","","0","","true","","","","","500","1","","","","","","","true","","","","","","","","","","","","","","","","","","","","","","","","","","","","","","","","","","","","","","","","","","","","","","","","","","","","","","","","","","","","","","","","","","","",""
"RocketGirlGadgetSkillMegaRocketProjectile","","2700","","150","","","","","","","0","2","","","","","","","true","","","","","","","","","","","","","","","","","","","","","","","","","","","","","","","","","","","","","","","","","","","","","","","","","","","","","","","","","","","","","","","RocketGirlGadgetSkillMegaRocketEndExplosion","","","","",""
"RocketGirlGadgetSkillMegaRocketProjectileBuddy","","2700","","150","","","","","","","0","2","","","","","","","true","","","","","","","","","","","","","4","4","10","15","2","","","","","","","","","","","","","","","","","","","","","","","","","","","","","","","","","","","","","","","","","","","","","","RocketGirlGadgetSkillMegaRocketEndExplosion","","","","","RocketGirlGadgetSplittingProjectile"
"RocketGirlGadgetSplittingProjectile","","2700","","100","","","","","","75","0","2","","","30","","","","true","","","","","","","","","","","","","","","","","","","","","","","","","","","","","","","","","","","","","","","","","","","","","","","","","","","","","","","","","","","","","","","Brock_def_atk_area_fx_only","","","","",""
"RocketGirlProjectileSecondary","","2700","","60","","","","","","","0","2","","","","","","","true","","","","","","","","","","","","","","","","","","","","","","","","","","","","","","","","","","","","","","","","","","","","","","","","","","","","","","","","","","","","","","","Brock_def_atk_area","","","","",""
"RocketGirlProjectileSecondaryOvercharged","","2700","","60","","","","","","","0","2","","","","","","","true","","","","","","","","","","","","","","","","","","","","","","","","","","","","","","","","","","","","","","","","","","","","","","","","","","","","","","","","","","","","","","","Brock_def_atk_oc_area","","","","",""
"MegaKatanaKidHookProjectile","","2400","","300","","","","","","","0","4","","","","","","","true","","","","","","","","","","","","","","","","","","","","","","","","","","","","","","","true","","","","","","","true","","","","","","","","","","","","","","","","","","","","","","","","","","","","","","MegaKatanaKidHookProjectile2"
"MegaKatanaKidHookProjectile2","","3200","","300","","","","","","","0","4","","","","","","","true","","","","","","","","","","","","","","","","","","","","","","","","","","","","","","","true","","","","","","","true","","","","","","","","","","","","","","","","","","","","","","","","","","","","","",""
"MegaKatanaKidProjectile","","3000","","250","","","","","","","0","3","","","","","","","true","","","","","","","","","","","","","","","","","","","","","","","","","","","","","","","","","","","","","","","","","","","","","","","","","","","","","","18","","","","","","","","","","","","","",""
"MegaKatanaKidFishProjectile","","1250","","100","","","","","20","","300","","","","","","","","true","","true","300","2","","","","","","","","","","","","","","","","","","","","","","","","","","","","","","","","","","","","","","","","","","","","","","","","","","","","","","","","","","","MegaKatanaKidFishExplosion","","","","",""
"TrickshotDudeGadgetSkillProjectileBuddy","","3500","","0","","true","","","","","500","1","","","","","","","true","","","","","","","","","","","","","","","","","","","","","","","","","","","","","","","","","","","","","","","","","","","","","","","","","","","","","","","","","","","","","","","","","","","",""
"TrickshotDudeProjectileOverchargeBuddy","","3478","","101","","","","","","","0","3","","","","","","","true","","true","500","6","","","","","","","","","","","","","","","","","","","","","","","","","","","","","","","","","","","","","","","","","","","","","","","","","","","","","","","","","","","","","","","",""
"MechaVanMeleeNinjaStabProjectile","","3500","","300","","","","","","","0","0","","","","","","","true","","","","","true","","","","","","","","","","","","","","","","","","","","","","","","","","","","","","","","","","","","","","","","","","","","","","","","","","","","","","","","","","","","","","",""
"MechaVanSniperPiercingProjectile","","3500","","101","","","","","","","0","3","","","","","","","true","","","","","","true","","","","","","","","","","","","20","100","0","850","","","","","","","","","","","","","","","","","","","","","","","","","","","","","","","","","","","","","","","","","","","","","","",""
"MechaVanSniperLongRangeProjectile","","4000","","250","","","","","","","0","2","","","","","","","true","","","","","true","true","","","","","","","","","","","","","","","","","","","","","","","","","","","","","","","","","","","","","","","","","","","","","","","","","","","","","","","","","","","","","",""
"MegaBossKatanaKidLobbedFishProjectile","","1700","","50","","true","true","","","","300","1","","","","","","","true","","","","","","","","","","","","","1","","","10","2","","","","","","","","","","","","","","","","","","","","","","","1000","","","","","","","","","","","","","","","","","","","","","","","MegaKatanaKidFishExplosion","","","","","MegaKatanaKidFishProjectile"
"RocketGirlProjectileOvercharged","","2700","","101","","","","","","","0","2","","","30","","","","true","","","","","","","","","","","","","","","","","","","","","","","","","","","","","","","","","","","","","","","","","","","","","","","","","","","","","","","","","","","","","","","Brock_def_atk_oc_area","BurnMainAttackOvercharged","","","",""
"StackerProjectile","","4000","","150","","","","","","","0","2","StackerCollectPet","","","","","","true","","","","","","","","","","","","","","","","","","","","","","","","","","","","","","","","","","","","","","","","","","","","","","","","","","","","","","","","","","","","","","","","","","","",""
"StackerUltiProjectile","","3200","","150","","","","","","","0","1","","","","","","","true","","","","","true","","","","","","","","","","","","","","","","","","","","","","","","","","true","","","","","true","","","","","","","","","","","","","","","","","","","","","","","","","","","","","","","",""
"StackerCollectProjectile","","3600","","0","","","","","","","0","1","","","","","","","","","","","","","","","","","","","","","","","","","","","","","","","","","","","","","","true","","","","","","","","","","true","","","","","","","","","","","","","","","","","","","","","StackerPetCollected","","","","","",""
"StackerGadgetProjectile","","3400","","0","","true","","","","","400","1","","","","","","","true","","","","","","","","","","","","","","","","","","","","","","","","","","","","","","","","","","","","","","","","","","","","","","","","","","","","","","","","","","","","","","","StackerGadgetDamageArea","StackerGadgetActionArea","","","",""
"AttractorOrbiterProjectile","","4000","","150","","","","","","","0","0","","","","","","","true","","","","","","","","","","","","","","","","","","25","100","0","800","","","","","","40","115","","","","","","","","","","","","","","","","","","8","100;600;2","","","","","31","","","","","","","","","","","","","","","",""
"AttractorOrbiterProjectile2","","4000","","150","","","","","","","0","0","","","","","","","true","","","","","","","","","","","","","","","","","","25","100","0","800","","","","","","40","115","","","","","","","","","","","","","","","","","","8","100;600;2","","","","","31","","","","","","","","","","","","","","","",""
"AttractorOrbiterProjectile3","","4000","","150","","","","","","","0","0","","","","","","","true","","","","","","","","","","","","","","","","","","25","100","0","800","","","","","","40","115","","","","","","","","","","","","","","","","","","8","100;600;2","","","","","31","","","","","","","","","","","","","","","",""
"AttractorCarrierProjectile","","1600","","100","","","","","","","0","1","","","","","","","true","","","","","true","","","","","","","","","","","","","","","","","","","","","","","","","","true","","","","","","","","","","","","","","","","","true","","","","","","","","","","RequireLineOfSightForAutoAim;IgnoreEnvironmentCollisions","","","","","","","","","",""
"AttractorSuperProjectileMagnet","","4000","","175","","","","","","","0","1","","AttractorAttachProjectileMagnetAction","","","","","true","","","","","","","","","","","","","","","","","","","","","","","","","","","","","","","","","","","","","","","","","","","","","","","","","","","","","","","","","","","","","","","","","","","",""
"AttractorGadgetPushbackProjectile","","2500","","0","","true","","","","","300","1","","","","","","","true","","","","","","","","","","","","","","","","","","","","","","","","","","","","","","","","","","","","","","","","","","","","","","","","","","","","","","","","","","","","","","","AttractorGadgetPushbackArea","","","","",""
"AttractorGadgetGroundedProjectile","","2000","","0","","true","","","","","300","1","","","","","","","true","","","","","","","","","","","","","","","","","","","","","","","","","","","","","","","","","","","","","","","","","","","","","","","","","","","","","","","","","","","","","","","AttractorGadgetGroundedArea","","","","",""
"PrimoDefOverchargedProjectile","","3261","","300","","","","","","","0","1","","","","","","","true","","","","","true","","","","","","","","","","","","","","","","","","","","","","20","100","","","","","","","","","","","","","","","","","","","","","","","","","","","","","","","","","LuchadorFireHyperchargePunch","","","","","","",""
"SoulCollectorKnockbackSoulProjectile","","4000","","200","","","","","","","0","1","","","","","","","true","","","","","true","","","70","","","","","","","","","","","","","","","","","","","","","","","","","","","","","","","","","","","","","","","","","","","","","","","","","","","SoulCollectorSoul","","","","","","","","",""
"SoulCollectorOverchargedProjectile","","4000","","225","","","","","","","0","1","","","","","","","true","","","","","","","","","","","","","","","","","","","","","","","","","","","","","","","true","","","","","","","","","","","","","","","","","","","","","","","","","","","","SoulCollectorSoul","","","","","","","","",""
"FireDudeBonusSkillSpillProjectile","","2500","","0","","true","","","","","240","1","","","","FireDudeBarrel","","","true","","","","","","","","","","","","","","","","","","","","","","","","","","","","","","","","","","","","","","","","","","","","","","","","","","","","","","","","","","","","","","","","","","","",""
"SoulCollectorKnockbackSoulProjectileBuddy","","4000","","200","","","","","","","0","1","","","","","","","true","","","","","true","","","70","","","","","","","","","","","","","","","","","","","","","","","","","","","","","","","","","","","","","","","","","","","","","","","","","","","SoulCollectorSoul","","","","","","","","",""
"MegaBossDuoAlphabetProjectile","","1800","","50","","","","","","","0","2","","","","","","","true","","","","","true","","","","","","","","","","","","","","","","","","","","","","","","","","","","","","","","","","","","","","","","","","","","","","","","","","","","","","","","","","","","","","",""
"MegaBossDuoAlphabetProjectileBig","","1400","","120","","","","","","","0","2","","","","","","","true","","","","","true","true","","","","","","","","","","","","","","","","","","","","","","","","","","","","","","","","","","","","","","","","","","","","","","","","","","","","","","","","","","","","","",""
