"Name","Conf","Disabled","Campaigns","UpdateNumber","IconOverrideSWF","IconOverrideExportName","SkinGroupId","ObtainType","ObtainTypeCN","LastChance","MasterSkin","ProgressionSkinBase","ProgressionSkinLevel","ProgressionSkinFinal","PetSkin","PetSkin2","OverchargePetSkin","OverchargePetSkin2","PriceClubCoins","PriceStarPoints","PriceBling","DontSellInCatalog","CanDropWithoutBlingPrice","PriceGems","DiscountPriceGems","PriceCoins","Rarity","TID","ShopTID","Features","CommunityCredit","MaterialsFile","DiffuseTexture","SpecularTexture","CustomShader","OutlineShader","PackOfferAnimOverride","BattleIntroXOffset","BattleIntroZOffset","BattleIntroVFX","DisableCatalogRelease","CatalogPreRequirementSkin","CatalogNewDaysAdjustment","NotInCatalogTID","PreciseCollision","OdditiesShopAvailability","NotSoldInVault"
"string","string","boolean","string","int","string","string","int","int","int","boolean","string","string","int","boolean","string","string","string","string","int","int","int","boolean","boolean","int","int","int","string","string","string","string","string","string","string","string","string","string","string","int","int","boolean","boolean","string","int","string","boolean","string","boolean"
"BanditGirlDefault","BanditGirlDefault","","","","","","","","","","","","","","","","","","","","","true","","","","","","","","","","","shelly_redux_tex.sctx","shelly_redux_tex.sctx","","","","","","","","","","","","",""
"GunSlingerDefault","GunSlingerDefault","","","","","","","","","","","","","","","","","","","","","true","","","","","","","","","","","colt_redux_tex.sctx","colt_redux_tex.sctx","","","","","","","","","","","","",""
"GunSlingerRockstar","GunSlingerRockstar","","MUSIC","","","","","","","","","","","","","","","","","","1000","true","","29","","","RARE","TID_GUNSLINGER_ROCKSTAR_SKIN","TID_GUNSLINGER_ROCKSTAR_SKIN_SHOP","MODEL","","","colt_rockstar_redux_tex.sctx","colt_rockstar_redux_tex.sctx","","","","","","","","","","","","NEVER",""
"BullGuyDefault","BullGuyDefault","","","","","","","","","","","","","","","","","","","","","true","","","","","","","","","","","bull_tex.sctx","bull_tex.sctx","","","","","","","","","","","","",""
"RocketGirlDefault","RocketGirlDefault","","","","","","14","","","","","","","","","","","","","","","true","","","","","","","","","","","","","","","","","","","","","","","","",""
"RocketGirlBeach","RocketGirlBeach","","SUMMER","","","","","","","","","","","","","","","","","","2750","true","","79","69","","SUPER_RARE","TID_ROCKET_BEACH_SKIN","TID_ROCKET_BEACH_SKIN_SHOP","MODEL,VFX,SFX","","","brock_beach_tex.sctx","brock_beach_tex.sctx","","","","","","","","","","","","AVAILABLE",""
"TntGuyDefault","TntGuyDefault","","","","","","","","","","","","","","","","","","","","","true","","","","","","","","","","","dynamike_redux_tex.sctx","dynamike_redux_tex.sctx","","","","","","","","","","","","",""
"LuchadorDefault","LuchadorDefault","","","","","","","","","","","","","","","","","","","","","true","","","","","","","","","","","primo_tex.sctx","primo_tex.sctx","","","","","","","","","","","","",""
"TurretDefault","TurretDefault","","","","","","","","","","","","","","","","","","","","","true","","","","","","","","","","","jessie_turret_tex.sctx","jessie_turret_tex.sctx","","","","","","","","","","","","",""
"TrickshotDefault","TrickshotDefault","","","","","","","","","","","","","","","","","","","","","true","","","","","","","","","","","rico_redux_tex.sctx","rico_redux_tex.sctx","","","","","","","","","","","","",""
"CactusDefault","CactusDefault","","","","","","","","","","","","","","","","","","","","","true","","","","","","","","","","","spike_tex.sctx","spike_tex.sctx","","","","","","","","","","","","",""
"CactusPink","CactusPink","","GOLDENWEEK","","","","","","","","","","","","","","","","","","2750","true","","79","69","","SUPER_RARE","TID_CACTUS_PINK_SKIN","TID_CACTUS_PINK_SKIN_SHOP","MODEL,VFX","","","spike_blossom_tex.sctx","spike_blossom_tex.sctx","","","","","","","","","","","","AVAILABLE",""
"BarkeepDefault","BarkeepDefault","","","","","","","","","","","","","","","","","","","","","true","","","","","","","","","","","barley_tex.sctx","barley_tex.sctx","","","","","","","","","","","","",""
"MechanicDefault","MechanicDefault","","","","","","","","","","","","","","TurretDefault","","","","","","","true","","","","","","","","","","","jessie_tex.sctx","jessie_tex.sctx","","","","400","100","","","","","","","",""
"ShamanDefault","ShamanDefault","","","","","","","","","","","","","","ShamanBearDefault","","","","","","","true","","","","","","","","","","","nita_tex.sctx","nita_tex.sctx","","","","","","","","","","","","",""
"ShamanPanda","ShamanPanda","","ANIMALS","","","","","","","","","","","","ShamanBearPanda","","","","","","1000","true","","29","","","RARE","TID_SHAMAN_PANDA_SKIN","TID_SHAMAN_PANDA_SKIN_SHOP","MODEL,PET","","","nita_panda_tex.sctx","nita_panda_tex.sctx","","","","","","","","","","","","NEVER",""
"ShamanBearDefault","ShamanBearDefault","","","","","","","","","","","","","","","","","","","","","true","","","","","","","","","","","nita_bear_tex.sctx","nita_bear_tex.sctx","","","","","","","","","","","","",""
"ShamanBearPanda","ShamanBearPanda","","","","","","","","","","","","","","","","","","","","","true","","","","","","","","","","","nita_bear_panda_tex.sctx","nita_bear_panda_tex.sctx","","","","","","","","","","","","",""
"UndertakerDefault","UndertakerDefault","","","","","","1","","","","","","","","","","","","","","","true","","","","","","","","","","","mortis_redux_tex.sctx","mortis_redux_tex.sctx","","","","","","","","","","","","",""
"CrowDefault","CrowDefault","","","","","","","","","","","","","","","","","","","","","true","","","","","","","","","","","crow_tex.sctx","crow_tex.sctx","","","","","","","","","","","","",""
"CrowWhite","CrowWhite","","MISC","","","","","","","","","","","","","","","","","","2750","true","","79","69","","SUPER_RARE","TID_CROW_WHITE_SKIN","TID_CROW_WHITE_SKIN_SHOP","MODEL,TEXTURE","","","crow_white_tex.sctx","crow_white_tex.sctx","","","","","","","","","","","","AVAILABLE",""
"DeadMariachiDefault","DeadMariachiDefault","","","","","","","","","","","","","","","","","","","","","true","","","","","","","","","","","poco_tex.sctx","poco_tex.sctx","","","","","","","","","","","","",""
"BowDudeDefault","BowDudeDefault","","","","","","","","","","","","","","BowDudeTotemDefault","","","","","","","true","","","","","","","","","","","bo_redux_tex.sctx","bo_redux_tex.sctx","","","","","","","","","","","","",""
"SniperDefault","SniperDefault","","","","","","","","","","","","","","","","","","","","","true","","","","","","","","","","","piper_tex.sctx","piper_tex.sctx","","","","","","","","","","","","",""
"MinigunDudeDefault","MinigunDudeDefault","","","","","","","","","","","","","","HealstationDefault","","","","","","","true","","","","","","","","","","","","","","","","","","","","","","","","",""
"BullGuyHair","BullGuyHair","","NORSEGODS","","","","","","","","","","","","","","","","","","2750","true","","79","69","","SUPER_RARE","TID_BULL_HAIR_SKIN","TID_BULL_HAIR_SKIN_SHOP","MODEL,VFX","","","bull_viking_redux_tex.sctx","bull_viking_redux_tex.sctx","","","","","","","","","","","","AVAILABLE",""
"TrickshotGold","TrickshotGold","","ROYALS","","","","","","","","","","","","","","","","","","5000","true","","149","129","","EPIC","TID_TRICKSHOT_GOLD_SKIN","TID_TRICKSHOT_GOLD_SKIN_SHOP","MODEL,VFX","","","rico_gold_tex.sctx","rico_gold_tex.sctx","","","","-300","-550","","","","","","","AVAILABLE",""
"BarkeepGold","BarkeepGold","","OUTLAWS","","","","","","","","","","","","","","","","","","1000","true","","29","","","RARE","TID_BARKEEP_GOLD_SKIN","TID_BARKEEP_GOLD_SKIN_SHOP","MODEL,VFX","","","barley_banker_redux_tex.sctx","barley_banker_redux_tex.sctx","","","","","","","","","","","","NEVER",""
"LuchadorRudo","LuchadorRudo","","MISC","","","","","","","","","","","","","","","","","","2750","true","","79","69","","SUPER_RARE","TID_LUCHADOR_RUDO_SKIN","TID_LUCHADOR_RUDO_SKIN_SHOP","MODEL,VFX,ANIM","","","primo_elrudo_tex.sctx","primo_elrudo_tex.sctx","","","","200","200","","","","","","","AVAILABLE",""
"BanditGirlBandita","BanditGirlBandita","","OUTLAWS","","","","","","8","","","","","","","","","","","","1000","true","","29","","","RARE","TID_SHOTGUN_BANDITA_SKIN","TID_SHOTGUN_BANDITA_SKIN_SHOP","MODEL","","","shelly_bandita_redux_tex.sctx","shelly_bandita_redux_tex.sctx","","","","","","","","","","","","NEVER",""
"LuchadorRey","LuchadorRey","","ROYALS","","","","","","","","","","","","","","","","","","5000","true","","149","129","","EPIC","TID_LUCHADOR_KING_SKIN","TID_LUCHADOR_KING_SKIN_SHOP","MODEL,VFX,ANIM","","","primo_elrey_tex.sctx","primo_elrey_tex.sctx","","","","","","","","","","","","AVAILABLE",""
"BallDefault","BallDefault","","","","","","","","","","","","","","","","","","","","","true","","","","","","","","","","","","","","","","","","","","","","","","",""
"BlackholeDefault","BlackholeDefault","","","","","","","","","","","","","","","","","","","","","true","","","","","","","","","","","tara_tex.sctx","tara_tex.sctx","","","","","","","","","","","","",""
"HealstationDefault","HealstationDefault","","","","","","","","","","","","","","","","","","","","","true","","","","","","","","","","","pam_turret_blue_tex.sctx","pam_turret_blue_tex.sctx","","","","","","","","","","","","",""
"BarrelbotDefault","BarrelbotDefault","","","","","","","","","","","","","","","","","","","","","true","","","","","","","","","","","darryl_tex.sctx","darryl_tex.sctx","","","","","","","","","","","","",""
"BlackholePetDefault","BlackholePetDefault","","","","","","","","","","","","","","","","","","","","","true","","","","","","","","","","","tara_superability_tex.sctx","tara_superability_tex.sctx","","","","","","","","","","","","",""
"TntPetDefault","TntPetDefault","","","","","","","","","","","","","","","","","","","","","true","","","","","","","","","","","nita_bear_tex.sctx","nita_bear_tex.sctx","","","","","","","","","","","","",""
"RangedBotDefault","RangedBotDefault","","","","","","","","","","","","","","","","","","","","","true","","","","","","","","","","","bot_ranger_tex.sctx","bot_ranger_tex.sctx","","","","","","","","","","","","",""
"MeleeFastBotDefault","MeleeFastBotDefault","","","","","","","","","","","","","","","","","","","","","true","","","","","","","","","","","bot_fast_melee_tex.sctx","bot_fast_melee_tex.sctx","","","","","","","","","","","","",""
"MeleeBotDefault","MeleeBotDefault","","","","","","","","","","","","","","","","","","","","","true","","","","","","","","","","","bot_melee_tex.sctx","bot_melee_tex.sctx","","","","","","","","","","","","",""
"BossBotDefault","BossBotDefault","","","","","","","","","","","","","","","","","","","","","true","","","","","","","","","","","bot_boss_tex.sctx","bot_boss_tex.sctx","","","","","","","","","","","","",""
"ArtilleryGalDefault","ArtilleryGalDefault","","","","","","","","","","","","","","ArtilleryTurretDefault","ArtilleryDudeCoverDefault","","","","","","true","","","","","","","","","","","penny_tex.sctx","penny_tex.sctx","","","","","","","","","","","","",""
"FrankDefault","FrankDefault","","","","","","","","","","","","","","","","","","","","","true","","","","","","","","","","","frank_tex.sctx","frank_tex.sctx","","","","","","","","","","","","",""
"ArtilleryTurretDefault","ArtilleryTurretDefault","","","","","","","","","","","","","","","","","","","","","true","","","","","","","","","","","penny_tex.sctx","penny_tex.sctx","","","","","","","","","","","","",""
"MechanicKnight","MechanicKnight","","FANTASY","","","","","","","","","","","","TurretDragon","","","","","","5000","true","","149","129","","EPIC","TID_MECHANIC_KNIGHT_SKIN","TID_MECHANIC_KNIGHT_SKIN_SHOP","MODEL,TURRET,VFX,ANIM","","","jessie_knight_redux_tex.sctx","jessie_knight_redux_tex.sctx","","","","800","","","","","","","","AVAILABLE",""
"FrankCaveman","FrankCaveman","","CAVE","","","","","","","","","","","","","","","","","","2750","true","","79","69","","SUPER_RARE","TID_FRANK_CAVEMAN_SKIN","TID_FRANK_CAVEMAN_SKIN_SHOP","MODEL","","","frank_caveman_remake_tex.sctx","frank_caveman_remake_tex.sctx","","","","","","","","","","","","AVAILABLE",""
"TurretDragon","TurretDragon","","","","","","","","","","","","","","","","","","","","","true","","","","","","","","","","","jessie_knight_redux_turret_tex.sctx","jessie_knight_redux_turret_tex.sctx","","","","","","","","","","","","",""
"MechanicSummer","MechanicSummer","","SUMMER","","","","","","","","","","","","TurretSummertime","","","","","","2750","true","","79","69","","SUPER_RARE","TID_MECHANIC_SUMMER_SKIN","TID_MECHANIC_SUMMER_SKIN_SHOP","MODEL,TURRET,VFX","","","jessie_beach_tex.sctx","jessie_beach_tex.sctx","","","","800","","","","","","","","AVAILABLE",""
"TurretSummertime","TurretSummertime","","","","","","","","","","","","","","","","","","","","","true","","","","","","","","","","","jessie_beach_duck_tex.sctx","jessie_beach_duck_tex.sctx","","","","","","","","","","","","",""
"CrowPheonix","CrowPheonix","","PHOENIX","","","","","","","","","","","","","","","","","","","true","true","299","269","","LEGENDARY","TID_CROW_PHEONIX_SKIN","TID_CROW_PHEONIX_SKIN_SHOP","MODEL,VFX,ANIM","","","","","","","","-300","-50","","","","","","","AVAILABLE",""
"UndertakerGreaser","UndertakerGreaser","","RETRO","","sc/emoji_1.sc","emoji_mortis_retro","","","","","","","","","","","","","","","5000","true","","149","129","","EPIC","TID_UNDERTAKER_GREASER_SKIN","TID_UNDERTAKER_GREASER_SKIN_SHOP","MODEL,ANIM","","","mortis_rockabilly_redux_tex.sctx","mortis_rockabilly_redux_tex.sctx","","","","","","","","","","","","AVAILABLE",""
"BigBotDefault","BigBotDefault","","","","","","","","","","","","","","","","","","","","","true","","","","","","","","","","","meleebot_tex.sctx","meleebot_tex.sctx","","","","","","","","","","","","",""
"BanditGirlPrereg","BanditGirlPrereg","","ANNIVERSARY2019","","","","","1","3","","","","","","","","","","","","","true","","","","","","TID_SHOTGUN_STAR_SKIN","TID_SHOTGUN_STAR_SKIN_SHOP","MODEL,VFX","","","shelly_prereg_01.sctx","shelly_prereg_01.sctx","","","","","","","","","","","","",""
"LootBox","LootBox","","","","","","","","","","","","","","","","","","","","","true","","","","","","","","","","","","","","","","","","","","","","","","",""
"TntBox","TntBox","","","","","","","","","","","","","","","","","","","","","true","","","","","","","","","","","","","","","","","","","","","","","","",""
"Safe","Safe","","","","","","","","","","","","","","","","","","","","","true","","","","","","","","","","","","","","","","","","","","","","","","",""
"TntGuySanta","TntGuySanta","","BRAWLIDAYS","","","","","3","3","","","","","","","","","","","","2750","true","","79","","","SUPER_RARE","TID_DYNAMIKE_SANTA_SKIN","TID_DYNAMIKE_SANTA_SKIN_SHOP","MODEL,VFX","","","dynamike_santa_tex.sctx","dynamike_santa_tex.sctx","","","","","","","","","","","","NEVER",""
"TntGuyChef","TntGuyChef","","MEAL","","","","","","","","","","","","","","","","","","5000","true","","149","129","","EPIC","TID_DYNAMIKE_CHEF_SKIN","TID_DYNAMIKE_CHEF_SKIN_SHOP","MODEL,VFX","","","dynamike_chef_tex.sctx","dynamike_chef_tex.sctx","","","","","","","","","","","","AVAILABLE",""
"RocketGirlBoombox","RocketGirlBoombox","","MUSIC","","","","","","","","","","","","","","","","","","2750","true","","79","69","","SUPER_RARE","TID_BROCK_BOOMBOX_SKIN","TID_BROCK_BOOMBOX_SKIN_SHOP","MODEL","","","brock_boombox_tex.sctx","brock_boombox_tex.sctx","","","","","","","","","","","","AVAILABLE",""
"BarkeepWizard","BarkeepWizard","","CLASHIP","","","","","2","4","","","","","","","","","","","","","true","","","","","","TID_BARLEY_WIZARD_SKIN","TID_BARLEY_WIZARD_SKIN_SHOP","MODEL,VFX,ANIM,SFX","","","barley_wizard_redux_tex.sctx","barley_wizard_redux_tex.sctx","","","","","","","","","","","","",""
"ShamanReindeer","ShamanReindeer","","BRAWLIDAYS","","","","","4","4","","","","","","ShamanBearReindeer","","","","","","5000","true","","149","","","EPIC","TID_NITA_REINDEER_SKIN","TID_NITA_REINDEER_SKIN_SHOP","MODEL,PET","","","nita_reindeer_tex.sctx","nita_reindeer_tex.sctx","","","","","","","","","","","","NEVER",""
"ArtilleryGalElf","ArtilleryGalElf","","BRAWLIDAYS","","","","","3","3","","","","","","ArtilleryTurretElf","ArtilleryDudeCoverDefault","","","","","2750","true","","79","","","SUPER_RARE","TID_PENNY_ELF_SKIN","TID_PENNY_ELF_SKIN_SHOP","MODEL,TURRET,VFX","","","penny_elf_tex.sctx","penny_elf_tex.sctx","","","","","","","","","","","","NEVER",""
"NinjaDefault","NinjaDefault","","","","","","","","","","","","","","","","","","","","","true","","","","","","","","","","","leon_redux_tex.sctx","leon_redux_tex.sctx","","","","","","","","","","","","",""
"UndertakerHat","UndertakerHat","","","","","","1","5","5","","UndertakerDefault","","","","","","","","","","","true","","","","","","TID_UNDERTAKER_HAT_SKIN","TID_UNDERTAKER_HAT_SKIN_SHOP","MODEL","","","mortis_redux_tex.sctx","mortis_redux_tex.sctx","","","","","","","","","","","","",""
"BullGuyFootbull","BullGuyFootbull","","SUPERBOWL","","","","","","","","","","","","","","","","","","2750","true","","79","69","","SUPER_RARE","TID_SKIN_FOOTBULL","TID_SKIN_FOOTBULL_SHOP","MODEL","","","bull_footbull_redux_tex.sctx","bull_footbull_redux_tex.sctx","","","","","","","","","","","","AVAILABLE",""
"ShamanBearReindeer","ShamanBearReindeer","","","","","","","","","","","","","","","","","","","","","true","","","","","","","","","","","nita_bear_reindeer_tex.sctx","nita_bear_reindeer_tex.sctx","","","","","","","","","","","","",""
"ArtilleryTurretElf","ArtilleryTurretElf","","","","","","","","","","","","","","","","","","","","","true","","","","","","","","","","","penny_elf_tex.sctx","penny_elf_tex.sctx","","","","","","","","","","","","",""
"HookDefault","HookDefault","","","","","","","","","","","","","","","","","","","","","true","","","","","","","","","","","gene_tex.sctx","gene_tex.sctx","","","","","","","","","","","","",""
"TrickshotPopcorn","TrickshotPopcorn","","BRAWLYWOOD","","","","","","","","","","","","","","","","","","5000","true","","149","129","","EPIC","TID_SKIN_POPCORN_RICO","TID_SKIN_POPCORN_RICO_SHOP","MODEL,VFX","","","rico_popcorn_tex.sctx","rico_popcorn_tex.sctx","","","","","","","","","","","","AVAILABLE",""
"GunSlingerHanbok","GunSlingerHanbok","","LNY","","","","","3","3","","","","","","","","","","","","5000","true","","149","","","EPIC","TID_SKIN_LUNAR_COLT","TID_SKIN_LUNAR_COLT_SHOP","MODEL,TEXTURE,VFX","","","colt_hanbok_tex.sctx","colt_hanbok_tex.sctx","","","","","","","","","","","","NEVER",""
"BarrelbotCny","BarrelbotCny","","LNY","","","","","3","3","","","","","","","","","","","","2750","true","","79","","","SUPER_RARE","TID_SKIN_DUMPLING_DARRYL","TID_SKIN_DUMPLING_DARRYL_SHOP","MODEL,TEXTURE,VFX","","","darryl_cny_tex.sctx","darryl_cny_tex.sctx","","","","","","","","","","","","NEVER",""
"PocoValentine","PocoValentine","","BRAWLENTINES","","sc/emoji_1.sc","emoji_poco_stvalentines","","","","","","","","","","","","","","","5000","true","","149","129","","EPIC","TID_SKIN_VALENTINE_POCO","TID_SKIN_VALENTINE_POCO_SHOP","MODEL,VFX","","","poco_valentine_tex.sctx","poco_valentine_tex.sctx","","","","","","","","","","","","AVAILABLE",""
"RocketGirlCny","RocketGirlCny","","LNY","","","","","3","3","","","","","","","","","","","","5000","true","","149","","","EPIC","TID_SKIN_LUNAR_BROCK","TID_SKIN_LUNAR_BROCK_SHOP","MODEL,TEXTURE,VFX","","","brock_lion_dance_redux_tex.sctx","brock_lion_dance_redux_tex.sctx","","","","","","","","","","","","NEVER",""
"WhirlwindDefault","WhirlwindDefault","","","","","","","","","","","","","","","","","","","","","true","","","","","","","","","","","carl_redux_tex.sctx","carl_redux_tex.sctx","","","","","","","","","","","","",""
"RoboWarsBox","RoboWarsBox","","","","","","","","","","","","","","","","","","","","","true","","","","","","","","","","","","","","","","","","","","","","","","",""
"UndertakerNightwitch","UndertakerNightwitch","","CLASHIP","","","","","","","","","","","","","","","","","","5000","true","","149","129","","EPIC","TID_UNDERTAKER_NIGHTWITCH_SKIN","TID_UNDERTAKER_NIGHTWITCH_SKIN_SHOP","MODEL,VFX","","","mortis_nightwitch_tex.sctx","mortis_nightwitch_tex.sctx","","","","","","","","","","","","AVAILABLE",""
"RoboWarsBaseDefault","RoboWarsBaseDefault","","","","","","","","","","","","","","","","","","","","","true","","","","","","","","","","","siege_base.sctx","siege_base.sctx","","","","","","","","","","","","",""
"RosaDefault","RosaDefault","","","","","","","","","","","","","","","","","","","","","true","","","","","","","","","","","","","","","","","","","","","","","","",""
"MineCart","MineCart","","","","","","","","","","","","","","","","","","","","","true","","","","","","","","","","","","","","","","","","","","","","","","",""
"ShamanShiba","ShamanShiba","","GOLDENWEEK","","sc/emoji_1.sc","emoji_nita_gw","","","","","","","","","ShamanBearShiba","","","","","","5000","true","","149","129","","EPIC","TID_SHAMAN_SHIBA_SKIN","TID_SHAMAN_SHIBA_SKIN_SHOP","MODEL,PET,VFX,ANIM,SFX","","","nita_shiba_tex.sctx","nita_shiba_tex.sctx","","","","","","","","","","","","AVAILABLE",""
"ShamanBearShiba","ShamanBearShiba","","","","","","","","","","","","","","","","","","","","","true","","","","","","","","","","","nita_bear_shiba_tex.sctx","nita_bear_shiba_tex.sctx","","","","","","","","","","","","",""
"BaseballDefault","BaseballDefault","","","","","","","","","","","","","","","","","","","","","true","","","","","","","","","","","bibi_redux_tex.sctx","bibi_redux_tex.sctx","","","","","","","","","","","","",""
"MineCartB","MineCartB","","","","","","","","","","","","","","","","","","","","","true","","","","","","","","","","","","","","","","","","","","","","","","",""
"MineCartC","MineCartC","","","","","","","","","","","","","","","","","","","","","true","","","","","","","","","","","","","","","","","","","","","","","","",""
"MineCartD","MineCartD","","","","","","","","","","","","","","","","","","","","","true","","","","","","","","","","","","","","","","","","","","","","","","",""
"MineCartE","MineCartE","","","","","","","","","","","","","","","","","","","","","true","","","","","","","","","","","","","","","","","","","","","","","","",""
"ClusterBombDefault","ClusterBombDefault","","","","","","","","","","","","","","ClusterBombPetDefault","","","","","","","true","","","","","","","","","","","tick_redux_tex.sctx","tick_redux_tex.sctx","","","","","","","","","","","","",""
"ClusterBombPetDefault","ClusterBombPetDefault","","","","","","","","","","","","","","","","","","","","","true","","","","","","","","","","","tick_redux_tex.sctx","tick_redux_tex.sctx","","","","","","","","","","","","",""
"ArtilleryGalBunny","ArtilleryGalBunny","","BUNNY_BRIGADE","","","","","","","","","","","","ArtilleryTurretBunny","ArtilleryDudeCoverDefault","","","","","2750","true","","79","69","","SUPER_RARE","TID_PENNY_BUNNY_SKIN","TID_PENNY_BUNNY_SKIN_SHOP","MODEL,TURRET,VFX","","","penny_bunny_redux_tex.sctx","penny_bunny_redux_tex.sctx","","","","","","","","","","","","AVAILABLE",""
"ArtilleryTurretBunny","ArtilleryTurretBunny","","","","","","","","","","","","","","","","","","","","","true","","","","","","","","","","","penny_bunny_redux_tex.sctx","penny_bunny_redux_tex.sctx","","","","","","","","","","","","",""
"BarkeepMs","BarkeepMs","","RETRO","","sc/emoji_1.sc","emoji_barley_retro","","3","3","","","","","","","","","","","","5000","true","","149","","","EPIC","TID_BARLEY_MS_SKIN","TID_BARLEY_MS_SKIN_SHOP","MODEL,VFX,ANIM","","","barley_ms_tex.sctx","barley_ms_tex.sctx","","","","","","","","","","","","NEVER",""
"RocketGirlHotrod","RocketGirlHotrod","","RETRO","","sc/emoji_1.sc","emoji_brock_retro","","3","3","","","","","","","","","","","","5000","true","","149","","","EPIC","TID_BROCK_HOTROD_SKIN","TID_BROCK_HOTROD_SKIN_SHOP","MODEL,VFX","","","brock_hotrod_redux_tex.sctx","brock_hotrod_redux_tex.sctx","","","","","","","","","","","","NEVER",""
"BarkeepMaple","BarkeepLumberjack","","MEAL","","","","","","","","","","","","","","","","","","2750","true","","79","69","","SUPER_RARE","TID_BARLEY_MAPLE_SKIN","TID_BARLEY_MAPLE_SKIN_SHOP","MODEL,VFX","","","barley_lumberjack_redux_tex.sctx","barley_lumberjack_redux_tex.sctx","","","","","","","","","","","","AVAILABLE",""
"WhirlwindRR","WhirlwindHotrod","","RETRO","","sc/emoji_1.sc","emoji_carl_retro","","3","3","","","","","","","","","","","","2750","true","","79","","","SUPER_RARE","TID_CARL_RR_SKIN","TID_CARL_RR_SKIN_SHOP","MODEL,VFX","","","carl_hotrod_tex.sctx","carl_hotrod_tex.sctx","","","","","","","","","","","","NEVER",""
"BoMecha","BoMecha","","MECHA","","","","8","","","","","","","","","","","","","","","true","true","299","269","","LEGENDARY","TID_BO_MECHA_SKIN","TID_BO_MECHA_SKIN_SHOP","MODEL,VFX,ANIM,SFX,VOICE","","","bo_mecha_tex.sctx","bo_mecha_tex.sctx","","","","","","","","","","","","AVAILABLE",""
"CrowMecha","CrowMecha","","MECHA","","","","9","","","","","","","","","","","","","","","true","true","299","269","","LEGENDARY","TID_CROW_MECHA_SKIN","TID_CROW_MECHA_SKIN_SHOP","MODEL,VFX,ANIM,SFX,VOICE","","","crow_mecha_tex.sctx","crow_mecha_tex.sctx","","","","","","","","","","","","AVAILABLE",""
"Cactusmecha","Cactusmecha","","MAXFORCE","","","","","","","","","","","","","","","","","","5000","true","","149","129","","EPIC","TID_SPIKE_ROBO_SKIN","TID_SPIKE_ROBO_SKIN_SHOP","MODEL,VFX,ANIM,SFX","","","spike_mecha_tex.sctx","spike_mecha_tex.sctx","","","","","","","","","","","","AVAILABLE",""
"TntDudeMecha","TntDudeMecha","","MAXFORCE","","","","","","","","","","","","","","","","","","","true","true","299","269","","LEGENDARY","TID_MIKE_ROBO_SKIN","TID_MIKE_ROBO_SKIN_SHOP","MODEL,VFX,ANIM,SFX,VOICE","","","dynamike_mecha_tex.sctx","dynamike_mecha_tex.sctx","","","","","","","","","","","","AVAILABLE",""
"BowDudeMechaWhite","BoMecha","","MECHA","","","","8","","","","","","","","BowDudeTotemDefault","","","","","","","","","49","","","LEGENDARY","TID_BO_MECHA_LIGHT_SKIN","TID_BO_MECHA_LIGHT_SKIN_SHOP","MODEL,VFX,ANIM,SFX,VOICE","","","bo_mecha_white_tex.sctx","bo_mecha_white_tex.sctx","","","","","","","","BoMecha","","","","",""
"BowDudeMechaGold","BoMecha","","MECHA","","","","8","","","","","","","","BowDudeTotemDefault","","","","","","","","","49","","","LEGENDARY","TID_BO_MECHA_GOLD_SKIN","TID_BO_MECHA_GOLD_SKIN_SHOP","MODEL,VFX,ANIM,SFX,VOICE","","","bo_mecha_gold_tex.sctx","bo_mecha_gold_tex.sctx","","","","","","","","BoMecha","","","","",""
"CrowMechaGold","CrowMecha","","MECHA","","","","9","","","","","","","","","","","","","","","","","49","","","LEGENDARY","TID_CROW_MECHA_GOLD_SKIN","TID_CROW_MECHA_GOLD_SKIN_SHOP","MODEL,VFX,ANIM,SFX,VOICE","","","crow_mechagold_tex.sctx","crow_mechagold_tex.sctx","","","","","","","","CrowMecha","","","","",""
"CrowMechaNight","CrowMecha","","MECHA","","","","9","","","","","","","","","","","","","","","","","49","","","LEGENDARY","TID_CROW_MECHA_NIGHT_SKIN","TID_CROW_MECHA_NIGHT_SKIN_SHOP","MODEL,VFX,ANIM,SFX,VOICE","","","crow_mecha_night_tex.sctx","crow_mecha_night_tex.sctx","","","","","","","","CrowMecha","","","","",""
"BullDudeFootbullBlue","BullGuyFootbull","","SUPERBOWL","","","","","","","","","","","","","","","","","","1000","true","","29","","","RARE","TID_BULL_LINEBACKER_SKIN","TID_BULL_LINEBACKER_SKIN_SHOP","MODEL","","","bull_footbull_redux_chroma_blue_tex.sctx","bull_footbull_redux_chroma_blue_tex.sctx","","","","","","","","BullGuyFootbull","","","","NEVER",""
"GunslingerOutlaw","GunSlingerOutlaw","","OUTLAWS","","","","","","","","","","","","","","","","","","1000","true","","29","","","RARE","TID_COLT_OUTLAW_SKIN","TID_COLT_OUTLAW_SKIN_SHOP","MODEL","","","colt_outlaw_redux_tex.sctx","colt_outlaw_redux_tex.sctx","","","","","","","","","","","","NEVER",""
"WhirlwindHogrider","WhirlwindHogrider","","CLASHIP","","","","","","","","","","","","","","","","","","2750","true","","79","69","","SUPER_RARE","TID_CARL_HOG_RIDER_SKIN","TID_CARL_HOG_RIDER_SKIN_SHOP","MODEL","","","carl_hogrider_tex.sctx","carl_hogrider_tex.sctx","","","","","","","","","","","","AVAILABLE",""
"BallBeach","BallBeach","","","","","","","","","","","","","","","","","","","","","true","","","","","","","","","","","","","","","","","","","","","","","","",""
"ArcadeDefault","ArcadeDefault","","","","","","","","","","","","","","DamageBoosterDefault","","","","","","","true","","","","","","","","","","","8bit_redux_tex.sctx","8bit_redux_tex.sctx","","","","","","","","","","","","",""
"DamageBoosterDefault","DamageBoosterDefault","","","","","","","","","","","","","","","","","","","","","true","","","","","","","","","","","8bit_redux_tex.sctx","8bit_redux_tex.sctx","","","","","","","","","","","","",""
"SniperPink","SniperPink","","MISC","","","","","","","","","","","","","","","","","","1000","true","","29","","","RARE","TID_PIPER_PINK_SKIN","TID_PIPER_PINK_SKIN_SHOP","MODEL","","","piper_pink_tex.sctx","piper_pink_tex.sctx","","","","","","","","","","","","NEVER",""
"ArcadeClassic","ArcadeClassic","","GAMING","","","","","","","","","","","","DamageBoosterDefault","","","","","","1000","true","","29","","","RARE","TID_8BIT_CLASSIC_SKIN","TID_8BIT_CLASSIC_SKIN_SHOP","MODEL","","","8bit_classic_tex.sctx","8bit_classic_tex.sctx","","","","","","","","","","","","NEVER",""
"NinjaShark","NinjaShark","","SUMMER","","","","","","","","","","","","","","","","","","2750","true","","79","69","","SUPER_RARE","TID_LEON_SHARK_SKIN","TID_LEON_SHARK_SKIN_SHOP","MODEL,VFX","","","shark_leon_tex.sctx","shark_leon_tex.sctx","","","","","","","","","","","","AVAILABLE",""
"BlackHoleBlue","BlackHoleBlue","","MISC","","","","","","","","","","","","","","","","","","1000","true","","29","","","RARE","TID_TARA_BLUE_SKIN","TID_TARA_BLUE_SKIN_SHOP","MODEL","","","tara_stara_tex.sctx","tara_stara_tex.sctx","","","","","","","","","","","","NEVER",""
"LootBoxMoonFestival","LootBoxMoonFestival","","","","","","","","","","","","","","","","","","","","","true","","","","","","","","","","","","","","","","","","","","","","","","",""
"SandstormDefault","SandstormDefault","","","","","","","","","","","","","","","","","","","","","true","","","","","","","","","","","sandy_tex.sctx","sandy_tex.sctx","","","","","","","","","","","","",""
"BeeSniperDefault","BeeSniperDefault","","","","","","","","","","","","","","BeeSniperDefaultAddonBee","","","","","","","true","","","","","","","","","","","bea_tex.sctx","bea_tex.sctx","","","","","","","","","","","","",""
"BossRaceBossDefault","BossBotDefault","","","","","","","","","","","","","","","","","","","","","true","","","","","","","","","","","bot_boss_tex.sctx","bot_boss_tex.sctx","","","","","","","","","","","","",""
"BarkeepWizardRed","BarkeepWizardRed","","CLASHIP","","","","","","4","","","","","","","","","","","","1000","true","","29","","","SUPER_RARE","TID_BARLEY_RED_WIZARD_SKIN","TID_BARLEY_RED_WIZARD_SKIN_SHOP","MODEL","","","barley_wizard_redux_chroma_red_tex.sctx","barley_wizard_redux_chroma_red_tex.sctx","","","","","","","","BarkeepWizard","","","","NEVER",""
"HookPirate","HookPirate","","PIRATES","","","","","3","3","","","","","","","","","","","","2750","true","","79","","","SUPER_RARE","TID_GENE_PIRATE_SKIN","TID_GENE_PIRATE_SKIN_SHOP","MODEL","","","gene_pirate_tex.sctx","gene_pirate_tex.sctx","","","","","","","","","","","","NEVER",""
"Sandstormsleepy","Sandstormsleepy","","MISC","","","","","","","","","","","","","","","","","","1000","true","","29","","","RARE","TID_SANDY_SLEEPY_SKIN","TID_SANDY_SLEEPY_SKIN_SHOP","MODEL","","","sleepy_sandy_tex.sctx","sleepy_sandy_tex.sctx","","","","","","","","","","","","NEVER",""
"MummyDefault","MummyDefault","","","","","","","","","","","","","","","","","","","","","true","","","","","","","","","","","emz_redux_tex.sctx","emz_redux_tex.sctx","","","","","","","","","","","","",""
"Sniperrose","Sniperrose","","BRAWLOWEEN","","sc/emoji_1.sc","emoji_piper_brawloween","","3","3","","","","","","","","","","","","2750","true","","79","","","SUPER_RARE","TID_PIPER_CALAVERA_SKIN","TID_PIPER_CALAVERA_SKIN_SHOP","MODEL,TEXTURE,VFX","","","piper_rose_tex.sctx","piper_rose_tex.sctx","","","","","","","","","","","","NEVER",""
"SpawnerDudeDefault","SpawnerDudeDefault","","","","","","","","","","","","","","SpawnerDudeTurretDefault","SpawnerPetDefault","","","","","","true","","","","","","","","","","","mrp_tex.sctx","mrp_tex.sctx","","","","","","","","","","","","",""
"ShotgunGirlWitch","ShotgunGirlWitch","","BRAWLOWEEN","","sc/emoji_1.sc","emoji_shelly_brawloween","","3","3","","","","","","","","","","","","5000","true","","149","","","EPIC","TID_SHELLY_WITCH_SKIN","TID_SHELLY_WITCH_SKIN_SHOP","MODEL,VFX,ANIM,SFX","","","shelly_witch_tex.sctx","shelly_witch_tex.sctx","","","","200","","","","","","","","NEVER",""
"MechanicKnightDark","MechanicKnightDark","","FANTASY","","","","","","","","","","","","TurretDragonDark","","","","","","1500","","","39","","","EPIC","TID_JESSIE_DARK_KNIGHT_SKIN","TID_JESSIE_DARK_KNIGHT_SKIN_SHOP","MODEL,TURRET,VFX,ANIM","","","jessie_knight_dark_tex.sctx","jessie_knight_dark_tex.sctx","","","","800","","","","MechanicKnight","","","","",""
"TurretDragonDark","TurretDragonDark","","","","","","","","","","","","","","","","","","","","","true","","","","","","","","","","","jessie_knight_dark_turret_tex.sctx","jessie_knight_dark_turret_tex.sctx","","","","","","","","","","","","",""
"HammerDudeDJ","HammerDudeDJ","","MUSIC","","","","","","","","","","","","","","","","","","2750","true","","79","69","","SUPER_RARE","TID_FRANK_DJ_SKIN","TID_FRANK_DJ_SKIN_SHOP","MODEL,TEXTURE,VFX","","","frank_dj_tex.sctx","frank_dj_tex.sctx","","","","","","","","","","","","AVAILABLE",""
"NinjaWolf","NinjaWolf","","BRAWLOWEEN","","sc/emoji_1.sc","emoji_leon_brawloween","","3","3","","","","","","","","","","","","5000","true","","149","","","EPIC","TID_LEON_WEREWOLF_SKIN","TID_LEON_WEREWOLF_SKIN_SHOP","MODEL,VFX,ANIM,SFX","","","leon_wolf_tex.sctx","leon_wolf_tex.sctx","","","","","","","","","","","","NEVER",""
"SpeedyDefault","SpeedyDefault","","","","","","","","","","","","","","","","","","","","","true","","","","","","","","","","","max_tex.sctx","max_tex.sctx","","","","","","","","","","","","",""
"LuchadorBrown","LuchadorBrown","","LINE","","","","","","3","","","","","","","","","","","","","true","","149","","","EPIC","TID_EL_PRIMO_BROWN_SKIN","TID_EL_PRIMO_BROWN_SKIN_SHOP","MODEL,VFX,ANIM","","","primo_brown_tex.sctx","primo_brown_tex.sctx","","","","800","","","","","","","","NEVER",""
"ef1bef78db93b8eaf0829e4478593a5c2af67dc9","BallDefault","true","","","","","","","","","","","","","","","","","","","","","","","","","","","","","","","","","","","","","","","","","","","","",""
"TrickshotDudeTotal","TrickshotDudeTotal","","ANNIVERSARY2020","","","","","3","3","","","","","","","","","","","","2750","true","","79","","","SUPER_RARE","TID_RICO_BETA_SKIN","TID_RICO_BETA_SKIN_SHOP","MODEL","","","rico_classic_redux_tex.sctx","rico_classic_redux_tex.sctx","","","","","","","","","","","","NEVER",""
"NinjaSally","NinjaSally","","LINE","","","","","","3","","","","","","","","","","","","","true","","79","","","SUPER_RARE","TID_LEON_SALLY_SKIN","TID_LEON_SALLY_SKIN_SHOP","MODEL,VFX","","","leon_sally_tex.sctx","leon_sally_tex.sctx","","","","","","","","","","","","NEVER",""
"WhirlwindLeonard","WhirlwindLeonard","","LINE","","","","","","3","","","","","","","","","","","","","true","","79","","","SUPER_RARE","TID_CARL_LEONARD_SKIN","TID_CARL_LEONARD_SKIN_SHOP","MODEL,VFX","","","carl_leonard_tex.sctx","carl_leonard_tex.sctx","","","","","","","","","","","","NEVER",""
"TntDudeSantaRope","TntDudeSantaRope","","","","","","","","","","","","","","","","","","","","","true","","","","","","","","","","","dynamike_santa_tex.sctx","dynamike_santa_tex.sctx","","","","","","","","","","","","",""
"WhirlwindPirate","WhirlwindPirate","","PIRATES","","","","","3","3","","","","","","","","","","","","5000","true","","149","","","EPIC","TID_CARL_CAPTAIN_SKIN","TID_CARL_CAPTAIN_SKIN_SHOP","MODEL,VFX,ANIM","","","carl_pirate_tex.sctx","carl_pirate_tex.sctx","","","","-250","-500","","","","","","","NEVER",""
"GunslingerPirate","GunslingerPirate","","PIRATES","","","","","3","3","","","","","","","","","","","","5000","true","","149","","","EPIC","TID_COLT_CORSAIR_SKIN","TID_COLT_CORSAIR_SKIN_SHOP","MODEL,VFX,ANIM","","","colt_corsair_redux_tex.sctx","colt_corsair_redux_tex.sctx","","","","","","","","","","","","NEVER",""
"CtfGift","CtfGift","","","","","","","","","","","","","","","","","","","","","true","","","","","","","","","","","","","","","","","","","","","","","","",""
"SpeedyGT","SpeedyGT","","MISC","","","","","","","","","","","","","","","","","","1000","true","","29","","","RARE","TID_MAX_BLUE_SKIN","TID_MAX_BLUE_SKIN_SHOP","MODEL","","","max_gt_tex.sctx","max_gt_tex.sctx","","","","","","","","","","","","NEVER",""
"BeeSniperDefaultAddonBee","BeeSniperDefaultAddonBee","","","","","","","","","","","","","","","","","","","","","true","","","","","","","","","","","bea_tex.sctx","bea_tex.sctx","","","","","","","","","","","","",""
"BeeSniperLadyBug","BeeSniperLadyBug","","ANIMALS","","","","","","","","","","","","BeeSniperLadyBugAddonBee","","","","","","1000","true","","29","","","RARE","TID_BEA_LADYBUG_SKIN","TID_BEA_LADYBUG_SKIN_SHOP","MODEL","","","bea_ladybug_tex.sctx","bea_ladybug_tex.sctx","","","","","","","","","","","","NEVER",""
"PocoPirate","PocoPirate","","PIRATES","","","","","3","3","","","","","","","","","","","","2750","true","","79","","","SUPER_RARE","TID_POCO_PIRATE_SKIN","TID_POCO_PIRATE_SKIN_SHOP","MODEL,VFX","","","poco_pirate_tex.sctx","poco_pirate_tex.sctx","","","","","150","","","","","","","NEVER",""
"BeeSniperLadyBugAddonBee","BeeSniperLadyBugAddonBee","","","","","","","","","","","","","","","","","","","","","true","","","","","","","","","","","bea_ladybug_tex.sctx","bea_ladybug_tex.sctx","","","","","","","","","","","","",""
"DrillerDefault","DrillerDefault","","","","","","","","","","","","","","","","","","","","","true","","","","","","","","","","","jacky_tex.sctx","jacky_tex.sctx","","","","","","","","","","","","",""
"ArcadeVirus","ArcadeVirus","","HACKER","","","","","3","3","","","","","","DamageBoosterVirus","","","","","","","true","","299","","","LEGENDARY","TID_8BIT_VIRUS_SKIN","TID_8BIT_VIRUS_SKIN_SHOP","MODEL,TEXTURE,VFX,ANIM,VOICE","","","8bit_virus_tex.sctx","8bit_virus_tex.sctx","","","","","","","","","","","","NEVER",""
"DamageBoosterVirus","DamageBoosterVirus","","","","","","","","","","","","","","","","","","","","","true","","","","","","","","","","","8bit_virus_tex.sctx","8bit_virus_tex.sctx","","","","","","","","","","","","",""
"BlackHoleStreetNinja","BlackHoleStreetNinja","","LNY","","","","","3","3","","","","","","","","","","","","2750","true","","79","","","SUPER_RARE","TID_TARA_STREET_NINJA_SKIN","TID_TARA_STREET_NINJA_SKIN_SHOP","MODEL,TEXTURE,VFX,ANIM","","","tara_streetninja_tex.sctx","tara_streetninja_tex.sctx","","","","","","","","","","","","NEVER",""
"BaseballGamer","BaseballGamer","","GAMING","","","","","3","3","","","","","","","","","","","","5000","true","","149","","","EPIC","TID_BIBI_GAMER_SKIN","TID_BIBI_GAMER_SKIN_SHOP","MODEL,TEXTURE,VFX,ANIM","","","bibi_gamer_tex.sctx","bibi_gamer_tex.sctx","","","","","","","","","","","","NEVER",""
"SniperValentines","SniperValentines","","BRAWLENTINES","","sc/emoji_1.sc","emoji_piper_stvalentines","","","","","","","","","","","","","","","5000","true","","149","129","","EPIC","TID_PIPER_CUPID_SKIN","TID_PIPER_CUPID_SKIN_SHOP","MODEL,TEXTURE,VFX","","","piper_valentines_tex.sctx","piper_valentines_tex.sctx","","","","","","","","","","","","AVAILABLE",""
"ShamanKoala","ShamanKoala","","ANIMALS","","","","","","","","","","","","ShamanBearKoala","","","","","","2750","true","","79","69","","SUPER_RARE","TID_NITA_KOALA_SKIN","TID_NITA_KOALA_SKIN_SHOP","MODEL","","","nita_koala_tex.sctx","nita_koala_tex.sctx","","","","","","","","","","","","AVAILABLE",""
"ShamanBearKoala","ShamanBearKoala","","","","","","","","","","","","","","","","","","","","","true","","","","","","","","","","","nita_koala_bear_tex.sctx","nita_koala_bear_tex.sctx","","","","","","","","","","","","",""
"SpawnerPetDefault","SpawnerPetDefault","","","","","","","","","","","","","","","","","","","","","true","","","","","","","","","","","mrp_spawner_tex.sctx","mrp_spawner_tex.sctx","","","","","","","","","","","","",""
"SpawnerDudeTurretDefault","SpawnerDudeTurretDefault","","","","","","","","","","","","","","","","","","","","","true","","","","","","","","","","","mrp_spawner_tex.sctx","mrp_spawner_tex.sctx","","","","","","","","","","","","",""
"SpawnerDudeAgentP","SpawnerDudeAgentP","","HUB","","","","","","","","","","","","SpawnerDudeTurretAgentP","SpawnerPetAgentP","","","","","1000","true","","29","","","RARE","TID_MRP_AGENT_SKIN","TID_MRP_AGENT_SKIN_SHOP","MODEL,TURRET","","","mrp_agentp_tex.sctx","mrp_agentp_tex.sctx","","","","","","","","","","","","NEVER",""
"SpawnerPetAgentP","SpawnerPetAgentP","","","","","","","","","","","","","","","","","","","","","true","","","","","","","","","","","mrp_agentp_spawner_tex.sctx","mrp_agentp_spawner_tex.sctx","","","","","","","","","","","","",""
"SpawnerDudeTurretAgentP","SpawnerDudeTurretAgentP","","","","","","","","","","","","","","","","","","","","","true","","","","","","","","","","","mrp_agentp_spawner_tex.sctx","mrp_agentp_spawner_tex.sctx","","","","","","","","","","","","",""
"BlowerDefault","BlowerDefault","","","","","","","","","","","","","","","","","","","","","true","","","","","","","","","","","gale_tex.sctx","gale_tex.sctx","","","","","","","","","","","","",""
"ControllerDefault","ControllerDefault","","","","","","","","","","","","","","ControllerDefaultAddon","","","","","","","true","","","","","","","","","","","nani_tex.sctx","nani_tex.sctx","","","","","","","","","","","","",""
"WallyDefault","WallyDefault","","","","","","","","","","","","","","","","","","","","","true","","","","","","","","","","","sprout_redux_tex.sctx","sprout_redux_tex.sctx","","","","","","","","","","","","",""
"BarrelBotFootball","BarrelBotFootball","","GOLDENBALL","","","","","","","","","","","","","","","","","","2750","true","","79","69","","SUPER_RARE","TID_MASCOT_DARRYL_SKIN","TID_MASCOT_DARRYL_SKIN_SHOP","MODEL,TEXTURE,ANIM,VFX","","","darryl_fb_tex.sctx","darryl_fb_tex.sctx","","","","","400","","","","","","","AVAILABLE",""
"ShotgunGirlFootball","ShotgunGirlFootball","","PSG","","","","","","","","","","","","","","","","","","2750","true","","79","69","","SUPER_RARE","TID_PSG_SHELLY_SKIN","TID_PSG_SHELLY_SKIN_SHOP","MODEL,TEXTURE","","","shelly_fb_tex.sctx","shelly_fb_tex.sctx","","","","","","","","","","","","AVAILABLE",""
"TntDudeFootball","TntDudeFootball","","GOLDENBALL","","","","","","","","","","","","","","","","","","5000","true","","149","129","","EPIC","TID_COACH_MIKE_SKIN","TID_COACH_MIKE_SKIN_SHOP","MODEL,TEXTURE,ANIM,VFX","","","dynamike_coach_tex.sctx","dynamike_coach_tex.sctx","","","","","","","","","","","","AVAILABLE",""
"BallArena","BallArena","","","","","","","","","","","","","","","","","","","","","true","","","","","","","","","","","","","","","","","","","","","","","","",""
"MechanicTanuki","MechanicTanuki","","GOLDENWEEK","","sc/emoji_1.sc","emoji_jessie_gw","","","","","","","","","MechanicTurretTanuki","","","","","","5000","true","","149","129","","EPIC","TID_TANUKI_JESSIE_SKIN","TID_TANUKI_JESSIE_SKIN_SHOP","MODEL,TEXTURE,ANIM,VFX","","","jessie_tanuki_redux_tex.sctx","jessie_tanuki_redux_tex.sctx","","","","600","","","","","","","","AVAILABLE",""
"BowDudeHorus","BowDudeHorus","","SC_MAKE","","","","","","","","","","","","BowDudeTotemDefault","","","","","","5000","true","","149","129","","EPIC","TID_HORUS_BO_SKIN","TID_HORUS_BO_SKIN_SHOP","MODEL,TEXTURE,ANIM,VFX","GEDI-KOR","","bo_falcon_tex.sctx","bo_falcon_tex.sctx","","","","","","","","","","","","AVAILABLE",""
"","","","DARKSANDS","","","","","","","","","","","","","","","","","","","true","","","","","","","","","","","","","","","","","","","","","","","","",""
"BallArenaPSG","BallArenaPSG","","","","","","","","","","","","","","","","","","","","","true","","","","","","","","","","","","","","","","","","","","","","","","",""
"ArtilleryDudeDarkBunny","ArtilleryDudeDarkBunny","","BUNNY_BRIGADE","","","","","","","","","","","","ArtilleryTurretDarkBunny","ArtilleryDudeCoverDefault","","","","","1000","true","","29","","","SUPER_RARE","TID_BLACK_BUNNY_PENNY_SKIN","TID_BLACK_BUNNY_PENNY_SKIN_SHOP","MODEL,TEXTURE","","","penny_bunny_dark_redux_tex.sctx","penny_bunny_dark_redux_tex.sctx","","","","","","","","ArtilleryGalBunny","","","","NEVER",""
"ArtilleryTurretDarkBunny","ArtilleryTurretDarkBunny","","","","","","","","","","","","","","","","","","","","","true","","","","","","","","","","","penny_bunny_dark_redux_tex.sctx","penny_bunny_dark_redux_tex.sctx","","","","","","","","","","","","",""
"MummyCollege","MummyCollege","","UNIVERSITY","","","","","","","","","","","","","","","","","","1000","true","","29","","","RARE","TID_COLLEGE_EMZ_SKIN","TID_COLLEGE_EMZ_SKIN_SHOP","MODEL,TEXTURE","","","emz_college_redux_tex.sctx","emz_college_redux_tex.sctx","","","","","","","","","","","","NEVER",""
"BeeSniperSlowPotDefault","BeeSniperSlowPotDefault","","","","","","","","","","","","","","","","","","","","","true","","","","","","","","","","","bea_gadget_honeypot_tex.sctx","bea_gadget_honeypot_tex.sctx","","","","","","","","","","","","",""
"MechanicTurretTanuki","MechanicTurretTanuki","","","","","","","","","","","","","","","","","","","","","true","","","","","","","","","","","jessie_tanuki_turret_redux_tex.sctx","jessie_tanuki_turret_redux_tex.sctx","","","","","","","","","","","","",""
"BowDudeTotemDefault","BowDudeTotemDefault","","","","","","","","","","","","","","","","","","","","","true","","","","","","","","","","","bo_gadget_totem_tex.sctx","bo_gadget_totem_tex.sctx","","","","","","","","","","","","",""
"TrickshotDudeBazaar","TrickshotDudeBazaar","","LANTERN","","","","","","","","","","","","","","","","","","5000","true","","149","129","","EPIC","TID_GUARD_RICO_SKIN","TID_GUARD_RICO_SKIN_SHOP","MODEL,TEXTURE,ANIM,VFX,VOICE","","","rico_dark.sctx","rico_dark.sctx","","","","","","","","","","","","AVAILABLE",""
"HookDudeBazaar","HookDudeBazaar","","LANTERN","","","","","","","","","","","","","","","","","","5000","true","","149","129","","EPIC","TID_EVIL_GENE_SKIN","TID_EVIL_GENE_SKIN_SHOP","MODEL,TEXTURE,ANIM,VFX,SFX,VOICE","","","gene_dark_tex.sctx","gene_dark_tex.sctx","","","","","","","","","","","","AVAILABLE",""
"UndertakerBazaar","UndertakerBazaar","","LANTERN","","","","","","","","","","","","","","","","","","5000","true","","149","129","","EPIC","TID_ROGUE_MORTIS_SKIN","TID_ROGUE_MORTIS_SKIN_SHOP","MODEL,TEXTURE,ANIM,VFX,VOICE","","","mortis_dark_tex.sctx","mortis_dark_tex.sctx","","","","","","","","","","","","AVAILABLE",""
"MechanicRedDragon","MechanicRedDragon","","CHINA","","","","","3","3","","","","","","TurretRedDragon","","","","","","2750","true","","79","","","SUPER_RARE","TID_RED_DRAGON_JESSIE_SKIN","TID_RED_DRAGON_JESSIE_SKIN_SHOP","MODEL,TEXTURE,PET","","","jessie_red_dragon_redux_tex.sctx","jessie_red_dragon_redux_tex.sctx","","","","400","100","","","","","","","NEVER",""
"TurretRedDragon","TurretRedDragon","","","","","","","","","","","","","","","","","","","","","true","","","","","","","","","","","jessie_red_dragon_turret_redux_tex.sctx","jessie_red_dragon_turret_redux_tex.sctx","","","","","","","","","","","","",""
"DrillerConstructor","DrillerConstructor","","CITY","","","","","","","","","","","","","","","","","","1000","true","","29","","","RARE","TID_CONSTRUCTOR_JACKY_SKIN","TID_CONSTRUCTOR_JACKY_SKIN_SHOP","MODEL,TEXTURE","","","jacky_constructor_tex.sctx","jacky_constructor_tex.sctx","","","","","","","","","","","","NEVER",""
"WallyHawaii","WallyHawaii","","SUMMER","","","","","","","","","","","","","","","","","","1000","true","","29","","","RARE","TID_TROPICAL_SPROUT_SKIN","TID_TROPICAL_SPROUT_SKIN_SHOP","MODEL,TEXTURE","","","sprout_hawaii_tex.sctx","sprout_hawaii_tex.sctx","","","","","","","","","","","","NEVER",""
"BullDudeBarbking","BullDudeBarbking","","CLASHIP","","","","","3","3","","","","","","","","","","","","2750","true","","79","","","SUPER_RARE","TID_BARBARIAN_KING_BULL_SKIN","TID_BARBARIAN_KING_BULL_SKIN_SHOP","MODEL,TEXTURE,ANIM,VFX","","","bull_barbking_redux_tex.sctx","bull_barbking_redux_tex.sctx","","","","","","","","","","","","NEVER",""
"MinigunDudeSummer","MinigunDudeSummer","","SUMMER","","","","","","","","","","","","HealingStationSummer","","","","","","2750","true","","79","69","","SUPER_RARE","TID_HOLIDAY_PAM_SKIN","TID_HOLIDAY_PAM_SKIN_SHOP","MODEL,TEXTURE,VFX,TURRET","","","","","","","","","","","","","","","","AVAILABLE",""
"BlowerTrader","BlowerTrader","","BRAWLPASS","","","","","3","3","","","","","","","","","","","","5000","true","","149","","","EPIC","TID_MERCHANT_GALE_SKIN","TID_MERCHANT_GALE_SKIN_SHOP","MODEL,TEXTURE,ANIM,VFX","","","gale_trader_tex.sctx","gale_trader_tex.sctx","","","","250","","","","","","","","NEVER",""
"","","","LANTERN","","","","","","","","","","","","","","","","","","","true","","","","","","","","","","","","","","","","","","","","","","","","",""
"ControllerDefaultAddon","ControllerDefaultAddon","","","","","","","","","","","","","","","","","","","","","true","","","","","","","","","","","nani_tex.sctx","nani_tex.sctx","","","","","","","","","","","","",""
"HealingStationSummer","HealingStationSummer","","","","","","","","","","","","","","","","","","","","","true","","","","","","","","","","","pam_summer_gun_tex.sctx","pam_summer_gun_tex.sctx","","","","","","","","","","","","",""
"LuchadorGold","LuchadorGold","","GOLD","","","","","","","","","","","","","","","","","","","","","","","25000","COLLECTORS","TID_TRUE_GOLD_EL_PRIMO_SKIN","TID_TRUE_GOLD_EL_PRIMO_SKIN_SHOP","MODEL,TEXTURE","","gold_true_materials.glb","primo_gold_tex.sctx","primo_gold_tex.sctx","","","","","","true","","","","","","",""
"PowerLevelerDefault","PowerLevelerDefault","","","","","","","","","","","","","","","","","","","","","true","","","","","","","","","","","surge_tex.sctx","surge_tex.sctx","","","","","","","","","","","","",""
"MummyGold","MummyGold","","GOLD","","","","","","","","","","","","","","","","","","","","","","","25000","COLLECTORS","TID_TRUE_GOLD_EMZ_SKIN","TID_TRUE_GOLD_EMZ_SKIN_SHOP","MODEL,TEXTURE","","gold_true_materials.glb","emz_gold_tex.sctx","emz_gold_tex.sctx","","","","","","true","","","","","","",""
"MummySilver","MummySilver","","SILVER","","","","","","","","","","","","","","","","","","","","","","","10000","COLLECTORS","TID_TRUE_SILVER_EMZ_SKIN","TID_TRUE_SILVER_EMZ_SKIN_SHOP","MODEL,TEXTURE","","silver_true_materials.glb","emz_silver_tex.sctx","emz_silver_tex.sctx","","","","","","true","","","","","","",""
"LuchadorSilver","LuchadorSilver","","SILVER","","","","","","","","","","","","","","","","","","","","","","","10000","COLLECTORS","TID_TRUE_SILVER_EL_PRIMO_SKIN","TID_TRUE_SILVER_EL_PRIMO_SKIN_SHOP","MODEL,TEXTURE","","silver_true_materials.glb","primo_silver_tex.sctx","primo_silver_tex.sctx","","","","","","true","","","","","","",""
"BeeSniperMonster","BeeSniperMonster","","MAXFORCE","","","","","","","","","","","","BeeSniperMonsterAddonBee","","","","","","5000","true","","149","129","","EPIC","TID_MEGA_BEETLE_BEA_SKIN","TID_MEGA_BEETLE_BEA_SKIN_SHOP","MODEL,TEXTURE,ANIM,VFX,VOICE","","","bea_bug_tex.sctx","bea_bug_tex.sctx","","","","","","","","","","","","AVAILABLE",""
"DrillerMonster","DrillerMonster","","MAXFORCE","","","","","","","","","","","","","","","","","","5000","true","","149","129","","EPIC","TID_ULTRA_DRILLER_JACKY_SKIN","TID_ULTRA_DRILLER_JACKY_SKIN_SHOP","MODEL,TEXTURE,ANIM,VFX,VOICE","","","jacky_driller_tex.sctx","jacky_driller_tex.sctx","","","","","","","","","","","","AVAILABLE",""
"ClusterBombMonster","ClusterBombMonster","","MAXFORCE","","","","","","","","","","","","ClusterBombPetMonster","","","","","","2750","true","","79","69","","SUPER_RARE","TID_KING_CRAB_TICK_SKIN","TID_KING_CRAB_TICK_SKIN_SHOP","MODEL,TEXTURE,VFX","","","tick_crab_tex.sctx","tick_crab_tex.sctx","","","","","","","","","","","","AVAILABLE",""
"BossKaijuDefault","BossKaijuDefault","","","","","","","","","","","","","","","","","","","","","true","","","","","","","","","","","kaiju_boss_tex.sctx","kaiju_boss_tex.sctx","","","","","","","","","","","","",""
"BeeSniperMonsterAddonBee","BeeSniperMonsterAddonBee","","","","","","","","","","","","","","","","","","","","","true","","","","","","","","","","","bea_bug_tex.sctx","bea_bug_tex.sctx","","","","","","","","","","","","",""
"SafeBank","SafeBank","","","","","","","","","","","","","","","","","","","","","true","","","","","","","","","","","","","","","","","","","","","","","","",""
"ControllerRetro","ControllerRetro","","GAMING","","","","","","","","","","","","ControllerRetroAddon","","","","","","1000","true","","29","","","RARE","TID_RETRO_NANI_SKIN","TID_RETRO_NANI_SKIN_SHOP","MODEL,TEXTURE","","","nani_retro_tex.sctx","nani_retro_tex.sctx","","","","","","","","","","","","NEVER",""
"ShotgunGirlGold","ShotgunGirlGold","","GOLD","","","","","","","","","","","","","","","","","","","","","","","25000","COLLECTORS","TID_TRUE_GOLD_SHELLY_SKIN","TID_TRUE_GOLD_SHELLY_SKIN_SHOP","MODEL,TEXTURE","","gold_true_materials.glb","shelly_gold_tex.sctx","shelly_gold_tex.sctx","","","","","","true","","","","","","",""
"ShotgunGirlSilver","ShotgunGirlSilver","","SILVER","","","","","","","","","","","","","","","","","","","","","","","10000","COLLECTORS","TID_TRUE_SILVER_SHELLY_SKIN","TID_TRUE_SILVER_SHELLY_SKIN_SHOP","MODEL,TEXTURE","","silver_true_materials.glb","shelly_silver_tex.sctx","shelly_silver_tex.sctx","","","","","","true","","","","","","",""
"SniperGold","SniperGold","","GOLD","","","","","","","","","","","","","","","","","","","","","","","25000","COLLECTORS","TID_TRUE_GOLD_PIPER_SKIN","TID_TRUE_GOLD_PIPER_SKIN_SHOP","MODEL,TEXTURE","","gold_true_materials.glb","piper_gold_tex.sctx","piper_gold_tex.sctx","","","","","","true","","","","","","",""
"SniperSilver","SniperSilver","","SILVER","","","","","","","","","","","","","","","","","","","","","","","10000","COLLECTORS","TID_TRUE_SILVER_PIPER_SKIN","TID_TRUE_SILVER_PIPER_SKIN_SHOP","MODEL,TEXTURE","","silver_true_materials.glb","piper_silver_tex.sctx","piper_silver_tex.sctx","","","","","","true","","","","","","",""
"NinjaGold","NinjaGold","","GOLD","","","","","","","","","","","","","","","","","","","","","","","25000","COLLECTORS","TID_TRUE_GOLD_LEON_SKIN","TID_TRUE_GOLD_LEON_SKIN_SHOP","MODEL,TEXTURE","","gold_true_materials.glb","leon_redux_gold_tex.sctx","leon_redux_gold_tex.sctx","","","","","","true","","","","","","",""
"NinjaSilver","NinjaSilver","","SILVER","","","","","","","","","","","","","","","","","","","","","","","10000","COLLECTORS","TID_TRUE_SILVER_LEON_SKIN","TID_TRUE_SILVER_LEON_SKIN_SHOP","MODEL,TEXTURE","","silver_true_materials.glb","leon_redux_silver_tex.sctx","leon_redux_silver_tex.sctx","","","","","","true","","","","","","",""
"RocketGirlRanger","RocketGirlRanger","","BRAWLPASS","","","","","3","3","","","","","","","","","","","","2750","true","","79","","","SUPER_RARE","TID_SUPER_RANGER_BROCK_SKIN","TID_SUPER_RANGER_BROCK_SKIN_SHOP","MODEL,TEXTURE","","","brock_ranger_tex.sctx","brock_ranger_tex.sctx","","","","","","","","","","","","NEVER",""
"","","","MAXFORCE","","","","","","","","","","","","","","","","","","","true","","","","","","","","","","","","","","","","","","","","","","","","",""
"SpeedyTracksuit","SpeedyTracksuit","","MAXFORCE","","","","","","","","","","","","","","","","","","2750","true","","79","69","","SUPER_RARE","TID_STREETWEAR_MAX_SKIN","TID_STREETWEAR_MAX_SKIN_SHOP","MODEL,TEXTURE","","","max_tracksuit_tex.sctx","max_tracksuit_tex.sctx","","","","","","","","","","","","AVAILABLE",""
"PowerLevelerKnight","PowerLevelerKnight","","BRAWLPASS","","","","","3","3","","","","","","","","","","","","5000","true","","149","","","EPIC","TID_MECHA_PALADIN_SURGE_SKIN","TID_MECHA_PALADIN_SURGE_SKIN_SHOP","MODEL,TEXTURE","","","surge_knight_tex.sctx","surge_knight_tex.sctx","","","","","","","","","","","","NEVER",""
"","","","MAXFORCE","","","","","","","","","","","","","","","","","","","true","","","","","","","","","","","","","","","","","","","","","","","","",""
"ClusterBombPetMonster","ClusterBombPetMonster","","","","","","","","","","","","","","","","","","","","","true","","","","","","","","","","","tick_crab_tex.sctx","tick_crab_tex.sctx","","","","","","","","","","","","",""
"ControllerRetroAddon","ControllerRetroAddon","","","","","","","","","","","","","","","","","","","","","true","","","","","","","","","","","nani_retro_tex.sctx","nani_retro_tex.sctx","","","","","","","","","","","","",""
"PercenterDefault","PercenterDefault","","","","","","","","","","","","","","MechanicTurretTanuki","","","","","","","true","","","","","","","","","","","colette_tex.sctx","colette_tex.sctx","","","","","","","","","","","","",""
"FireDudeDefault","FireDudeDefault","","","","","","","","","","","","","","","","","","","","","true","","","","","","","","","","","amber_tex.sctx","amber_tex.sctx","","","","","","true","","","","","","",""
"CactusMask","CactusMask","","GIFTSHOP","","","","","","","","","","","","","","","","","","1000","true","","29","","","RARE","TID_MASK_SPIKE_SKIN","TID_MASK_SPIKE_SKIN_SHOP","MODEL,TEXTURE","","","","","","","","","","","","","","","","NEVER",""
"MummyGiftShop","MummyGiftShop","","GIFTSHOP","","","","","","","","","","","","","","","","","","5000","true","","149","129","","EPIC","TID_SUPER_FAN_EMZ_SKIN","TID_SUPER_FAN_EMZ_SKIN_SHOP","MODEL,TEXTURE,ANIM,VFX","","","emz_giftshop_tex.sctx","emz_giftshop_tex.sctx","","","","","","","","","","","","AVAILABLE",""
"SandstormGiftShop","SandstormGiftShop","","GIFTSHOP","","","","","","","","","","","","","","","","","","2750","true","","79","69","","SUPER_RARE","TID_SUGAR_RUSH_SANDY_SKIN","TID_SUGAR_RUSH_SANDY_SKIN_SHOP","MODEL,TEXTURE,ANIM,VFX","","","sandy_sugar_addict_tex.sctx","sandy_sugar_addict_tex.sctx","","","","","","","","","","","","AVAILABLE",""
"WallyMoon","WallyMoon","","LUNAREVENT","","","","","","","","","","","","","","","","","","5000","true","","149","129","","EPIC","TID_LUNAR_SPROUT_SKIN","TID_LUNAR_SPROUT_SKIN_SHOP","MODEL,TEXTURE,ANIM,VFX","","","sprout_moon_tex.sctx","sprout_moon_tex.sctx","","","","","","","","","","","","AVAILABLE",""
"PercenterTrixie","PercenterTrixie","","BRAWLPASS","","","","","3","3","","","","","","MechanicTurretTanuki","","","","","","5000","true","","149","","","EPIC","TID_TRIXIE_COLETTE_SKIN","TID_TRIXIE_COLETTE_SKIN_SHOP","MODEL,TEXTURE,ANIM,VFX","","","colette_trixie_tex.sctx","colette_trixie_tex.sctx","","","","","","","","","","","","NEVER",""
"","","","BRAWLOWEEN","","","","","","","","","","","","","","","","","","","true","","","","","","","","","","","","","","","","","","","","","","","","",""
"LuchadorAtomic","LuchadorAtomic","","WASTELAND","","","","","","","","","","","","","","","","","","2750","true","","79","69","","SUPER_RARE","TID_EL_ATOMICO_SKIN","TID_EL_ATOMICO_SKIN_SHOP","MODEL,TEXTURE,VFX","","","primo_atomico_tex.sctx","primo_atomico_tex.sctx","","","","","","","","","","","","AVAILABLE",""
"PocoStarr","PocoStarr","","BRAWLPASS","","","","","3","3","","","","","","","","","","","","2750","true","","79","","","SUPER_RARE","TID_POCO_STARR_SKIN","TID_POCO_STARR_SKIN_SHOP","MODEL,VFX","","","poco_starr_tex.sctx","poco_starr_tex.sctx","","","","","","","","","","","","NEVER",""
"","","","GIFTSHOP","","","","","","","","","","","","","","","","","","","true","","","","","","","","","","","","","","","","","","","","","","","","",""
"RosaRosaBrawloween","RosaRosaBrawloween","","BRAWLOWEEN","","sc/emoji_1.sc","emoji_rosa_halloween","","3","3","","","","","","","","","","","","2750","true","","79","","","SUPER_RARE","TID_BRAWLOWEEN_ROSA_SKIN","TID_BRAWLOWEEN_ROSA_SKIN_SHOP","MODEL,TEXTURE,VFX","","","","","","","","","","","","","","","","NEVER",""
"BowDudeDemonic","BowDudeDemonic","","SC_MAKE","","","","","","","","","","","","BowDudeTotemDefault","","","","","","5000","true","","149","129","","EPIC","TID_UNDERWORLD_BO_SKIN","TID_UNDERWORLD_BO_SKIN_SHOP","MODEL,TEXTURE,ANIM,VFX","Beats","","bo_demonic_tex.sctx","bo_demonic_tex.sctx","","","","","300","","","","","","","AVAILABLE",""
"","","","ANGELDEMONS","","","","","","","","","","","","","","","","","","","true","","","","","","","","","","","","","","","","","","","","","","","","",""
"GunslingerPlayer","GunslingerPlayer","","WF_2020","","","","","4","4","","","","","","","","","","","","","true","","149","","","EPIC","TID_CHALLENGER_COLT_SKIN","TID_CHALLENGER_COLT_SKIN_SHOP","MODEL,TEXTURE,ANIM,VFX","","","colt_player_tex.sctx","colt_player_tex.sctx","","","","","","","","","","","","NEVER",""
"BullDudeGold","BullDudeGold","","GOLD","54","","","","","","","","","","","","","","","","","","","","","","25000","COLLECTORS","TID_TRUE_GOLD_BULL_SKIN","TID_TRUE_GOLD_BULL_SKIN_SHOP","MODEL,TEXTURE","","gold_true_materials.glb","bull_redux_gold_face_tex.sctx","bull_redux_gold_face_tex.sctx","","","","","","true","","","","","","",""
"BullDudeSilver","BullDudeSilver","","SILVER","54","","","","","","","","","","","","","","","","","","","","","","10000","COLLECTORS","TID_TRUE_SILVER_BULL_SKIN","TID_TRUE_SILVER_BULL_SKIN_SHOP","MODEL,TEXTURE","","silver_true_materials.glb","bull_redux_silver_face_tex.sctx","bull_redux_silver_face_tex.sctx","","","","","","true","","","","","","",""
"BarkeepTrueGold","BarkeepTrueGold","","GOLD","","","","","","","","","","","","","","","","","","","","","","","25000","COLLECTORS","TID_TRUE_GOLD_BARLEY_SKIN","TID_TRUE_GOLD_BARLEY_SKIN_SHOP","MODEL,TEXTURE","","gold_true_materials.glb","barley_gold_tex.sctx","barley_gold_tex.sctx","","","","","","true","","","","","","",""
"BarkeepTrueSilver","BarkeepTrueSilver","","SILVER","","","","","","","","","","","","","","","","","","","","","","","10000","COLLECTORS","TID_TRUE_SILVER_BARLEY_SKIN","TID_TRUE_SILVER_BARLEY_SKIN_SHOP","MODEL,TEXTURE","","silver_true_materials.glb","barley_silver_tex.sctx","barley_silver_tex.sctx","","","","","","true","","","","","","",""
"BaseballZombibi","BaseballZombibi","","SC_MAKE","","","","","","","","","","","","","","","","","","2750","true","","79","69","","SUPER_RARE","TID_ZOMBIBI_SKIN","TID_ZOMBIBI_SKIN_SHOP","MODEL,TEXTURE,VFX","Kent2D","","bibi_zombibi_tex.sctx","bibi_zombibi_tex.sctx","","","","","","","","","","","","AVAILABLE",""
"","","","BRAWLOWEEN","","","","","","","","","","","","","","","","","","","true","","","","","","","","","","","","","","","","","","","","","","","","",""
"TrickshotDudeTrueGold","TrickshotDudeTrueGold","","GOLD","","","","","","","","","","","","","","","","","","","","","","","25000","COLLECTORS","TID_TRUE_GOLD_RICO_SKIN","TID_TRUE_GOLD_RICO_SKIN_SHOP","MODEL,TEXTURE","","gold_true_materials.glb","rico_gold_redux_tex.sctx","rico_gold_redux_tex.sctx","","","","","","true","","","","","","",""
"TrickshotDudeSilver","TrickshotDudeSilver","","SILVER","","","","","","","","","","","","","","","","","","","","","","","10000","COLLECTORS","TID_TRUE_SILVER_RICO_SKIN","TID_TRUE_SILVER_RICO_SKIN_SHOP","MODEL,TEXTURE","","silver_true_materials.glb","rico_silver_redux_tex.sctx","rico_silver_redux_tex.sctx","","","","","","true","","","","","","",""
"HammerDudeGold","HammerDudeGold","","GOLD","","","","","","","","","","","","","","","","","","","","","","","25000","COLLECTORS","TID_TRUE_GOLD_FRANK_SKIN","TID_TRUE_GOLD_FRANK_SKIN_SHOP","MODEL,TEXTURE","","gold_true_materials.glb","frank_gold_tex.sctx","frank_gold_tex.sctx","","","","","","true","","","","","","",""
"HammerDudeSilver","HammerDudeSilver","","SILVER","","","","","","","","","","","","","","","","","","","","","","","10000","COLLECTORS","TID_TRUE_SILVER_FRANK_SKIN","TID_TRUE_SILVER_FRANK_SKIN_SHOP","MODEL,TEXTURE","","silver_true_materials.glb","frank_silver_tex.sctx","frank_silver_tex.sctx","","","","","","true","","","","","","",""
"UndertakerHatGold","UndertakerHatGold","","GOLD","","","","2","","","","","","","","","","","","","","","","","","","25000","COLLECTORS","TID_TRUE_GOLD_MORTIS_SKIN","TID_TRUE_GOLD_MORTIS_SKIN_SHOP","MODEL,TEXTURE","","gold_true_materials.glb","mortis_redux_gold_tex.sctx","mortis_redux_gold_tex.sctx","","","","","","true","","","","","","",""
"UndertakerGold","UndertakerGold","","GOLD","","","","2","6","6","","UndertakerHatGold","","","","","","","","","","","","","","","","","TID_TRUE_GOLD_MORTIS_SKIN","TID_TRUE_GOLD_MORTIS_SKIN_SHOP","MODEL,TEXTURE","","gold_true_materials.glb","mortis_redux_gold_tex.sctx","mortis_redux_gold_tex.sctx","","","","","","true","","","","","","",""
"UndertakerHatSilver","UndertakerHatSilver","","SILVER","","","","3","","","","","","","","","","","","","","","","","","","10000","COLLECTORS","TID_TRUE_SILVER_MORTIS_SKIN","TID_TRUE_SILVER_MORTIS_SKIN_SHOP","MODEL,TEXTURE","","silver_true_materials.glb","mortis_redux_silver_tex.sctx","mortis_redux_silver_tex.sctx","","","","","","true","","","","","","",""
"UndertakerSilver","UndertakerSilver","","SILVER","","","","3","6","6","","UndertakerHatSilver","","","","","","","","","","","true","","","","","","TID_TRUE_SILVER_MORTIS_SKIN","TID_TRUE_SILVER_MORTIS_SKIN_SHOP","MODEL,TEXTURE","","silver_true_materials.glb","mortis_redux_silver_tex.sctx","mortis_redux_silver_tex.sctx","","","","","","true","","","","","","",""
"IceDudeDefault","IceDudeDefault","","","","","","","","","","","","","","","","","","","","","true","","","","","","","","","","","lou_tex.sctx","lou_tex.sctx","","","","","","","","","","","","",""
"SpeedyLine","SpeedyLine","","LINE","","","","","","","","","","","","","","","","","","","true","","149","","","EPIC","TID_CONY_MAX_SKIN","TID_CONY_MAX_SKIN_SHOP","MODEL,TEXTURE,ANIM,VFX","","","max_cony_tex.sctx","max_cony_tex.sctx","","","","","","","","","","","","NEVER",""
"ControllerLine","ControllerLine","","LINE","","","","","","","","","","","","ControllerLineAddon","","","","","","","true","","149","","","EPIC","TID_SALLY_NANI_SKIN","TID_SALLY_NANI_SHOP","MODEL,TEXTURE,ANIM,VFX,TURRET","","","nani_line_friends_tex.sctx","nani_line_friends_tex.sctx","","","","","","","","","","","","NEVER",""
"SniperLine","SniperLine","","LINE","","","","","","","","","","","","","","","","","","","true","","79","","","SUPER_RARE","TID_CHOCO_PIPER_SKIN","TID_CHOCO_PIPER_SHOP","MODEL,TEXTURE,ANIM","","","piper_line_friends_tex.sctx","piper_line_friends_tex.sctx","","","","","","","","","","","","NEVER",""
"ControllerLineAddon","ControllerLineAddon","","","","","","","","","","","","","","","","","","","","","true","","","","","","","","","","","nani_line_friends_tex.sctx","nani_line_friends_tex.sctx","","","","","","","","","","","","",""
"TntDudeSnowtel","TntDudeSnowtel","","BRAWLPASS","","","","","3","3","","","","","","","","","","","","2750","true","","79","","","SUPER_RARE","TID_BELLHOP_MIKE_SKIN","TID_BELLHOP_MIKE_SHOP","MODEL,TEXTURE,VFX","","","dynamike_groom_tex.sctx","dynamike_groom_tex.sctx","","","","","","","","","","","","NEVER",""
"","","","BRAWLIDAYS","","","","","","","","","","","","","","","","","","","true","","","","","","","","","","","","","","","","","","","","","","","","",""
"IceDudeKing","IceDudeKing","","BRAWLPASS","","","","","3","3","","","","","","","","","","","","5000","true","","149","","","EPIC","TID_KING_LOU_SKIN","TID_KING_LOU_SHOP","MODEL,TEXTURE,ANIM,VFX","","","lou_king_tex.sctx","lou_king_tex.sctx","","","","","","","","","","","","NEVER",""
"","","","ROYALS","","","","","","","","","","","","","","","","","","","true","","","","","","","","","","","","","","","","","","","","","","","","",""
"SafeRed","SafeRed","","","","","","","","","","","","","","","","","","","","","true","","","","","","","","","","","","","","","","","","","","","","","","",""
"SnakeOilDefault","SnakeOilDefault","","","","","","","","","","","","","","","","","","","","","true","","","","","","","","","","","byron_tex.sctx","byron_tex.sctx","","","","","","","","","","","","",""
"EnragerDefault","EnragerDefault","","","","","","","","","","","","","","","","","","","","","true","","","","","","","","","","","edgar_tex.sctx","edgar_tex.sctx","","","","","","","","","","","","",""
"BlowerNutcracker","BlowerNutcracker","","SC_MAKE","","","","","","","","","","","","","","","","","","5000","true","","149","129","","EPIC","TID_GALE_NUTCRACKER","TID_GALE_NUTCRACKER_SHOP","MODEL,TEXTURE,ANIM,VFX","Eric_Imperial and GuiRamalho","","gale_nutcracker_tex.sctx","gale_nutcracker_tex.sctx","","","","","","","","","","","","AVAILABLE",""
"","","","BRAWLIDAYS","","","","","","","","","","","","","","","","","","","true","","","","","","","","","","","","","","","","","","","","","","","","",""
"RocketGirlOg","RocketGirlOg","","ANNIVERSARY2020","","","","","4","4","","","","","","","","","","","","2750","true","","79","","","SUPER_RARE","TID_OLD_SCHOOL_BROCK","TID_OLD_SCHOOL_BROCK_SHOP","MODEL,TEXTURE","","","brock_og_redux_tex.sctx","brock_og_redux_tex.sctx","","","","","","","","","","","","NEVER",""
"ClusterBombDudeSnowman","ClusterBombDudeSnowman","","BRAWLIDAYS","","sc/emoji_1.sc","emoji_tick_xmas","","3","3","","","","","","ClusterBombPetSnowman","","","","","","2750","true","","79","","","SUPER_RARE","TID_SNOWMAN_TICK","TID_SNOWMAN_TICK_SHOP","MODEL,TEXTURE,ANIM,VFX","","","tick_snowman_tex.sctx","tick_snowman_tex.sctx","","","","","","","","","","","","NEVER",""
"HammerDudeXmas","HammerDudeXmas","","BRAWLIDAYS","","sc/emoji_1.sc","emoji_frank_xmas","","3","3","","","","","","","","","","","","5000","true","","149","","","EPIC","TID_HOLIDAY_PARTY_FRANK","TID_HOLIDAY_PARTY_FRANK_SHOP","MODEL,TEXTURE,ANIM,VFX","","","frank_xmasparty_tex.sctx","frank_xmasparty_tex.sctx","","","","","","","","","","","","NEVER",""
"BowDudeWarrior","BowDudeWarrior","","JUNGLE","","","","","","","","","","","","BowDudeTotemDefault","","","","","","1000","true","","29","","","RARE","TID_WARRIOR_BO_SKIN","TID_WARRIOR_BO_SKIN_SHOP","MODEL,TEXTURE","","","bo_warrior_tex.sctx","bo_warrior_tex.sctx","","","","","","","","","","","","NEVER",""
"ClusterBombDudeGold","ClusterBombDudeGold","","GOLD","","","","","","","","","","","","ClusterBombPetGold","","","","","","","","","","","25000","COLLECTORS","TID_TRUE_GOLD_TICK_SKIN","TID_TRUE_GOLD_TICK_SKIN_SHOP","MODEL,TEXTURE","","gold_true_materials.glb","tick_gold_redux_tex.sctx","tick_gold_redux_tex.sctx","","","","","","true","","","","","","",""
"ClusterBombDudeSilver","ClusterBombDudeSilver","","SILVER","","","","","","","","","","","","ClusterBombPetSilver","","","","","","","","","","","10000","COLLECTORS","TID_TRUE_SILVER_TICK_SKIN","TID_TRUE_SILVER_TICK_SKIN_SHOP","MODEL,TEXTURE","","silver_true_materials.glb","tick_silver_redux_tex.sctx","tick_silver_redux_tex.sctx","","","","","","true","","","","","","",""
"CrowGold","CrowGold","","GOLD","","","","","","","","","","","","","","","","","","","","","","","25000","COLLECTORS","TID_TRUE_GOLD_CROW_SKIN","TID_TRUE_GOLD_CROW_SKIN_SHOP","MODEL,TEXTURE","","gold_true_materials.glb","crow_gold_tex.sctx","crow_gold_tex.sctx","","","","","","true","","","","","","",""
"CrowSilver","CrowSilver","","SILVER","","","","","","","","","","","","","","","","","","","","","","","10000","COLLECTORS","TID_TRUE_SILVER_CROW_SKIN","TID_TRUE_SILVER_CROW_SKIN_SHOP","MODEL,TEXTURE","","silver_true_materials.glb","crow_silver_tex.sctx","crow_silver_tex.sctx","","","","","","true","","","","","","",""
"BarrelBotGold","BarrelBotGold","","GOLD","","","","","","","","","","","","","","","","","","","","","","","25000","COLLECTORS","TID_TRUE_GOLD_DARRYL_SKIN","TID_TRUE_GOLD_DARRYL_SKIN_SHOP","MODEL,TEXTURE","","gold_true_materials.glb","darryl_gold_tex.sctx","darryl_gold_tex.sctx","","","","","","true","","","","","","",""
"BarrelBotSilver","BarrelBotSilver","","SILVER","","","","","","","","","","","","","","","","","","","","","","","10000","COLLECTORS","TID_TRUE_SILVER_DARRYL_SKIN","TID_TRUE_SILVER_DARRYL_SKIN_SHOP","MODEL,TEXTURE","","silver_true_materials.glb","darryl_silver_tex.sctx","darryl_silver_tex.sctx","","","","","","true","","","","","","",""
"ClusterBombPetSnowman","ClusterBombPetSnowman","","","","","","","","","","","","","","","","","","","","","true","","","","","","","","","","","tick_snowman_tex.sctx","tick_snowman_tex.sctx","","","","","","","","","","","","",""
"MechanicGold","MechanicGold","","GOLD","","","","","","","","","","","","MechanicGoldTurret","","","","","","","","","","","25000","COLLECTORS","TID_TRUE_GOLD_JESSIE_SKIN","TID_TRUE_GOLD_JESSIE_SKIN_SHOP","MODEL,TEXTURE","","gold_true_materials.glb","jessie_gold_tex.sctx","jessie_gold_tex.sctx","","","","400","100","true","","","","","","",""
"MechanicSilver","MechanicSilver","","SILVER","","","","","","","","","","","","MechanicSilverTurret","","","","","","","","","","","10000","COLLECTORS","TID_TRUE_SILVER_JESSIE_SKIN","TID_TRUE_SILVER_JESSIE_SKIN_SHOP","MODEL,TEXTURE","","silver_true_materials.glb","jessie_silver_tex.sctx","jessie_silver_tex.sctx","","","","400","100","true","","","","","","",""
"MechanicGoldTurret","TurretDefault","","","","","","","","","","","","","","","","","","","","","true","","","","","","","","","","gold_true_materials.glb","jessie_turret_gold_tex.sctx","jessie_turret_gold_tex.sctx","","","","","","","","","","","","",""
"MechanicSilverTurret","TurretDefault","","","","","","","","","","","","","","","","","","","","","true","","","","","","","","","","silver_true_materials.glb","jessie_turret_silver_tex.sctx","jessie_turret_silver_tex.sctx","","","","","","","","","","","","",""
"ClusterBombPetGold","ClusterBombPetDefault","","","","","","","","","","","","","","","","","","","","","true","","","","","","","","","","gold_true_materials.glb","tick_gold_tex.sctx","tick_gold_tex.sctx","","","","","","","","","","","","",""
"ClusterBombPetSilver","ClusterBombPetDefault","","","","","","","","","","","","","","","","","","","","","true","","","","","","","","","","silver_true_materials.glb","tick_silver_tex.sctx","tick_silver_tex.sctx","","","","","","","","","","","","",""
"BlackHoleGold","BlackHoleGold","","GOLD","","","","","","","","","","","","","","","","","","","","","","","25000","COLLECTORS","TID_TRUE_GOLD_TARA_SKIN","TID_TRUE_GOLD_TARA_SKIN_SHOP","MODEL,TEXTURE","","gold_true_materials.glb","tara_gold_tex.sctx","tara_gold_tex.sctx","","","","","","true","","","","","","",""
"BlackHoleSilver","BlackHoleSilver","","SILVER","","","","","","","","","","","","","","","","","","","","","","","10000","COLLECTORS","TID_TRUE_SILVER_TARA_SKIN","TID_TRUE_SILVER_TARA_SKIN_SHOP","MODEL,TEXTURE","","silver_true_materials.glb","tara_silver_tex.sctx","tara_silver_tex.sctx","","","","","","true","","","","","","",""
"RuffsDefault","RuffsDefault","","","","","","","","","","","","","","","","","","","","","true","","","","","","","","","","","ruffs_tex.sctx","ruffs_tex.sctx","","","","","","","","","","","","",""
"BullDudeOx","BullDudeOx","","STARRFORCE","","","","","3","3","","","","","","","","","","","","5000","true","","149","","","EPIC","TID_SPACE_OX_BULL_SKIN","TID_SPACE_OX_BULL_SKIN_SHOP","MODEL,TEXTURE,ANIM,VFX,VOICE","","","bull_ox_redux_tex.sctx","bull_ox_redux_tex.sctx","","","","","","","","","","","","NEVER",""
"CactusLord","CactusLord","","STARRFORCE","","","","","3","3","","","","","","","","","","","","5000","true","","149","","","EPIC","TID_DARK_LORD_SPIKE_SKIN","TID_DARK_LORD_SPIKE_SKIN_SHOP","MODEL,TEXTURE,ANIM,VFX","","","spike_lord_tex.sctx","spike_lord_tex.sctx","","","","","","","","","","","","NEVER",""
"BarrelBotLaser","BarrelBotLaser","","BRAWLPASS","","","","","3","3","","","","","","","","","","","","2750","true","","79","","","SUPER_RARE","TID_D4R-RY1_SKIN","TID_D4R-RY1_SKIN_SHOP","MODEL,TEXTURE,VFX","","","darryl_droid_tex.sctx","darryl_droid_tex.sctx","","","","","","","","","","","","NEVER",""
"","","","STARRFORCE","","","","","","","","","","","","","","","","","","","true","","","","","","","","","","","","","","","","","","","","","","","","",""
"RollerDefault","RollerDefault","","","","","","","","","","","","","","","","","","","","","true","","","","","","","","","","","stu_tex.sctx","stu_tex.sctx","","","","","","","","","","","","",""
"IceDudeCrooner","IceDudeCrooner","","BRAWLENTINES","","sc/emoji_1.sc","emoji_lou_stvalentines","","","","","","","","","","","","","","","2750","true","","79","69","","SUPER_RARE","TID_SMOOTH_LOU_SKIN","TID_SMOOTH_LOU_SKIN_SHOP","MODEL,TEXTURE,ANIM,VFX","","","lou_crooner_tex.sctx","lou_crooner_tex.sctx","","","","","","","","","","","","AVAILABLE",""
"WhirlwindDarkTide","WhirlwindDarkTide","","PIRATES","","","","","","","","","","","","","","","","","","1500","","","39","","","EPIC","TID_DARK_TIDE_CARL_SKIN","TID_DARK_TIDE_CARL_SKIN_SHOP","MODEL,TEXTURE,ANIM,VFX","","","carl_darktide_tex.sctx","carl_darktide_tex.sctx","","","","-200","-500","","","WhirlwindPirate","","","","",""
"RuffsRonin","RuffsRonin","","BRAWLPASS","","","","","3","3","","","","","","","","","","","","5000","true","","149","","","EPIC","TID_RONIN_RUFFS_SKIN","TID_RONIN_RUFFS_SKIN_SHOP","MODEL,TEXTURE,ANIM,VFX","","","ruffs_ronin_tex.sctx","ruffs_ronin_tex.sctx","","","","250","500","","","","","","","NEVER",""
"","","","STARRFORCE","","","","","","","","","","","","","","","","","","","true","","","","","","","","","","","","","","","","","","","","","","","","",""
"RuffsCoverDefault","RuffsCoverDefault","","","","","","","","","","","","","","","","","","","","","true","","","","","","","","","","","","","","","","","","","","","","","","",""
"PercenterCrew","PercenterCrew","","STARRFORCE","","","","","3","3","","","","","","MechanicTurretTanuki","","","","","","2750","true","","79","","","SUPER_RARE","TID_NAVIGATOR_COLETTE_SKIN","TID_NAVIGATOR_COLETTE_SHOP","MODEL,TEXTURE,VFX","","","colette_crew_tex.sctx","colette_crew_tex.sctx","","","","","","","","","","","","NEVER",""
"ElectroSniperDefault","ElectroSniperDefault","","","","","","","","","","","","","","HealingStationSummer","","","","","","","true","","","","","","","","","","","belle_tex.sctx","belle_tex.sctx","","","","","","","","","","","","",""
"StickyBombDefault","StickyBombDefault","","","","","","","","","","","","","","","","","","","","","true","","","","","","","","","","","squeak_tex.sctx","squeak_tex.sctx","","","","","","","","","","","","",""
"BaseballVigilante","BaseballVigilante","","MAXFORCE","","","","","","","","","","","","","","","","","","2750","true","","79","69","","SUPER_RARE","TID_BIBILANTE_SKIN","TID_BIBILANTE_SKIN_SHOP","MODEL,TEXTURE,VFX","","","bibi_vigilante_tex.sctx","bibi_vigilante_tex.sctx","","","","","","","","","","","","AVAILABLE",""
"ArtilleryDudeSmuggler","ArtilleryDudeSmuggler","","RANKED","","","","","","","","","","","","ArtilleryDudeSmugglerTurret","ArtilleryDudeCoverDefault","","","","","5000","true","","149","","","EPIC","TID_SMUGGLER_PENNY_SKIN","TID_SMUGGLER_PENNY_SKIN_SHOP","MODEL,TEXTURE,VFX","","","penny_smuggler_tex.sctx","penny_smuggler_tex.sctx","","","","","","","","","","","","NEVER",""
"","","","VILLAINS","","","","","","","","","","","","","","","","","","","true","","","","","","","","","","","","","","","","","","","","","","","","",""
"ArtilleryDudeSmugglerTurret","ArtilleryTurretSmuggler","","","","","","","","","","","","","","","","","","","","","true","","","","","","","","","","","penny_smuggler_tex.sctx","penny_smuggler_tex.sctx","","","","","","","","","","","","",""
"TntDudePsg","TntDudePsg","","PSG","","","","","","","","","","","","","","","","","","5000","true","","149","129","","EPIC","TID_PSG_MIKE_SKIN","TID_PSG_MIKE_SKIN_SHOP","MODEL,TEXTURE,ANIM,VFX","","","dynamike_psg_tex.sctx","dynamike_psg_tex.sctx","","","","","","","","","","","","AVAILABLE",""
"RollerWhite","RollerWhite","","STUNTSHOW","","","","","","","","","","","","","","","","","","1000","true","","29","","","RARE","TID_SUPERSTAR_STU_SKIN","TID_SUPERSTAR_STU_SKIN_SHOP","TEXTURE","","","stu_white_tex.sctx","stu_white_tex.sctx","","","","","","","","","","","","NEVER",""
"CrossBomberDefault","CrossBomberDefault","","","","","","","","","","","","","","","","","","","","","true","","","","","","","","","","","grom_tex.sctx","grom_tex.sctx","","","","","","","","","","","","",""
"SpeedBoosterDefault","SpeedBoosterDefault","","","","","","","","","","","","","","","","","","","","","true","","","","","","","","","","","stu_tex.sctx","stu_tex.sctx","","","","","","","","","","","","",""
"FireDudeMasked","FireDudeMasked","","OUTLAWS","","","","","","","","","","","","","","","","","","5000","true","","149","129","","EPIC","TID_AMBER_DE_LA_VEGA_SKIN","TID_AMBER_DE_LA_VEGA_SKIN_SHOP","MODEL,TEXTURE,ANIM,VFX","","","amber_masked_tex.sctx","amber_masked_tex.sctx","","","","600","50","true","","","","","","AVAILABLE",""
"EnragerDuel","EnragerDuel","","OUTLAWS","","","","","","","","","","","","","","","","","","2750","true","","79","69","","SUPER_RARE","TID_QUICK_DRAW_EDGAR_SKIN","TID_QUICK_DRAW_EDGAR_SKIN_SHOP","MODEL,TEXTURE,ANIM,VFX","","","edgar_duelist_tex.sctx","edgar_duelist_tex.sctx","","","","","","","","","","","","AVAILABLE",""
"BlackHoleMisfortune","BlackHoleMisfortune","","OUTLAWS","","","","","","","","","","","","","","","","","","5000","true","","149","129","","EPIC","TID_MISFORTUNE_TARA_SKIN","TID_MISFORTUNE_TARA_SKIN_SHOP","MODEL,TEXTURE,ANIM,VFX","","","tara_misfortune_tex.sctx","tara_misfortune_tex.sctx","","","","","","","","","","","","AVAILABLE",""
"ArcadePiano","ArcadePiano","","RANKED","","","","","","","","","","","","DamageBoosterPiano","","","","","","5000","true","","149","129","","EPIC","TID_SALOON_8BIT_SKIN","TID_SALOON_8BIT_SKIN_SHOP","MODEL,TEXTURE,ANIM,VFX,SFX","","","8bit_piano_tex.sctx","8bit_piano_tex.sctx","","","","","","","","","","","","NEVER",""
"","","","OUTLAWS","","","","","","","","","","","","","","","","","","","true","","","","","","","","","","","","","","","","","","","","","","","","",""
"BeeSniperCat","BeeSniperCat","","GOLDENWEEK","","sc/emoji_1.sc","emoji_bea_gw","","","","","","","","","BeeSniperCatAddonBee","","","","","","2750","true","","79","69","","SUPER_RARE","TID_NEKO_BEA_SKIN","TID_NEKO_BEA_SKIN_SHOP","MODEL,TEXTURE,ANIM,VFX","","","bea_luckycat_tex.sctx","bea_luckycat_tex.sctx","","","","","","","","","","","","AVAILABLE",""
"BeeSniperCatGold","BeeSniperCatGold","","GOLDENWEEK","","sc/emoji_1.sc","emoji_bea_gold_gw","","","","","","","","","BeeSniperCatGoldAddonBee","","","","","","5000","true","","149","129","","EPIC","TID_GOLD_NEKO_BEA_SKIN","TID_GOLD_NEKO_BEA_SKIN_SHOP","MODEL,TEXTURE,ANIM,VFX","","","bea_goldcat_tex.sctx","bea_goldcat_tex.sctx","","","","","","","","","","","","AVAILABLE",""
"RuffsMarshall","RuffsMarshall","","OUTLAWS","","","","","","","","","","","","","","","","","","2750","true","","79","69","","SUPER_RARE","TID_MARSHAL_RUFFS_SKIN","TID_MARSHAL_RUFFS_SKIN_SHOP","MODEL,TEXTURE,VFX","","","ruffs_marshal_tex.sctx","ruffs_marshal_tex.sctx","","","","","","","","","","","","AVAILABLE",""
"SandstormLantern","SandstormLantern","","LANTERN","","","","","","","","","","","","","","","","","","5000","true","","149","129","","EPIC","TID_LANTERN_SANDY_SKIN","TID_LANTERN_SANDY_SKIN_SHOP","MODEL,TEXTURE,ANIM,VFX","","","sandy_lantern_tex.sctx","sandy_lantern_tex.sctx","","","","","","","","","","","","AVAILABLE",""
"RopeDudeDefault","RopeDudeDefault","","","","","","","","","","","","","","","","","","","","","true","","","","","","","","","","","buzz_tex.sctx","buzz_tex.sctx","","","","150","450","","","","","","","",""
"AssaultShotgunDefault","AssaultShotgunDefault","","","","","","","","","","","","","","","","","","","","","true","","","","","","","","","","","griff_tex.sctx","griff_tex.sctx","","","","","","","","","","","","",""
"BeeSniperArchvillain","BeeSniperArchvillain","","SC_MAKE","","","","","","","","","","","","BeeSniperArchvillainAddonBee","","","","","","2750","true","","79","69","","SUPER_RARE","TID_ARCHVILLAIN_BEA_SKIN","TID_ARCHVILLAIN_BEA_SKIN_SHOP","MODEL,TEXTURE,VFX","Mike BlueG","","bea_archvillain_tex.sctx","bea_archvillain_tex.sctx","","","","","","","","","","","","AVAILABLE",""
"","","","CARTOON","","","","","","","","","","","","","","","","","","","true","","","","","","","","","","","","","","","","","","","","","","","","",""
"BeeSniperArchvillainAddonBee","BeeSniperArchvillainAddonBee","","","","","","","","","","","","","","","","","","","","","true","","","","","","","","","","","bea_archvillain_tex.sctx","bea_archvillain_tex.sctx","","","","","","","","","","","","",""
"PowerLevelerDIY","PowerLevelerDIY","","TOYS","","","","","","","","","","","","","","","","","","2750","true","","79","69","","SUPER_RARE","TID_DYI_SURGE_SKIN","TID_DYI_SURGE_SKIN_SHOP","MODEL,TEXTURE,VFX","","","surge_diy_tex.sctx","surge_diy_tex.sctx","","","","","","","","","","","","AVAILABLE",""
"DamageBoosterPiano","DamageBoosterPiano","","","","","","","","","","","","","","","","","","","","","true","","","","","","","","","","","8bit_piano_tex.sctx","8bit_piano_tex.sctx","","","","","","","","","","","","",""
"ElectroSniperBoss","ElectroSniperBoss","","BRAWLPASS","","","","","3","3","","","","","","HealingStationSummer","","","","","","5000","true","","149","","","EPIC","TID_BELLE_GOLDHAND_SKIN","TID_BELLE_GOLDHAND_SKIN_SHOP","MODEL,TEXTURE,ANIM,VFX","","","belle_boss_tex.sctx","belle_boss_tex.sctx","","","","","","","","","","","","NEVER",""
"","","","OUTLAWS","","","","","","","","","","","","","","","","","","","true","","","","","","","","","","","","","","","","","","","","","","","","",""
"BeeSniperCatAddonBee","BeeSniperCatAddonBee","","","","","","","","","","","","","","","","","","","","","true","","","","","","","","","","","bea_luckycat_tex.sctx","bea_luckycat_tex.sctx","","","","","","","","","","","","",""
"BeeSniperCatGoldAddonBee","BeeSniperCatGoldAddonBee","","","","","","","","","","","","","","","","","","","","","true","","","","","","","","","","","bea_goldcat_tex.sctx","bea_goldcat_tex.sctx","","","","","","","","","","","","",""
"ShamanGold","ShamanGold","","GOLD","","","","","","","","","","","","ShamanBearGold","","","","","","","","","","","25000","COLLECTORS","TID_TRUE_GOLD_NITA_SKIN","TID_TRUE_GOLD_NITA_SKIN_SHOP","MODEL,TEXTURE","","gold_true_materials.glb","nita_gold_tex.sctx","nita_gold_tex.sctx","","","","","","true","","","","","","",""
"ShamanSilver","ShamanSilver","","SILVER","","","","","","","","","","","","ShamanBearSilver","","","","","","","","","","","10000","COLLECTORS","TID_TRUE_SILVER_NITA_SKIN","TID_TRUE_SILVER_NITA_SKIN_SHOP","MODEL,TEXTURE","","silver_true_materials.glb","nita_silver_tex.sctx","nita_silver_tex.sctx","","","","","","true","","","","","","",""
"ShamanBearGold","ShamanBearDefault","","","","","","","","","","","","","","","","","","","","","true","","","","","","","","","","gold_true_materials.glb","nita_bear_gold_tex.sctx","nita_bear_gold_tex.sctx","","","","","","","","","","","","",""
"ShamanBearSilver","ShamanBearDefault","","","","","","","","","","","","","","","","","","","","","true","","","","","","","","","","silver_true_materials.glb","nita_bear_silver_tex.sctx","nita_bear_silver_tex.sctx","","","","","","","","","","","","",""
"CactusGold","CactusGold","","GOLD","","","","","","","","","","","","","","","","","","","","","","","25000","","TID_TRUE_GOLD_SPIKE","TID_TRUE_GOLD_SPIKE_SHOP","MODEL,TEXTURE","","gold_true_materials.glb","spike_gold_tex.sctx","spike_gold_tex.sctx","","","","","","true","","","","","","",""
"CactusSilver","CactusSilver","","SILVER","","","","","","","","","","","","","","","","","","","","","","","10000","","TID_TRUE_SILVER_SPIKE","TID_TRUE_SILVER_SPIKE_SHOP","MODEL,TEXTURE","","silver_true_materials.glb","spike_silver_tex.sctx","spike_silver_tex.sctx","","","","","","true","","","","","","",""
"GunslingerBadass","GunslingerBadass","","BRAWLPASS","","","","","3","3","","","","","","","","","","","","2750","true","","79","","","SUPER_RARE","TID_GUNSLINGER_COLT_SKIN","TID_GUNSLINGER_COLT_SKIN_SHOP","MODEL,TEXTURE","","","colt_badass_tex.sctx","colt_badass_tex.sctx","","","","","","","","","","","","NEVER",""
"","","","OUTLAWS","","","","","","","","","","","","","","","","","","","true","","","","","","","","","","","","","","","","","","","","","","","","",""
"HookDudeGold","HookDudeGold","","GOLD","","","","","","","","","","","","","","","","","","","","","","","25000","","TID_TRUE_GOLD_GENE","TID_TRUE_GOLD_GENE_SHOP","MODEL,TEXTURE","","gold_true_materials.glb","gene_gold_tex.sctx","gene_gold_tex.sctx","","","","","","true","","","","","","",""
"HookDudeSilver","HookDudeSilver","","SILVER","","","","","","","","","","","","","","","","","","","","","","","10000","","TID_TRUE_SILVER_GENE","TID_TRUE_SILVER_GENE_SHOP","MODEL,TEXTURE","","silver_true_materials.glb","gene_silver_tex.sctx","gene_silver_tex.sctx","","","","","","true","","","","","","",""
"IceDudeBurger","IceDudeBurger","","MEAL","","","","","","","","","","","","","","","","","","2750","true","","79","69","","SUPER_RARE","TID_BURGER_LOU_SKIN","TID_BURGER_LOU_SKIN_SHOP","MODEL,TEXTURE,VFX","","","lou_burger_tex.sctx","lou_burger_tex.sctx","","","","","","","","","","","","AVAILABLE",""
"DrillerJetski","DrillerJetski","","RANKED","","","","","","","","","","","","","","","","","","5000","true","","149","","","EPIC","TID_JETSKI_JACKY_SKIN","TID_JETSKI_JACKY_SKIN_SHOP","MODEL,TEXTURE,ANIM,VFX,SFX","","","","","","","","","","","","","","","","NEVER",""
"","","","SUMMER","","","","","","","","","","","","","","","","","","","true","","","","","","","","","","","","","","","","","","","","","","","","",""
"WhirlwindSurfer","WhirlwindSurfer","","BRAWLPASS","","","","","3","3","","","","","","","","","","","","5000","true","","149","","","EPIC","TID_SURFER_CARL_SKIN","TID_SURFER_CARL_SKIN_SHOP","MODEL,TEXTURE,ANIM,VFX","","","carl_surfer_tex.sctx","carl_surfer_tex.sctx","","","","","200","","","","","","","NEVER",""
"","","","SUMMER","","","","","","","","","","","","","","","","","","","true","","","","","","","","","","","","","","","","","","","","","","","","",""
"RosaCoco","RosaCoco","","SUMMER","","","","","","","","","","","","","","","","","","5000","true","","149","129","","EPIC","TID_COCO_ROSA_SKIN","TID_COCO_ROSA_SKIN_SHOP","MODEL,TEXTURE,ANIM,VFX","","","","","","","","","","","","","","","","AVAILABLE",""
"SpeedyHermes","SpeedyHermes","","OLYMPUS","","sc/emoji_1.sc","emoji_max_olympus","","","","","","","","","","","","","","","2750","true","","79","69","","SUPER_RARE","TID_HERMES_MAX_SKIN","TID_HERMES_MAX_SKIN_SHOP","MODEL,TEXTURE,VFX","","","","","","","","","-100","","","","","","","AVAILABLE",""
"UndertakerBeach","UndertakerBeach","","SUMMER","","","","","","","","","","","","","","","","","","2750","true","","79","69","","SUPER_RARE","TID_BEACHTIME_MORTIS_SKIN","TID_BEACHTIME_MORTIS_SKIN_SHOP","MODEL,TEXTURE","","","","","","","","","","","","","","","","AVAILABLE",""
"NinjaDino","NinjaDino","","SUMMER","","","","","","","","","","","","","","","","","","2750","true","","79","69","","SUPER_RARE","TID_DINO_LEON_SKIN","TID_DINO_LEON_SKIN_SHOP","MODEL,TEXTURE,ANIM,VFX","","","leon_dino_tex.sctx","leon_dino_tex.sctx","","","","","","","","","","","","AVAILABLE",""
"UseMe1","BallDefault","","","","","","","","","","","","","","","","","","","","","true","","","","","","","","","","","","","","","","","","","","","","","","",""
"TntDudeFlamengo","TntDudeFlamengo","","LAML","","sc/ui.sc","icon_laml_flamengo","4","4","4","true","","","","","","","","","","","1000","true","","29","","","RARE","TID_FLAMENGO_MIKE_SKIN","TID_FLAMENGO_MIKE_SKIN_SHOP","MODEL,TEXTURE,ANIM,VFX","","","dynamike_footbrawl_flamengo_tex.sctx","dynamike_footbrawl_flamengo_tex.sctx","","","","","","","","","","","","NEVER",""
"TntDudeLduQuito","TntDudeLduQuito","","LAML","","sc/ui.sc","icon_laml_quito","4","4","4","true","","","","","","","","","","","1000","true","","29","","","RARE","TID_LDU_QUITO_MIKE_SKIN","TID_LDU_QUITO_MIKE_SKIN_SHOP","MODEL,TEXTURE,ANIM,VFX","","","dynamike_footbrawl_quito_tex.sctx","dynamike_footbrawl_quito_tex.sctx","","","","","","","","","","","","NEVER",""
"TntDudeChivas","TntDudeChivas","","LAML","","sc/ui.sc","icon_laml_chivas","4","4","4","true","","","","","","","","","","","1000","true","","29","","","RARE","TID_CHIVAS_MIKE_SKIN","TID_CHIVAS_MIKE_SKIN_SHOP","MODEL,TEXTURE,ANIM,VFX","","","dynamike_footbrawl_chivas_tex.sctx","dynamike_footbrawl_chivas_tex.sctx","","","","","","","","","","","","NEVER",""
"LuchadorUniversitario","LuchadorUniversitario","","LAML","","sc/ui.sc","icon_laml_universitario","5","4","4","true","","","","","","","","","","","1000","true","","29","","","RARE","TID_UNIVERSITARIO_PRIMO_SKIN","TID_UNIVERSITARIO_PRIMO_SKIN_SHOP","MODEL,TEXTURE","","","primo_footbrawl_peru_tex.sctx","primo_footbrawl_peru_tex.sctx","","","","","","","","","","","","NEVER",""
"LuchadorClubNacional","LuchadorClubNacional","","LAML","","sc/ui.sc","icon_laml_clubnacional","5","4","4","true","","","","","","","","","","","1000","true","","29","","","RARE","TID_NACIONAL_PRIMO_SKIN","TID_NACIONAL_PRIMO_SKIN_SHOP","MODEL,TEXTURE","","","primo_footbrawl_uruguay_tex.sctx","primo_footbrawl_uruguay_tex.sctx","","","","","","","","","","","","NEVER",""
"LuchadorCorinthians","LuchadorCorinthians","","LAML","","sc/ui.sc","icon_laml_corinthians","5","4","4","true","","","","","","","","","","","1000","true","","29","","","RARE","TID_CORINTHIANS_PRIMO_SKIN","TID_CORINTHIANS_PRIMO_SKIN_SHOP","MODEL,TEXTURE","","","primo_footbrawl_brazil_tex.sctx","primo_footbrawl_brazil_tex.sctx","","","","","","","","","","","","NEVER",""
"ShotgunGirlBocaJuniors","ShotgunGirlBocaJuniors","","LAML","","sc/ui.sc","icon_laml_bocajuniors","6","4","4","true","","","","","","","","","","","1000","true","","29","","","RARE","TID_BOCA_SHELLY_SKIN","TID_BOCA_SHELLY_SKIN_SHOP","MODEL,TEXTURE","","","shelly_footbrawl_argentina_tex.sctx","shelly_footbrawl_argentina_tex.sctx","","","","","","","","","","","","NEVER",""
"ShotgunGirlAmerica","ShotgunGirlAmerica","","LAML","","sc/ui.sc","icon_laml_america","6","4","4","true","","","","","","","","","","","1000","true","","29","","","RARE","TID_AMERICA_SHELLY_SKIN","TID_AMERICA_SHELLY_SKIN_SHOP","MODEL,TEXTURE","","","shelly_footbrawl_colombia_tex.sctx","shelly_footbrawl_colombia_tex.sctx","","","","","","","","","","","","NEVER",""
"ShotgunGirlUDeChile","ShotgunGirlUDeChile","","LAML","","sc/ui.sc","icon_laml_udechile","6","4","4","true","","","","","","","","","","","1000","true","","29","","","RARE","TID_UDC_SHELLY_SKIN","TID_UDC_SHELLY_SKIN_SHOP","MODEL,TEXTURE","","","shelly_footbrawl_chile_tex.sctx","shelly_footbrawl_chile_tex.sctx","","","","","","","","","","","","NEVER",""
"GunSlingerRiverPlate","GunSlingerRiverPlate","","LAML","","sc/ui.sc","icon_laml_riverplate","7","4","4","true","","","","","","","","","","","1000","true","","29","","","RARE","TID_RIVER_PLATE_COLT_SKIN","TID_RIVER_PLATE_COLT_SKIN_SHOP","MODEL,TEXTURE","","","colt_footbrawl_buenosaires_redux_tex.sctx","colt_footbrawl_buenosaires_redux_tex.sctx","","","","","","","","","","","","NEVER",""
"GunSlingerCerroPorteno","GunSlingerCerroPorteno","","LAML","","sc/ui.sc","icon_laml_cerroport","7","4","4","true","","","","","","","","","","","1000","true","","29","","","RARE","TID_CERRO_PORTENO_COLT_SKIN","TID_CERRO_PORTENO_COLT_SKIN_SHOP","MODEL,TEXTURE","","","colt_footbrawl_paraguay_tex.sctx","colt_footbrawl_paraguay_tex.sctx","","","","","","","","","","","","NEVER",""
"GunSlingerAtlNacional","GunSlingerAtlNacional","","LAML","","sc/ui.sc","icon_laml_atlnacional","7","4","4","true","","","","","","","","","","","1000","true","","29","","","RARE","TID_ATL_NACIONAL_COLT_SKIN","TID_ATL_NACIONAL_COLT_SKIN_SHOP","MODEL,TEXTURE","","","colt_footbrawl_medellin_tex.sctx","colt_footbrawl_medellin_tex.sctx","","","","","","","","","","","","NEVER",""
"GunslingerClubAmerica","GunslingerClubAmerica","","LAML","","sc/ui.sc","icon_laml_clubamerica","7","4","4","true","","","","","","","","","","","1000","true","","29","","","RARE","TID_CLUB_AMERICA_COLT_SKIN","TID_CLUB_AMERICA_COLT_SKIN_SHOP","MODEL,TEXTURE","","","colt_footbrawl_america_tex.sctx","colt_footbrawl_america_tex.sctx","","","","","","","","","","","","NEVER",""
"HealstationGold","HealstationDefault","","","","","","","","","","","","","","","","","","","","","true","","","","","","","","","","gold_true_materials.glb","pam_gun_gold_tex.sctx","pam_gun_gold_tex.sctx","","","","","","","","","","","","",""
"HealstationSilver","HealstationDefault","","","","","","","","","","","","","","","","","","","","","true","","","","","","","","","","silver_true_materials.glb","pam_gun_silver_tex.sctx","pam_gun_silver_tex.sctx","","","","","","","","","","","","",""
"UseMe4","BallDefault","","","","","","","","","","","","","","","","","","","","","true","","","","","","","","","","","","","","","","","","","","","","","","",""
"GunslingerTrueGold","GunslingerTrueGold","","GOLD","","","","","","","","","","","","","","","","","","","","","","","25000","COLLECTORS","TID_TRUE_GOLD_COLT_SKIN","TID_TRUE_GOLD_COLT_SKIN_SHOP","MODEL,TEXTURE","","gold_true_materials.glb","colt_gold_tex.sctx","colt_gold_tex.sctx","","","","","","true","","","","","","",""
"GunslingerTrueSilver","GunslingerTrueSilver","","SILVER","","","","","","","","","","","","","","","","","","","","","","","10000","COLLECTORS","TID_TRUE_SILVER_COLT_SKIN","TID_TRUE_SILVER_COLT_SKIN_SHOP","MODEL,TEXTURE","","silver_true_materials.glb","colt_silver_tex.sctx","colt_silver_tex.sctx","","","","","","true","","","","","","",""
"SpawnerDudeTrueGold","SpawnerDudeTrueGold","","GOLD","","","","","","","","","","","","SpawnerDudeTurretTrueGold","SpawnerPetTrueGold","","","","","","","","","","25000","COLLECTORS","TID_TRUE_GOLD_MRP_SKIN","TID_TRUE_GOLD_MRP_SKIN_SHOP","MODEL,TEXTURE","","gold_true_materials.glb","mrp_gold_tex.sctx","mrp_gold_tex.sctx","","","","","","true","","","","","","",""
"SpawnerDudeTrueSilver","SpawnerDudeTrueSilver","","SILVER","","","","","","","","","","","","SpawnerDudeTurretTrueSilver","SpawnerPetTrueSilver","","","","","","","","","","10000","COLLECTORS","TID_TRUE_SILVER_MRP_SKIN","TID_TRUE_SILVER_MRP_SKIN_SHOP","MODEL,TEXTURE","","silver_true_materials.glb","mrp_silver_tex.sctx","mrp_silver_tex.sctx","","","","","","true","","","","","","",""
"SpawnerPetTrueGold","SpawnerPetTrueGold","","","","","","","","","","","","","","","","","","","","","true","","","","","","","","","","gold_true_materials.glb","mrp_spawner_gold_tex.sctx","mrp_spawner_gold_tex.sctx","","","","","","","","","","","","",""
"SpawnerDudeTurretTrueGold","SpawnerDudeTurretTrueGold","","","","","","","","","","","","","","","","","","","","","true","","","","","","","","","","gold_true_materials.glb","mrp_spawner_gold_tex.sctx","mrp_spawner_gold_tex.sctx","","","","","","","","","","","","",""
"SpawnerPetTrueSilver","SpawnerPetTrueSilver","","","","","","","","","","","","","","","","","","","","","true","","","","","","","","","","silver_true_materials.glb","mrp_spawner_silver_tex.sctx","mrp_spawner_silver_tex.sctx","","","","","","","","","","","","",""
"SpawnerDudeTurretTrueSilver","SpawnerDudeTurretTrueSilver","","","","","","","","","","","","","","","","","","","","","true","","","","","","","","","","silver_true_materials.glb","mrp_spawner_silver_tex.sctx","mrp_spawner_silver_tex.sctx","","","","","","","","","","","","",""
"Trophy","Trophy","","","","","","","","","","","","","","","","","","","","","true","","","","","","","","","","","","","","","","","","","","","","","","",""
"TrophyBlueRed","TrophyBlueRed","","","","","","","","","","","","","","","","","","","","","true","","","","","","","","","","","item_trophy_red.sctx","item_trophy_red.sctx","","","","","","","","","","","","",""
"Volleyball","Volleyball","","","","","","","","","","","","","","","","","","","","","true","","","","","","","","","","","","","","","","","","","","","","","","",""
"Basketball","Basketball","","","","","","","","","","","","","","","","","","","","","true","","","","","","","","","","","","","","","","","","","","","","","","",""
"DeadMariachiPunk","DeadMariachiPunk","","PUNK","","","","","","","","","","","","","","","","","","5000","true","","149","129","","EPIC","TID_PUNK_POCO_SKIN","TID_PUNK_POCO_SKIN_SHOP","MODEL,TEXTURE,ANIM,VFX,SFX","","","","","","","","","300","","","","","","","AVAILABLE",""
"RopeDudePunk","RopeDudePunk","","BRAWLPASS","","","","","3","3","","","","","","","","","","","","5000","true","","149","","","EPIC","TID_PUNK_BUZZ_SKIN","TID_PUNK_BUZZ_SKIN_SHOP","MODEL,TEXTURE,ANIM,VFX,SFX","","","buzz_punk_tex.sctx","buzz_punk_tex.sctx","","","","100","250","","","","","","","NEVER",""
"","","","PUNK","","","","","","","","","","","","","","","","","","","true","","","","","","","","","","","","","","","","","","","","","","","","",""
"BaseballWarrior","BaseballWarrior","","PUNK","","","","","","","","","","","","","","","","","","2750","true","","79","69","","SUPER_RARE","TID_PUNK_BIBI_SKIN","TID_PUNK_BIBI_SKIN_SHOP","MODEL,TEXTURE","","","bibi_warrior_tex.sctx","bibi_warrior_tex.sctx","","","","","","","","","","","","AVAILABLE",""
"RollerPunk","RollerPunk","","PUNK","","","","","","","","","","","","","","","","","","2750","true","","79","69","","SUPER_RARE","TID_PUNK_STU_SKIN","TID_PUNK_STU_SKIN_SHOP","MODEL,TEXTURE","","","stu_punk_tex.sctx","stu_punk_tex.sctx","","","","","","","","","","","","AVAILABLE",""
"ShamanSummer","ShamanSummer","","SC_MAKE","","","","","","","","","","","","ShamanBearSummer","","","","","","2750","true","","79","69","","SUPER_RARE","TID_WHALEWATCH_NITA_SKIN","TID_WHALEWATCH_NITA_SKIN_SHOP","MODEL,TEXTURE,ANIM,VFX,SFX","Beats, Francy, Inkastle and Fontys","","","","","","","","","","","","","","","AVAILABLE",""
"","","","SUMMER","","","","","","","","","","","","","","","","","","","true","","","","","","","","","","","","","","","","","","","","","","","","",""
"ShamanBearSummer","ShamanBearSummer","","","","","","","","","","","","","","","","","","","","","true","","","","","","","","","","","nita_bear_make_tex.sctx","nita_bear_make_tex.sctx","","","","","","","","","","","","",""
"CactusCoverDefault","CactusCoverDefault","","","","","","","","","","","","","","","","","","","","","true","","","","","","","","","","","spike_cactus_gadget_tex.sctx","spike_cactus_gadget_tex.sctx","","","","","","","","","","","","",""
"NinjaInvisibleAreaDefault","NinjaInvisibleAreaDefault","","","","","","","","","","","","","","","","","","","","","true","","","","","","","","","","","leon_lollipop_gadget_tex.sctx","leon_lollipop_gadget_tex.sctx","","","","","","","","","","","","",""
"BarrelBotMegabox","BarrelBotMegabox","","C1A","","","","","4","4","","","","","","","","","","","","5000","true","","149","","","EPIC","TID_MB_DARRYL_SKIN","TID_MB_DARRYL_SKIN_SHOP","MODEL,TEXTURE,ANIM,VFX","","","darryl_megabox_tex.sctx","darryl_megabox_tex.sctx","","","","","","","","","","","","NEVER",""
"StuDrums","StuDrumsDefault","","","","","","","","","","","","","","","","","","","","","true","","","","","","","","","","","","","","","","","","","","","","","","",""
"KnightDefault","KnightDefault","","","","","","","","","","","","","","KnightPetDefault","","","","","","","true","","","","","","","","","","","ash_tex.sctx","ash_tex.sctx","","","","","","","","","","","","",""
"LuchadorDragon","LuchadorDragon","","ONCEUPON","","","","10","","","","","","","","","","","","","","5000","true","","149","129","","EPIC","TID_EL_DRAGON_VERDE_SKIN","TID_EL_DRAGON_VERDE_SKIN_SHOP","MODEL,TEXTURE,ANIM,VFX","","","","","","","","","","","","","","","","AVAILABLE",""
"MinigunDudeQueen","MinigunDudeQueen","","ONCEUPON","","","","","","","","","","","","HealingstationQueen","","","","","","","true","true","299","269","","LEGENDARY","TID_EVIL_QUEEN_PAM_SKIN","TID_EVIL_QUEEN_PAM_SKIN_SHOP","MODEL,TEXTURE,ANIM,VFX,VOICE","","","","","","","","","","","","","","","","AVAILABLE",""
"HealingstationQueen","HealingstationQueen","","","","","","","","","","","","","","","","","","","","","true","","","","","","","","","","","pam_queen_gun_tex.sctx","pam_queen_gun_tex.sctx","","","","","","","","","","","","",""
"BarkeepUnicorn","BarkeepUnicorn","","FANTASY","","","","","","","","","","","","","","","","","","2750","true","","79","69","","SUPER_RARE","TID_UNICORN_KNIGHT_BARLEY_SKIN","TID_UNICORN_KNIGHT_BARLEY_SKIN_SHOP","MODEL,TEXTURE,ANIM,VFX","","","barley_unicornknight_redux_tex.sctx","barley_unicornknight_redux_tex.sctx","","","","","","","","","","","","AVAILABLE",""
"SnakeOilWizard","SnakeOilWizard","","RANKED","","","","","","","","","","","","","","","","","","5000","true","","149","","","EPIC","TID_WIZARD_BYRON_SKIN","TID_WIZARD_BYRON_SKIN_SHOP","MODEL,TEXTURE,ANIM,VFX","","","byron_wizard_tex.sctx","byron_wizard_tex.sctx","","","","","","","","","","","","NEVER",""
"","","","ONCEUPON","","","","","","","","","","","","","","","","","","","true","","","","","","","","","","","","","","","","","","","","","","","","",""
"ShotgunGirlPrincess","ShotgunGirlPrincess","","BRAWLPASS","","","","","3","3","","","","","","","","","","","","2750","true","","79","","","SUPER_RARE","TID_PRINCESS_SHELLY_SKIN","TID_PRINCESS_SHELLY_SKIN_SHOP","MODEL,TEXTURE,ANIM,VFX","","","shelly_princess_redux_tex.sctx","shelly_princess_redux_tex.sctx","","","","400","","","","","","","","NEVER",""
"","","","ONCEUPON","","","","","","","","","","","","","","","","","","","true","","","","","","","","","","","","","","","","","","","","","","","","",""
"LuchadorDragonChroma","LuchadorDragonChroma","","ONCEUPON","","","","10","","","","","","","","","","","","","","5000","true","","149","129","","EPIC","TID_EL_DRAGON_ROSADO_SKIN","TID_EL_DRAGON_ROSADO_SKIN_SHOP","MODEL,TEXTURE,ANIM,VFX","","","primo_dragon_chroma_01_tex.sctx","primo_dragon_chroma_01_tex.sctx","","","","","","","","","","","","AVAILABLE",""
"MechaDudeDefault","MechaDudeDefault","","","","","","","","","","","","","","MechaDudeBigDefault","MechaDudeReloadTowerDefault","","","","","","true","","","","","","","","","","","meg_tex.sctx","meg_tex.sctx","","","","","","","","","","","","",""
"MechaDudeBigDefault","MechaDudeBigDefault","","","","","","","","","","","","","","","","","","","","","true","","","","","","","","","","","meg_mecha_tex.sctx","meg_mecha_tex.sctx","","","","","","","","","","","","",""
"BowDudeGold","BowDudeGold","","GOLD","","","","","","","","","","","","BowDudeTotemDefault","","","","","","","","","","","25000","COLLECTORS","TID_TRUE_GOLD_BO_SKIN","TID_TRUE_GOLD_BO_SKIN_SHOP","MODEL,TEXTURE","","gold_true_materials.glb","bo_gold_tex.sctx","bo_gold_tex.sctx","","","","","","true","","","","","","",""
"BowDudeSilver","BowDudeSilver","","SILVER","","","","","","","","","","","","BowDudeTotemDefault","","","","","","","","","","","10000","COLLECTORS","TID_TRUE_SILVER_BO_SKIN","TID_TRUE_SILVER_BO_SKIN_SHOP","MODEL,TEXTURE","","silver_true_materials.glb","bo_siler_tex.sctx","bo_siler_tex.sctx","","","","","","true","","","","","","",""
"BeeSniperGold","BeeSniperGold","","GOLD","","","","","","","","","","","","BeeSniperGoldAddonBee","","","","","","","","","","","25000","COLLECTORS","TID_TRUE_GOLD_BEA_SKIN","TID_TRUE_GOLD_BEA_SKIN_SHOP","MODEL,TEXTURE","","gold_true_materials.glb","bea_gold_tex.sctx","bea_gold_tex.sctx","","","","","","true","","","","","","",""
"BeeSniperSilver","BeeSniperSilver","","SILVER","","","","","","","","","","","","BeeSniperSilverAddonBee","","","","","","","","","","","10000","COLLECTORS","TID_TRUE_SILVER_BEA_SKIN","TID_TRUE_SILVER_BEA_SKIN_SHOP","MODEL,TEXTURE","","silver_true_materials.glb","bea_silver_tex.sctx","bea_silver_tex.sctx","","","","","","true","","","","","","",""
"BlowerSilver","BlowerSilver","","SILVER","","","","","","","","","","","","","","","","","","","","","","","10000","COLLECTORS","TID_TRUE_SILVER_GALE_SKIN","TID_TRUE_SILVER_GALE_SKIN_SHOP","MODEL,TEXTURE","","silver_true_materials.glb","gale_silver_tex.sctx","gale_silver_tex.sctx","","","","","","true","","","","","","",""
"BlowerGold","BlowerGold","","GOLD","","","","","","","","","","","","","","","","","","","","","","","25000","COLLECTORS","TID_TRUE_GOLD_GALE_SKIN","TID_TRUE_GOLD_GALE_SKIN_SHOP","MODEL,TEXTURE","","gold_true_materials.glb","gale_gold_tex.sctx","gale_gold_tex.sctx","","","","","","true","","","","","","",""
"ControllerGold","ControllerGold","","GOLD","","","","","","","","","","","","ControllerGoldAddon","","","","","","","","","","","25000","COLLECTORS","TID_TRUE_GOLD_NANI_SKIN","TID_TRUE_GOLD_NANI_SKIN_SHOP","MODEL,TEXTURE","","gold_true_materials.glb","nani_gold_tex.sctx","nani_gold_tex.sctx","","","","","","true","","","","","","",""
"ControllerSilver","ControllerSilver","","SILVER","","","","","","","","","","","","ControllerSilverAddon","","","","","","","","","","","10000","COLLECTORS","TID_TRUE_SILVER_NANI_SKIN","TID_TRUE_SILVER_NANI_SKIN_SHOP","MODEL,TEXTURE","","silver_true_materials.glb","nani_silver_tex.sctx","nani_silver_tex.sctx","","","","","","true","","","","","","",""
"SandstormGold","SandstormGold","","GOLD","","","","","","","","","","","","","","","","","","","","","","","25000","COLLECTORS","TID_TRUE_GOLD_SANDY_SKIN","TID_TRUE_GOLD_SANDY_SKIN_SHOP","MODEL,TEXTURE","","gold_true_materials.glb","sandy_gold_tex.sctx","sandy_gold_tex.sctx","","","","","","true","","","","","","",""
"SandstormSilver","SandstormSilver","","SILVER","","","","","","","","","","","","","","","","","","","","","","","10000","COLLECTORS","TID_TRUE_SILVER_SANDY_SKIN","TID_TRUE_SILVER_SANDY_SKIN_SHOP","MODEL,TEXTURE","","silver_true_materials.glb","sandy_silver_tex.sctx","sandy_silver_tex.sctx","","","","","","true","","","","","","",""
"BeeSniperGoldAddonBee","BeeSniperGoldAddonBee","","","","","","","","","","","","","","","","","","","","","true","","","","","","","","","","gold_true_materials.glb","bea_gold_tex.sctx","bea_gold_tex.sctx","","","","","","","","","","","","",""
"BeeSniperSilverAddonBee","BeeSniperSilverAddonBee","","","","","","","","","","","","","","","","","","","","","true","","","","","","","","","","silver_true_materials.glb","bea_silver_tex.sctx","bea_silver_tex.sctx","","","","","","","","","","","","",""
"ControllerGoldAddon","ControllerGoldAddon","","","","","","","","","","","","","","","","","","","","","true","","","","","","","","","","gold_true_materials.glb","nani_gold_tex.sctx","nani_gold_tex.sctx","","","","","","","","","","","","",""
"ControllerSilverAddon","ControllerSilverAddon","","","","","","","","","","","","","","","","","","","","","true","","","","","","","","","","silver_true_materials.glb","nani_silver_tex.sctx","nani_silver_tex.sctx","","","","","","","","","","","","",""
"GunslingerHeist","GunslingerHeist","","CITY","","","","","","","","","","","","","","","","","","2750","true","","79","69","","SUPER_RARE","TID_HANDSOME_COLT_SKIN","TID_HANDSOME_COLT_SKIN_SHOP","MODEL,TEXTURE,ANIM","","","colt_handsome_redux_tex.sctx","colt_handsome_redux_tex.sctx","","","","","","","","","","","","AVAILABLE",""
"UseMe5","BallDefault","","","","","","","","","","","","","","","","","","","","","true","","","","","","","","","","","","","","","","","","","","","","","","",""
"WallyPrince","WallyPrince","","ONCEUPON","","","","11","","","","","","","","","","","","","","2750","true","","79","69","","SUPER_RARE","TID_EMERALD_PRINCE_SPROUT_SKIN","TID_EMERALD_PRINCE_SPROUT_SKIN_SHOP","MODEL,TEXTURE,VFX","","","sprout_prince_tex.sctx","sprout_prince_tex.sctx","","","","","","","","","","","","AVAILABLE",""
"StickyBombVeteran","StickyBombVeteran","","MAXFORCE","","","","","","","","","","","","","","","","","","2750","true","","79","69","","SUPER_RARE","TID_VETERAN_SQUEAK_SKIN","TID_VETERAN_SQUEAK_SKIN_SHOP","MODEL,TEXTURE,ANIM,VFX","","","squeak_veteran_tex.sctx","squeak_veteran_tex.sctx","","","","","","","","","","","","AVAILABLE",""
"KnightNinja","KnightNinja","","BRAWLPASS","","","","","3","3","","","","","","KnightPetNinja","","","","","","5000","true","","149","","","EPIC","TID_NINJA_ASH_SKIN","TID_NINJA_ASH_SKIN_SHOP","MODEL,TEXTURE,ANIM,VFX","","","ash_ninja_tex.sctx","ash_ninja_tex.sctx","","","","","","","","","","","","NEVER",""
"","","","MASKS","","","","","","","","","","","","","","","","","","","true","","","","","","","","","","","","","","","","","","","","","","","","",""
"SniperMoon","SniperMoon","","LUNAREVENT","","","","","","","","","","","","","","","","","","5000","true","","149","129","","EPIC","TID_LUNAR_PIPER_SKIN","TID_LUNAR_PIPER_SKIN_SHOP","MODEL,TEXTURE,ANIM,VFX","","","piper_lunar_tex.sctx","piper_lunar_tex.sctx","","","","","","","","","","","","AVAILABLE",""
"WallyPrinceChroma","WallyPrinceChroma","","ONCEUPON","","","","11","","","","","","","","","","","","","","2750","true","","79","69","","SUPER_RARE","TID_RUBY_PRINCE_SPROUT_SKIN","TID_RUBY_PRINCE_SPROUT_SKIN_SHOP","MODEL,TEXTURE,VFX","","","sprout_prince_chroma_01_tex.sctx","sprout_prince_chroma_01_tex.sctx","","","","","","","","","","","","AVAILABLE",""
"KnightPetDefault","KnightPetDefault","","","","","","","","","","","","","","","","","","","","","true","","","","","","","","","","","","","","","","","","","","","","","","",""
"KnightPetNinja","KnightPetNinja","","","","","","","","","","","","","","","","","","","","","true","","","","","","","","","","","","","","","","","","","","","","","","",""
"RopeDudeDirector","RopeDudeDirector","","RANKED","","","","","","","","","","","","","","","","","","5000","true","","149","","","EPIC","TID_DIRECTOR_BUZZ_SKIN","TID_DIRECTOR_BUZZ_SKIN_SHOP","MODEL,TEXTURE,ANIM,VFX","","","buzz_director_tex.sctx","buzz_director_tex.sctx","","","","","200","","","","","","","NEVER",""
"","","","BRAWLYWOOD","","","","","","","","","","","","","","","","","","","true","","","","","","","","","","","","","","","","","","","","","","","","",""
"BlowerBusters","BlowerBusters","","BRAWLYWOOD","","","","","","","","","","","","","","","","","","5000","true","","149","129","","EPIC","TID_SQUEAKBUSTER_GALE_SKIN","TID_SQUEAKBUSTER_GALE_SKIN_SHOP","MODEL,TEXTURE,ANIM,VFX","","","","","","","","","","","","","","","","AVAILABLE",""
"HookDudeSwamp","HookDudeSwamp","","BRAWLOWEEN","","sc/emoji_1.sc","emoji_gene_brawloween","","3","3","","","","","","","","","","","","2750","true","","79","","","SUPER_RARE","TID_SWAMP_GENE_SKIN","TID_SWAMP_GENE_SKIN_SHOP","MODEL,TEXTURE,ANIM,VFX","","","gene_swamp_tex.sctx","gene_swamp_tex.sctx","","","","","150","","","","","","","NEVER",""
"CrowSuper","CrowSuper","","BRAWLYWOOD","","","","","","","","","","","","","","","","","","2750","true","","79","69","","SUPER_RARE","TID_CAPTAIN_CROW_SKIN","TID_CAPTAIN_CROW_SKIN_SHOP","MODEL,TEXTURE,ANIM,VFX","","","crow_superhero_tex.sctx","crow_superhero_tex.sctx","","","","500","600","","","","","","","AVAILABLE",""
"PercenterGladiator","PercenterGladiator","","SC_MAKE","","","","","","","","","","","","MechanicTurretTanuki","","","","","","5000","true","","149","129","","EPIC","TID_GLADIATOR_COLETTE_SKIN","TID_GLADIATOR_COLETTE_SKIN_SHOP","MODEL,TEXTURE,ANIM,VFX","Francy and Beats","","colette_gladiator_tex.sctx","colette_gladiator_tex.sctx","","","","","","","","","","","","AVAILABLE",""
"","","","OLYMPUS","","","","","","","","","","","","","","","","","","","true","","","","","","","","","","","","","","","","","","","","","","","","",""
"StickyBombPotato","StickyBombPotato","","TOYS","","","","","","","","","","","","","","","","","","2750","true","","79","","","SUPER_RARE","TID_POTATO_SQUEAK_SKIN","TID_POTATO_SQUEAK_SKIN_SHOP","MODEL,TEXTURE,ANIM,VFX","","","squeak_potato_tex.sctx","squeak_potato_tex.sctx","","","","","","","","","","","","AVAILABLE",""
"BullDudeTerminator","BullDudeTerminator","","BRAWLPASS","","","","","3","3","","","","","","","","","","","","2750","true","","79","","","SUPER_RARE","TID_B800_BULL_SKIN","TID_B800_BULL_SKIN_SHOP","MODEL,TEXTURE,ANIM,VFX","","","bull_terminator_redux_tex.sctx","bull_terminator_redux_tex.sctx","","","","400","-350","","","","","","","NEVER",""
"","","","BRAWLYWOOD","","","","","","","","","","","","","","","","","","","true","","","","","","","","","","","","","","","","","","","","","","","","",""
"MechanicThief","MechanicThief","","WF_2021","","","","","3","3","","","","","","MechanicTurretThief","","","","","","","true","","149","","","EPIC","TID_CAT_BURGLAR_JESSIE_SKIN","TID_CAT_BURGLAR_JESSIE_SKIN_SHOP","MODEL,TEXTURE,ANIM,VFX","","","","","","","","-200","","","","","","","","NEVER",""
"MechanicTurretThief","MechanicTurretThief","","","","","","","","","","","","","","","","","","","","","true","","","","","","","","","","","jessie_thief_turret_tex.sctx","jessie_thief_turret_tex.sctx","","","","","","","","","","","","",""
"TrickshotDudeChicken","TrickshotDudeChicken","","ANIMALS","","","","","","","","","","","","","","","","","","5000","true","","149","","","EPIC","TID_CHICKEN_RICO_SKIN","TID_CHICKEN_RICO_SKIN_SHOP","MODEL,TEXTURE,ANIM,VFX","","","rico_chicken_tex.sctx","rico_chicken_tex.sctx","","","","","","","","","","","","AVAILABLE",""
"TntDudeToxic","TntDudeToxic","","WASTELAND","","","","","","","","","","","","","","","","","","","true","true","199","","","MYTHIC","TID_RANCID_MIKE_SKIN","TID_RANCID_MIKE_SKIN_SHOP","MODEL,TEXTURE,ANIM,VFX","","","dynamike_toxic_tex.sctx","dynamike_toxic_tex.sctx","","","","","","","","","","","","AVAILABLE",""
"DuplicatorDefault","DuplicatorDefault","","","","","","","","","","","","","","","","","","","","","true","","","","","","","","","","","lolla_tex.sctx","lolla_tex.sctx","","","","","500","","","","","","","",""
"RocketGirlSilver","RocketGirlSilver","","SILVER","","","","12","","","","","","","","","","","","","","","","","","","10000","COLLECTORS","TID_TRUE_SILVER_BROCK_SKIN","TID_TRUE_SILVER_BROCK_SKIN_SHOP","MODEL,TEXTURE","","silver_true_materials.glb","brock_revamp_silver_face_tex.sctx","brock_revamp_silver_face_tex.sctx","","","","","","true","","","","","","",""
"RocketGirlGold","RocketGirlGold","","GOLD","","","","13","","","","","","","","","","","","","","","","","","","25000","COLLECTORS","TID_TRUE_GOLD_BROCK_SKIN","TID_TRUE_GOLD_BROCK_SKIN_SHOP","MODEL,TEXTURE","","gold_true_materials.glb","brock_revamp_gold_face_tex.sctx","brock_revamp_gold_face_tex.sctx","","","","","","true","","","","","","",""
"ArcadeSilver","ArcadeSilver","","SILVER","","","","","","","","","","","","DamageBoosterSilver","","","","","","","","","","","10000","COLLECTORS","TID_TRUE_SILVER_8-BIT_SKIN","TID_TRUE_SILVER_8-BIT_SKIN_SHOP","MODEL,TEXTURE","","silver_true_materials.glb","8bit_silver_tex.sctx","8bit_silver_tex.sctx","","","","","","true","","","","","","",""
"ArcadeGold","ArcadeGold","","GOLD","","","","","","","","","","","","DamageBoosterGold","","","","","","","","","","","25000","COLLECTORS","TID_TRUE_GOLD_8-BIT_SKIN","TID_TRUE_GOLD_8-BIT_SKIN_SHOP","MODEL,TEXTURE","","gold_true_materials.glb","8bit_gold_tex.sctx","8bit_gold_tex.sctx","","","","","","true","","","","","","",""
"SpeedySilver","SpeedySilver","","SILVER","","","","","","","","","","","","","","","","","","","","","","","10000","COLLECTORS","TID_TRUE_SILVER_MAX_SKIN","TID_TRUE_SILVER_MAX_SKIN_SHOP","MODEL,TEXTURE","","silver_true_materials.glb","max_silver_tex.sctx","max_silver_tex.sctx","","","","","","true","","","","","","",""
"SpeedyGold","SpeedyGold","","GOLD","","","","","","","","","","","","","","","","","","","","","","","25000","COLLECTORS","TID_TRUE_GOLD_MAX_SKIN","TID_TRUE_GOLD_MAX_SKIN_SHOP","MODEL,TEXTURE","","gold_true_materials.glb","max_gold_tex.sctx","max_gold_tex.sctx","","","","","","true","","","","","","",""
"DeadMariachiGold","DeadMariachiGold","","GOLD","","","","","","","","","","","","","","","","","","","","","","","25000","COLLECTORS","TID_TRUE_GOLD_POCO_SKIN","TID_TRUE_GOLD_POCO_SKIN_SHOP","MODEL,TEXTURE","","gold_true_materials.glb","poco_gold_tex.sctx","poco_gold_tex.sctx","","","","","","true","","","","","","",""
"DeadMariachiSilver","DeadMariachiSilver","","SILVER","","","","","","","","","","","","","","","","","","","","","","","10000","COLLECTORS","TID_TRUE_SILVER_POCO_SKIN","TID_TRUE_SILVER_POCO_SKIN_SHOP","MODEL,TEXTURE","","silver_true_materials.glb","poco_silver_tex.sctx","poco_silver_tex.sctx","","","","","","true","","","","","","",""
"MechaDudeBigDefaultAddon","MechaDudeBigDefaultAddon","","","","","","","","","","","","","","","","","","","","","true","","","","","","","","","","","","","","","","","","","","","","","","",""
"ArcadeRetropolis","ArcadeRetropolis","","RETRO","","sc/emoji_1.sc","emoji_8bit_retro","","3","3","","","","","","DamageBoosterRetropolis","","","","","","2750","true","","79","","","SUPER_RARE","TID_V8-BIT_SKIN","TID_V8-BIT_SKIN_SHOP","MODEL,TEXTURE,ANIM,VFX","","","8bit_retropolis_tex.sctx","8bit_retropolis_tex.sctx","","","","","","","","","","","","NEVER",""
"DamageBoosterRetropolis","DamageBoosterRetropolis","","","","","","","","","","","","","","","","","","","","","true","","","","","","","","","","","8bit_retropolis_tex.sctx","8bit_retropolis_tex.sctx","","","","","","","","","","","","",""
"MinigunDudeGold","MinigunDudeGold","","GOLD","","","","","","","","","","","","HealstationGold","","","","","","","","","","","25000","COLLECTORS","TID_TRUE_GOLD_PAM_SKIN","TID_TRUE_GOLD_PAM_SKIN_SHOP","MODEL,TEXTURE","","gold_true_materials_pam.glb","","","","","","","","true","","","","","","",""
"MinigunDudeSilver","MinigunDudeSilver","","SILVER","","","","","","","","","","","","HealstationSilver","","","","","","","","","","","10000","COLLECTORS","TID_TRUE_SILVER_PAM_SKIN","TID_TRUE_SILVER_PAM_SKIN_SHOP","MODEL,TEXTURE","","silver_true_materials_pam.glb","","","","","","","","true","","","","","","",""
"DamageBoosterGold","DamageBoosterGold","","","","","","","","","","","","","","","","","","","","","true","","","","","","","","","","gold_true_materials.glb","8bit_gold_tex.sctx","8bit_gold_tex.sctx","","","","","","","","","","","","",""
"DamageBoosterSilver","DamageBoosterSilver","","","","","","","","","","","","","","","","","","","","","true","","","","","","","","","","silver_true_materials.glb","8bit_silver_tex.sctx","8bit_silver_tex.sctx","","","","","","","","","","","","",""
"SpawnerDudeDracula","SpawnerDudeDracula","","BRAWLOWEEN","","sc/emoji_1.sc","emoji_mrp_brawloween","","3","3","","","","","","SpawnerDudeTurretDracula","SpawnerPetDracula","","","","","2750","true","","79","","","SUPER_RARE","TID_COUNT_PENGULA_MRP_SKIN","TID_COUNT_PENGULA_MRP_SKIN_SHOP","MODEL,TEXTURE,ANIM,VFX","","","mrp_count_pengula_tex.sctx","mrp_count_pengula_tex.sctx","","","","","","","","","","","","NEVER",""
"SpawnerDudeTurretDracula","SpawnerDudeTurretDracula","","","","","","","","","","","","","","","","","","","","","true","","","","","","","","","","","mrp_count_pengula_spawner_tex.sctx","mrp_count_pengula_spawner_tex.sctx","","","","","","","","","","","","",""
"SpawnerPetDracula","SpawnerPetDracula","","","","","","","","","","","","","","","","","","","","","true","","","","","","","","","","","mrp_count_pengula_spawner_tex.sctx","mrp_count_pengula_spawner_tex.sctx","","","","","","","","","","","","",""
"StickyBombGhost","StickyBombGhost","","BRAWLOWEEN","","sc/emoji_1.sc","emoji_squeak_brawloween","","3","3","","","","","","","","","","","","2750","true","","79","","","SUPER_RARE","TID_GHOST_SQUEAK_SKIN","TID_GHOST_SQUEAK_SKIN_SHOP","MODEL,TEXTURE,ANIM,VFX","","","squeak_ghost_tex.sctx","squeak_ghost_tex.sctx","","","","","","","","","","","","NEVER",""
"PowerLevelerKong","PowerLevelerKong","","BRAWLYWOOD","","","","","","","","","","","","","","","","","","2750","true","","79","69","","SUPER_RARE","TID_SURGE_KONG_SKIN","TID_SURGE_KONG_SKIN_SHOP","MODEL,TEXTURE,ANIM,VFX","","","surge_kong_tex.sctx","surge_kong_tex.sctx","","","","","","","","","","","","AVAILABLE",""
"RollerHeadless","RollerHeadless","","BRAWLOWEEN","","sc/emoji_1.sc","emoji_stu_brawloween","","3","3","","","","","","","","","","","","5000","true","","149","","","EPIC","TID_HEADLESS_RIDER_STU_SKIN","TID_HEADLESS_RIDER_STU_SKIN_SHOP","MODEL,TEXTURE,ANIM,VFX","","","stu_headless_tex.sctx","stu_headless_tex.sctx","","","","","","","","","","","","NEVER",""
"KickerDudeDefault","KickerDudeDefault","","","","","","","","","","","","","","","","","","","","","true","","","","","","","","","","","fang_tex.sctx","fang_tex.sctx","","","","","","","","","","","","",""
"BaseballGold","BaseballGold","","GOLD","","","","","","","","","","","","","","","","","","","","","","","25000","COLLECTORS","TID_TRUE_GOLD_BIBI_SKIN","TID_TRUE_GOLD_BIBI_SKIN_SHOP","MODEL,TEXTURE","","gold_true_materials.glb","bibi_redux_gold_tex.sctx","bibi_redux_gold_tex.sctx","","","","","","true","","","","","","",""
"BaseballSilver","BaseballSilver","","SILVER","","","","","","","","","","","","","","","","","","","","","","","10000","COLLECTORS","TID_TRUE_SILVER_BIBI_SKIN","TID_TRUE_SILVER_BIBI_SKIN_SHOP","MODEL,TEXTURE","","silver_true_materials.glb","bibi_redux_silver_tex.sctx","bibi_redux_silver_tex.sctx","","","","","","true","","","","","","",""
"WhirlwindGold","WhirlwindGold","","GOLD","","","","","","","","","","","","","","","","","","","","","","","25000","COLLECTORS","TID_TRUE_GOLD_CARL_SKIN","TID_TRUE_GOLD_CARL_SKIN_SHOP","MODEL,TEXTURE","","gold_true_materials.glb","carl_gold_tex.sctx","carl_gold_tex.sctx","","","","","","true","","","","","","",""
"WhirlwindSilver","WhirlwindSilver","","SILVER","","","","","","","","","","","","","","","","","","","","","","","10000","COLLECTORS","TID_TRUE_SILVER_CARL_SKIN","TID_TRUE_SILVER_CARL_SKIN_SHOP","MODEL,TEXTURE","","silver_true_materials.glb","carl_silver_tex.sctx","carl_silver_tex.sctx","","","","","","true","","","","","","",""
"FireDudeGold","FireDudeGold","","GOLD","","","","","","","","","","","","","","","","","","","","","","","25000","COLLECTORS","TID_TRUE_GOLD_AMBER_SKIN","TID_TRUE_GOLD_AMBER_SKIN_SHOP","MODEL,TEXTURE","","gold_true_materials.glb","amber_gold_tex.sctx","amber_gold_tex.sctx","","","","","","true","","","","","","",""
"FireDudeSilver","FireDudeSilver","","SILVER","","","","","","","","","","","","","","","","","","","","","","","10000","COLLECTORS","TID_TRUE_SILVER_AMBER_SKIN","TID_TRUE_SILVER_AMBER_SKIN_SHOP","MODEL,TEXTURE","","silver_true_materials.glb","amber_silver_tex.sctx","amber_silver_tex.sctx","","","","","","true","","","","","","",""
"PercenterGold","PercenterGold","","GOLD","","","","","","","","","","","","MechanicTurretTanuki","","","","","","","","","","","25000","COLLECTORS","TID_TRUE_GOLD_COLETTE_SKIN","TID_TRUE_GOLD_COLETTE_SKIN_SHOP","MODEL,TEXTURE","","gold_true_materials.glb","colette_gold_tex.sctx","colette_gold_tex.sctx","","","","","","true","","","","","","",""
"PercenterSilver","PercenterSilver","","SILVER","","","","","","","","","","","","MechanicTurretTanuki","","","","","","","","","","","10000","COLLECTORS","TID_TRUE_SILVER_COLETTE_SKIN","TID_TRUE_SILVER_COLETTE_SKIN_SHOP","MODEL,TEXTURE","","silver_true_materials.glb","colette_silver_tex.sctx","colette_silver_tex.sctx","","","","","","true","","","","","","",""
"TntDudeGold","TntDudeGold","","GOLD","","","","","","","","","","","","","","","","","","","","","","","25000","COLLECTORS","TID_TRUE_GOLD_DYNAMIKE_SKIN","TID_TRUE_GOLD_DYNAMIKE_SKIN_SHOP","MODEL,TEXTURE","","gold_true_materials.glb","dynamike_redux_gold_tex.sctx","dynamike_redux_gold_tex.sctx","","","","","","true","","","","","","",""
"TntDudeSilver","TntDudeSilver","","SILVER","","","","","","","","","","","","","","","","","","","","","","","10000","COLLECTORS","TID_TRUE_SILVER_DYNAMIKE_SKIN","TID_TRUE_SILVER_DYNAMIKE_SKIN_SHOP","MODEL,TEXTURE","","silver_true_materials.glb","dynamike_redux_silver_tex.sctx","dynamike_redux_silver_tex.sctx","","","","","","true","","","","","","",""
"SpawnerDudeDraculaBrawliwood","SpawnerDudeDraculaBrawliwood","","","","","","","","","","","","","","SpawnerDudeTurretDracula","SpawnerPetDracula","","","","","","true","","","","","","","","","","","mrp_count_pengula_tex.sctx","mrp_count_pengula_tex.sctx","","","","","","","","","","","","",""
"DuplicatorChola","DuplicatorChola","","BRAWLPASS","","","","","3","3","","","","","","DuplicatorChola","","","","","","5000","true","","149","","","EPIC","TID_CHOLLA_SKIN","TID_CHOLLA_SKIN_SHOP","MODEL,TEXTURE,ANIM,VFX","","","","","","","","","500","","","","","","","NEVER",""
"","","","CITY","","","","","","","","","","","","","","","","","","","true","","","","","","","","","","","","","","","","","","","","","","","","",""
"4ef885e8233982730ee9251f8346a0ea843a8546","BallDefault","true","","","","","","","","","","","","","","","","","","","","","","","","","","","","","","","","","","","","","","","","","","","","",""
"e149761d50424697c7a3c7b94a99d85da59e7c24","BallDefault","true","","","","","","","","","","","","","","","","","","","","","","","","","","","","","","","","","","","","","","","","","","","","",""
"BarkeepDrunken","BarkeepDrunken","","LNY","","sc/emoji_1.sc","emoji_barley_LNY2022","","3","3","","","","","","","","","","","","5000","true","","149","","","EPIC","TID_DRUNKEN_MASTER_BARLEY_SKIN","TID_DRUNKEN_MASTER_BARLEY_SKIN_SHOP","MODEL,TEXTURE,ANIM,VFX","","","barley_drunken_master_tex.sctx","barley_drunken_master_tex.sctx","","","","","","","","","","","","NEVER",""
"EnragerSnake","EnragerSnake","","LNY","","sc/emoji_1.sc","emoji_edgar_LNY2022","","3","3","","","","","","","","","","","","5000","true","","149","","","EPIC","TID_EDGAR_SERPENT_SKIN","TID_EDGAR_SERPENT_SKIN_SHOP","MODEL,TEXTURE,ANIM,VFX","","","edgar_snakelord_tex.sctx","edgar_snakelord_tex.sctx","","","","","","","","","","","","NEVER",""
"LuchadorTiger","LuchadorTiger","","LNY","","sc/emoji_1.sc","emoji_primo_LNY2022","","3","3","","","","","","","","","","","","5000","true","","149","","","EPIC","TID_EL_PRIMO_TIGER_SKIN","TID_EL_PRIMO_TIGER_SKIN_SHOP","MODEL,TEXTURE,ANIM,VFX","","","primo_tigro_tex.sctx","primo_tigro_tex.sctx","","","","-100","400","","","","","","","NEVER",""
"ShamanDragon","ShamanDragon","","RANKED","","sc/emoji_1.sc","emoji_nita_LNY2022","","4","4","","","","","","ShamanPetDragon","","","","","","5000","true","","149","","","EPIC","TID_NIAN_NITA_SKIN","TID_NIAN_NITA_SKIN_SHOP","MODEL,TEXTURE,VFX","","","nita_nian_tex.sctx","nita_nian_tex.sctx","","","","","","","","","","","","NEVER",""
"","","","LNY","","","","","","","","","","","","","","","","","","","true","","","","","","","","","","","","","","","","","","","","","","","","",""
"LuchadorCorazon","LuchadorCorazon","","BRAWLENTINES","","sc/emoji_1.sc","emoji_primo_stvalentines","","","","","","","","","","","","","","","2750","true","","79","69","","SUPER_RARE","TID_EL_PRIMO_VALENTINES","TID_EL_PRIMO_VALENTINES_SHOP","MODEL,TEXTURE,VFX","","","primo_corazon_tex.sctx","primo_corazon_tex.sctx","","","","","","","","","","","","AVAILABLE",""
"45f335e0e6258ff7ea857ed4e080ab20c03f7c32","BallDefault","true","","","","","","","","","","","","","","","","","","","","","","","","","","","","","","","","","","","","","","","","","","","","",""
"cd4ea046e9752441fd9f32094207b64d5f5e41d6","BallDefault","true","","","","","","","","","","","","","","","","","","","","","","","","","","","","","","","","","","","","","","","","","","","","",""
"DrillerGift","DrillerGift","","BRAWLIDAYS","","sc/emoji_1.sc","emoji_jacky_xmas","","3","3","","","","","","","","","","","","2750","true","","79","","","SUPER_RARE","TID_XMAS_GIFT_JACKY_SKIN","TID_XMAS_GIFT_JACKY_SKIN_SHOP","MODEL,TEXTURE,VFX","","","","","","","","","","","","","","","","NEVER",""
"BowDudeSanta","BowDudeSanta","","BRAWLIDAYS","","sc/emoji_1.sc","emoji_bo_xmas","","3","3","","","","","","BowDudeTotemDefault","","","","","","2750","true","","79","","","SUPER_RARE","TID_SANTA_BO_SKIN","TID_SANTA_BO_SKIN_SHOP","MODEL,TEXTURE,ANIM,VFX","","","bo_santa_tex_face.sctx","bo_santa_tex_face.sctx","","","","","","","","","","","","NEVER",""
"RosaBP","RosaBP","","BRAWLPASS","","sc/emoji_1.sc","emoji_rosa_LNY2022","","3","3","","","","","","","","","","","","5000","true","","149","","","EPIC","TID_ROSA_MILITARY_SKIN","TID_ROSA_MILITARY_SKIN_SHOP","MODEL,TEXTURE,ANIM,VFX","","","","","","","","","","","","","","","","NEVER",""
"","","","LNY","","","","","","","","","","","","","","","","","","","true","","","","","","","","","","","","","","","","","","","","","","","","",""
"CactusLog","CactusLog","","BRAWLIDAYS","","sc/emoji_1.sc","emoji_spike_xmas","","3","3","","","","","","","","","","","","2750","true","","79","","","SUPER_RARE","TID_LOG_SPIKE_SKIN","TID_LOG_SPIKE_SKIN_SHOP","MODEL,TEXTURE,VFX","","","spike_log_tex.sctx","spike_log_tex.sctx","","","","","","","","","","","","NEVER",""
"DrillerGold","DrillerGold","","GOLD","","","","","","","","","","","","","","","","","","","","","","","25000","COLLECTORS","TID_TRUE_GOLD_JACKY_SKIN","TID_TRUE_GOLD_JACKY_SKIN_SHOP","MODEL,TEXTURE","","gold_true_materials.glb","jacky_gold_tex.sctx","jacky_gold_tex.sctx","","","","","","true","","","","","","",""
"DrillerSilver","DrillerSilver","","SILVER","","","","","","","","","","","","","","","","","","","","","","","10000","COLLECTORS","TID_TRUE_SILVER_JACKY_SKIN","TID_TRUE_SILVER_JACKY_SKIN_SHOP","MODEL,TEXTURE","","silver_true_materials.glb","jacky_silver_tex.sctx","jacky_silver_tex.sctx","","","","","","true","","","","","","",""
"IceDudeGold","IceDudeGold","","GOLD","","","","","","","","","","","","","","","","","","","","","","","25000","COLLECTORS","TID_TRUE_GOLD_LOU_SKIN","TID_TRUE_GOLD_LOU_SKIN_SHOP","MODEL,TEXTURE","","gold_true_materials.glb","lou_gold_tex.sctx","lou_gold_tex.sctx","","","","","","true","","","","","","",""
"IceDudeSilver","IceDudeSilver","","SILVER","","","","","","","","","","","","","","","","","","","","","","","10000","COLLECTORS","TID_TRUE_SILVER_LOU_SKIN","TID_TRUE_SILVER_LOU_SKIN_SHOP","MODEL,TEXTURE","","silver_true_materials.glb","lou_silver_tex.sctx","lou_silver_tex.sctx","","","","","","true","","","","","","",""
"ArtilleryDudeGold","ArtilleryDudeGold","","GOLD","","","","","","","","","","","","ArtilleryDudeTurretTrueGold","ArtilleryDudeCoverDefault","","","","","","","","","","25000","COLLECTORS","TID_TRUE_GOLD_PENNY_SKIN","TID_TRUE_GOLD_PENNY_SKIN_SHOP","MODEL,TEXTURE","","gold_true_materials.glb","penny_gold_tex.sctx","penny_gold_tex.sctx","","","","","","true","","","","","","",""
"ArtilleryDudeSilver","ArtilleryDudeSilver","","SILVER","","","","","","","","","","","","ArtilleryDudeTurretTrueSilver","ArtilleryDudeCoverDefault","","","","","","","","","","10000","COLLECTORS","TID_TRUE_SILVER_PENNY_SKIN","TID_TRUE_SILVER_PENNY_SKIN_SHOP","MODEL,TEXTURE","","silver_true_materials.glb","penny_silver_tex.sctx","penny_silver_tex.sctx","","","","","","true","","","","","","",""
"RosaGold","RosaGold","","GOLD","","","","","","","","","","","","","","","","","","","","","","","25000","COLLECTORS","TID_TRUE_GOLD_ROSA_SKIN","TID_TRUE_GOLD_ROSA_SKIN_SHOP","MODEL,TEXTURE","","gold_true_materials_rosa.glb","","","","","","","","true","","","","","","",""
"RosaSilver","RosaSilver","","SILVER","","","","","","","","","","","","","","","","","","","","","","","10000","COLLECTORS","TID_TRUE_SILVER_ROSA_SKIN","TID_TRUE_SILVER_ROSA_SKIN_SHOP","MODEL,TEXTURE","","silver_true_materials_rosa.glb","","","","","","","","true","","","","","","",""
"SafeVoxel","SafeVoxel","","","","","","","","","","","","","","","","","","","","","true","","","","","","","","","","","","","","","","","","","","","","","","",""
"AssaultShotgunSled","AssaultShotgunSled","","BRAWLIDAYS","","sc/emoji_1.sc","emoji_griff_xmas","","3","3","","","","","","","","","","","","5000","true","","149","","","EPIC","TID_GRIFF_SLEIGH_SKIN","TID_GRIFF_SLEIGH_SKIN_SHOP","MODEL,TEXTURE,ANIM,VFX","","","griff_sled_tex.sctx","griff_sled_tex.sctx","","","","","-100","","","","","","","NEVER",""
"CrossBomberVisionTowerDefault","CrossBomberVisionTowerDefault","","","","","","","","","","","","","","","","","","","","","true","","","","","","","","","","","grom_tex.sctx","grom_tex.sctx","","","","","","","","","","","","",""
"KickerDudeFurious","KickerDudeFurious","","BRAWLPASS","","","","","3","3","","","","","","","","","","","","5000","true","","149","","","EPIC","TID_FURIOUS_FANG_SKIN","TID_FURIOUS_FANG_SKIN_SHOP","MODEL,TEXTURE,ANIM,VFX","","","fang_fireball_tex.sctx","fang_fireball_tex.sctx","","","","","","","","","","","","NEVER",""
"ShamanPetDragon","ShamanPetDragon","","","","","","","","","","","","","","","","","","","","","true","","","","","","","","","","","nita_bear_nian_tex.sctx","nita_bear_nian_tex.sctx","","","","","","","","","","","","",""
"TntDudeRetro","TntDudeRetro","","ANNIVERSARY2021","","","","","4","4","","","","","","","","","","","","5000","true","","149","","","EPIC","TID_CLASSIC_MIKE_SKIN","TID_CLASSIC_MIKE_SKIN_SHOP","MODEL,TEXTURE","","","dynamike_retro_tex.sctx","dynamike_retro_tex.sctx","","","","","","","","","","","","NEVER",""
"ArtilleryDudeTurretTrueGold","ArtilleryDudeTurretTrueGold","","","","","","","","","","","","","","","","","","","","","true","","","","","","","","","","gold_true_materials.glb","penny_gold_tex.sctx","penny_gold_tex.sctx","","","","","","","","","","","","",""
"ArtilleryDudeTurretTrueSilver","ArtilleryDudeTurretTrueSilver","","","","","","","","","","","","","","","","","","","","","true","","","","","","","","","","silver_true_materials.glb","penny_silver_tex.sctx","penny_silver_tex.sctx","","","","","","","","","","","","",""
"FleaDefault","FleaDefault","","","","","","","","","","","","","","","","","","","","","true","","","","","","","","","","","eve_tex.sctx","eve_tex.sctx","","","","","","","","","","","","",""
"FleaPetDefault","FleaPetDefault","","","","","","","","","","","","","","","","","","","","","true","","","","","","","","","","","eve_tex.sctx","eve_tex.sctx","","","","","","","","","","","","",""
"FleaBigEggDefault","FleaBigEggDefault","","","","","","","","","","","","","","","","","","","","","true","","","","","","","","","","","eve_tex.sctx","eve_tex.sctx","","","","","","","","","","","","",""
"ClusterBombDudeShooky","ClusterBombDudeShooky","","BT21","","","","","","8","","","","","","ClusterBombPetShooky","","","","","","","true","","149","","","EPIC","TID_BT21_TICK_SKIN","TID_BT21_TICK_SKIN_SHOP","TEXTURE,ANIM,VFX","","","tick_shooky_tex.sctx","tick_shooky_tex.sctx","","","","","200","","","","","","","NEVER",""
"ClusterBombPetShooky","ClusterBombPetShooky","","","","","","","","","","","","","","","","","","","","","true","","","","","","","","","","","tick_shooky_tex.sctx","tick_shooky_tex.sctx","","","","","","","","","","","","",""
"BaseballRj","BaseballRj","","BT21","","","","","","8","","","","","","","","","","","","","true","","149","","","EPIC","TID_BT21_BIBI_SKIN","TID_BT21_BIBI_SKIN_SHOP","MODEL,TEXTURE,ANIM,VFX","","","bibi_rj_tex.sctx","bibi_rj_tex.sctx","","","","","","","","","","","","NEVER",""
"SandstormKoya","SandstormKoya","","BT21","","","","","","8","","","","","","","","","","","","","true","","149","","","EPIC","TID_BT21_SANDY_SKIN","TID_BT21_SANDY_SKIN_SHOP","MODEL,TEXTURE,ANIM,VFX","","","sandy_koya_tex.sctx","sandy_koya_tex.sctx","","","","","","","","","","","","NEVER",""
"EnragerVine","EnragerVine","","BIODOME","","sc/emoji_1.sc","emoji_edgar_biodome","","","","","","","","","","","","","","","5000","true","","149","129","","EPIC","TID_DOCTOR_EDGAR_SKIN","TID_DOCTOR_EDGAR_SKIN_SHOP","MODEL,TEXTURE,ANIM,VFX","","","edgar_plant_tex.sctx","edgar_plant_tex.sctx","","","","","","","","","","","","AVAILABLE",""
"TrickshotDudeFirefly","TrickshotDudeFirefly","","BRAWLPASS","","sc/emoji_1.sc","emoji_rico_biodome","","","","","","","","","","","","","","","2750","true","","79","69","","SUPER_RARE","TID_FIREFLY_RICO_SKIN","TID_FIREFLY_RICO_SKIN_SHOP","MODEL,TEXTURE,ANIM,VFX","","","rico_firefly_tex.sctx","rico_firefly_tex.sctx","","","","-100","-500","","","","","","","AVAILABLE",""
"","","","BIODOME","","","","","","","","","","","","","","","","","","","true","","","","","","","","","","","","","","","","","","","","","","","","",""
"MechaDudeRhino","MechaDudeRhino","","BIODOME","","sc/emoji_1.sc","emoji_meg_biodome","","","","","","","","","MechaDudeBigRhino","","","","","","2750","true","","79","69","","SUPER_RARE","TID_STAG_BEETLE_MEG_SKIN","TID_STAG_BEETLE_MEG_SKIN_SHOP","MODEL,TEXTURE,ANIM,VFX","","","meg_beetle_tex.sctx","meg_beetle_tex.sctx","","","","","","","","","","","","AVAILABLE",""
"MechaDudeBigRhino","MechaDudeBigRhino","","","","","","","","","","","","","","","","","","","","","true","","","","","","","","","","","meg_mecha_beetle_tex.sctx","meg_mecha_beetle_tex.sctx","","","","","","","","","","","","",""
"BullDudeLion","BullDudeLion","","ANIMALS","","","","","","","","","","","","","","","","","","5000","true","","149","","","EPIC","TID_SAVAGE_BULL_SKIN","TID_SAVAGE_BULL_SKIN_SHOP","MODEL,TEXTURE,ANIM,VFX","","","bull_lion_redux_tex.sctx","bull_lion_redux_tex.sctx","","","","-500","","","","","","","","AVAILABLE",""
"BowDudeWasp","BowDudeWasp","","RANKED_OLD","","sc/emoji_1.sc","emoji_bo_biodome","","","","","","","","","","","","","","","5000","true","","149","129","","EPIC","TID_WASP_BO_SKIN","TID_WASP_BO_SKIN_SHOP","MODEL,TEXTURE,ANIM,VFX","","","bo_wasp_tex.sctx","bo_wasp_tex.sctx","","","","-300","","","","","","","","AVAILABLE",""
"","","","BIODOME","","","","","","","","","","","","","","","","","","","true","","","","","","","","","","","","","","","","","","","","","","","","",""
"SpawnerDudeFly","SpawnerDudeFly","","BIODOME","","sc/emoji_1.sc","emoji_mrp_biodome","","","","","","","","","SpawnerDudeTurretFly","SpawnerPetFly","","","","","2750","true","","79","69","","SUPER_RARE","TID_MR_FLY_SKIN","TID_MR_FLY_SKIN_SHOP","MODEL,TEXTURE,ANIM,VFX","","","mrp_fly_tex.sctx","mrp_fly_tex.sctx","","","","","","","","","","","","AVAILABLE",""
"SpawnerDudeTurretFly","SpawnerDudeTurretFly","","","","","","","","","","","","","","","","","","","","","true","","","","","","","","","","","mrp_fly_spawner_tex.sctx","mrp_fly_spawner_tex.sctx","","","","","","","","","","","","",""
"SpawnerPetFly","SpawnerPetFly","","","","","","","","","","","","","","","","","","","","","true","","","","","","","","","","","mrp_fly_spawner_tex.sctx","mrp_fly_spawner_tex.sctx","","","","","","","","","","","","",""
"CrossBomberEaster","CrossBomberEaster","","BUNNY_BRIGADE","","","","","","","","","","","","","","","","","","2750","true","","79","69","","SUPER_RARE","TID_BUNNY_GROM_SKIN","TID_BUNNY_GROM_SKIN_SHOP","MODEL,TEXTURE,ANIM,VFX","","","grom_easter_tex.sctx","grom_easter_tex.sctx","","","","","","","","","","","","AVAILABLE",""
"RosaMantis","RosaMantis","","BIODOME","","sc/emoji_1.sc","emoji_rosa_biodome","","","","","","","","","","","","","","","5000","true","","149","129","","EPIC","TID_MANTIS_ROSA_SKIN","TID_MANTIS_ROSA_SKIN_SHOP","MODEL,TEXTURE,ANIM,VFX","","","","","","","","","-300","","","","","","","AVAILABLE",""
"FleaSpaceCactus","FleaSpaceCactus","","BRAWLPASS","","","","","","","","","","","","FleaBigEggSpaceCactus","FleaPetSpaceCactus","","","","","5000","true","","149","129","","EPIC","TID_SPIKY_EVE_SKIN","TID_SPIKY_EVE_SKIN_SHOP","MODEL,TEXTURE,ANIM,VFX","","","eve_space_cactus_tex.sctx","eve_space_cactus_tex.sctx","","","","","","","","","","","","AVAILABLE",""
"","","","BIODOME","","","","","","","","","","","","","","","","","","","true","","","","","","","","","","","","","","","","","","","","","","","","",""
"FleaPetSpaceCactus","FleaPetSpaceCactus","","","","","","","","","","","","","","","","","","","","","true","","","","","","","","","","","eve_space_cactus_tex.sctx","eve_space_cactus_tex.sctx","","","","","","","","","","","","",""
"FleaBigEggSpaceCactus","FleaBigEggSpaceCactus","","","","","","","","","","","","","","","","","","","","","true","","","","","","","","","","","eve_space_cactus_tex.sctx","eve_space_cactus_tex.sctx","","","","","","","","","","","","",""
"PayloadDefault","PayloadDefault","","","","","","","","","","","","","","","","","","","","","true","","","","","","","","","","","","","","","","","","","","","","","","",""
"WallyWeirdPlant","WallyWeirdPlant","","BIODOME","","sc/emoji_1.sc","emoji_sprout_biodome","","","","","","","","","","","","","","","2750","true","","79","69","","SUPER_RARE","TID_CORRUPTED_SPROUT_SKIN","TID_CORRUPTED_SPROUT_SKIN_SHOP","MODEL,TEXTURE,ANIM,VFX","","","sprout_weirdplant_redux_tex.sctx","sprout_weirdplant_redux_tex.sctx","","","","500","","","","","","","","AVAILABLE",""
"ElectroSniperPlanthunter","ElectroSniperPlanthunter","","BIODOME","","sc/emoji_1.sc","emoji_belle_biodome","","","","","","","","","HealingStationSummer","","","","","","2750","true","","79","69","","SUPER_RARE","TID_IVY_BELLE_SKIN","TID_IVY_BELLE_SKIN_SHOP","MODEL,TEXTURE,ANIM,VFX","","","belle_planthunter_tex.sctx","belle_planthunter_tex.sctx","","","","100","","","","","","","","AVAILABLE",""
"RuffsGold","RuffsGold","","GOLD","","","","","","","","","","","","","","","","","","","","","","","25000","COLLECTORS","TID_TRUE_GOLD_RUFFS_SKIN","TID_TRUE_GOLD_RUFFS_SKIN_SHOP","MODEL,TEXTURE","","gold_true_materials.glb","ruffs_gold_tex.sctx","ruffs_gold_tex.sctx","","","","","","true","","","","","","",""
"RuffsSilver","RuffsSilver","","SILVER","","","","","","","","","","","","","","","","","","","","","","","10000","COLLECTORS","TID_TRUE_SILVER_RUFFS_SKIN","TID_TRUE_SILVER_RUFFS_SKIN_SHOP","MODEL,TEXTURE","","silver_true_materials.glb","ruffs_silver_tex.sctx","ruffs_silver_tex.sctx","","","","","","true","","","","","","",""
"Wallygold","Wallygold","","GOLD","","","","","","","","","","","","","","","","","","","","","","","25000","COLLECTORS","TID_TRUE_GOLD_SPROUT_SKIN","TID_TRUE_GOLD_SPROUT_SKIN_SHOP","MODEL,TEXTURE","","gold_true_materials.glb","sprout_gold_redux_tex.sctx","sprout_gold_redux_tex.sctx","","","","","","true","","","","","","",""
"Wallysilver","Wallysilver","","SILVER","","","","","","","","","","","","","","","","","","","","","","","10000","COLLECTORS","TID_TRUE_SILVER_SPROUT_SKIN","TID_TRUE_SILVER_SPROUT_SKIN_SHOP","MODEL,TEXTURE","","silver_true_materials.glb","sprout_silver_redux_tex.sctx","sprout_silver_redux_tex.sctx","","","","","","true","","","","","","",""
"RopeDudeGold","RopeDudeGold","","GOLD","","","","","","","","","","","","","","","","","","","","","","","25000","COLLECTORS","TID_TRUE_GOLD_BUZZ_SKIN","TID_TRUE_GOLD_BUZZ_SKIN_SHOP","MODEL,TEXTURE","","gold_true_materials.glb","buzz_gold_tex.sctx","buzz_gold_tex.sctx","","","","150","450","true","","","","","","",""
"RopeDudeSilver","RopeDudeSilver","","SILVER","","","","","","","","","","","","","","","","","","","","","","","10000","COLLECTORS","TID_TRUE_SILVER_BUZZ_SKIN","TID_TRUE_SILVER_BUZZ_SKIN_SHOP","MODEL,TEXTURE","","silver_true_materials.glb","buzz_silver_tex.sctx","buzz_silver_tex.sctx","","","","150","450","true","","","","","","",""
"PowerLevelerGold","PowerLevelerGold","","GOLD","","","","","","","","","","","","","","","","","","","","","","","25000","COLLECTORS","TID_TRUE_GOLD_SURGE_SKIN","TID_TRUE_GOLD_SURGE_SKIN_SHOP","MODEL,TEXTURE","","gold_true_materials.glb","surge_gold_tex.sctx","surge_gold_tex.sctx","","","","","","true","","","","","","",""
"PowerLevelerSilver","PowerLevelerSilver","","SILVER","","","","","","","","","","","","","","","","","","","","","","","10000","COLLECTORS","TID_TRUE_SILVER_SURGE_SKIN","TID_TRUE_SILVER_SURGE_SKIN_SHOP","MODEL,TEXTURE","","silver_true_materials.glb","surge_silver_tex.sctx","surge_silver_tex.sctx","","","","","","true","","","","","","",""
"MechaDudeBigRhinoAddon","MechaDudeBigRhinoAddon","","","","","","","","","","","","","","","","","","","","","true","","","","","","","","","","","meg_beetle_tex.sctx","meg_beetle_tex.sctx","","","","","","","","","","","","",""
"BallLava","BallLava","","","","","","","","","","","","","","","","","","","","","true","","","","","","","","","","","","","","","","","","","","","","","","",""
"JetpackGirlDefault","JetpackGirlDefault","","","","","","","","","","","","","","","","","","","","","true","","","","","","","","","","","janet_tex.sctx","janet_tex.sctx","","","","","","","","","","","","",""
"BullDudeMang","BullDudeMang","","BT21","","","","","","8","","","","","","","","","","","","","true","","149","","","EPIC","TID_BT21_BULL_SKIN","TID_BT21_BULL_SKIN_SHOP","MODEL,TEXTURE,ANIM,VFX","","","bull_mang_tex.sctx","bull_mang_tex.sctx","","","","250","280","","","","","","","NEVER",""
"CannonGirlDefault","CannonGirlDefault","","","","","","","","","","","","","","CannonGirlSmallDefault","","","","","","","true","","","","","","","","","","","bonnie_tex.sctx","bonnie_tex.sctx","","","","","","","","","","","","",""
"CannonGirlSmallDefault","CannonGirlSmallDefault","","","","","","","","","","","","","","","","","","","","","true","","","","","","","","","","","bonnie_tex.sctx","bonnie_tex.sctx","","","","","","","","","","","","",""
"JetpackGirlDamageTowerDefault","JetpackGirlDamageTowerDefault","","","","","","","","","","","","","","","","","","","","","true","","","","","","","","","","","janet_tex.sctx","janet_tex.sctx","","","","","","","","","","","","",""
"DrillerCooky","DrillerCooky","","BT21","","","","","","8","","","","","","","","","","","","","true","","149","","","EPIC","TID_BT21_JACKY_SKIN","TID_BT21_JACKY_SKIN_SHOP","MODEL,TEXTURE,ANIM,VFX","","","jacky_cooky_tex.sctx","jacky_cooky_tex.sctx","","","","","","","","","","","","NEVER",""
"EnragerTata","EnragerTata","","BT21","","","","","","8","","","","","","","","","","","","","true","","149","","","EPIC","TID_BT21_EDGAR_SKIN","TID_BT21_EDGAR_SKIN_SHOP","MODEL,TEXTURE,ANIM,VFX","","","edgar_tata_tex.sctx","edgar_tata_tex.sctx","","","","-100","400","","","","","","","NEVER",""
"WhirlwindBiker","WhirlwindBiker","","BRAWLPASS","","sc/emoji_1.sc","emoji_carl_stunt","","","","","","","","","","","","","","","5000","true","","149","","","EPIC","TID_BIKER_CARL_SKIN","TID_BIKER_CARL_SKIN_SHOP","MODEL,TEXTURE,ANIM,VFX","","","carl_stuntman_tex.sctx","carl_stuntman_tex.sctx","","","","","","","","","","","","AVAILABLE",""
"","","","STUNTSHOW","","","","","","","","","","","","","","","","","","","true","","","","","","","","","","","","","","","","","","","","","","","","",""
"CactusFireproof","CactusFireproof","","STUNTSHOW","","sc/emoji_1.sc","emoji_spike_stunt","","","","","","","","","","","","","","","2750","true","","79","69","","SUPER_RARE","TID_PYRO_SPIKE_SKIN","TID_PYRO_SPIKE_SKIN_SHOP","MODEL,TEXTURE,ANIM,VFX","","","spike_fireproof_tex.sctx","spike_fireproof_tex.sctx","","","","","","","","","","","","AVAILABLE",""
"DuplicatorVillain","DuplicatorVillain","","VILLAINS","","sc/emoji_1.sc","emoji_lolla_starrforce","","","","","","","","","DuplicatorVillain","","","","","","2750","true","","79","","","SUPER_RARE","TID_GALAXY_STORM_LOLA_SKIN","TID_GALAXY_STORM_LOLA_SKIN_SHOP","MODEL,TEXTURE,ANIM,VFX","","","lolla_starrforce_villain_tex.sctx","lolla_starrforce_villain_tex.sctx","","","","","500","","","","","","","AVAILABLE",""
"BarrelBotCrash","BarrelBotCrash","","RANKED_OLD","","","","","","","","","","","","","","","","","","5000","true","","149","","","EPIC","TID_CRASH_TEST_DARRYL_SKIN","TID_CRASH_TEST_DARRYL_SKIN_SHOP","MODEL,TEXTURE,ANIM,VFX","","","darryl_crashtest_tex.sctx","darryl_crashtest_tex.sctx","","","","","","","","","","","","AVAILABLE",""
"","","","STUNTSHOW","","","","","","","","","","","","","","","","","","","true","","","","","","","","","","","","","","","","","","","","","","","","",""
"SnakeOilVillain","SnakeOilVillain","","VILLAINS","","sc/emoji_1.sc","emoji_byron_starrforce","","","","","","","","","","","","","","","5000","true","","149","","","EPIC","TID_OVERLORD_BYRON_SKIN","TID_OVERLORD_BYRON_SKIN_SHOP","MODEL,TEXTURE,ANIM,VFX","","","byron_villain_tex.sctx","byron_villain_tex.sctx","","","","-350","","","","","","","","AVAILABLE",""
"SpawnerDudeDaruma","SpawnerDudeDaruma","","GOLDENWEEK","","sc/emoji_1.sc","emoji_mrp_goldenweek","","","","","","","","","SpawnerDudeTurretDaruma","SpawnerPetDaruma","","","","","2750","true","","79","69","","SUPER_RARE","TID_DARUMA_MRP_SKIN","TID_DARUMA_MRP_SKIN_SHOP","MODEL,TEXTURE,ANIM,VFX","","","mrp_daruma_tex.sctx","mrp_daruma_tex.sctx","","","HERO_SCREEN_IDLE","","400","","","","","","","AVAILABLE",""
"SpawnerDudeTurretDaruma","SpawnerDudeTurretDaruma","","","","","","","","","","","","","","","","","","","","","true","","","","","","","","","","","mrp_daruma_spawner_tex.sctx","mrp_daruma_spawner_tex.sctx","","","","","","","","","","","","",""
"SpawnerPetDaruma","SpawnerPetDaruma","","","","","","","","","","","","","","","","","","","","","true","","","","","","","","","","","mrp_daruma_spawner_tex.sctx","mrp_daruma_spawner_tex.sctx","","","","","","","","","","","","",""
"BlackHoleDevious","BlackHoleDevious","","LANTERN","","","","","","","","","","","","","","","","","","5000","true","","149","129","","EPIC","TID_TEMPEST_TARA_SKIN","TID_TEMPEST_TARA_SKIN_SHOP","MODEL,TEXTURE,ANIM,VFX","","","tara_devious_tex.sctx","tara_devious_tex.sctx","","","","250","200","","","","","","","AVAILABLE",""
"MechaDudeMonsterTruck","MechaDudeMonsterTruck","","STUNTSHOW","","sc/emoji_1.sc","emoji_meg_stunt","","","","","","","","","MechaDudeBigMonsterTruck","","","","","","5000","true","","149","129","","EPIC","TID_MONSTER_TRUCK_MEG_SKIN","TID_MONSTER_TRUCK_MEG_SKIN_SHOP","MODEL,TEXTURE,ANIM,VFX","","","","","","","","250","100","","","","","","","AVAILABLE",""
"MechaDudeBigMonsterTruck","MechaDudeBigMonsterTruck","","","","","","","","","","","","","","","","","","","","","true","","","","","","","","","","","","","","","","","","","","","","","","",""
"BallPinball","BallPinball","","","","","","","","","","","","","","","","","","","","","true","","","","","","","","","","","","","","","","","","","","","","","","",""
"MechaDudeBigMonsterTruckAddon","MechaDudeBigMonsterTruckAddon","","","","","","","","","","","","","","","","","","","","","true","","","","","","","","","","","","","","","","","","","","","","","","",""
"CannonGirlVillain","CannonGirlVillain","","VILLAINS","","sc/emoji_1.sc","emoji_bonnie_starrforce","","","","","","","","","CannonGirlSmallVillain","","","","","","5000","true","","149","","","EPIC","TID_EMPRESS_BONNIE_SKIN","TID_EMPRESS_BONNIE_SKIN_SHOP","MODEL,TEXTURE,ANIM,VFX","","","bonnie_villain_tex.sctx","bonnie_villain_tex.sctx","","","","","","","","","","","","AVAILABLE",""
"CannonGirlSmallVillain","CannonGirlSmallVillain","","","","","","","","","","","","","","","","","","","","","true","","","","","","","","","","","bonnie_villain_tex.sctx","bonnie_villain_tex.sctx","","","","","","","","","","","","",""
"MechaDudeReloadTowerDefault","MechaDudeReloadTowerDefault","","","","","","","","","","","","","","","","","","","","","true","","","","","","","","","","","meg_toolbox_gadget_tex.sctx","meg_toolbox_gadget_tex.sctx","","","","","","","","","","","","",""
"ElectroSniperGold","ElectroSniperGold","","GOLD","","","","","","","","","","","","HealingStationSummer","","","","","","","","","","","25000","COLLECTORS","TID_TRUE_GOLD_BELLE_SKIN","TID_TRUE_GOLD_BELLE_SKIN_SHOP","MODEL,TEXTURE","","gold_true_materials.glb","belle_gold_tex.sctx","belle_gold_tex.sctx","","","","","","true","","","","","","",""
"ElectroSniperSilver","ElectroSniperSilver","","SILVER","","","","","","","","","","","","HealingStationSummer","","","","","","","","","","","10000","COLLECTORS","TID_TRUE_SILVER_BELLE_SKIN","TID_TRUE_SILVER_BELLE_SKIN_SHOP","MODEL,TEXTURE","","silver_true_materials.glb","belle_silver_tex.sctx","belle_silver_tex.sctx","","","","","","true","","","","","","",""
"RollerGold","RollerGold","","GOLD","","","","","","","","","","","","","","","","","","","","","","","25000","COLLECTORS","TID_TRUE_GOLD_STU_SKIN","TID_TRUE_GOLD_STU_SKIN_SHOP","MODEL,TEXTURE","","gold_true_materials.glb","stu_gold_tex.sctx","stu_gold_tex.sctx","","","","","","true","","","","","","",""
"RollerSilver","RollerSilver","","SILVER","","","","","","","","","","","","","","","","","","","","","","","10000","COLLECTORS","TID_TRUE_SILVER_STU_SKIN","TID_TRUE_SILVER_STU_SKIN_SHOP","MODEL,TEXTURE","","silver_true_materials.glb","stu_silver_tex.sctx","stu_silver_tex.sctx","","","","","","true","","","","","","",""
"KnightGold","KnightGold","","GOLD","","","","","","","","","","","","KnightPetGold","","","","","","","","","","","25000","COLLECTORS","TID_TRUE_GOLD_ASH_SKIN","TID_TRUE_GOLD_ASH_SKIN_SHOP","MODEL,TEXTURE","","gold_true_materials.glb","ash_gold_tex.sctx","ash_gold_tex.sctx","","","","","","true","","","","","","",""
"KnightSilver","KnightSilver","","SILVER","","","","","","","","","","","","KnightPetSilver","","","","","","","","","","","10000","COLLECTORS","TID_TRUE_SILVER_ASH_SKIN","TID_TRUE_SILVER_ASH_SKIN_SHOP","MODEL,TEXTURE","","silver_true_materials.glb","ash_silver_tex.sctx","ash_silver_tex.sctx","","","","","","true","","","","","","",""
"DuplicatorGold","DuplicatorGold","","GOLD","","","","","","","","","","","","","","","","","","","","","","","25000","COLLECTORS","TID_TRUE_GOLD_LOLA_SKIN","TID_TRUE_GOLD_LOLA_SKIN_SHOP","MODEL,TEXTURE","","gold_true_materials.glb","lolla_gild_tex.sctx","lolla_gild_tex.sctx","","","","","500","true","","","","","","",""
"DuplicatorSilver","DuplicatorSilver","","SILVER","","","","","","","","","","","","","","","","","","","","","","","10000","COLLECTORS","TID_TRUE_SILVER_LOLA_SKIN","TID_TRUE_SILVER_LOLA_SKIN_SHOP","MODEL,TEXTURE","","silver_true_materials.glb","lolla_silver_tex.sctx","lolla_silver_tex.sctx","","","","","500","true","","","","","","",""
"MechaDudeGold","MechaDudeGold","","GOLD","","","","","","","","","","","","MechaDudeBigGold","MechaDudeReloadTowerDefault","","","","","","","","","","25000","COLLECTORS","TID_TRUE_GOLD_MEG_SKIN","TID_TRUE_GOLD_MEG_SKIN_SHOP","MODEL,TEXTURE","","gold_true_materials.glb","meg_gold_tex.sctx","meg_gold_tex.sctx","","","","","","true","","","","","","",""
"MechaDudeSilver","MechaDudeSilver","","SILVER","","","","","","","","","","","","MechaDudeBigSilver","MechaDudeReloadTowerDefault","","","","","","","","","","10000","COLLECTORS","TID_TRUE_SILVER_MEG_SKIN","TID_TRUE_SILVER_MEG_SKIN_SHOP","MODEL,TEXTURE","","silver_true_materials.glb","meg_silver_tex.sctx","meg_silver_tex.sctx","","","","","","true","","","","","","",""
"MechaDudeBigGold","MechaDudeBigGold","","GOLD","","","","","","","","","","","","","","","","","","","true","","","","","","","","","","gold_true_materials.glb","meg_mecha_gold_tex.sctx","meg_mecha_gold_tex.sctx","","","","","","true","","","","","","",""
"MechaDudeBigSilver","MechaDudeBigSilver","","SILVER","","","","","","","","","","","","","","","","","","","true","","","","","","","","","","silver_true_materials.glb","meg_mecha_silver_tex.sctx","meg_mecha_silver_tex.sctx","","","","","","true","","","","","","",""
"JetpackGirlValkyrie","JetpackGirlValkyrie","","BRAWLPASS","","","","","","","","","","","","","","","","","","5000","true","","149","","","EPIC","TID_VALKYRIE_JANET_SKIN","TID_VALKYRIE_JANET_SKIN_SHOP","MODEL,TEXTURE,ANIM,VFX","","","janet_valkyrie_tex.sctx","janet_valkyrie_tex.sctx","","","","","","","","","","","","AVAILABLE",""
"","","","NORSEGODS","","","","","","","","","","","","","","","","","","","true","","","","","","","","","","","","","","","","","","","","","","","","",""
"MechaDudeBigSilverAddon","MechaDudeBigSilverAddon","","","","","","","","","","","","","","","","","","","","","true","","","","","","","","","","silver_true_materials.glb","meg_silver_tex.sctx","meg_silver_tex.sctx","","","","","","","","","","","","",""
"MechaDudeBigGoldAddon","MechaDudeBigGoldAddon","","","","","","","","","","","","","","","","","","","","","true","","","","","","","","","","gold_true_materials.glb","meg_gold_tex.sctx","meg_gold_tex.sctx","","","","","","","","","","","","",""
"RuffsChimmy","RuffsChimmy","","BT21","","","","","","8","","","","","","","","","","","","","true","","149","","","EPIC","TID_BT21_RUFFS_SKIN","TID_BT21_RUFFS_SKIN_SHOP","MODEL,TEXTURE,ANIM,VFX","","","ruffs_chimmy_tex.sctx","ruffs_chimmy_tex.sctx","","","","","","","","","","","","NEVER",""
"SilencerDefault","SilencerDefault","","","","","","","","","","","","","","","","","","","","","true","","","","","","","","","","","otis_tex.sctx","otis_tex.sctx","","","","","","","","","","","","",""
"RocketGirlDelivery","RocketGirlDelivery","","RANKED_OLD","","","","","","","","","","","","","","","","","","5000","true","","149","","","EPIC","TID_POSTAL_BROCK_SKIN","TID_POSTAL_BROCK_SKIN_SHOP","MODEL,TEXTURE,ANIM,VFX","","","brock_delivery_tex.sctx","brock_delivery_tex.sctx","","","","","","","","","","","","AVAILABLE",""
"","","","CITY","","","","","","","","","","","","","","","","","","","true","","","","","","","","","","","","","","","","","","","","","","","","",""
"MummyDj","MummyDj","","SC_MAKE","","","","","","","","","","","","","","","","","","5000","true","","149","129","","EPIC","TID_MAKE_EMZ_SKIN","TID_MAKE_EMZ_SKIN_SHOP","MODEL,TEXTURE,ANIM,VFX","Bouncyduck","","emz_dj_tex.sctx","emz_dj_tex.sctx","","","","","","","","","","","","AVAILABLE",""
"","","","MUSIC","","","","","","","","","","","","","","","","","","","true","","","","","","","","","","","","","","","","","","","","","","","","",""
"SafeDeepsea","SafeDeepsea","","","","","","","","","","","","","","","","","","","","","true","","","","","","","","","","","","","","","","","","","","","","","","",""
"GunslingerPaintball","GunslingerPaintball","","BRAWLPASS","","sc/emoji_1.sc","emoji_colt_deepsea","","","","","","","","","","","","","","","2750","true","","79","","","SUPER_RARE","TID_SHARK_JAW_COLT_SKIN","TID_SHARK_JAW_COLT_SKIN_SHOP","MODEL,TEXTURE,ANIM,VFX","","","colt_paintball_tex.sctx","colt_paintball_tex.sctx","","","","-200","-100","","","","","","","AVAILABLE",""
"","","","DEEPSEA","","","","","","","","","","","","","","","","","","","true","","","","","","","","","","","","","","","","","","","","","","","","",""
"SilencerPharaoh","SilencerPharaoh","","BRAWLPASS","","","","","","","","","","","","","","","","","","5000","true","","149","","","EPIC","TID_PHARA_OTIS_SKIN","TID_PHARA_OTIS_SKIN_SHOP","MODEL,TEXTURE,ANIM,VFX","","","","","","","","","","","","","","","","AVAILABLE",""
"","","","DARKSANDS","","","","","","","","","","","","","","","","","","","true","","","","","","","","","","","","","","","","","","","","","","","","",""
"ElectroSniperCoral","ElectroSniperCoral","","DEEPSEA","","sc/emoji_1.sc","emoji_belle_deepsea","","","","","","","","","HealingStationSummer","","","","","","5000","true","","149","129","","EPIC","TID_CORAL_BELLE_SKIN","TID_CORAL_BELLE_SKIN_SHOP","MODEL,TEXTURE,ANIM,VFX","","","","","","","","400","200","","","","","","","AVAILABLE",""
"KickerDudeOcto","KickerDudeOcto","","DEEPSEA","","sc/emoji_1.sc","emoji_fang_deepsea","","","","","","","","","","","","","","","2750","true","","79","69","","SUPER_RARE","TID_OCTO_FANG_SKIN","TID_OCTO_FANG_SKIN_SHOP","MODEL,TEXTURE,ANIM,VFX","","","fang_octo_tex.sctx","fang_octo_tex.sctx","","","","","","","","","","","","AVAILABLE",""
"SilencerDefaultAddonStarfish","SilencerDefaultAddonStarfish","","","","","","","","","","","","","","","","","","","","","true","","","","","","","","","","","otis_tex.sctx","otis_tex.sctx","","","","","","","","","","","","",""
"CrossBomberGold","CrossBomberGold","","GOLD","","","","","","","","","","","","","","","","","","","","","","","25000","COLLECTORS","TID_TRUE_GOLD_GROM_SKIN","TID_TRUE_GOLD_GROM_SKIN_SHOP","MODEL,TEXTURE","","gold_true_materials.glb","grom_gold_tex.sctx","grom_gold_tex.sctx","","","","","","true","","","","","","",""
"CrossBomberSilver","CrossBomberSilver","","SILVER","","","","","","","","","","","","","","","","","","","","","","","10000","COLLECTORS","TID_TRUE_SILVER_GROM_SKIN","TID_TRUE_SILVER_GROM_SKIN_SHOP","MODEL,TEXTURE","","silver_true_materials.glb","grom_silver_tex.sctx","grom_silver_tex.sctx","","","","","","true","","","","","","",""
"FleaGold","FleaGold","","GOLD","","","","","","","","","","","","FleaPetGold","FleaBigEggGold","","","","","","","","","","25000","COLLECTORS","TID_TRUE_GOLD_EVE_SKIN","TID_TRUE_GOLD_EVE_SKIN_SHOP","MODEL,TEXTURE","","gold_true_materials.glb","eve_gold_tex.sctx","eve_gold_tex.sctx","","","","","","true","","","","","","",""
"FleaSilver","FleaSilver","","SILVER","","","","","","","","","","","","FleaPetSilver","FleaBigEggSilver","","","","","","","","","","10000","COLLECTORS","TID_TRUE_SILVER_EVE_SKIN","TID_TRUE_SILVER_EVE_SKIN_SHOP","MODEL,TEXTURE","","silver_true_materials.glb","eve_silver_tex.sctx","eve_silver_tex.sctx","","","","","","true","","","","","","",""
"JetpackGirlGold","JetpackGirlGold","","GOLD","","","","","","","","","","","","","","","","","","","","","","","25000","COLLECTORS","TID_TRUE_GOLD_JANET_SKIN","TID_TRUE_GOLD_JANET_SKIN_SHOP","MODEL,TEXTURE","","gold_true_materials.glb","janet_gold_tex.sctx","janet_gold_tex.sctx","","","","","","true","","","","","","",""
"JetpackGirlSilver","JetpackGirlSilver","","SILVER","","","","","","","","","","","","","","","","","","","","","","","10000","COLLECTORS","TID_TRUE_SILVER_JANET_SKIN","TID_TRUE_SILVER_JANET_SKIN_SHOP","MODEL,TEXTURE","","silver_true_materials.glb","janet_silver_tex.sctx","janet_silver_tex.sctx","","","","","","true","","","","","","",""
"CannonGirlGold","CannonGirlGold","","GOLD","","","","","","","","","","","","CannonGirlSmallGold","","","","","","","","","","","25000","COLLECTORS","TID_TRUE_GOLD_BONNIE_SKIN","TID_TRUE_GOLD_BONNIE_SKIN_SHOP","MODEL,TEXTURE","","gold_true_materials.glb","bonnie_gold_tex.sctx","bonnie_gold_tex.sctx","","","","","","true","","","","","","",""
"CannonGirlSilver","CannonGirlSilver","","SILVER","","","","","","","","","","","","CannonGirlSmallSilver","","","","","","","","","","","10000","COLLECTORS","TID_TRUE_SILVER_BONNIE_SKIN","TID_TRUE_SILVER_BONNIE_SKIN_SHOP","MODEL,TEXTURE","","silver_true_materials.glb","bonnie_silver_tex.sctx","bonnie_silver_tex.sctx","","","","","","true","","","","","","",""
"KickerDudeGold","KickerDudeGold","","GOLD","","","","","","","","","","","","","","","","","","","","","","","25000","COLLECTORS","TID_TRUE_GOLD_FANG_SKIN","TID_TRUE_GOLD_FANG_SKIN_SHOP","MODEL,TEXTURE","","gold_true_materials.glb","fang_gold_tex.sctx","fang_gold_tex.sctx","","","","","","true","","","","","","",""
"KickerDudeSilver","KickerDudeSilver","","SILVER","","","","","","","","","","","","","","","","","","","","","","","10000","COLLECTORS","TID_TRUE_SILVER_FANG_SKIN","TID_TRUE_SILVER_FANG_SKIN_SHOP","MODEL,TEXTURE","","silver_true_materials.glb","fang_silver_tex.sctx","fang_silver_tex.sctx","","","","","","true","","","","","","",""
"ArtilleryDudeCoverDefault","ArtilleryDudeCoverDefault","","","","","","","","","","","","","","","","","","","","","true","","","","","","","","","","","penny_barrel_gadget_tex.sctx","penny_barrel_gadget_tex.sctx","","","","","","","","","","","","",""
"SilencerPharaohAddonStarfish","SilencerPharaohAddonStarfish","","","","","","","","","","","","","","","","","","","","","true","","","","","","","","","","","otis_phara_tex.sctx","otis_phara_tex.sctx","","","","","","","","","","","","",""
"CannonGirlSmallGold","CannonGirlSmallGold","","GOLD","","","","","","","","","","","","","","","","","","","true","","","","","","","","","","gold_true_materials.glb","bonnie_gold_tex.sctx","bonnie_gold_tex.sctx","","","","","","true","","","","","","",""
"CannonGirlSmallSilver","CannonGirlSmallSilver","","SILVER","","","","","","","","","","","","","","","","","","","true","","","","","","","","","","silver_true_materials.glb","bonnie_silver_tex.sctx","bonnie_silver_tex.sctx","","","","","","true","","","","","","",""
"MinigunDudeBroker","MinigunDudeBroker","","CITY","","","","","","","","","","","","HealingStationBroker","","","","","","2750","true","","79","69","","SUPER_RARE","TID_BROKER_PAM_SKIN","TID_BROKER_PAM_SKIN_SHOP","MODEL,TEXTURE,ANIM,VFX","","","","","","","NinjaGhost","","","","","","","","","AVAILABLE",""
"NinjaGhost","NinjaGhost","","BRAWLOWEEN","","sc/emoji_1.sc","emoji_leon_ghost","","3","3","","","","","","","","","","","","2750","true","","79","","","SUPER_RARE","TID_BRAWLOWEEN_LEON_SKIN","TID_BRAWLOWEEN_LEON_SKIN_SHOP","MODEL,TEXTURE,ANIM,VFX","","","leon_ghost_tex.sctx","leon_ghost_tex.sctx","","","","","","","","","","","","NEVER",""
"UndertakerMecha","UndertakerMecha","","MECHA","","","","","","","","","","","","","","","","","","","true","true","299","","","LEGENDARY","TID_MECHA_MORIS_SKIN","TID_MECHA_MORTIS_SKIN_SHOP","MODEL,TEXTURE,ANIM,VFX,VOICE","","","","","","","","500","","","","","","","","AVAILABLE",""
"WeaponThrowerDefault","WeaponThrowerDefault","","","","","","","","","","","","","","","","","","","","","true","","","","","","","","","","","bronson_tex.sctx","bronson_tex.sctx","","","","","","","","","","","","",""
"SoulCollectorDefault","SoulCollectorDefault","","","","","","","","","","","","","","","","","","","","","true","","","","","","","","","","","gus_tex.sctx","gus_tex.sctx","","","","","","","","","","","","",""
"CrowVulture","CrowVulture","","CALAMITY","","sc/emoji_1.sc","emoji_crow_gang","","","","","","","","","","","","","","","5000","true","","149","129","","EPIC","TID_OUTLAW_CROW","TID_OUTLAW_CROW_SKIN_SHOP","MODEL,TEXTURE,ANIM,VFX","","","crow_outlaw_tex.sctx","crow_outlaw_tex.sctx","","","","","","","","","","","","AVAILABLE",""
"DeadMariachiOutlaw","DeadMariachiOutlaw","","BRAWLPASS","","sc/emoji_1.sc","emoji_poco_gang","","","","","","","","","","","","","","","5000","true","","149","","","EPIC","TID_OUTLAW_POCO_SKIN","TID_OUTLAW_POCO_SKIN_SHOP","MODEL,TEXTURE,ANIM,VFX","","","poco_dark_horse_tex.sctx","poco_dark_horse_tex.sctx","","","","-300","","","","","","","","AVAILABLE",""
"","","","CALAMITY","","","","","","","","","","","","","","","","","","","true","","","","","","","","","","","","","","","","","","","","","","","","",""
"WeaponThrowerEmperor","WeaponThrowerEmperor","","BRAWLPASS","","","","","","","","","","","","","","","","","","5000","true","","149","","","EPIC","TID_CAESAR_BRONSON_SKIN","TID_CAESAR_BRONSON_SKIN_SHOP","MODEL,TEXTURE,ANIM,VFX","","","bronson_emperor_tex.sctx","bronson_emperor_tex.sctx","","","","","","","","","","","","AVAILABLE",""
"","","","OLYMPUS","","","","","","","","","","","","","","","","","","","true","","","","","","","","","","","","","","","","","","","","","","","","",""
"BossBotOld","BossBotOld","","","","","","","","","","","","","","","","","","","","","true","","","","","","","","","","","bossbot_tex.sctx","bossbot_tex.sctx","","","","","","","","","","","","",""
"MeleeBotOld","MeleeBotOld","","","","","","","","","","","","","","","","","","","","","true","","","","","","","","","","","meleebot_tex.sctx","meleebot_tex.sctx","","","","","","","","","","","","",""
"RangedBotOld","RangedBotOld","","","","","","","","","","","","","","","","","","","","","true","","","","","","","","","","","rangedbot_tex.sctx","rangedbot_tex.sctx","","","","","","","","","","","","",""
"MeleeFastBotOld","MeleeFastBotOld","","","","","","","","","","","","","","","","","","","","","true","","","","","","","","","","","fastmeleebot_tex.sctx","fastmeleebot_tex.sctx","","","","","","","","","","","","",""
"DuplicatorOutlaw","DuplicatorOutlaw","","RANKED_OLD","","sc/emoji_1.sc","emoji_lolla_gang","","","","","","","","","DuplicatorOutlaw","","","","","","5000","true","","149","","","EPIC","TID_OUTLAW_LOLA_SKIN","TID_OUTLAW_LOLA_SKIN_SHOP","MODEL,TEXTURE,ANIM,VFX","","","lolla_outlow_tex.sctx","lolla_outlow_tex.sctx","","","","","500","","","","","","","AVAILABLE",""
"","","","CALAMITY","","","","","","","","","","","","","","","","","","","true","","","","","","","","","","","","","","","","","","","","","","","","",""
"StickyBombRabbit","StickyBombRabbit","","LUNAREVENT","","","","","","","","","","","","","","","","","","2750","true","","79","69","","SUPER_RARE","TID_MOON_FESTIVAL_SQUEAK_SKIN","TID_MOON_FESTIVAL_SQUEAK_SKIN_SHOP","MODEL,TEXTURE,ANIM,VFX","","","squeak_rabbit_tex.sctx","squeak_rabbit_tex.sctx","","","","","","","","","","","","AVAILABLE",""
"AssaultShotgunGold","AssaultShotgunGold","","GOLD","","","","","","","","","","","","","","","","","","","","","","","25000","COLLECTORS","TID_TRUE_GOLD_GRIFF_SKIN","TID_TRUE_GOLD_GRIFF_SKIN_SHOP","MODEL,TEXTURE","","gold_true_materials.glb","griff_gold_tex.sctx","griff_gold_tex.sctx","","","","","","true","","","","","","",""
"AssaultShotgunSilver","AssaultShotgunSilver","","SILVER","","","","","","","","","","","","","","","","","","","","","","","10000","COLLECTORS","TID_TRUE_SILVER_GRIFF_SKIN","TID_TRUE_SILVER_GRIFF_SKIN_SHOP","MODEL,TEXTURE","","silver_true_materials.glb","griff_silver_tex.sctx","griff_silver_tex.sctx","","","","","","true","","","","","","",""
"EnragerGold","EnragerGold","","GOLD","","","","","","","","","","","","","","","","","","","","","","","25000","COLLECTORS","TID_TRUE_GOLD_EDGAR_SKIN","TID_TRUE_GOLD_EDGAR_SKIN_SHOP","MODEL,TEXTURE","","gold_true_materials.glb","edgar_gold_tex.sctx","edgar_gold_tex.sctx","","","","","","true","","","","","","",""
"EnragerSilver","EnragerSilver","","SILVER","","","","","","","","","","","","","","","","","","","","","","","10000","COLLECTORS","TID_TRUE_SILVER_EDGAR_SKIN","TID_TRUE_SILVER_EDGAR_SKIN_SHOP","MODEL,TEXTURE","","silver_true_materials.glb","edgar_silver_tex.sctx","edgar_silver_tex.sctx","","","","","","true","","","","","","",""
"SilencerGold","SilencerGold","","GOLD","","","","","","","","","","","","","","","","","","","","","","","25000","COLLECTORS","TID_TRUE_GOLD_OTIS_SKIN","TID_TRUE_GOLD_OTIS_SKIN_SHOP","MODEL,TEXTURE","","gold_true_materials.glb","otis_gold_tex.sctx","otis_gold_tex.sctx","","","","","","true","","","","","","",""
"SilencerSilver","SilencerSilver","","SILVER","","","","","","","","","","","","","","","","","","","","","","","10000","COLLECTORS","TID_TRUE_SILVER_OTIS_SKIN","TID_TRUE_SILVER_OTIS_SKIN_SHOP","MODEL,TEXTURE","","silver_true_materials.glb","otis_silver_tex.sctx","otis_silver_tex.sctx","","","","","","true","","","","","","",""
"SnakeOilGold","SnakeOilGold","","GOLD","","","","","","","","","","","","","","","","","","","","","","","25000","COLLECTORS","TID_TRUE_GOLD_BYRON_SKIN","TID_TRUE_GOLD_BYRON_SKIN_SHOP","MODEL,TEXTURE","","gold_true_materials.glb","byron_gold_tex.sctx","byron_gold_tex.sctx","","","","","","true","","","","","","",""
"SnakeOilSilver","SnakeOilSilver","","SILVER","","","","","","","","","","","","","","","","","","","","","","","10000","COLLECTORS","TID_TRUE_SILVER_BRYON_SKIN","TID_TRUE_SILVER_BYRON_SKIN_SHOP","MODEL,TEXTURE","","silver_true_materials.glb","byron_silver_tex.sctx","byron_silver_tex.sctx","","","","","","true","","","","","","",""
"StickyBombGold","StickyBombGold","","GOLD","","","","","","","","","","","","","","","","","","","","","","","25000","COLLECTORS","TID_TRUE_GOLD_SQUEAK_SKIN","TID_TRUE_GOLD_SQUEAK_SKIN_SHOP","MODEL,TEXTURE","","gold_true_materials.glb","squeak_gold_tex.sctx","squeak_gold_tex.sctx","","","","","","true","","","","","","",""
"StickyBombSilver","StickyBombSilver","","SILVER","","","","","","","","","","","","","","","","","","","","","","","10000","COLLECTORS","TID_TRUE_SILVER_SQUEAK_SKIN","TID_TRUE_SILVER_SQUEAK_SKIN_SHOP","MODEL,TEXTURE","","silver_true_materials.glb","squeak_silver_tex.sctx","squeak_silver_tex.sctx","","","","","","true","","","","","","",""
"HealingStationBroker","HealingStationBroker","","","","","","","","","","","","","","","","","","","","","true","","","","","","","","","","","pam_broker_turret_tex.sctx","pam_broker_turret_tex.sctx","","","","","","","","","","","","",""
"UndertakerChromaLight","UndertakerChromaLight","","MECHA","","","","","","","","","","","","","","","","","","","","","49","","","LEGENDARY","TID_LIGHT_MECHA_MORTIS_SKIN","TID_LIGHT_MECHA_MORTIS_SKIN_SHOP","MODEL,TEXTURE,ANIM,VFX,VOICE","","","","","","","","","","","","UndertakerMecha","","","","",""
"UndertakerChromaDark","UndertakerChromaDark","","MECHA","","","","","","","","","","","","","","","","","","","","","49","","","LEGENDARY","TID_DARK_MECHA_MORTIS_SKIN","TID_DARK_MECHA_MORTIS_SKIN_SHOP","MODEL,TEXTURE,ANIM,VFX,VOICE","","","","","","","","","","","","UndertakerMecha","","","","",""
"KnightPizza","KnightPizza","","MEAL","","","","","","","","","","","","KnightPetPizza","","","","","","5000","true","","149","","","EPIC","TID_BRICK_OVEN_ASH_SKIN","TID_BRICK_OVEN_ASH_SKIN_SHOP","MODEL,TEXTURE,ANIM,VFX","","","ash_pizza_tex.sctx","ash_pizza_tex.sctx","","","","","","","","","","","","AVAILABLE",""
"KnightPetPizza","KnightPetPizza","","","","","","","","","","","","","","","","","","","","","true","","","","","","","","","","","ash_pizza_tex.sctx","ash_pizza_tex.sctx","","","","","","","","","","","","",""
"BarrelBotOmegabox","BarrelBotOmegabox","","LASTBOX","","","","","4","4","true","","","","","","","","","","","5000","true","","149","","","EPIC","TID_MEGA_MEGABOX_DARRYL_SKIN","TID_MEGA_MEGABOX_DARRYL_SKIN_SHOP","MODEL,TEXTURE,ANIM,VFX","","","darryl_omegabox_tex.sctx","darryl_omegabox_tex.sctx","","","","","","","","","","","","NEVER",""
"ShieldTankDefault","ShieldTankDefault","","","","","","","","","","","","","","","","","","","","","true","","","","","","","","","","","buster_tex.sctx","buster_tex.sctx","","","","","","","","","","","","",""
"CrossBomberFranken","CrossBomberFranken","","BRAWLOWEEN","","","","","3","3","","","","","","","","","","","","5000","true","","149","","","EPIC","TID_GHOST_TRAIN_GROM_SKIN","TID_GHOST_TRAIN_GROM_SKIN_SHOP","MODEL,TEXTURE,ANIM,VFX","","","grom_franken_tex.sctx","grom_franken_tex.sctx","","","","","","","","","","","","NEVER",""
"PercenterInspector","PercenterInspector","","RANKED_OLD","","","","","","","","","","","","MechanicTurretTanuki","","","","","","5000","true","","149","","","EPIC","TID_GHOST_TRAIN_COLETTE_SKIN","TID_GHOST_TRAIN_COLETTE_SKIN_SHOP","MODEL,TEXTURE,ANIM,VFX","","","colette_ghost_tex.sctx","colette_ghost_tex.sctx","","","","100","-700","","","","","","","AVAILABLE",""
"","","","BRAWLOWEEN","","","","","","","","","","","","","","","","","","","true","","","","","","","","","","","","","","","","","","","","","","","","",""
"ArtilleryDudeZombie","ArtilleryDudeZombie","","BRAWLPASS","","","","","","","","","","","","ArtilleryDudeTurretZombie","ArtilleryDudeCoverDefault","","","","","5000","true","","149","","","EPIC","TID_GHOST_METRO_PENNY_SKIN","TID_GHOST_METRO_PENNY_SKIN_SHOP","MODEL,TEXTURE,ANIM,VFX","","","penny_ghost_tex.sctx","penny_ghost_tex.sctx","","","","","","","","","","","","AVAILABLE",""
"","","","BRAWLOWEEN","","","","","","","","","","","","","","","","","","","true","","","","","","","","","","","","","","","","","","","","","","","","",""
"ArtilleryDudeTurretZombie","ArtilleryDudeTurretZombie","","","","","","","","","","","","","","","","","","","","","true","","","","","","","","","","","penny_ghost_tex.sctx","penny_ghost_tex.sctx","","","","","","","","","","","","",""
"RocketGirlGhost","RocketGirlGhost","","BRAWLOWEEN","","","","","3","3","","","","","","","","","","","","1000","true","","29","","","RARE","TID_ZOMBIE_BROCK_SKIN","TID_ZOMBIE_BROCK_SKIN_SHOP","MODEL,TEXTURE","","","brock_ghost_tex.sctx","brock_ghost_tex.sctx","","","","","","","","","","","","NEVER",""
"BlackHoleWorldfinal","BlackHoleWorldfinal","","WF_2022","","","","","3","3","","","","","","","","","","","","5000","true","","149","","","EPIC","TID_BSWF22_TARA_SKIN","TID_BSWF22_TARA_SKIN_SHOP","MODEL,TEXTURE,ANIM,VFX","","","tara_world_finals_tex.sctx","tara_world_finals_tex.sctx","","","","","","","","","","","","NEVER",""
"JetpackGirlTopgun","JetpackGirlTopgun","","MAXFORCE","","","","","","","","","","","","","","","","","","1000","true","","29","","","RARE","TID_TOPGUN_JANET_SKIN","TID_TOPGUN_JANET_SKIN_SHOP","MODEL,TEXTURE","","","janet_topgunny_tex.sctx","janet_topgunny_tex.sctx","","","","","","","","","","","","NEVER",""
"ShieldTankChainsaw","ShieldTankChainsaw","","BRAWLPASS","","","","","","","","","","","","","","","","","","5000","true","","149","","","EPIC","TID_CHAINSAW_BUSTER_SKIN","TID_CHAINSAW_BUSTER_SKIN_SHOP","MODEL,TEXTURE,ANIM,VFX","","","buster_ash_tex.sctx","buster_ash_tex.sctx","","","","","","","","","","","","AVAILABLE",""
"","","","BRAWLOWEEN","","","","","","","","","","","","","","","","","","","true","","","","","","","","","","","","","","","","","","","","","","","","",""
"JesterDefault","JesterDefault","","","","","","","","","","","","","","","","","","","","","true","","","","","","","","","","","chester_tex.sctx","chester_tex.sctx","","","","","","","","","","","","",""
"BarrelBotCupcake","BarrelBotCupcake","","CANDYLAND","","sc/emoji_1.sc","emoji_darryl_cupcake","","","","","","","","","","","","","","","5000","true","","149","129","","EPIC","TID_CUPCAKE_DARRYL_SKIN","TID_CUPCAKE_DARRYL_SKIN_SHOP","MODEL,TEXTURE,ANIM,VFX","","","darryl_cupcake_tex.sctx","darryl_cupcake_tex.sctx","","","","","","","","","","","","AVAILABLE",""
"FireDudeFrost","FireDudeFrost","","DARKMAS","","sc/emoji_1.sc","emoji_amber_ice","","","","","","","","","","","","","","","","true","true","299","","","LEGENDARY","TID_FROST_QUEEN_AMBER_SKIN","TID_FROST_QUEEN_AMBER_SKIN_SHOP","MODEL,TEXTURE,ANIM,VFX,VOICE,TAKEDOWN","","","amber_frost_tex.sctx","amber_frost_tex.sctx","","","","","","","","","","","","AVAILABLE",""
"DoorManDefault","DoorManDefault","","","","","","","","","","","","","","","","","","","","","true","","","","","","","","","","","gray_tex.sctx","gray_tex.sctx","","","","","","","","","","","","",""
"KnightPinata","KnightPinata","","RANKED_OLD","","","","","","","","","","","","KnightPetPinata","","","","","","5000","true","","149","","","EPIC","TID_PINATA_ASH_SKIN","TID_PINATA_ASH_SKIN_SHOP","MODEL,TEXTURE,ANIM,VFX","","","ash_pinata_tex.sctx","ash_pinata_tex.sctx","","","","","","","","","","","","AVAILABLE",""
"","","","CANDYLAND","","","","","","","","","","","","","","","","","","","true","","","","","","","","","","","","","","","","","","","","","","","","",""
"KnightPetPinata","KnightPetPinata","","","","","","","","","","","","","","","","","","","","","true","","","","","","","","","","","ash_pinata_tex.sctx","ash_pinata_tex.sctx","","","","","","","","","","","","",""
"BeamerDefault","BeamerDefault","","","","","","","","","","","","","","","","","","","","","true","","","","","","","","","","","mandy_tex.sctx","mandy_tex.sctx","","","","","","","","","","","","",""
"RopeDudeLollipop","RopeDudeLollipop","","CANDYLAND","","sc/emoji_1.sc","emoji_buzz_buzzette","","","","","","","","","","","","","","","5000","true","","149","129","","EPIC","TID_BUZZETTE_SKIN","TID_BUZZETTE_SKIN_SHOP","MODEL,TEXTURE,ANIM,VFX","","","","","","","","-150","100","","","","","","","AVAILABLE",""
"KnightKrampus","KnightKrampus","","DARKMAS","","sc/emoji_1.sc","emoji_ash_krampus","","","","","","","","","KnightPetKrampus","","","","","","2750","true","","79","","","SUPER_RARE","TID_KRAMPUS_ASH_SKIN","TID_KRAMPUS_ASH_SKIN_SHOP","MODEL,TEXTURE,ANIM,VFX","","","ash_krampus_tex.sctx","ash_krampus_tex.sctx","","","","","","","","","","","","AVAILABLE",""
"KnightPetKrampus","KnightPetKrampus","","","","","","","","","","","","","","","","","","","","","true","","","","","","","","","","","ash_krampus_tex.sctx","ash_krampus_tex.sctx","","","","","","","","","","","","",""
"WeaponThrowerYeti","WeaponThrowerYeti","","DARKMAS","","sc/emoji_1.sc","emoji_bronson_yeti","","","","","","","","","","","","","","","5000","true","","149","","","EPIC","TID_YETI_SAM_SKIN","TID_YETI_SAM_SKIN_SHOP","MODEL,TEXTURE,ANIM,VFX","","","bronson_yeti_tex.sctx","bronson_yeti_tex.sctx","","","","200","","","","","","","","AVAILABLE",""
"ShamanGummybear","ShamanGummybear","","BRAWLPASS","","sc/emoji_1.sc","emoji_nita_gummy","","","","","","","","","ShamanPetGummybear","","","","","","2750","true","","79","","","SUPER_RARE","TID_GUMMYBEAR_NITA_SKIN","TID_GUMMYBEAR_NITA_SKIN_SHOP","MODEL,TEXTURE,ANIM,VFX","","","nita_gummybear_tex.sctx","nita_gummybear_tex.sctx","","","","","","","","","","","","AVAILABLE",""
"","","","CANDYLAND","","","","","","","","","","","","","","","","","","","true","","","","","","","","","","","","","","","","","","","","","","","","",""
"ShamanPetGummybear","ShamanPetGummybear","","","","","","","","","","","","","","","","","","","","","true","","","","","","","","","","","nita_gummybear_bear_tex.sctx","nita_gummybear_bear_tex.sctx","","","","","","","","","","","","",""
"BeamerLavaQueen","BeamerLavaQueen","","BRAWLPASS","","","","","","","","","","","","","","","","","","5000","true","","149","","","EPIC","TID_MAGMA_MANDY_SKIN","TID_MAGMA_MANDY_SKIN_SHOP","MODEL,TEXTURE,ANIM,VFX","","","mandy_lava_tex.sctx","mandy_lava_tex.sctx","","","","","","","","","","","","AVAILABLE",""
"","","","PHOENIX","","","","","","","","","","","","","","","","","","","true","","","","","","","","","","","","","","","","","","","","","","","","",""
"JesterGhost","JesterGhost","","BRAWLOWEEN","","","","","","","","","","","","","","","","","","1000","true","","29","","","RARE","TID_DARK_CHESTER_SKIN","TID_DARK_CHESTER_SKIN_SHOP","MODEL,TEXTURE","","","chester_ghostly_tex.sctx","chester_ghostly_tex.sctx","","","","","","","","","","","","NEVER",""
"AssaultShotgunArcade","AssaultShotgunArcade","","GAMING","","","","","3","3","","","","","","","","","","","","2750","true","","79","","","SUPER_RARE","TID_ARCADE_GRIFF_SKIN","TID_ARCADE_GRIFF_SKIN_SHOP","MODEL,TEXTURE,ANIM,VFX","","","griff_arcade_tex.sctx","griff_arcade_tex.sctx","","","","","","","","","","","","NEVER",""
"FleaBiker","FleaBiker","","LNY","","","","","3","3","","","","","","FleaBigEggBiker","FleaPetBiker","","","","","5000","true","","149","","","EPIC","TID_RIDER_EVE_SKIN","TID_RIDER_EVE_SKIN_SHOP","MODEL,TEXTURE,ANIM,VFX","","","eve_biker_tex.sctx","eve_biker_tex.sctx","","","","","","","","","","","","NEVER",""
"ShotgunGirloldschool","ShotgunGirloldschool","","ANNIVERSARY2022","","","","","4","4","","","","","","","","","","","","1000","true","","29","","","RARE","TID_CLASSIC_SHELLY_SKIN","TID_CLASSIC_SHELLY_SKIN_SHOP","MODEL,TEXTURE","","","shelly_xmas_tex.sctx","shelly_xmas_tex.sctx","","","","","","","","","","","","NEVER",""
"BeamerMC","BeamerMC","","MUSIC","","","","","","","","","","","","","","","","","","1000","true","","29","","","RARE","TID_MC_MANDY_SKIN","TID_MC_MANDY_SKIN_SHOP","MODEL,TEXTURE","","","mandy_mc_tex.sctx","mandy_mc_tex.sctx","","","","","","","","","","","","NEVER",""
"DoorManRunaway","DoorManRunaway","","OUTLAWS","","","","","","","","","","","","","","","","","","1000","true","","29","","","RARE","TID_RUNAWAY_GRAY_SKIN","TID_RUNAWAY_GRAY_SKIN_SHOP","MODEL,TEXTURE","","","gray_runaway_tex.sctx","gray_runaway_tex.sctx","","","","","","","","","","","","NEVER",""
"SoulCollectorworldfinals","SoulCollectorworldfinals","","WC_2022","","","","","3","3","","","","","","","","","","","","","true","","149","","","EPIC","TID_WF_GUS_SKIN","TID_WF_GUS_SKIN_SHOP","MODEL,TEXTURE,ANIM,VFX","","","gus_worldfinals_tex.sctx","gus_worldfinals_tex.sctx","","","","","","","","","","","","NEVER",""
"FleaPetBiker","FleaPetBiker","","","","","","","","","","","","","","","","","","","","","true","","","","","","","","","","","eve_biker_tex.sctx","eve_biker_tex.sctx","","","","","","","","","","","","",""
"FleaBigEggBiker","FleaBigEggBiker","","","","","","","","","","","","","","","","","","","","","true","","","","","","","","","","","eve_biker_tex.sctx","eve_biker_tex.sctx","","","","","","","","","","","","",""
"WeaponThrowerValentines","WeaponThrowerValentines","","BRAWLENTINES","","","","","","","","","","","","","","","","","","1000","true","","29","","","RARE","TID_TEDDY_SAM_SKIN","TID_TEDDY_SAM_SKIN_SHOP","MODEL,TEXTURE","","","bronson_valentines_tex.sctx","bronson_valentines_tex.sctx","","","","","","","","","","","","NEVER",""
"HammerDudeknight","HammerDudeknight","","SC_MAKE","","","","","","","","","","","","","","","","","","5000","true","","149","","","EPIC","TID_SPIRIT_KNIGHT_FRANK_SKIN","TID_SPIRIT_KNIGHT_FRANK_SKIN_SHOP","MODEL,TEXTURE,ANIM,VFX","Winkyxsq","","frank_make_tex.sctx","frank_make_tex.sctx","","","","","","true","","","","","","AVAILABLE",""
"","","","FANTASY","","","","","","","","","","","","","","","","","","","true","","","","","","","","","","","","","","","","","","","","","","","","",""
"DuplicatorKitsune","DuplicatorKitsune","","MASKS","","sc/emoji_1.sc","emoji_lola_mask","","","","","","","","","DuplicatorKitsune","","","","","","5000","true","","149","","","EPIC","TID_KITSUNE_LOLA_SKIN","TID_KITSUNE_LOLA_SKIN_SHOP","MODEL,TEXTURE,ANIM,VFX","","","lolla_kitsune_tex.sctx","lolla_kitsune_tex.sctx","","","","","500","","","","","","","AVAILABLE",""
"SilencerOni","SilencerOni","","MASKS","","sc/emoji_1.sc","emoji_otis_mask","","","","","","","","","","","","","","","5000","true","","149","","","EPIC","TID_ONI_OTIS_SKIN","TID_ONI_OTIS_SKIN_SHOP","MODEL,TEXTURE,ANIM,VFX","","","otis_oni_tex.sctx","otis_oni_tex.sctx","","","","","","","","","","","","AVAILABLE",""
"TntDudeTengu","TntDudeTengu","","MASKS","","sc/emoji_1.sc","emoji_dynamike_mask","","","","","","","","","","","","","","","5000","true","","149","","","EPIC","TID_TENGU_MIKE_SKIN","TID_TENGU_MIKE_SKIN_SHOP","MODEL,TEXTURE,ANIM,VFX","","","dynamike_tengu_tex.sctx","dynamike_tengu_tex.sctx","","","","","","","","","","","","AVAILABLE",""
"SilencerOniAddonStarfish","SilencerOniAddonStarfish","","","","","","","","","","","","","","","","","","","","","true","","","","","","","","","","","otis_oni_tex.sctx","otis_oni_tex.sctx","","","","","","","","","","","","",""
"DoorManDetective","DoorManDetective","","HUB","","sc/emoji_1.sc","emoji_gray_detective","","","","","","","","","","","","","","","2750","true","","79","","","SUPER_RARE","TID_DETECTIVE_GRAY_SKIN","TID_DETECTIVE_GRAY_SKIN_SHOP","MODEL,TEXTURE,ANIM,VFX","","","gray_investigator_tex.sctx","gray_investigator_tex.sctx","","","","-200","","","","","","","","AVAILABLE",""
"BullDudeAlleycat","BullDudeAlleycat","","HUB","","sc/emoji_1.sc","emoji_bull_alleycat","","","","","","","","","","","","","","","5000","true","","149","","","EPIC","TID_ALLEYCAT_BULL_SKIN","TID_ALLEYCAT_BULL_SKIN_SHOP","MODEL,TEXTURE,ANIM,VFX","","","bull_alleycat_redux_tex.sctx","bull_alleycat_redux_tex.sctx","","","","","","","","","","","","AVAILABLE",""
"SniperMariposa","SniperMariposa","","RANKED_OLD","","","","","","","","","","","","","","","","","","5000","true","","149","","","EPIC","TID_MARIPOSA_PIPER_SKIN","TID_MARIPOSA_PIPER_SKIN_SHOP","MODEL,TEXTURE,ANIM,VFX","","","piper_noir_tex.sctx","piper_noir_tex.sctx","","","","-200","-100","","","","","","","AVAILABLE",""
"","","","HUB","","","","","","","","","","","","","","","","","","","true","","","","","","","","","","","","","","","","","","","","","","","","",""
"SplitterDefault","SplitterDefault","","","","","","","","","","","","","","SplitterLegsDefault","","","","","","","true","","","","","","","","","","","rt_tex.sctx","rt_tex.sctx","","","","","","","","","","","","",""
"SplitterLegsDefault","SplitterLegsDefault","","","","","","","","","","","","","","","","","","","","","true","","","","","","","","","","","rt_tex.sctx","rt_tex.sctx","","","","","","","","","","","","",""
"PuppeteerDefault","PuppeteerDefault","","","","","","","","","","","","","","","","","","","","","true","","","","","","","","","","","willow_tex.sctx","willow_tex.sctx","","","","","","","","","","","","",""
"LuchadorButler","LuchadorButler","","BRAWLPASS","","sc/emoji_1.sc","emoji_primo_waiter","","","","","","","","","","","","","","","2750","true","","79","","","SUPER_RARE","TID_EL_MAYORDOMO_SKIN","TID_EL_MAYORDOMO_SKIN_SHOP","MODEL,TEXTURE,ANIM,VFX","","","primo_el_butler_tex.sctx","primo_el_butler_tex.sctx","","","","200","200","","","","","","","AVAILABLE",""
"","","","HUB","","","","","","","","","","","","","","","","","","","true","","","","","","","","","","","","","","","","","","","","","","","","",""
"JetpackGirlPopstar","JetpackGirlPopstar","","GOODRANDOMS","","","","","","","","","","","","","","","","","","2750","true","","79","","","SUPER_RARE","TID_POPSTAR_JANET_SKIN","TID_POPSTAR_JANET_SKIN_SHOP","MODEL,TEXTURE,ANIM,VFX","","","janet_popstar_tex.sctx","janet_popstar_tex.sctx","","","","","","","","","","","","AVAILABLE",""
"ControllerEaster","ControllerEaster","","BUNNY_BRIGADE","","","","","","","","","","","","ControllerEasterAddon","","","","","","2750","true","","79","","","SUPER_RARE","TID_BELL_NANI_SKIN","TID_BELL_NANI_SKIN_SHOP","MODEL,TEXTURE,ANIM,VFX","","","nani_easter_tex.sctx","nani_easter_tex.sctx","","","","","","","","","","","","AVAILABLE",""
"ControllerEasterAddon","ControllerEasterAddon","","","","","","","","","","","","","","","","","","","","","true","","","","","","","","","","","nani_easter_tex.sctx","nani_easter_tex.sctx","","","","","","","","","","","","",""
"WhirlwindRamadan","WhirlwindRamadan","","LANTERN","","","","","","","","","","","","","","","","","","5000","true","","149","","","EPIC","TID_MAGIC_CARPET_CARL_SKIN","TID_MAGIC_CARPET_CARL_SKIN_SHOP","MODEL,TEXTURE,ANIM,VFX","","","carl_ramandan_tex.sctx","carl_ramandan_tex.sctx","","","","","","","","","","","","AVAILABLE",""
"DoorManDoorManDetectiveChroma","DoorManDoorManDetectiveChroma","","HUB","","","","","","","","","","","","","","","","","","1000","true","","29","","","RARE","TID_DETECTIVE_GRAY_NOIR_SKIN","TID_DETECTIVE_GRAY_NOIR_SKIN_SHOP","MODEL,TEXTURE,ANIM,VFX","","","gray_investigator_chroma_tex.sctx","gray_investigator_chroma_tex.sctx","","","","-200","","","","DoorManDetective","","","","NEVER",""
"SplitterCultist","SplitterCultist","","BRAWLPASS","","","","","","","","","","","","SplitterLegsCultist","","","","","","5000","true","","149","","","EPIC","TID_CRIMSON_RT_SKIN","TID_CRIMSON_RT_SKIN_SHOP","MODEL,TEXTURE,ANIM,VFX","","","rt_cultist_tex.sctx","rt_cultist_tex.sctx","","","","","-830","","","","","","","AVAILABLE",""
"","","","ONCEUPON","","","","","","","","","","","","","","","","","","","true","","","","","","","","","","","","","","","","","","","","","","","","",""
"SplitterPolice","SplitterPolice","","MAXFORCE","","","","","","","","","","","","SplitterLegsPolice","","","","","","1000","true","","29","","","RARE","TID_ROTOCOP_SKIN","TID_ROTOCOP_SKIN_SHOP","MODEL,TEXTURE","","","rt_police_tex.sctx","rt_police_tex.sctx","","","","","","","","","","","","NEVER",""
"PuppeteerAxl","PuppeteerAxl","","MISC","","","","","","","","","","","","","","","","","","1000","true","","29","","","RARE","TID_AXL_WILLOW_SKIN","TID_AXL_WILLOW_SHOP","MODEL,TEXTURE","","","willow_axl_tex.sctx","willow_axl_tex.sctx","","","","","","","","","","","","NEVER",""
"BeamerGold","BeamerGold","","GOLD","","","","","","","","","","","","","","","","","","","","","","","25000","COLLECTORS","TID_TRUE_GOLD_MANDY_SKIN","TID_TRUE_GOLD_MANDY_SKIN_SHOP","MODEL,TEXTURE","","gold_true_materials.glb","mandy_gold_tex.sctx","mandy_gold_tex.sctx","","","","","","true","","","","","","",""
"SplitterLegsCultist","SplitterLegsCultist","","","","","","","","","","","","","","","","","","","","","true","","","","","","","","","","","rt_cultist_tex.sctx","rt_cultist_tex.sctx","","","","","","","","","","","","",""
"SplitterLegsPolice","SplitterLegsPolice","","","","","","","","","","","","","","","","","","","","","true","","","","","","","","","","","rt_police_tex.sctx","rt_police_tex.sctx","","","","","","","","","","","","",""
"BeamerSilver","BeamerSilver","","SILVER","","","","","","","","","","","","","","","","","","","","","","","10000","COLLECTORS","TID_TRUE_SILVER_MANDY_SKIN","TID_TRUE_SILVER_MANDY_SKIN_SHOP","MODEL,TEXTURE","","silver_true_materials.glb","mandy_silver_tex.sctx","mandy_silver_tex.sctx","","","","","","true","","","","","","",""
"ShieldTankGold","ShieldTankGold","","GOLD","","","","","","","","","","","","","","","","","","","","","","","25000","COLLECTORS","TID_TRUE_GOLD_BUSTER_SKIN","TID_TRUE_GOLD_BUSTER_SKIN_SHOP","MODEL,TEXTURE","","gold_true_materials.glb","buster_gold_tex.sctx","buster_gold_tex.sctx","","","","","","true","","","","","","",""
"ShieldTankSilver","ShieldTankSilver","","SILVER","","","","","","","","","","","","","","","","","","","","","","","10000","COLLECTORS","TID_TRUE_SILVER_BUSTER_SKIN","TID_TRUE_SILVER_BUSTER_SKIN_SHOP","MODEL,TEXTURE","","silver_true_materials.glb","buster_silver_tex.sctx","buster_silver_tex.sctx","","","","","","true","","","","","","",""
"SoulCollectorGold","SoulCollectorGold","","GOLD","","","","","","","","","","","","","","","","","","","","","","","25000","COLLECTORS","TID_TRUE_GOLD_GUS_SKIN","TID_TRUE_GOLD_GUS_SKIN_SHOP","MODEL,TEXTURE","","gold_true_materials.glb","gus_gold_tex.sctx","gus_gold_tex.sctx","","","","","","true","","","","","","",""
"SoulCollectorSilver","SoulCollectorSilver","","SILVER","","","","","","","","","","","","","","","","","","","","","","","10000","COLLECTORS","TID_TRUE_SILVER_GUS_SKIN","TID_TRUE_SILVER_GUS_SKIN_SHOP","MODEL,TEXTURE","","silver_true_materials.glb","gus_silver_tex.sctx","gus_silver_tex.sctx","","","","","","true","","","","","","",""
"JesterGold","JesterGold","","GOLD","","","","","","","","","","","","","","","","","","","","","","","25000","COLLECTORS","TID_TRUE_GOLD_CHESTER_SKIN","TID_TRUE_GOLD_CHESTER_SKIN_SHOP","MODEL,TEXTURE","","gold_true_materials.glb","chester_gold_tex.sctx","chester_gold_tex.sctx","","","","","","true","","","","","","",""
"JesterSilver","JesterSilver","","SILVER","","","","","","","","","","","","","","","","","","","","","","","10000","COLLECTORS","TID_TRUE_SILVER_CHESTER_SKIN","TID_TRUE_SILVER_CHESTER_SKIN_SHOP","MODEL,TEXTURE","","silver_true_materials.glb","chester_silver_tex.sctx","chester_silver_tex.sctx","","","","","","true","","","","","","",""
"WeaponThrowerGold","WeaponThrowerGold","","GOLD","","","","","","","","","","","","","","","","","","","","","","","25000","COLLECTORS","TID_TRUE_GOLD_SAM_SKIN","TID_TRUE_GOLD_SAM_SKIN_SHOP","MODEL,TEXTURE","","gold_true_materials.glb","bronson_gold_tex.sctx","bronson_gold_tex.sctx","","","","","","true","","","","","","",""
"WeaponThrowerSilver","WeaponThrowerSilver","","SILVER","","","","","","","","","","","","","","","","","","","","","","","10000","COLLECTORS","TID_TRUE_SILVER_SAM_SKIN","TID_TRUE_SILVER_SAM_SKIN_SHOP","MODEL,TEXTURE","","silver_true_materials.glb","bronson_silver_tex.sctx","bronson_silver_tex.sctx","","","","","","true","","","","","","",""
"DoorManGold","DoorManGold","","GOLD","","","","","","","","","","","","","","","","","","","","","","","25000","COLLECTORS","TID_TRUE_GOLD_GRAY_SKIN","TID_TRUE_GOLD_GRAY_SKIN_SHOP","MODEL,TEXTURE","","gold_true_materials.glb","gray_gold_tex.sctx","gray_gold_tex.sctx","","","","","","true","","","","","","",""
"DoorManSilver","DoorManSilver","","SILVER","","","","","","","","","","","","","","","","","","","","","","","10000","COLLECTORS","TID_TRUE_SILVER_GRAY_SKIN","TID_TRUE_SILVER_GRAY_SKIN_SHOP","MODEL,TEXTURE","","silver_true_materials.glb","gray_silver_tex.sctx","gray_silver_tex.sctx","","","","","","true","","","","","","",""
"ClusterBombDudeCerberus","ClusterBombDudeCerberus","","DARKGREEK","","sc/emoji_1.sc","emoji_tick_olympus","","","","","","","","","ClusterBombPetCerberus","","","","","","","true","true","199","","","MYTHIC","TID_CERBERUS_TICK_SKIN","TID_CERBERUS_TICK_SKIN_SHOP","MODEL,TEXTURE,ANIM,VFX","","","tick_cerberus_tex.sctx","tick_cerberus_tex.sctx","","","","","140","","","","","","","AVAILABLE",""
"ClusterBombPetCerberus","ClusterBombPetCerberus","","","","","","","","","","","","","","","","","","","","","true","","","","","","","","","","","tick_cerberus_tex_face.sctx","tick_cerberus_tex_face.sctx","","","","","","","","","","","","",""
"ControllerAres","ControllerAres","","OLYMPUS","","sc/emoji_1.sc","emoji_nani_olympus","","","","","","","","","ControllerAresAddon","","","","","","","true","true","199","","","MYTHIC","TID_ARES_NANI_SKIN","TID_ARES_NANI_SKIN_SHOP","MODEL,TEXTURE,ANIM,VFX","","","nani_ares_tex.sctx","nani_ares_tex.sctx","","","","100","-200","","","","","","","AVAILABLE",""
"RocketGirlZeus","RocketGirlZeus","","OLYMPUS","","sc/emoji_1.sc","emoji_brock_olympus","","","","","","","","","","","","","","","","true","true","199","","","MYTHIC","TID_ZEUS_BROCK_SKIN","TID_ZEUS_BROCK_SKIN_SHOP","MODEL,TEXTURE,ANIM,VFX","","","brock_zeus_tex.sctx","brock_zeus_tex.sctx","","","","-200","-150","","","","","","","AVAILABLE",""
"MummyHarajuku","MummyHarajuku","","GOLDENWEEK","","","","","","","","","","","","","","","","","","2750","true","","79","","","SUPER_RARE","TID_HARAJUKU_EMZ_SKIN","TID_HARAJUKU_EMZ_SKIN_SHOP","MODEL,TEXTURE,ANIM,VFX","","","emz_harajuku_tex.sctx","emz_harajuku_tex.sctx","","","","-150","","","","","","","","AVAILABLE",""
"ControllerAresAddon","ControllerAresAddon","","","","","","","","","","","","","","","","","","","","","true","","","","","","","","","","","nani_ares_tex.sctx","nani_ares_tex.sctx","","","","","","","","","","","","",""
"BaseballBubblegum","BaseballBubblegum","","CANDYLAND","","","","","","","","","","","","","","","","","","1000","true","","29","","","RARE","TID_BUBBLEGUM_BIBI_SKIN","TID_BUBBLEGUM_BIBI_SKIN_SHOP","MODEL,TEXTURE","","","bibi_bubblegum_tex.sctx","bibi_bubblegum_tex.sctx","","","","","","","","","","","","NEVER",""
"NinjaCat","NinjaCat","","ANIMALS","","","","","","","","","","","","","","","","","","1000","true","","29","","","RARE","TID_CAT_LEON_SKIN","TID_CAT_LEON_SKIN_SHOP","MODEL,TEXTURE","","","leon_cat_tex.sctx","leon_cat_tex.sctx","","","","","","","","","","","","NEVER",""
"MechaDudeJaguar","MechaDudeJaguar","","RANKED_OLD","","","","","","","","","","","","MechaDudeBigJaguar","MechaDudeReloadTowerDefault","","","","","5000","true","","149","","","EPIC","TID_JAGUAR_MEG_SKIN","TID_JAGUAR_MEG_SKIN_SHOP","MODEL,TEXTURE,ANIM,VFX","","","meg_jaguar_tex.sctx","meg_jaguar_tex.sctx","","","","-150","-100","","","","","","","AVAILABLE",""
"","","","JUNGLE","","","","","","","","","","","","","","","","","","","true","","","","","","","","","","","","","","","","","","","","","","","","",""
"MechaDudeBigJaguar","MechaDudeBigJaguar","","","","","","","","","","","","","","","","","","","","","true","","","","","","","","","","","meg_jaguar_mecha_tex.sctx","meg_jaguar_mecha_tex.sctx","","","","","","","","","","","","",""
"RopeDudeKaiju","RopeDudeKaiju","","MAXFORCE","","","","","","","","","","","","","","","","","","1000","true","","29","","","RARE","TID_KAIJU_BUZZ_SKIN","TID_KAIJU_BUZZ_SKIN_SHOP","MODEL,TEXTURE","","","buzz_kaiju_redux_tex.sctx","buzz_kaiju_redux_tex.sctx","","","","100","450","","","","","","","NEVER",""
"MaisieDefault","MaisieDefault","","","","","","","","","","","","","","","","","","","","","true","","","","","","","","","","","maisie_tex.sctx","maisie_tex.sctx","","","","","","","","","","","","",""
"FishTankDefault","FishTankDefault","","","","","","","","","","","","","","","","","","","","","true","","","","","","","","","","","fishtank_tex.sctx","fishtank_tex.sctx","","","","","","","","","","","","",""
"WhirlwindGoblin","WhirlwindGoblin","","CLASHIP","","","","","","","","","","","","","","","","","","1000","true","","29","","","RARE","TID_GOBLIN_CARL_SKIN","TID_GOBLIN_CARL_SKIN_SHOP","MODEL,TEXTURE","","","carl_goblin_tex.sctx","carl_goblin_tex.sctx","","","","","","","","","","","","NEVER",""
"SpeedyLeopard","SpeedyLeopard","","JUNGLE","","sc/emoji_1.sc","emoji_max_jungle","","","","","","","","","","","","","","","2750","true","","79","","","SUPER_RARE","TID_LEOPARD_MAX_SKIN","TID_LEOPARD_MAX_SKIN_SHOP","MODEL,TEXTURE,ANIM,VFX","","","max_leopard_tex.sctx","max_leopard_tex.sctx","","","","450","800","","","","","","","AVAILABLE",""
"ShieldTankCroc","ShieldTankCroc","","JUNGLE","","sc/emoji_1.sc","emoji_cameron_jungle","","","","","","","","","","","","","","","5000","true","","149","","","EPIC","TID_CROCODILE_BUSTER_SKIN","TID_CROCODILE_BUSTER_SKIN_SHOP","MODEL,TEXTURE,ANIM,VFX","","","cameron_crocodile_tex.sctx","cameron_crocodile_tex.sctx","","","","240","-20","","","","","","","AVAILABLE",""
"GunslingerMonkey","GunslingerMonkey","","JUNGLE","","sc/emoji_1.sc","emoji_colt_jungle","","","","","","","","","","","","","","","5000","true","","149","","","EPIC","TID_MONKEY_COLT_SKIN","TID_MONKEY_COLT_SKIN_SHOP","MODEL,TEXTURE,ANIM,VFX","","","colt_monkey_redux_tex.sctx","colt_monkey_redux_tex.sctx","","","","","","","","","","","","AVAILABLE",""
"EnragerVigilante","EnragerVigilante","","MAXFORCE","","","","","","","","","","","","","","","","","","1000","true","","29","","","RARE","TID_VIGILANTE_EDGAR_SKIN","TID_VIGILANTE_EDGAR_SKIN_SHOP","MODEL,TEXTURE","","","edgar_vigilante_tex.sctx","edgar_vigilante_tex.sctx","","","","","","","","","","","","NEVER",""
"SpeedyBlackPanther","SpeedyBlackPanther","","JUNGLE","","","","","","","","","","","","","","","","","","1000","true","","29","","","SUPER_RARE","TID_PANTHER_MAX_SKIN","TID_PANTHER_MAX_SKIN_SHOP","MODEL,TEXTURE,ANIM,VFX","","","max_black_panther__tex.sctx","max_black_panther__tex.sctx","","","","450","800","","","SpeedyLeopard","","","","NEVER",""
"MechaDudeBigJaguarAddon","MechaDudeBigJaguarAddon","","","","","","","","","","","","","","","","","","","","","true","","","","","","","","","","","meg_jaguar_tex.sctx","meg_jaguar_tex.sctx","","","","","","","","","","","","",""
"MaisieMaisieCyber","MaisieMaisieCyber","","HACKER","","","","","","","","","","","","","","","","","","1000","true","","29","","","RARE","TID_TECH_MAISIE_SKIN","TID_TECH_MAISIE_SKIN_SHOP","MODEL,TEXTURE","","","maisie_cyber_tex.sctx","maisie_cyber_tex.sctx","","","","","","","","","","","","NEVER",""
"FishTankShark","FishTankShark","","DEEPSEA","","","","","","","","","","","","","","","","","","1000","true","","29","","","RARE","TID_SHARK_HANK_SKIN","TID_SHARK_HANK_SKIN_SHOP","MODEL,TEXTURE","","","fishtank_shark_tex.sctx","fishtank_shark_tex.sctx","","","","","","","","","","","","NEVER",""
"MaisieSnake","MaisieSnake","","BRAWLPASS","","","","","","","","","","","","","","","","","","5000","true","","149","","","EPIC","TID_JUNGLE_QUEEN_MAISIE_SKIN","TID_JUNGLE_QUEEN_MAISIE_SKIN_MAISIE","MODEL,TEXTURE,ANIM,VFX","","","maisie_snake_tex.sctx","maisie_snake_tex.sctx","","","","50","120","","","","","","","AVAILABLE",""
"","","","JUNGLE","","","","","","","","","","","","","","","","","","","true","","","","","","","","","","","","","","","","","","","","","","","","",""
"DuelistDefault","DuelistDefault","","","","","","","","","","","","","","","","","","","","","true","","","","","","","","","","","cordelius_tex.sctx","cordelius_tex.sctx","","","","","","","","","","","","",""
"ReviverDefault","ReviverDefault","","","","","","","","","","","","","","","","","","","","","true","","","","","","","","","","","doug_tex.sctx","doug_tex.sctx","","","","","","","","","","","","",""
"IceDudeStonetroll","IceDudeStonetroll","","RANKED_OLD","","sc/emoji_1.sc","emoji_lou_enchanted","","","","","","","","","","","","","","","5000","true","","149","","","EPIC","TID_STONE_TROLL_LOU_SKIN","TID_STONE_TROLL_LOU_SKIN_SHOP","MODEL,TEXTURE,ANIM,VFX","","","lou_stone_troll_tex.sctx","lou_stone_troll_tex.sctx","","","","","","","","","","","","AVAILABLE",""
"","","","ENCHANTED","","","","","","","","","","","","","","","","","","","true","","","","","","","","","","","","","","","","","","","","","","","","",""
"AssaultShotgunTreasure","AssaultShotgunTreasure","","CURSED","","sc/emoji_1.sc","emoji_griff_cursed","","","","","","","","","","","","","","","5000","true","","149","","","EPIC","TID_CHEST_GRIFF_SKIN","TID_CHEST_GRIFF_SKIN_SHOP","MODEL,TEXTURE,ANIM,VFX","","","griff_sunken_treasure_tex.sctx","griff_sunken_treasure_tex.sctx","","","","200","","","","","","","","AVAILABLE",""
"JesterWoodspirit","JesterWoodspirit","","ENCHANTED","","sc/emoji_1.sc","emoji_chester_enchanted","","","","","","","","","","","","","","","2750","true","","79","","","SUPER_RARE","TID_WOOD_SPIRIT_CHESTER_SKIN","TID_WOOD_SPIRIT_CHESTER_SKIN_SHOP","MODEL,TEXTURE,ANIM,VFX","","","chester_wood_spirit_tex.sctx","chester_wood_spirit_tex.sctx","","","","-150","400","","","","","","","AVAILABLE",""
"ArcadeHauntedHouse","ArcadeHauntedHouse","","ENCHANTED","","sc/emoji_1.sc","emoji_8bit_enchanted","","","","","","","","","DamageBoosterHauntedHouse","","","","","","5000","true","","149","","","EPIC","TID_HAUNTED_HOUSE_8BIT_SKIN","TID_HAUNTED_HOUSE_8BIT_SHOP","MODEL,TEXTURE,ANIM,VFX","","","8bit_haunted_house_tex.sctx","8bit_haunted_house_tex.sctx","","","","","","","","","","","","AVAILABLE",""
"BaseballPirate","BaseballPirate","","CURSED","","sc/emoji_1.sc","emoji_bibi_cursed","","","","","","","","","","","","","","","5000","true","","149","","","EPIC","TID_PIRATE_BIBI_SKIN","TID_PIRATE_BIBI_SKIN_SHOP","MODEL,TEXTURE,ANIM,VFX","","","bibi_cursed_pirate_tex.sctx","bibi_cursed_pirate_tex.sctx","","","","-250","-130","","","","","","","AVAILABLE",""
"MechaDudePirate","MechaDudePirate","","CURSED","","sc/emoji_1.sc","emoji_meg_cursed","","","","","","","","","MechaDudeBigPirate","MechaDudeReloadTowerDefault","","","","","","true","true","199","","","MYTHIC","TID_SHARK_MEG_SKIN","TID_SHARK_MEG_ONELINER_SKIN_SHOP","MODEL,TEXTURE,ANIM,VFX","","","","","","","","300","200","","","","","","","AVAILABLE",""
"MechaDudeBigPirate","MechaDudeBigPirate","","","","","","","","","","","","","","","","","","","","","true","","","","","","","","","","","meg_pirate_mecha_tex.sctx","meg_pirate_mecha_tex.sctx","","","","","","","","","","","","",""
"MechaDudeBigPirateAddon","MechaDudeBigPirateAddon","","","","","","","","","","","","","","","","","","","","","true","","","","","","","","","","","meg_pirate_tex.sctx","meg_pirate_tex.sctx","","","","","","","","","","","","",""
"CannonGirlUnicorn","CannonGirlUnicorn","","CANDYLAND","","","","","","","","","","","","CannonGirlSmallUnicorn","","","","","","1000","true","","29","","","RARE","TID_UNICORN_BONNIE_SKIN","TID_UNICORN_BONNIE_SKIN_SHOP","MODEL,TEXTURE","","","bonnie_unicorn_tex.sctx","bonnie_unicorn_tex.sctx","","","","","","","","","","","","NEVER",""
"CannonGirlSmallUnicorn","CannonGirlSmallUnicorn","","","","","","","","","","","","","","","","","","","","","true","","","","","","","","","","","bonnie_unicorn_tex.sctx","bonnie_unicorn_tex.sctx","","","","","","","","","","","","",""
"DamageBoosterHauntedHouse","DamageBoosterHauntedHouse","","","","","","","","","","","","","","","","","","","","","true","","","","","","","","","","","8bit_haunted_house_tex.sctx","8bit_haunted_house_tex.sctx","","","","","","","","","","","","",""
"PowerLevelerKraken","PowerLevelerKraken","","SC_MAKE","","sc/emoji_1.sc","emoji_surge_cursed","","","","","","","","","","","","","","","5000","true","","149","","","EPIC","TID_KRAKEN_SURGE_SKIN","TID_KRAKEN_SURGE_SKIN_SHOP","MODEL,TEXTURE,ANIM,VFX","Steamfish","","surge_kraken_tex.sctx","surge_kraken_tex.sctx","","","","200","-120","","","","","","","AVAILABLE",""
"","","","CURSED","","","","","","","","","","","","","","","","","","","true","","","","","","","","","","","","","","","","","","","","","","","","",""
"JetpackGirlDarkFairy","JetpackGirlDarkFairy","","ENCHANTED","","sc/emoji_1.sc","emoji_janet_enchanted","","","","","","","","","","","","","","","5000","true","","149","","","EPIC","TID_DARK_FAIRY_JANET_SKIN","TID_DARK_FAIRY_JANET_SKIN_SHOP","MODEL,TEXTURE,ANIM,VFX","","","janet_dark_fairy_tex.sctx","janet_dark_fairy_tex.sctx","","","","","-100","","","","","","","AVAILABLE",""
"CannonGirlSoccer","CannonGirlSoccer","","GOLDENBALL","","","","","","","","","","","","CannonGirlSmallSoccer","","","","","","1000","true","","29","","","RARE","TID_FOOTBALL_BONNIE_SKIN","TID_FOOTBALL_BONNIE_SKIN_SHOP","MODEL,TEXTURE","","","bonnie_soccer_tex.sctx","bonnie_soccer_tex.sctx","","","","","","","","","","","","NEVER",""
"CannonGirlSmallSoccer","CannonGirlSmallSoccer","","","","","","","","","","","","","","","","","","","","","true","","","","","","","","","","","bonnie_soccer_tex.sctx","bonnie_soccer_tex.sctx","","","","","","","","","","","","",""
"ReviverDraco","ReviverDraco","","ONCEUPON","","","","","","","","","","","","","","","","","","1000","true","","29","","","RARE","TID_DRAGON_DOUG_SKIN","TID_DRAGON_DOUG_SKIN_SHOP","MODEL,TEXTURE","","","","","","","","","","","","","","","","NEVER",""
"DuelistToxic","DuelistToxic","","ENCHANTED","","","","","","","","","","","","","","","","","","1000","true","","29","","","RARE","TID_POISON_SPORE_CORDELIUS_SKIN","TID_POISON_SPORE_CORDELIUS_SKIN_SHOP","MODEL,TEXTURE","","","cordelius_toxic_tex.sctx","cordelius_toxic_tex.sctx","","","","","","","","","","","","NEVER",""
"DuelistBrain","DuelistBrain","","BRAWLPASS","","","","","","","","","","","","","","","","","","5000","true","","149","","","EPIC","TID_BIG_BRAIN_CORDELIUS_SKIN","TID_BIG_BRAIN_CORDELIUS_SKIN_SHOP","MODEL,TEXTURE,ANIM,VFX","","","cordelius_brain_tex.sctx","cordelius_brain_tex.sctx","","","","","","","","","","","","AVAILABLE",""
"","","","VILLAINS","","","","","","","","","","","","","","","","","","","true","","","","","","","","","","","","","","","","","","","","","","","","",""
"CookerDefault","CookerDefault","","","","","","","","","","","","","","","","","","","","","true","","","","","","","","","","","pearl_base_tex.sctx","pearl_base_tex.sctx","","","","","","","","","","","","",""
"ConductorDefault","ConductorDefault","","","","","","","","","","","","","","","","","","","","","true","","","","","","","","","","","chuck_tex.sctx","chuck_tex.sctx","","","","","","","","","","","","",""
"StickyBombUniversity","StickyBombUniversity","","UNIVERSITY","","","","","","","","","","","","","","","","","","5000","true","","149","","","EPIC","TID_SQUEAK_NERD_SKIN","TID_SQUEAK_NERD_SKIN_SHOP","MODEL,TEXTURE,ANIM,VFX","","","squeak_nerd_tex.sctx","squeak_nerd_tex.sctx","","","","450","","","","","","","","AVAILABLE",""
"RosaUniversity","RosaUniversity","","UNIVERSITY","","","","","","","","","","","","","","","","","","5000","true","","149","","","EPIC","TID_ROSA_CHEERLEADER_SKIN","TID_ROSA_CHEERLEADER_SKIN_SHOP","MODEL,TEXTURE,ANIM,VFX","","","","","","","","","-150","","","","","","","AVAILABLE",""
"FishTankWasteland","FishTankWasteland","","WASTELAND","","","","","","","","","","","","","","","","","","","true","true","199","","","MYTHIC","TID_HANK_RODEO_SKIN","TID_HANK_RODEO_SKIN_SHOP","MODEL,TEXTURE,ANIM,VFX","","","hank_rodeo_tex.sctx","hank_rodeo_tex.sctx","","","","","","","","","","","","AVAILABLE",""
"RollerUniversity","RollerUniversity","","UNIVERSITY","","","","","","","","","","","","","","","","","","","true","true","299","","","LEGENDARY","TID_STU_JOCK_SKIN","TID_STU_JOCK_SKIN_SHOP","MODEL,TEXTURE,ANIM,VFX,VOICE,TAKEDOWN","","","stu_jock_tex.sctx","stu_jock_tex.sctx","","","","","","","","","","","","AVAILABLE",""
"MaisieWasteland","MaisieWasteland","","RANKED_OLD","","","","","","","","","","","","","","","","","","5000","true","","149","","","EPIC","TID_MAISIE_MARAUDER_SKIN","TID_MAISIE_MARAUDER_SKIN_SHOP","MODEL,TEXTURE,ANIM,VFX","","","maisie_marauder_tex.sctx","maisie_marauder_tex.sctx","","","","","","","","","","","","AVAILABLE",""
"","","","WASTELAND","","","","","","","","","","","","","","","","","","","true","","","","","","","","","","","","","","","","","","","","","","","","",""
"PuppeteerWasteland","PuppeteerWasteland","","WASTELAND","","","","","","","","","","","","","","","","","","2750","true","","79","","","SUPER_RARE","TID_WILLOW_SCORPION_SKIN","TID_WILLOW_SCORPION_SKIN_SHOP","MODEL,TEXTURE,ANIM,VFX","","","willow_scorpion_tex.sctx","willow_scorpion_tex.sctx","","","","","","","","","","","","AVAILABLE",""
"DuelistWasteland","DuelistWasteland","","WASTELAND","","","","","","","","","","","","","","","","","","5000","true","","149","","","EPIC","TID_CORDELIUS_RAIDER_SKIN","TID_CORDELIUS_RAIDER_SKIN_SHOP","MODEL,TEXTURE,ANIM,VFX","","","cordelius_raider_tex.sctx","cordelius_raider_tex.sctx","","","","-600","","","","","","","","AVAILABLE",""
"Beamerharvest","Beamerharvest","","HARVESTFESTIVAL","","","","","","","","","","","","","","","","","","5000","true","","149","","","EPIC","TID_MANDY_HARVEST_FEST_SKIN","TID_MANDY_HARVEST_FEST_SKIN_SHOP","MODEL,TEXTURE,ANIM,VFX","","","mandy_harvest_festival_tex.sctx","mandy_harvest_festival_tex.sctx","","","","200","-100","","","","","","","AVAILABLE",""
"UndertakerUndertakerHockey","UndertakerUndertakerHockey","","WF_2023","","","","","3","3","","","","","","","","","","","","","true","","149","","","EPIC","TID_HOCKEY_MORTIS_SKIN","TID_HOCKEY_MORTIS_SKIN_SHOP","MODEL,TEXTURE,ANIM,VFX","","","mortis_hockey_player_tex.sctx","mortis_hockey_player_tex.sctx","","","","","","","","","","","","NEVER",""
"JetpackGirlMoon","JetpackGirlMoon","","LUNAREVENT","","","","","","","","","","","","","","","","","","","true","","199","","","MYTHIC","TID_JANET_MOON_FEST_SKIN","TID_JANET_MOON_FEST_SKIN_SHOP","MODEL,TEXTURE,ANIM,VFX","","","janet_moon_festival_tex.sctx","janet_moon_festival_tex.sctx","","","","450","200","","","","","","","AVAILABLE",""
"EnragerMecha","EnragerMecha","","MECHA","","","","","","","","","","","","","","","","","","","true","true","299","","","LEGENDARY","TID_EDGAR_MECHA_SKIN","TID_EDGAR_MECHA_SKIN_SHOP","MODEL,TEXTURE,ANIM,VFX,VOICE,TAKEDOWN","","","edgar_mecha_tex.sctx","edgar_mecha_tex.sctx","","","","100","-200","","","","","","","AVAILABLE",""
"CookerRare","CookerRare","","CITY","","","","","","","","","","","","","","","","","","1000","true","","29","","","RARE","TID_PEARL_VINTAGE_SKIN","TID_PEARL_VINTAGE_SKIN_SHOP","MODEL,TEXTURE","","","pearl_toybot_tex.sctx","pearl_toybot_tex.sctx","","","","","","","","","","","","NEVER",""
"ConductorRare","ConductorRare","","BRAWLOWEEN","","","","","","","","","","","","","","","","","","1000","true","","29","","","RARE","TID_CHUCK_RARE_SKIN","TID_CHUCK_RARE_SKIN_SHOP","MODEL,TEXTURE","","","chuck_rare_tex.sctx","chuck_rare_tex.sctx","","","","","","","","","","","","NEVER",""
"CookerDeepsea","CookerDeepsea","","BRAWLPASS","","","","","","","","","","","","","","","","","","5000","true","","149","","","EPIC","TID_PEARL_SUBMARINE_SKIN","TID_PEARL_SUBMARINE_SKIN_SHOP","MODEL,TEXTURE,ANIM,VFX","","","pearl_submarine_tex.sctx","pearl_submarine_tex.sctx","","","","","","","","","","","","AVAILABLE",""
"","","","DEEPSEA","","","","","","","","","","","","","","","","","","","true","","","","","","","","","","","","","","","","","","","","","","","","",""
"CrossBomberHindu","CrossBomberHindu","","HINDU","","","","","","","","","","","","","","","","","","","true","true","199","","","MYTHIC","TID_DASIS_GROM_SKIN","TID_DASIS_GROM_SKIN_SHOP","MODEL,TEXTURE,ANIM,VFX","","","grom_ravana_tex.sctx","grom_ravana_tex.sctx","","","","","","","","","","","","AVAILABLE",""
"BowDudeHindu","BowDudeHindu","","HINDU","","","","","","","","","","","","BowDudeTotemDefault","","","","","","","","","49","","","MYTHIC","TID_SUPREME_BO_SKIN","TID_SUPREME_BO_SKIN_SHOP","MODEL,TEXTURE,ANIM,VFX","","","bo_ram_tex.sctx","bo_ram_tex.sctx","","","","-200","400","","","BowDudeHinduChroma","","","","",""
"HammerDudeHindu","HammerDudeHindu","","HINDU","","","","","","","","","","","","","","","","","","","true","true","199","","","MYTHIC","TID_VANARA_FRANK_SKIN","TID_VANARA_FRANK_SKIN_SHOP","MODEL,TEXTURE,ANIM,VFX","","","frank_hunuman_tex.sctx","frank_hunuman_tex.sctx","","","","","-100","","","","","","","AVAILABLE",""
"WeaponThrowerDarkcircus","WeaponThrowerDarkcircus","","CIRCUS","","","","","","","","","","","","","","","","","","2750","true","","79","","","SUPER_RARE","TID_DARK_CLOWN_SAM_SKIN","TID_DARK_CLOWN_SAM_SKIN_SHOP","MODEL,TEXTURE,ANIM,VFX","","","bronson_clown_tex.sctx","bronson_clown_tex.sctx","","","","","","","","","","","","AVAILABLE",""
"EnragerEnragerMecha01","EnragerEnragerMecha01","","MECHA","","","","","","","","","","","","","","","","","","","","","49","","","LEGENDARY","TID_MECHA_EDGAR_01_SKIN","TID_MECHA_EDGAR_01_SKIN_SHOP","MODEL,TEXTURE,ANIM,VFX","","","edgar_mecha_chroma_01_tex.sctx","edgar_mecha_chroma_01_tex.sctx","","","","","","","","EnragerMecha","","","","",""
"EnragerEnragerMecha00","EnragerEnragerMecha00","","MECHA","","","","","","","","","","","","","","","","","","","","","49","","","LEGENDARY","TID_MECHA_EDGAR_00_SKIN","TID_MECHA_EDGAR_00_SKIN_SHOP","MODEL,TEXTURE,ANIM,VFX","","","edgar_mecha_chroma_00_tex.sctx","edgar_mecha_chroma_00_tex.sctx","","","","","","","","EnragerMecha","","","","",""
"SnakeOilDarkcircus","SnakeOilDarkcircus","","CIRCUS","","","","","","","","","","","","","","","","","","","true","true","199","","","MYTHIC","TID_RINGMASTER_BYRON_SKIN","TID_RINGMASTER_BYRON_SKIN_SHOP","MODEL,TEXTURE,ANIM,VFX","","","byron_ring_master_tex.sctx","byron_ring_master_tex.sctx","","","","","","","","","","","","AVAILABLE",""
"CocoonerDefault","CocoonerDefault","","","","","","","","","","","","","","","","","","","","","true","","","","","","","","","","","charlie_tex.sctx","charlie_tex.sctx","","","","","","","","","","","","",""
"CocoonerCocoonDefault","CocoonerCocoonDefault","","","","","","","","","","","","","","","","","","","","","true","","","","","","","","","","","charlie_tex.sctx","charlie_tex.sctx","","","","","","","","","","","","",""
"CocoonerPetDefault","CocoonerPetDefault","","","","","","","","","","","","","","","","","","","","","true","","","","","","","","","","","charlie_rosie_tex.sctx","charlie_rosie_tex.sctx","","","","","","","","","","","","",""
"ShotgunGirlBrawloween","ShotgunGirlBrawloween","","BRAWLOWEEN","","","","","3","3","","","","","","","","","","","","","true","","199","","","MYTHIC","TID_HOOT_HOOT_SHELLY_SKIN","TID_HOOT_HOOT_SHELLY_SKIN_SHOP","MODEL,TEXTURE,ANIM,VFX","","","","","","","","","","","","","","","","NEVER",""
"ShamanDarkcircus","ShamanDarkcircus","","CIRCUS","","","","","","","","","","","","ShamanPetDarkcircus","","","","","","","true","true","299","","","LEGENDARY","TID_TUSKED_NITA_SKIN","TID_TUSKED_NITA_SKIN_SHOP","MODEL,TEXTURE,ANIM,VFX,VOICE,TAKEDOWN","","","nita_beast_master_tex.sctx","nita_beast_master_tex.sctx","","","","50","-100","","","","","","","AVAILABLE",""
"ShamanPetDarkcircus","ShamanPetDarkcircus","","","","","","","","","","","","","","","","","","","","","true","","","","","","","","","","","nita_beast_master_elephant_tex.sctx","nita_beast_master_elephant_tex.sctx","","","","","","","","","","","","",""
"KickerDudeMake","KickerDudeMake","","SC_MAKE","","","","","","","","","","","","","","","","","","5000","true","","149","","","EPIC","TID_KABOCHA_FANG_SKIN","TID_KABOCHA_FANG_SKIN_SHOP","MODEL,TEXTURE,ANIM,VFX","GlowingShark","","fang_make_tex.sctx","fang_make_tex.sctx","","","","","","","","","","","","AVAILABLE",""
"","","","BRAWLOWEEN","","","","","","","","","","","","","","","","","","","true","","","","","","","","","","","","","","","","","","","","","","","","",""
"DuplicatorDarkcircus","DuplicatorDarkcircus","","RANKED_OLD","","","","","","","","","","","","DuplicatorDarkcircus","","","","","","5000","true","","149","","","EPIC","TID_COBRA_LOLA_SKIN","TID_COBRA_LOLA_SKIN_SHOP","MODEL,TEXTURE,ANIM,VFX","","","lola_snake_charmer_tex.sctx","lola_snake_charmer_tex.sctx","","","","100","500","","","","","","","AVAILABLE",""
"","","","CIRCUS","","","","","","","","","","","","","","","","","","","true","","","","","","","","","","","","","","","","","","","","","","","","",""
"NinjaBrawloween","NinjaBrawloween","","BRAWLOWEEN","","","","","3","3","","","","","","","","","","","","","true","","199","","","MYTHIC","TID_WHITE_WOLF_LEON_SKIN","TID_WHITE_WOLF_LEON_SKIN_SHOP","MODEL,TEXTURE,ANIM,VFX","","","leon_white_wolf_tex.sctx","leon_white_wolf_tex.sctx","","","","100","100","","","","","","","NEVER",""
"CocoonerRosie","CocoonerRosie","","BRAWLPASS","","","","","","","","","","","","CocoonerCocoonRosie","CocoonerPetRosie","","","","","5000","true","","149","","","EPIC","TID_ROSIE_CHARLIE_SKIN","TID_ROSIE_CHARLIE_SKIN_SHOP","MODEL,TEXTURE,ANIM,VFX","","","charlie_rosie_tex.sctx","charlie_rosie_tex.sctx","","","","","","","","","","","","AVAILABLE",""
"","","","BIODOME","","","","","","","","","","","","","","","","","","","true","","","","","","","","","","","","","","","","","","","","","","","","",""
"DuplicatorCholaChroma","DuplicatorCholaChroma","","RETRO","","","","","3","3","","","","","","","","","","","","5000","true","","149","","","EPIC","TID_LAVISH_LOLA_SKIN","TID_LAVISH_LOLA_SKIN_SHOP","MODEL,TEXTURE,ANIM,VFX","","","lolla_chola_chroma_tex.sctx","lolla_chola_chroma_tex.sctx","","","","","500","","","","","","","NEVER",""
"SoulCollectorRare","SoulCollectorRare","","MISC","","","","","","","","","","","","","","","","","","1000","true","","29","","","RARE","TID_BOY_SCOUT_GUS_SKIN","TID_BOY_SCOUT_GUS_SKIN_SHOP","MODEL,TEXTURE","","","gus_scout_tex.sctx","gus_scout_tex.sctx","","","","","","","","","","","","NEVER",""
"BowDudeHinduChroma","BowDudeHinduChroma","","HINDU","","","","","","","","","","","","BowDudeTotemDefault","","","","","","","true","true","199","","","MYTHIC","TID_BROTHER_BO_SKIN","TID_BROTHER_BO_SKIN_SHOP","MODEL,TEXTURE,ANIM,VFX","","","bo_ram_chroma_tex.sctx","bo_ram_chroma_tex.sctx","","","","-200","400","","","","","","","AVAILABLE",""
"CocoonerRare","CocoonerRare","","MAXFORCE","","","","","","","","","","","","CocoonerCocoonRare","CocoonerPetRare","","","","","1000","true","","29","","","RARE","TID_AMAZING_CHARLIE_SKIN","TID_AMAZING_CHARLIE_SKIN_SHOP","MODEL,TEXTURE","","","charlie_29_gem_tex.sctx","charlie_29_gem_tex.sctx","","","","","","","","","","","","NEVER",""
"CocoonerCocoonRare","CocoonerCocoonRare","","","","","","","","","","","","","","","","","","","","","true","","","","","","","","","","","charlie_29_gem_tex.sctx","charlie_29_gem_tex.sctx","","","","","","","","","","","","",""
"CocoonerCocoonRosie","CocoonerCocoonRosie","","","","","","","","","","","","","","","","","","","","","true","","","","","","","","","","","charlie_rosie_tex.sctx","charlie_rosie_tex.sctx","","","","","","","","","","","","",""
"CocoonerPetRosie","CocoonerPetRosie","","","","","","","","","","","","","","","","","","","","","true","","","","","","","","","","","charlie_rosie_tex.sctx","charlie_rosie_tex.sctx","","","","","","","","","","","","",""
"CocoonerPetRare","CocoonerPetRare","","","","","","","","","","","","","","","","","","","","","true","","","","","","","","","","","charlie_rosie_tex.sctx","charlie_rosie_tex.sctx","","","","","","","","","","","","",""
"fd6a7e0d574ebcf7f3a610c0c8504bb4c3d175be","BallDefault","true","","","","","","","","","","","","","","","","","","","","","","","","","","","","","","","","","","","","","","","","","","","","",""
"LeaperDefault","LeaperDefault","","","53","","","","","","","","","","","","","","","","","","true","","","","","","","","","","","mico_tex.sctx","mico_tex.sctx","","","","","","","","","","","","",""
"AttacherDefault","AttacherDefault","","","53","","","","","","","","","","","","","","","","","","true","","","","","","","","","","","kit_tex.sctx","kit_tex.sctx","","","","","","","","","","","","",""
"HammerDudeClashKingChromaRed","HammerDudeClashKingChromaRed","","CLASHIP","53","","","","3","3","","","","","","","","","","","","","true","","299","","","LEGENDARY","TID_RED_KING_FRANK_SKIN","TID_RED_KING_FRANK_SKIN_SHOP","MODEL,TEXTURE,ANIM,VFX,VOICE,TAKEDOWN","","","frank_king_tex.sctx","frank_king_tex.sctx","","","","","","","","","","","","NEVER",""
"RollerChristmas","RollerChristmas","","BRAWLIDAYS","53","","","","3","3","","","","","","","","","","","","","true","","149","","","EPIC","TID_SANTA_STU_SKIN","TID_SANTA_STU_SKIN_SHOP","MODEL,TEXTURE,ANIM,VFX","","","stu_santa_tex.sctx","stu_santa_tex.sctx","","","","500","","","","","","","","NEVER",""
"SilencerWorldfinals","SilencerWorldfinals","","WC_2023","53","","","","3","3","","","","","","","","","","","","","true","","149","","","EPIC","TID_W_OTS_SKIN","TID_W_OTS_SKIN_SHOP","MODEL,TEXTURE,ANIM,VFX","","","otis_world_finals_tex.sctx","otis_world_finals_tex.sctx","","","","","","","","","","","","NEVER",""
"SniperCarnival","SniperCarnival","","CARNAVAL","53","","","","","","","","","","","","","","","","","5000","true","","149","","","EPIC","TID_FLAG_BEARER_PIPER_SKIN","TID_FLAG_BEARER_PIPER_SKIN_SHOP","MODEL,TEXTURE,ANIM,VFX","","","piper_carnival_tex.sctx","piper_carnival_tex.sctx","","","","","","","","","","","","AVAILABLE",""
"LuchadorSuperbowl","LuchadorSuperbowl","","SUPERBOWL","53","","","","","","","","","","","","","","","","","","true","true","199","","","MYTHIC","TID_EL_QUARTERBACK_SKIN","TID_EL_QUARTERBACK_SKIN_SHOP","MODEL,TEXTURE,ANIM,VFX","","","primo_world_finals_tex.sctx","primo_world_finals_tex.sctx","","","","250","","","","","","","","AVAILABLE",""
"Leaperwukong","Leaperwukong","","LNY","53","","","","3","3","","","","","","","","","","","","","true","","299","","","LEGENDARY","TID_WUKONG_MICO_SKIN","TID_WUKONG_MICO_SKIN_SHOP","MODEL,TEXTURE,ANIM,VFX,VOICE,TAKEDOWN","","","mico_wukong_tex.sctx","mico_wukong_tex.sctx","","","","","-600","","","","","","","NEVER",""
"LeaperRare","LeaperRare","","CITY","53","","","","","","","","","","","","","","","","","1000","true","","29","","","RARE","TID_MACARON_MICO_SKIN","TID_MACARON_MICO_SKIN_SHOP","MODEL,TEXTURE","","","mico_french_mono_tex.sctx","mico_french_mono_tex.sctx","","","","","","","","","","","","NEVER",""
"KickerDudeFuriousChroma","KickerDudeFuriousChroma","","LNY","","","","","3","3","","","","","","","","","","","","5000","true","","149","","","EPIC","TID_FEROCIOUS_FANG_SKIN","TID_FEROCIOUS_FANG_SKIN_SHOP","MODEL,TEXTURE,ANIM,VFX","","","fang_furious_chroma_tex.sctx","fang_furious_chroma_tex.sctx","","","","","","","","","","","","NEVER",""
"HammerDudeClashKingChromaBlue","HammerDudeClashKingChromaBlue","","CLASHIP","53","","","","3","3","","","","","","","","","","","","","true","","299","","","LEGENDARY","TID_BLUE_KING_FRANK_SKIN","TID_BLUE_KING_FRANK_SKIN_SHOP","MODEL,TEXTURE,ANIM,VFX,VOICE,TAKEDOWN","","","frank_king_blue_tex.sctx","frank_king_blue_tex.sctx","","","","","","","","","","","","NEVER",""
"TwinsDefault","TwinsDefault","","","53","","","","","","","","","","","TwinsPetDefault","TwinsPetDefault","","","","","","true","","","","","","","","","","","twins_good_tex.sctx","twins_good_tex.sctx","","","","","","","","","","","","",""
"TwinsPetDefault","TwinsPetDefault","","","53","","","","","","","","","","","","","","","","","","true","","","","","","","","","","","twins_bad_tex.sctx","twins_bad_tex.sctx","","","","","","","","","","","","",""
"Cactuscartoon","Cactuscartoon","","CARTOON","53","","","","","","","","","","","","","","","","","","true","true","299","","","LEGENDARY","TID_TOON_SPIKE_SKIN","TID_TOON_SPIKE_SKIN_SHOP","MODEL,TEXTURE,ANIM,VFX,TAKEDOWN","","","spike_powerpuff_tex.sctx","spike_powerpuff_tex.sctx","","impostor_outline_white","","","","","","","","","","AVAILABLE",""
"LeaperDarkXmas","LeaperDarkXmas","","DARKMAS","53","","","","","","","","","","","","","","","","","5000","true","","149","","","EPIC","TID_GROUCH_MICO_SKIN","TID_GROUCH_MICO_SKIN_SHOP","MODEL,TEXTURE,ANIM,VFX","","","mico_dark_xmas_tex.sctx","mico_dark_xmas_tex.sctx","","","","","","","","","","","","AVAILABLE",""
"MechanicDoll","MechanicDoll","","BRAWLENTINES","53","","","","","","","","","","","MechanicTurretDoll","","","","","","1000","true","","29","","","RARE","TID_DOLL_JESSIE_SKIN","TID_DOLL_JESSIE_SKIN_SHOP","MODEL,TEXTURE","","","jessie_valentines_tex.sctx","jessie_valentines_tex.sctx","","","","400","100","","","","","","","NEVER",""
"MechanicTurretDoll","MechanicTurretDoll","","","53","","","","","","","","","","","","","","","","","","true","","","","","","","","","","","jessie_valentines_turret_tex.sctx","jessie_valentines_turret_tex.sctx","","","","","","","","","","","","",""
"Percenteranime","Percenteranime","","BRAWLPASS","53","","","","","","","","","","","MechanicTurretTanuki","","","","","","5000","true","","149","","","EPIC","TID_PINKU_PAWLETTE_SKIN","TID_PINKU_PAWLETTE_SKIN_SHOP","MODEL,TEXTURE,ANIM,VFX","","","colette_catmaid_tex.sctx","colette_catmaid_tex.sctx","","impostor_outline_empty","","","-150","","","","","","","AVAILABLE",""
"","","","CARTOON","","","","","","","","","","","","","","","","","","","true","","","","","","","","","","","","","","","","","","","","","","","","",""
"AttacherBoxer","AttacherBoxer","","BRAWLPASS","53","","","","","","","","","","","","","","","","","5000","true","","149","","","EPIC","TID_KITBOXER_SKIN","TID_KITBOXER_SKIN_SHOP","MODEL,TEXTURE,ANIM,VFX","","","kit_t70_tex.sctx","kit_t70_tex.sctx","","","","","","","","","","","","AVAILABLE",""
"","","","LNY","","","","","","","","","","","","","","","","","","","true","","","","","","","","","","","","","","","","","","","","","","","","",""
"DeadMariachiorigins","DeadMariachiorigins","","STARRPARK","53","","","","","","","","","","","","","","","","","5000","true","","149","","","EPIC","TID_CCTV_POCO_SKIN","TID_CCTV_POCO_SKIN_SHOP","MODEL,TEXTURE,ANIM,VFX","","","poco_origins_tex.sctx","poco_origins_tex.sctx","","","","250","150","","","","","","","AVAILABLE",""
"TrickshotDudeDevil","TrickshotDudeDevil","","RANKED_OLD","53","","","","","","","","","","","","","","","","","5000","true","","149","","","EPIC","TID_FINAL_BOSS_RICO_SKIN","TID_FINAL_BOSS_RICO_SKIN_SHOP","MODEL,TEXTURE,ANIM,VFX","","","rico_devil_tex.sctx","rico_devil_tex.sctx","","impostor_outline_thin","","","","","","","","","","AVAILABLE",""
"","","","CARTOON","","","","","","","","","","","","","","","","","","","true","","","","","","","","","","","","","","","","","","","","","","","","",""
"TwinsRare","TwinsRare","","GAMING","53","","","","","","","","","","","TwinsPetRare","TwinsPetRare","","","","","1000","true","","29","","","RARE","TID_LARRY_&_LAWRIE_CONTROLLERS_SKIN","TID_LARRY_&_LAWRIE_CONTROLLERS_SKIN_SHOP","MODEL,TEXTURE","","","twins_good_skin_29_gem_tex.sctx","twins_good_skin_29_gem_tex.sctx","","","","","","","","","","","","NEVER",""
"AttacherRare","AttacherRare","","OUTLAWS","53","","","","","","","","","","","","","","","","","1000","true","","29","","","RARE","TID_BILLY_THE_KIT_SKIN","TID_BILLY_THE_KIT_SKIN_SHOP","MODEL,TEXTURE","","","kit_bandit_tex.sctx","kit_bandit_tex.sctx","","","","","","","","","","","","NEVER",""
"GunslingerDarkAngel","GunslingerDarkAngel","","SC_MAKE","53","","","","","","","","","","","","","","","","","5000","true","","149","","","EPIC","TID_DARK_ANGEL_COLT_SKIN","TID_DARK_ANGEL_COLT_SKIN_SHOP","MODEL,TEXTURE,ANIM,VFX","KDA Poltergeist","","colt_dark_angel_tex.sctx","colt_dark_angel_tex.sctx","","","","","-250","","","","","","","AVAILABLE",""
"","","","ANGELDEMONS","","","","","","","","","","","","","","","","","","","true","","","","","","","","","","","","","","","","","","","","","","","","",""
"PercenteranimeChromaGreen","PercenteranimeChromaGreen","","BRAWLPASS","53","","","","","","","","","","","MechanicTurretTanuki","","","","","","5000","true","","149","","","EPIC","TID_MIDORI_PAWLETTE_SKIN","TID_MIDORI_PAWLETTE_SKIN_SHOP","MODEL,TEXTURE,ANIM,VFX","","","colette_catmaid_green_tex.sctx","colette_catmaid_green_tex.sctx","","impostor_outline_empty","","","-150","","","","","","","AVAILABLE",""
"","","","CARTOON","","","","","","","","","","","","","","","","","","","true","","","","","","","","","","","","","","","","","","","","","","","","",""
"PercenteranimeChromaYellow","PercenteranimeChromaYellow","","BRAWLPASS","53","","","","","","","","","","","MechanicTurretTanuki","","","","","","5000","true","","149","","","EPIC","TID_KIIRO_PAWLETTE_SKIN","TID_KIIRO_PAWLETTE_SKIN_SHOP","MODEL,TEXTURE,ANIM,VFX","","","colette_catmaid_yellow_tex.sctx","colette_catmaid_yellow_tex.sctx","","impostor_outline_empty","","","-150","","","","","","","AVAILABLE",""
"","","","CARTOON","","","","","","","","","","","","","","","","","","","true","","","","","","","","","","","","","","","","","","","","","","","","",""
"ArcadeVirusChroma","ArcadeVirusChroma","","HACKER","","","","","3","3","","","","","","DamageBoosterVirusChroma","","","","","","","true","","299","","","LEGENDARY","TID_8BIT_ANTIVIRUS_SKIN","TID_8BIT_ANTIVIRUS_SKIN_SHOP","MODEL,TEXTURE,ANIM,VFX,VOICE,TAKEDOWN","","","8bit_chroma_virus_tex.sctx","8bit_chroma_virus_tex.sctx","","","","","","","","","","","","NEVER",""
"AttacherBoxerChromaGoldpaw","AttacherBoxerChromaGoldpaw","","BRAWLPASS","53","","","","","","","","","","","","","","","","","5000","true","","149","","","EPIC","TID_KITBOXER_GOLDPAW_SKIN","TID_KITBOXER_GOLDPAW_SKIN_SHOP","MODEL,TEXTURE,ANIM,VFX","","","kit_t70_goldpaw_tex.sctx","kit_t70_goldpaw_tex.sctx","","","","","","","","","","","","AVAILABLE",""
"","","","LNY","","","","","","","","","","","","","","","","","","","true","","","","","","","","","","","","","","","","","","","","","","","","",""
"AttacherBoxerChromaDarkpaw","AttacherBoxerChromaDarkpaw","","BRAWLPASS","53","","","","","","","","","","","","","","","","","5000","true","","149","","","EPIC","TID_KITBOXER_DARKPAW_SKIN","TID_KITBOXER_DARKPAW_SKIN_SHOP","MODEL,TEXTURE,ANIM,VFX","","","kit_t70_blue_tex.sctx","kit_t70_blue_tex.sctx","","","","","","","","","","","","AVAILABLE",""
"","","","LNY","","","","","","","","","","","","","","","","","","","true","","","","","","","","","","","","","","","","","","","","","","","","",""
"TwinsPetRare","TwinsPetRare","","","53","","","","","","","","","","","","","","","","","","true","","","","","","","","","","","twins_bad_skin_29_gem_tex.sctx","twins_bad_skin_29_gem_tex.sctx","","","","","","","","","","","","",""
"DamageBoosterVirusChroma","DamageBoosterVirusChroma","","","","","","","","","","","","","","","","","","","","","true","","","","","","","","","","","8bit_chroma_virus_tex.sctx","8bit_chroma_virus_tex.sctx","","","","","","","","","","","","",""
"EnragerThief","EnragerThief","","LANTERN","54","","","","","","","","","","","","","","","","","","true","true","199","","","MYTHIC","TID_THIEF_EDGAR_SKIN","TID_THIEF_EDGAR_SKIN_SHOP","MODEL,TEXTURE,ANIM,VFX","","","edgar_thief_tex.sctx","edgar_thief_tex.sctx","","","","150","200","","","","","","","AVAILABLE",""
"ShotgunGirlDancer","ShotgunGirlDancer","","BRAWLPASS","54","","","","","","","","","","","","","","","","","5000","true","","149","","","EPIC","TID_SHELLY_DANCER_SKIN","TID_SHELLY_DANCER_SKIN_SHOP","MODEL,TEXTURE,ANIM,VFX","","","shelly_noble_tex.sctx","shelly_noble_tex.sctx","","","","","","","","","","","","AVAILABLE",""
"","","","LANTERN","","","","","","","","","","","","","","","","","","","true","","","","","","","","","","","","","","","","","","","","","","","","",""
"NinjaMecha","NinjaMecha","","MECHA","54","","","","","","","","","","","","","","","","","","true","true","299","","","LEGENDARY","TID_MECHA_LEON_SKIN","TID_MECHA_LEON_SKIN_SHOP","MODEL,TEXTURE,ANIM,VFX,VOICE,TAKEDOWN","","","leon_mecha_tex.sctx","leon_mecha_tex.sctx","","","","-250","400","","","","","","","AVAILABLE",""
"StickyBombOffice","StickyBombOffice","","MISC","54","","","","","","","","","","","","","","","","","1000","true","","29","","","RARE","TID_SQUEAKY_NOTE_SKIN","TID_SQUEAKY_NOTE_SKIN_SHOP","MODEL,TEXTURE","","","squeak_office_tex_hd.sctx","squeak_office_tex_hd.sctx","","","","","","","","","","","","NEVER",""
"AxeJugglerDefault","AxeJugglerDefault","","","54","","","","","","","","","","","","","","","","","","true","","","","","","","","","","","melodie_tex.sctx","melodie_tex.sctx","","","","","","","","","","","","",""
"LuchadorBabyShark","LuchadorBabyShark","","BABYSHARK","54","","","","3","3","","","","","","","","","","","","","true","","149","","","EPIC","TID_EL_BABY_SHARK_SKIN","TID_EL_BABY_SHARK_SKIN_SHOP","MODEL,TEXTURE,ANIM,VFX","","","primo_baby_shark_tex.sctx","primo_baby_shark_tex.sctx","","","","250","","","","","","","","NEVER",""
"TntDudeDynastic","TntDudeDynastic","","RANKED_OLD","54","","","","","","","","","","","","","","","","","5000","true","","149","","","EPIC","TID_DYNASTY_MIKE_SKIN","TID_DYNASTY_MIKE_SKIN_SHOP","MODEL,TEXTURE,ANIM,VFX","","","dynamike_dynastic_tex.sctx","dynamike_dynastic_tex.sctx","","","","200","200","","","","","","","AVAILABLE",""
"","","","LANTERN","","","","","","","","","","","","","","","","","","","true","","","","","","","","","","","","","","","","","","","","","","","","",""
"InsectManDefault","InsectManDefault","","","54","","","","","","","","","","","","","","","","","","true","","","","","","","","","","","angelo_tex.sctx","angelo_tex.sctx","","","","","","","","","","","","",""
"CactusPoop","CactusPoop","","APRILFOOLS","54","","","","","","","","","","","","","","","","","","true","true","199","","","MYTHIC","TID_POOP_SPIKE_SKIN","TID_POOP_SPIKE_SKIN_SHOP","MODEL,TEXTURE,ANIM,VFX","","","spike_poop_tex.sctx","spike_poop_tex.sctx","","","","70","","","","","","","","AVAILABLE",""
"MechanicSkadi","MechanicSkadi","","NORSEGODS","54","","","","","","","","","","","MechanicTurretSkadi","","","","","","","true","true","199","","","MYTHIC","TID_SKADI_JESSIE_SKIN","TID_SKADI_JESSIE_SKIN_SHOP","MODEL,TEXTURE,ANIM,VFX","","","jessie_skadi_tex.sctx","jessie_skadi_tex.sctx","","","","600","","","","","","","","AVAILABLE",""
"MechanicTurretSkadi","MechanicTurretSkadi","","","","","","","","","","","","","","","","","","","","","true","","","","","","","","","","","jessie_skadi_turret_tex.sctx","jessie_skadi_turret_tex.sctx","","","","","","","","","","","","",""
"SoulCollectorSally","SoulCollectorSally","","LINE","54","","","","","","","","","","","","","","","","","","true","","79","","","SUPER_RARE","TID_BALLOON_SALLY_SKIN","TID_BALLOON_SALLY_SKIN_SHOP","MODEL,TEXTURE,ANIM,VFX","","","gus_sally_tex.sctx","gus_sally_tex.sctx","","","","600","300","","","","","","","NEVER",""
"RocketGirlBrown","RocketGirlBrown","","LINE","54","","","","","","","","","","","","","","","","","","true","","149","","","EPIC","TID_ROCKET_BROWN_SKIN","TID_ROCKET_BROWN_SKIN_SHOP","MODEL,TEXTURE,ANIM,VFX","","","brock_brown_tex.sctx","brock_brown_tex.sctx","","","","50","-150","","","","","","","NEVER",""
"BaseballThor","BaseballThor","","NORSEGODS","54","","","","","","","","","","","","","","","","","","true","true","299","","","LEGENDARY","TID_THOR_BIBI_SKIN","TID_THOR_BIBI_SKIN_SHOP","MODEL,TEXTURE,ANIM,VFX,VOICE,TAKEDOWN","","","bibi_thor_tex.sctx","bibi_thor_tex.sctx","","","","","","","","","","","","AVAILABLE",""
"PowerLevelerGenie","PowerLevelerGenie","","LANTERN","54","","","","","","","","","","","","","","","","","5000","true","","149","","","EPIC","TID_SURGENIE_SKIN","TID_SURGENIE_SKIN_SHOP","MODEL,TEXTURE,ANIM,VFX","","","surge_genie_tex.sctx","surge_genie_tex.sctx","","","","","","","","","","","","AVAILABLE",""
"ConductorScorpion","ConductorScorpion","","LANTERN","54","","","","","","","","","","","","","","","","","","true","true","299","","","LEGENDARY","TID_DESERT_SCORPION_CHUCK_SKIN","TID_DESERT_SCORPION_CHUCK_SKIN_SHOP","MODEL,TEXTURE,ANIM,VFX,VOICE,TAKEDOWN","","","chuck_pincer_tex.sctx","chuck_pincer_tex.sctx","","","","250","","","","","","","","AVAILABLE",""
"ShotgunGirlDancerBlue","ShotgunGirlDancerBlue","","BRAWLPASS","54","","","","","","","","","","","","","","","","","5000","true","","149","","","EPIC","TID_SHELLY_DANCER_IRIS_SKIN","TID_SHELLY_DANCER_IRIS_SKIN_SHOP","MODEL,TEXTURE,ANIM,VFX","","","shelly_noble_chroma_01_tex.sctx","shelly_noble_chroma_01_tex.sctx","","","","","","","","","","","","AVAILABLE",""
"","","","LANTERN","","","","","","","","","","","","","","","","","","","true","","","","","","","","","","","","","","","","","","","","","","","","",""
"ShotgunGirlDancerPurple","ShotgunGirlDancerPurple","","BRAWLPASS","54","","","","","","","","","","","","","","","","","5000","true","","149","","","EPIC","TID_SHELLY_DANCER_DAHLIA_SKIN","TID_SHELLY_DANCER_DAHLIA_SKIN_SHOP","MODEL,TEXTURE,ANIM,VFX","","","shelly_noble_chroma_02_tex.sctx","shelly_noble_chroma_02_tex.sctx","","","","","","","","","","","","AVAILABLE",""
"","","","LANTERN","","","","","","","","","","","","","","","","","","","true","","","","","","","","","","","","","","","","","","","","","","","","",""
"RopeDudeFenrir","RopeDudeFenrir","","BRAWLPASS","54","","","","","","","","","","","","","","","","","5000","true","","149","","","EPIC","TID_FENRIR_BUZZ_SKIN","TID_FENRIR_BUZZ_SKIN_SHOP","MODEL,TEXTURE,ANIM,VFX","","","buzz_fenrir_tex.sctx","buzz_fenrir_tex.sctx","","","","100","200","","","","","","","AVAILABLE",""
"","","","NORSEGODS","","","","","","","","","","","","","","","","","","","true","","","","","","","","","","","","","","","","","","","","","","","","",""
"KickerDudeBaseballRed","KickerDudeBaseballRed","","SUPERBOWL","54","","","","","","","","","","","","","","","","","5000","true","","149","","","EPIC","TID_RED_PITCHER_FANG_SKIN","TID_RED_PITCHER_FANG_SKIN_SHOP","MODEL,TEXTURE,ANIM,VFX","","","fang_baseball_tex.sctx","fang_baseball_tex.sctx","","","","200","","","","","","","","AVAILABLE",""
"GunslingerMecha","GunslingerMecha","","MECHA","54","","","","","","","","","","","","","","","","","","true","true","299","","","LEGENDARY","TID_MECHA_COLT_SKIN","TID_MECHA_COLT_SKIN_SHOP","MODEL,TEXTURE,ANIM,VFX,VOICE,TAKEDOWN","","","colt_mecha_tex.sctx","colt_mecha_tex.sctx","","","","","","","","","","","","AVAILABLE",""
"PercenterCony","PercenterCony","","LINE","54","","","","","","","","","","","MechanicTurretTanuki","","","","","","","true","","79","","","SUPER_RARE","TID_FANGIRL_CONY_SKIN","TID_FANGIRL_CONY_SKIN_SHOP","MODEL,TEXTURE,ANIM,VFX","","","colette_cony_tex.sctx","colette_cony_tex.sctx","","","","-150","","","","","","","","NEVER",""
"RopeDudeFenrirRed","RopeDudeFenrirRed","","BRAWLPASS","54","","","","","","","","","","","","","","","","","5000","true","","149","","","EPIC","TID_ELDR_FENRIR_BUZZ_SKIN","TID_ELDR_FENRIR_BUZZ_SKIN_SHOP","MODEL,TEXTURE,ANIM,VFX","","","buzz_fenrir_tex_chroma_01_tex.sctx","buzz_fenrir_tex_chroma_01_tex.sctx","","","","100","200","","","","","","","AVAILABLE",""
"","","","NORSEGODS","","","","","","","","","","","","","","","","","","","true","","","","","","","","","","","","","","","","","","","","","","","","",""
"DuelistOdin","DuelistOdin","","NORSEGODS","54","","","","","","","","","","","","","","","","","5000","true","","149","","","EPIC","TID_ODIN_CORDELIUS_SKIN","TID_ODIN_CORDELIUS_SKIN_SHOP","MODEL,TEXTURE,ANIM,VFX","","","cordelius_odin_tex.sctx","cordelius_odin_tex.sctx","","","","-50","-50","","","","","","","AVAILABLE",""
"MaisieGold","MaisieGold","","GOLD","54","","","","","","","","","","","","","","","","","","","","","","25000","COLLECTORS","TID_TRUE_GOLD_MAISIE_SKIN","TID_TRUE_GOLD_MAISIE_SKIN_SHOP","MODEL,TEXTURE","","gold_true_materials.glb","maisie_face_gold_tex.sctx","maisie_face_gold_tex.sctx","","","","","","true","","","","","","",""
"MaisieSilver","MaisieSilver","","SILVER","54","","","","","","","","","","","","","","","","","","","","","","10000","COLLECTORS","TID_TRUE_SILVER_MAISIE_SKIN","TID_TRUE_SILVER_MAISIE_SKIN_SHOP","MODEL,TEXTURE","","silver_true_materials.glb","maisie_face_silver_tex.sctx","maisie_face_silver_tex.sctx","","","","","","true","","","","","","",""
"CookerGold","CookerGold","","GOLD","54","","","","","","","","","","","","","","","","","","","","","","25000","COLLECTORS","TID_TRUE_GOLD_PEARL_SKIN","TID_TRUE_GOLD_PEARL_SKIN_SHOP","MODEL,TEXTURE","","gold_true_materials.glb","pearl_gold_face_tex.sctx","pearl_gold_face_tex.sctx","","","","","","true","","","","","","",""
"CookerSilver","CookerSilver","","SILVER","54","","","","","","","","","","","","","","","","","","","","","","10000","COLLECTORS","TID_TRUE_SILVER_PEARL_SKIN","TID_TRUE_SILVER_PEARL_SKIN_SHOP","MODEL,TEXTURE","","silver_true_materials.glb","pearl_silver_face_tex.sctx","pearl_silver_face_tex.sctx","","","","","","true","","","","","","",""
"SplitterGold","SplitterGold","","GOLD","54","","","","","","","","","","","SplitterLegsGold","","","","","","","","","","","25000","COLLECTORS","TID_TRUE_GOLD_R-T_SKIN","TID_TRUE_GOLD_R-T_SKIN_SHOP","MODEL,TEXTURE","","gold_true_materials.glb","rt_gold_face_tex.sctx","rt_gold_face_tex.sctx","","","","","","true","","","","","","",""
"SplitterSilver","SplitterSilver","","SILVER","54","","","","","","","","","","","SplitterLegsSilver","","","","","","","","","","","10000","COLLECTORS","TID_TRUE_SILVER_R-T_SKIN","TID_TRUE_SILVER_R-T_SKIN_SHOP","MODEL,TEXTURE","","silver_true_materials.glb","rt_silver_face_tex.sctx","rt_silver_face_tex.sctx","","","","","","true","","","","","","",""
"DuelistGold","DuelistGold","","GOLD","54","","","","","","","","","","","","","","","","","","","","","","25000","COLLECTORS","TID_TRUE_GOLD_CORDELIUS_SKIN","TID_TRUE_GOLD_CORDELIUS_SKIN_SHOP","MODEL,TEXTURE","","gold_true_materials.glb","cordelius_gold_face_tex.sctx","cordelius_gold_face_tex.sctx","","","","","","true","","","","","","",""
"DuelistSilver","DuelistSilver","","SILVER","54","","","","","","","","","","","","","","","","","","","","","","10000","COLLECTORS","TID_TRUE_SILVER_CORDELIUS_SKIN","TID_TRUE_SILVER_CORDELIUS_SKIN_SHOP","MODEL,TEXTURE","","silver_true_materials.glb","cordelius_silver_face_tex.sctx","cordelius_silver_face_tex.sctx","","","","","","true","","","","","","",""
"NinjaMechaLight","NinjaMechaLight","","MECHA","54","","","","","","","","","","","","","","","","","","","","49","","","LEGENDARY","TID_RADIANT_MECHA_LEON_SKIN","TID_RADIANT_MECHA_LEON_SKIN_SHOP","MODEL,TEXTURE,ANIM,VFX,VOICE,TAKEDOWN","","","leon_mecha_croma_tex.sctx","leon_mecha_croma_tex.sctx","","","","-250","400","","","NinjaMecha","","","","",""
"RopeDudeFenrirBlack","RopeDudeFenrirBlack","","BRAWLPASS","54","","","","","","","","","","","","","","","","","5000","true","","149","","","EPIC","TID_MORK_FENRIR_BUZZ_SKIN","TID_MORK_FENRIR_BUZZ_SKIN_SHOP","MODEL,TEXTURE,ANIM,VFX","","","buzz_fenrir_tex_chroma_02_tex.sctx","buzz_fenrir_tex_chroma_02_tex.sctx","","","","100","200","","","","","","","AVAILABLE",""
"","","","NORSEGODS","","","","","","","","","","","","","","","","","","","true","","","","","","","","","","","","","","","","","","","","","","","","",""
"KickerDudeBaseballBlue","KickerDudeBaseballBlue","","SUPERBOWL","54","","","","","","","","","","","","","","","","","5000","true","","149","","","EPIC","TID_BLUE_PITCHER_FANG_SKIN","TID_BLUE_PITCHER_FANG_SKIN_SHOP","MODEL,TEXTURE,ANIM,VFX","","","fang_baseball_croma_tex.sctx","fang_baseball_croma_tex.sctx","","","","200","","","","","","","","AVAILABLE",""
"NinjaMechaDark","NinjaMechaDark","","MECHA","54","","","","","","","","","","","","","","","","","","","","49","","","LEGENDARY","TID_SHADOW_MECHA_LEON_SKIN","TID_SHADOW_MECHA_LEON_SKIN_SHOP","MODEL,TEXTURE,ANIM,VFX,VOICE,TAKEDOWN","","","leon_mecha_chroma_02_tex.sctx","leon_mecha_chroma_02_tex.sctx","","","","-250","400","","","NinjaMecha","","","","",""
"GunslingerMechaGold","GunslingerMechaGold","","MECHA","54","","","","","","","","","","","","","","","","","","","","49","","","LEGENDARY","TID_PARAGON_MECHA_COLT_SKIN","TID_PARAGON_MECHA_COLT_SKIN_SHOP","MODEL,TEXTURE,ANIM,VFX,VOICE,TAKEDOWN","","","colt_mecha_chroma_02_tex.sctx","colt_mecha_chroma_02_tex.sctx","","","","","","","","GunslingerMecha","","","","",""
"GunslingerMechaPurple","GunslingerMechaPurple","","MECHA","54","","","","","","","","","","","","","","","","","","","","49","","","LEGENDARY","TID_RENEGADE_MECHA_COLT_SKIN","TID_RENEGADE_MECHA_COLT_SKIN_SHOP","MODEL,TEXTURE,ANIM,VFX,VOICE,TAKEDOWN","","","colt_mecha_chorma_01_tex.sctx","colt_mecha_chorma_01_tex.sctx","","","","","","","","GunslingerMecha","","","","",""
"JesterLoki","JesterLoki","","RANKED_OLD","54","","","","","","","","","","","","","","","","","5000","true","","149","","","EPIC","TID_LOKI_CHESTER_SKIN","TID_LOKI_CHESTER_SKIN_SHOP","MODEL,TEXTURE,ANIM,VFX","","","chester_loki_tex.sctx","chester_loki_tex.sctx","","","","","","","","","","","","AVAILABLE",""
"","","","NORSEGODS","","","","","","","","","","","","","","","","","","","true","","","","","","","","","","","","","","","","","","","","","","","","",""
"ReviverGold","ReviverGold","","GOLD","54","","","","","","","","","","","","","","","","","","","","","","25000","COLLECTORS","TID_TRUE_GOLD_DOUG_SKIN","TID_TRUE_GOLD_DOUG_SKIN_SHOP","MODEL,TEXTURE","","gold_true_materials.glb","doug_gold_face_tex.sctx","doug_gold_face_tex.sctx","","","","","","true","","","","","","",""
"ReviverSilver","ReviverSilver","","SILVER","54","","","","","","","","","","","","","","","","","","","","","","10000","COLLECTORS","TID_TRUE_SILVER_DOUG_SKIN","TID_TRUE_SILVER_DOUG_SKIN_SHOP","MODEL,TEXTURE","","silver_true_materials.glb","doug_silver_face_tex.sctx","doug_silver_face_tex.sctx","","","","","","true","","","","","","",""
"AxeJugglerRare","AxeJugglerRare","","NORSEGODS","54","","","","","","","","","","","","","","","","","1000","true","","29","","","RARE","TID_SIF_MELODIE_SKIN","TID_SIF_MELODIE_SKIN_SHOP","MODEL,TEXTURE","","","melodie_sif_tex.sctx","melodie_sif_tex.sctx","","","","","","","","","","","","NEVER",""
"InsectManRare","InsectManRare","","ENCHANTED","54","","","","","","","","","","","","","","","","","1000","true","","29","","","RARE","TID_ELF_ANGELO_SKIN","TID_ELF_ANGELO_SKIN_SHOP","MODEL,TEXTURE","","","angelo_elf_tex.sctx","angelo_elf_tex.sctx","","","","","","","","","","","","NEVER",""
"SplitterLegsSilver","SplitterLegsSilver","","","","","","","","","","","","","","","","","","","","","true","","","","","","","","","","gold_true_materials.glb","rt_silver_face_tex.sctx","rt_silver_face_tex.sctx","","","","","","","","","","","","",""
"SplitterLegsGold","SplitterLegsGold","","","","","","","","","","","","","","","","","","","","","true","","","","","","","","","","silver_true_materials.glb","rt_gold_face_tex.sctx","rt_gold_face_tex.sctx","","","","","","","","","","","","",""
"TrophyCritterDefault","TrophyCritterDefault","","","","","","","","","","","","","","","","","","","","","true","","","","","","","","","","","","","","","","","","","","","","","","",""
"CocoonerVirus","CocoonerVirus","","HACKER","55","","","","","","","","","","","CocoonerCocoonVirus","CocoonerPetVirus","","","","","","true","true","299","","","LEGENDARY","TID_VIRUS_CHARLIE_SKIN","TID_VIRUS_CHARLIE_SKIN_SHOP","MODEL,TEXTURE,ANIM,VFX,VOICE,TAKEDOWN","","","charlie_virus_tex.sctx","charlie_virus_tex.sctx","","","","300","700","","","","","","","AVAILABLE",""
"CocoonerCocoonVirus","CocoonerCocoonVirus","","","55","","","","","","","","","","","","","","","","","","true","","","","","","","","","","","charlie_virus_tex.sctx","charlie_virus_tex.sctx","","","","","","","","","","","","",""
"CocoonerPetVirus","CocoonerPetVirus","","","55","","","","","","","","","","","","","","","","","","true","","","","","","","","","","","charlie_virus_tex.sctx","charlie_virus_tex.sctx","","","","","","","","","","","","",""
"RocketGirlVirus","RocketGirlVirus","","BRAWLPASS","55","","","","","","","","","","","","","","","","","5000","true","","149","","","EPIC","TID_HACKER_BROCK_SKIN","TID_HACKER_BROCK_SKIN_SHOP","MODEL,TEXTURE,ANIM,VFX","","","brock_hacker_tex.sctx","brock_hacker_tex.sctx","","","","-150","","","","","","","","AVAILABLE",""
"","","","HACKER","","","","","","","","","","","","","","","","","","","true","","","","","","","","","","","","","","","","","","","","","","","","",""
"TwinsVirus","TwinsVirus","","RANKED_OLD","55","","","","","","","","","","","TwinsPetVirus","TwinsPetVirus","","","","","5000","true","","149","","","EPIC","TID_GLITCH_LARRY_&_LAWRIE_SKIN","TID_GLITCH_LARRY_&_LAWRIE_SKIN_SHOP","MODEL,TEXTURE,ANIM,VFX","","","twins_good_hacker_tex.sctx","twins_good_hacker_tex.sctx","","","","","500","","","","","","","AVAILABLE",""
"","","","HACKER","","","","","","","","","","","","","","","","","","","true","","","","","","","","","","","","","","","","","","","","","","","","",""
"TwinsPetVirus","TwinsPetVirus","","","55","","","","","","","","","","","","","","","","","","true","","","","","","","","","","","twins_bad_hacker_tex.sctx","twins_bad_hacker_tex.sctx","","","","","","","","","","","","",""
"KickerDudeVirus","KickerDudeVirus","","HACKER","55","","","","","","","","","","","","","","","","","","true","true","199","","","MYTHIC","TID_FANGUARD_SKIN","TID_FANGUARD_SKIN_SHOP","MODEL,TEXTURE,ANIM,VFX","","","fang_hacker_tex.sctx","fang_hacker_tex.sctx","","","","","440","","","","","","","AVAILABLE",""
"ShamanGodzilla","ShamanGodzilla","","GODZILLA","55","","","","4","4","","","","","","ShamanPetGodzilla","","","","","","","true","","199","","","MYTHIC","TID_MECHAGODZILLA_NITA_SKIN","TID_MECHAGODZILLA_NITA_SKIN_SHOP","MODEL,TEXTURE,ANIM,VFX","","","nita_mechagodzilla_tex.sctx","nita_mechagodzilla_tex.sctx","","","","","","","","","","","","NEVER",""
"ShamanPetGodzilla","ShamanPetGodzilla","","","55","","","","","","","","","","","","","","","","","","true","","","","","","","","","","","nita_mechagodzilla_bear_face_tex.sctx","nita_mechagodzilla_bear_face_tex.sctx","","","","","","","","","","","","",""
"RopeDudeGodzilla","RopeDudeGodzilla","","GODZILLA","55","","","","3","3","","","","","","","","","","","","","true","","499","","","HYPERCHARGE","TID_GODZILLA_BUZZ_SKIN","TID_GODZILLA_BUZZ_SKIN_SHOP","MODEL,TEXTURE,ANIM,VFX,VOICE,TAKEDOWN","","","","","","","","","200","","","","","","","NEVER",""
"FleaGodzilla","FleaGodzilla","","RANKED_OLD","55","","","","3","3","","","","","","FleaBigEggGodzilla","FleaPetGodzilla","","","","","5000","true","","149","","","EPIC","TID_MOTHRA_EVE_SKIN","TID_MOTHRA_EVE_SKIN_SHOP","MODEL,TEXTURE,ANIM,VFX","","","eve_mothra_tex.sctx","eve_mothra_tex.sctx","","","","","","","","","","","","NEVER",""
"","","","GODZILLA","","","","","","","","","","","","","","","","","","","true","","","","","","","","","","","","","","","","","","","","","","","","",""
"FleaPetGodzilla","FleaPetGodzilla","","","55","","","","","","","","","","","","","","","","","","true","","","","","","","","","","","eve_mothra_tex.sctx","eve_mothra_tex.sctx","","","","","","","","","","","","",""
"FleaBigEggGodzilla","FleaBigEggGodzilla","","RANKED_OLD","55","","","","","","","","","","","","","","","","","","true","","","","","","","","","","","eve_mothra_tex.sctx","eve_mothra_tex.sctx","","","","","","","","","","","","",""
"","","","GODZILLA","","","","","","","","","","","","","","","","","","","true","","","","","","","","","","","","","","","","","","","","","","","","",""
"BeeSniperVirus","BeeSniperVirus","","HACKER","55","","","","","","","","","","","BeeSniperVirusAddonBee","","","","","","2750","true","","79","","","SUPER_RARE","TID_BEA_BYTE_SKIN","TID_BEA_BYTE_SKIN_SHOP","MODEL,TEXTURE,ANIM,VFX","","","bea_hacker_tex.sctx","bea_hacker_tex.sctx","","","","150","-200","","","","","","","AVAILABLE",""
"HammerDudeVacation","HammerDudeVacation","","SUMMER","55","","","","","","","","","","","","","","","","","1000","true","","29","","","RARE","TID_PARASOL_FRANK_SKIN","TID_PARASOL_FRANK_SKIN_SHOP","MODEL,TEXTURE","","","frank_vacation_tex.sctx","frank_vacation_tex.sctx","","","","","","","","","","","","NEVER",""
"SnakeOilTropical","SnakeOilTropical","","SUMMER","55","","","","","","","","","","","","","","","","","1000","true","","29","","","RARE","TID_BEACH_BYRON_SKIN","TID_BEACH_BYRON_SKIN_SHOP","MODEL,TEXTURE","","","byron_tropical_tex.sctx","byron_tropical_tex.sctx","","","","","","","","","","","","NEVER",""
"UndertakerGala","UndertakerGala","","HUB","55","","","","","","","","","","","","","","","","","1000","true","","29","","","RARE","TID_GALA_MORTIS_SKIN","TID_GALA_MORTIS_SKIN_SHOP","MODEL,TEXTURE","","","mortis_gala_tex.sctx","mortis_gala_tex.sctx","","","","","","","","","","","","NEVER",""
"SandstormMake","SandstormMake","","SC_MAKE","55","","","","","","","","","","","","","","","","","5000","true","","149","","","EPIC","TID_NIGHTMARE_SANDY_SKIN","TID_NIGHTMARE_SANDY_SKIN_SHOP","MODEL,TEXTURE,ANIM,VFX","GEDI-KOR","","sandy_nightmare_tex.sctx","sandy_nightmare_tex.sctx","","","","","","","","","","","","AVAILABLE",""
"","","","LANTERN","","","","","","","","","","","","","","","","","","","true","","","","","","","","","","","","","","","","","","","","","","","","",""
"HookDudeMake","HookDudeMake","","SC_MAKE","55","","","","","","","","","","","","","","","","","5000","true","","149","","","EPIC","TID_DARK_SAMURAI_GENE_SKIN","TID_DARK_SAMURAI_GENE_SKIN_SHOP","MODEL,TEXTURE,ANIM,VFX","Reghs","","gene_samurai_tex.sctx","gene_samurai_tex.sctx","","","","200","100","","","","","","","AVAILABLE",""
"","","","LANTERN","","","","","","","","","","","","","","","","","","","true","","","","","","","","","","","","","","","","","","","","","","","","",""
"BaseballGamer_remake","BaseballGamer_remake","","GAMING","55","","","","","","","","","","","","","","","","","","true","","199","","","MYTHIC","TID_GAMER_BIBI_SKIN","TID_GAMER_BIBI_SKIN_SHOP","MODEL,TEXTURE,ANIM,VFX","","","bibi_heroine_tex.sctx","bibi_heroine_tex.sctx","","","","","","","","","","","","AVAILABLE",""
"BlackHoleStreetNinja_remake","BlackHoleStreetNinja_remake","","LNY","55","","","","","","","","","","","","","","","","","5000","true","","149","","","EPIC","TID_URBAN_NINJA_TARA_SKIN","TID_URBAN_NINJA_TARA_SKIN_SHOP","MODEL,TEXTURE,ANIM,VFX","","","tara_streetninja_remake_tex.sctx","tara_streetninja_remake_tex.sctx","","","","100","","","","","","","","AVAILABLE",""
"PowerLevelerKnight_red","PowerLevelerKnight_red","","MAXFORCE","55","","","","","","","","","","","","","","","","","5000","true","","149","","","EPIC","TID_SCARLET_PALADIN_SURGE_SKIN","TID_SCARLET_PALADIN_SURGE_SKIN_SHOP","MODEL,TEXTURE,ANIM,VFX","","","surge_mecha_paladdin_face_tex.sctx","surge_mecha_paladdin_face_tex.sctx","","","","","","","","","","","","AVAILABLE",""
"RocketGirlRanger_red","RocketGirlRanger_red","","MAXFORCE","55","","","","","","","","","","","","","","","","","5000","true","","149","","","EPIC","TID_RED_RANGER_BROCK_SKIN","TID_RED_RANGER_BROCK_SKIN_SHOP","MODEL,TEXTURE,ANIM,VFX","","","brock_sentai_tex.sctx","brock_sentai_tex.sctx","","","","400","250","","","","","","","AVAILABLE",""
"RocketGirlRanger_blue","RocketGirlRanger_blue","","MAXFORCE","55","","","","","","","","","","","","","","","","","5000","true","","149","","","EPIC","TID_BLUE_RANGER_BROCK_SKIN","TID_BLUE_RANGER_BROCK_SKIN_SHOP","MODEL,TEXTURE,ANIM,VFX","","","brock_sentai_tex_blue.sctx","brock_sentai_tex_blue.sctx","","","","400","250","","","","","","","AVAILABLE",""
"RocketGirlRanger_yellow","RocketGirlRanger_yellow","","MAXFORCE","55","","","","","","","","","","","","","","","","","5000","true","","149","","","EPIC","TID_YELLOW_RANGER_BROCK_SKIN","TID_YELLOW_RANGER_BROCK_SKIN_SHOP","MODEL,TEXTURE,ANIM,VFX","","","brock_sentai_tex_yellow.sctx","brock_sentai_tex_yellow.sctx","","","","400","250","","","","","","","AVAILABLE",""
"RocketGirlRanger_pink","RocketGirlRanger_pink","","MAXFORCE","55","","","","","","","","","","","","","","","","","5000","true","","149","","","EPIC","TID_PINK_RANGER_BROCK_SKIN","TID_PINK_RANGER_BROCK_SKIN_SHOP","MODEL,TEXTURE,ANIM,VFX","","","brock_sentai_tex_pink.sctx","brock_sentai_tex_pink.sctx","","","","400","250","","","","","","","AVAILABLE",""
"RocketGirlRanger_black","RocketGirlRanger_black","","MAXFORCE","55","","","","","","","","","","","","","","","","","5000","true","","149","","","EPIC","TID_BLACK_RANGER_BROCK_SKIN","TID_BLACK_RANGER_BROCK_SKIN_SHOP","MODEL,TEXTURE,ANIM,VFX","","","brock_sentai_tex_black_01.sctx","brock_sentai_tex_black_01.sctx","","","","400","250","","","","","","","AVAILABLE",""
"ClusterBombDudeGodzilla","ClusterBombDudeGodzilla","","BRAWLPASS","55","","","","3","3","","","","","","ClusterBombPetGodzilla","","","","","","5000","true","","149","","","EPIC","TID_MECHA-TICK_GHIDORAH_SKIN","TID_MECHA-TICK_GHIDORAH_SKIN_SHOP","MODEL,TEXTURE,ANIM,VFX","","","tick_ghidorah_tex.sctx","tick_ghidorah_tex.sctx","","","","-50","400","","","","","","","NEVER",""
"","","","GODZILLA","","","","","","","","","","","","","","","","","","","true","","","","","","","","","","","","","","","","","","","","","","","","",""
"ClusterBombPetGodzilla","ClusterBombPetGodzilla","","","","","","","","","","","","","","","","","","","","","true","","","","","","","","","","","tick_ghidorah_face_tex.sctx","tick_ghidorah_face_tex.sctx","","","","","","","","","","","","",""
"ShotgunGirlSquad","ShotgunGirlSquad","","SQUAD","55","","","","3","3","","","","","","","","","","","","","true","","199","","","MYTHIC","TID_SQUAD_BUSTER_SHELLY_SKIN","TID_SQUAD_BUSTER_SHELLY_SKIN_SHOP","MODEL,TEXTURE,ANIM,VFX","","","shelly_squadbuster_tex.sctx","shelly_squadbuster_tex.sctx","","impostor_outline_thick","","200","100","","","","","","","NEVER",""
"SnakeOilWizard_white","SnakeOilWizard_white","","RANKED_OLD","55","","","","","","","","","","","","","","","","","5000","true","","149","","","EPIC","TID_BYRON_THE_WHITE_SKIN","TID_BYRON_THE_WHITE_SKIN_SHOP","MODEL,TEXTURE,ANIM,VFX","","","byron_wizard_pl_chroma.sctx","byron_wizard_pl_chroma.sctx","","","","","","","","","","","","AVAILABLE",""
"","","","ONCEUPON","","","","","","","","","","","","","","","","","","","true","","","","","","","","","","","","","","","","","","","","","","","","",""
"DrillerJetski_purple","DrillerJetski_purple","","RANKED_OLD","55","","","","","","","","","","","","","","","","","5000","true","","149","","","EPIC","TID_WAVE_HOPPER_JACKY_SKIN","TID_WAVE_HOPPER_JACKY_SKIN_SHOP","MODEL,TEXTURE,ANIM,VFX","","","jacky_power_league_croma(jetski).sctx","jacky_power_league_croma(jetski).sctx","","","","-250","","","","","","","","AVAILABLE",""
"","","","SUMMER","","","","","","","","","","","","","","","","","","","true","","","","","","","","","","","","","","","","","","","","","","","","",""
"RopeDudeDirector_blue","RopeDudeDirector_blue","","RANKED_OLD","55","","","","","","","","","","","","","","","","","5000","true","","149","","","EPIC","TID_FILMMAKER_BUZZ_SKIN","TID_FILMMAKER_BUZZ_SKIN_SHOP","MODEL,TEXTURE,ANIM,VFX","","","buzz_director_powerleague_chroma_tex.sctx","buzz_director_powerleague_chroma_tex.sctx","","","","","200","","","","","","","AVAILABLE",""
"","","","BRAWLYWOOD","","","","","","","","","","","","","","","","","","","true","","","","","","","","","","","","","","","","","","","","","","","","",""
"ArtilleryDudeSmuggler_orange","ArtilleryDudeSmuggler_orange","","RANKED_OLD","55","","","","","","","","","","","ArtilleryDudeTurretSmuggler_orange","ArtilleryDudeCoverDefault","","","","","5000","true","","149","","","EPIC","TID_MOON-CURSER_PENNY_SKIN","TID_MOON-CURSER_PENNY_SKIN_SHOP","MODEL,TEXTURE,ANIM,VFX","","","penny_power_league_chroma_tex.sctx","penny_power_league_chroma_tex.sctx","","","","","","","","","","","","AVAILABLE",""
"","","","VILLAINS","","","","","","","","","","","","","","","","","","","true","","","","","","","","","","","","","","","","","","","","","","","","",""
"ArcadePiano_black","ArcadePiano_black","","RANKED_OLD","55","","","","","","","","","","","DamageBoosterPiano_black","","","","","","5000","true","","149","","","EPIC","TID_PIANO_8-BIT_SKIN","TID_PIANO_8-BIT_SKIN_SHOP","MODEL,TEXTURE,ANIM,VFX","","","8bit_piano_powerleague_croma_face_tex.sctx","8bit_piano_powerleague_croma_face_tex.sctx","","","","","","","","","","","","AVAILABLE",""
"","","","OUTLAWS","","","","","","","","","","","","","","","","","","","true","","","","","","","","","","","","","","","","","","","","","","","","",""
"ShamanDragon_black","ShamanDragon_black","","RANKED_OLD","55","","","","","","","","","","","ShamanPetDragon_black","","","","","","5000","true","","149","","","EPIC","TID_RUI_SHOU_NITA_SKIN","TID_RUI_SHOU_NITA_SKIN_SHOP","MODEL,TEXTURE,ANIM,VFX","","","nita_power_league_chroma_tex.sctx","nita_power_league_chroma_tex.sctx","","","","","","","","","","","","AVAILABLE",""
"","","","LNY","","","","","","","","","","","","","","","","","","","true","","","","","","","","","","","","","","","","","","","","","","","","",""
"ShamanPetDragon_black","ShamanPetDragon_black","","","55","","","","","","","","","","","","","","","","","","true","","","","","","","","","","","nita_bear_power_league_chroma_nian_face_tex.sctx","nita_bear_power_league_chroma_nian_face_tex.sctx","","","","","","","","","","","","",""
"ArtilleryDudeTurretSmuggler_orange","ArtilleryDudeTurretSmuggler_orange","","","55","","","","","","","","","","","","","","","","","","true","","","","","","","","","","","penny_power_league_chroma_tex.sctx","penny_power_league_chroma_tex.sctx","","","","","","","","","","","","",""
"DragonRiderDefault","DragonRiderDefault","","","55","","","","","","","","","","","","","","","","","","true","","","","","","","","","","","","","","","","","","","","","","","","",""
"AmbusherDefault","AmbusherDefault","","","55","","","","","","","","","","","","","","","","","","true","","","","","","","","","","","lily_tex.sctx","lily_tex.sctx","","","","","","","","","","","","",""
"GodzillaDefault","GodzillaDefault","","","55","","","","","","","","","","","","","","","","","","true","","","","","","","","","","","buzz_godzilla_hypercharge_face_tex.sctx","buzz_godzilla_hypercharge_face_tex.sctx","","","","","","","","","","","","",""
"GodzillaMecha","GodzillaMecha","","","55","","","","","","","","","","","","","","","","","","true","","","","","","","","","","","nita_mechagodzilla_bear_face_tex.sctx","nita_mechagodzilla_bear_face_tex.sctx","","","","","","","","","","","","",""
"ExplodingTank","ExplodingTank","","","55","","","","","","","","","","","","","","","","","","true","","","","","","","","","","","","","","","","","","","","","","","","",""
"DamageBoosterPiano_black","DamageBoosterPiano_black","","","55","","","","","","","","","","","","","","","","","","true","","","","","","","","","","","8bit_piano_powerleague_croma_tex.sctx","8bit_piano_powerleague_croma_tex.sctx","","","","","","","","","","","","",""
"SilencerGoldAddonStarfish","SilencerGoldAddonStarfish","","","","","","","","","","","","","","","","","","","","","true","","","","","","","","","","gold_true_materials.glb","otis_gold_tex.sctx","otis_gold_tex.sctx","","","","","","","","","","","","",""
"SilencerSilverAddonStarfish","SilencerSilverAddonStarfish","","","","","","","","","","","","","","","","","","","","","true","","","","","","","","","","silver_true_materials.glb","otis_silver_tex.sctx","otis_silver_tex.sctx","","","","","","","","","","","","",""
"SilencerWorldfinalsAddonStarfish","SilencerWorldfinalsAddonStarfish","","","","","","","","","","","","","","","","","","","","","true","","","","","","","","","","","otis_world_finals_face_tex.sctx","otis_world_finals_face_tex.sctx","","","","","","","","","","","","",""
"BeeSniperVirusAddonBee","BeeSniperVirusAddonBee","","","55","","","","","","","","","","","","","","","","","","true","","","","","","","","","","","bea_hacker_tex.sctx","bea_hacker_tex.sctx","","","","","","","","","","","","",""
"RocketGirlVirusRGB","RocketGirlVirusRGB","","BRAWLPASS","55","","","","","","","","","","","","","","","","","5000","true","","149","","","EPIC","TID_RGB_HACKER_BROCK_SKIN","TID_RGB_HACKER_BROCK_SKIN_SHOP","MODEL,TEXTURE,ANIM,VFX","","","brock_hacker_croma_rgb_tex.sctx","brock_hacker_croma_rgb_tex.sctx","","","","-150","","","","","","","","AVAILABLE",""
"","","","HACKER","","","","","","","","","","","","","","","","","","","true","","","","","","","","","","","","","","","","","","","","","","","","",""
"RocketGirlVirusGold","RocketGirlVirusGold","","BRAWLPASS","55","","","","","","","","","","","","","","","","","5000","true","","149","","","EPIC","TID_GOLD_HACKER_BROCK_SKIN","TID_GOLD_HACKER_BROCK_SKIN_SHOP","MODEL,TEXTURE,ANIM,VFX","","","brock_hacker_croma_gold_tex.sctx","brock_hacker_croma_gold_tex.sctx","","","","-150","","","","","","","","AVAILABLE",""
"","","","HACKER","","","","","","","","","","","","","","","","","","","true","","","","","","","","","","","","","","","","","","","","","","","","",""
"ClusterBombDudeGodzillaDark","ClusterBombDudeGodzillaDark","","BRAWLPASS","55","","","","3","3","","","","","","ClusterBombPetGodzillaDark","","","","","","5000","true","","149","","","EPIC","TID_MECHA-TICK_GHIDORAH_DARK_SKIN","TID_MECHA-TICK_GHIDORAH_DARK_SKIN_SHOP","MODEL,TEXTURE,ANIM,VFX","","","tick_ghidorah_white_tex.sctx","tick_ghidorah_white_tex.sctx","","","","-50","400","","","","","","","NEVER",""
"","","","GODZILLA","","","","","","","","","","","","","","","","","","","true","","","","","","","","","","","","","","","","","","","","","","","","",""
"ClusterBombDudeGodzillaGold","ClusterBombDudeGodzillaGold","","BRAWLPASS","55","","","","3","3","","","","","","ClusterBombPetGodzillaGold","","","","","","5000","true","","149","","","EPIC","TID_MECHA-TICK_GHIDORAH_LIGHT_SKIN","TID_MECHA-TICK_GHIDORAH_LIGHT_SKIN_SHOP","MODEL,TEXTURE,ANIM,VFX","","","tick_ghidorah_purple_tex.sctx","tick_ghidorah_purple_tex.sctx","","","","-50","400","","","","","","","NEVER",""
"","","","GODZILLA","","","","","","","","","","","","","","","","","","","true","","","","","","","","","","","","","","","","","","","","","","","","",""
"ClusterBombPetGodzillaDark","ClusterBombPetGodzillaDark","","","55","","","","","","","","","","","","","","","","","","true","","","","","","","","","","","tick_ghidorah_white_face_tex.sctx","tick_ghidorah_white_face_tex.sctx","","","","","","","","","","","","",""
"ClusterBombPetGodzillaGold","ClusterBombPetGodzillaGold","","","55","","","","","","","","","","","","","","","","","","true","","","","","","","","","","","tick_ghidorah_purple_face_tex.sctx","tick_ghidorah_purple_face_tex.sctx","","","","","","","","","","","","",""
"RopeDudeGodzillaRed","RopeDudeGodzillaRed","","GODZILLA","55","","","","3","3","","","","","","","","","","","","","true","","499","","","HYPERCHARGE","TID_RED_GODZILLA_BUZZ_SKIN","TID_RED_GODZILLA_BUZZ_SKIN_SHOP","MODEL,TEXTURE,ANIM,VFX,VOICE,TAKEDOWN","","","","","","","","","200","","","","","","","NEVER",""
"RopeDudeGodzillaBlack","RopeDudeGodzillaBlack","","GODZILLA","55","","","","3","3","","","","","","","","","","","","","true","","499","","","HYPERCHARGE","TID_BLACK_GODZILLA_BUZZ_SKIN","TID_BLACK_GODZILLA_BUZZ_SKIN_SHOP","MODEL,TEXTURE,ANIM,VFX,VOICE,TAKEDOWN","","","","","","","","","200","","","","","","","NEVER",""
"DragonRiderRare","DragonRiderRare","","FANTASY","55","","","","","","","","","","","","","","","","","1000","true","","29","","","RARE","TID_DARK_KNIGHT_DRACO_SKIN","TID_DARK_KNIGHT_DRACO_SKIN_SHOP","MODEL,TEXTURE","","","","","","","","","","","","","","","","NEVER",""
"GodzillaRed","GodzillaRed","","","55","","","","","","","","","","","","","","","","","","true","","","","","","","","","","","buzz_godzilla_hypercharge_red_face_tex.sctx","buzz_godzilla_hypercharge_red_face_tex.sctx","","","","","","","","","","","","",""
"GodzillaBlack","GodzillaBlack","","","55","","","","","","","","","","","","","","","","","","true","","","","","","","","","","","buzz_godzilla_hypercharge_black_face_tex.sctx","buzz_godzilla_hypercharge_black_face_tex.sctx","","","","","","","","","","","","",""
"AmbusherRare","AmbusherRare","","BIODOME","55","","","","","","","","","","","","","","","","","1000","true","","29","","","RARE","TID_STRAWBERRY_LILY_SKIN","TID_STRAWBERRY_LILY_SKIN_SHOP","MODEL,TEXTURE","","","lily_strawberry_tex.sctx","lily_strawberry_tex.sctx","","","","","","","","","","","","NEVER",""
"CocoonerGold","CocoonerGold","","GOLD","55","","","","","","","","","","","CocoonerCocoonGold","CocoonerPetGold","","","","","","","","","","25000","COLLECTORS","TID_TRUE_GOLD_CHARLIE_SKIN","TID_TRUE_GOLD_CHARLIE_SKIN_SHOP","MODEL,TEXTURE","","gold_true_materials.glb","charlie_gold_tex.sctx","charlie_gold_tex.sctx","","","","","","true","","","","","","",""
"CocoonerCocoonGold","CocoonerCocoonGold","","","55","","","","","","","","","","","","","","","","","","true","","","","","","","","","","gold_true_materials.glb","charlie_gold_tex.sctx","charlie_gold_tex.sctx","","","","","","","","","","","","",""
"CocoonerPetGold","CocoonerPetGold","","","55","","","","","","","","","","","","","","","","","","true","","","","","","","","","","gold_true_materials.glb","charlie_gold_tex.sctx","charlie_gold_tex.sctx","","","","","","","","","","","","",""
"CocoonerSilver","CocoonerSilver","","SILVER","55","","","","","","","","","","","CocoonerCocoonSilver","CocoonerPetSilver","","","","","","","","","","10000","COLLECTORS","TID_TRUE_SILVER_CHARLIE_SKIN","TID_TRUE_SILVER_CHARLIE_SKIN_SHOP","MODEL,TEXTURE","","silver_true_materials.glb","charlie_silver_tex.sctx","charlie_silver_tex.sctx","","","","","","true","","","","","","",""
"CocoonerCocoonSilver","CocoonerCocoonSilver","","","55","","","","","","","","","","","","","","","","","","true","","","","","","","","","","silver_true_materials.glb","charlie_silver_tex.sctx","charlie_silver_tex.sctx","","","","","","","","","","","","",""
"CocoonerPetSilver","CocoonerPetSilver","","","55","","","","","","","","","","","","","","","","","","true","","","","","","","","","","silver_true_materials.glb","charlie_silver_tex.sctx","charlie_silver_tex.sctx","","","","","","","","","","","","",""
"AttacherGold","AttacherGold","","GOLD","55","","","","","","","","","","","","","","","","","","","","","","25000","COLLECTORS","TID_TRUE_GOLD_KIT_SKIN","TID_TRUE_GOLD_KIT_SKIN_SHOP","MODEL,TEXTURE","","gold_true_materials.glb","kit_gold_tex.sctx","kit_gold_tex.sctx","","","","","","true","","","","","","",""
"AttacherSilver","AttacherSilver","","SILVER","55","","","","","","","","","","","","","","","","","","","","","","10000","COLLECTORS","TID_TRUE_SILVER_KIT_SKIN","TID_TRUE_SILVER_KIT_SKIN_SHOP","MODEL,TEXTURE","","silver_true_materials.glb","kit_silver_tex.sctx","kit_silver_tex.sctx","","","","","","true","","","","","","",""
"LeaperGold","LeaperGold","","GOLD","55","","","","","","","","","","","","","","","","","","","","","","25000","COLLECTORS","TID_TRUE_GOLD_MICO_SKIN","TID_TRUE_GOLD_MICO_SKIN_SHOP","MODEL,TEXTURE","","gold_true_materials.glb","mico_gold_tex.sctx","mico_gold_tex.sctx","","","","","","true","","","","","","",""
"LeaperSilver","LeaperSilver","","SILVER","55","","","","","","","","","","","","","","","","","","","","","","10000","COLLECTORS","TID_TRUE_SILVER_MICO_SKIN","TID_TRUE_SILVER_MICO_SKIN_SHOP","MODEL,TEXTURE","","silver_true_materials.glb","mico_silver_tex.sctx","mico_silver_tex.sctx","","","","","","true","","","","","","",""
"ConductorGold","ConductorGold","","GOLD","55","","","","","","","","","","","","","","","","","","","","","","25000","COLLECTORS","TID_TRUE_GOLD_CHUCK_SKIN","TID_TRUE_GOLD_CHUCK_SKIN_SHOP","MODEL,TEXTURE","","gold_true_materials.glb","chuck_gold_tex.sctx","chuck_gold_tex.sctx","","","","","","true","","","","","","",""
"ConductorSilver","ConductorSilver","","SILVER","55","","","","","","","","","","","","","","","","","","","","","","10000","COLLECTORS","TID_TRUE_SILVER_CHUCK_SKIN","TID_TRUE_SILVER_CHUCK_SKIN_SHOP","MODEL,TEXTURE","","silver_true_materials.glb","chuck_silver_tex.sctx","chuck_silver_tex.sctx","","","","","","true","","","","","","",""
"PuppeteerGold","PuppeteerGold","","GOLD","55","","","","","","","","","","","","","","","","","","","","","","25000","COLLECTORS","TID_TRUE_GOLD_WILLOW_SKIN","TID_TRUE_GOLD_WILLOW_SKIN_SHOP","MODEL,TEXTURE","","gold_true_materials.glb","willow_gold_tex.sctx","willow_gold_tex.sctx","","","","","","true","","","","","","",""
"PuppeteerSilver","PuppeteerSilver","","SILVER","55","","","","","","","","","","","","","","","","","","","","","","10000","COLLECTORS","TID_TRUE_SILVER_WILLOW_SKIN","TID_TRUE_SILVER_WILLOW_SKIN_SHOP","MODEL,TEXTURE","","silver_true_materials.glb","willow_silver_tex.sctx","willow_silver_tex.sctx","","","","","","true","","","","","","",""
"PaintballDefault","PaintballDefault","","","","","","","","","","","","","","","","","","","","","true","","","","","","","","","","","","","","","","","","","","","","","","",""
"SandstormDeepsea","SandstormDeepsea","","BRAWLPASS","56","","","","","","","","","","","","","","","","","5000","true","","149","","","EPIC","TID_JELLYFISH_SANDY_SKIN","TID_JELLYFISH_SANDY_SKIN_SHOP","MODEL,TEXTURE,ANIM,VFX","","","sandy_jellyfish_tex.sctx","sandy_jellyfish_tex.sctx","","","","","","","","","","","","AVAILABLE",""
"","","","DEEPSEA","","","","","","","","","","","","","","","","","","","true","","","","","","","","","","","","","","","","","","","","","","","","",""
"WallyDeepsea","WallyDeepsea","","DEEPSEA","56","","","","","","","","","","","","","","","","","5000","true","","149","","","EPIC","TID_MARINE_SPROUT_SKIN","TID_MARINE_SPROUT_SKIN_SHOP","MODEL,TEXTURE,ANIM,VFX","","","sprout_octo_tex.sctx","sprout_octo_tex.sctx","","","","200","200","","","","","","","AVAILABLE",""
"CannonGirlDeepsea","CannonGirlDeepsea","","DEEPSEA","56","","","","","","","","","","","CannonGirlSmallDeepsea","","","","","","2750","true","","79","","","SUPER_RARE","TID_OCTO_BONNIE_SKIN","TID_OCTO_BONNIE_SKIN_SHOP","MODEL,TEXTURE,ANIM,VFX","","","bonnie_octo_tex.sctx","bonnie_octo_tex.sctx","","","","500","","","","","","","","AVAILABLE",""
"CannonGirlSmallDeepsea","CannonGirlSmallDeepsea","","DEEPSEA","56","","","","","","","","","","","","","","","","","","true","","","","","","","","","","","bonnie_octo_tex.sctx","bonnie_octo_tex.sctx","","","","","","","","","","","","",""
"ReviverPirate","ReviverPirate","","PIRATES","56","","","","3","3","","","","","","","","","","","","5000","true","","149","","","EPIC","TID_PIRATE_DOUG_SKIN","TID_PIRATE_DOUG_SKIN_SHOP","MODEL,TEXTURE,ANIM,VFX","","","doug_pirate_tex.sctx","doug_pirate_tex.sctx","","","","","","","","","","","","NEVER",""
"BanditGirlStar_remake","BanditGirlStar_remake","","MISC","56","","","","","","","","","","","","","","","","","5000","true","","149","","","EPIC","TID_STAR_SHELLY_CHROMA_SKIN","TID_STAR_SHELLY_CHROMA_SKIN_SHOP","MODEL,TEXTURE,ANIM,VFX","","","shelly_star_remake_tex.sctx","shelly_star_remake_tex.sctx","","","","300","","","","","","","","AVAILABLE",""
"FrankCavemanRed","FrankCavemanRed","","CAVE","56","","","","","","","","","","","","","","","","","2750","true","","79","","","SUPER_RARE","TID_CAVEMAN_FRANK_CHROMA_SKIN","TID_CAVEMAN_FRANK_SKIN_CHROMA_SHOP","MODEL,TEXTURE,ANIM,VFX","","","frank_caveman_remake_red_tex.sctx","frank_caveman_remake_red_tex.sctx","","","","","","","","","","","","AVAILABLE",""
"InsectManGreek","InsectManGreek","","OLYMPUS","56","","","","","","","","","","","","","","","","","2750","true","","79","","","SUPER_RARE","TID_ANGELO_DIONYSUS_SKIN","TID_ANGELO_DIONYSUS_SKIN","MODEL,TEXTURE,ANIM,VFX","","","angelo_dionysus_tex.sctx","angelo_dionysus_tex.sctx","","","","","-600","","","","","","","AVAILABLE",""
"SplitterGreek","SplitterGreek","","OLYMPUS","56","","","","","","","","","","","SplitterLegsGreek","","","","","","","true","true","199","","","MYTHIC","TID_POSEIDON_RT_SKIN","TID_POSEIDON_RT_SKIN_SHOP","MODEL,TEXTURE,ANIM,VFX","","","rt_poseidon_tex.sctx","rt_poseidon_tex.sctx","","","","100","","","","","","","","AVAILABLE",""
"SplitterLegsGreek","SplitterLegsGreek","","OLYMPUS","56","","","","","","","","","","","","","","","","","","true","","","","","","","","","","","rt_poseidon_tex.sctx","rt_poseidon_tex.sctx","","","","","","","","","","","","",""
"9dae9f4953d7837f0eeaec833aec54f16ff80ddc","BallDefault","true","","","","","","","","","","","","","","","","","","","","","","","","","","","","","","","","","","","","","","","","","","","","",""
"BullDudeViking_remake_orange","BullDudeViking_remake_orange","","NORSEGODS","56","","","","","","","","","","","","","","","","","2750","true","","79","","","SUPER_RARE","TID_VIKING_BULL_CHROMA_SKIN","TID_VIKING_BULL_CHROMA_SKIN_SHOP","MODEL,TEXTURE,ANIM,VFX","","","bull_viking_redux_orange_tex.sctx","bull_viking_redux_orange_tex.sctx","","","","","","","","","","","","AVAILABLE",""
"BullDudeGreek","BullDudeGreek","","OLYMPUS","56","","","","","","","","","","","","","","","","","","true","true","199","","","MYTHIC","TID_MINOTAUR_BULL_SKIN","TID_MINOTAUR_BULL_SKIN_SHOP","MODEL,TEXTURE,ANIM,VFX","","","bull_minotaur_tex.sctx","bull_minotaur_tex.sctx","","","","","","","","","","","","AVAILABLE",""
"AxeJugglerGreek","AxeJugglerGreek","","RANKED_OLD","56","","","","","","","","","","","","","","","","","5000","true","","149","","","EPIC","TID_HARPY_MELODIE_SKIN","TID_HARPY_MEOLDIE_SKIN_SHOP","MODEL,TEXTURE,ANIM,VFX","","","melodie_harpy_tex.sctx","melodie_harpy_tex.sctx","","","","","","","","","","","","AVAILABLE",""
"","","","DARKGREEK","","","","","","","","","","","","","","","","","","","true","","","","","","","","","","","","","","","","","","","","","","","","",""
"MummyGreek","MummyGreek","","BRAWLPASS","56","","","","","","","","","","","","","","","","","5000","true","","149","","","EPIC","TID_MEDUSA_EMZ_SKIN","TID_MEDUSA_EMZ_SKIN_SHOP","MODEL,TEXTURE,ANIM,VFX","","","emz_medusa_tex.sctx","emz_medusa_tex.sctx","","","","","","","","","","","","AVAILABLE",""
"","","","DARKGREEK","","","","","","","","","","","","","","","","","","","true","","","","","","","","","","","","","","","","","","","","","","","","",""
"SniperGreek","SniperGreek","","OLYMPUS","56","","","","","","","","","","","","","","","","","","true","true","199","","","MYTHIC","TID_GODDESS_PIPER_SKIN","TID_GODDESS_PIPER_SKIN_SHOP","MODEL,TEXTURE,ANIM,VFX","","","piper_athena_tex.sctx","piper_athena_tex.sctx","","","","-500","","","","","","","","AVAILABLE",""
"BarkeepPirate","BarkeepPirate","","PIRATES","56","","","","3","3","","","","","","","","","","","","5000","true","","149","","","EPIC","TID_PIRATE_BARLEY_SKIN","TID_PIRATE_BARLEY_SKIN_SHOP","MODEL,TEXTURE,ANIM,VFX","","","barley_pirate_tex.sctx","barley_pirate_tex.sctx","","","","","200","","","","","","","NEVER",""
"TrickshotDudeClassic_red","TrickshotDudeClassic_red","","OUTLAWS","56","","","","","","","","","","","","","","","","","2750","true","","79","","","SUPER_RARE","TID_RED_RICOCHET_SKIN","TID_RED_RICOCHET_SKIN_SHOP","MODEL,TEXTURE","","","rico_classic_chroma_red_redux_tex.sctx","rico_classic_chroma_red_redux_tex.sctx","","","","150","","","","","","","","AVAILABLE",""
"TntDudeClassic_yellow","TntDudeClassic_yellow","","OUTLAWS","56","","","","","","","","","","","","","","","","","2750","true","","79","","","SUPER_RARE","TID_CLASSIC_MIKE_RECOLOR_SKIN","TID_CLASSIC_MIKE_RECOLOR_SKIN_SHOP","MODEL,TEXTURE","","","dynamike_classic_yellow_tex.sctx","dynamike_classic_yellow_tex.sctx","","","","","","","","","","","","AVAILABLE",""
"ShotgunGirlClassic_white","ShotgunGirlClassic_white","","OUTLAWS","56","","","","","","","","","","","","","","","","","2750","true","","79","","","SUPER_RARE","TID_SHERRIFF_SHELLY_SKIN","TID_SHERRIFF_SHELLY_SKIN_SHOP","MODEL,TEXTURE","","","shelly_classic_white_tex.sctx","shelly_classic_white_tex.sctx","","","","400","","","","","","","","AVAILABLE",""
"RuffsPirate","RuffsPirate","","PIRATES","56","","","","3","3","","","","","","","","","","","","5000","true","","149","","","EPIC","TID_PIRATE_RUFFS_SKIN","TID_PIRATE_RUFFS_SKIN_SHOP","MODEL,TEXTURE,ANIM,VFX","","","ruffs_pirate_tex.sctx","ruffs_pirate_tex.sctx","","","","200","300","","","","","","","NEVER",""
"FireDudeMake","FireDudeMake","","SC_MAKE","56","","","","","","","","","","","","","","","","","5000","true","","149","","","EPIC","TID_ROLLERSKATE_AMBER_SKIN","TID_ROLLERSKATE_AMBER_SKIN_SHOP","MODEL,TEXTURE,ANIM,VFX","Artdrei","","amber_rollerskates_tex.sctx","amber_rollerskates_tex.sctx","","","","","","true","","","","","","AVAILABLE",""
"","","","SUMMER","","","","","","","","","","","","","","","","","","","true","","","","","","","","","","","","","","","","","","","","","","","","",""
"SpawnerDudeMake","SpawnerDudeMake","","SC_MAKE","56","","","","","","","","","","","SpawnerDudeTurretMake","SpawnerPetMake","","","","","5000","true","","149","","","EPIC","TID_MRP_DRAGONFRUIT_MAKE_SKIN","TID_MRP_DRAGONFRUIT_MAKE_SKIN_SHOP","MODEL,TEXTURE,ANIM,VFX","Frankyyy","","mrp_dragonfruit_face_tex.sctx","mrp_dragonfruit_face_tex.sctx","","","","","","","","","","","","AVAILABLE",""
"","","","BIODOME","","","","","","","","","","","","","","","","","","","true","","","","","","","","","","","","","","","","","","","","","","","","",""
"SpawnerPetMake","SpawnerPetMake","","","56","","","","","","","","","","","","","","","","","","true","","","","","","","","","","","mrp_dragonfruit_spawner_face_tex.sctx","mrp_dragonfruit_spawner_face_tex.sctx","","","","","","","","","","","","",""
"SpawnerDudeTurretMake","SpawnerDudeTurretMake","","","56","","","","","","","","","","","","","","","","","","true","","","","","","","","","","","mrp_dragonfruit_spawner_face_tex.sctx","mrp_dragonfruit_spawner_face_tex.sctx","","","","","","","","","","","","",""
"BlowerDeepsea","BlowerDeepsea","","RANKED_OLD","56","","","","","","","","","","","","","","","","","5000","true","","149","","","EPIC","TID_TURTLE_GALE_SKIN","TID_TURTLE_GALE_SKIN_SHOP","MODEL,TEXTURE,ANIM,VFX","","","gale_turtle_face_tex.sctx","gale_turtle_face_tex.sctx","","","","300","","","","","","","","AVAILABLE",""
"","","","DEEPSEA","","","","","","","","","","","","","","","","","","","true","","","","","","","","","","","","","","","","","","","","","","","","",""
"DrillerDeepsea","DrillerDeepsea","","DEEPSEA","56","","","","","","","","","","","","","","","","","2750","true","","79","","","SUPER_RARE","TID_SQUID_JACKY_SKIN","TID_SQUID_JACKY_SKIN_SHOP","MODEL,TEXTURE,ANIM,VFX","","","","","","","","500","","","","","","","","AVAILABLE",""
"RocketGirlClassic_white","RocketGirlClassic_white","","OUTLAWS","56","","","","","","","","","","","","","","","","","2750","true","","79","","","SUPER_RARE","TID_SHERRIFF_BROCK_SKIN","TID_SHERRIFF_BROCK_SKIN_SHOP","MODEL,TEXTURE","","","brock_classic_white_tex.sctx","brock_classic_white_tex.sctx","","","","","","","","","","","","AVAILABLE",""
"PainterDefault","PainterDefault","","","56","","","","","","","","","","","","","","","","","","true","","","","","","","","","","","berry_tex.sctx","berry_tex.sctx","","","","","","","","","","","","",""
"CrabDefault","CrabDefault","","","56","","","","","","","","","","","","","","","","","","true","","","","","","","","","","","clancy_tex.sctx","clancy_tex.sctx","","","","","","","","","","","","",""
"TrickshotDudeKing_remake","TrickshotDudeKing_remake","","ROYALS","56","","","","3","3","","","","","","","","","","","","","true","true","499","","","HYPERCHARGE","TID_LOADED_RICO_HYPER_SKIN","TID_LOADED_RICO_HYPER_SKIN_SHOP","MODEL,TEXTURE,ANIM,VFX,VOICE,TAKEDOWN","","","","","","","","200","-100","","","","","","","NEVER",""
"CrabRare","CrabRare","","CITY","56","","","","","","","","","","","","","","","","","1000","true","","29","","","RARE","TID_CLANCY_CASINO_SKIN","TID_CLANCY_CASINO_SKIN_SHOP","MODEL,TEXTURE","","","clancy_29gem_tex.sctx","clancy_29gem_tex.sctx","","","","","","","","","","","","NEVER",""
"PainterRare","PainterRare","","BRAWLYWOOD","56","","","","","","","","","","","","","","","","","1000","true","","29","","","RARE","TID_BERRY_DARK_SKIN","TID_BERRY_DARK_SKIN_SHOP","MODEL,TEXTURE","","","berry_29_gem_tex.sctx","berry_29_gem_tex.sctx","","","","","","","","","","","","NEVER",""
"MummyGreekRed","MummyGreekRed","","BRAWLPASS","56","","","","","","","","","","","","","","","","","5000","true","","149","","","EPIC","TID_RED_MEDUSA_EMZ_SKIN","TID_RED_MEDUSA_EMZ_SKIN_SHOP","MODEL,TEXTURE,ANIM,VFX","","","emz_medusa_chroma_red_tex.sctx","emz_medusa_chroma_red_tex.sctx","","","","","","","","","","","","AVAILABLE",""
"","","","DARKGREEK","","","","","","","","","","","","","","","","","","","true","","","","","","","","","","","","","","","","","","","","","","","","",""
"MummyGreekBlue","MummyGreekBlue","","BRAWLPASS","56","","","","","","","","","","","","","","","","","5000","true","","149","","","EPIC","TID_BLUE_MEDUSA_EMZ_SKIN","TID_BLUE_MEDUSA_EMZ_SKIN_SHOP","MODEL,TEXTURE,ANIM,VFX","","","emz_medusa_chroma_blue_tex.sctx","emz_medusa_chroma_blue_tex.sctx","","","","","","","","","","","","AVAILABLE",""
"","","","DARKGREEK","","","","","","","","","","","","","","","","","","","true","","","","","","","","","","","","","","","","","","","","","","","","",""
"TrickshotDudeKing_remakeBling","TrickshotDudeKing_remakeBling","","ROYALS","56","","","","3","3","","","","","","","","","","","","","true","true","499","","","HYPERCHARGE","TID_LOADED_RICO_HYPER_BLING_SKIN","TID_LOADED_RICO_HYPER_BLING_SKIN_SHOP","MODEL,TEXTURE,ANIM,VFX,VOICE,TAKEDOWN","","","","","","","","200","-100","","","","","","","NEVER",""
"TrickshotDudeKing_remakePurple","TrickshotDudeKing_remakePurple","","ROYALS","56","","","","3","3","","","","","","","","","","","","","true","true","499","","","HYPERCHARGE","TID_LOADED_RICO_HYPER_GEM_SKIN","TID_LOADED_RICO_HYPER_GEM_SKIN_SHOP","MODEL,TEXTURE,ANIM,VFX,VOICE,TAKEDOWN","","","","","","","","200","-100","","","","","","","NEVER",""
"SandstormDeepseaPurple","SandstormDeepseaPurple","","BRAWLPASS","56","","","","","","","","","","","","","","","","","5000","true","","149","","","EPIC","TID_NEON_JELLYFISH_SANDY_SKIN","TID_NEON_JELLYFISH_SANDY_SKIN_SHOP","MODEL,TEXTURE,ANIM,VFX","","","sandy_jellyfish_chroma_purple_tex.sctx","sandy_jellyfish_chroma_purple_tex.sctx","","","","","","","","","","","","AVAILABLE",""
"","","","DEEPSEA","","","","","","","","","","","","","","","","","","","true","","","","","","","","","","","","","","","","","","","","","","","","",""
"SandstormDeepseaYellow","SandstormDeepseaYellow","","BRAWLPASS","56","","","","","","","","","","","","","","","","","5000","true","","149","","","EPIC","TID_GLOW_JELLYFISH_SANDY_SKIN","TID_GLOW_JELLYFISH_SANDY_SKIN_SHOP","MODEL,TEXTURE,ANIM,VFX","","","sandy_jellyfish_chroma_yellow_tex.sctx","sandy_jellyfish_chroma_yellow_tex.sctx","","","","","","","","","","","","AVAILABLE",""
"","","","DEEPSEA","","","","","","","","","","","","","","","","","","","true","","","","","","","","","","","","","","","","","","","","","","","","",""
"InsectManGold","InsectManGold","","GOLD","56","","","","","","","","","","","","","","","","","","","","","","25000","COLLECTORS","TID_TRUE_GOLD_ANGELO_SKIN","TID_TRUE_GOLD_ANGELO_SKIN_SHOP","MODEL,TEXTURE","","gold_true_materials.glb","angelo_gold_face_tex.sctx","angelo_gold_face_tex.sctx","","","","","","true","","","","","","",""
"InsectManSilver","InsectManSilver","","SILVER","56","","","","","","","","","","","","","","","","","","","","","","10000","COLLECTORS","TID_TRUE_SILVER_ANGELO_SKIN","TID_TRUE_SILVER_ANGELO_SKIN_SHOP","MODEL,TEXTURE","","silver_true_materials.glb","angelo_silver_face_tex.sctx","angelo_silver_face_tex.sctx","","","","","","true","","","","","","",""
"AmbusherGold","AmbusherGold","","GOLD","56","","","","","","","","","","","","","","","","","","","","","","25000","COLLECTORS","TID_TRUE_GOLD_LILY_SKIN","TID_TRUE_GOLD_LILY_SKIN_SHOP","MODEL,TEXTURE","","gold_true_materials.glb","lily_gold_tex_face.sctx","lily_gold_tex_face.sctx","","","","","","true","","","","","","",""
"AmbusherSilver","AmbusherSilver","","SILVER","56","","","","","","","","","","","","","","","","","","","","","","10000","COLLECTORS","TID_TRUE_SILVER_LILY_SKIN","TID_TRUE_SILVER_LILY_SKIN_SHOP","MODEL,TEXTURE","","silver_true_materials.glb","lily_silver_tex_face.sctx","lily_silver_tex_face.sctx","","","","","","true","","","","","","",""
"TwinsGold","TwinsGold","","GOLD","56","","","","","","","","","","","TwinsPetGold","TwinsPetGold","","","","","","","","","","25000","COLLECTORS","TID_TRUE_GOLD_TWINS_SKIN","TID_TRUE_GOLD_TWINS_SKIN_SHOP","MODEL,TEXTURE","","gold_true_materials.glb","twins_good_gold_face_tex.sctx","twins_good_gold_face_tex.sctx","","","","","","true","","","","","","",""
"TwinsSilver","TwinsSilver","","SILVER","56","","","","","","","","","","","TwinsPetSilver","TwinsPetSilver","","","","","","","","","","10000","COLLECTORS","TID_TRUE_SILVER_TWINS_SKIN","TID_TRUE_SILVER_TWINS_SKIN_SHOP","MODEL,TEXTURE","","silver_true_materials.glb","twins_good_silver_face_tex.sctx","twins_good_silver_face_tex.sctx","","","","","","true","","","","","","",""
"TwinsPetGold","TwinsPetGold","","","56","","","","","","","","","","","","","","","","","","true","","","","","","","","","","gold_true_materials.glb","twins_bad_gold_face_tex.sctx","twins_bad_gold_face_tex.sctx","","","","","","","","","","","","",""
"TwinsPetSilver","TwinsPetSilver","","","56","","","","","","","","","","","","","","","","","","true","","","","","","","","","","silver_true_materials.glb","twins_bad_silver_face_tex.sctx","twins_bad_silver_face_tex.sctx","","","","","","","","","","","","",""
"AxeJugglerGold","AxeJugglerGold","","GOLD","56","","","","","","","","","","","","","","","","","","","","","","25000","COLLECTORS","TID_TRUE_GOLD_MELODIE_SKIN","TID_TRUE_GOLD_MELODIE_SKIN_SHOP","MODEL,TEXTURE","","gold_true_materials.glb","melodie_gold_face_tex.sctx","melodie_gold_face_tex.sctx","","","","","","true","","","","","","",""
"AxeJugglerSilver","AxeJugglerSilver","","SILVER","56","","","","","","","","","","","","","","","","","","","","","","10000","COLLECTORS","TID_TRUE_SILVER_MELODIE_SKIN","TID_TRUE_SILVER_MELODIE_SKIN_SHOP","MODEL,TEXTURE","","silver_true_materials.glb","melodie_silver_face_tex.sctx","melodie_silver_face_tex.sctx","","","","","","true","","","","","","",""
"DragonRiderGold","DragonRiderGold","","GOLD","56","","","","","","","","","","","","","","","","","","","","","","25000","COLLECTORS","TID_TRUE_GOLD_DRACO_SKIN","TID_TRUE_GOLD_DRACO_SKIN_SHOP","MODEL,TEXTURE","","","","","","","","","","true","","","","","","",""
"DragonRiderSilver","DragonRiderSilver","","SILVER","56","","","","","","","","","","","","","","","","","","","","","","10000","COLLECTORS","TID_TRUE_SILVER_DRACO_SKIN","TID_TRUE_SILVER_DRACO_SKIN_SHOP","MODEL,TEXTURE","","","","","","","","","","true","","","","","","",""
"DiggerDefault","DiggerDefault","","","57","","","","","","","","","","","DiggerDrillDefault","","","","","","","true","","","","","","","","","","","moe_tex.sctx","moe_tex.sctx","","","","","","","","","","","","",""
"DiggerDrillDefault","DiggerDrillDefault","","","57","","","","","","","","","","","","","","","","","","true","","","","","","","","","","","moe_tex.sctx","moe_tex.sctx","","","","","","","","","","","","",""
"DragonRiderOnceupon","DragonRiderOnceupon","","FANTASY","57","","","","","","","","","","","","","","","","","","true","","299","","","LEGENDARY","TID_DRAGON_RIDER_DREAD_KNIGHT_SKIN","TID_DRAGON_RIDER_DREAD_KNIGHT_SKIN_SHOP","MODEL,TEXTURE,ANIM,VFX,VOICE,TAKEDOWN","","","","","","","","","","","","","","","","AVAILABLE",""
"CookerOnceupon","CookerOnceupon","","ONCEUPON","57","","","","","","","","","","","","","","","","","2750","true","","79","","","SUPER_RARE","TID_COOKER_DARK_KEEP_SKIN","TID_COOKER_DARK_KEEP_SKIN_SHOP","MODEL,TEXTURE,ANIM,VFX","","","pearl_medieval_tex.sctx","pearl_medieval_tex.sctx","","","","","300","","","","","","","AVAILABLE",""
"BeamerOnceupon","BeamerOnceupon","","ONCEUPON","57","","","","","","","","","","","","","","","","","5000","true","","149","","","EPIC","TID_BEAMER_MALICIOUS_SKIN","TID_BEAMER_MALICIOUS_SKIN_SHOP","MODEL,TEXTURE,ANIM,VFX","","","mandy_evilsorceress_tex.sctx","mandy_evilsorceress_tex.sctx","","","","","","","","","","","","AVAILABLE",""
"","","","RANKED_OLD","","","","","","","","","","","","","","","","","","","true","","","","","","","","","","","","","","","","","","","","","","","","",""
"DeadMariachiOnceupon","DeadMariachiOnceupon","","ONCEUPON","57","","","","","","","","","","","","","","","","","","true","true","199","","","MYTHIC","TID_DEAD_MARIACHI_POSSESSED_SKIN","TID_DEAD_MARIACHI_POSSESSED_SKIN_SHOP","MODEL,TEXTURE,ANIM,VFX","","","poco_skullknight_tex.sctx","poco_skullknight_tex.sctx","","","","","450","true","","","","","","AVAILABLE",""
"PowerLevelerOnceupon","PowerLevelerOnceupon","","BRAWLPASS","57","","","","","","","","","","","","","","","","","5000","true","","149","","","EPIC","TID_POWER_LEVELER_SKELETAL_SKIN","TID_POWER_LEVELER_SKELETAL_SKIN_SHOP","MODEL,TEXTURE,ANIM,VFX","","","surge_evilking_tex.sctx","surge_evilking_tex.sctx","","","","600","-300","","","","","","","AVAILABLE",""
"","","","ONCEUPON","","","","","","","","","","","","","","","","","","","true","","","","","","","","","","","","","","","","","","","","","","","","",""
"AttacherOnceupon","AttacherOnceupon","","ONCEUPON","57","","","","","","","","","","","","","","","","","5000","true","","149","","","EPIC","TID_ATTACHER_LOCK_SKIN","TID_ATTACHER_LOCK_SKIN_SHOP","MODEL,TEXTURE,ANIM,VFX","","","kit_thief_tex.sctx","kit_thief_tex.sctx","","","","-200","150","","","","","","","AVAILABLE",""
"ControllerOnceupon","ControllerOnceupon","","FANTASY","57","","","","","","","","","","","ControllerOnceuponAddon","","","","","","5000","true","","149","","","EPIC","TID_CONTROLLER_KNIGHTMARE_SKIN","TID_CONTROLLER_KNIGHTMARE_SKIN_SHOP","MODEL,TEXTURE,ANIM,VFX","","","nani_demonknight_tex.sctx","nani_demonknight_tex.sctx","","","","","-100","true","","","","","","AVAILABLE",""
"CrowHarvest","CrowHarvest","","LUNAREVENT","57","","","","","","","","","","","","","","","","","","true","","199","","","MYTHIC","TID_CROW_HARVEST_SKIN","TID_CROW_HARVEST_SKIN_SHOP","MODEL,TEXTURE,ANIM,VFX","","","","","","","","200","","","","","","","","AVAILABLE",""
"JesterHarvest","JesterHarvest","","LUNAREVENT","57","","","","","","","","","","","","","","","","","5000","true","","149","","","EPIC","TID_JESTER_HARVEST_SKIN","TID_JESTER_HARVEST_SKIN_SHOP","MODEL,TEXTURE,ANIM,VFX","","","chester_harvest_festival_tex.sctx","chester_harvest_festival_tex.sctx","","","","","","","","","","","","AVAILABLE",""
"FishTankHarvest","FishTankHarvest","","LUNAREVENT","57","","","","","","","","","","","","","","","","","2750","true","","79","","","SUPER_RARE","TID_FISHTANK_HARVEST_SKIN","TID_FISHTANK_HARVEST_SKIN_SHOP","MODEL,TEXTURE,ANIM,VFX","","","fishtank_lantern_tex.sctx","fishtank_lantern_tex.sctx","","","","","","","","","","","","AVAILABLE",""
"RopeDudeSB","RopeDudeSB","","SPONGEBOB","57","","","","3","3","","","","","","","","","","","","","true","","149","","","EPIC","TID_ROPE_DUDE_PATRICK_SKIN","TID_ROPE_DUDE_PATRICK_SKIN_SHOP","MODEL,TEXTURE,ANIM,VFX","","","buzz_patrics_tex.sctx","buzz_patrics_tex.sctx","","impostor_outline_none","","-100","300","","","","","","","NEVER",""
"BarrelBotSB","BarrelBotSB","","SPONGEBOB","57","","","","3","3","","","","","","","","","","","","","true","","149","","","EPIC","TID_BARREL_BOT_PLANKTON_SKIN","TID_BARREL_BOT_PLANKTON_SKIN_SHOP","MODEL,TEXTURE,ANIM,VFX","","","darryl_plankton_tex.sctx","darryl_plankton_tex.sctx","","impostor_outline_none","","200","","","","","","","","NEVER",""
"LuchadorSB","LuchadorSB","","SPONGEBOB","57","","","","3","3","","","","","","","","","","","","","true","","199","","","MYTHIC","TID_SB_PRIMO_SKIN","TID_SB_PRIMO_SKIN_SHOP","MODEL,TEXTURE,ANIM,VFX","","","primo_spongebob_tex.sctx","primo_spongebob_tex.sctx","","impostor_outline_none","","150","-200","","","","","","","NEVER",""
"MechanicSB","MechanicSB","","SPONGEBOB","57","","","","3","3","","","","","","MechanicTurretSB","","","","","","","true","","79","","","SUPER_RARE","TID_MECHANIC_SANDY_SKIN","TID_MECHANIC_SANDY_SKIN_SHOP","MODEL,TEXTURE,ANIM,VFX","","","jessie_sandy_tex.sctx","jessie_sandy_tex.sctx","","impostor_outline_none","","750","-200","","","","","","","NEVER",""
"UndertakerSB","UndertakerSB","","BRAWLPASS","57","","","","3","3","","","","","","","","","","","","","true","","149","","","EPIC","TID_UNDERTAKER_SQUIDWARD_SKIN","TID_UNDERTAKER_SQUIDWARD_SKIN_SHOP","MODEL,TEXTURE,ANIM,VFX","","","mortis_squidward_tex.sctx","mortis_squidward_tex.sctx","","impostor_outline_none","","","-200","","","","","","","NEVER",""
"","","","SPONGEBOB","","","","","","","","","","","","","","","","","","","true","","","","","","","","","","","","","","","","","","","","","","","","",""
"ClusterBombDudeSB","ClusterBombDudeSB","","SPONGEBOB","57","","","","3","3","","","","","","ClusterBombPetSB","","","","","","","true","","79","","","SUPER_RARE","TID_CLUSTER_BOMB_DUDE_KRABS_SKIN","TID_CLUSTER_BOMB_DUDE_KRABS_SKIN_SHOP","MODEL,TEXTURE,ANIM,VFX","","","tick_mrkrabs_tex.sctx","tick_mrkrabs_tex.sctx","","impostor_outline_none","","","-200","","","","","","","NEVER",""
"SoulCollectorZombie","SoulCollectorZombie","","BRAWLOWEEN","57","","","","3","3","","","","","","","","","","","","2750","true","","79","","","SUPER_RARE","TID_SOUL_COLLECTOR_GRUESOME_SKIN","TID_SOUL_COLLECTOR_GRUESOME_SKIN_SHOP","MODEL,TEXTURE,ANIM,VFX","","","gus_zombie_tex.sctx","gus_zombie_tex.sctx","","","","-200","300","","","","","","","NEVER",""
"MinigunDudeZombie","MinigunDudeZombie","","BRAWLOWEEN","57","","","","3","3","","","","","","HealstationZombie","","","","","","5000","true","","149","","","EPIC","TID_MINIGUN_DUDE_PUTRID_SKIN","TID_MINIGUN_DUDE_PUTRID_SKIN_SHOP","MODEL,TEXTURE,ANIM,VFX","","","pam_zombie_tex.sctx","pam_zombie_tex.sctx","","","","","350","","","","","","","NEVER",""
"TntDudeZombie","TntDudeZombie","","BRAWLOWEEN","57","","","","3","3","","","","","","","","","","","","2750","true","","79","","","SUPER_RARE","TID_TNT_DUDE_DECAYING_SKIN","TID_TNT_DUDE_DECAYING_SKIN_SHOP","MODEL,TEXTURE,ANIM,VFX","","","dynamike_zombie_tex.sctx","dynamike_zombie_tex.sctx","","","","","","","","","","","","NEVER",""
"PercenterCursed","PercenterCursed","","BRAWLOWEEN","57","","","","","","","","","","","","","","","","","1000","true","","29","","","RARE","TID_PERCENTERCURSED_CUCKOO_SKIN","TID_PERCENTERCURSED_CUCKOO_SKIN_SHOP","MODEL,TEXTURE,ANIM,VFX","","","colette_cursed_tex.sctx","colette_cursed_tex.sctx","","","","","","","","","","","","NEVER",""
"KickerDudeWorldfinal","KickerDudeWorldfinal","","WF_2024","57","","","","3","3","","","","","","","","","","","","","true","","149","","","EPIC","TID_KICKER_DUDE_FANS_FANG_SKIN","TID_KICKER_DUDE_FANS_FANG_SKIN_SHOP","MODEL,TEXTURE,ANIM,VFX","","","fang_sporty_tex.sctx","fang_sporty_tex.sctx","","","","200","","","","","","","","NEVER",""
"TrickshotDudeRedjacket","TrickshotDudeRedjacket","","CITY","57","","","","","","","","","","","","","","","","","1000","true","","29","","","RARE","TID_TRICKSHOTDUDE_REDJACKET_SKIN","TID_TRICKSHOTDUDE_REDJACKET_SKIN_SHOP","MODEL,TEXTURE","","","rico_redjacket_redux_tex.sctx","rico_redjacket_redux_tex.sctx","","","","","","","","","","","","NEVER",""
"LuchadorVampire","LuchadorVampire","","BRAWLOWEEN","57","","","","","","","","","","","","","","","","","1000","true","","29","","","RARE","TID_LUCHADOR_VAMPRIMO_SKIN","TID_LUCHADOR_VAMPRIMO_SKIN_SHOP","MODEL,TEXTURE","","","primo_vampire_tex.sctx","primo_vampire_tex.sctx","","","","","","","","","","","","NEVER",""
"ClusterBombPetSB","ClusterBombPetSB","","","57","","","","","","","","","","","","","","","","","","true","","","","","","","","","","","tick_mrkrabs_tex.sctx","tick_mrkrabs_tex.sctx","","impostor_outline_none","","","","","","","","","","",""
"MechanicTurretSB","MechanicTurretSB","","","57","","","","","","","","","","","","","","","","","","true","","","","","","","","","","","jessie_sandy_turret_face_tex.sctx","jessie_sandy_turret_face_tex.sctx","","impostor_outline_none","","","","","","","","","","",""
"SamuraiDefault","SamuraiDefault","","","57","","","","","","","","","","","","","","","","","","true","","","","","","","","","","","samurai_tex.sctx","samurai_tex.sctx","","","","","","","","","","","","",""
"UndertakerSBPink","UndertakerSBPink","","BRAWLPASS","57","","","","3","3","","","","","","","","","","","","5000","true","","149","","","EPIC","TID_UNDERTAKER_SQUIDWARD_PINK_SKIN","TID_UNDERTAKER_SQUIDWARD_PINK_SKIN_SHOP","MODEL,TEXTURE,ANIM,VFX","","","mortis_squidward_pink_tex.sctx","mortis_squidward_pink_tex.sctx","","impostor_outline_none","","","-200","","","","","","","NEVER",""
"","","","SPONGEBOB","","","","","","","","","","","","","","","","","","","true","","","","","","","","","","","","","","","","","","","","","","","","",""
"UndertakerSBBlue","UndertakerSBBlue","","BRAWLPASS","57","","","","3","3","","","","","","","","","","","","5000","true","","149","","","EPIC","TID_UNDERTAKER_SQUIDWARD_BLUE_SKIN","TID_UNDERTAKER_SQUIDWARD_BLUE_SKIN_SHOP","MODEL,TEXTURE,ANIM,VFX","","","mortis_squidward_blue_tex.sctx","mortis_squidward_blue_tex.sctx","","impostor_outline_none","","","-200","","","","","","","NEVER",""
"","","","SPONGEBOB","","","","","","","","","","","","","","","","","","","true","","","","","","","","","","","","","","","","","","","","","","","","",""
"RuffsCoversb_burger","RuffsCoversb_burger","","","","","","","","","","","","","","","","","","","","","true","","","","","","","","","","","","","","","","","","","","","","","","",""
"ElectroSniperSCmake","ElectroSniperSCmake","","SC_MAKE","57","","","","","","","","","","","HealingStationSummer","","","","","","5000","true","","149","","","EPIC","TID_ELECTRO_DRAGOON_BELLE_SKIN","TID_ELECTRO_DRAGOON_BELLE_SHOP","MODEL,TEXTURE,ANIM,VFX","Nana","","belle_bluedragon_tex.sctx","belle_bluedragon_tex.sctx","","","","","","","","","","","","AVAILABLE",""
"","","","VILLAINS","","","","","","","","","","","","","","","","","","","true","","","","","","","","","","","","","","","","","","","","","","","","",""
"","","","RANKED_OLD","","","","","","","","","","","","","","","","","","","true","","","","","","","","","","","","","","","","","","","","","","","","",""
"HealstationZombie","HealstationZombie","","","57","","","","","","","","","","","","","","","","","","true","","","","","","","","","","","pam_zombie_tex.sctx","pam_zombie_tex.sctx","","","","","","","","","","","","",""
"ControllerOnceuponAddon","ControllerOnceuponAddon","","","57","","","","","","","","","","","","","","","","","","true","","","","","","","","","","","nani_demonknight_tex.sctx","nani_demonknight_tex.sctx","","","","","","","","","","","","",""
"VolleyballZombie","VolleyballZombie","","","57","","","","","","","","","","","","","","","","","","true","","","","","","","","","","","","","","","","","","","","","","","","",""
"SamuraiRare","SamuraiRare","","MEAL","57","","","","","","","","","","","","","","","","","1000","true","","29","","","RARE","TID_SAMURAI_KENJI_SKIN","TID_SAMURAI_KENJI_SKIN_SHOP","MODEL,TEXTURE","","","samurai_29_gem_tex.sctx","samurai_29_gem_tex.sctx","","","","","","","","","","","","NEVER",""
"DiggerRare","DiggerRare","","MEAL","57","","","","","","","","","","","DiggerDrillRare","","","","","","1000","true","","29","","","RARE","TID_DIGGER_MONTEREY_SKIN","TID_DIGGER_MONTEREY_SKIN_SHOP","MODEL,TEXTURE","","","moe_29_gem_tex.sctx","moe_29_gem_tex.sctx","","","","","","","","","","","","NEVER",""
"PowerLevelerOnceupon_Red","PowerLevelerOnceupon_Red","","BRAWLPASS","57","","","","","","","","","","","","","","","","","5000","true","","149","","","EPIC","TID_POWER_LEVELER_VILLAINOUS_SKIN","TID_POWER_LEVELER_VILLAINOUS_SKIN_SHOP","MODEL,TEXTURE,ANIM,VFX","","","surge_evilking_red_tex.sctx","surge_evilking_red_tex.sctx","","","","600","-300","","","","","","","AVAILABLE",""
"","","","ONCEUPON","","","","","","","","","","","","","","","","","","","true","","","","","","","","","","","","","","","","","","","","","","","","",""
"PowerLevelerOnceupon_Gold","PowerLevelerOnceupon_Gold","","BRAWLPASS","57","","","","","","","","","","","","","","","","","5000","true","","149","","","EPIC","TID_POWER_LEVELER_ANTI_HERO_SKIN","TID_POWER_LEVELER_ANTI_HERO_SKIN_SHOP","MODEL,TEXTURE,ANIM,VFX","","","surge_evilking_gold_tex.sctx","surge_evilking_gold_tex.sctx","","","","600","-300","","","","","","","AVAILABLE",""
"","","","ONCEUPON","","","","","","","","","","","","","","","","","","","true","","","","","","","","","","","","","","","","","","","","","","","","",""
"RocketGirl_Original","RocketGirl_Original","","","57","","","14","5","5","","RocketGirlDefault","","","","","","","","","","","true","","","","","","TID_ROCKET_GIRL_ORIGINAL","TID_ROCKET_GIRL_ORIGINAL_SHOP","MODEL,TEXTURE","","","brock_redux_revamp_tex.sctx","brock_redux_revamp_tex.sctx","","","","","","","","","","","","",""
"DiggerDrillRare","DiggerDrillRare","","","57","","","","","","","","","","","","","","","","","","true","","","","","","","","","","","moe_29_gem_tex.sctx","moe_29_gem_tex.sctx","","","","","","","","","","","","",""
"PainterGold","PainterGold","","GOLD","57","","","","","","","","","","","","","","","","","","","","","","25000","COLLECTORS","TID_TRUE_GOLD_PAINTER_SKIN","TID_TRUE_GOLD_PAINTER_SKIN_SHOP","MODEL,TEXTURE","","gold_true_materials.glb","berry_gold_face_tex.sctx","berry_gold_face_tex.sctx","","","","","","true","","","","","","",""
"PainterSilver","PainterSilver","","SILVER","57","","","","","","","","","","","","","","","","","","","","","","10000","COLLECTORS","TID_TRUE_SILVER_PAINTER_SKIN","TID_TRUE_SILVER_PAINTER_SKIN_SHOP","MODEL,TEXTURE","","silver_true_materials.glb","berry_silver_face_tex.sctx","berry_silver_face_tex.sctx","","","","","","true","","","","","","",""
"CrabGold","CrabGold","","GOLD","57","","","","","","","","","","","","","","","","","","","","","","25000","COLLECTORS","TID_TRUE_GOLD_CRAB_SKIN","TID_TRUE_GOLD_CRAB_SKIN_SHOP","MODEL,TEXTURE","","gold_true_materials.glb","clancy_gold_face_tex.sctx","clancy_gold_face_tex.sctx","","","","","","true","","","","","","",""
"CrabSilver","CrabSilver","","SILVER","57","","","","","","","","","","","","","","","","","","","","","","10000","COLLECTORS","TID_TRUE_SILVER_CRAB_SKIN","TID_TRUE_SILVER_CRAB_SKIN_SHOP","MODEL,TEXTURE","","silver_true_materials.glb","clancy_silver_face_tex.sctx","clancy_silver_face_tex.sctx","","","","","","true","","","","","","",""
"HighlightEnvironmentDefault","HighlightEnvironmentDefault","","","","","","","","","","","","","","","","","","","","","true","","","","","","","","","","","","","","","","","","","","","","","","",""
"RocketGirlOriginal_gold","RocketGirlOriginal_gold","","GOLD","57","","","13","6","6","","RocketGirlGold","","","","","","","","","","","true","","","","","","TID_TRUE_GOLD_BROCK_REVAMP_SKIN","TID_TRUE_GOLD_BROCK_REVAMP_SKIN_SHOP","MODEL,TEXTURE","","gold_true_materials.glb","brock_revamp_gold_face_tex.sctx","brock_revamp_gold_face_tex.sctx","","","","","","true","","","","","","",""
"RocketGirlOriginal_silver","RocketGirlOriginal_silver","","SILVER","57","","","12","6","6","","RocketGirlSilver","","","","","","","","","","","true","","","","","","TID_TRUE_SILVER_BROCK_REVAMP_SKIN","TID_TRUE_SILVER_BROCK_REVAMP_SKIN_SHOP","MODEL,TEXTURE","","silver_true_materials.glb","brock_revamp_silver_face_tex.sctx","brock_revamp_silver_face_tex.sctx","","","","","","true","","","","","","",""
"PayloadDefaultRed","PayloadDefault","","","","","","","","","","","","","","","","","","","","","true","","","","","","","","","","","payload_red_tex.sctx","","","","","","","","","","","","","",""
"CtfGiftRed","CtfGiftRed","","","","","","","","","","","","","","","","","","","","","true","","","","","","","","","","","","","","","","","","","","","","","","",""
"IceDudeToon","IceDudeToon","","CARTOON","58","","","","","","","","","","","","","","","","","","true","true","199","","","MYTHIC","TID_RUDE_ICE_DUDE_SKIN","TID_RUDE_ICE_DUDE_SKIN_SHOP","MODEL,TEXTURE,ANIM,VFX","","","lou_toon_tex.sctx","lou_toon_tex.sctx","","impostor_outline_gradient","","","150","","","","","","","AVAILABLE",""
"RosaToon","RosaToon","","RANKED_OLD","58","","","","","","","","","","","","","","","","","5000","true","","149","","","EPIC","TID_SUGARPLUM_ROSA_SKIN","TID_SUGARPLUM_ROSA_SKIN_SHOP","MODEL,TEXTURE,ANIM,VFX","","","","","","impostor_outline_thin_extra","","100","","","","","","","","AVAILABLE",""
"","","","CARTOON","","","","","","","","","","","","","","","","","","","true","","","","","","","","","","","","","","","","","","","","","","","","",""
"MaisieToon","MaisieToon","","BRAWLPASS","58","","","","","","","","","","","","","","","","","5000","true","","149","","","EPIC","TID_BIZARRE_MAISIE_SKIN","TID_BIZARRE_MAISIE_SKIN_SHOP","MODEL,TEXTURE,ANIM,VFX","","","maisie_toon_tex.sctx","maisie_toon_tex.sctx","","impostor_outline_thin_extra","","","","","","","","","","AVAILABLE",""
"","","","CARTOON","","","","","","","","","","","","","","","","","","","true","","","","","","","","","","","","","","","","","","","","","","","","",""
"KnightToon","KnightToon","","CARTOON","58","","","","","","","","","","","KnightPetToon","","","","","","2750","true","","79","","","SUPER_RARE","TID_TOON_KNIGHT_SKIN","TID_TOON_KNIGHT_SKIN_SHOP","MODEL,TEXTURE,ANIM,VFX","","","ash_toon_tex.sctx","ash_toon_tex.sctx","","impostor_outline_none","","100","500","","","","","","","AVAILABLE",""
"DuelistToon","DuelistToon","","CARTOON","58","","","","","","","","","","","","","","","","","","true","true","299","","","LEGENDARY","TID_TOON_DUELIST_SKIN","TID_TOON_DUELIST_SKIN_SHOP","MODEL,TEXTURE,ANIM,VFX,VOICE,TAKEDOWN","","","cordelius_toon_tex.sctx","cordelius_toon_tex.sctx","","impostor_outline_white","","-400","-500","","","","","","","AVAILABLE",""
"TwinsAngel","TwinsAngel","","BRAWLPASS","58","","","","","","","","","","","TwinsPetAngel","TwinsPetAngel","","","","","5000","true","","149","","","EPIC","TID_ANGEL_LARRY_&_LAWRIE_SKIN","TID_ANGEL_LARRY_&_LAWRIE_SKIN_SHOP","MODEL,TEXTURE,ANIM,VFX","","","twins_good_angel_tex.sctx","twins_good_angel_tex.sctx","","","","300","-550","","","","","","","AVAILABLE",""
"","","","ANGELDEMONS","","","","","","","","","","","","","","","","","","","true","","","","","","","","","","","","","","","","","","","","","","","","",""
"EnragerAngel","EnragerAngel","","ANGELDEMONS","58","","","","3","3","","","","","","","","","","","","","true","true","499","","","HYPERCHARGE","TID_DARK_ANGEL_EDGAR_SKIN","TID_DARK_ANGEL_EDGAR_SKIN_SHOP","MODEL,TEXTURE,ANIM,VFX,VOICE,TAKEDOWN","","","","","","","","","","","","","","","","NEVER",""
"SpeedyAngel","SpeedyAngel","","ANGELDEMONS","58","","","","","","","","","","","","","","","","","5000","true","","149","","","EPIC","TID_MAX_ANGEL_SKIN","TID_MAX_ANGEL_SKIN_SHOP","MODEL,TEXTURE,ANIM,VFX","","","max_angel_tex.sctx","max_angel_tex.sctx","","","","100","-500","","","","","","","AVAILABLE",""
"AmbusherAngel","AmbusherAngel","","RANKED_OLD","58","","","","","","","","","","","","","","","","","5000","true","","149","","","EPIC","TID_LILY_ANGEL_SKIN","TID_LILY_ANGEL_SKIN_SHOP","MODEL,TEXTURE,ANIM,VFX","","","lily_angel_tex.sctx","lily_angel_tex.sctx","","","","100","-900","","","","","","","AVAILABLE",""
"","","","ANGELDEMONS","","","","","","","","","","","","","","","","","","","true","","","","","","","","","","","","","","","","","","","","","","","","",""
"PuppeteerDemon","PuppeteerDemon","","ANGELDEMONS","58","","","","","","","","","","","","","","","","","5000","true","","149","","","EPIC","TID_WILLOW_DEMON_SKIN","TID_WILLOW_DEMON_SKIN_SHOP","MODEL,TEXTURE,ANIM,VFX","","","willow_demon_tex.sctx","willow_demon_tex.sctx","","","","400","","","","","","","","AVAILABLE",""
"UndertakerDemon","UndertakerDemon","","ANGELDEMONS","58","","","","3","3","","","","","","","","","","","","","true","true","499","","","HYPERCHARGE","TID_UNDERTAKER_DEMON_SKIN","TID_UNDERTAKER_DEMON_SKIN_SHOP","MODEL,TEXTURE,ANIM,VFX,VOICE,TAKEDOWN","","","","","","","","300","","","","","","","","NEVER",""
"SilencerDemon","SilencerDemon","","ANGELDEMONS","58","","","","","","","","","","","","","","","","","5000","true","","149","","","EPIC","TID_DEMON_OTIS_SKIN","TID_DEMON_OTIS_SKIN_SHOP","MODEL,TEXTURE,ANIM,VFX","","","otis_demon_tex.sctx","otis_demon_tex.sctx","","","","","","","","","","","","AVAILABLE",""
"MummyDemon","MummyDemon","","ANGELDEMONS","58","","","","","","","","","","","","","","","","","5000","true","","149","","","EPIC","TID_DEMON_EMZ_SKIN","TID_DEMON_EMZ_SKIN_SHOP","MODEL,TEXTURE,ANIM,VFX","","","emz_demon_tex.sctx","emz_demon_tex.sctx","","","","","300","","","","","","","AVAILABLE",""
"93523991b8a16145e2a3daca584c5cecd3be685f","BallDefault","true","","","","","","","","","","","","","","","","","","","","","","","","","","","","","","","","","","","","","","","","","","","","",""
"RuffsCoock","RuffsCoock","","MEAL","58","","","","","","","","","","","","","","","","","1000","true","","29","","","RARE","TID_SOUS_CHEF_RUFFS_SKIN","TID_SOUS_CHEF_RUFFS_SKIN_SHOP","MODEL,TEXTURE","","","ruffs_cook_tex.sctx","ruffs_cook_tex.sctx","","","","","250","","","","","","","NEVER",""
"DuplicatorFlightAttendant","DuplicatorFlightAttendant","","CITY","58","","","","","","","","","","","","","","","","","1000","true","","29","","","RARE","TID_HIGH_FLYER_CHOLLA_SKIN","TID_HIGH_FLYER_CHOLLA_SKIN_SHOP","MODEL,TEXTURE","","","lolla_flight_attendant_tex.sctx","lolla_flight_attendant_tex.sctx","","","","","500","","","","","","","NEVER",""
"SilencerSewer","SilencerSewer","","WASTELAND","58","","","","","","","","","","","","","","","","","1000","true","","29","","","RARE","TID_RUSTY_OTIS_SKIN","TID_RUSTY_OTIS_SKIN_SHOP","MODEL,TEXTURE","","","otis_sewer_tex.sctx","otis_sewer_tex.sctx","","","","","","","","","","","","NEVER",""
"PercenterChromaDemonRed","PercenterChromaDemonRed","","ANGELDEMONS","58","","","","","","","","","","","","","","","","","5000","true","","149","","","EPIC","TID_IMPIE_RED_TRIXIE_COLETTE_SKIN","TID_IMPIE_RED_TRIXIE_COLETTE_SKIN_SHOP","MODEL,TEXTURE","","","colette_demon_chroma_red_tex.sctx","colette_demon_chroma_red_tex.sctx","","","","","","","","","","","","AVAILABLE",""
"TwinsAngelChroma1","TwinsAngelChroma1","","BRAWLPASS","58","","","","","","","","","","","TwinsPetAngelChroma1","TwinsPetAngelChroma1","","","","","5000","true","","149","","","EPIC","TID_ANGEL_RADIANT_LARRY_&_LAWRIE_SKIN","TID_ANGEL_RADIANT_LARRY_&_LAWRIE_SKIN_SHOP","MODEL,TEXTURE,VFX","","","twins_good_angel_green_tex.sctx","twins_good_angel_green_tex.sctx","","","","300","-550","","","","","","","AVAILABLE",""
"","","","ANGELDEMONS","","","","","","","","","","","","","","","","","","","true","","","","","","","","","","","","","","","","","","","","","","","","",""
"TwinsAngelChroma2","TwinsAngelChroma2","","BRAWLPASS","58","","","","","","","","","","","TwinsPetAngelChroma2","TwinsPetAngelChroma2","","","","","5000","true","","149","","","EPIC","TID_ANGEL_DARK_LARRY_&_LAWRIE_SKIN","TID_ANGEL_DARK_LARRY_&_LAWRIE_SKIN_SHOP","MODEL,TEXTURE,VFX","","","twins_good_angel_dark_tex.sctx","twins_good_angel_dark_tex.sctx","","","","300","-550","","","","","","","AVAILABLE",""
"","","","ANGELDEMONS","","","","","","","","","","","","","","","","","","","true","","","","","","","","","","","","","","","","","","","","","","","","",""
"EnragerAngelChroma1","EnragerAngelChroma1","","ANGELDEMONS","58","","","","3","3","","","","","","","","","","","","","true","true","499","","","HYPERCHARGE","TID_LIGHTBEARER_EDGAR_SKIN","TID_LIGHTBEARER_EDGAR_SKIN_SHOP","MODEL,TEXTURE,ANIM,VFX,VOICE,TAKEDOWN","","","","","","","","","","","","","","","","NEVER",""
"EnragerAngelChroma2","EnragerAngelChroma2","","ANGELDEMONS","58","","","","3","3","","","","","","","","","","","","","true","true","499","","","HYPERCHARGE","TID_NIGHTBRINGER_EDGAR_SKIN","TID_NIGHTBRINGER_EDGAR_SKIN_SHOP","MODEL,TEXTURE,ANIM,VFX,VOICE,TAKEDOWN","","","","","","","","","","","","","","","","NEVER",""
"UndertakerDemonChroma1","UndertakerDemonChroma1","","ANGELDEMONS","58","","","","3","3","","","","","","","","","","","","","true","true","499","","","HYPERCHARGE","TID_DEVILISH_UNDERTAKER_DEMON_SKIN","TID_DEVILISH_UNDERTAKER_DEMON_SKIN_SHOP","MODEL,TEXTURE,ANIM,VFX,VOICE,TAKEDOWN","","","","","","","","300","","","","","","","","NEVER",""
"UndertakerDemonChroma2","UndertakerDemonChroma2","","ANGELDEMONS","58","","","","3","3","","","","","","","","","","","","","true","true","499","","","HYPERCHARGE","TID_LAMBENT_UNDERTAKER_DEMON_SKIN","TID_LAMBENT_UNDERTAKER_DEMON_SKIN_SHOP","MODEL,TEXTURE,ANIM,VFX,VOICE,TAKEDOWN","","","","","","","","300","","","","","","","","NEVER",""
"MaisieToonChroma1","MaisieToonChroma1","","BRAWLPASS","58","","","","","","","","","","","","","","","","","5000","true","","149","","","EPIC","TID_REQUIEM_BIZARRE_MAISIE_SKIN","TID_REQUIEM_BIZARRE_MAISIE_SKIN_SHOP","MODEL,TEXTURE,VFX","","","maisie_toon_chroma_purple_tex.sctx","maisie_toon_chroma_purple_tex.sctx","","impostor_outline_thin_extra","","","","","","","","","","AVAILABLE",""
"","","","CARTOON","","","","","","","","","","","","","","","","","","","true","","","","","","","","","","","","","","","","","","","","","","","","",""
"MaisieToonChroma2","MaisieToonChroma2","","BRAWLPASS","58","","","","","","","","","","","","","","","","","5000","true","","149","","","EPIC","TID_PLATINUM_BIZARRE_MAISIE_SKIN","TID_PLATINUM_BIZARRE_MAISIE_SKIN_SHOP","MODEL,TEXTURE,VFX","","","maisie_toon_chroma_white_tex.sctx","maisie_toon_chroma_white_tex.sctx","","impostor_outline_thin_extra","","","","","","","","","","AVAILABLE",""
"","","","CARTOON","","","","","","","","","","","","","","","","","","","true","","","","","","","","","","","","","","","","","","","","","","","","",""
"HookDudeAngel","HookDudeAngel","","ANGELDEMONS","58","","","","","","","","","","","","","","","","","2750","true","","79","","","SUPER_RARE","TID_GENE_ANGEL_SKIN","TID_GENE_ANGEL_SKIN_SHOP","MODEL,TEXTURE,VFX","","","gene_angel_tex.sctx","gene_angel_tex.sctx","","","","-100","","","","","","","","AVAILABLE",""
"GunslingerDarkAngelChroma","GunslingerDarkAngelChroma","","ANGELDEMONS","58","","","","","","","","","","","","","","","","","5000","true","","149","","","EPIC","TID_LIGHT_ANGEL_COLT_SKIN","TID_LIGHT_ANGEL_COLT_SKIN_SHOP","MODEL,TEXTURE,VFX","","","colt_angel_chroma_blue_tex.sctx","colt_angel_chroma_blue_tex.sctx","","","","","-250","","","","","","","AVAILABLE",""
"TwinsPetAngel","TwinsPetAngel","","","58","","","","","","","","","","","","","","","","","","true","","","","","","","","","","","twins_bad_angel_tex.sctx","twins_bad_angel_tex.sctx","","","","","","","","","","","","",""
"TwinsPetAngelChroma1","TwinsPetAngelChroma1","","","58","","","","","","","","","","","","","","","","","","true","","","","","","","","","","","twins_bad_angel_green_tex.sctx","twins_bad_angel_green_tex.sctx","","","","","","","","","","","","",""
"TwinsPetAngelChroma2","TwinsPetAngelChroma2","","","58","","","","","","","","","","","","","","","","","","true","","","","","","","","","","","twins_bad_angel_dark_tex.sctx","twins_bad_angel_dark_tex.sctx","","","","","","","","","","","","",""
"SilencerSewerAddonStarfish","SilencerSewerAddonStarfish","","","58","","","","","","","","","","","","","","","","","","true","","","","","","","","","","","otis_sewer_face_tex.sctx","otis_sewer_face_tex.sctx","","","","","","","","","","","","",""
"GhostDefault","GhostDefault","","","58","","","","","","","","","","","","","","","","","","true","","","","","","","","","","","shade_tex.sctx","shade_tex.sctx","","impostor_outline_shade","","","","","","","","","","",""
"VoodooDefault","VoodooDefault","","","58","","","","","","","","","","","","","","","","","","true","","","","","","","","","","","","","","","","","","","","","","","","",""
"VoodooPetDefault","VoodooPetDefault","","","58","","","","","","","","","","","","","","","","","","true","","","","","","","","","","","selena_doll_face_tex.sctx","selena_doll_face_tex.sctx","","","","","","","","","","","","",""
"KnightPetToon","KnightPetToon","","","58","","","","","","","","","","","","","","","","","","true","","","","","","","","","","","ash_toon_tex.sctx","ash_toon_tex.sctx","","impostor_outline_none","","","","","","","","","","",""
"SilencerDemonAddonStarfish","SilencerDemonAddonStarfish","","","58","","","","","","","","","","","","","","","","","","true","","","","","","","","","","","otis_demon_tex.sctx","otis_demon_tex.sctx","","","","","","","","","","","","",""
"FishTankGold","FishTankGold","","GOLD","58","","","","","","","","","","","","","","","","","","","","","","25000","COLLECTORS","TID_TRUE_GOLD_HANK_SKIN","TID_TRUE_GOLD_HANK_SKIN_SHOP","MODEL,TEXTURE","","gold_true_materials.glb","hank_pure_gold_face_tex.sctx","hank_pure_gold_face_tex.sctx","","","","","","true","","","","","","",""
"FishTankSilver","FishTankSilver","","SILVER","58","","","","","","","","","","","","","","","","","","","","","","10000","COLLECTORS","TID_TRUE_SILVER_HANK_SKIN","TID_TRUE_SILVER_HANK_SKIN_SHOP","MODEL,TEXTURE","","silver_true_materials.glb","hank_pure_silver_face_tex.sctx","hank_pure_silver_face_tex.sctx","","","","","","true","","","","","","",""
"SamuraiGold","SamuraiGold","","GOLD","58","","","","","","","","","","","","","","","","","","","","","","25000","COLLECTORS","TID_TRUE_GOLD_SAMURAI_SKIN","TID_TRUE_GOLD_SAMURAI_SKIN_SHOP","MODEL,TEXTURE","","gold_true_materials.glb","kenji_pure_gold_face_tex.sctx","kenji_pure_gold_face_tex.sctx","","","","","","true","","","","","","",""
"SamuraiSilver","SamuraiSilver","","SILVER","58","","","","","","","","","","","","","","","","","","","","","","10000","COLLECTORS","TID_TRUE_SILVER_SAMURAI_SKIN","TID_TRUE_SILVER_SAMURAI_SKIN_SHOP","MODEL,TEXTURE","","silver_true_materials.glb","kenji_pure_silver_face_tex.sctx","kenji_pure_silver_face_tex.sctx","","","","","","true","","","","","","",""
"DiggerGold","DiggerGold","","GOLD","58","","","","","","","","","","","DiggerDrillGold","","","","","","","","","","","25000","COLLECTORS","TID_TRUE_GOLD_DIGGER_SKIN","TID_TRUE_GOLD_DIGGER_SKIN_SHOP","MODEL,TEXTURE","","gold_true_materials.glb","moe_pure_gold_face_tex.sctx","moe_pure_gold_face_tex.sctx","","","","","","true","","","","","","",""
"DiggerSilver","DiggerSilver","","SILVER","58","","","","","","","","","","","DiggerDrillSilver","","","","","","","","","","","10000","COLLECTORS","TID_TRUE_SILVER_DIGGER_SKIN","TID_TRUE_SILVER_DIGGER_SKIN_SHOP","MODEL,TEXTURE","","silver_true_materials.glb","moe_pure_silver_face_tex.sctx","moe_pure_silver_face_tex.sctx","","","","","","true","","","","","","",""
"DiggerDrillGold","DiggerDrillGold","","GOLD","58","","","","","","","","","","","","","","","","","","true","","","","","","","","","","gold_true_materials.glb","moe_pure_gold_face_tex.sctx","moe_pure_gold_face_tex.sctx","","","","","","true","","","","","","",""
"DiggerDrillSilver","DiggerDrillSilver","","SILVER","58","","","","","","","","","","","","","","","","","","true","","","","","","","","","","silver_true_materials.glb","moe_pure_silver_face_tex.sctx","moe_pure_silver_face_tex.sctx","","","","","","true","","","","","","",""
"GhostSwag","GhostSwag","","CITY","58","","","","","","","","","","","","","","","","","1000","true","","29","","","RARE","TID_CINEMA_GHOST_SHADE_SKIN","TID_CINEMA_GHOST_SHADE_SKIN_SHOP","MODEL,TEXTURE","","","shade_29_gem_tex.sctx","shade_29_gem_tex.sctx","","impostor_outline_shade","","","","","","","","","","NEVER",""
"DamageBoosterOverchargeDefault","DamageBoosterOverchargeDefault","","","58","","","","","","","","","","","","","","","","","","true","","","","","","","","","","","8bit_turret_hc_tex.sctx","8bit_turret_hc_tex.sctx","","","","","","","","","","","","",""
"VoodooRare","VoodooRare","","MISC","58","","","","","","","","","","","VoodooPetRare","","","","","","1000","true","","29","","","RARE","TID_UNLUCKY_VOODOO_SKIN","TID_UNLUCKY_VOODOO_SKIN_SHOP","MODEL,TEXTURE","","","","","","","","","","","","","","","","NEVER",""
"VoodooPetRare","VoodooPetDefault","","","58","","","","","","","","","","","","","","","","","","true","","","","","","","","","","","selena_29_gem_doll_face_tex.sctx","selena_29_gem_doll_face_tex.sctx","","","","","","","","","","","","",""
"AngelicPetDefault","AngelicPetDefault","","","58","","","","","","","","","","","","","","","","","","true","","","","","","","","","","","angel_demon_pet_face_tex.sctx","angel_demon_pet_face_tex.sctx","","","","","","","","","","","","",""
"DemonicPetDefault","DemonicPetDefault","","","58","","","","","","","","","","","","","","","","","","true","","","","","","","","","","","angel_demon_pet_face_tex.sctx","angel_demon_pet_face_tex.sctx","","","","","","","","","","","","",""
"31c681cefd1d5d0cc57e465264759764db406737","BallDefault","true","","","","","","","","","","","","","","","","","","","","","","","","","","","","","","","","","","","","","","","","","","","","",""
"8cc3e088513a0570274b626964d0568930a15a80","BallDefault","true","","","","","","","","","","","","","","","","","","","","","","","","","","","","","","","","","","","","","","","","","","","","",""
"1a98b66d4750bb0b674291118d4e52a3b7540762","BallDefault","true","","","","","","","","","","","","","","","","","","","","","","","","","","","","","","","","","","","","","","","","","","","","",""
"SamuraiStarrForce","SamuraiStarrForce","","BRAWLPASS","59","","","","3","3","","","","","","","","","","","","5000","true","","149","","","EPIC","TID_HEBI_KENJI_SKIN","TID_HEBI_KENJI_SKIN_SHOP","MODEL,TEXTURE,ANIM,VFX","","","kenji_hebi_tex.sctx","kenji_hebi_tex.sctx","","","","","","","","","","","","AVAILABLE",""
"","","","STARRFORCE","","","","","","","","","","","","","","","","","","","true","","","","","","","","","","","","","","","","","","","","","","","","",""
"SamuraiStarrForceChroma1","SamuraiStarrForceChroma1","","BRAWLPASS","59","","","","3","3","","","","","","","","","","","","5000","true","","149","","","EPIC","TID_MAMUSHI_KENJI_SKIN","TID_MAMUSHI_KENJI_SKIN_SHOP","MODEL,TEXTURE,ANIM,VFX","","","kenji_hebi_purple_tex.sctx","kenji_hebi_purple_tex.sctx","","","","","","","","","","","","AVAILABLE",""
"","","","STARRFORCE","","","","","","","","","","","","","","","","","","","true","","","","","","","","","","","","","","","","","","","","","","","","",""
"SamuraiStarrForceChroma2","SamuraiStarrForceChroma2","","BRAWLPASS","59","","","","3","3","","","","","","","","","","","","5000","true","","149","","","EPIC","TID_AODAISHO_KENJI_SKIN","TID_AODAISHO_KENJI_SKIN_SHOP","MODEL,TEXTURE,ANIM,VFX","","","kenji_hebi_red_tex.sctx","kenji_hebi_red_tex.sctx","","","","","","","","","","","","AVAILABLE",""
"","","","STARRFORCE","","","","","","","","","","","","","","","","","","","true","","","","","","","","","","","","","","","","","","","","","","","","",""
"DuplicatorGiftsToy","DuplicatorGiftsToy","","TOYS","59","","","","","","","","","","","DuplicatorGiftsToy","","","","","","5000","true","","149","","","EPIC","TID_LOLA_LOOPY_SKIN","TID_LOLA_LOOPY_SKIN_SHOP","MODEL,TEXTURE,ANIM,VFX","","","lolla_puppet_tex.sctx","lolla_puppet_tex.sctx","","","","50","50","","","","","","","AVAILABLE",""
"BowDudeBrawlentine","BowDudeBrawlentine","","BRAWLENTINES","59","","","","","","","","","","","BowDudeTotemDefault","","","","","","2750","true","","79","","","SUPER_RARE","TID_BO_CUPID_SKIN","TID_BO_CUPID_SKIN_SHOP","MODEL,TEXTURE,ANIM,VFX","","","bo_goofy_tex.sctx","bo_goofy_tex.sctx","","","","-100","-150","","","","","","","AVAILABLE",""
"TntGuyBrawlentine","TntGuyBrawlentine","","BRAWLENTINES","59","","","","","","","","","","","","","","","","","2750","true","","79","","","SUPER_RARE","TID_DYNAMIKE_ROMANTIC_SKIN","TID_DYNAMIKE_ROMANTIC_SKIN_SHOP","MODEL,TEXTURE,ANIM,VFX","","","brawlentines_mike_tex.sctx","brawlentines_mike_tex.sctx","","","","-400","700","","","","","","","AVAILABLE",""
"NinjaChampionship","NinjaChampionship","","WF_2024","59","","","","3","3","","","","","","","","","","","","","true","","149","","","EPIC","TID_LEON_WORLD_FINALS_SKIN","TID_LEON_WORLD_FINALS_SKIN_SHOP","MODEL,TEXTURE,ANIM,VFX","","","leon_champion_tex.sctx","leon_champion_tex.sctx","","","","150","","","","","","","","NEVER",""
"DeadMariachiGoodRandoms","DeadMariachiGoodRandoms","","RANKED_OLD","59","","","","","","","","","","","","","","","","","5000","true","true","149","","","EPIC","TID_POCO_QUITE_PLAYING_SKIN","TID_POCO_QUITE_PLAYING_SKIN_SHOP","MODEL,TEXTURE,ANIM,VFX","","","poco_goodrandoms_tex.sctx","poco_goodrandoms_tex.sctx","","","","150","200","","","","","","","AVAILABLE",""
"","","","GOODRANDOMS","","","","","","","","","","","","","","","","","","","true","","","","","","","","","","","","","","","","","","","","","","","","",""
"CannonGirlChristmas","CannonGirlChristmas","","BRAWLIDAYS","59","","","","3","3","","","","","","CannonGirlSmallChristmas","","","","","","5000","true","","149","","","EPIC","TID_REINDEER_BONNIE_SKIN","TID_REINDEER_BONNIE_SKIN_SHOP","MODEL,TEXTURE,ANIM,VFX","","","bonnie_reindeer_tex.sctx","bonnie_reindeer_tex.sctx","","","","1200","-700","","","","","","","NEVER",""
"CannonGirlSmallChristmas","CannonGirlSmallChristmas","","","59","","","","","","","","","","","","","","","","","","true","","","","","","","","","","","bonnie_reindeer_tex.sctx","bonnie_reindeer_tex.sctx","","","","","","","","","","","","",""
"JetpackGirlChristmas","JetpackGirlChristmas","","BRAWLIDAYS","59","","","","3","3","","","","","","","","","","","","2750","true","","79","","","SUPER_RARE","TID_JOLLY_JANET_SKIN","TID_JOLLY_JANET_SKIN_SHOP","MODEL,TEXTURE,ANIM,VFX","","","janet_elf_tex.sctx","janet_elf_tex.sctx","","","","150","-50","","","","","","","NEVER",""
"FleaStarrForce","FleaStarrForce","","STARRFORCE","59","","","","3","3","","","","","","FleaBigEggStarrForce","FleaPetStarrForce","","","","","5000","true","","149","","","EPIC","TID_EXTRATERRESTRIAL_EVE_SKIN","TID_EXTRATERRESTRIAL_EVE_SKIN_SHOP","MODEL,TEXTURE,ANIM,VFX","","","eve_ufo_tex.sctx","eve_ufo_tex.sctx","","","","200","-300","","","","","","","NEVER",""
"FleaPetStarrForce","FleaPetStarrForce","","","59","","","","","","","","","","","","","","","","","","true","","","","","","","","","","","eve_ufo_tex.sctx","eve_ufo_tex.sctx","","","","","","","","","","","","",""
"FleaBigEggStarrForce","FleaBigEggStarrForce","","","59","","","","","","","","","","","","","","","","","","true","","","","","","","","","","","eve_ufo_tex.sctx","eve_ufo_tex.sctx","","","","","","","","","","","","",""
"PainterStarrForce","PainterStarrForce","","STARRFORCE","59","","","","3","3","","","","","","","","","","","","5000","true","","149","","","EPIC","TID_BERRY_STAR_HORSE_SKIN","TID_BERRY_STAR_HORSE_SKIN_SHOP","MODEL,TEXTURE,ANIM,VFX","","","berry_starhorse_tex.sctx","berry_starhorse_tex.sctx","","","","","","","","","","","","NEVER",""
"ShamanStarrForce","ShamanStarrForce","","STARRFORCE","59","","","","3","3","","","","","","ShamanBearStarrForce","","","","","","2750","true","","79","","","SUPER_RARE","TID_SMUGGLER_NITA_SKIN","TID_SMUGGLER_NITA_SKIN_SHOP","MODEL,TEXTURE,ANIM,VFX","","","nita_starforce_tex.sctx","nita_starforce_tex.sctx","","","","","100","","","","","","","NEVER",""
"ShamanBearStarrForce","ShamanBearStarrForce","","","59","","","","","","","","","","","","","","","","","","true","","","","","","","","","","","nita_starforce_bear_tex.sctx","nita_starforce_bear_tex.sctx","","","","","","","","","","","","",""
"DiggerStarrForce","DiggerStarrForce","","RANKED_OLD","59","","","","","","","","","","","DiggerDrillStarrForce","","","","","","5000","true","","149","","","EPIC","TID_DIGGER_MOON_DRILLER_SKIN","TID_DIGGER_MOON_DRILLER_SKIN_SHOP","MODEL,TEXTURE,ANIM,VFX","","","moe_starcheese_tex.sctx","moe_starcheese_tex.sctx","","","","-700","600","","","","","","","AVAILABLE",""
"","","","STARRFORCE","","","","","","","","","","","","","","","","","","","true","","","","","","","","","","","","","","","","","","","","","","","","",""
"DiggerDrillStarrForce","DiggerDrillStarrForce","","","59","","","","","","","","","","","","","","","","","","true","","","","","","","","","","","moe_starcheese_tex.sctx","moe_starcheese_tex.sctx","","","","","","","","","","","","",""
"AxeJugglerGoodRandoms","AxeJugglerGoodRandoms","","BRAWLPASS","59","","","","3","3","","","","","","","","","","","","5000","true","","149","","","EPIC","TID_POP_MELODIE_SKIN","TID_POP_MEOLDIE_SKIN_SHOP","MODEL,TEXTURE,ANIM,VFX","","","melodie_goodrandoms_tex.sctx","melodie_goodrandoms_tex.sctx","","","","200","","","","","","","","AVAILABLE",""
"","","","GOODRANDOMS","","","","","","","","","","","","","","","","","","","true","","","","","","","","","","","","","","","","","","","","","","","","",""
"AxeJugglerGoodRandomsChroma1","AxeJugglerGoodRandomsChroma1","","BRAWLPASS","59","","","","3","3","","","","","","","","","","","","5000","true","","149","","","EPIC","TID_BLACKGREEN_MELODIE_SKIN","TID_BLACKGREEN_MEOLDIE_SKIN_SHOP","MODEL,TEXTURE,ANIM,VFX","","","melodie_goodrandoms_green_tex.sctx","melodie_goodrandoms_green_tex.sctx","","","","200","","","","","","","","AVAILABLE",""
"","","","GOODRANDOMS","","","","","","","","","","","","","","","","","","","true","","","","","","","","","","","","","","","","","","","","","","","","",""
"AxeJugglerGoodRandomsChroma2","AxeJugglerGoodRandomsChroma2","","BRAWLPASS","59","","","","3","3","","","","","","","","","","","","5000","true","","149","","","EPIC","TID_REDWHITE_MELODIE_SKIN","TID_REDWHITE_MEOLDIE_SKIN_SHOP","MODEL,TEXTURE,ANIM,VFX","","","melodie_goodrandoms_red_tex.sctx","melodie_goodrandoms_red_tex.sctx","","","","200","","","","","","","","AVAILABLE",""
"","","","GOODRANDOMS","","","","","","","","","","","","","","","","","","","true","","","","","","","","","","","","","","","","","","","","","","","","",""
"CrowMaverick","CrowMaverick","","USA","59","","","","","","","","","","","","","","","","","1000","true","true","29","","","RARE","TID_CROW_MAVERICK_SKIN","TID_CROW_MAVERICK_SKIN_SHOP","MODEL,TEXTURE,ANIM,VFX","","","crow_maverick_tex.sctx","crow_maverick_tex.sctx","","","","","","","","","","","","NEVER",""
"BlowerAstronaut","BlowerAstronaut","","MISC","59","","","","","","","","","","","","","","","","","1000","true","true","29","","","RARE","TID_GALE_GALACTIC_SKIN","TID_GALE_GALALCTIC_SKIN_SHOP","MODEL,TEXTURE,VFX","","","gale_astronaut_face_tex.sctx","gale_astronaut_face_tex.sctx","","","","","","","","","","","","NEVER",""
"HookDudeMonkey","HookDudeMonkey","","LANTERN","59","","","","","","","","","","","","","","","","","1000","true","true","29","","","RARE","TID_GENE_JUNGLE_SKIN","TID_GENE_JUNGLE_SKIN_SHOP","MODEL,TEXTURE,VFX","","","gene_monkey_tex.sctx","gene_monkey_tex.sctx","","","","","","","","","","","","NEVER",""
"DoorManStarrForce","DoorManStarrForce","","STARRFORCE","59","","","","3","3","","","","","","","","","","","","5000","true","","149","","","EPIC","TID_GIGANTOPHIS_GRAY_SKIN","TID_GIGANTOPHIS_GRAY_SKIN_SHOP","MODEL,TEXTURE,ANIM,VFX","","","gray_galactic_tex.sctx","gray_galactic_tex.sctx","","","","","","","","","","","","NEVER",""
"RopeDudeGoodRandoms","RopeDudeGoodRandoms","","GOODRANDOMS","59","","","","","","","","","","","","","","","","","5000","true","true","149","","","EPIC","TID_ROPE_DUDE_BYE_BYE_SKIN","TID_ROPE_DUDE_BYE_BYE_SKIN_SHOP","MODEL,TEXTURE,ANIM,VFX","","","buzz_goodrandoms_tex.sctx","buzz_goodrandoms_tex.sctx","","","","-100","250","","","","","","","AVAILABLE",""
"ArtilleryGalCyber","ArtilleryGalCyber","","HACKER","59","","","","","","","","","","","ArtilleryTurretCyber","ArtilleryDudeCoverDefault","","","","","1000","true","true","29","","","RARE","TID_PENNY_ROBO_SKIN","TID_PENNY_ROBO_SKIN_SHOP","MODEL,TEXTURE,VFX","","","penny_cyber_tex.sctx","penny_cyber_tex.sctx","","","","","","","","","","","","NEVER",""
"ArtilleryTurretCyber","ArtilleryTurretCyber","","","59","","","","","","","","","","","","","","","","","","true","","","","","","","","","","","penny_cyber_tex.sctx","penny_cyber_tex.sctx","","","","","","","","","","","","",""
"RollerGoodRandoms","RollerGoodRandoms","","GOODRANDOMS","59","","","","","","","","","","","","","","","","","2750","true","true","79","","","SUPER_RARE","TID_WOODRIVER_STU_SKIN","TID_WOODRIVER_STU_SKIN_SHOP","MODEL,TEXTURE,ANIM,VFX","","","stu_goodrandoms_tex.sctx","stu_goodrandoms_tex.sctx","","","","200","100","","","","","","","AVAILABLE",""
"BarrelbotToy","BarrelbotToy","","TOYS","59","","","","","","","","","","","","","","","","","1000","true","","29","","","RARE","TID_TOY_POP_UP_SKIN","TID_TOY_POP_UP_SKIN_SHOP","MODEL,TEXTURE,VFX","","","darryl_toy_tex.sctx","darryl_toy_tex.sctx","","","","","400","","","","","","","NEVER",""
"AttacherToy","AttacherToy","","TOYS","59","","","","","","","","","","","","","","","","","2750","true","","79","","","SUPER_RARE","TID_KIT_CUDDLY_SKIN","TID_KIT_CUDDLY_SKIN_SHOP","MODEL,TEXTURE,VFX","","","kit_wooly_tex.sctx","kit_wooly_tex.sctx","","","","","","","","","","","","AVAILABLE",""
"ArtilleryGalToy","ArtilleryGalToy","","TOYS","59","","","","","","","","","","","ArtilleryTurretToy","ArtilleryDudeCoverDefault","","","","","","true","true","199","","","MYTHIC","TID_PENNY_POP_SKIN","TID_PENNY_POP_SKIN_SHOP","MODEL,TEXTURE,ANIM,VFX","","","penny_toy_tex.sctx","penny_toy_tex.sctx","","","","","","","","","","","","AVAILABLE",""
"ArtilleryTurretToy","ArtilleryTurretToy","","","59","","","","","","","","","","","","","","","","","","true","","","","","","","","","","","penny_toy_tex.sctx","penny_toy_tex.sctx","","","","","","","","","","","","",""
"PowerLevelerBuzz","PowerLevelerBuzz","","TOYSTORY","59","","","","3","3","","","","","","","","","","","","","true","","299","","","LEGENDARY","TID_POWER_LEVELER_LIGHTYEAR_SKIN","TID_POWER_LEVELER_LIGHTYEAR_SKIN_SHOP","MODEL,TEXTURE,ANIM,VFX","","","surge_bot_tex.sctx","surge_bot_tex.sctx","","","","","","","","","","","","NEVER",""
"MechanicJessie","MechanicJessie","","TOYSTORY","59","","","","3","3","","","","","","TurretJessie","","","","","","","true","","79","","","SUPER_RARE","TID_MECHANIC_JESSIE_SKIN","TID_MECHANIC_JESSIE_SKIN_SHOP","MODEL,TEXTURE,ANIM,VFX","","","jessie_redhat_tex.sctx","jessie_redhat_tex.sctx","","","","650","","","","","","","","NEVER",""
"TurretJessie","TurretJessie","","","59","","","","","","","","","","","","","","","","","","true","","","","","","","","","","","jessie_redhat_turret_tex.sctx","jessie_redhat_turret_tex.sctx","","","","","","","","","","","","",""
"GunSlingerWoody","GunSlingerWoody","","TOYSTORY","59","","","","3","3","","","","","","","","","","","","","true","","199","","","MYTHIC","TID_COLT_WOODY_SKIN","TID_COLT_WOODY_SKIN_SHOP","MODEL,TEXTURE,ANIM,VFX","","","colt_cowboy_tex.sctx","colt_cowboy_tex.sctx","","","","-100","","","","","","","","NEVER",""
"BaseballBopeep","BaseballBopeep","","TOYSTORY","59","","","","3","3","","","","","","","","","","","","","true","","149","","","EPIC","TID_BASEBALL_BO_PEEP_SKIN","TID_BASEBALL_BO_PEEP_SKIN_SHOP","MODEL,TEXTURE,ANIM,VFX","","","bibi_goat_tex.sctx","bibi_goat_tex.sctx","","","","-100","-150","","","","","","","NEVER",""
"AirDiscDefault","AirDiscDefault","","","59","","","","","","","","","","","","","","","","","","true","","","","","","","","","","","","","","","","","","","","","","","","",""
"MeepleDefault","MeepleDefault","","","59","","","","","","","","","","","","","","","","","","true","","","","","","","","","","","meeple_tex.sctx","meeple_tex.sctx","","","","-400","400","","","","","","","",""
"SkaterDefault","SkaterDefault","","","59","","","","","","","","","","","","","","","","","","true","","","","","","","","","","","ollie_tex.sctx","ollie_tex.sctx","","","","-200","-500","","","","","","","",""
"PayloadSingleDefault","PayloadSingleDefault","","","59","","","","","","","","","","","","","","","","","","true","","","","","","","","","","","","","","","","","","","","","","","","",""
"TntDudeChristmas","TntDudeChristmas","","BRAWLIDAYS","59","","","","3","3","","","","","","","","","","","","2750","true","","79","","","SUPER_RARE","TID_DYNAMIKE_XMAS_CHROMA_SKIN","TID_DYNAMIKE_XMAS_CHROMA_SKIN_SHOP","MODEL,TEXTURE,ANIM,VFX","","","dynamike_xmas_remake_tex.sctx","dynamike_xmas_remake_tex.sctx","","","","","","","","","","","","NEVER",""
"GunslingerRoyalAgent","GunslingerRoyalAgent","","LNY","59","","","","3","3","","","","","","","","","","","","5000","true","","149","","","EPIC","TID_ROYAL_AGENT_COLT_CHROMA_SKIN","TID_ROYAL_AGENT_COLT_SKIN_CHROMA_SHOP","MODEL,TEXTURE,ANIM,VFX","","","colt_royal_agent_chroma_teal_tex.sctx","colt_royal_agent_chroma_teal_tex.sctx","","","","","","","","","","","","NEVER",""
"ShamanChristmas","ShamanChristmas","","BRAWLIDAYS","59","","","","3","3","","","","","","ShamanPetChristmas","","","","","","5000","true","","149","","","EPIC","TID_NITA_XMAS_CHROMA_SKIN","TID_NITA_XMAS_CHROMA_SKIN_SHOP","MODEL,TEXTURE,ANIM,VFX","","","nita_xmas_tex.sctx","nita_xmas_tex.sctx","","","","","","","","","","","","NEVER",""
"MeepleBowling","MeepleBowling","","TOYS","59","","","","","","","","","","","","","","","","","1000","true","","29","","","RARE","TID_BOWLING_MEEPLE_SKIN","TID_BOWLING_MEEPLE_SKIN_SHOP","MODEL,TEXTURE","","","meeple_29_gem_tex.sctx","meeple_29_gem_tex.sctx","","","","-400","400","","","","","","","NEVER",""
"SkaterRapper","SkaterRapper","","CITY","59","","","","","","","","","","","","","","","","","1000","true","","29","","","RARE","TID_RUN_DMC_OLLIE_SKIN","TID_RUN_DMC_OLLIE_SKIN_SHOP","MODEL,TEXTURE,ANIM,VFX","","","ollie_29_gem_tex.sctx","ollie_29_gem_tex.sctx","","","","-200","-500","","","","","","","NEVER",""
"ShamanPetChristmas","ShamanPetChristmas","","","59","","","","","","","","","","","","","","","","","","true","","","","","","","","","","","nita_bear_xmas_tex.sctx","nita_bear_xmas_tex.sctx","","","","","","","","","","","","",""
"MorningstarDefault","MorningstarDefault","","","60","","","","","","","","","","","","","","","","","","true","","","","","","","","","","","lumi_tex.sctx","lumi_tex.sctx","","","","","","","","","","","","",""
"ChronomancerDefault","ChronomancerDefault","","","60","","","","","","","","","","","","","","","","","","true","","","","","","","","","","","finn_tex.sctx","finn_tex.sctx","","","","","","","","","","","","",""
"WhirlwindSupercellMake","WhirlwindSupercellMake","","SC_MAKE","60","","","","","","","","","","","","","","","","","5000","true","true","149","","","EPIC","TID_CARL_STAG_SKIN","TID_CARL_STAG_SKIN_SHOP","MODEL,TEXTURE,ANIM,VFX","Artho_Max","","carl_super_stag_tex.sctx","carl_super_stag_tex.sctx","","","","250","-150","","","","","","","AVAILABLE",""
"","","","SUPERHEROES","","","","","","","","","","","","","","","","","","","true","","","","","","","","","","","","","","","","","","","","","","","","",""
"ConductorSupercellMake","ConductorSupercellMake","","SC_MAKE","60","","","","","","","","","","","","","","","","","5000","true","true","149","","","EPIC","TID_CHUCK_ELECTRO_SKIN","TID_CHUCK_ELECTRO_SKIN_SHOP","MODEL,TEXTURE,ANIM,VFX","Gedi-Kor","","chuck_electro_lord_tex.sctx","chuck_electro_lord_tex.sctx","","","","-100","300","","","","","","","AVAILABLE",""
"","","","SUPERHEROES","","","","","","","","","","","","","","","","","","","true","","","","","","","","","","","","","","","","","","","","","","","","",""
"WeaponThrowerSupercellMake","WeaponThrowerSupercellMake","","SC_MAKE","60","","","","","","","","","","","","","","","","","5000","true","true","149","","","EPIC","TID_MISTICO_SAM_SKIN","TID_MISTICO_SAM_SKIN_SHOP","MODEL,TEXTURE,ANIM,VFX","FinnyShow","","sam_srmistico_tex.sctx","sam_srmistico_tex.sctx","","","","100","-500","","","","","","","AVAILABLE",""
"","","","SUPERHEROES","","","","","","","","","","","","","","","","","","","true","","","","","","","","","","","","","","","","","","","","","","","","",""
"JetpackGirlSupercellMake","JetpackGirlSupercellMake","","SC_MAKE","60","","","","","","","","","","","","","","","","","5000","true","true","149","","","EPIC","TID_PHOENIX_JANET_SKIN","TID_PHOENIX_JANET_SKIN_SHOP","MODEL,TEXTURE,ANIM,VFX","WarpWave","","janet_phoenix_heart_tex.sctx","janet_phoenix_heart_tex.sctx","","","","","-200","","","","","","","AVAILABLE",""
"","","","SUPERHEROES","","","","","","","","","","","","","","","","","","","true","","","","","","","","","","","","","","","","","","","","","","","","",""
"ShieldTankSupercellMake","ShieldTankSupercellMake","","SC_MAKE","60","","","","","","","","","","","","","","","","","5000","true","true","149","","","EPIC","TID_TIME_PROTECTOR_BUSTER_SKIN","TID_TIME_PROTECTOR_BUSTER_SKIN_SHOP","MODEL,TEXTURE,ANIM,VFX","Vinuui","","buster_time_protector_tex.sctx","buster_time_protector_tex.sctx","","","","300","","","","","","","","AVAILABLE",""
"","","","SUPERHEROES","","","","","","","","","","","","","","","","","","","true","","","","","","","","","","","","","","","","","","","","","","","","",""
"CrossBomberSupercellMake","CrossBomberSupercellMake","","SC_MAKE","60","","","","","","","","","","","","","","","","","5000","true","true","149","","","EPIC","TID_LORD_OF_GOD_GROM_SKIN","TID_LORD_OF_GOD_GROM_SKIN_SHOP","MODEL,TEXTURE,ANIM,VFX","J-Y Jacky","","grom_lordofgod_tex.sctx","grom_lordofgod_tex.sctx","","","","-200","100","","","","","","","AVAILABLE",""
"","","","SUPERHEROES","","","","","","","","","","","","","","","","","","","true","","","","","","","","","","","","","","","","","","","","","","","","",""
"HammerDudeSandsOfTimes","HammerDudeSandsOfTimes","","BRAWLPASS","60","","","","3","3","","","","","","","","","","","","5000","true","","149","","","EPIC","TID_MUMMY_FRANK_SKIN","TID_MUMMY_FRANK_SKIN_SHOP","MODEL,TEXTURE,ANIM,VFX","","","","","","","","300","","true","","","","","","AVAILABLE",""
"","","","DARKSANDS","","","","","","","","","","","","","","","","","","","true","","","","","","","","","","","","","","","","","","","","","","","","",""
"SkaterSandsOfTimes","SkaterSandsOfTimes","","DARKSANDS","60","","","","","","","","","","","","","","","","","5000","true","","149","","","EPIC","TID_PHARA_OLLIE_SKIN","TID_PHARA_OLLIE_SKIN_SHOP","MODEL,TEXTURE,ANIM,VFX","","","ollie_pharaoh_tex.sctx","ollie_pharaoh_tex.sctx","","","","-200","-750","","","","","","","AVAILABLE",""
"VoodooSandsOfTimes","VoodooSandsOfTimes","","DARKSANDS","60","","","","","","","","","","","VoodooPetSandsOfTimes","","","","","","2750","true","true","79","","","SUPER_RARE","TID_CLEOPATRA_VOODOO_SKIN","TID_CLEOPATRA_VOODOO_SKIN_SHOP","MODEL,TEXTURE,ANIM,VFX","","","","","","","","500","500","","","","","","","AVAILABLE",""
"VoodooPetSandsOfTimes","VoodooPetSandsOfTimes","","","60","","","","","","","","","","","","","","","","","","true","","","","","","","","","","","juju_cleopatra_doll_face_tex.sctx","juju_cleopatra_doll_face_tex.sctx","","","","500","","","","","","","","",""
"MeepleSandsOfTimes","MeepleSandsOfTimes","","DARKSANDS","60","","","","","","","","","","","","","","","","","5000","true","true","149","","","EPIC","TID_MYSTIC_MEEPLE_SKIN","TID_MYSTIC_MEEPLE_SKIN_SHOP","MODEL,TEXTURE,ANIM,VFX","","","meeple_aladdin_tex.sctx","meeple_aladdin_tex.sctx","","","","-400","400","","","","","","","AVAILABLE",""
"StickyBombSandsOfTimes","StickyBombSandsOfTimes","","DARKSANDS","60","","","","","","","","","","","","","","","","","5000","true","true","149","","","EPIC","TID_SCARAB_SQUEAK_SKIN","TID_SCARAB_SQUEAK_SKIN_SHOP","MODEL,TEXTURE,ANIM,VFX","","","squeak_scarab_tex.sctx","squeak_scarab_tex.sctx","","","","100","150","","","","","","","AVAILABLE",""
"RuffsSandsOfTimes","RuffsSandsOfTimes","","DARKSANDS","60","","","","","","","","","","","","","","","","","2750","true","true","79","","","SUPER_RARE","TID_ANUBIS_RUFFS_SKIN","TID_ANUBIS_RUFFS_SKIN_SHOP","MODEL,TEXTURE,ANIM,VFX","","","ruffs_anubis_tex.sctx","ruffs_anubis_tex.sctx","","","","200","200","","","","","","","AVAILABLE",""
"e9aa2e448cbea53542a67c6eefe7a0a79e1c296e","BallDefault","true","","","","","","","","","","","","","","","","","","","","","","","","","","","","","","","","","","","","","","","","","","","","",""
"MechaDudeBigClassified","MechaDudeBigClassified","","","","","","","","","","","","","","","","","","","","","true","","","","","","","","","","","meg_mecha_tex.sctx","meg_mecha_tex.sctx","","","","","","","","","","","","",""
"BeamerCarnival","BeamerCarnival","","CARNAVAL","60","","","","","","","","","","","","","","","","","","true","true","199","","","MYTHIC","TID_CARNIVAL_MANDY_SKIN","TID_CARNIVAL_MANDY_SKIN_SHOP","MODEL,TEXTURE,ANIM,VFX","","","mandy_carnival_tex.sctx","mandy_carnival_tex.sctx","","","","300","-100","","","","","","","AVAILABLE",""
"TrickshotDudeAprilFools","TrickshotDudeAprilFools","","APRILFOOLS","60","","","","","","","","","","","","","","","","","","true","true","199","","","MYTHIC","TID_TRICKSHOT_EGG_SKIN","TID_TRICKSHOT_EGG_SKIN_SHOP","MODEL,TEXTURE,ANIM,VFX","","","rico_egg_tex.sctx","rico_egg_tex.sctx","","","","","","","","","","","","AVAILABLE",""
"MinigunDudeAprilFools","MinigunDudeAprilFools","","APRILFOOLS","60","","","","","","","","","","","HealstationAprilFools","","","","","","","true","true","199","","","MYTHIC","TID_EGG_PAM_SKIN","TID_EGG_PAM_SKIN_SHOP","MODEL,TEXTURE,ANIM,VFX","","","","","","","","","","","","","","","","AVAILABLE",""
"UNOCardDefault","UNOCardDefault","","","60","","","","","","","","","","","","","","","","","","true","","","","","","","","","","","","","","impostor_outline_none","","","","","","","","","","",""
"SafeKatanaKingdom","SafeKatanaKingdom","","","60","","","","","","","","","","","","","","","","","","true","","","","","","","","","","","","","","","","","","","","","","","","",""
"GunSlinger2025RankedProgrsesionSkinLevel1","GunSlinger2025RankedProgrsesionSkinLevel1","","PROPASS","60","","","","9","9","","","GunSlinger2025RankedProgrsesionSkinLevel1","1","","","","","","","","","true","","","","","RANKED_PASS","TID_COLT_RANKED_PROGRESSION_SKIN_1","TID_COLT_SHOP_RANKED_PROGRESSION_SKIN_1","MODEL,TEXTURE","","","ranked_colt_29_gem_tex.sctx","ranked_colt_29_gem_tex.sctx","","","","","","","","","","","","",""
"GunSlinger2025RankedProgrsesionSkinLevel2","GunSlinger2025RankedProgrsesionSkinLevel2","","PROPASS","60","","","","9","9","","","GunSlinger2025RankedProgrsesionSkinLevel1","2","","","","","","","","","true","","","","","RANKED_PASS","TID_COLT_RANKED_PROGRESSION_SKIN_2","TID_COLT_SHOP_RANKED_PROGRESSION_SKIN_2","MODEL,TEXTURE","","","ranked_colt_29_gem_tex.sctx","ranked_colt_29_gem_tex.sctx","","","","","","","true","","","","","",""
"GunSlinger2025RankedProgrsesionSkinLevel3","GunSlinger2025RankedProgrsesionSkinLevel3","","","60","","","","9","9","","","GunSlinger2025RankedProgrsesionSkinLevel1","3","true","","","","","","","","true","","","","","RANKED_PASS","TID_COLT_RANKED_PROGRESSION_SKIN_3","TID_COLT_SHOP_RANKED_PROGRESSION_SKIN_3","MODEL,TEXTURE","","","ranked_colt_29_gem_tex.sctx","ranked_colt_29_gem_tex.sctx","","","","","","","true","","","","","",""
"GunSlinger2025RankedProgrsesionSkinLevel4","GunSlinger2025RankedProgrsesionSkinLevel4","","PROPASS","60","","","","9","9","","","GunSlinger2025RankedProgrsesionSkinLevel1","4","","","","","","","","","true","","","","","RANKED_PASS","TID_COLT_RANKED_PROGRESSION_SKIN_4","TID_COLT_SHOP_RANKED_PROGRESSION_SKIN_4","MODEL,TEXTURE,ANIM,VFX","","","","","","","","","-500","","","","","","","",""
"GunSlinger2025RankedProgrsesionSkinLevel5","GunSlinger2025RankedProgrsesionSkinLevel5","","PROPASS","60","","","","9","9","","","GunSlinger2025RankedProgrsesionSkinLevel1","5","","","","","","","","","true","","","","","RANKED_PASS","TID_COLT_RANKED_PROGRESSION_SKIN_5","TID_COLT_SHOP_RANKED_PROGRESSION_SKIN_5","MODEL,TEXTURE,ANIM,VFX","","","","","","","","","-500","","true","","","","","",""
"GunSlinger2025RankedProgrsesionSkinLevel6","GunSlinger2025RankedProgrsesionSkinLevel6","","","60","","","","9","9","","","GunSlinger2025RankedProgrsesionSkinLevel1","6","","","","","","","","","true","","","","","RANKED_PASS","TID_COLT_RANKED_PROGRESSION_SKIN_6","TID_COLT_SHOP_RANKED_PROGRESSION_SKIN_6","MODEL,TEXTURE,ANIM,VFX","","","","","","","","","-500","","true","","","","","",""
"GunSlinger2025RankedProgrsesionSkinLevel7","GunSlinger2025RankedProgrsesionSkinLevel7","","","60","","","","9","9","","","GunSlinger2025RankedProgrsesionSkinLevel1","7","","","","","","","","","true","","","","","RANKED_PASS","TID_COLT_RANKED_PROGRESSION_SKIN_7","TID_COLT_SHOP_RANKED_PROGRESSION_SKIN_7","MODEL,TEXTURE,ANIM,VFX","","","","","","","","","-500","","true","","","","","",""
"GunSlinger2025RankedProgrsesionSkinLevel8","GunSlinger2025RankedProgrsesionSkinLevel8","","","60","","","","9","9","","","GunSlinger2025RankedProgrsesionSkinLevel1","8","true","","","","","","","","true","","","","","RANKED_PASS","TID_COLT_RANKED_PROGRESSION_SKIN_8","TID_COLT_SHOP_RANKED_PROGRESSION_SKIN_8","MODEL,TEXTURE,ANIM,VFX","","","","","","","","","-500","","true","","","","","",""
"GunSlinger2025RankedProgrsesionSkinLevel9","GunSlinger2025RankedProgrsesionSkinLevel9","","PROPASS","60","","","","9","9","","","GunSlinger2025RankedProgrsesionSkinLevel1","9","true","","","","","","","","true","","","","","RANKED_PASS","TID_COLT_RANKED_PROGRESSION_SKIN_9","TID_COLT_SHOP_RANKED_PROGRESSION_SKIN_9","MODEL,TEXTURE,ANIM,VFX,VOICE,TAKEDOWN","","","","","","","","-300","-800","","","","","","","",""
"GunSlinger2025RankedProgrsesionSkinLevel10","GunSlinger2025RankedProgrsesionSkinLevel10","","PROPASS","60","","","","9","9","","","GunSlinger2025RankedProgrsesionSkinLevel1","10","true","","","","","","","","true","","","","","RANKED_PASS","TID_COLT_RANKED_PROGRESSION_SKIN_10","TID_COLT_SHOP_RANKED_PROGRESSION_SKIN_10","MODEL,TEXTURE,ANIM,VFX,VOICE,TAKEDOWN","","red_materials_colt_hc.glb","","","","","","-300","-800","","","","","","","",""
"GunSlinger2025RankedProgrsesionSkinLevel11","GunSlinger2025RankedProgrsesionSkinLevel11","","PROPASS","60","","","","9","9","","","GunSlinger2025RankedProgrsesionSkinLevel1","11","true","","","","","","","","true","","","","","RANKED_PASS","TID_COLT_RANKED_PROGRESSION_SKIN_11","TID_COLT_SHOP_RANKED_PROGRESSION_SKIN_11","MODEL,TEXTURE,ANIM,VFX,VOICE,TAKEDOWN","","purple_materials_colt_hc.glb","","","","","","-300","-800","","","","","","","",""
"KickerDudeRare","KickerDudeRare","","OUTLAWS","60","","","","3","3","","","","","","","","","","","","1000","true","true","29","","","RARE","TID_FIRST_MATE_FANG_SKIN","TID_FIRST_MATE_FANG_SKIN_SHOP","MODEL,TEXTURE","","","fang_29_gem_tex.sctx","fang_29_gem_tex.sctx","","","","","","","","","","","","NEVER",""
"FireDudeRare","FireDudeRare","","ANGELDEMONS","60","","","","3","3","","","","","","","","","","","","1000","true","true","29","","","RARE","TID_FIENDISH_AMBER_SKIN","TID_FIENDISH_AMBER_SKIN_SHOP","MODEL,TEXTURE","","","amber_29_gem_tex.sctx","amber_29_gem_tex.sctx","","","","","","true","","","","","","NEVER",""
"FleaRare","FleaRare","","MEAL","60","","","","3","3","","","","","","FleaBigEggRare","FleaPetRare","","","","","1000","true","true","29","","","RARE","TID_CORED_EVE_SKIN","TID_CORED_EVE_SKIN_SHOP","MODEL,TEXTURE","","","eve_29_gem_tex.sctx","eve_29_gem_tex.sctx","","","","","","","","","","","","NEVER",""
"FleaPetRare","FleaPetRare","","","60","","","","","","","","","","","","","","","","","","true","","","","","","","","","","","eve_29_gem_face_tex.sctx","eve_29_gem_face_tex.sctx","","","","","","","","","","","","",""
"FleaBigEggRare","FleaBigEggRare","","","60","","","","","","","","","","","","","","","","","","true","","","","","","","","","","","eve_29_gem_tex.sctx","eve_29_gem_tex.sctx","","","","","","","","","","","","",""
"BaseballVillain","BaseballVillain","","BRAWLPASS","60","","","","3","3","","","","","","","","","","","","5000","true","","149","","","EPIC","TID_VILLAN_BIBI_SKIN","TID_VILLAN_BIBI_SKIN_SHOP","MODEL,TEXTURE,ANIM,VFX","","","bibi_villain_tex.sctx","bibi_villain_tex.sctx","","","","","","","","","","","","AVAILABLE",""
"","","","SUPERHEROES","","","","","","","","","","","","","","","","","","","true","","","","","","","","","","","","","","","","","","","","","","","","",""
"JesterUno","JesterUno","","UNO","60","","","","3","3","","","","","","","","","","","","5000","true","","149","","","EPIC","TID_UNO_CHESTER_SKIN","TID_UNO_CHESTER_SKIN_SHOP","MODEL,TEXTURE,ANIM,VFX","","","","","","","","","400","","","","","","","NEVER",""
"ChronomancerRare","ChronomancerRare","","MISC","60","","","","","","","","","","","","","","","","","1000","true","","29","","","RARE","TID_JURASSIC_FINX_SKIN","TID_JURASSIC_FINX_SKIN_SHOP","MODEL,TEXTURE","","","finn_29_gem_tex.sctx","finn_29_gem_tex.sctx","","","","","","","","","","","","NEVER",""
"HammerDudeSandsOfTimesDark","HammerDudeSandsOfTimesDark","","BRAWLPASS","60","","","","3","3","","","","","","","","","","","","5000","true","","149","","","EPIC","TID_DARK_MUMMY_FRANK_SKIN","TID_DARK_MUMMY_FRANK_SKIN_SHOP","MODEL,TEXTURE,ANIM,VFX","","dark_materials_frank_mummy.glb","","","","","","300","","true","","","","","","AVAILABLE",""
"","","","DARKSANDS","","","","","","","","","","","","","","","","","","","true","","","","","","","","","","","","","","","","","","","","","","","","",""
"HealstationAprilFools","HealstationAprilFools","","","60","","","","","","","","","","","","","","","","","","true","","","","","","","","","","","pam_gun_tex.sctx","pam_gun_tex.sctx","","","","","","","","","","","","",""
"KnightSupercellStore","KnightSupercellStore","","CLASHIP","60","","","","3","3","","","","","","KnightPetSupercellStore","","","","","","2750","true","","79","","","SUPER_RARE","TID_PEKKA_ASH_SKIN","TID_PEKKA_ASH_SKIN_SHOP","MODEL,TEXTURE,ANIM,VFX","","","ash_pekka_tex.sctx","ash_pekka_tex.sctx","","","","200","300","","","","","","","NEVER",""
"KnightPetSupercellStore","KnightPetSupercellStore","","","60","","","","","","","","","","","","","","","","","","true","","","","","","","","","","","","","","","","","","","","","","","","",""
"ElectroSniperRare","ElectroSniperRare","","SUMMER","60","","","","","","","","","","","HealingStationSummer","","","","","","1000","true","true","29","","","RARE","TID_BEACH_BELLE_SKIN","TID_BEACH_BELLE_SKIN_SHOP","MODEL,TEXTURE","","","belle_29_gem_tex.sctx","belle_29_gem_tex.sctx","","","","","","","","","","","","NEVER",""
"HammerDudeSandsOfTimesLight","HammerDudeSandsOfTimesLight","","BRAWLPASS","60","","","","3","3","","","","","","","","","","","","5000","true","","149","","","EPIC","TID_LIGHT_MUMMY_FRANK_SKIN","TID_LIGHT_MUMMY_FRANK_SKIN_SHOP","MODEL,TEXTURE,ANIM,VFX","","light_materials_frank_mummy.glb","","","","","","300","","true","","","","","","AVAILABLE",""
"","","","DARKSANDS","","","","","","","","","","","","","","","","","","","true","","","","","","","","","","","","","","","","","","","","","","","","",""
"MorningstarRare","MorningstarRare","","FANTASY","60","","","","","","","","","","","","","","","","","1000","true","","29","","","RARE","TID_DARK_KNIGHT_LUMI_SKIN","TID_DARK_KNIGHT_LUMI_SKIN_SHOP","MODEL,TEXTURE","","","lumi_29_gem_tex.sctx","lumi_29_gem_tex.sctx","","","","","","","","","","","","NEVER",""
"BaseballVillainChromaPink","BaseballVillainChromaPink","","BRAWLPASS","60","","","","3","3","","","","","","","","","","","","5000","true","","149","","","EPIC","TID_VILLAN_PINK_BIBI_SKIN","TID_VILLAN_PINK_BIBI_SKIN_SHOP","MODEL,TEXTURE,ANIM,VFX","","","bibi_villain_chroma_pink_tex.sctx","bibi_villain_chroma_pink_tex.sctx","","","","","","","","","","","","AVAILABLE",""
"","","","SUPERHEROES","","","","","","","","","","","","","","","","","","","true","","","","","","","","","","","","","","","","","","","","","","","","",""
"BaseballVillainChromaBlue","BaseballVillainChromaBlue","","BRAWLPASS","60","","","","3","3","","","","","","","","","","","","5000","true","","149","","","EPIC","TID_VILLAN_BLUE_BIBI_SKIN","TID_VILLAN_BLUE_BIBI_SKIN_SHOP","MODEL,TEXTURE,ANIM,VFX","","","bibi_villain_chroma_blue_tex.sctx","bibi_villain_chroma_blue_tex.sctx","","","","","","","","","","","","AVAILABLE",""
"","","","SUPERHEROES","","","","","","","","","","","","","","","","","","","true","","","","","","","","","","","","","","","","","","","","","","","","",""
"VoodooGold","VoodooGold","","GOLD","60","","","","","","","","","","","VoodooPetGold","","","","","","","","","","","25000","COLLECTORS","TID_TRUE_GOLD_JUJU_SKIN","TID_TRUE_GOLD_JUJU_SKIN_SHOP","MODEL,TEXTURE","","gold_true_materials_juju.glb","","","","","","","","true","","","","","","",""
"VoodooSilver","VoodooSilver","","SILVER","60","","","","","","","","","","","VoodooPetSilver","","","","","","","","","","","10000","COLLECTORS","TID_TRUE_SILVER_JUJU_SKIN","TID_TRUE_SILVER_JUJU_SKIN_SHOP","MODEL,TEXTURE","","silver_true_materials_juju.glb","","","","","","","","true","","","","","","",""
"VoodooPetGold","VoodooPetGold","","","60","","","","","","","","","","","","","","","","","","true","","","","","","","","","","gold_true_materials_juju.glb","juju_doll_pure_gold_face_tex.sctx","juju_doll_pure_gold_face_tex.sctx","","","","","","true","","","","","","",""
"VoodooPetSilver","VoodooPetSilver","","","60","","","","","","","","","","","","","","","","","","true","","","","","","","","","","silver_true_materials_juju.glb","juju_doll_pure_silver_face_tex.sctx","juju_doll_pure_silver_face_tex.sctx","","","","","","true","","","","","","",""
"MeepleGold","MeepleGold","","GOLD","60","","","","","","","","","","","","","","","","","","","","","","25000","COLLECTORS","TID_TRUE_GOLD_MEEPLE_SKIN","TID_TRUE_GOLD_MEEPLE_SKIN_SHOP","MODEL,TEXTURE","","gold_true_materials.glb","meeple_pure_gold_face_tex.sctx","meeple_pure_gold_face_tex.sctx","","","","-400","400","true","","","","","","",""
"MeepleSilver","MeepleSilver","","SILVER","60","","","","","","","","","","","","","","","","","","","","","","10000","COLLECTORS","TID_TRUE_SILVER_MEEPLE_SKIN","TID_TRUE_SILVER_MEEPLE_SKIN_SHOP","MODEL,TEXTURE","","silver_true_materials.glb","meeple_pure_silver_face_tex.sctx","meeple_pure_silver_face_tex.sctx","","","","-400","400","true","","","","","","",""
"GhostGold","GhostGold","","GOLD","60","","","","","","","","","","","","","","","","","","","","","","25000","COLLECTORS","TID_TRUE_GOLD_SHADE_SKIN","TID_TRUE_GOLD_SHADE_SKIN_SHOP","MODEL,TEXTURE","","gold_true_materials.glb","shade_pure_gold_face_tex.sctx","shade_pure_gold_face_tex.sctx","","impostor_outline_shade","","","","true","","","","","","",""
"GhostSilver","GhostSilver","","SILVER","60","","","","","","","","","","","","","","","","","","","","","","10000","COLLECTORS","TID_TRUE_SILVER_SHADE_SKIN","TID_TRUE_SILVER_SHADE_SKIN_SHOP","MODEL,TEXTURE","","silver_true_materials.glb","shade_pure_silver_face_tex.sctx","shade_pure_silver_face_tex.sctx","","impostor_outline_shade","","","","true","","","","","","",""
"SkaterGold","SkaterGold","","GOLD","60","","","","","","","","","","","","","","","","","","","","","","25000","COLLECTORS","TID_TRUE_GOLD_OLLIE_SKIN","TID_TRUE_GOLD_OLLIE_SKIN_SHOP","MODEL,TEXTURE","","gold_true_materials.glb","ollie_pure_gold_face_tex.sctx","ollie_pure_gold_face_tex.sctx","","","","-200","-500","true","","","","","","",""
"SkaterSilver","SkaterSilver","","SILVER","60","","","","","","","","","","","","","","","","","","","","","","10000","COLLECTORS","TID_TRUE_SILVER_OLLIE_SKIN","TID_TRUE_SILVER_OLLIE_SKIN_SHOP","MODEL,TEXTURE","","silver_true_materials.glb","ollie_pure_silver_face_tex.sctx","ollie_pure_silver_face_tex.sctx","","","","-200","-500","true","","","","","","",""
"MOBAKaiju","MOBAKaiju","","","61","","","","","","","","","","","","","","","","","","true","","","","","","","","","","","kaiju_boss_tex.sctx","kaiju_boss_tex.sctx","","","","","","","","","","","","",""
"AlternatorDefault","AlternatorDefault","","","61","","","","","","","","","","","","","","","","","","true","","","","","","","","","","","jae_tex.sctx","jae_tex.sctx","","","","","","","","","","","","",""
"GeishaDefault","GeishaDefault","","","61","","","","","","","","","","","GeishaTransformedDefault","","","","","","","true","","","","","","","","","","","kaze_geisha_tex.sctx","kaze_geisha_tex.sctx","","","","","","","","","","","","",""
"GeishaTransformedDefault","GeishaTransformedDefault","","","61","","","","","","","","","","","","","","","","","","true","","","","","","","","","","","kaze_ninja_tex.sctx","kaze_ninja_tex.sctx","","","","200","200","","","","","","","",""
"KnightPetGold","KnightPetGold","","","61","","","","","","","","","","","","","","","","","","true","","","","","","","","","","gold_true_materials.glb","ash_gold_tex.sctx","ash_gold_tex.sctx","","","","","","","","","","","","",""
"KnightPetSilver","KnightPetSilver","","","61","","","","","","","","","","","","","","","","","","true","","","","","","","","","","silver_true_materials.glb","ash_silver_tex.sctx","ash_silver_tex.sctx","","","","","","","","","","","","",""
"DoorManJapan","DoorManJapan","","FEUDALJAPAN","61","","","","3","3","","","","","","","","","","","","5000","true","","149","","","EPIC","TID_GRAY_WIP_RONIN_SKIN","TID_GRAY_WIP_RONIN_SKIN_SHOP","MODEL,TEXTURE,ANIM,VFX","","","gray_samurai_tex.sctx","gray_samurai_tex.sctx","","","","","400","","","","","","","NEVER",""
"WallyJapan","WallyJapan","","FEUDALJAPAN","61","","","","3","3","","","","","","","","","","","","5000","true","","149","","","EPIC","TID_SPROUT_TANUKI_SKIN","TID_SPROUT_TANUKI_SKIN_SHOP","MODEL,TEXTURE,ANIM,VFX","","","sprout_bath_tex.sctx","sprout_bath_tex.sctx","","","","","100","","","","","","","NEVER",""
"InsectManJapan","InsectManJapan","","FEUDALJAPAN","61","","","","3","3","","","","","","","","","","","","5000","true","","149","","","EPIC","TID_ANGELO_TENGU_SKIN","TID_ANGELO_TENGU_SKIN_SHOP","MODEL,TEXTURE,ANIM,VFX","","","angelo_tengu_tex.sctx","angelo_tengu_tex.sctx","","","","","","","","","","","","NEVER",""
"BlackHoleJapan","BlackHoleJapan","","FEUDALJAPAN","61","","","","3","3","","","","","","","","","","","","5000","true","","149","","","EPIC","TID_TARA_WIP_CHUKEI_SKIN","TID_TARA_WIP_CHUKEI_SKIN_SHOP","MODEL,TEXTURE,ANIM,VFX","","","tara_chukei_tex.sctx","tara_chukei_tex.sctx","","","","200","-100","","","","","","","NEVER",""
"SniperJapan","SniperJapan","","BRAWLPASS","61","","","","3","3","","","","","","","","","","","","5000","true","","149","","","EPIC","TID_PIPER_WIP_GEISHA_SKIN_SHOP","TID_PIPER_WIP_GEISHA_SKIN_SHOP","MODEL,TEXTURE,ANIM,VFX","","","","","","","","","","","","","","","","AVAILABLE",""
"","","","FEUDALJAPAN","","","","","","","","","","","","","","","","","","","true","","","","","","","","","","","","","","","","","","","","","","","","",""
"AssaultShotgunKaiju","AssaultShotgunKaiju","","KAIJU","61","","","","","","","","","","","","","","","","","5000","true","","149","","","EPIC","TID_GRIFF_INTERGALACTIC_SKIN","TID_GRIFF_INTERGALACTIC_SKIN_SHOP","MODEL,TEXTURE,ANIM,VFX","","","griff_kaiju_tex.sctx","griff_kaiju_tex.sctx","","","","","-200","","","","","","","AVAILABLE",""
"EnragerKaiju","EnragerKaiju","","BRAWLPASS","61","","","","3","3","","","","","","","","","","","","5000","true","","149","","","EPIC","TID_EDGAR_PACIFIC_SKIN","TID_EDGAR_PACIFIC_SKIN_SHOP","MODEL,TEXTURE,ANIM,VFX","","","edgar_kaiju_tex.sctx","edgar_kaiju_tex.sctx","","","","300","","","","","","","","AVAILABLE",""
"","","","KAIJU","","","","","","","","","","","","","","","","","","","true","","","","","","","","","","","","","","","","","","","","","","","","",""
"CrabKaiju","CrabKaiju","","KAIJU","61","","","","","","","","","","","","","","","","","2750","true","","79","","","SUPER_RARE","TID_CLANCY_KAIJU_SKIN","TID_CLANCY_KAIJU_SKIN_SHOP","MODEL,TEXTURE,ANIM,VFX","","","clancy_kaiju_tex.sctx","clancy_kaiju_tex.sctx","","","","300","-300","","","","","","","AVAILABLE",""
"LeaperKaiju","LeaperKaiju","","KAIJU","61","","","","","","","","","","","","","","","","","5000","true","","149","","","EPIC","TID_MICO_MONSTRO_SKIN","TID_MICO_MONSTRO_SKIN_SHOP","MODEL,TEXTURE,ANIM,VFX","","","mico_kaiju_tex.sctx","mico_kaiju_tex.sctx","","","","","100","","","","","","","AVAILABLE",""
"PercenterKaiju","PercenterKaiju","","KAIJU","61","","","","","","","","","","","MechanicTurretTanuki","","","","","","5000","true","","149","","","EPIC","TID_COLETTE_TOKUSATSU_SKIN","TID_COLETTE_TOKUSATSU_SKIN_SHOP","MODEL,TEXTURE,ANIM,VFX","","","colette_kaiju_tex.sctx","colette_kaiju_tex.sctx","","","","200","","","","","","","","AVAILABLE",""
"ChronomancerKaiju","ChronomancerKaiju","","MECHA","61","","","","","","","","","","","","","","","","","","true","true","299","","","LEGENDARY","TID_FINX_MECHA_SKIN","TID_FINX_MECHA_SKIN_SHOP","MODEL,TEXTURE,ANIM,VFX,VOICE,TAKEDOWN","","","finx_mecha_tex.sctx","finx_mecha_tex.sctx","","","","-100","","","","","","","","AVAILABLE",""
"","","","KAIJU","","","","","","","","","","","","","","","","","","","true","","","","","","","","","","","","","","","","","","","","","","","","",""
"GhostGraffiti","GhostGraffiti","","WF_2024","61","","","","3","3","","","","","","","","","","","","","true","","79","","","SUPER_RARE","TID_SHADE_STREET_SKIN","TID_SHADE_STREET_SKIN_SHOP","MODEL,TEXTURE,ANIM,VFX","","","shade_esports_tex.sctx","shade_esports_tex.sctx","","impostor_outline_shade","","","","","","","","","","NEVER",""
"BeamerSCStore","BeamerSCStore","","CLASHIP","61","","","","3","3","","","","","","","","","","","","2750","true","","79","","","SUPER_RARE","TID_MANDY_WITCH_SKIN","TID_MANDY_WITCH_SKIN_SHOP","MODEL,TEXTURE,ANIM,VFX","","","","","","","","-600","","","","","","","","NEVER",""
"BullGuyRare","BullGuyRare","","RETRO","61","","","","3","3","","","","","","","","","","","","1000","true","","29","","","RARE","TID_BULL_KANSAI_DRAGON_SKIN","TID_BULL_KANSAI_DRAGON_SKIN_SHOP","MODEL,TEXTURE","","","bull_yakuza_tex.sctx","bull_yakuza_tex.sctx","","","","","","","","","","","","NEVER",""
"KnightRare","KnightRare","","SUMMER","61","","","","3","3","","","","","","KnightPetRare","","","","","","1000","true","","29","","","RARE","TID_ASH_SANDCASTLE_SKIN","TID_ASH_SANDCASTLE_SKIN_SHOP","MODEL,TEXTURE","","","ash_sand_castle_tex.sctx","ash_sand_castle_tex.sctx","","","","","","","","","","","","NEVER",""
"TntGuyRare","TntGuyRare","","ONCEUPON","61","","","","3","3","","","","","","","","","","","","1000","true","","29","","","RARE","TID_DYNAMIKE_FIRECRACKER_WIZARD_SKIN","TID_DYNAMIKE_FIRECRACKER_WIZARD_SKIN_SHOP","MODEL,TEXTURE","","","dynamike_firecracker_wizard_tex.sctx","dynamike_firecracker_wizard_tex.sctx","","","","","","","","","","","","NEVER",""
"CrossBomberRare","CrossBomberRare","","ONCEUPON","61","","","","3","3","","","","","","","","","","","","1000","true","","29","","","RARE","TID_GROM_GROMMING_HOOD_SKIN","TID_GROM_GROMMING_HOOD_SKIN_SHOP","MODEL,TEXTURE","","","grom_hood_tex.sctx","grom_hood_tex.sctx","","","","","","","","","","","","NEVER",""
"RosaRare","RosaRare","","MISC","61","","","","3","3","","","","","","","","","","","","1000","true","","29","","","RARE","TID_ROSA_SUNFLOWER_SKIN","TID_ROSA_SUNFLOWER_SKIN_SHOP","MODEL,TEXTURE","","","","","","","","","","","","","","","","NEVER",""
"MechaDudeRare","MechaDudeRare","","MEAL","61","","","","3","3","","","","","","MechaDudeBigRare","MechaDudeReloadTowerDefault","","","","","1000","true","","29","","","RARE","TID_MEG_WHISKED_SKIN","TID_MEG_WHISKED_SKIN_SHOP","MODEL,TEXTURE","","","meg_bakery_tex.sctx","meg_bakery_tex.sctx","","","","","","","","","","","","NEVER",""
"IceDudeRare","IceDudeRare","","OUTLAWS","61","","","","3","3","","","","","","","","","","","","1000","true","","29","","","RARE","TID_LOU_BANDITO_SKIN","TID_LOU_BANDITO_SKIN_SHOP","MODEL,TEXTURE","","","lou_bandit_tex.sctx","lou_bandit_tex.sctx","","","","","","","","","","","","NEVER",""
"PowerLevelerRare","PowerLevelerRare","","HUB","61","","","","3","3","","","","","","","","","","","","1000","true","","29","","","RARE","TID_SURGE_SECRET_SURGEVICE_SKIN","TID_SURGE_SECRET_SURGEVICE_SKIN_SHOP","MODEL,TEXTURE","","","surge_agent_tex.sctx","surge_agent_tex.sctx","","","","","","","","","","","","NEVER",""
"EnragerKaijuChroma1","EnragerKaijuChroma1","","BRAWLPASS","61","","","","3","3","","","","","","","","","","","","5000","true","","149","","","EPIC","TID_EDGAR_DRIFTER_SKIN","TID_EDGAR_DRIFTER_SKIN_SHOP","MODEL,TEXTURE,ANIM,VFX","","","edgar_kaiju_chroma_blue_tex.sctx","edgar_kaiju_chroma_blue_tex.sctx","","","","300","","","","","","","","AVAILABLE",""
"","","","KAIJU","","","","","","","","","","","","","","","","","","","true","","","","","","","","","","","","","","","","","","","","","","","","",""
"EnragerKaijuChroma2","EnragerKaijuChroma2","","BRAWLPASS","61","","","","3","3","","","","","","","","","","","","5000","true","","149","","","EPIC","TID_EDGAR_NEURAL_LINK_SKIN","TID_EDGAR_NEURAL_LINK_SKIN_SHOP","MODEL,TEXTURE,ANIM,VFX","","","edgar_kaiju_chroma_yellow_tex.sctx","edgar_kaiju_chroma_yellow_tex.sctx","","","","300","","","","","","","","AVAILABLE",""
"","","","KAIJU","","","","","","","","","","","","","","","","","","","true","","","","","","","","","","","","","","","","","","","","","","","","",""
"ChronomancerKaijuChromaWhite","ChronomancerKaijuChromaWhite","","MECHA","61","","","","3","3","","","","","","","","","","","","","","","49","","","LEGENDARY","TID_FINX_CRIMSON_TY_SKIN","TID_FINX_CRIMSON_TY_SKIN_SHOP","MODEL,TEXTURE,ANIM,VFX,VOICE,TAKEDOWN","","","finx_mecha_chroma_red_tex.sctx","finx_mecha_chroma_red_tex.sctx","","","","-100","","","","ChronomancerKaiju","","","","",""
"","","","KAIJU","","","","","","","","","","","","","","","","","","","true","","","","","","","","","","","","","","","","","","","","","","","","",""
"ChronomancerKaijuChromaGreen","ChronomancerKaijuChromaGreen","","MECHA","61","","","","3","3","","","","","","","","","","","","","","","49","","","LEGENDARY","TID_FINX_MECHA_CHIEF_SKIN","TID_FINX_MECHA_CHIEF_SKIN_SHOP","MODEL,TEXTURE,ANIM,VFX,VOICE,TAKEDOWN","","","finx_mecha_chroma_green_tex.sctx","finx_mecha_chroma_green_tex.sctx","","","","-100","","","","ChronomancerKaiju","","","","",""
"","","","KAIJU","","","","","","","","","","","","","","","","","","","true","","","","","","","","","","","","","","","","","","","","","","","","",""
"SniperJapanChromaBlue","SniperJapanChromaBlue","","BRAWLPASS","61","","","","3","3","","","","","","","","","","","","5000","true","","149","","","EPIC","TID_PIPER_WIP_GEISHA_ALT_COLOR_#1_SKIN","TID_PIPER_WIP_GEISHA_ALT_COLOR_#1_SKIN_SHOP","MODEL,TEXTURE,ANIM,VFX","","","","","","","","","","","","","","","","AVAILABLE",""
"","","","FEUDALJAPAN","","","","","","","","","","","","","","","","","","","true","","","","","","","","","","","","","","","","","","","","","","","","",""
"SniperJapanChromaGreen","SniperJapanChromaGreen","","BRAWLPASS","61","","","","3","3","","","","","","","","","","","","5000","true","","149","","","EPIC","TID_PIPER_WIP_GEISHA_ALT_COLOR_#2_SKIN","TID_PIPER_WIP_GEISHA_ALT_COLOR_#2_SKIN_SHOP","MODEL,TEXTURE,ANIM,VFX","","","","","","","","","","","","","","","","AVAILABLE",""
"","","","FEUDALJAPAN","","","","","","","","","","","","","","","","","","","true","","","","","","","","","","","","","","","","","","","","","","","","",""
"MturretDefault","MturretDefault","","","61","","","","","","","","","","","","","","","","","","true","","","","","","","","","","","item_moba_turret_tex.sctx","item_moba_turret_tex.sctx","","","","","","","","","","","true","",""
"SamuraiJapan","SamuraiJapan","","FEUDALJAPAN","61","","","","3","3","","","SamuraiJapan","1","true","","","","","","","","true","","299","","","LEGENDARY","TID_KENJI_CURSED_SKIN","TID_KENJI_CURSED_SKIN_SHOP","MODEL,TEXTURE,ANIM,VFX,TAKEDOWN","","","kenji_cursed_samurai_tex.sctx","kenji_cursed_samurai_tex.sctx","","impostor_outline_thin_extra","","","","","","","","","","NEVER",""
"SamuraiJapanOvercharge","SamuraiJapanOvercharge","","FEUDALJAPAN","61","","","","3","3","","","SamuraiJapan","2","true","","","","","","","","true","true","499","","","HYPERCHARGE","TID_KENJI_ONI_SKIN_RANKED","TID_KENJI_ONI_SKIN_RANKED_SHOP","MODEL,TEXTURE,ANIM,VFX,VOICE,TAKEDOWN","","","","","","impostor_outline_thin_extra","","","-300","","","SamuraiJapan","","","","NEVER",""
"MechaDudeBigRare","MechaDudeBigRare","","","61","","","","","","","","","","","","","","","","","","true","","","","","","","","","","","meg_mecha_bakery_tex.sctx","meg_mecha_bakery_tex.sctx","","","","","","","","","","","","",""
"MechaDudeBigRareAddon","MechaDudeBigRareAddon","","","61","","","","","","","","","","","","","","","","","","true","","","","","","","","","","","meg_bakery_tex.sctx","meg_bakery_tex.sctx","","","","","","","","","","","","",""
"KnightPetRare","KnightPetRare","","","61","","","","","","","","","","","","","","","","","","true","","","","","","","","","","","ash_sand_castle_tex.sctx","ash_sand_castle_tex.sctx","","","","","","","","","","","","",""
"ArenaBaseDefault","ArenaBaseDefault","","","61","","","","","","","","","","","","","","","","","","true","","","","","","","","","","","item_moba_turret_tex.sctx","item_moba_turret_tex.sctx","","","","","","","","","","","true","",""
"MturretEnemy","MturretDefault","","","61","","","","","","","","","","","","","","","","","","true","","","","","","","","","","","item_moba_turret_enemy_tex.sctx","item_moba_turret_enemy_tex.sctx","","","","","","","","","","","true","",""
"ArenaBaseEnemy","ArenaBaseDefault","","","61","","","","","","","","","","","","","","","","","","true","","","","","","","","","","","item_moba_turret_enemy_tex.sctx","item_moba_turret_enemy_tex.sctx","","","","","","","","","","","true","",""
"MturretDestroyed","MturretDestroyed","","","61","","","","","","","","","","","","","","","","","","true","","","","","","","","","","","item_moba_turret_tex.sctx","item_moba_turret_tex.sctx","","","","","","","","","","","true","",""
"MturretDestroyedEnemy","MturretDestroyed","","","61","","","","","","","","","","","","","","","","","","true","","","","","","","","","","","item_moba_turret_enemy_tex.sctx","item_moba_turret_enemy_tex.sctx","","","","","","","","","","","true","",""
"KnightJapan","KnightJapan","","MASKS","61","","","","3","3","","","","","","KnightPetNinja","","","","","","5000","true","","149","","","EPIC","TID_ASH_SHINOBI_SKIN","TID_ASH_SHINOBI_SKIN_SHOP","MODEL,TEXTURE,ANIM,VFX","","","ash_ninja_chroma_dark_tex.sctx","ash_ninja_chroma_dark_tex.sctx","","","","","","","","","","","","NEVER",""
"Alternator29gem","Alternator29gem","","MUSIC","61","","","","3","3","","","","","","","","","","","","1000","true","","29","","","RARE","TID_JAE_JAMMIN_SKIN","TID_JAE_JAMMIN_SKIN_SHOP","MODEL,TEXTURE","","","jae_29_gem_tex.sctx","jae_29_gem_tex.sctx","","","","","","","","","","","","NEVER",""
"RangedBotSamurai","RangedBotSamurai","","","61","","","","","","","","","","","","","","","","","","true","","","","","","","","","","","bot_samurai_1_tex.sctx","bot_samurai_1_tex.sctx","","","","","","","","","","","","",""
"MeleeBotSamurai","MeleeBotSamurai","","","61","","","","","","","","","","","","","","","","","","true","","","","","","","","","","","bot_samurai_2_tex.sctx","bot_samurai_2_tex.sctx","","","","","","","","","","","","",""
"BossBotSamurai","BossBotSamurai","","","61","","","","","","","","","","","","","","","","","","true","","","","","","","","","","","bot_samurai_boss_tex.sctx","bot_samurai_boss_tex.sctx","","","","","","","","","","","","",""
"MorningstarGold","MorningstarGold","","GOLD","61","","","","","","","","","","","","","","","","","","","","","","25000","COLLECTORS","TID_TRUE_GOLD_LUMI_SKIN","TID_TRUE_GOLD_LUMI_SKIN_SHOP","MODEL,TEXTURE","","gold_true_materials.glb","lumi_pure_gold_face_tex.sctx","lumi_pure_gold_face_tex.sctx","","","","","","true","","","","","","",""
"MorningstarSilver","MorningstarSilver","","SILVER","61","","","","","","","","","","","","","","","","","","","","","","10000","COLLECTORS","TID_TRUE_SILVER_LUMI_SKIN","TID_TRUE_SILVER_LUMI_SKIN_SHOP","MODEL,TEXTURE","","silver_true_materials.glb","lumi_pure_silver_face_tex.sctx","lumi_pure_silver_face_tex.sctx","","","","","","true","","","","","","",""
"ChronomancerGold","ChronomancerGold","","GOLD","61","","","","","","","","","","","","","","","","","","","","","","25000","COLLECTORS","TID_TRUE_GOLD_FINX_SKIN","TID_TRUE_GOLD_FINX_SKIN_SHOP","MODEL,TEXTURE","","gold_true_materials.glb","finn_pure_gold_face_tex.sctx","finn_pure_gold_face_tex.sctx","","","","","","true","","","","","","",""
"ChronomancerSilver","ChronomancerSilver","","SILVER","61","","","","","","","","","","","","","","","","","","","","","","10000","COLLECTORS","TID_TRUE_SILVER_FINX_SKIN","TID_TRUE_SILVER_FINX_SKIN_SHOP","MODEL,TEXTURE","","silver_true_materials.glb","finn_pure_silver_face_tex.sctx","finn_pure_silver_face_tex.sctx","","","","","","true","","","","","","",""
"MegaKenji","MegaKenji","","","61","","","","3","3","","","","","","","","","","","","","true","","","","","","","","","","","kenji_cursed_samurai_hc_face_tex.sctx","kenji_cursed_samurai_hc_face_tex.sctx","","impostor_outline_none","","","","","","","","","","",""
"GeishaRare","GeishaRare","","MEAL","61","","","","3","3","","","","","","GeishaTransformedRare","","","","","","1000","true","","29","","","RARE","TID_KAZE_FRUITY_SKIN","TID_KAZE_FRUITY_SKIN_SHOP","MODEL,TEXTURE","","","kaze_geisha_29_gem_tex.sctx","kaze_geisha_29_gem_tex.sctx","","","","","","","","","","","","NEVER",""
"GeishaTransformedRare","GeishaTransformedRare","","","61","","","","","","","","","","","","","","","","","","true","","","","","","","","","","","kaze_ninja_29_gem_tex.sctx","kaze_ninja_29_gem_tex.sctx","","","","200","200","","","","","","","",""
"MeleeFastBotSamurai","MeleeFastBotDefault","","","61","","","","","","","","","","","","","","","","","","true","","","","","","","","","","","bot_samurai_fast_melee_tex.sctx","bot_samurai_fast_melee_tex.sctx","","","","","","","","","","","","",""
"AssaultShotgun29gem","AssaultShotgun29gem","","SUMMER","62","","","","","","","","","","","","","","","","","1000","true","","29","","","RARE","TID_CASINO_GRIFF_SKIN","TID_CASINO_GRIFF_SKIN_SHOP","MODEL,TEXTURE","","","griff_casino_tex.sctx","griff_casino_tex.sctx","","","","","","","","","","","","NEVER",""
"UndertakerGreekGod","UndertakerGreekGod","","BRAWLPASS","62","","","1","3","3","","","","","","","","","","","","5000","true","","149","","","EPIC","TID_HADES_MORTIS_SKIN","TID_HADES_MORTIS_SKIN_SHOP","MODEL,TEXTURE,ANIM,VFX","","","mortis_hades_tex.sctx","mortis_hades_tex.sctx","","","","300","","","","","","","","AVAILABLE",""
"","","","DARKGREEK","","","","","","","","","","","","","","","","","","","true","","","","","","","","","","","","","","","","","","","","","","","","",""
"CannonGirlSmallGreekGod","CannonGirlSmallGreekGod","","","62","","","","","","","","","","","","","","","","","","true","","","","","","","","","","","","","","","","","","","","","","","","",""
"CannonGirlGreekGod","CannonGirlGreekGod","","OLYMPUS","62","","","","","","","","","","","CannonGirlSmallGreekGod","","","","","","2750","true","","79","","","SUPER_RARE","TID_CHARIOTEER_BONNIE_SKIN","TID_CHARIOTEER_BONNIE_SKIN_SHOP","MODEL,TEXTURE,ANIM,VFX","","","","","","","","1000","-500","","","","","","","AVAILABLE",""
"MorningstarGreekGod","MorningstarGreekGod","","DARKGREEK","62","","","","","","","","","","","","","","","","","2750","true","","79","","","SUPER_RARE","TID_EREBUS_LUMI_SKIN","TID_EREBUS_LUMI_SKIN_SHOP","MODEL,TEXTURE,ANIM,VFX","","","","","","","","-250","","","","","","","","AVAILABLE",""
"","","","OLYMPUS","","","","","","","","","","","","","","","","","","","true","","","","","","","","","","","","","","","","","","","","","","","","",""
"PainterGreekGod","PainterGreekGod","","DARKGREEK","62","","","","","","","","","","","","","","","","","5000","true","","149","","","EPIC","TID_PEGASUS_BERRY_SKIN","TID_PEGASUS_BERRY_SKIN_SHOP","MODEL,TEXTURE,ANIM,VFX","","","berry_fallen_icarus_tex.sctx","berry_fallen_icarus_tex.sctx","","","","","","","","","","","","AVAILABLE",""
"BarrelBotGreekGod","BarrelBotGreekGod","","OLYMPUS","62","","","","","","","","","","","","","","","","","5000","true","","149","","","EPIC","TID_POLYPHEMUS_DARRYL_SKIN","TID_POLYPHEMUS_DARRYL_SKIN_SHOP","MODEL,TEXTURE,ANIM,VFX","","","darryl_polyphemus_tex.sctx","darryl_polyphemus_tex.sctx","","","","100","150","","","","","","","AVAILABLE",""
"SandstormGreekGod","SandstormGreekGod","","DARKGREEK","62","","","","","","","","","","","","","","","","","","true","true","299","","","LEGENDARY","TID_HYPNOS_SANDY_SKIN","TID_HYPNOS_SANDY_SKIN_SHOP","MODEL,TEXTURE,ANIM,VFX,TAKEDOWN","","","","","","","","100","50","","","","","","","AVAILABLE",""
"BowDudeFantasy","BowDudeFantasy","","BRAWLPASS","62","","","","3","3","","","","","","","","","","","","5000","true","","149","","","EPIC","TID_FANTASY_BO_SKIN","TID_FANTASY_BO_SKIN_SHOP","MODEL,TEXTURE,ANIM,VFX","","","bo_fantasy_tex.sctx","bo_fantasy_tex.sctx","","","","-200","","","","","","","","AVAILABLE",""
"","","","FANTASY","","","","","","","","","","","","","","","","","","","true","","","","","","","","","","","","","","","","","","","","","","","","",""
"FireDudeFantasy","FireDudeFantasy","","FANTASY","62","","","","","","","","","","","","","","","","","5000","true","","149","","","EPIC","TID_FANTASY_AMBER_SKIN","TID_FANTASY_AMBER_SKIN_SHOP","MODEL,TEXTURE,ANIM,VFX","","","amber_fantasy_tex.sctx","amber_fantasy_tex.sctx","","","","100","","true","","","","","","AVAILABLE",""
"ReviverFantasy","ReviverFantasy","","FANTASY","62","","","","","","","","","","","","","","","","","5000","true","","149","","","EPIC","TID_FANTASY_DOUG_SKIN","TID_FANTASY_DOUG_SKIN_SHOP","MODEL,TEXTURE,ANIM,VFX","","","doug_fantasy_tex.sctx","doug_fantasy_tex.sctx","","","","","","","","","","","","AVAILABLE",""
"DrillerFantasy","DrillerFantasy","","FANTASY","62","","","","","","","","","","","","","","","","","","true","true","199","","","MYTHIC","TID_FANTASY_JACKY_SKIN","TID_FANTASY_JACKY_SKIN_SHOP","MODEL,TEXTURE,ANIM,VFX","","","jacky_knight_tex.sctx","jacky_knight_tex.sctx","","","","100","","","","","","","","AVAILABLE",""
"AmbusherFantasy","AmbusherFantasy","","FANTASY","62","","","","","","","","","","","","","","","","","","true","true","199","","","MYTHIC","TID_FANTASY_LILY_SKIN","TID_FANTASY_LILY_SKIN_SHOP","MODEL,TEXTURE,ANIM,VFX","","","lily_fantasy_tex.sctx","lily_fantasy_tex.sctx","","","","-50","-400","","","","","","","AVAILABLE",""
"ElectroSniperFantasy","ElectroSniperFantasy","","SC_MAKE","62","","","","","","","","","","","HealingStationSummer","","","","","","","true","true","199","","","MYTHIC","TID_FANTASY_BELLE_SKIN","TID_FANTASY_BELLE_SKIN_SHOP","MODEL,TEXTURE,ANIM,VFX","KALATOR","","belle_ancestral_tex.sctx","belle_ancestral_tex.sctx","","","","","","","","","","","","AVAILABLE",""
"","","","FANTASY","","","","","","","","","","","","","","","","","","","true","","","","","","","","","","","","","","","","","","","","","","","","",""
"ShieldTankAngel","ShieldTankAngel","","ANGELDEMONS","62","","","","","","","","","","","","","","","","","5000","true","","149","","","EPIC","TID_ANGEL_BUSTER_SKIN","TID_ANGEL_BUSTER_SKIN_SHOP","MODEL,TEXTURE,ANIM,VFX","","","","","","","","-200","-700","","","","","","","NEVER",""
"ArcadeAngel","ArcadeAngel","","ANGELDEMONS","62","","","","","","","","","","","DamageBoosterAngel","","","","","","5000","true","","149","","","EPIC","TID_ANGEL_8BIT_SKIN","TID_ANGEL_8BIT_SKIN_SHOP","MODEL,TEXTURE,ANIM,VFX","","","","","","","","-100","-200","","","","","","","NEVER",""
"MechaDudeAngel","MechaDudeAngel","","ANGELDEMONS","62","","","","","","","","","","","MechaDudeBigAngel","MechaDudeReloadTowerDefault","","","","","5000","true","","149","","","EPIC","TID_ANGEL_MEG_SKIN","TID_ANGEL_MEG_SKIN_SHOP","MODEL,TEXTURE,ANIM,VFX","","","","","","","","-800","-1300","","","","","","","NEVER",""
"MechaDudeBigAngel","MechaDudeBigAngel","","ANGELDEMONS","62","","","","3","3","","","","","","","","","","","","","true","","","","","","","","","","","meg_mecha_angel_tex.sctx","meg_mecha_angel_tex.sctx","","","","","","","","","","","","",""
"KickerDudeDemon","KickerDudeDemon","","ANGELDEMONS","62","","","","3","3","","","","","","","","","","","","5000","true","","149","","","EPIC","TID_DEMON_FANG_SKIN","TID_DEMON_FANG_SKIN_SHOP","MODEL,TEXTURE,ANIM,VFX","","","fang_demon_tex.sctx","fang_demon_tex.sctx","","","","-100","-200","","","","","","","NEVER",""
"BullDudeDemon","BullDudeDemon","","ANGELDEMONS","62","","","","","","","","","","","","","","","","","","true","true","199","","","MYTHIC","TID_DEMON_BULL_SKIN","TID_DEMON_BULL_SKIN_SHOP","MODEL,TEXTURE,ANIM,VFX","","","bull_demon_tex.sctx","bull_demon_tex.sctx","","","","","","","","","","","","NEVER",""
"SoulCollectorDemon","SoulCollectorDemon","","ANGELDEMONS","62","","","","","","","","","","","","","","","","","5000","true","","149","","","EPIC","TID_DEMON_GUS_SKIN","TID_DEMON_GUS_SKIN_SHOP","MODEL,TEXTURE,ANIM,VFX","","","gus_demon_tex.sctx","gus_demon_tex.sctx","","","","250","250","","","","","","","NEVER",""
"ShieldTankRare","ShieldTankRare","","CITY","62","","","","3","3","","","","","","","","","","","","1000","true","","29","","","RARE","TID_BIKER_BUSTER_SKIN","TID_BIKER_BUSTER_SKIN_SHOP","MODEL,TEXTURE","","","buster_biker_tex.sctx","buster_biker_tex.sctx","","","","","","","","","","","","NEVER",""
"ClusterBombDudeRare","ClusterBombDudeRare","","MEAL","62","","","","3","3","","","","","","ClusterBombPetRare","","","","","","1000","true","","29","","","RARE","TID_EGG_XPLOSIVE_TICK_SKIN","TID_EGG_XPLOSIVE_TICK_SKIN_SHOP","MODEL,TEXTURE","","","tick_egg_xplosive_tex.sctx","tick_egg_xplosive_tex.sctx","","","","","","","","","","","","NEVER",""
"DeadMariachiRare","DeadMariachiRare","","BRAWLOWEEN","62","","","","3","3","","","","","","","","","","","","1000","true","","29","","","RARE","TID_POCO_GHOST_SKIN","TID_POCO_GHOST_SKIN_SHOP","MODEL,TEXTURE","","","poco_ghost_tex.sctx","poco_ghost_tex.sctx","","","","","","","","","","","","NEVER",""
"BowDudeFantasyChroma1","BowDudeFantasyChroma1","","BRAWLPASS","62","","","","3","3","","","","","","","","","","","","5000","true","","149","","","EPIC","TID_FANTASY_BO_CHROMA1_SKIN","TID_FANTASY_BO_CHROMA1_SKIN_SHOP","MODEL,TEXTURE,ANIM,VFX","","","bo_fantasy_chroma_green_tex.sctx","bo_fantasy_chroma_green_tex.sctx","","","","-200","","","","","","","","AVAILABLE",""
"","","","FANTASY","","","","","","","","","","","","","","","","","","","true","","","","","","","","","","","","","","","","","","","","","","","","",""
"BowDudeFantasyChroma2","BowDudeFantasyChroma2","","BRAWLPASS","62","","","","3","3","","","","","","","","","","","","5000","true","","149","","","EPIC","TID_FANTASY_BO_CHROMA2_SKIN","TID_FANTASY_BO_CHROMA2_SKIN_SHOP","MODEL,TEXTURE,ANIM,VFX","","","bo_fantasy_chroma_red_tex.sctx","bo_fantasy_chroma_red_tex.sctx","","","","-200","","","","","","","","AVAILABLE",""
"","","","FANTASY","","","","","","","","","","","","","","","","","","","true","","","","","","","","","","","","","","","","","","","","","","","","",""
"UndertakerGreekGodChroma1","UndertakerGreekGodChroma1","","BRAWLPASS","62","","","1","3","3","","","","","","","","","","","","5000","true","","149","","","EPIC","TID_HADES_MORTIS_CHROMA1_SKIN","TID_HADES_MORTIS_CHROMA1_SKIN_SHOP","MODEL,TEXTURE,ANIM,VFX","","mortis_hades_yellow_mat.glb","mortis_hades_chroma_yellow_tex.sctx","mortis_hades_chroma_yellow_tex.sctx","","","","300","","","","","","","","AVAILABLE",""
"","","","DARKGREEK","","","","","","","","","","","","","","","","","","","true","","","","","","","","","","","","","","","","","","","","","","","","",""
"UndertakerGreekGodChroma2","UndertakerGreekGodChroma2","","BRAWLPASS","62","","","1","3","3","","","","","","","","","","","","5000","true","","149","","","EPIC","TID_HADES_MORTIS_CHROMA2_SKIN","TID_HADES_MORTIS_CHROMA2_SKIN_SHOP","MODEL,TEXTURE,ANIM,VFX","","mortis_hades_navy_mat.glb","mortis_hades_chroma_blue_tex.sctx","mortis_hades_chroma_blue_tex.sctx","","","","300","","","","","","","","AVAILABLE",""
"","","","DARKGREEK","","","","","","","","","","","","","","","","","","","true","","","","","","","","","","","","","","","","","","","","","","","","",""
"AttacherRareChroma1","AttacherRareChroma1","","MISC","62","","","","3","3","","","","","","","","","","","","1000","true","","29","","","RARE","TID_KIT_CHROMA1_SKIN","TID_KIT_CHROMA1_SKIN_SHOP","MODEL,TEXTURE","","","kit_chroma_1_tex.sctx","kit_chroma_1_tex.sctx","","","","","","","","","","","","NEVER",""
"AttacherRareChroma2","AttacherRareChroma2","","MISC","62","","","","3","3","","","","","","","","","","","","1000","true","","29","","","RARE","TID_KIT_CHROMA2_SKIN","TID_KIT_CHROMA2_SKIN_SHOP","MODEL,TEXTURE","","","kit_chroma_2_tex.sctx","kit_chroma_2_tex.sctx","","","","","","","","","","","","NEVER",""
"AttacherRareChroma3","AttacherRareChroma3","","MISC","62","","","","3","3","","","","","","","","","","","","1000","true","","29","","","RARE","TID_KIT_CHROMA3_SKIN","TID_KIT_CHROMA3_SKIN_SHOP","MODEL,TEXTURE","","","kit_chroma_3_tex.sctx","kit_chroma_3_tex.sctx","","","","","","","","","","","","NEVER",""
"AttacherRareChroma4","AttacherRareChroma4","","MISC","62","","","","3","3","","","","","","","","","","","","1000","true","","29","","","RARE","TID_KIT_CHROMA4_SKIN","TID_KIT_CHROMA4_SKIN_SHOP","MODEL,TEXTURE","","","kit_chroma_4_tex.sctx","kit_chroma_4_tex.sctx","","","","","","","","","","","","NEVER",""
"AttacherRareChroma5","AttacherRareChroma5","","MISC","62","","","","3","3","","","","","","","","","","","","1000","true","","29","","","RARE","TID_KIT_CHROMA5_SKIN","TID_KIT_CHROMA5_SKIN_SHOP","MODEL,TEXTURE","","","kit_chroma_5_tex.sctx","kit_chroma_5_tex.sctx","","","","","","","","","","","","NEVER",""
"AttacherRareChroma6","AttacherRareChroma6","","MISC","62","","","","3","3","","","","","","","","","","","","1000","true","","29","","","RARE","TID_KIT_CHROMA6_SKIN","TID_KIT_CHROMA6_SKIN_SHOP","MODEL,TEXTURE","","","kit_chroma_6_tex.sctx","kit_chroma_6_tex.sctx","","","","","","","","","","","","NEVER",""
"MechanicSCStore","MechanicSCStore","","CLASHIP","62","","","","3","3","","","","","","TurretSCStore","","","","","","5000","true","","149","","","EPIC","TID_MUSKETEER_JESSIE_SKIN","TID_MUSKETEER_JESSIE_SKIN_SHOP","MODEL,TEXTURE,ANIM,VFX","","","jessie_musketeer_tex.sctx","jessie_musketeer_tex.sctx","","","","500","-150","","","","","","","NEVER",""
"StalkerDefault","StalkerDefault","","","62","","","","","","","","","","","","","","","","","","true","","","","","","","","","","","alli_tex.sctx","alli_tex.sctx","","","","","","","","","","","","",""
"ClusterBombPetRare","ClusterBombPetRare","","","62","","","","","","","","","","","","","","","","","","true","","","","","","","","","","","tick_egg_xplosive_tex.sctx","tick_egg_xplosive_tex.sctx","","","","","","","","","","","","",""
"TurretSCStore","TurretSCStore","","","62","","","","","","","","","","","","","","","","","","true","","","","","","","","","","","jessie_musketeer_turret_tex.sctx","jessie_musketeer_turret_tex.sctx","","","","","","","","","","","","",""
"DomainDefault","DomainDefault","","","62","","","","","","","","","","","","","","","","","","true","","","","","","","","","","","trunk_tex.sctx","trunk_tex.sctx","","","","","","","","","","","","",""
"DodgeBallDefault","DodgeBallDefault","","CITY","62","","","","","","","","","","","","","","","","","","true","","","","","","","","","","","","","","","","","","","","","","","","",""
"SamuraiJapanOverchargeChroma1","SamuraiJapanOverchargeChroma1","","BRAWLOWEEN","63","","","","3","3","","","","","","","","","","","","","true","true","499","","","HYPERCHARGE","TID_KENJI_ONI_SKIN_GHOST_RANKED","TID_KENJI_ONI_SKIN_GHOST_RANKED_SHOP","MODEL,TEXTURE,ANIM,VFX,VOICE,TAKEDOWN","","","","","","impostor_outline_ghost","","","-300","","","","","","","NEVER",""
"SamuraiJapanOverchargeChroma2","SamuraiJapanOverchargeChroma2","","FEUDALJAPAN","64","","","","3","3","","","","","","","","","","","","","true","true","499","","","HYPERCHARGE","TID_KENJI_ONI_SKIN_MANGA_RANKED","TID_KENJI_ONI_SKIN_MANGA_RANKED_SHOP","MODEL,TEXTURE,ANIM,VFX,VOICE,TAKEDOWN","","","","","","impostor_outline_thin_extra","","","-300","","","","","","","NEVER",""
"DomainRare","DomainRare","","SUMMER","62","","","","3","3","","","","","","","","","","","","1000","true","","29","","","RARE","TID_SUMMER_TRUNK_SKIN","TID_SUMMER_TRUNK_SKIN_SHOP","MODEL,TEXTURE","","","trunk_29gem_tex.sctx","trunk_29gem_tex.sctx","","","","","","","","","","","","NEVER",""
"MechaDudeBigAngelAddon","MechaDudeBigAngelAddon","","","62","","","","","","","","","","","","","","","","","","true","","","","","","","","","","","","","","","","","","","","","","","","",""
"TntGuyProgressionSkinLevel1","TntGuyProgressionSkinLevel1","","PROPASS","62","","","","9","9","","","TntGuyProgressionSkinLevel1","1","","","","","","","","","true","","","","","RANKED_PASS","TID_DYNAMIKE_RANKED_PROGRESSION_SKIN_1","TID_DYNAMIKE_RANKED_PROGRESSION_SKIN_1_SHOP","MODEL,TEXTURE","","","ranked_dynamike_29gem_tex.sctx","ranked_dynamike_29gem_tex.sctx","","","","","","","","","","","","",""
"StalkerRare","StalkerRare","","CAVE","62","","","","3","3","","","","","","","","","","","","1000","true","","29","","","RARE","TID_HUNTER_GATHER_ALLI_SKIN","TID_HUNTER_GATHER_ALLI_SKIN","MODEL,TEXTURE","","","alli_29gem_tex.sctx","alli_29gem_tex.sctx","","","","","","","","","","","","NEVER",""
"DamageBoosterAngel","DamageBoosterAngel","","","62","","","","","","","","","","","","","","","","","","true","","","","","","","","","","","8bit_angel_tex.sctx","8bit_angel_tex.sctx","","","","","","","","","","","","",""
"GeishaGold","GeishaGold","","GOLD","62","","","","","","","","","","","GeishaTransformedGold","","","","","","","","","","","25000","","TID_TRUE_GOLD_KAZE_SKIN","TID_TRUE_GOLD_KAZE_SKIN_SHOP","MODEL,TEXTURE","","gold_true_materials.glb","kaze_geisha_gold_face_tex.sctx","kaze_geisha_gold_face_tex.sctx","","","","","","true","","","","","","",""
"GeishaSilver","GeishaSilver","","SILVER","62","","","","","","","","","","","GeishaTransformedSilver","","","","","","","","","","","10000","","TID_TRUE_SILVER_KAZE_SKIN","TID_TRUE_SILVER_KAZE_SKIN_SHOP","MODEL,TEXTURE","","silver_true_materials.glb","kaze_geisha_silver_face_tex.sctx","kaze_geisha_silver_face_tex.sctx","","","","","","true","","","","","","",""
"GeishaTransformedGold","GeishaTransformedGold","","","62","","","","","","","","","","","","","","","","","","true","","","","","","","","","","gold_true_materials.glb","kaze_ninja_gold_face_tex.sctx","kaze_ninja_gold_face_tex.sctx","","","","200","200","true","","","","","","",""
"GeishaTransformedSilver","GeishaTransformedSilver","","","62","","","","","","","","","","","","","","","","","","true","","","","","","","","","","silver_true_materials.glb","kaze_ninja_silver_face_tex.sctx","kaze_ninja_silver_face_tex.sctx","","","","200","200","true","","","","","","",""
"AlternatorGold","AlternatorGold","","GOLD","62","","","","","","","","","","","","","","","","","","","","","","25000","","TID_TRUE_GOLD_JAE_YONG_SKIN","TID_TRUE_GOLD_JAE_YONG_SKIN_SHOP","MODEL,TEXTURE","","gold_true_materials.glb","jae_gold_tex.sctx","jae_gold_tex.sctx","","","","","","true","","","","","","",""
"AlternatorSilver","AlternatorSilver","","SILVER","62","","","","","","","","","","","","","","","","","","","","","","10000","","TID_TRUE_SILVER_JAE_YONG_SKIN","TID_TRUE_SILVER_JAE_YONG_SKIN_SHOP","MODEL,TEXTURE","","silver_true_materials.glb","jae_silver_tex.sctx","jae_silver_tex.sctx","","","","","","true","","","","","","",""
"TntGuyProgressionSkinLevel2","TntGuyProgressionSkinLevel2","","PROPASS","62","","","","9","9","","","TntGuyProgressionSkinLevel1","2","","","","","","","","","true","","","","","RANKED_PASS","TID_DYNAMIKE_RANKED_PROGRESSION_SKIN_2","TID_DYNAMIKE_RANKED_PROGRESSION_SKIN_2_SHOP","MODEL,TEXTURE","","","ranked_dynamike_29gem_tex.sctx","ranked_dynamike_29gem_tex.sctx","","","","","","","true","","","","","",""
"TntGuyProgressionSkinLevel3","TntGuyProgressionSkinLevel3","","","62","","","","9","9","","","TntGuyProgressionSkinLevel1","3","true","","","","","","","","true","","","","","RANKED_PASS","TID_DYNAMIKE_RANKED_PROGRESSION_SKIN_3","TID_DYNAMIKE_RANKED_PROGRESSION_SKIN_3_SHOP","MODEL,TEXTURE","","","ranked_dynamike_29gem_tex.sctx","ranked_dynamike_29gem_tex.sctx","","","","","","","true","","","","","",""
"TntGuyProgressionSkinLevel4","TntGuyProgressionSkinLevel4","","PROPASS","62","","","","9","9","","","TntGuyProgressionSkinLevel1","4","","","","","","","","","true","","","","","RANKED_PASS","TID_DYNAMIKE_RANKED_PROGRESSION_SKIN_4","TID_DYNAMIKE_RANKED_PROGRESSION_SKIN_4_SHOP","MODEL,TEXTURE,ANIM,VFX","","","dynamike_ranked_base_tex.sctx","dynamike_ranked_base_tex.sctx","","","","","","","","","","","","",""
"TntGuyProgressionSkinLevel5","TntGuyProgressionSkinLevel5","","PROPASS","62","","","","9","9","","","TntGuyProgressionSkinLevel1","5","","","","","","","","","true","","","","","RANKED_PASS","TID_DYNAMIKE_RANKED_PROGRESSION_SKIN_5","TID_DYNAMIKE_RANKED_PROGRESSION_SKIN_5_SHOP","MODEL,TEXTURE,ANIM,VFX","","","dynamike_ranked_base_tex.sctx","dynamike_ranked_base_tex.sctx","","","","","","","true","","","","","",""
"TntGuyProgressionSkinLevel6","TntGuyProgressionSkinLevel6","","","62","","","","9","9","","","TntGuyProgressionSkinLevel1","6","","","","","","","","","true","","","","","RANKED_PASS","TID_DYNAMIKE_RANKED_PROGRESSION_SKIN_6","TID_DYNAMIKE_RANKED_PROGRESSION_SKIN_6_SHOP","MODEL,TEXTURE,ANIM,VFX","","","dynamike_ranked_base_tex.sctx","dynamike_ranked_base_tex.sctx","","","","","","","true","","","","","",""
"TntGuyProgressionSkinLevel7","TntGuyProgressionSkinLevel7","","","62","","","","9","9","","","TntGuyProgressionSkinLevel1","7","","","","","","","","","true","","","","","RANKED_PASS","TID_DYNAMIKE_RANKED_PROGRESSION_SKIN_7","TID_DYNAMIKE_RANKED_PROGRESSION_SKIN_7_SHOP","MODEL,TEXTURE,ANIM,VFX","","","dynamike_ranked_base_tex.sctx","dynamike_ranked_base_tex.sctx","","","","","","","true","","","","","",""
"TntGuyProgressionSkinLevel8","TntGuyProgressionSkinLevel8","","PROPASS","62","","","","9","9","","","TntGuyProgressionSkinLevel1","8","true","","","","","","","","true","","","","","RANKED_PASS","TID_DYNAMIKE_RANKED_PROGRESSION_SKIN_8","TID_DYNAMIKE_RANKED_PROGRESSION_SKIN_8_SHOP","MODEL,TEXTURE,ANIM,VFX","","","dynamike_ranked_base_tex.sctx","dynamike_ranked_base_tex.sctx","","","","","","","true","","","","","",""
"TntGuyProgressionSkinLevel9","TntGuyProgressionSkinLevel9","","PROPASS","62","","","","9","9","","","TntGuyProgressionSkinLevel1","9","true","","","","","","","","true","","","","","RANKED_PASS","TID_DYNAMIKE_RANKED_PROGRESSION_SKIN_9","TID_DYNAMIKE_RANKED_PROGRESSION_SKIN_9_SHOP","MODEL,TEXTURE,ANIM,VFX,VOICE,TAKEDOWN","","","","","","","","150","-300","","","","","","","",""
"TntGuyProgressionSkinLevel10","TntGuyProgressionSkinLevel10","","PROPASS","62","","","","9","9","","","TntGuyProgressionSkinLevel1","10","true","","","","","","","","true","","","","","RANKED_PASS","TID_DYNAMIKE_RANKED_PROGRESSION_SKIN_10","TID_DYNAMIKE_RANKED_PROGRESSION_SKIN_10_SHOP","MODEL,TEXTURE,ANIM,VFX,VOICE,TAKEDOWN","","dynamike_ranked_hc_red_materials.glb","","","","","","150","-300","","","","","","","",""
"TntGuyProgressionSkinLevel11","TntGuyProgressionSkinLevel11","","PROPASS","62","","","","9","9","","","TntGuyProgressionSkinLevel1","11","true","","","","","","","","true","","","","","RANKED_PASS","TID_DYNAMIKE_RANKED_PROGRESSION_SKIN_11","TID_DYNAMIKE_RANKED_PROGRESSION_SKIN_11_SHOP","MODEL,TEXTURE,ANIM,VFX,VOICE,TAKEDOWN","","","","","","impostor_outline_ghost_green","","150","-300","","","","","","","",""
"MummySurfer","MummySurfer","","BRAWLPASS","63","","","","3","3","","","","","","","","","","","","5000","true","","149","","","EPIC","TID_SURFER_EMZ_SKIN","TID_SURFER_EMZ_SKIN_SHOP","MODEL,TEXTURE,ANIM,VFX","","","emz_street_graffiti_tex.sctx","emz_street_graffiti_tex.sctx","","","","-500","","","","","","","","LATER",""
"","","","STREET","","","","","","","","","","","","","","","","","","","true","","","","","","","","","","","","","","","","","","","","","","","","",""
"d8e28128a57747e08037c5b8a879f40414696431","BallDefault","true","","","","","","","","","","","","","","","","","","","","","","","","","","","","","","","","","","","","","","","","","","","","",""
"FishTankSurfer","FishTankSurfer","","STREET","63","","","","","","","","","","","","","","","","","","true","true","199","","","MYTHIC","TID_JAM_MASTER_HANK_SKIN","TID_JAM_MASTER_HANK_SKIN_SHOP","MODEL,TEXTURE,ANIM,VFX","","","hank_street_graffiti_tex.sctx","hank_street_graffiti_tex.sctx","","","","-350","1100","","","","","","","AVAILABLE",""
"SkaterSurfer","SkaterSurfer","","SUBWAY","63","","","","3","3","","","","","","","","","","","","5000","true","","149","","","EPIC","TID_JAKE_OLLIE_SKIN","TID_JAKE_OLLIE_SKIN_SHOP","MODEL,TEXTURE,ANIM,VFX","","","","","","","","-150","150","","","","","","","NEVER",""
"JetpackGirlSurfer","JetpackGirlSurfer","","SUBWAY","63","","","","3","3","","","","","","","","","","","","5000","true","","149","","","EPIC","TID_SURFER_JANET_SKIN","TID_SURFER_JANET_SKIN_SHOP","MODEL,TEXTURE,ANIM,VFX","","","janet_tricky_tex.sctx","janet_tricky_tex.sctx","","","","","","","","","","","","NEVER",""
"SnakeOilSurfer","SnakeOilSurfer","","SUBWAY","63","","","","3","3","","","","","","","","","","","","5000","true","","149","","","EPIC","TID_FRANK_BYRON_SKIN","TID_FRANK_BYRON_SKIN_SHOP","MODEL,TEXTURE,ANIM,VFX","","","byron_frank_tex.sctx","byron_frank_tex.sctx","","","","","","","","","","","","NEVER",""
"CrowBrawloween","CrowBrawloween","","BRAWLPASS","63","","","","3","3","","","","","","","","","","","","5000","true","","149","","","EPIC","TID_DOCTOR_CROW_SKIN","TID_DOCTOR_CROW_SKIN_SHOP","MODEL,TEXTURE,ANIM,VFX","","","crow_doctor_tex.sctx","crow_doctor_tex.sctx","","","","","","","","","","","","LATER",""
"","","","BRAWLOWEEN","","","","","","","","","","","","","","","","","","","true","","","","","","","","","","","","","","","","","","","","","","","","",""
"TrickshotBrawloween","TrickshotBrawloween","","BRAWLOWEEN","63","","","","3","3","","","","","","","","","","","","","true","","199","","","MYTHIC","TID_GHOST_DIVER_CROW_SKIN","TID_GHOST_DIVER_CROW_SKIN_SHOP","MODEL,TEXTURE,ANIM,VFX","","","","","","","","-400","-400","","","","","","","NEVER",""
"BeeSniperBrawloween","BeeSniperBrawloween","","BRAWLOWEEN","63","","","","3","3","","","","","","BeeSniperBrawloweenAddonBee","","","","","","5000","true","","149","","","EPIC","TID_BEA_VAMPIRE_SKIN","TID_BEA_VAMPIRE_SKIN_SHOP","MODEL,TEXTURE,ANIM,VFX","","","bea_vampire_tex.sctx","bea_vampire_tex.sctx","","","","","","","","","","","","NEVER",""
"SplitterBrawloween","SplitterBrawloween","","BRAWLOWEEN","63","","","","3","3","","","","","","SplitterLegsBrawloween","","","","","","","true","","199","","","MYTHIC","TID_GARGOYLE_RT_SKIN","TID_GARGOYLE_RT_SKIN_SHOP","MODEL,TEXTURE,ANIM,VFX","","","rt_gargoyle_tex.sctx","rt_gargoyle_tex.sctx","","","","","","","","","","","","NEVER",""
"RuffsBrawloween","RuffsBrawloween","","BRAWLOWEEN","63","","","","3","3","","","","","","","","","","","","5000","true","","149","","","EPIC","TID_TEEN_RUFFS_SKIN","TID_TEEN_RUFFS_SKIN_SHOP","MODEL,TEXTURE,ANIM,VFX","","","ruffs_werewolf_tex.sctx","ruffs_werewolf_tex.sctx","","","","-450","350","","","","","","","NEVER",""
"ClusterBombBrawloween","ClusterBombBrawloween","","BRAWLOWEEN","63","","","","3","3","","","","","","ClusterBombPetBrawloween","","","","","","","true","","299","","","LEGENDARY","TID_PUMPKIN_TICK_SKIN","TID_PUMPKIN_TICK_SKIN_SHOP","MODEL,TEXTURE,ANIM,VFX,TAKEDOWN","","","tick_pumpkin_tex.sctx","tick_pumpkin_tex.sctx","","","","100","300","true","","","","","","NEVER",""
"ClusterBombPetBrawloween","ClusterBombPetBrawloween","","BRAWLOWEEN","63","","","","","","","","","","","","","","","","","","true","","","","","","","","","","","tick_pumpkin_tex.sctx","tick_pumpkin_tex.sctx","","","","","","","","","","","","",""
"CactusCarreta","CactusCarreta","","CARRETA","63","","","","","","","","","","","","","","","","","5000","true","","149","","","EPIC","TID_SPIKE_CARRETA_SKIN","TID_SPIKE_CARRETA_SKIN_SHOP","MODEL,TEXTURE,ANIM,VFX","","","spike_carreta_tex.sctx","spike_carreta_tex.sctx","","","","-300","100","","","","","","","AVAILABLE",""
"LuchadorCarreta","LuchadorCarreta","","CARRETA","63","","","","","","","","","","","","","","","","","5000","true","","149","","","EPIC","TID_EL_GRILO_SKIN","TID_EL_GRILO_SKIN_SHOP","MODEL,TEXTURE,ANIM,VFX","","","primo_carreta_tex.sctx","primo_carreta_tex.sctx","","","","650","200","","","","","","","AVAILABLE",""
"WhirlwindCarreta","WhirlwindCarreta","","CARRETA","63","","","","","","","","","","","","","","","","","5000","true","","149","","","EPIC","TID_CARL_CARRETA_SKIN","TID_CARL_CARRETA_SKIN_SHOP","MODEL,TEXTURE,ANIM,VFX","","","","","","","","260","60","","","","","","","AVAILABLE",""
"RopeDudeSpc","RopeDudeSpc","","CLASHIP","63","","","","3","3","","","","","","","","","","","","5000","true","","149","","","EPIC","TID_FISHERMAN_BUZZ_SKIN","TID_FISHERMAN_BUZZ_SKIN_SHOP","MODEL,TEXTURE,ANIM,VFX","","","buzz_fisherman_tex.sctx","buzz_fisherman_tex.sctx","","","","-350","150","","","","","","","NEVER",""
"DancerDefault","DancerDefault","","","63","","","","","","","","","","","","","","","","","","true","","","","","","","","","","","mina_tex.sctx","mina_tex.sctx","","","","650","","","","","","","","",""
"FuryDefault","FuryDefault","","","63","","","","","","","","","","","","","","","","","","true","","","","","","","","","","","ziggy_tex.sctx","ziggy_tex.sctx","","","","","","","","","","","","",""
"BarkeepBrawlAcademy","BarkeepBrawlAcademy","","UNIVERSITY","63","","","","","","","","","","","","","","","","","5000","true","","149","","","EPIC","TID_HEADMASTER_BARLEY_SKIN","TID_HEADMASTER_BARLEY_SKIN_SHOP","MODEL,TEXTURE,ANIM,VFX","","","barley_headmaster_tex.sctx","barley_headmaster_tex.sctx","","","","","","","","","","","","AVAILABLE",""
"JesterBrawlAcademy","JesterBrawlAcademy","","UNIVERSITY","63","","","","","","","","","","","","","","","","","5000","true","","149","","","EPIC","TID_COOLKID_CHESTER_SKIN","TID_COOLKID_CHESTER_SKIN_SHOP","MODEL,TEXTURE,ANIM,VFX","","","","","","","","","","","","","","","","AVAILABLE",""
"ArtilleryGalBrawlAcademy","ArtilleryGalBrawlAcademy","","UNIVERSITY","63","","","","","","","","","","","ArtilleryTurretBrawlAcademy","ArtilleryDudeCoverDefault","","","","","5000","true","","149","","","EPIC","TID_TRUANT_PENNY_SKIN","TID_TRUANT_PENNY_SKIN_SHOP","MODEL,TEXTURE,ANIM,VFX","","","","","","","","","","","","","","","","AVAILABLE",""
"StalkerGold","StalkerGold","","GOLD","63","","","","","","","","","","","","","","","","","","","","","","25000","","TID_TRUE_GOLD_ALLI_SKIN","TID_TRUE_GOLD_ALLI_SKIN_SHOP","MODEL,TEXTURE","","gold_true_materials.glb","alli_gold_tex.sctx","alli_gold_tex.sctx","","","","","","true","","","","","","",""
"StalkerSilver","StalkerSilver","","SILVER","63","","","","","","","","","","","","","","","","","","","","","","10000","","TID_TRUE_SILVER_ALLI_SKIN","TID_TRUE_SILVER_ALLI_SKIN_SHOP","MODEL,TEXTURE","","silver_true_materials.glb","alli_silver_tex.sctx","alli_silver_tex.sctx","","","","","","true","","","","","","",""
"Train0","Train0","","","63","","","","","","","","","","","","","","","","","","true","","","","","","","","","","","","","","","","","","","","","","","","",""
"SubwayGuardDefault","SubwayGuardDefault","","","63","","","","","","","","","","","","","","","","","","true","","","","","","","","","","","npc_guard_tex.sctx","npc_guard_tex.sctx","","","","","","","","","","","","",""
"MegaCrowBrawloween","MegaCrowBrawloween","","","63","","","","","","","","","","","","","","","","","","true","","","","","","","","","","","crow_doctor_tex.sctx","crow_doctor_tex.sctx","","","","","","","","","","","","",""
"MegaTrickshotBrawloween","MegaTrickshotBrawloween","","","63","","","","","","","","","","","","","","","","","","true","","","","","","","","","","","","","","","","","","","","","","","","",""
"MegaSplitterBrawloween","MegaSplitterBrawloween","","","63","","","","","","","","","","","SplitterLegsBrawloween","","","","","","","true","","","","","","","","","","","rt_gargoyle_tex.sctx","rt_gargoyle_tex.sctx","","","","","","","","","","","","",""
"MegaClusterBombBrawloween","MegaClusterBombBrawloween","","","63","","","","","","","","","","","ClusterBombPetBrawloween","","","","","","","true","","","","","","","","","","","tick_pumpkin_tex.sctx","tick_pumpkin_tex.sctx","","","","","","","","","","","","",""
"ArtilleryTurretBrawlAcademy","ArtilleryTurretBrawlAcademy","","","63","","","","","","","","","","","","","","","","","","true","","","","","","","","","","","penny_sk8_tex.sctx","penny_sk8_tex.sctx","","","","","","","","","","","","",""
"SplitterLegsBrawloween","SplitterLegsBrawloween","","","63","","","","","","","","","","","","","","","","","","true","","","","","","","","","","","rt_gargoyle_tex.sctx","rt_gargoyle_tex.sctx","","","","","","","","","","","","",""
"BeeSniperBrawloweenAddonBee","BeeSniperBrawloweenAddonBee","","","63","","","","","","","","","","","","","","","","","","true","","","","","","","","","","","bea_vampire_tex.sctx","bea_vampire_tex.sctx","","","","","","","","","","","","",""
"PocoSurferOvercharge","PocoSurferOvercharge","","STREET","63","","","","3","3","","","","","","","","","","","","","true","true","499","","","HYPERCHARGE","TID_POCO_DJ_SKIN","TID_POCO_DJ_SKIN_SHOP","MODEL,TEXTURE,ANIM,VFX,VOICE,TAKEDOWN","","","","","","impostor_outline_graffiti_glitch","","","","","","","","","","NEVER",""
"CrowBrawloweenRed","CrowBrawloween","","BRAWLPASS","63","","","","3","3","","","","","","","","","","","","5000","true","","149","","","EPIC","TID_DOCTOR_CROW_RED_SKIN","TID_DOCTOR_CROW_RED_SKIN_SHOP","MODEL,TEXTURE,ANIM,VFX","","","crow_doctor_chroma_red_tex.sctx","crow_doctor_chroma_red_tex.sctx","","","","","","","","","","","","LATER",""
"","","","BRAWLOWEEN","","","","","","","","","","","","","","","","","","","true","","","","","","","","","","","","","","","","","","","","","","","","",""
"MummySurferChroma1","MummySurfer","","BRAWLPASS","63","","","","3","3","","","","","","","","","","","","5000","true","","149","","","EPIC","TID_SURFER_CHROMA1_EMZ_SKIN","TID_SURFER_CHROMA1_EMZ_SKIN_SHOP","MODEL,TEXTURE,ANIM,VFX","","emz_street_graffiti_bubble_materials.glb","emz_street_graffiti_chroma_bubble_pop_tex.sctx","emz_street_graffiti_chroma_bubble_pop_tex.sctx","","","","-500","","","","","","","","LATER",""
"","","","STREET","","","","","","","","","","","","","","","","","","","true","","","","","","","","","","","","","","","","","","","","","","","","",""
"MummySurferChroma2","MummySurfer","","BRAWLPASS","63","","","","3","3","","","","","","","","","","","","5000","true","","149","","","EPIC","TID_SURFER_CHROMA2_EMZ_SKIN","TID_SURFER_CHROMA2_EMZ_SKIN_SHOP","MODEL,TEXTURE,ANIM,VFX","","","emz_street_graffiti_chroma_toxic_fade_tex.sctx","emz_street_graffiti_chroma_toxic_fade_tex.sctx","","","","-500","","","","","","","","LATER",""
"","","","STREET","","","","","","","","","","","","","","","","","","","true","","","","","","","","","","","","","","","","","","","","","","","","",""
"CrowBrawloweenWhite","CrowBrawloween","","BRAWLPASS","63","","","","3","3","","","","","","","","","","","","5000","true","","149","","","EPIC","TID_DOCTOR_CROW_WHITE_SKIN","TID_DOCTOR_CROW_WHITE_SKIN_SHOP","MODEL,TEXTURE,ANIM,VFX","","","crow_doctor_chroma_white_tex.sctx","crow_doctor_chroma_white_tex.sctx","","","","","","","","","","","","LATER",""
"","","","BRAWLOWEEN","","","","","","","","","","","","","","","","","","","true","","","","","","","","","","","","","","","","","","","","","","","","",""
"bae5e3ef8ed36dca4638f8a82c7be66862a22e2e","BallDefault","true","","","","","","","","","","","","","","","","","","","","","","","","","","","","","","","","","","","","","","","","","","","","",""
"NinjaGraffitiSpecial","NinjaGraffitiSpecial","","STREET","63","","","","3","3","","","","","","","","","","","","1000","true","","29","","","RARE","TID_LEON_GRAFFIYI_SPECIAL_SKIN","TID_LEON_GRAFFIYI_SPECIAL_SKIN_SHOP","MODEL,TEXTURE","","","","","","impostor_outline_graffiti_white","","","","","","","","","","NEVER",""
"RollerGraffitiSpecial","RollerGraffitiSpecial","","STREET","63","","","","3","3","","","","","","","","","","","","1000","true","","29","","","RARE","TID_RETRO_GRAFFIYI_SPECIAL_SKIN","TID_RETRO_GRAFFIYI_SPECIAL_SKIN_SHOP","MODEL,TEXTURE","","","","","","impostor_outline_graffiti_white","","","","","","","","","","NEVER",""
"StalkerGraffitiSpecial","StalkerGraffitiSpecial","","STREET","63","","","","3","3","","","","","","","","","","","","1000","true","","29","","","RARE","TID_ALLI_GRAFFIYI_SPECIAL_SKIN","TID_ALLI_GRAFFIYI_SPECIAL_SKIN_SHOP","MODEL,TEXTURE","","","","","","impostor_outline_graffiti_white","","","","","","","","","","NEVER",""
"DancerGraffitiSpecial","DancerGraffitiSpecial","","STREET","63","","","","3","3","","","","","","","","","","","","1000","true","","29","","","RARE","TID_DANCER_GRAFFIYI_SPECIAL_SKIN","TID_DANCER_GRAFFIYI_SPECIAL_SKIN_SHOP","MODEL,TEXTURE","","","","","","impostor_outline_graffiti_white","","400","","","","","","","","NEVER",""
"Dancer199Gem","Dancer199Gem","","MUSIC","63","","","","","","","","","","","","","","","","","","true","true","199","","","MYTHIC","TID_DANCER_PUMP_SKIN","TID_DANCER_PUMP_SKIN_SHOP","MODEL,TEXTURE,ANIM,VFX","","","mina_pump_tex.sctx","mina_pump_tex.sctx","","","","700","-1300","","","","","","","AVAILABLE",""
"Dancer199GemChroma1","Dancer199GemChroma1","","MUSIC","63","","","","","","","","","","","","","","","","","","true","true","199","","","MYTHIC","TID_DANCER_BLUE_PUMP_SKIN","TID_DANCER_BLUE_PUMP_SKIN_SHOP","MODEL,TEXTURE,ANIM,VFX","","","mina_pump_chroma_blue_tex.sctx","mina_pump_chroma_blue_tex.sctx","","","","700","-1300","","","","","","","AVAILABLE",""
"Dancer199GemChroma2","Dancer199GemChroma2","","MUSIC","63","","","","","","","","","","","","","","","","","","true","true","199","","","MYTHIC","TID_DANCER_PINK_PUMP_SKIN","TID_DANCER_PINK_PUMP_SKIN_SHOP","MODEL,TEXTURE,ANIM,VFX","","","mina_pump_chroma_pink_tex.sctx","mina_pump_chroma_pink_tex.sctx","","","","700","-1300","","","","","","","AVAILABLE",""
"Fury199Gem","Fury199Gem","","","63","","","","","","","","","","","","","","","","","","true","true","199","","","MYTHIC","TID_FURY_WARLOCK_SKIN","TID_FURY_WARLOCK_SKIN_SHOP","MODEL,TEXTURE,ANIM,VFX","","","ziggy_warlock_tex.sctx","ziggy_warlock_tex.sctx","","","","","-200","","","","","","","AVAILABLE",""
"Fury199GemChroma1","Fury199GemChroma1","","","63","","","","","","","","","","","","","","","","","","true","true","199","","","MYTHIC","TID_FURY_WARLOCK_CHROMA1_SKIN","TID_FURY_WARLOCK_CHROMA1_SKIN_SHOP","MODEL,TEXTURE,ANIM,VFX","","","ziggy_warlock_chroma_green_tex.sctx","ziggy_warlock_chroma_green_tex.sctx","","","","","-200","","","","","","","AVAILABLE",""
"Fury199GemChroma2","Fury199GemChroma2","","","63","","","","","","","","","","","","","","","","","","true","true","199","","","MYTHIC","TID_FURY_WARLOCK_CHROMA2_SKIN","TID_FURY_WARLOCK_CHROMA2_SKIN_SHOP","MODEL,TEXTURE,ANIM,VFX","","","ziggy_warlock_chroma_pink_tex.sctx","ziggy_warlock_chroma_pink_tex.sctx","","","","","-200","","","","","","","AVAILABLE",""
"PowerLevelerPorcelain","PowerLevelerPorcelain","","LUNAREVENT","","","","","","","","","","","","","","","","","","","true","true","299","","","LEGENDARY","TID_SURGE_PORCELAIN_SKIN","TID_SURGE_PORCELAIN_SKIN_SHOP","MODEL,TEXTURE,ANIM,VFX,TAKEDOWN","","","surge_linglongporcelain_tex.sctx","surge_linglongporcelain_tex.sctx","","","","","","","","","","","","AVAILABLE",""
"CookerPorcelain","CookerPorcelain","","LUNAREVENT","63","","","","","","","","","","","","","","","","","","true","true","199","","","MYTHIC","TID_PEARL_PORCELAIN_SKIN","TID_PEARL_PORCELAIN_SKIN_SHOP","MODEL,TEXTURE,ANIM,VFX","","","pearl_linglongporcelain_tex.sctx","pearl_linglongporcelain_tex.sctx","","","","","","","","","","","","AVAILABLE",""
"MegaClusterBombPetBrawloweenLarge","MegaClusterBombPetBrawloweenLarge","","","63","","","","","","","","","","","","","","","","","","true","","","","","","","","","","","tick_boss_pumpkin_face_tex.sctx","tick_boss_pumpkin_face_tex.sctx","","","","","","","","","","","","",""
"DomainGold","DomainGold","","GOLD","63","","","","","","","","","","","","","","","","","","","","","","25000","","TID_TRUE_GOLD_TRUNK_SKIN","TID_TRUE_GOLD_TRUNK_SKIN_SHOP","MODEL,TEXTURE","","gold_true_materials.glb","trunk_gold_tex.sctx","trunk_gold_tex.sctx","","","","","","true","","","","","","",""
"DomainSilver","DomainSilver","","SILVER","63","","","","","","","","","","","","","","","","","","","","","","10000","","TID_TRUE_SILVER_TRUNK_SKIN","TID_TRUE_SILVER_TRUNK_SKIN_SHOP","MODEL,TEXTURE","","silver_true_materials.glb","trunk_silver_tex.sctx","trunk_silver_tex.sctx","","","","","","true","","","","","","",""
"MegaSplitterBrawloweenLeg","SplitterLegsBrawloween","","","63","","","","","","","","","","","","","","","","","","true","","","","","","","","","","","rt_gargoyle_tex.sctx","rt_gargoyle_tex.sctx","","","","","","","","","","","","",""
"MegaBossKenjiGhost","MegaBossKenjiGhost","","","","","","","","","","","","","","","","","","","","","true","","","","","","","","","","","","","","impostor_outline_ghost","","","-300","","","","","","","",""
"MegaKenjiPet","MegaKenjiPet","","","","","","","","","","","","","","","","","","","","","true","","","","","","","","","","","kenji_cursed_samurai_hc_face_tex.sctx","kenji_cursed_samurai_hc_face_tex.sctx","","impostor_outline_none","","","","","","","","","","",""
"MegaCrowBrawloweenChroma1","MegaCrowBrawloween","","","","","","","","","","","","","","","","","","","","","true","","","","","","","","","","","crow_doctor_chroma_red_tex.sctx","crow_doctor_chroma_red_tex.sctx","","","","","","","","","","","","",""
"MegaCrowBrawloweenChroma2","MegaCrowBrawloween","","","","","","","","","","","","","","","","","","","","","true","","","","","","","","","","","crow_doctor_chroma_white_tex.sctx","crow_doctor_chroma_white_tex.sctx","","","","","","","","","","","","",""
"MegaBossSpikeCarreta","MegaBossSpikeCarreta","","","","","","","","","","","","","","","","","","","","","true","","","","","","","","","","","spike_carreta_tex.sctx","spike_carreta_tex.sctx","","","","","","","","","","","","",""
"ce3b5c093a7b7c0f81e839c0b4d8cc39349a4b57","BallDefault","true","","","","","","","","","","","","","","","","","","","","","","","","","","","","","","","","","","","","","","","","","","","","",""
"e072772bcbee4a7114f23f4ade1641b02a3c1576","BallDefault","true","","","","","","","","","","","","","","","","","","","","","","","","","","","","","","","","","","","","","","","","","","","","",""
"PocoSurferOverchargeChromaBlue","PocoSurferOverchargeChromaBlue","","STREET","63","","","","3","3","","","","","","","","","","","","","true","true","499","","","HYPERCHARGE","TID_POCO_SCRATCHER_SKIN","TID_POCO_SCRATCHER_SKIN_SHOP","MODEL,TEXTURE,ANIM,VFX,VOICE,TAKEDOWN","","poco_street_hc_blue_materials.glb","","","","impostor_outline_graffiti_glitch","","","","","","","","","","NEVER",""
"PocoSurferOverchargeChromaYellow","PocoSurferOverchargeChromaYellow","","STREET","63","","","","3","3","","","","","","","","","","","","","true","true","499","","","HYPERCHARGE","TID_POCO_BEATMATCHER_SKIN","TID_POCO_BEATMATCHER_SKIN_SHOP","MODEL,TEXTURE,ANIM,VFX,VOICE,TAKEDOWN","","poco_street_hc_yellow_materials.glb","","","","impostor_outline_graffiti_glitch","","","","","","","","","","NEVER",""
"MegaBeeSniperBrawloweenAddonBee","BeeSniperBrawloweenAddonBee","","","63","","","","","","","","","","","","","","","","","","true","","","","","","","","","","","bea_vampire_tex.sctx","bea_vampire_tex.sctx","","","","","","","","","","","","",""
"MegaBossCactusCoverDefault","MegaBossCactusCoverDefault","","","","","","","","","","","","","","","","","","","","","true","","","","","","","","","","","spike_carreta_tex.sctx","spike_carreta_tex.sctx","","","","","","","","","","","","",""
"BulletstormDefault","BulletstormDefault","","","","","","","","","","","","","","","","","","","","","true","","","","","","","","","","","pierce_tex.sctx","pierce_tex.sctx","","","","","-700","","","","","","","",""
"DaredevilDefault","DaredevilDefault","","","","","","","","","","","","","","","","","","","","","true","","","","","","","","","","","gigi_glover_tex.sctx","gigi_glover_tex.sctx","","impostor_outline_ignore_transparent","","","","","","","","","","",""
"BossHammerDudeknight","BossHammerDudeknight","","","64","","","","3","3","","","","","","","","","","","","","true","","","","","","","","","","","frank_make_tex.sctx","frank_make_tex.sctx","","","","","","","","","","","","",""
"BossKickerDudeDemon","BossKickerDudeDemon","","","64","","","","","","","","","","","","","","","","","","true","","","","","","","","","","","fang_demon_tex.sctx","fang_demon_tex.sctx","","","","","","","","","","","","",""
"BossMummyDemon","BossMummyDemon","","","64","","","","3","3","","","","","","","","","","","","","true","","","","","","","","","","","emz_demon_tex.sctx","emz_demon_tex.sctx","","","","","","","","","","","","",""
"BeamerMecha","BeamerMecha","","BRAWLPASS","64","","","","3","3","","","","","","","","","","","","5000","true","","149","","","EPIC","TID_MECHA_MANDY_SKIN","TID_MECHA_MANDY_SKIN_SHOP","MODEL,TEXTURE,ANIM,VFX","","","mandy_mecha_tex.sctx","mandy_mecha_tex.sctx","","","","","","","","","","","","LATER",""
"","","","MECHA","","","","","","","","","","","","","","","","","","","true","","","","","","","","","","","","","","","","","","","","","","","","",""
"MorningstarStrange","MorningstarStrange","","BRAWLPASS","64","","","","3","3","","","","","","","","","","","","5000","true","","149","","","EPIC","TID_STRANGE_LUMI_SKIN","TID_STRANGE_LUMI_SKIN_SHOP","MODEL,TEXTURE,ANIM,VFX","","","lumi_eleven_tex.sctx","lumi_eleven_tex.sctx","","","","-150","200","","","","","","","NEVER","true"
"","","","STRANGERTHINGS","","","","","","","","","","","","","","","","","","","true","","","","","","","","","","","","","","","","","","","","","","","","",""
"DragonRiderStrange","DragonRiderStrange","","STRANGERTHINGS","64","","","","3","3","","","","","","","","","","","","","true","","199","","","MYTHIC","TID_STRANGE_DRACO_SKIN","TID_STRANGE_DRACO_SKIN_SHOP","MODEL,TEXTURE,ANIM,VFX","","","","","","","","","","","","","","","","NEVER",""
"SoulCollectorStrange","SoulCollectorStrange","","STRANGERTHINGS","64","","","","3","3","","","","","","","","","","","","5000","true","","149","","","EPIC","TID_STRANGE_GUS_SKIN","TID_STRANGE_GUS_SKIN_SHOP","MODEL,TEXTURE,ANIM,VFX","","","gus_will_tex.sctx","gus_will_tex.sctx","","","","300","","","","","","","","NEVER",""
"PainterStrange","PainterStrange","","STRANGERTHINGS","64","","","","3","3","","","","","","","","","","","","5000","true","","149","","","EPIC","TID_STRANGE_BERRY_SKIN","TID_STRANGE_BERRY_SKIN_SHOP","MODEL,TEXTURE,ANIM,VFX","","","berry_steve_tex.sctx","berry_steve_tex.sctx","","","","","","","","","","","","NEVER",""
"BullGuyStrange","BullGuyStrange","","STRANGERTHINGS","64","","","","3","3","","","","","","","","","","","","5000","true","","149","","","EPIC","TID_STRANGE_BULL_SKIN","TID_STRANGE_BULL_SKIN_SHOP","MODEL,TEXTURE,ANIM,VFX","","","","","","","","","","","","","","","","NEVER",""
"c147f03532b0aa1b46c99b92b39df52be8076fdc","BallDefault","true","","","","","","","","","","","","","","","","","","","","","","","","","","","","","","","","","","","","","","","","","","","","",""
"ShamanBearStrange","ShamanBearStrange","","","","","","","","","","","","","","","","","","","","","true","","","","","","","","","","","","","","","","","","","","","","","","",""
"ShamanStrangeOvercharge","ShamanStrangeOvercharge","","STRANGERTHINGS","64","","","","3","3","","","","","","ShamanBearStrange","","ShamanBearStrangeOvercharge","","","","","true","","499","","","HYPERCHARGE","TID_STRANGE_OVERCHARGE_NITA_SKIN","TID_STRANGE_OVERCHARGE_NITA_SKIN_SHOP","MODEL,TEXTURE,ANIM,VFX,VOICE,TAKEDOWN","","","","","","","","200","300","","","","","","","NEVER",""
"ShamanBearStrangeOvercharge","ShamanBearStrangeOvercharge","","","","","","","","","","","","","","","","","","","","","true","","","","","","","","","","","","","","","","","","","","","","","","",""
"10881147ca3f23d1502573a60c0bb11ae39a6f62","BallDefault","true","","","","","","","","","","","","","","","","","","","","","","","","","","","","","","","","","","","","","","","","","","","","",""
"SniperMechaOvercharge","SniperMechaOvercharge","","MECHA","64","","","","3","3","","","","","","","","","","","","","true","true","499","","","HYPERCHARGE","TID_MECHA_OVERCHARGE_PIPER_SKIN","TID_MECHA_OVERCHARGE_PIPER_SKIN_SHOP","MODEL,TEXTURE,ANIM,VFX,VOICE,TAKEDOWN","","","","","","","","40","-200","","","","","","","NEVER",""
"MechanicMecha","MechanicMecha","","MECHA","64","","","","","","","","","","","TurretMecha","","","","","","","true","true","299","","","LEGENDARY","TID_MECHA_JESSIE_SKIN","TID_MECHA_JESSIE_SKIN_SHOP","MODEL,TEXTURE,ANIM,VFX,TAKEDOWN","","","jessie_mecha_tex.sctx","jessie_mecha_tex.sctx","","","","800","100","","","","","","","AVAILABLE",""
"TurretMecha","TurretMecha","","","","","","","","","","","","","","","","","","","","","true","","","","","","","","","","","jessie_mecha_turret_tex.sctx","jessie_mecha_turret_tex.sctx","","","","","","","","","","","","",""
"CocoonerGym","CocoonerGym","","GYM","64","","","","","","","","","","","CocoonerCocoonGym","CocoonerPetGym","","","","","5000","true","","149","","","EPIC","TID_GYM_CHARLIE_SKIN","TID_GYM_CHARLIE_SKIN_SHOP","MODEL,TEXTURE,ANIM,VFX","","","charlie_workout_tex.sctx","charlie_workout_tex.sctx","","","","","","","","","","","","AVAILABLE",""
"CocoonerCocoonGym","CocoonerCocoonGym","","","","","","","","","","","","","","","","","","","","","true","","","","","","","","","","","charlie_workout_tex.sctx","charlie_workout_tex.sctx","","","","","","","","","","","","",""
"CocoonerPetGym","CocoonerPetGym","","","","","","","","","","","","","","","","","","","","","true","","","","","","","","","","","charlie_workout_tex.sctx","charlie_workout_tex.sctx","","","","","","","","","","","","",""
"AxeJugglerGym","AxeJugglerGym","","GYM","64","","","","","","","","","","","","","","","","","5000","true","","149","","","EPIC","TID_GYM_MELODIE_SKIN","TID_GYM_MELODIE_SKIN_SHOP","MODEL,TEXTURE,ANIM,VFX","","","melodie_workout_tex.sctx","melodie_workout_tex.sctx","","","","","","","","","","","","AVAILABLE",""
"SpawnerDudeGym","SpawnerDudeGym","","GYM","64","","","","","","","","","","","SpawnerDudeTurretGym","SpawnerPetGym","","","","","2750","true","","79","","","SUPER_RARE","TID_GYM_MRP_SKIN","TID_GYM_MRP_SKIN_SHOP","MODEL,TEXTURE,ANIM,VFX","","","mrp_workout_tex.sctx","mrp_workout_tex.sctx","","","","","","","","","","","","AVAILABLE",""
"SpawnerPetGym","SpawnerPetGym","","","","","","","","","","","","","","","","","","","","","true","","","","","","","","","","","mrp_workout_spawner_face_tex.sctx","mrp_workout_spawner_face_tex.sctx","","","","","","","","","","","","",""
"ArtilleryGalSPC","ArtilleryGalSPC","","CLASHIP","64","","","","3","3","","","","","","ArtilleryTurretSPC","ArtilleryDudeCoverDefault","","","","","5000","true","","149","","","EPIC","TID_CLASH_PENNY_SKIN","TID_CLASH_PENNY_SKIN_SHOP","MODEL,TEXTURE,ANIM,VFX","","","penny_clash_tex.sctx","penny_clash_tex.sctx","","","","","","","","","","","","NEVER",""
"ArtilleryTurretSPC","ArtilleryTurretSPC","","","","","","","","","","","","","","","","","","","","","true","","","","","","","","","","","penny_clash_tex.sctx","penny_clash_tex.sctx","","","","","","","","","","","","",""
"NinjaPropassProgressionSkinLevel1","NinjaPropassProgressionSkinLevel1","","PROPASS","64","","","","9","9","","","NinjaPropassProgressionSkinLevel1","1","","","","","","","","","true","","","","","RANKED_PASS","TID_LEON_PROPASS_PROGRESSION_SKIN_1","TID_LEON_PROPASS_PROGRESSION_SKIN_1_SHOP","MODEL,TEXTURE","","","leon_ranked_lv1_tex.sctx","leon_ranked_lv1_tex.sctx","","","","","","","","","","","","",""
"NinjaPropassProgressionSkinLevel2","NinjaPropassProgressionSkinLevel2","","PROPASS","64","","","","9","9","","","NinjaPropassProgressionSkinLevel1","2","","","","","","","","","true","","","","","RANKED_PASS","TID_LEON_PROPASS_PROGRESSION_SKIN_2","TID_LEON_PROPASS_PROGRESSION_SKIN_2_SHOP","MODEL,TEXTURE","","","leon_ranked_lv1_tex.sctx","leon_ranked_lv1_tex.sctx","","","","","","","true","","","","","",""
"NinjaPropassProgressionSkinLevel3","NinjaPropassProgressionSkinLevel3","","","64","","","","9","9","","","NinjaPropassProgressionSkinLevel1","3","true","","","","","","","","true","","","","","RANKED_PASS","TID_LEON_PROPASS_PROGRESSION_SKIN_3","TID_LEON_PROPASS_PROGRESSION_SKIN_3_SHOP","MODEL,TEXTURE","","","leon_ranked_lv1_tex.sctx","leon_ranked_lv1_tex.sctx","","","","","","","true","","","","","",""
"NinjaPropassProgressionSkinLevel4","NinjaPropassProgressionSkinLevel4","","PROPASS","64","","","","9","9","","","NinjaPropassProgressionSkinLevel1","4","","","","","","","","","true","","","","","RANKED_PASS","TID_LEON_PROPASS_PROGRESSION_SKIN_4","TID_LEON_PROPASS_PROGRESSION_SKIN_4_SHOP","MODEL,TEXTURE,ANIM,VFX","","","","","","","","80","650","","","","","","","",""
"NinjaPropassProgressionSkinLevel5","NinjaPropassProgressionSkinLevel5","","PROPASS","64","","","","9","9","","","NinjaPropassProgressionSkinLevel1","5","","","","","","","","","true","","","","","RANKED_PASS","TID_LEON_PROPASS_PROGRESSION_SKIN_5","TID_LEON_PROPASS_PROGRESSION_SKIN_5_SHOP","MODEL,TEXTURE,ANIM,VFX","","","","","","","","80","650","","true","","","","","",""
"NinjaPropassProgressionSkinLevel6","NinjaPropassProgressionSkinLevel6","","","64","","","","9","9","","","NinjaPropassProgressionSkinLevel1","6","","","","","","","","","true","","","","","RANKED_PASS","TID_LEON_PROPASS_PROGRESSION_SKIN_6","TID_LEON_PROPASS_PROGRESSION_SKIN_6_SHOP","MODEL,TEXTURE,ANIM,VFX","","","","","","","","80","650","","true","","","","","",""
"NinjaPropassProgressionSkinLevel7","NinjaPropassProgressionSkinLevel7","","","64","","","","9","9","","","NinjaPropassProgressionSkinLevel1","7","","","","","","","","","true","","","","","RANKED_PASS","TID_LEON_PROPASS_PROGRESSION_SKIN_7","TID_LEON_PROPASS_PROGRESSION_SKIN_7_SHOP","MODEL,TEXTURE,ANIM,VFX","","","","","","","","80","650","","true","","","","","",""
"NinjaPropassProgressionSkinLevel8","NinjaPropassProgressionSkinLevel8","","PROPASS","64","","","","9","9","","","NinjaPropassProgressionSkinLevel1","8","true","","","","","","","","true","","","","","RANKED_PASS","TID_LEON_PROPASS_PROGRESSION_SKIN_8","TID_LEON_PROPASS_PROGRESSION_SKIN_8_SHOP","MODEL,TEXTURE,ANIM,VFX","","","","","","","","80","650","","true","","","","","",""
"NinjaPropassProgressionSkinLevel9","NinjaPropassProgressionSkinLevel9","","PROPASS","64","","","","9","9","","","NinjaPropassProgressionSkinLevel1","9","true","","","","","","","","true","","","","","RANKED_PASS","TID_LEON_PROPASS_PROGRESSION_SKIN_9","TID_LEON_PROPASS_PROGRESSION_SKIN_9_SHOP","MODEL,TEXTURE,ANIM,VFX,VOICE,TAKEDOWN","","","","","","","","-500","650","","","","","","","",""
"NinjaPropassProgressionSkinLevel10","NinjaPropassProgressionSkinLevel10","","PROPASS","64","","","","9","9","","","NinjaPropassProgressionSkinLevel1","10","true","","","","","","","","true","","","","","RANKED_PASS","TID_LEON_PROPASS_PROGRESSION_SKIN_10","TID_LEON_PROPASS_PROGRESSION_SKIN_10_SHOP","MODEL,TEXTURE,ANIM,VFX,VOICE,TAKEDOWN","","leon_ranked_lv3_purple_material.glb","","","","","","-500","650","","","","","","","",""
"NinjaPropassProgressionSkinLevel11","NinjaPropassProgressionSkinLevel11","","PROPASS","64","","","","9","9","","","NinjaPropassProgressionSkinLevel1","11","true","","","","","","","","true","","","","","RANKED_PASS","TID_LEON_PROPASS_PROGRESSION_SKIN_11","TID_LEON_PROPASS_PROGRESSION_SKIN_11_SHOP","MODEL,TEXTURE,ANIM,VFX,VOICE,TAKEDOWN","","leon_ranked_lv3_galaxy_material.glb","","","","","","-500","650","","","","","","","",""
"SpawnerDudeTurretGym","SpawnerDudeTurretGym","","","","","","","","","","","","","","","","","","","","","true","","","","","","","","","","","mrp_workout_spawner_face_tex.sctx","mrp_workout_spawner_face_tex.sctx","","","","","","","","","","","","",""
"MegaSTDg","MegaSTDg","","","","","","","","","","","","","","","","","","","","","true","","","","","","","","","","","npc_demogorgon_tex.sctx","npc_demogorgon_tex.sctx","","","","","","","","","","","","",""
"MegaSTVec","MegaSTVec","","","","","","","","","","","","","","","","","","","","","true","","","","","","","","","","","npc_vecna_tex.sctx","npc_vecna_tex.sctx","","","","","","","","","","","","",""
"Train1","Train1","","","64","","","","","","","","","","","","","","","","","","true","","","","","","","","","","","","","","","","","","","","","","","","",""
"Train2","Train2","","","64","","","","","","","","","","","","","","","","","","true","","","","","","","","","","","","","","","","","","","","","","","","",""
"Train3","Train3","","","64","","","","","","","","","","","","","","","","","","true","","","","","","","","","","","","","","","","","","","","","","","","",""
"MorningstarStrangeChromaPink","MorningstarStrangeChromaPink","","BRAWLPASS","64","","","","3","3","","","","","","","","","","","","5000","true","","149","","","EPIC","TID_STRANGE_LUMI_PINK_SKIN","TID_STRANGE_LUMI_PINK_SKIN_SHOP","MODEL,TEXTURE,ANIM,VFX","","","lumi_eleven_chroma_pink_tex.sctx","lumi_eleven_chroma_pink_tex.sctx","","","","-150","200","","","","","","","NEVER","true"
"","","","STRANGERTHINGS","","","","","","","","","","","","","","","","","","","true","","","","","","","","","","","","","","","","","","","","","","","","",""
"MorningstarStrangeChromaRed","MorningstarStrangeChromaRed","","BRAWLPASS","64","","","","3","3","","","","","","","","","","","","5000","true","","149","","","EPIC","TID_STRANGE_LUMI_RED_SKIN","TID_STRANGE_LUMI_RED_SKIN_SHOP","MODEL,TEXTURE,ANIM,VFX","","","lumi_eleven_chroma_red_tex.sctx","lumi_eleven_chroma_red_tex.sctx","","","","-150","200","","","","","","","NEVER","true"
"","","","STRANGERTHINGS","","","","","","","","","","","","","","","","","","","true","","","","","","","","","","","","","","","","","","","","","","","","",""
"ShamanStrangeOverchargeChroma1","ShamanStrangeOverchargeChroma1","","STRANGERTHINGS","64","","","","3","3","","","","","","ShamanBearStrange","","ShamanBearStrangeOvercharge","","","","","true","","499","","","HYPERCHARGE","TID_STRANGE_OVERCHARGE_NITA_CHROMA1_SKIN","TID_STRANGE_OVERCHARGE_NITA_CHROMA1_SKIN_SHOP","MODEL,TEXTURE,ANIM,VFX,VOICE,TAKEDOWN","","","","","","","","200","300","","","","","","","NEVER",""
"ShamanStrangeOverchargeChroma2","ShamanStrangeOverchargeChroma2","","STRANGERTHINGS","64","","","","3","3","","","","","","ShamanBearStrange","","ShamanBearStrangeOvercharge","","","","","true","","499","","","HYPERCHARGE","TID_STRANGE_OVERCHARGE_NITA_CHROMA2_SKIN","TID_STRANGE_OVERCHARGE_NITA_CHROMA2_SKIN_SHOP","MODEL,TEXTURE,ANIM,VFX,VOICE,TAKEDOWN","","","","","","","","200","300","","","","","","","NEVER",""
"BeamerMechaYellow","BeamerMechaYellow","","BRAWLPASS","64","","","","3","3","","","","","","","","","","","","5000","true","","149","","","EPIC","TID_MECHA_MANDY_YELLOW_SKIN","TID_MECHA_MANDY_YELLOW_SKIN_SHOP","MODEL,TEXTURE,ANIM,VFX","","","mandy_mecha_chroma_yellow_tex.sctx","mandy_mecha_chroma_yellow_tex.sctx","","","","","","","","","","","","LATER",""
"","","","MECHA","","","","","","","","","","","","","","","","","","","true","","","","","","","","","","","","","","","","","","","","","","","","",""
"BeamerMechaPurple","BeamerMechaPurple","","BRAWLPASS","64","","","","3","3","","","","","","","","","","","","5000","true","","149","","","EPIC","TID_MECHA_MANDY_PURPUL_SKIN","TID_MECHA_MANDY_PURPUL_SKIN_SHOP","MODEL,TEXTURE,ANIM,VFX","","","mandy_mecha_chroma_purple_tex.sctx","mandy_mecha_chroma_purple_tex.sctx","","","","","","","","","","","","LATER",""
"","","","MECHA","","","","","","","","","","","","","","","","","","","true","","","","","","","","","","","","","","","","","","","","","","","","",""
"SniperMechaOverchargeRed","SniperMechaOverchargeRed","","MECHA","64","","","","3","3","","","","","","","","","","","","","true","true","499","","","HYPERCHARGE","TID_MECHA_OVERCHARGE_PIPER_RED_SKIN","TID_MECHA_OVERCHARGE_PIPER_RED_SKIN_SHOP","MODEL,TEXTURE,ANIM,VFX,VOICE,TAKEDOWN","","piper_mecha_hc_chroma_red_mat.glb","","","","","","40","-200","","","","","","","NEVER",""
"SniperMechaOverchargePink","SniperMechaOverchargePink","","MECHA","64","","","","3","3","","","","","","","","","","","","","true","true","499","","","HYPERCHARGE","TID_MECHA_OVERCHARGE_PIPER_PINK_SKIN","TID_MECHA_OVERCHARGE_PIPER_PINK_SKIN_SHOP","MODEL,TEXTURE,ANIM,VFX,VOICE,TAKEDOWN","","piper_mecha_hc_chroma_pink_mat.glb","","","","","","40","-200","","","","","","","NEVER",""
"MechanicMechaChromaOrange","MechanicMechaChromaOrange","","MECHA","64","","","","3","3","","","","","","TurretMechaChromaOrange","","","","","","","","","49","","","LEGENDARY","TID_MECHA_JESSIE_ORANGE_SKIN","TID_MECHA_JESSIE_ORANGE_SKIN_SHOP","MODEL,TEXTURE,ANIM,VFX","","jessie_mecha_chroma_orange_mat.glb","","","","","","800","100","","","MechanicMecha","","","","",""
"MechanicMechaChromaPink","MechanicMechaChromaPink","","MECHA","64","","","","3","3","","","","","","TurretMechaChromaPink","","","","","","","","","49","","","LEGENDARY","TID_MECHA_JESSIE_PINK_SKIN","TID_MECHA_JESSIE_PINK_SKIN_SHOP","MODEL,TEXTURE,ANIM,VFX","","jessie_mecha_chroma_pink_mat.glb","","","","","","800","100","","","MechanicMecha","","","","",""
"TurretMechaChromaOrange","TurretMechaChromaOrange","","MECHA","64","","","","","","","","","","","","","","","","","","true","","","","","","","","","","jessie_mecha_turret_chroma_orange_mat.glb","","","","","","","","","","","","","","",""
"TurretMechaChromaPink","TurretMechaChromaPink","","MECHA","64","","","","","","","","","","","","","","","","","","true","","","","","","","","","","jessie_mecha_turret_chroma_pink_mat.glb","","","","","","","","","","","","","","",""
"DancerGold","DancerGold","","GOLD","64","","","","","","","","","","","","","","","","","","","","","","25000","COLLECTORS","TID_TRUE_GOLD_MINA_SKIN","TID_TRUE_GOLD_MINA_SKIN_SHOP","MODEL,TEXTURE","","gold_true_materials.glb","mina_gold_tex.sctx","mina_gold_tex.sctx","","","","650","","true","","","","","","",""
"DancerSilver","DancerSilver","","SILVER","64","","","","","","","","","","","","","","","","","","","","","","10000","COLLECTORS","TID_TRUE_SILVER_MINA_SKIN","TID_TRUE_SILVER_MINA_SKIN_SHOP","MODEL,TEXTURE","","silver_true_materials.glb","mina_silver_tex.sctx","mina_silver_tex.sctx","","","","650","","true","","","","","","",""
"FuryGold","FuryGold","","GOLD","64","","","","","","","","","","","","","","","","","","","","","","25000","COLLECTORS","TID_TRUE_GOLD_ZIGGY_SKIN","TID_TRUE_GOLD_ZIGGY_SKIN_SHOP","MODEL,TEXTURE","","gold_true_materials.glb","ziggy_gold_tex.sctx","ziggy_gold_tex.sctx","","","","","","true","","","","","","",""
"FurySilver","FurySilver","","SILVER","64","","","","","","","","","","","","","","","","","","","","","","10000","COLLECTORS","TID_TRUE_SILVER_ZIGGY_SKIN","TID_TRUE_SILVER_ZIGGY_SKIN_SHOP","MODEL,TEXTURE","","silver_true_materials.glb","ziggy_silver_tex.sctx","ziggy_silver_tex.sctx","","","","","","true","","","","","","",""
"MenderDefault","MenderDefault","","","","","","","","","","","","","","","","","","","","","true","","","","","","","","","","","glowbert_tex.sctx","glowbert_tex.sctx","","","","","","true","","","","","","",""
"ShadowdemonDefault","ShadowdemonDefault","","","66","","","","","","","","","","","","","","","","","","true","","","","","","","","","","","sirius_tex.sctx","sirius_tex.sctx","","","","100","-200","","","","","","","",""
"DaredevilScarecrow","DaredevilScarecrow","","BRAWLOWEEN","64","","","","","","","","","","","","","","","","","","true","true","199","","","MYTHIC","TID_GIGI_SCARECROW_SKIN","TID_GIGI_SCARECROW_SKIN_SHOP","MODEL,TEXTURE,ANIM,VFX","","","gigi_scarecrow_tex.sctx","gigi_scarecrow_tex.sctx","","impostor_outline_ignore_transparent","","-50","","","","","","","","AVAILABLE",""
"DaredevilScarecrow199GemChroma1","DaredevilScarecrow199GemChroma1","","BRAWLOWEEN","64","","","","","","","","","","","","","","","","","","true","true","199","","","MYTHIC","TID_GIGI_CHROMA1_SKIN","TID_GIGI_CHROMA1_SKIN_SHOP","MODEL,TEXTURE,ANIM,VFX","","","gigi_scarecrow_chroma_yellow_tex.sctx","gigi_scarecrow_chroma_yellow_tex.sctx","","impostor_outline_ignore_transparent","","-50","","","","","","","","AVAILABLE",""
"DaredevilScarecrow199GemChroma2","DaredevilScarecrow199GemChroma2","","BRAWLOWEEN","64","","","","","","","","","","","","","","","","","","true","true","199","","","MYTHIC","TID_GIGI_CHROMA2_SKIN","TID_GIGI_CHROMA2_SKIN_SHOP","MODEL,TEXTURE,ANIM,VFX","","","gigi_scarecrow_chroma_blue_tex.sctx","gigi_scarecrow_chroma_blue_tex.sctx","","impostor_outline_ignore_transparent","","-50","","","","","","","","AVAILABLE",""
"WeaponThrowerSteamPunk","WeaponThrowerSteamPunk","","STEAMPUNK","65","","","","","","","","","","","","","","","","","5000","true","","149","","","EPIC","TID_STEAMPUNK_SAM_SKIN","TID_STEAMPUNK_SAM_SKIN_SHOP","MODEL,TEXTURE,ANIM,VFX","","","sam_steampunk_tex.sctx","sam_steampunk_tex.sctx","","","","-100","-100","","","","","","","AVAILABLE",""
"RocketGirlSteamPunk","RocketGirlSteamPunk","","STEAMPUNK","65","","","14","","","","","","","","","","","","","","","true","true","199","","","MYTHIC","TID_BROCK_STEAMPUNK_SKIN","TID_BROCK_STEAMPUNK_SKIN_SHOP","MODEL,TEXTURE,ANIM,VFX","","","","","","","","-300","-200","","","","","","","AVAILABLE",""
"BlowerSteamPunk","BlowerSteamPunk","","BRAWLPASS","65","","","","3","3","","","","","","","","","","","","5000","true","","149","","","EPIC","TID_STEAMPUNK_GALE_SKIN","TID_STEAMPUNK_GALE_SKIN_SHOP","MODEL,TEXTURE,ANIM,VFX","","","gale_father_tex.sctx","gale_father_tex.sctx","","","","50","200","","","","","","","NEVER",""
"","","","STEAMPUNK","","","","","","","","","","","","","","","","","","","true","","","","","","","","","","","","","","","","","","","","","","","","",""
"RollerSteamPunk","RollerSteamPunk","","BRAWLPASS","65","","","","3","3","","","","","","","","","","","","5000","true","","149","","","EPIC","TID_STU_STEAMPUNK_SKIN","TID_STU_STEAMPUNK_SKIN_SHOP","MODEL,TEXTURE,ANIM,VFX","","","stu_steampunk_tex.sctx","stu_steampunk_tex.sctx","","","","","250","","","","","","","NEVER",""
"","","","STEAMPUNK","","","","","","","","","","","","","","","","","","","true","","","","","","","","","","","","","","","","","","","","","","","","",""
"GeishaSteamPunk","GeishaSteamPunk","","STEAMPUNK","65","","","","","","","","","","","GeishaTransformedSteamPunk","","","","","","","true","true","299","","","LEGENDARY","TID_STEAMPUNK_KAZE_SKIN","TID_STEAMPUNK_KAZE_SKIN_SHOP","MODEL,TEXTURE,ANIM,VFX,TAKEDOWN","","","kaze_geisha_steampunk_tex.sctx","kaze_geisha_steampunk_tex.sctx","","","","","","","","","","","","AVAILABLE",""
"GeishaTransformedSteamPunk","GeishaTransformedSteamPunk","","","65","","","","","","","","","","","","","","","","","","true","","","","","","","","","","","","","","","","200","200","","","","","","","",""
"TrickshotBrawlentine","TrickshotBrawlentine","","BRAWLPASS","65","","","","3","3","","","","","","","","","","","","5000","true","","149","","","EPIC","TID_RICO_BRAWLENTINE_SKIN","TID_RICO_BRAWLENTINE_SKIN_SHOP","MODEL,TEXTURE,ANIM,VFX","","","","","","","","-200","-250","","","","","","","NEVER",""
"","","","BRAWLENTINES","","","","","","","","","","","","","","","","","","","true","","","","","","","","","","","","","","","","","","","","","","","","",""
"InsectManBrawlentine","InsectManBrawlentine","","BRAWLPASS","65","","","","3","3","","","","","","","","","","","","5000","true","","149","","","EPIC","TID_ANGELO_BRAWLENTINE_SKIN","TID_ANGELO_BRAWLENTINE_SKIN_SHOP","MODEL,TEXTURE,ANIM,VFX","","","angelo_brawlentine_tex.sctx","angelo_brawlentine_tex.sctx","","","","200","","","","","","","","NEVER",""
"","","","BRAWLENTINES","","","","","","","","","","","","","","","","","","","true","","","","","","","","","","","","","","","","","","","","","","","","",""
"StickyBombBrawlentine","StickyBombBrawlentine","","BRAWLENTINES","65","","","","","","","","","","","","","","","","","","true","true","199","","","MYTHIC","TID_BRAWLENTINES_SQUEAK_SKIN","TID_BRAWLENTINES_SQUEAK_SKIN_SHOP","MODEL,TEXTURE,ANIM,VFX","","","squeak_perfume_tex.sctx","squeak_perfume_tex.sctx","","","","300","-200","","","","","","","AVAILABLE",""
"StalkerBrawlentine","StalkerBrawlentine","","BRAWLENTINES","65","","","","","","","","","","","","","","","","","5000","true","","149","","","EPIC","TID_ALLI_VALENTINE_SKIN","TID_ALLI_VALENTINE_SKIN_SHOP","MODEL,TEXTURE,ANIM,VFX","","","alli_valentine_tex.sctx","alli_valentine_tex.sctx","","","","-500","","","","","","","","AVAILABLE",""
"GhostBrawlentine","GhostBrawlentine","","BRAWLENTINES","65","","","","","","","","","","","","","","","","","","true","true","299","","","LEGENDARY","TID_TEDDY_SHADE_SKIN","TID_TEDDY_SHADE_SKIN_SHOP","MODEL,TEXTURE,ANIM,VFX,TAKEDOWN","","","shade_teddy_tex.sctx","shade_teddy_tex.sctx","","impostor_outline_shade","","100","150","","","","","","","AVAILABLE",""
"ControllerXmas","ControllerXmas","","BRAWLIDAYS","65","","","","3","3","","","","","","ControllerXmasAddon","","","","","","","true","","149","","","EPIC","TID_XMAS_NANI_SKIN","TID_XMAS_NANI_SKIN_SHOP","MODEL,TEXTURE,ANIM,VFX","","","nani_xmas_tex.sctx","nani_xmas_tex.sctx","","","","-100","-350","true","","","","","","NEVER",""
"b48028f35161422eec50fb1c7368e6b0889dc6f7","BallDefault","true","","","","","","","","","","","","","","","","","","","","","","","","","","","","","","","","","","","","","","","","","","","","",""
"PuppeteerLNY","PuppeteerLNY","","LNY","65","","","","3","3","","","","","","","","","","","","","true","","149","","","EPIC","TID_LNY_WILLOW_SKIN","TID_LNY_WILLOW_SHOP","MODEL,TEXTURE,ANIM,VFX","","","willow_lny_tex.sctx","willow_lny_tex.sctx","","","","","","","","","","","","NEVER",""
"SpeedyEsports","SpeedyEsports","","WF_2025","65","","","","3","3","","","","","","","","","","","","","true","","149","","","EPIC","TID_STREET_MAX_SKIN","TID_STREET_MAX_SKIN_SHOP","MODEL,TEXTURE,ANIM,VFX","","","max_esports_tex.sctx","max_esports_tex.sctx","","","","160","800","","","","","","","NEVER",""
"ControllerXmasAddon","ControllerXmasAddon","","","","","","","","","","","","","","","","","","","","","true","","","","","","","","","","","nani_xmas_face_tex.sctx","nani_xmas_face_tex.sctx","","","","","","","","","","","","",""
"ShotgunGirlBuddyDefault","ShotgunGirlBuddyDefault","","","65","","","","","","","","","","","","","","","","","","true","","","","","","","","","","","","","","","","","","","","","","","","",""
"ShurikenDefault","ShurikenDefault","","","","","","","","","","","","","","","","","","","","","true","","","","","","","","","","","","","","","","","","","","","","","","",""
"BoulderDefault","BoulderDefault","","","","","","","","","","","","","","","","","","","","","true","","","","","","","","","","","","","","","","","","","","","","","","",""
"LoveBombDefault","LoveBombDefault","","","65","","","","","","","","","","","","","","","","","","true","","","","","","","","","","","","","","","","","","","","","","","","",""
"GunslingerBuddyDefault","GunslingerBuddyDefault","","","65","","","","","","","","","","","","","","","","","","true","","","","","","","","","","","","","","","","","","","","","","","","",""
"UndertakerBuddyDefault","UndertakerBuddyDefault","","","65","","","","","","","","","","","","","","","","","","true","","","","","","","","","","","","","","","","","","","","","","","","",""
"CactusBuddyDefault","CactusBuddyDefault","","","65","","","","","","","","","","","","","","","","","","true","","","","","","","","","","","","","","","","","","","","","","","","",""
"MummyBuddyDefault","MummyBuddyDefault","","","65","","","","","","","","","","","","","","","","","","true","","","","","","","","","","buffy_emz_hc_materials.glb","","","","","","","","","","","","","","",""
"HammerDudeBuddyDefault","HammerDudeBuddyDefault","","","65","","","","","","","","","","","","","","","","","","true","","","","","","","","","","","","","","","","","","","","","","","","",""
"HeistBombDefault","HeistBombDefault","","","65","","","","","","","","","","","","","","","","","","true","","","","","","","","","","","","","","","","","","","","","","","","",""
"Bulletstorm199Gem","Bulletstorm199Gem","","MISC","65","","","","","","","","","","","","","","","","","","true","true","199","","","MYTHIC","TID_PIERCE_BLADE_SKIN","TID_PIERCE_BLADE_SKIN_SHOP","MODEL,TEXTURE,ANIM,VFX","","","","","","","","","-700","","","","","","","AVAILABLE",""
"Bulletstorm199GemChroma1","Bulletstorm199GemChroma1","","MISC","65","","","","","","","","","","","","","","","","","","true","true","199","","","MYTHIC","TID_PIERCE_BLADE_CHROMA1_SKIN","TID_PIERCE_BLADE_CHROMA1_SKIN_SHOP","MODEL,TEXTURE,ANIM,VFX","","pierce_blade_chroma_blue_material.glb","","","","","","","-700","","","","","","","AVAILABLE",""
"Bulletstorm199GemChroma2","Bulletstorm199GemChroma2","","MISC","65","","","","","","","","","","","","","","","","","","true","true","199","","","MYTHIC","TID_PIERCE_BLADE_CHROMA2_SKIN","TID_PIERCE_BLADE_CHROMA2_SKIN_SHOP","MODEL,TEXTURE,ANIM,VFX","","pierce_blade_chroma_orange_material.glb","","","","","","","-700","","","","","","","AVAILABLE",""
"ShotgunGirlBuddyGadget","ShotgunGirlBuddyDefault","","","65","","","","","","","","","","","","","","","","","","true","","","","","","","","","","","","","","","","","","","","","","","","",""
"ShotgunGirlBuddySP","ShotgunGirlBuddySP","","","65","","","","","","","","","","","","","","","","","","true","","","","","","","","","","buffy_shelly_star_power_materials.glb","","","","","","","","","","","","","","",""
"ShotgunGirlBuddyHC","ShotgunGirlBuddyHC","","","65","","","","","","","","","","","","","","","","","","true","","","","","","","","","","buffy_shelly_hc_materials.glb","","","","","","","","","","","","","","",""
"GunslingerBuddyGadget","GunslingerBuddyDefault","","","65","","","","","","","","","","","","","","","","","","true","","","","","","","","","","","","","","","","","","","","","","","","",""
"GunslingerBuddySP","GunslingerBuddyDefault","","","65","","","","","","","","","","","","","","","","","","true","","","","","","","","","","buffy_colt_star_power_materials.glb","","","","","","","","","","","","","","",""
"GunslingerBuddyHC","GunslingerBuddyDefault","","","65","","","","","","","","","","","","","","","","","","true","","","","","","","","","","buffy_colt_hc_materials.glb","","","","","","","","","","","","","","",""
"CactusBuddyGadget","CactusBuddyDefault","","","65","","","","","","","","","","","","","","","","","","true","","","","","","","","","","","","","","","","","","","","","","","","",""
"CactusBuddySP","CactusBuddyDefault","","","65","","","","","","","","","","","","","","","","","","true","","","","","","","","","","buffy_spike_star_power_materials.glb","","","","","","","","","","","","","","",""
"CactusBuddyHC","CactusBuddyDefault","","","65","","","","","","","","","","","","","","","","","","true","","","","","","","","","","buffy_spike_hc_materials.glb","","","","","","","","","","","","","","",""
"MummyGirlBuddyGadget","MummyBuddyDefault","","","65","","","","","","","","","","","","","","","","","","true","","","","","","","","","","","","","","","","","","","","","","","","",""
"MummyGirlBuddySP","MummyBuddyDefault","","","65","","","","","","","","","","","","","","","","","","true","","","","","","","","","","buffy_emz_star_power_materials.glb","","","","","","","","","","","","","","",""
"MummyGirlBuddyHC","MummyBuddyDefault","","","65","","","","","","","","","","","","","","","","","","true","","","","","","","","","","buffy_emz_hc_materials.glb","","","","","","","","","","","","","","",""
"HammerDudeBuddyGadget","HammerDudeBuddyDefault","","","65","","","","","","","","","","","","","","","","","","true","","","","","","","","","","","","","","","","","","","","","","","","",""
"HammerDudeBuddySP","HammerDudeBuddyDefault","","","65","","","","","","","","","","","","","","","","","","true","","","","","","","","","","buffy_frank_star_power_materials.glb","","","","","","","","","","","","","","",""
"HammerDudeBuddyHC","HammerDudeBuddyDefault","","","65","","","","","","","","","","","","","","","","","","true","","","","","","","","","","buffy_frank_hc_materials.glb","","","","","","","","","","","","","","",""
"UndertakerBuddyGadget","UndertakerBuddyDefault","","","65","","","","","","","","","","","","","","","","","","true","","","","","","","","","","","","","","","","","","","","","","","","",""
"UndertakerBuddySP","UndertakerBuddyDefault","","","65","","","","","","","","","","","","","","","","","","true","","","","","","","","","","buffy_mortis_sp_materials.glb","","","","","","","","","","","","","","",""
"UndertakerBuddyHC","UndertakerBuddyDefault","","","65","","","","","","","","","","","","","","","","","","true","","","","","","","","","","buffy_mortis_hc_materials.glb","","","","","","","","","","","","","","",""
"ShotgunGirlBuddyBlingChroma","ShotgunGirlBuddyChroma","","","65","","","","","","","","","","","","","","","","","","true","","","","","","","","","","","","","","","","","","","","","","","","",""
"GunslingerBuddyBlingChroma","GunslingerBuddyChroma","","","65","","","","","","","","","","","","","","","","","","true","","","","","","","","","","","","","","","","","","","","","","","","",""
"CactusBuddyBlingChroma","CactusBuddyChroma","","","65","","","","","","","","","","","","","","","","","","true","","","","","","","","","","","","","","","","","","","","","","","","",""
"MummyBuddyBlingChroma","MummyBuddyChroma","","","65","","","","","","","","","","","","","","","","","","true","","","","","","","","","","","","","","","","","","","","","","","","",""
"HammerDudeBuddyBlingChroma","HammerDudeBuddyChroma","","","65","","","","","","","","","","","","","","","","","","true","","","","","","","","","","","","","","","","","","","","","","","","",""
"UndertakerBuddyBlingChroma","UndertakerBuddyChroma","","","65","","","","","","","","","","","","","","","","","","true","","","","","","","","","","","","","","","","","","","","","","","","",""
"InsectManBrawlentineChroma1","InsectManBrawlentineChroma1","","BRAWLPASS","65","","","","3","3","","","","","","","","","","","","5000","true","","149","","","EPIC","TID_ANGELO_BRAWLENTINE_CHROMA_1_SKIN","TID_ANGELO_BRAWLENTINE_CHROMA_1_SKIN_SHOP","MODEL,TEXTURE,ANIM,VFX","","","angelo_brawlentine_chroma_purple_tex.sctx","angelo_brawlentine_chroma_purple_tex.sctx","","","","200","","","","","","","","NEVER",""
"","","","BRAWLENTINES","","","","","","","","","","","","","","","","","","","true","","","","","","","","","","","","","","","","","","","","","","","","",""
"InsectManBrawlentineChroma2","InsectManBrawlentineChroma2","","BRAWLPASS","65","","","","3","3","","","","","","","","","","","","5000","true","","149","","","EPIC","TID_ANGELO_BRAWLENTINE_CHROMA_2_SKIN","TID_ANGELO_BRAWLENTINE_CHROMA_2_SKIN_SHOP","MODEL,TEXTURE,ANIM,VFX","","","angelo_brawlentine_chroma_yellow_tex.sctx","angelo_brawlentine_chroma_yellow_tex.sctx","","","","200","","","","","","","","NEVER",""
"","","","BRAWLENTINES","","","","","","","","","","","","","","","","","","","true","","","","","","","","","","","","","","","","","","","","","","","","",""
"BlowerSteamPunkChroma1","BlowerSteamPunkChroma1","","BRAWLPASS","65","","","","3","3","","","","","","","","","","","","5000","true","","149","","","EPIC","TID_STEAMPUNK_PURPLE_GALE_SKIN","TID_STEAMPUNK_PURPLE_GALE_SKIN_SHOP","MODEL,TEXTURE,ANIM,VFX","","","gale_father_chroma_purple_tex.sctx","gale_father_chroma_purple_tex.sctx","","","","50","200","","","","","","","NEVER",""
"","","","STEAMPUNK","","","","","","","","","","","","","","","","","","","true","","","","","","","","","","","","","","","","","","","","","","","","",""
"BlowerSteamPunkChroma2","BlowerSteamPunkChroma2","","BRAWLPASS","65","","","","3","3","","","","","","","","","","","","5000","true","","149","","","EPIC","TID_STEAMPUNK_YELLOW_GALE_SKIN","TID_STEAMPUNK_YELLOW_GALE_SKIN_SHOP","MODEL,TEXTURE,ANIM,VFX","","","gale_father_chroma_yellow_tex.sctx","gale_father_chroma_yellow_tex.sctx","","","","50","200","","","","","","","NEVER",""
"","","","STEAMPUNK","","","","","","","","","","","","","","","","","","","true","","","","","","","","","","","","","","","","","","","","","","","","",""
"RollerSteamPunkChroma1","RollerSteamPunkChroma1","","BRAWLPASS","65","","","","3","3","","","","","","","","","","","","5000","true","","149","","","EPIC","TID_STEAMPUNK_PURPLE_STU_SKIN","TID_STEAMPUNK_PURPLE_STU_SKIN_SHOP","MODEL,TEXTURE,ANIM,VFX","","","stu_steampunk_chroma_blue_tex.sctx","stu_steampunk_chroma_blue_tex.sctx","","","","","250","","","","","","","NEVER",""
"","","","STEAMPUNK","","","","","","","","","","","","","","","","","","","true","","","","","","","","","","","","","","","","","","","","","","","","",""
"RollerSteamPunkChroma2","RollerSteamPunkChroma2","","BRAWLPASS","65","","","","3","3","","","","","","","","","","","","5000","true","","149","","","EPIC","TID_STEAMPUNK_YELLOW_STU_SKIN","TID_STEAMPUNK_YELLOW_STU_SKIN_SHOP","MODEL,TEXTURE,ANIM,VFX","","","stu_steampunk_chroma_yellow_tex.sctx","stu_steampunk_chroma_yellow_tex.sctx","","","","","250","","","","","","","NEVER",""
"","","","STEAMPUNK","","","","","","","","","","","","","","","","","","","true","","","","","","","","","","","","","","","","","","","","","","","","",""
"TrickshotBrawlentineChroma1","TrickshotBrawlentineChroma1","","BRAWLPASS","65","","","","3","3","","","","","","","","","","","","5000","true","","149","","","EPIC","TID_RICO_BRAWLENTINE_CHROMA1_SKIN","TID_RICO_BRAWLENTINE_CHROMA1_SKIN_SHOP","MODEL,TEXTURE,ANIM,VFX","","rico_brawlentine_chroma_red_materials.glb","","","","","","-200","-250","","","","","","","NEVER",""
"","","","BRAWLENTINES","","","","","","","","","","","","","","","","","","","true","","","","","","","","","","","","","","","","","","","","","","","","",""
"TrickshotBrawlentineChroma2","TrickshotBrawlentineChroma2","","BRAWLPASS","65","","","","3","3","","","","","","","","","","","","5000","true","","149","","","EPIC","TID_RICO_BRAWLENTINE_CHROMA2_SKIN","TID_RICO_BRAWLENTINE_CHROMA2_SKIN_SHOP","MODEL,TEXTURE,ANIM,VFX","","rico_brawlentine_chroma_blue_materials.glb","","","","","","-200","-250","","","","","","","NEVER",""
"","","","BRAWLENTINES","","","","","","","","","","","","","","","","","","","true","","","","","","","","","","","","","","","","","","","","","","","","",""
"MegaBossGhostBrawlentine","MegaBossGhostBrawlentine","","","","","","","","","","","","","","","","","","","","","true","","","","","","","","MODEL,TEXTURE,ANIM,VFX","","","shade_teddy_tex.sctx","shade_teddy_tex.sctx","","impostor_outline_shade","","","","","","","","","","",""
"MegaBossTrickshotBrawlentine","MegaBossTrickshotBrawlentine","","","","","","","","","","","","","","","","","","","","","true","","","","","","","","MODEL,TEXTURE,ANIM,VFX","","rico_brawlentine_chroma_blue_materials.glb","","","","","","","","","","","","","","",""
"MegaBossInsectManBrawlentine","MegaBossInsectManBrawlentine","","","","","","","","","","","","","","","","","","","","","true","","","","","","","","MODEL,TEXTURE,ANIM,VFX","","","angelo_brawlentine_tex.sctx","angelo_brawlentine_tex.sctx","","","","","","","","","","","","",""
"MegaBossStickyBombBrawlentine","MegaBossStickyBombBrawlentine","","","","","","","","","","","","","","","","","","","","","true","","","","","","","","MODEL,TEXTURE,ANIM,VFX","","","squeak_perfume_tex.sctx","squeak_perfume_tex.sctx","","","","","","","","","","","","",""
"DaredevilGold","DaredevilGold","","GOLD","65","","","","","","","","","","","","","","","","","","","","","","25000","COLLECTORS","TID_TRUE_GOLD_GIGI_SKIN","TID_TRUE_GOLD_GIGI_SKIN_SHOP","MODEL,TEXTURE","","gold_true_materials.glb","gigi_gold_tex.sctx","gigi_gold_tex.sctx","","impostor_outline_ignore_transparent","","","","true","","","","","","",""
"DaredevilSilver","DaredevilSilver","","SILVER","65","","","","","","","","","","","","","","","","","","","","","","10000","COLLECTORS","TID_TRUE_SILVER_GIGI_SKIN","TID_TRUE_SILVER_GIGI_SKIN_SHOP","MODEL,TEXTURE","","silver_true_materials.glb","gigi_silver_tex.sctx","gigi_silver_tex.sctx","","impostor_outline_ignore_transparent","","","","true","","","","","","",""
"MegaBossTrickshotBrawlentineChroma1","MegaBossTrickshotBrawlentineChroma1","","","","","","","","","","","","","","","","","","","","","true","","","","","","TID_RICO_BRAWLENTINE_CHROMA1_SKIN","TID_RICO_BRAWLENTINE_CHROMA1_SKIN_SHOP","MODEL,TEXTURE,ANIM,VFX","","","","","","","","","","","","","","","","",""
"MegaBossTrickshotBrawlentineChroma2","MegaBossTrickshotBrawlentineChroma2","","","","","","","","","","","","","","","","","","","","","true","","","","","","TID_RICO_BRAWLENTINE_CHROMA2_SKIN","TID_RICO_BRAWLENTINE_CHROMA2_SKIN_SHOP","MODEL,TEXTURE,ANIM,VFX","","rico_brawlentine_chroma_red_materials.glb","","","","","","","","","","","","","","",""
"SpeederDefault","SpeederDefault","","","","","","","","","","","","","","","","","","","","","true","","","","","","","","","","","","","","","","","","","","","","","","",""
"ArcadeSandsOfTime","ArcadeSandsOfTime","","DARKSANDS","66","","","","","","","","","","","DamageBoosterSandsOfTime","","","","","","","true","true","199","","","MYTHIC","TID_SANDS_OF_TIME_8BIT_SKIN","TID_SANDS_OF_TIME_8BIT_SKIN_SHOP","MODEL,TEXTURE,ANIM,VFX","","","","","","","","","","","","","","","","AVAILABLE",""
"CannonGirlFairy","CannonGirlFairy","","BRAWLPASS","66","","","","3","3","","","","","","CannonGirlSmallFairy","","","","","","5000","true","","149","","","EPIC","TID_DRAGONS_AND_FAIRIES_BONNIE_SKIN","TID_DRAGONS_AND_FAIRIES_BONNIE_SKIN_SHOP","MODEL,TEXTURE,ANIM,VFX","","","","","","","","800","","","","","","","","NEVER",""
"","","","ONCEUPON","","","","","","","","","","","","","","","","","","","true","","","","","","","","","","","","","","","","","","","","","","","","",""
"CannonGirlSmallFairy","CannonGirlSmallFairy","","","66","","","","","","","","","","","","","","","","","","true","","","","","","","","","","","","","","","","1100","","","","","","","","",""
"CrossBomberDragon","CrossBomberDragon","","ONCEUPON","66","","","","","","","","","","","","","","","","","","true","true","299","","","LEGENDARY","TID_DRAGONS_AND_FAIRIES_GROM_SKIN","TID_DRAGONS_AND_FAIRIES_GROM_SKIN_SHOP","MODEL,TEXTURE,ANIM,VFX,TAKEDOWN","","","","","","","","","-1000","","","","","","","AVAILABLE",""
"MenderGold","MenderGold","","GOLD","66","","","","","","","","","","","","","","","","","","","","","","25000","COLLECTORS","TID_TRUE_GOLD_GLOWBERT_SKIN","TID_TRUE_GOLD_GLOWBERT_SKIN_SHOP","MODEL,TEXTURE","","gold_true_materials.glb","glowbert_gold_tex.sctx","glowbert_gold_tex.sctx","","","","-100","-100","true","","","","","","",""
"MenderSilver","MenderSilver","","SILVER","66","","","","","","","","","","","","","","","","","","","","","","10000","COLLECTORS","TID_TRUE_SILVER_GLOWBERT_SKIN","TID_TRUE_SILVER_GLOWBERT_SKIN_SHOP","MODEL,TEXTURE","","silver_true_materials.glb","glowbert_silver_tex.sctx","glowbert_silver_tex.sctx","","","","-100","-100","true","","","","","","",""
"ShadowdemonGold","ShadowdemonGold","","GOLD","67","","","","","","","","","","","","","","","","","","","","","","25000","COLLECTORS","TID_TRUE_GOLD_SIRIUS_SKIN","TID_TRUE_GOLD_SIRIUS_SKIN_SHOP","MODEL,TEXTURE","","gold_true_materials.glb","sirius_gold_tex.sctx","sirius_gold_tex.sctx","","","","100","-200","true","","","","","","",""
"ShadowdemonSilver","ShadowdemonSilver","","SILVER","67","","","","","","","","","","","","","","","","","","","","","","10000","COLLECTORS","TID_TRUE_SILVER_SIRIUS_SKIN","TID_TRUE_SILVER_SIRIUS_SKIN_SHOP","MODEL,TEXTURE","","silver_true_materials.glb","sirius_silver_tex.sctx","sirius_silver_tex.sctx","","","","100","-200","true","","","","","","",""
"ShamanAprilFools","ShamanAprilFools","","APRILFOOLS","66","","","","","","","","","","","ShamanBearAprilFools","","","","","","","true","true","199","","","MYTHIC","TID_APRIL_FOOLS_NITA_SKIN","TID_APRIL_FOOLS_NITA_SKIN_SHOP","MODEL,TEXTURE,ANIM,VFX","","","nita_bruce_bear_tex.sctx","nita_bruce_bear_tex.sctx","","","","-300","300","","","","","","","AVAILABLE",""
"ShamanBearAprilFools","ShamanBearAprilFools","","","66","","","","","","","","","","","","","","","","","","true","","","","","","","","","","","nita_bruce_tex.sctx","nita_bruce_tex.sctx","","","","","","","","","","","","",""
"CrowRankedProgrsesionSkinLevel1","CrowRankedProgrsesionSkinLevel1","","PROPASS","66","","","","9","9","","","CrowRankedProgrsesionSkinLevel1","1","","","","","","","","","true","","","","","RANKED_PASS","TID_CROW_PROPASS_PROGRESSION_SKIN_1","TID_CROW_PROPASS_PROGRESSION_SKIN_1_SHOP","MODEL,TEXTURE","","","crow_ranked_lvl1_tex.sctx","crow_ranked_lvl1_tex.sctx","","","","","","","","","","","","",""
"CrowRankedProgrsesionSkinLevel2","CrowRankedProgrsesionSkinLevel2","","PROPASS","66","","","","9","9","","","CrowRankedProgrsesionSkinLevel1","2","","","","","","","","","true","","","","","RANKED_PASS","TID_CROW_PROPASS_PROGRESSION_SKIN_2","TID_CROW_PROPASS_PROGRESSION_SKIN_2_SHOP","MODEL,TEXTURE","","","crow_ranked_lvl1_tex.sctx","crow_ranked_lvl1_tex.sctx","","","","","","","true","","","","","",""
"CrowRankedProgrsesionSkinLevel3","CrowRankedProgrsesionSkinLevel3","","","66","","","","9","9","","","CrowRankedProgrsesionSkinLevel1","3","true","","","","","","","","true","","","","","RANKED_PASS","TID_CROW_PROPASS_PROGRESSION_SKIN_3","TID_CROW_PROPASS_PROGRESSION_SKIN_3_SHOP","MODEL,TEXTURE","","","crow_ranked_lvl1_tex.sctx","crow_ranked_lvl1_tex.sctx","","","","","","","true","","","","","",""
"CrowRankedProgrsesionSkinLevel4","CrowRankedProgrsesionSkinLevel4","","PROPASS","66","","","","9","9","","","CrowRankedProgrsesionSkinLevel1","4","","","","","","","","","true","","","","","RANKED_PASS","TID_CROW_PROPASS_PROGRESSION_SKIN_4","TID_CROW_PROPASS_PROGRESSION_SKIN_4_SHOP","MODEL,TEXTURE,ANIM,VFX","","","","","","","","-400","","","","","","","","",""
"CrowRankedProgrsesionSkinLevel5","CrowRankedProgrsesionSkinLevel5","","PROPASS","66","","","","9","9","","","CrowRankedProgrsesionSkinLevel1","5","","","","","","","","","true","","","","","RANKED_PASS","TID_CROW_PROPASS_PROGRESSION_SKIN_5","TID_CROW_PROPASS_PROGRESSION_SKIN_5_SHOP","MODEL,TEXTURE,ANIM,VFX","","","","","","","","-400","","","true","","","","","",""
"CrowRankedProgrsesionSkinLevel6","CrowRankedProgrsesionSkinLevel6","","","66","","","","9","9","","","CrowRankedProgrsesionSkinLevel1","6","","","","","","","","","true","","","","","RANKED_PASS","TID_CROW_PROPASS_PROGRESSION_SKIN_6","TID_CROW_PROPASS_PROGRESSION_SKIN_6_SHOP","MODEL,TEXTURE,ANIM,VFX","","","","","","","","-400","","","true","","","","","",""
"CrowRankedProgrsesionSkinLevel7","CrowRankedProgrsesionSkinLevel7","","","66","","","","9","9","","","CrowRankedProgrsesionSkinLevel1","7","","","","","","","","","true","","","","","RANKED_PASS","TID_CROW_PROPASS_PROGRESSION_SKIN_7","TID_CROW_PROPASS_PROGRESSION_SKIN_7_SHOP","MODEL,TEXTURE,ANIM,VFX","","","","","","","","-400","","","true","","","","","",""
"CrowRankedProgrsesionSkinLevel8","CrowRankedProgrsesionSkinLevel8","","","66","","","","9","9","","","CrowRankedProgrsesionSkinLevel1","8","true","","","","","","","","true","","","","","RANKED_PASS","TID_CROW_PROPASS_PROGRESSION_SKIN_8","TID_CROW_PROPASS_PROGRESSION_SKIN_8_SHOP","MODEL,TEXTURE,ANIM,VFX","","","","","","","","-400","","","true","","","","","",""
"CrowRankedProgrsesionSkinLevel9","CrowRankedProgrsesionSkinLevel9","","PROPASS","66","","","","9","9","","","CrowRankedProgrsesionSkinLevel1","9","true","","","","","","","","true","","","","","RANKED_PASS","TID_CROW_PROPASS_PROGRESSION_SKIN_9","TID_CROW_PROPASS_PROGRESSION_SKIN_9_SHOP","MODEL,TEXTURE,ANIM,VFX,VOICE,TAKEDOWN","","","","","","","","-400","","","","","","","","",""
"CrowRankedProgrsesionSkinLevel10","CrowRankedProgrsesionSkinLevel10","","PROPASS","66","","","","9","9","","","CrowRankedProgrsesionSkinLevel1","10","true","","","","","","","","true","","","","","RANKED_PASS","TID_CROW_PROPASS_PROGRESSION_SKIN_10","TID_CROW_PROPASS_PROGRESSION_SKIN_10_SHOP","MODEL,TEXTURE,ANIM,VFX,VOICE,TAKEDOWN","","crow_ranked_lvl3_purple_material.glb","","","","","","-400","","","","","","","","",""
"CrowRankedProgrsesionSkinLevel11","CrowRankedProgrsesionSkinLevel11","","PROPASS","66","","","","9","9","","","CrowRankedProgrsesionSkinLevel1","11","true","","","","","","","","true","","","","","RANKED_PASS","TID_CROW_PROPASS_PROGRESSION_SKIN_11","TID_CROW_PROPASS_PROGRESSION_SKIN_11_SHOP","MODEL,TEXTURE,ANIM,VFX,VOICE,TAKEDOWN","","","","","","impostor_outline_ghost_blue","","-400","","","","","","","","",""
"AmbusherSandsOfTime","AmbusherSandsOfTime","","BRAWLPASS","66","","","","3","3","","","","","","","","","","","","5000","true","","149","","","EPIC","TID_SANDS_OF_TIME_LILY_SKIN","TID_SANDS_OF_TIME_LILY_SKIN_SHOP","MODEL,TEXTURE,ANIM,VFX","","","lily_sandsoftime_tex.sctx","lily_sandsoftime_tex.sctx","","","","-300","-450","","","","","","","NEVER",""
"","","","DARKSANDS","","","","","","","","","","","","","","","","","","","true","","","","","","","","","","","","","","","","","","","","","","","","",""
"AssaultShotgunDragon","AssaultShotgunDragon","","BRAWLPASS","66","","","","3","3","","","","","","","","","","","","5000","true","","149","","","EPIC","TID_DRAGONS_AND_FAIRIES_GRIFF_SKIN","TID_DRAGONS_AND_FAIRIES_GRIFF_SKIN_SHOP","MODEL,TEXTURE,ANIM,VFX","","","griff_dragon_tex.sctx","griff_dragon_tex.sctx","","","","","","","","","","","","NEVER",""
"","","","ONCEUPON","","","","","","","","","","","","","","","","","","","true","","","","","","","","","","","","","","","","","","","","","","","","",""
"BaseballSandsOfTime","BaseballSandsOfTime","","DARKSANDS","66","","","","","","","","","","","","","","","","","5000","true","","149","","","EPIC","TID_SANDS_OF_TIME_BIBI_SKIN","TID_SANDS_OF_TIME_BIBI_SKIN_SHOP","MODEL,TEXTURE,ANIM,VFX","","","bibi_sandsoftime_tex.sctx","bibi_sandsoftime_tex.sctx","","","","","-450","","","","","","","AVAILABLE",""
"TwinsSandsOfTime","TwinsSandsOfTime","","DARKSANDS","66","","","","","","","","","","","TwinsPetSandsOfTime","TwinsPetSandsOfTime","","","","","","true","true","299","","","LEGENDARY","TID_SANDS_OF_TIME_L&L_SKIN","TID_SANDS_OF_TIME_L&L_SKIN_SHOP","MODEL,TEXTURE,ANIM,VFX,TAKEDOWN","","","","","","","","","","","","","","","","AVAILABLE",""
"TwinsPetSandsOfTime","TwinsPetSandsOfTime","","","66","","","","","","","","","","","","","","","","","","true","","","","","","","","","","","twins_bad_sandsoftime_tex.sctx","twins_bad_sandsoftime_tex.sctx","","","","","","","","","","","","",""
"DomainSupercellStore","DomainSupercellStore","","CLASHIP","66","","","","","","","","","","","","","","","","","5000","true","","149","","","EPIC","TID_CLASH_TRUNK_SKIN","TID_CLASH_TRUNK_SKIN_SHOP","MODEL,TEXTURE,ANIM,VFX","","","trunk_megalog_tex.sctx","trunk_megalog_tex.sctx","","","","50","50","","","","","","","AVAILABLE",""
"DancerFairies","DancerFairies","","ONCEUPON","66","","","","","","","","","","","","","","","","","5000","true","","149","","","EPIC","TID_DRAGONS_AND_FAIRIES_MINA_SKIN","TID_DRAGONS_AND_FAIRIES_MINA_SKIN_SHOP","MODEL,TEXTURE,ANIM,VFX","","","mina_fairy_tex.sctx","mina_fairy_tex.sctx","","","","500","-1000","","","","","","","AVAILABLE",""
"AxeJugglerAprilFools","AxeJugglerAprilFools","","APRILFOOLS","66","","","","","","","","","","","","","","","","","5000","true","","149","","","EPIC","TID_APRIL_FOOLS_MELODIE_SKIN","TID_APRIL_FOOLS_MELODIE_SKIN_SHOP","MODEL,TEXTURE,ANIM,VFX","","","melodie_balloon_tex.sctx","melodie_balloon_tex.sctx","","","","100","300","","","","","","","AVAILABLE",""
"MaisieDragons","MaisieDragons","","ONCEUPON","66","","","","","","","","","","","","","","","","","","true","true","199","","","MYTHIC","TID_DRAGONS_AND_FAIRIES_MAISE_SKIN","TID_DRAGONS_AND_FAIRIES_MAISE_SKIN_SHOP","MODEL,TEXTURE,ANIM,VFX","","","maisie_dragon_tex.sctx","maisie_dragon_tex.sctx","","","","","","","","","","","","AVAILABLE",""
"FrankFairies","FrankFairies","","ONCEUPON","66","","","","","","","","","","","","","","","","","","true","true","199","","","MYTHIC","TID_DRAGONS_AND_FAIRIES_FRANK_SKIN","TID_DRAGONS_AND_FAIRIES_FRANK_SHOP","MODEL,TEXTURE,ANIM,VFX","","","frank_fairy_tex.sctx","frank_fairy_tex.sctx","","","","","-200","","","","","","","AVAILABLE",""
"ReviverSandsOfTime","ReviverSandsOfTime","","DARKSANDS","66","","","","","","","","","","","","","","","","","","true","true","199","","","MYTHIC","TID_SANDS_OF_TIME_DOUG_SKIN","TID_SANDS_OF_TIME_DOUG_SKIN_SHOP","MODEL,TEXTURE,ANIM,VFX","","","doug_sphinx_tex.sctx","doug_sphinx_tex.sctx","","","","100","-200","","","","","","","AVAILABLE",""
"DuelistSandsOfTime","DuelistSandsOfTime","","BRAWLPASS","66","","","","3","3","","","","","","","","","","","","5000","true","","149","","","EPIC","TID_SANDS_OF_TIME_CORDELIUS_SKIN","TID_SANDS_OF_TIME_CORDELIUS_SKIN_SHOP","MODEL,TEXTURE,ANIM,VFX","","","cordelius_sultan_tex.sctx","cordelius_sultan_tex.sctx","","","","300","-700","","","","","","","NEVER",""
"","","","DARKSANDS","","","","","","","","","","","","","","","","","","","true","","","","","","","","","","","","","","","","","","","","","","","","",""
"BulletstormGold","BulletstormGold","","GOLD","66","","","","","","","","","","","","","","","","","","","","","","25000","COLLECTORS","TID_TRUE_GOLD_PIERCE_SKIN","TID_TRUE_GOLD_PIERCE_SKIN_SHOP","MODEL,TEXTURE,ANIM,VFX","","gold_true_materials.glb","pierce_gold_tex.sctx","pierce_gold_tex.sctx","","","","","-700","true","","","","","","",""
"BulletstormSilver","BulletstormSilver","","SILVER","66","","","","","","","","","","","","","","","","","","","","","","10000","COLLECTORS","TID_TRUE_SILVER_PIERCE_SKIN","TID_TRUE_SILVER_PIERCE_SKIN_SHOP","MODEL,TEXTURE,ANIM,VFX","","silver_true_materials.glb","pierce_silver_tex.sctx","pierce_silver_tex.sctx","","","","","-700","true","","","","","","",""
"RedirecterDefault","RedirecterDefault","","","","","","","","","","","","","","RedirecterCocoonDefault","RedirecterPetDefault","","","","","","true","","","","","","","","","","","najia_tex.sctx","najia_tex.sctx","","","","","","true","","","","","","",""
"BossMaisieDragons","BossMaisieDragons","","","66","","","","","","","","","","","","","","","","","","true","","","","","","","","","","","maisie_dragon_tex.sctx","maisie_dragon_tex.sctx","","","","","","","","","","","","",""
"DamageBoosterSandsOfTime","DamageBoosterSandsOfTime","","DARKSANDS","66","","","","","","","","","","","","","","","","","","true","","","","","","","","","","","8bit_sandsoftime_turret_tex.sctx","8bit_sandsoftime_turret_tex.sctx","","","","","","","","","","","","",""
"Mender199Gem","Mender199Gem","","APRILFOOLS","66","","","","","","","","","","","","","","","","","","true","true","199","","","MYTHIC","TID_GLOWBERT_APRIL_FOOLS_SKIN","TID_GLOWBERT_APRIL_FOOLS_SKIN_SHOP","MODEL,TEXTURE,ANIM,VFX","","","glowbert_bertglow_tex.sctx","glowbert_bertglow_tex.sctx","","","","-100","-100","true","","","","","","AVAILABLE",""
"RandomLootBox","RandomLootBox","","","","","","","","","","","","","","","","","","","","","true","","","","","","","","","","","","","","","","","","","","","","","","",""
"MegaBossCrowDragonDefaultL3","MegaBossCrowDragonDefaultL3","","","66","","","","","","","","","","","","","","","","","","true","","","","","","","","","","","","","","","","","-800","","","","","","","",""
"MegaBossAssaultShotgunDragon","MegaBossAssaultShotgunDragon","","","66","","","","","","","","","","","","","","","","","","true","","","","","","","","","","","griff_dragon_tex.sctx","griff_dragon_tex.sctx","","","","","","","","","","","","",""
"MegaBossCrossBomberDragon","MegaBossCrossBomberDragon","","","66","","","","","","","","","","","","","","","","","","true","","","","","","","","","","","","","","","","","","","","","","","","",""
"CrowBuddyDefault","CrowBuddyDefault","","","66","","","","","","","","","","","","","","","","","","true","","","","","","","","","","","","","","","","","","","","","","","","",""
"CrowBuddyGadget","CrowBuddyDefault","","","66","","","","","","","","","","","","","","","","","","true","","","","","","","","","","buffy_crow_gadget_materials.glb","","","","","","","","","","","","","","",""
"CrowBuddySP","CrowBuddyDefault","","","66","","","","","","","","","","","","","","","","","","true","","","","","","","","","","buffy_crow_star_power_materials.glb","","","","","","","","","","","","","","",""
"CrowBuddyHC","CrowBuddyDefault","","","66","","","","","","","","","","","","","","","","","","true","","","","","","","","","","buffy_crow_hc_materials.glb","","","","","","","","","","","","","","",""
"BaseballBuddyDefault","BaseballBuddyDefault","","","66","","","","","","","","","","","","","","","","","","true","","","","","","","","","","","","","","","","","","","","","","","","",""
"BaseballBuddyGadget","BaseballBuddyDefault","","","66","","","","","","","","","","","","","","","","","","true","","","","","","","","","","","","","","","","","","","","","","","","",""
"BaseballBuddySP","BaseballBuddyDefault","","","66","","","","","","","","","","","","","","","","","","true","","","","","","","","","","buffy_bibi_starpower_materials.glb","","","","","","","","","","","","","","",""
"BaseballBuddyHC","BaseballBuddyDefault","","","66","","","","","","","","","","","","","","","","","","true","","","","","","","","","","buffy_bibi_hc_materials.glb","","","","","","","","","","","","","","",""
"BaseballBuddyBlingChroma","BaseballBuddyBlingChroma","","","66","","","","","","","","","","","","","","","","","","true","","","","","","","","","","","","","","","","","","","","","","","","",""
"BullBuddyDefault","BullBuddyDefault","","","66","","","","","","","","","","","","","","","","","","true","","","","","","","","","","","","","","","","","","","","","","","","",""
"BullBuddyGadget","BullBuddyDefault","","","66","","","","","","","","","","","","","","","","","","true","","","","","","","","","","buffy_bull_gadget_materials.glb","","","","","","","","","","","","","","",""
"BullBuddySP","BullBuddyDefault","","","66","","","","","","","","","","","","","","","","","","true","","","","","","","","","","buffy_bull_star_power_materials.glb","","","","","","","","","","","","","","",""
"BullBuddyHC","BullBuddyDefault","","","66","","","","","","","","","","","","","","","","","","true","","","","","","","","","","buffy_bull_hc_materials.glb","","","","","","","","","","","","","","",""
"BowDudeBuddyDefault","BowDudeBuddyDefault","","","66","","","","","","","","","","","","","","","","","","true","","","","","","","","","","","","","","","","","","","","","","","","",""
"BowDudeBuddyGadget","BowDudeBuddyDefault","","","66","","","","","","","","","","","","","","","","","","true","","","","","","","","","","buffy_bo_gadget_material.glb","","","","","","","","","","","","","","",""
"BowDudeBuddyHC","BowDudeBuddyDefault","","","66","","","","","","","","","","","","","","","","","","true","","","","","","","","","","buffy_bo_hc_material.glb","","","","","","","","","","","","","","",""
"BowDudeBuddySP","BowDudeBuddyDefault","","","66","","","","","","","","","","","","","","","","","","true","","","","","","","","","","buffy_bo_star_power_material.glb","","","","","","","","","","","","","","",""
"BullBuddyBlingChroma","BullBuddyBlingChroma","","","66","","","","","","","","","","","","","","","","","","true","","","","","","","","","","","","","","","","","","","","","","","","",""
"BowDudeBuddyBlingChroma","BowDudeBuddyBlingChroma","","","66","","","","","","","","","","","","","","","","","","true","","","","","","","","","","","","","","","","","","","","","","","","",""
"CrowBuddyBlingChroma","CrowBuddyBlingChroma","","","66","","","","","","","","","","","","","","","","","","true","","","","","","","","","","","","","","","","","","","","","","","","",""
"NinjaBuddyDefault","NinjaBuddyDefault","","","66","","","","","","","","","","","","","","","","","","true","","","","","","","","","","","","","","","","","","","","","","","","",""
"NinjaBuddyGadget","NinjaBuddyDefault","","","66","","","","","","","","","","","","","","","","","","true","","","","","","","","","","","","","","","","","","","","","","","","",""
"NinjaBuddySP","NinjaBuddyDefault","","","66","","","","","","","","","","","","","","","","","","true","","","","","","","","","","buffy_leon_sp_materials.glb","","","","","","","","","","","","","","",""
"NinjaBuddyHC","NinjaBuddyDefault","","","66","","","","","","","","","","","","","","","","","","true","","","","","","","","","","buffy_leon_hc_materials.glb","","","","","","","","","","","","","","",""
"NinjaBuddyBlingChroma","NinjaBuddyBlingChroma","","","66","","","","","","","","","","","","","","","","","","true","","","","","","","","","","","buffy_leon_bling_tex.sctx","buffy_leon_bling_tex.sctx","","","","","","","","","","","","",""
"AssaultShotgunDragonChroma1","AssaultShotgunDragonChroma1","","BRAWLPASS","66","","","","3","3","","","","","","","","","","","","5000","true","","149","","","EPIC","TID_DRAGONS_AND_FAIRIES_GRIFF_CHROMA_1_SKIN","TID_DRAGONS_AND_FAIRIES_GRIFF_CHROMA_1_SKIN_SHOP","MODEL,TEXTURE,ANIM,VFX","","","griff_dragon_chroma_yellow_tex.sctx","griff_dragon_chroma_yellow_tex.sctx","","","","","","","","","","","","NEVER",""
"","","","ONCEUPON","","","","","","","","","","","","","","","","","","","true","","","","","","","","","","","","","","","","","","","","","","","","",""
"AssaultShotgunDragonChroma2","AssaultShotgunDragonChroma2","","BRAWLPASS","66","","","","3","3","","","","","","","","","","","","5000","true","","149","","","EPIC","TID_DRAGONS_AND_FAIRIES_GRIFF_CHROMA_2_SKIN","TID_DRAGONS_AND_FAIRIES_GRIFF_CHROMA_2_SKIN_SHOP","MODEL,TEXTURE,ANIM,VFX","","","griff_dragon_chroma_red_tex.sctx","griff_dragon_chroma_red_tex.sctx","","","","","","","","","","","","NEVER",""
"","","","ONCEUPON","","","","","","","","","","","","","","","","","","","true","","","","","","","","","","","","","","","","","","","","","","","","",""
"DuelistSandsOfTimeChroma1","DuelistSandsOfTimeChroma1","","BRAWLPASS","66","","","","3","3","","","","","","","","","","","","5000","true","","149","","","EPIC","TID_SANDS_OF_TIME_CORDELIUS_CHROMA_1_SKIN","TID_SANDS_OF_TIME_CORDELIUS_CHROMA_1_SKIN_SHOP","MODEL,TEXTURE,ANIM,VFX","","","cordelius_sultan_chroma_red_tex.sctx","cordelius_sultan_chroma_red_tex.sctx","","","","300","-700","","","","","","","NEVER",""
"","","","DARKSANDS","","","","","","","","","","","","","","","","","","","true","","","","","","","","","","","","","","","","","","","","","","","","",""
"DuelistSandsOfTimeChroma2","DuelistSandsOfTimeChroma2","","BRAWLPASS","66","","","","3","3","","","","","","","","","","","","5000","true","","149","","","EPIC","TID_SANDS_OF_TIME_CORDELIUS_CHROMA_2_SKIN","TID_SANDS_OF_TIME_CORDELIUS_CHROMA_2_SKIN_SHOP","MODEL,TEXTURE,ANIM,VFX","","","cordelius_sultan_chroma_blue_tex.sctx","cordelius_sultan_chroma_blue_tex.sctx","","","","300","-700","","","","","","","NEVER",""
"","","","DARKSANDS","","","","","","","","","","","","","","","","","","","true","","","","","","","","","","","","","","","","","","","","","","","","",""
"CannonGirlFairyChromaBlue","CannonGirlFairyChromaBlue","","BRAWLPASS","66","","","","3","3","","","","","","CannonGirlSmallFairyChromaBlue","","","","","","5000","true","","149","","","EPIC","TID_DRAGONS_AND_FAIRIES_BONNIE_CHROMA_1_SKIN","TID_DRAGONS_AND_FAIRIES_BONNIE_CHROMA_1_SKIN_SHOP","MODEL,TEXTURE,ANIM,VFX","","clyde_fairy_blue_material.glb","","","","","","800","","","","","","","","NEVER",""
"","","","ONCEUPON","","","","","","","","","","","","","","","","","","","true","","","","","","","","","","","","","","","","","","","","","","","","",""
"CannonGirlFairyChromaPink","CannonGirlFairyChromaPink","","BRAWLPASS","66","","","","3","3","","","","","","CannonGirlSmallFairyChromaPink","","","","","","5000","true","","149","","","EPIC","TID_DRAGONS_AND_FAIRIES_BONNIE_CHROMA_2_SKIN","TID_DRAGONS_AND_FAIRIES_BONNIE_CHROMA_2_SKIN_SHOP","MODEL,TEXTURE,ANIM,VFX","","clyde_fairy_pink_material.glb","","","","","","800","","","","","","","","NEVER",""
"","","","ONCEUPON","","","","","","","","","","","","","","","","","","","true","","","","","","","","","","","","","","","","","","","","","","","","",""
"CannonGirlSmallFairyChromaBlue","CannonGirlSmallFairyChromaBlue","","","66","","","","","","","","","","","","","","","","","","true","","","","","","","","","","","bonnie_fairy_chroma_blue_tex.sctx","bonnie_fairy_chroma_blue_tex.sctx","","","","","","","","","","","","",""
"CannonGirlSmallFairyChromaPink","CannonGirlSmallFairyChromaPink","","","66","","","","","","","","","","","","","","","","","","true","","","","","","","","","","","bonnie_fairy_chroma_pink_tex.sctx","bonnie_fairy_chroma_pink_tex.sctx","","","","","","","","","","","","",""
"AmbusherSandsOfTimeChromaGreen","AmbusherSandsOfTimeChromaGreen","","BRAWLPASS","66","","","","3","3","","","","","","","","","","","","5000","true","","149","","","EPIC","TID_SANDS_OF_TIME_LILY__CHROMA_1_SKIN","TID_SANDS_OF_TIME_LILY__CHROMA_1_SKIN_SHOP","MODEL,TEXTURE,ANIM,VFX","","","lily_sandsoftime_chroma_green_tex.sctx","lily_sandsoftime_chroma_green_tex.sctx","","","","-300","-450","","","","","","","NEVER",""
"","","","DARKSANDS","","","","","","","","","","","","","","","","","","","true","","","","","","","","","","","","","","","","","","","","","","","","",""
"AmbusherSandsOfTimeChromaRed","AmbusherSandsOfTimeChromaRed","","BRAWLPASS","66","","","","3","3","","","","","","","","","","","","5000","true","","149","","","EPIC","TID_SANDS_OF_TIME_LILY__CHROMA_2_SKIN","TID_SANDS_OF_TIME_LILY__CHROMA_2_SKIN_SHOP","MODEL,TEXTURE,ANIM,VFX","","","lily_sandsoftime_chroma_red_tex.sctx","lily_sandsoftime_chroma_red_tex.sctx","","","","-300","-450","","","","","","","NEVER",""
"","","","DARKSANDS","","","","","","","","","","","","","","","","","","","true","","","","","","","","","","","","","","","","","","","","","","","","",""
"MegaBossShamanAprilFools","MegaBossShamanAprilFools","","","66","","","","","","","","","","","ShamanBearAprilFools","","","","","","","true","","","","","","","","","","","nita_bruce_bear_tex.sctx","nita_bruce_bear_tex.sctx","","","","-200","300","","","","","","","",""
"MegaBossGromRatDefault","MegaBossGromRatDefault","","","","","","","","","","","","","","MegaBossGromRatDefault","","","","","","","true","","","","","","","","","","","grom_dragon_rat_tex.sctx","grom_dragon_rat_tex.sctx","","","","","","","","","","","","",""
"ShamanBuddyDefault","ShamanBuddyDefault","","","66","","","","","","","","","","","","","","","","","","true","","","","","","","","","","","","","","","","","","","","","","","","",""
"ShamanBuddyGadget","ShamanBuddyDefault","","","66","","","","","","","","","","","","","","","","","","true","","","","","","","","","","buffy_nita_gadget_materials.glb","","","","","","","","","","","","","","",""
"ShamanBuddyHC","ShamanBuddyDefault","","","66","","","","","","","","","","","","","","","","","","true","","","","","","","","","","buffy_nita_hc_materials.glb","","","","","","","","","","","","","","",""
"ShamanBuddySP","ShamanBuddyDefault","","","66","","","","","","","","","","","","","","","","","","true","","","","","","","","","","buffy_nita_star_power_materials.glb","","","","","","","","","","","","","","",""
"ShamanBuddyBlingChroma","ShamanBuddyBlingChroma","","","66","","","","","","","","","","","","","","","","","","true","","","","","","","","","","","","","","","","","","","","","","","","",""
"RedirecterCocoonDefault","RedirecterCocoonDefault","","","66","","","","","","","","","","","","","","","","","","true","","","","","","","","","","","najia_tex.sctx","najia_tex.sctx","","","","","","","","","","","","",""
"RedirecterPetDefault","RedirecterPetDefault","","","66","","","","","","","","","","","","","","","","","","true","","","","","","","","","","","najia_tex.sctx","najia_tex.sctx","","","","","","","","","","","","",""
"MegaBossMaisieTurretDefault","MegaBossMaisieTurretDefault","","","66","","","","","","","","","","","","","","","","","","true","","","","","","","","","","","","","","","","","","","","","","","","",""
"MegaBossCrowDragonDefaultL2","MegaBossCrowDragonDefaultL2","","","66","","","","","","","","","","","","","","","","","","true","","","","","","","","","","","","","","","","","-800","","","","","","","",""
"GladiatorDefault","GladiatorDefault","","","67","","","","","","","","","","","","","","","","","","true","","","","","","","","","","","damian_tex.sctx","damian_tex.sctx","","","","","-300","","","","","","","",""
"EnragerBuddyDefault","EnragerBuddyDefault","","","67","","","","","","","","","","","","","","","","","","true","","","","","","","","","","","","","","","","","","","","","","","","",""
"EnragerBuddyGadget","EnragerBuddyGadget","","","67","","","","","","","","","","","","","","","","","","true","","","","","","","","","","buffy_edgar_gadget_materials.glb","","","","","","","","","","","","","","",""
"EnragerBuddySP","EnragerBuddySP","","","67","","","","","","","","","","","","","","","","","","true","","","","","","","","","","buffy_edgar_starpower_materials.glb","","","","","","","","","","","","","","",""
"EnragerBuddyHC","EnragerBuddyHC","","","67","","","","","","","","","","","","","","","","","","true","","","","","","","","","","buffy_edgar_hc_materials.glb","","","","","","","","","","","","","","",""
"EnragerBuddyBlingChroma","EnragerBuddyBlingChroma","","","67","","","","","","","","","","","","","","","","","","true","","","","","","","","","","","","","","","","","","","","","","","","",""
"TrickshotDudeBuddyDefault","TrickshotDudeBuddyDefault","","","68","","","","","","","","","","","","","","","","","","true","","","","","","","","","","","","","","","","","","","","","","","","",""
"TrickshotDudeBuddyGadget","TrickshotDudeBuddyDefault","","","68","","","","","","","","","","","","","","","","","","true","","","","","","","","","","","","","","","","","","","","","","","","",""
"TrickshotDudeBuddySP","TrickshotDudeBuddyDefault","","","68","","","","","","","","","","","","","","","","","","true","","","","","","","","","","buffy_rico_starpower_materials.glb","","","","","","","","","","","","","","",""
"TrickshotDudeBuddyHC","TrickshotDudeBuddyDefault","","","68","","","","","","","","","","","","","","","","","","true","","","","","","","","","","buffy_rico_hc_materials.glb","","","","","","","","","","","","","","",""
"TrickshotDudeBuddyBlingChroma","TrickshotDudeBuddyBlingChroma","","","68","","","","","","","","","","","","","","","","","","true","","","","","","","","","","","","","","","","","","","","","","","","",""
"RocketGirlBuddyDefault","RocketGirlBuddyDefault","","","","","","","","","","","","","","","","","","","","","true","","","","","","","","","","","","","","","","","","","","","","","","",""
"RocketGirlBuddyGadget","RocketGirlBuddyDefault","","","","","","","","","","","","","","","","","","","","","true","","","","","","","","","","","","","","","","","","","","","","","","",""
"RocketGirlBuddySP","RocketGirlBuddySP","","","","","","","","","","","","","","","","","","","","","true","","","","","","","","","","buffy_brock_star_power_material.glb","","","","","","","","","","","","","","",""
"RocketGirlBuddyHC","RocketGirlBuddyHC","","","","","","","","","","","","","","","","","","","","","true","","","","","","","","","","buffy_brock_hypercharge_material.glb","","","","","","","","","","","","","","",""
"RocketGirlBuddyBlingChroma","RocketGirlBuddyChroma","","","","","","","","","","","","","","","","","","","","","true","","","","","","","","","","","","","","","","","","","","","","","","",""
"AssaultShotgunBuddyDefault","AssaultShotgunBuddyDefault","","","67","","","","","","","","","","","","","","","","","","true","","","","","","","","","","","","","","","","","","","","","","","","",""
"AssaultShotgunBuddyGadget","AssaultShotgunBuddyDefault","","","67","","","","","","","","","","","","","","","","","","true","","","","","","","","","","buffy_griff_gadget_materials.glb","","","","","","","","","","","","","","",""
"AssaultShotgunBuddySP","AssaultShotgunBuddySP","","","67","","","","","","","","","","","","","","","","","","true","","","","","","","","","","buffy_griff_star_power_materials.glb","","","","","","","","","","","","","","",""
"AssaultShotgunBuddyHC","AssaultShotgunBuddyHC","","","67","","","","","","","","","","","","","","","","","","true","","","","","","","","","","buffy_griff_hypercharge_materials.glb","","","","","","","","","","","","","","",""
"AssaultShotgunBuddyBlingChroma","AssaultShotgunBuddyChroma","","","67","","","","","","","","","","","","","","","","","","true","","","","","","","","","","","","","","","","","","","","","","","","",""
"PercenterBuddyDefault","PercenterBuddyDefault","","","67","","","","","","","","","","","","","","","","","","true","","","","","","","","","","","","","","","","","","","","","","","","",""
"PercenterBuddyGadget","PercenterBuddyDefault","","","67","","","","","","","","","","","","","","","","","","true","","","","","","","","","","buffy_colette_gadget_materials.glb","","","","","","","","","","","","","","",""
"PercenterBuddySP","PercenterBuddyDefault","","","67","","","","","","","","","","","","","","","","","","true","","","","","","","","","","buffy_colette_star_power_materials.glb","","","","","","","","","","","","","","",""
"PercenterBuddyHC","PercenterBuddyDefault","","","67","","","","","","","","","","","","","","","","","","true","","","","","","","","","","buffy_colette_hypercharge_materials.glb","","","","","","","","","","","","","","",""
"PercenterBuddyBlingChroma","PercenterBuddyBlingChroma","","","67","","","","","","","","","","","","","","","","","","true","","","","","","","","","","","buffy_colette_bling_tex.sctx","buffy_colette_bling_tex.sctx","","","","","","","","","","","","",""
"ArcadeBuddyDefault","ArcadeBuddyDefault","","","68","","","","","","","","","","","","","","","","","","true","","","","","","","","","","","","","","","","","","","","","","","","",""
"ArcadeBuddyGadget","ArcadeBuddyDefault","","","68","","","","","","","","","","","","","","","","","","true","","","","","","","","","","","","","","","","","","","","","","","","",""
"ArcadeBuddySP","ArcadeBuddyDefault","","","68","","","","","","","","","","","","","","","","","","true","","","","","","","","","","buffy_8bit_star_power_materials.glb","","","","","","","","","","","","","","",""
"ArcadeBuddyHC","ArcadeBuddyDefault","","","68","","","","","","","","","","","","","","","","","","true","","","","","","","","","","buffy_8bit_hypercharge_materials.glb","","","","","","","","","","","","","","",""
"ArcadeBuddyBlingChroma","ArcadeBuddyBlingChroma","","","68","","","","","","","","","","","","","","","","","","true","","","","","","","","","","","","","","","","","","","","","","","","",""
"JetpackGirlMHA","JetpackGirlMHA","","MHA","67","","","","3","3","","","","","","","","","","","","","true","","149","","","EPIC","TID_MHA_OCHACO_JANET_SKIN","TID_MHA_OCHACO_JANET_SHOP","MODEL,TEXTURE,ANIM,VFX","","","janet_ochaco_tex.sctx","janet_ochaco_tex.sctx","","impostor_outline_thin_extra","","200","100","","","","","","","NEVER",""
"EnragerBakugo","EnragerBakugo","","MHA","67","","","","3","3","","","","","","","","","","","","","true","","199","","","MYTHIC","TID_MHA_BAKUGO_EDGAR_SKIN","TID_MHA_BAKUGO_EDGAR_SHOP","MODEL,TEXTURE,ANIM,VFX","","","edgar_bakugo_tex.sctx","edgar_bakugo_tex.sctx","","impostor_outline_thin_extra","","-100","-300","","","","","","","NEVER",""
"SoulCollectorMHA","SoulCollectorMHA","","MHA","67","","","","3","3","","","","","","","","","","","","","true","","199","","","MYTHIC","TID_MHA_SHIGARAKI_GUS_SKIN","TID_MHA_SHIGARAKI_GUS_SHOP","MODEL,TEXTURE,ANIM,VFX","","","","","","impostor_outline_thin_extra","","200","50","","","","","","","NEVER",""
"KickerDudeMHA","KickerDudeMHA","","MHA","67","","","","3","3","","","","","","","","","","","","","true","","149","","","EPIC","TID_MHA_DEKU_FANG_SKIN","TID_MHA_DEKU_FANG_SHOP","MODEL,TEXTURE,ANIM,VFX","","","fang_deku_tex.sctx","fang_deku_tex.sctx","","impostor_outline_thin_extra","","","","","","","","","","NEVER",""
"MagicalGirlDefault","MagicalGirlDefault","","","67","","","","","","","","","","","","","","","","","","true","","","","","","","","","","","starrnova_tex.sctx","starrnova_tex.sctx","","","","-100","-500","","","","","","","",""
"TempBrawlerMagicalGirlDefault","TempBrawlerMagicalGirlDefault","","","","","","","","","","","","","","","","","","","","","true","","","","","","","","","","","starrnova_tex.sctx","starrnova_tex.sctx","","","","","","","","","","","","",""
"RedirecterGold","RedirecterGold","","GOLD","67","","","","","","","","","","","RedirecterCocoonDefault","RedirecterPetDefault","","","","","","","","","","25000","COLLECTORS","TID_TRUE_GOLD_NAJIA_SKIN","TID_TRUE_GOLD_NAJIA_SHOP","MODEL,TEXTURE","","gold_true_materials.glb","najia_gold_tex.sctx","najia_gold_tex.sctx","","","","","","true","","","","","","",""
"RedirecterSilver","RedirecterSilver","","SILVER","67","","","","","","","","","","","RedirecterCocoonDefault","RedirecterPetDefault","","","","","","","","","","10000","COLLECTORS","TID_TRUE_SILVER_NAJIA_SKIN","TID_TRUE_SILVER_NAJIA_SHOP","MODEL,TEXTURE","","silver_true_materials.glb","najia_silver_tex.sctx","najia_silver_tex.sctx","","","","","","true","","","","","","",""
"LuchadorMHA","LuchadorMHA","","MHA","67","","","","3","3","","","","","","","","","","","","","true","","299","","","LEGENDARY","TID_MHA_ALL_MIGHT_PRIMO_SKIN","TID_MHA_ALL_MIGHT_PRIMO_SHOP","MODEL,TEXTURE,ANIM,VFX,TAKEDOWN,VOICE","","","primo_all_might_tex.sctx","primo_all_might_tex.sctx","","impostor_outline_thin_extra","","100","-100","","","","","","","NEVER",""
"BeeSniperStarrGirls","BeeSniperStarrGirls","","ANIME","67","","","","3","3","","","","","","BeeSniperStarrGirlsAddonBee","","","","","","5000","true","","149","","","EPIC","TID_STARR_GIRLS_BEA_SKIN","TID_STARR_GIRLS_BEA_SHOP","MODEL,TEXTURE,ANIM,VFX","","","","","","","","","-180","","","","","","","LATER",""
"BeeSniperStarrGirlsAddonBee","BeeSniperStarrGirlsAddonBee","","","67","","","","","","","","","","","","","","","","","","true","","","","","","","","","","","bea_starr_girls_tex.sctx","bea_starr_girls_tex.sctx","","","","","","","","","","","","",""
"CactusStarrGirls","CactusStarrGirls","","BRAWLPASS","67","","","","3","3","","","","","","","","","","","","5000","true","","149","","","EPIC","TID_STARR_GIRLS_SPIKE_SKIN","TID_STARR_GIRLS_SPIKE_SHOP","MODEL,TEXTURE,ANIM,VFX","","","","","","","","-400","-400","","","","","","","NEVER",""
"","","","ANIME","","","","","","","","","","","","","","","","","","","","","","","","","","","","","","","","","","","","","","","","","","","",""
"VoodooStarrGirls","VoodooStarrGirls","","ANIME","67","","","","3","3","","","","","","VoodooPetStarrGirls","","","","","","","true","","199","","","MYTHIC","TID_STARR_GIRLS_JUJU_SKIN","TID_STARR_GIRLS_JUJU_SHOP","MODEL,TEXTURE,ANIM,VFX,TAKEDOWN","","","","","","","","-150","200","","","","","","","LATER",""
"VoodooPetStarrGirls","VoodooPetStarrGirls","","","67","","","","","","","","","","","","","","","","","","true","","","","","","","","","","","juju_starr_girls_doll_face_tex.sctx","juju_starr_girls_doll_face_tex.sctx","","","","","","","","","","","","",""
"FireDudeStarrGirls","FireDudeStarrGirls","","ANIME","67","","","","3","3","","","","","","","","","","","","","true","","299","","","LEGENDARY","TID_STARR_GIRLS_AMBER_SKIN","TID_STARR_GIRLS_AMBER_SHOP","MODEL,TEXTURE,ANIM,VFX,TAKEDOWN,VOICE,RESPAWN","","","","","","","","700","-100","true","","","","","","LATER",""
"PercenterStarrGirls","PercenterStarrGirls","","BRAWLPASS","67","","","","3","3","","","","","","MechanicTurretTanuki","","","","","","5000","true","","149","","","EPIC","TID_STARR_GIRLS_COLETTE_SKIN","TID_STARR_GIRLS_COLETTE_SHOP","MODEL,TEXTURE,ANIM,VFX","","","","","","","","","-800","","","","","","","NEVER",""
"","","","ANIME","","","","","","","","","","","","","","","","","","","","","","","","","","","","","","","","","","","","","","","","","","","",""
"MegaBossPercenterStarrGirls","MegaBossPercenterStarrGirls","","","","","","","","","","","","","","","","","","","","","true","","","","","","","","","","","","","","","","","-800","","","","","","","",""
"ChronomancerStarrGirls","ChronomancerStarrGirls","","ANIME","67","","","","3","3","","","","","","","","","","","","","true","","199","","","MYTHIC","TID_STARR_GIRLS_FINX_SKIN","TID_STARR_GIRLS_FINX_SHOP","MODEL,TEXTURE,ANIM,VFX,TAKEDOWN","","","finx_villain_tex.sctx","finx_villain_tex.sctx","","","","","","","","","","","","LATER",""
"MegaBossChronomancerStarrGirls","MegaBossChronomancerStarrGirls","","","","","","","","","","","","","","","","","","","","","true","","","","","","","","","","","finx_villain_tex.sctx","finx_villain_tex.sctx","","","","","","","","","","","","",""
"CactusStarrGirlsChroma1","CactusStarrGirlsChroma1","","BRAWLPASS","67","","","","3","3","","","","","","","","","","","","5000","true","","149","","","EPIC","TID_STARR_GIRLS_SPIKE_CHROMA_1_SKIN","TID_STARR_GIRLS_SPIKE_CHROMA_1_SHOP","MODEL,TEXTURE,ANIM,VFX","","spike_starr_girls_yellow_mat.glb","","","","","","-400","-400","","","","","","","NEVER",""
"","","","ANIME","","","","","","","","","","","","","","","","","","","","","","","","","","","","","","","","","","","","","","","","","","","",""
"CactusStarrGirlsChroma2","CactusStarrGirlsChroma2","","BRAWLPASS","67","","","","3","3","","","","","","","","","","","","5000","true","","149","","","EPIC","TID_STARR_GIRLS_SPIKE_CHROMA_2_SKIN","TID_STARR_GIRLS_SPIKE_CHROMA_2_SHOP","MODEL,TEXTURE,ANIM,VFX","","spike_starr_girls_purple_mat.glb","","","","","","-400","-400","","","","","","","NEVER",""
"","","","ANIME","","","","","","","","","","","","","","","","","","","","","","","","","","","","","","","","","","","","","","","","","","","",""
"PercenterStarrGirlsChroma1","PercenterStarrGirlsChroma1","","BRAWLPASS","67","","","","3","3","","","","","","MechanicTurretTanuki","","","","","","5000","true","","149","","","EPIC","TID_STARR_GIRLS_COLETTE_CHROMA_1_SKIN","TID_STARR_GIRLS_COLETTE_CHROMA_1_SHOP","MODEL,TEXTURE,ANIM,VFX","","colette_villain_red.glb","","","","","","","-800","","","","","","","NEVER",""
"","","","ANIME","","","","","","","","","","","","","","","","","","","","","","","","","","","","","","","","","","","","","","","","","","","",""
"PercenterStarrGirlsChroma2","PercenterStarrGirlsChroma2","","BRAWLPASS","67","","","","3","3","","","","","","MechanicTurretTanuki","","","","","","5000","true","","149","","","EPIC","TID_STARR_GIRLS_COLETTE_CHROMA_2_SKIN","TID_STARR_GIRLS_COLETTE_CHROMA_2_SHOP","MODEL,TEXTURE,ANIM,VFX","","colette_villain_purple.glb","","","","","","","-800","","","","","","","NEVER",""
"","","","ANIME","","","","","","","","","","","","","","","","","","","","","","","","","","","","","","","","","","","","","","","","","","","",""
"FireDudeStarrGirlsChroma1","FireDudeStarrGirlsChroma1","","ANIME","67","","","","3","3","","","","","","","","","","","","","true","","299","","","LEGENDARY","TID_STARR_GIRLS_AMBER_CHROMA_1_SKIN","TID_STARR_GIRLS_AMBER_CHROMA_1_SHOP","MODEL,TEXTURE,ANIM,VFX,TAKEDOWN,VOICE,RESPAWN","","amber_starr_girls_chroma_evil_material.glb","","","","","","700","-100","true","","","","","","LATER",""
"","","","ANIME","","","","","","","","","","","","","","","","","","","","","","","","","","","","","","","","","","","","","","","","","","","",""
"MagicalGirlFlyAreaDefault","MagicalGirlFlyAreaDefault","","","67","","","","","","","","","","","","","","","","","","true","","","","","","","","","","","starrnova_tex.sctx","starrnova_tex.sctx","","","","","","","","","","","","",""
"RockDefault","RockDefault","","","","","","","","","","","","","","","","","","","","","true","","","","","","","","","","","bolt_tex.sctx","bolt_tex.sctx","","","","","","true","","","","","","",""
"IceDudeStrikers","IceDudeStrikers","","ADIDAS","67","","","","3","3","","","","","","","","","","","","","true","","299","","","LEGENDARY","TID_BRAWL_STRIKERS_LOU_SKIN","TID_BRAWL_STRIKERS_LOU_SHOP","MODEL,TEXTURE,ANIM,VFX,TAKEDOWN,VOICE,RESPAWN","","","lou_strikers_tex.sctx","lou_strikers_tex.sctx","","","","","","","","","","","","NEVER",""
"SilencerStrikers","SilencerStrikers","","ADIDAS","67","","","","3","3","","","","","","","","","","","","","true","","199","","","MYTHIC","TID_BRAWL_STRIKERS_OTIS_SKIN","TID_BRAWL_STRIKERS_OTIS_SHOP","MODEL,TEXTURE,ANIM,VFX,TAKEDOWN","","","otis_strikers_tex.sctx","otis_strikers_tex.sctx","","","","-300","","","","","","","","NEVER",""
"SilencerStrikersAddonStarfish","SilencerStrikersAddonStarfish","","","67","","","","","","","","","","","","","","","","","","true","","","","","","","","","","","otis_strikers_tex.sctx","otis_strikers_tex.sctx","","","","","","","","","","","","",""
"HookDudeStrikers","HookDudeStrikers","","BRAWLPASS","67","","","","3","3","","","","","","","","","","","","5000","true","","149","","","EPIC","TID_BRAWL_STRIKERS_GENE_SKIN","TID_BRAWL_STRIKERS_GENE_SHOP","MODEL,TEXTURE,ANIM,VFX","","","gene_strikers_tex.sctx","gene_strikers_tex.sctx","","","","","","","","","","","","NEVER",""
"","","","STRIKERS","","","","","","","","","","","","","","","","","","","","","","","","","","","","","","","","","","","","","","","","","","","",""
"MeepleStrikers","MeepleStrikers","","ADIDAS","67","","","","3","3","","","","","","","","","","","","","true","","199","","","MYTHIC","TID_BRAWL_STRIKERS_MEEPLE_SKIN","TID_BRAWL_STRIKERS_MEEPLE_SHOP","MODEL,TEXTURE,ANIM,VFX,TAKEDOWN","","","meeple_strikers_tex.sctx","meeple_strikers_tex.sctx","","","","-500","300","","","","","","","NEVER",""
"WhirlwindStrikers","WhirlwindStrikers","","BRAWLPASS","67","","","","3","3","","","","","","","","","","","","5000","true","","149","","","EPIC","TID_BRAWL_STRIKERS_CARL_SKIN","TID_BRAWL_STRIKERS_CARL_SHOP","MODEL,TEXTURE,ANIM,VFX","","","","","","","","","","","","","","","","NEVER",""
"","","","STRIKERS","","","","","","","","","","","","","","","","","","","","","","","","","","","","","","","","","","","","","","","","","","","",""
"PowerLevelerStrikers","PowerLevelerStrikers","","ADIDAS","67","","","","3","3","","","","","","","","","","","","","true","","199","","","MYTHIC","TID_BRAWL_STRIKERS_SURGE_SKIN","TID_BRAWL_STRIKERS_SURGE_SHOP","MODEL,TEXTURE,ANIM,VFX,TAKEDOWN","","","surge_strikers_tex.sctx","surge_strikers_tex.sctx","","","","","-300","","","","","","","NEVER",""
"HookDudeStrikersChroma1","HookDudeStrikersChroma1","","BRAWLPASS","67","","","","3","3","","","","","","","","","","","","5000","true","","149","","","EPIC","TID_BRAWL_STRIKERS_GENE_CHROMA_1_SKIN","TID_BRAWL_STRIKERS_GENE_CHROMA_1_SHOP","MODEL,TEXTURE,ANIM,VFX","","","gene_strikers_chroma_blue_tex.sctx","gene_strikers_chroma_blue_tex.sctx","","","","","","","","","","","","NEVER",""
"","","","STRIKERS","","","","","","","","","","","","","","","","","","","","","","","","","","","","","","","","","","","","","","","","","","","",""
"HookDudeStrikersChroma2","HookDudeStrikersChroma2","","BRAWLPASS","67","","","","3","3","","","","","","","","","","","","5000","true","","149","","","EPIC","TID_BRAWL_STRIKERS_GENE_CHROMA_2_SKIN","TID_BRAWL_STRIKERS_GENE_CHROMA_2_SHOP","MODEL,TEXTURE,ANIM,VFX","","","gene_strikers_chroma_red_tex.sctx","gene_strikers_chroma_red_tex.sctx","","","","","","","","","","","","NEVER",""
"","","","STRIKERS","","","","","","","","","","","","","","","","","","","","","","","","","","","","","","","","","","","","","","","","","","","",""
"WhirlwindStrikersChroma1","WhirlwindStrikersChroma1","","BRAWLPASS","67","","","","3","3","","","","","","","","","","","","5000","true","","149","","","EPIC","TID_BRAWL_STRIKERS_CARL_CHROMA_1_SKIN","TID_BRAWL_STRIKERS_CARL_CHROMA_1_SHOP","MODEL,TEXTURE,ANIM,VFX","","carl_strikers_blue_materials.glb","","","","","","","","","","","","","","NEVER",""
"","","","STRIKERS","","","","","","","","","","","","","","","","","","","","","","","","","","","","","","","","","","","","","","","","","","","",""
"WhirlwindStrikersChroma2","WhirlwindStrikersChroma2","","BRAWLPASS","67","","","","3","3","","","","","","","","","","","","5000","true","","149","","","EPIC","TID_BRAWL_STRIKERS_CARL_CHROMA_2_SKIN","TID_BRAWL_STRIKERS_CARL_CHROMA_2_SHOP","MODEL,TEXTURE,ANIM,VFX","","carl_strikers_yellow_materials.glb","","","","","","","","","","","","","","NEVER",""
"","","","STRIKERS","","","","","","","","","","","","","","","","","","","","","","","","","","","","","","","","","","","","","","","","","","","",""
"MegaBossChronomancerKaijuL1","MegaBossChronomancerKaijuL1","","","","","","","","","","","","","","","","","","","","","true","","","","","","","","","","","finx_mecha_tex.sctx","finx_mecha_tex.sctx","","","","-100","","","","","","","","",""
"MegaBossChronomancerKaijuL2","MegaBossChronomancerKaijuL2","","","","","","","","","","","","","","","","","","","","","true","","","","","","","","","","","finx_mecha_tex.sctx","finx_mecha_tex.sctx","","","","-100","","","","","","","","",""
"StarNovaCactusCoverDefault","StarNovaCactusCoverDefault","","","","","","","","","","","","","","","","","","","","","true","","","","","","","","","","","spike_starr_girls_cactus_tex.sctx","spike_starr_girls_cactus_tex.sctx","","","","","","","","","","","","",""
"MegaBoxFinxStatisTower","MegaBoxFinxStatisTower","","","67","","","","","","","","","","","","","","","","","","true","","","","","","","","","","","","","","","","","","","","","","","true","",""
"DrillerWorldFinals","DrillerWorldFinals","","WF_2025","","","","","3","3","","","","","","","","","","","","","true","","149","","","EPIC","TID_ESPORTS_JACKY_SKIN","TID_ESPORTS_JACKY_SHOP","MODEL,TEXTURE,ANIM,VFX","","","jacky_esports_tex.sctx","jacky_esports_tex.sctx","","","","-100","-600","","","","","","","NEVER",""
"BallAdidas","BallAdidas","","","","","","","","","","","","","","","","","","","","","true","","","","","","","","","","","","","","","","","","","","","","","","",""
"MegaBossPercenterTurret","MegaBossPercenterTurret","","","","","","","","","","","","","","","","","","","","","true","","","","","","","","","","","colette_villain_book_tex.sctx","colette_villain_book_tex.sctx","","","","","","","","","","","","",""
"MegaBossPercenterPetGhost","MegaBossPercenterPetGhost","","","","","","","","","","","","","","","","","","","","","true","","","","","","","","","","","colette_tex.sctx","colette_tex.sctx","ghost","","","","","","","","","","","",""
"KatanaKidDefault","KatanaKidDefault","","","68","","","","","","","","","","","","","","","","","","true","","","","","","","","","","","nori_tex.sctx","nori_tex.sctx","","","","700","-600","","","","","","","",""
"ChargeBallArena","ChargeBallArena","","","","","","","","","","","","","","","","","","","","","true","","","","","","","","","","","","","","","","","","","","","","","","",""
"GoalKeeperDefault","GoalKeeperDefault","","","67","","","","","","","","","","","","","","","","","","true","","","","","","","","","","","goalkeeper_robot_tex.sctx","goalkeeper_robot_tex.sctx","","","","","","","","","","","","",""
"GoalkeeperOwn","GoalKeeperDefault","","","","","","","","","","","","","","","","","","","","","true","","","","","","","","","","","goalkeeper_blue_goalkeeper_robot_tex.sctx","goalkeeper_blue_goalkeeper_robot_tex.sctx","","","","","","","","","","","","",""
"GoalKeeperEnemy","GoalKeeperDefault","","","67","","","","","","","","","","","","","","","","","","true","","","","","","","","","","","goalkeeper_robot_tex.sctx","goalkeeper_robot_tex.sctx","","","","","","","","","","","","",""
"TempBrawlerBeeSniperStarrGirlsDefault","TempBrawlerBeeSniperStarrGirlsDefault","","","","","","","","","","","","","","BeeSniperStarrGirlsAddonBee","","","","","","","true","","","","","","","","","","","","","","","","","-180","","","","","","","",""
"TempBrawlerCactusStarrGirlsDefault","TempBrawlerCactusStarrGirlsDefault","","","","","","","","","","","","","","","","","","","","","true","","","","","","","","","","","","","","","","-400","-400","","","","","","","",""
"TempBrawlerVoodooStarrGirlsDefault","TempBrawlerVoodooStarrGirlsDefault","","","","","","","","","","","","","","VoodooPetStarrGirls","","","","","","","true","","","","","","","","","","","","","","","","-150","200","","","","","","","",""
"TempBrawlerFireDudeStarrGirlsDefault","TempBrawlerFireDudeStarrGirlsDefault","","","","","","","","","","","","","","","","","","","","","true","","","","","","","","","","","","","","","","700","-100","true","","","","","","",""
"FleaPetGold","FleaPetGold","","GOLD","","","","","","","","","","","","","","","","","","","true","","","","","","","","","","gold_true_materials.glb","eve_gold_tex.sctx","eve_gold_tex.sctx","","","","","","","","","","","","",""
"FleaPetSilver","FleaPetSilver","","SILVER","","","","","","","","","","","","","","","","","","","true","","","","","","","","","","silver_true_materials.glb","eve_silver_tex.sctx","eve_silver_tex.sctx","","","","","","","","","","","","",""
"FleaBigEggGold","FleaBigEggGold","","GOLD","","","","","","","","","","","","","","","","","","","true","","","","","","","","","","gold_true_materials.glb","eve_gold_tex.sctx","eve_gold_tex.sctx","","","","","","","","","","","","",""
"FleaBigEggSilver","FleaBigEggSilver","","SILVER","","","","","","","","","","","","","","","","","","","true","","","","","","","","","","silver_true_materials.glb","eve_silver_tex.sctx","eve_silver_tex.sctx","","","","","","","","","","","","",""
"FutureGirlDefault","FutureGirlDefault","","","","","","","","","","","","","","FutureGirlTurretDefault","","","","","","","true","","","","","","","","","","","wendy_tex.sctx","wendy_tex.sctx","","","","200","-400","true","","","","","","",""
"NanoIngredient1","NanoIngredient1","","","","","","","","","","","","","","","","","","","","","true","","","","","","","","","","","","","","","","","","","","","","","","",""
"NanoIngredient2","NanoIngredient2","","","","","","","","","","","","","","","","","","","","","","","","","","","","","","","","","","","","","","","","","","","","","",""
"NanoIngredient3","NanoIngredient3","","","","","","","","","","","","","","","","","","","","","","","","","","","","","","","","","","","","","","","","","","","","","",""
"NanoIngredient4","NanoIngredient4","","","","","","","","","","","","","","","","","","","","","","","","","","","","","","","","","","","","","","","","","","","","","",""
"GladiatorGold","GladiatorGold","","GOLD","68","","","","","","","","","","","","","","","","","","","","","","25000","COLLECTORS","TID_TRUE_GOLD_DAMIAN_SKIN","TID_TRUE_GOLD_DAMIAN_SHOP","MODEL,TEXTURE","","gold_true_materials.glb","damian_gold_tex.sctx","damian_gold_tex.sctx","","","","","-300","true","","","","","","",""
"GladiatorSilver","GladiatorSilver","","SILVER","68","","","","","","","","","","","","","","","","","","","","","","10000","COLLECTORS","TID_TRUE_SILVER_DAMIAN_SKIN","TID_TRUE_SILVER_DAMIAN_SHOP","MODEL,TEXTURE","","silver_true_materials.glb","damian_silver_tex.sctx","damian_silver_tex.sctx","","","","","-300","true","","","","","","",""
"KnightAdidas","KnightAdidas","","ADIDAS","68","","","","3","3","","","","","","KnightPetAdidas","","","","","","","true","","149","","","EPIC","TID_ADIDAS_BOX_ASH_SKIN","TID_ADIDAS_BOX_ASH_SHOP","MODEL,TEXTURE,ANIM,VFX","","","ash_adidas_tex.sctx","ash_adidas_tex.sctx","","","","","","","","","","","","NEVER",""
"BanditGirlCybernoodles","BanditGirlCybernoodles","","NANO","68","sc/emoji_68.sc","emoji_shelly_nano","","3","3","","","","","","","","","","","","","true","","299","","","LEGENDARY","TID_CYBERNOODLES_SHELLY_SKIN","TID_CYBERNOODLES_SHELLY_SHOP","MODEL,TEXTURE,ANIM,VFX,TAKEDOWN,VOICE,RESPAWN","","","shelly_cybernoodles_tex.sctx","shelly_cybernoodles_tex.sctx","","","","","","true","","","","","","",""
"LeaperKatanakingdom","LeaperKatanakingdom","","BRAWLPASS","68","sc/emoji_68.sc","emoji_mico_nano","","3","3","","","","","","","","","","","","5000","true","","149","","","EPIC","TID_KATANA_KINGDOM_MICO_SKIN","TID_KATANA_KINGDOM_MICO_SHOP","MODEL,TEXTURE,ANIM,VFX","","","mico_katanakingdom_tex.sctx","mico_katanakingdom_tex.sctx","","","","","","","","","","","","NEVER",""
"","","","NANO","","","","","","","","","","","","","","","","","","","","","","","","","","","","","","","","","","","","","","","","","","","",""
"LeaperKatanakingdomChroma1","LeaperKatanakingdomChromaRed","","BRAWLPASS","68","","","","3","3","","","","","","","","","","","","5000","true","","149","","","EPIC","TID_KATANA_KINGDOM_MICO_CHROMA_1_SKIN","TID_KATANA_KINGDOM_MICO_CHROMA_1_SHOP","MODEL,TEXTURE,ANIM,VFX","","","mico_katanakingdom_chroma_red_tex.sctx","mico_katanakingdom_chroma_red_tex.sctx","","","","","","","","","","","","NEVER",""
"","","","NANO","","","","","","","","","","","","","","","","","","","","","","","","","","","","","","","","","","","","","","","","","","","",""
"LeaperKatanakingdomChroma2","LeaperKatanakingdomChromaGreen","","BRAWLPASS","68","","","","3","3","","","","","","","","","","","","5000","true","","149","","","EPIC","TID_KATANA_KINGDOM_MICO_CHROMA_2_SKIN","TID_KATANA_KINGDOM_MICO_CHROMA_2_SHOP","MODEL,TEXTURE,ANIM,VFX","","","mico_katanakingdom_chroma_green_tex.sctx","mico_katanakingdom_chroma_green_tex.sctx","","","","","","","","","","","","NEVER",""
"","","","NANO","","","","","","","","","","","","","","","","","","","","","","","","","","","","","","","","","","","","","","","","","","","",""
"DoorManWindstock","DoorManWindstock","","WINDSTOCK","68","sc/emoji_68.sc","emoji_gray_windstock","","3","3","","","","","","","","","","","","","true","","299","","","LEGENDARY","TID_WINDSTOCK_GRAY_SKIN","TID_WINDSTOCK_GRAY_SHOP","MODEL,TEXTURE,ANIM,VFX,TAKEDOWN,VOICE,RESPAWN","","","gray_windstock_tex.sctx","gray_windstock_tex.sctx","","","","","","","","","","","","",""
"RosaWindstock","RosaWindstock","","BRAWLPASS","68","sc/emoji_68.sc","emoji_rosa_windstock","","3","3","","","","","","","","","","","","5000","true","","149","","","EPIC","TID_WINDSTOCK_ROSA_SKIN","TID_WINDSTOCK_ROSA_SHOP","MODEL,TEXTURE,ANIM,VFX","","","","","","","","-100","-200","","","","","","","NEVER",""
"","","","WINDSTOCK","","","","","","","","","","","","","","","","","","","","","","","","","","","","","","","","","","","","","","","","","","","",""
"RockGold","RockGold","","GOLD","68","","","","","","","","","","","","","","","","","","","","","","25000","COLLECTORS","TID_TRUE_GOLD_BOLT_SKIN","TID_TRUE_GOLD_BOLT_SHOP","MODEL,TEXTURE","","gold_true_materials.glb","bolt_gold_tex.sctx","bolt_gold_tex.sctx","","","","","","true","","","","","","",""
"RockSilver","RockSilver","","SILVER","68","","","","","","","","","","","","","","","","","","","","","","10000","COLLECTORS","TID_TRUE_SILVER_BOLT_SKIN","TID_TRUE_SILVER_BOLT_SHOP","MODEL,TEXTURE","","silver_true_materials.glb","bolt_silver_tex.sctx","bolt_silver_tex.sctx","","","","","","true","","","","","","",""
"DiggerDiggerWindstock","DiggerDiggerWindstock","","WINDSTOCK","68","sc/emoji_68.sc","emoji_moe_windstock","","3","3","","","","","","DiggerDrillDiggerDrillWindstock","","","","","","","true","","199","","","MYTHIC","TID_WINDSTOCK_MOE_SKIN","TID_WINDSTOCK_MOE_SHOP","MODEL,TEXTURE,ANIM,VFX,TAKEDOWN","","","moe_windstock_tex.sctx","moe_windstock_tex.sctx","","","","-600","700","","","","","","","",""
"DiggerDrillDiggerDrillWindstock","DiggerDrillDiggerDrillWindstock","","","68","","","","","","","","","","","","","","","","","","true","","","","","","","","","","","moe_windstock_tex.sctx","moe_windstock_tex.sctx","","","","","","","","","","","","",""
"ClusterBombKatanakingdom","ClusterBombKatanakingdom","","NANO","68","sc/emoji_68.sc","emoji_tick_nano","","3","3","","","","","","ClusterBombPetKatanakingdom","","","","","","","true","","199","","","MYTHIC","TID_KATANA_KINGDOM_TICK_SKIN","TID_KATANA_KINGDOM_TICK_SHOP","MODEL,TEXTURE,ANIM,VFX,TAKEDOWN","","","tick_katanakingdom_tex.sctx","tick_katanakingdom_tex.sctx","","","","","","","","","","","","",""
"ClusterBombPetKatanakingdom","ClusterBombPetKatanakingdom","","","68","","","","","","","","","","","","","","","","","","true","","","","","","","","","","","tick_katanakingdom_tex.sctx","tick_katanakingdom_tex.sctx","","","","","","","","","","","","",""
"BlackholeCybernoodles","BlackholeCybernoodles","","NANO","68","sc/emoji_68.sc","emoji_tara_nano","","3","3","","","","","","","","","","","","","true","","199","","","MYTHIC","TID_CYBERNOODLES_TARA_SKIN","TID_CYBERNOODLES_TARA_SHOP","MODEL,TEXTURE,ANIM,VFX,TAKEDOWN","","","tara_cybernoodles_tex.sctx","tara_cybernoodles_tex.sctx","","","","","","","","","","","","",""
"BlackholePetCybernoodles","BlackholePetCybernoodles","","","68","","","","","","","","","","","","","","","","","","true","","","","","","","","","","","tara_superability_tex.sctx","tara_superability_tex.sctx","","","","","","","","","","","","",""
"RocketGirlRankedProgrsesionSkinLevel1","RocketGirlRankedProgrsesionSkinLevel1","","PROPASS","68","","","14","9","9","","","RocketGirlRankedProgrsesionSkinLevel1","1","","","","","","","","","true","","","","","","TID_BROCK_PROPASS_PROGRESSION_SKIN_1","TID_BROCK_PROPASS_PROGRESSION_SKIN_1_SHOP","MODEL,TEXTURE","","","brock_ranked_lvl1_tex.sctx","brock_ranked_lvl1_tex.sctx","","","","","","","","","","","","",""
"RocketGirlRankedProgrsesionSkinLevel2","RocketGirlRankedProgrsesionSkinLevel2","","PROPASS","68","","","14","9","9","","","RocketGirlRankedProgrsesionSkinLevel1","2","","","","","","","","","true","","","","","","TID_BROCK_PROPASS_PROGRESSION_SKIN_2","TID_BROCK_PROPASS_PROGRESSION_SKIN_2_SHOP","MODEL,TEXTURE","","","","","","","","","","","","","","","","",""
"RocketGirlRankedProgrsesionSkinLevel3","RocketGirlRankedProgrsesionSkinLevel3","","","68","","","14","9","9","","","RocketGirlRankedProgrsesionSkinLevel1","3","true","","","","","","","","true","","","","","","TID_BROCK_PROPASS_PROGRESSION_SKIN_3","TID_BROCK_PROPASS_PROGRESSION_SKIN_3_SHOP","MODEL,TEXTURE","","","","","","","","","","","","","","","","",""
"RocketGirlRankedProgrsesionSkinLevel4","RocketGirlRankedProgrsesionSkinLevel4","","PROPASS","68","","","14","9","9","","","RocketGirlRankedProgrsesionSkinLevel1","4","","","","","","","","","true","","","","","","TID_BROCK_PROPASS_PROGRESSION_SKIN_4","TID_BROCK_PROPASS_PROGRESSION_SKIN_4_SHOP","MODEL,TEXTURE,ANIM,VFX","","","","","","","","","-400","","","","","","","",""
"RocketGirlRankedProgrsesionSkinLevel5","RocketGirlRankedProgrsesionSkinLevel5","","PROPASS","68","","","14","9","9","","","RocketGirlRankedProgrsesionSkinLevel1","5","","","","","","","","","true","","","","","","TID_BROCK_PROPASS_PROGRESSION_SKIN_5","TID_BROCK_PROPASS_PROGRESSION_SKIN_5_SHOP","MODEL,TEXTURE,ANIM,VFX","","","","","","","","","-400","","","","","","","",""
"RocketGirlRankedProgrsesionSkinLevel6","RocketGirlRankedProgrsesionSkinLevel6","","","68","","","14","9","9","","","RocketGirlRankedProgrsesionSkinLevel1","6","","","","","","","","","true","","","","","","TID_BROCK_PROPASS_PROGRESSION_SKIN_6","TID_BROCK_PROPASS_PROGRESSION_SKIN_6_SHOP","MODEL,TEXTURE,ANIM,VFX","","","","","","","","","-400","","","","","","","",""
"RocketGirlRankedProgrsesionSkinLevel7","RocketGirlRankedProgrsesionSkinLevel7","","","68","","","14","9","9","","","RocketGirlRankedProgrsesionSkinLevel1","7","","","","","","","","","true","","","","","","TID_BROCK_PROPASS_PROGRESSION_SKIN_7","TID_BROCK_PROPASS_PROGRESSION_SKIN_7_SHOP","MODEL,TEXTURE,ANIM,VFX","","","","","","","","","-400","","","","","","","",""
"RocketGirlRankedProgrsesionSkinLevel8","RocketGirlRankedProgrsesionSkinLevel8","","","68","","","14","9","9","","","RocketGirlRankedProgrsesionSkinLevel1","8","true","","","","","","","","true","","","","","","TID_BROCK_PROPASS_PROGRESSION_SKIN_8","TID_BROCK_PROPASS_PROGRESSION_SKIN_8_SHOP","MODEL,TEXTURE,ANIM,VFX","","","","","","","","","-400","","","","","","","",""
"RocketGirlRankedProgrsesionSkinLevel9","RocketGirlRankedProgrsesionSkinLevel9","","PROPASS","68","","","14","9","9","","","RocketGirlRankedProgrsesionSkinLevel1","9","true","","","","","","","","true","","","","","","TID_BROCK_PROPASS_PROGRESSION_SKIN_9","TID_BROCK_PROPASS_PROGRESSION_SKIN_9_SHOP","MODEL,TEXTURE,ANIM,VFX,VOICE,TAKEDOWN","","","","","","","","-300","-400","","","","","","","",""
"RocketGirlRankedProgrsesionSkinLevel10","RocketGirlRankedProgrsesionSkinLevel10","","PROPASS","68","","","14","9","9","","","RocketGirlRankedProgrsesionSkinLevel1","10","true","","","","","","","","true","","","","","","TID_BROCK_PROPASS_PROGRESSION_SKIN_10","TID_BROCK_PROPASS_PROGRESSION_SKIN_10_SHOP","MODEL,TEXTURE,ANIM,VFX,VOICE,TAKEDOWN","","brock_ranked_lv3_purple_material.glb","","","","","","-300","-400","","","","","","","",""
"RocketGirlRankedProgrsesionSkinLevel11","RocketGirlRankedProgrsesionSkinLevel11","","PROPASS","68","","","14","9","9","","","RocketGirlRankedProgrsesionSkinLevel1","11","true","","","","","","","","true","","","","","","TID_BROCK_PROPASS_PROGRESSION_SKIN_11","TID_BROCK_PROPASS_PROGRESSION_SKIN_11_SHOP","MODEL,TEXTURE,ANIM,VFX,VOICE,TAKEDOWN","","brock_ranked_lv3_gold_material.glb","","","","","","-300","-400","","","","","","","",""
"AlternatorCybernoodles","AlternatorCybernoodles","","BRAWLPASS","68","sc/emoji_68.sc","emoji_jae_nano","","3","3","","","","","","","","","","","","5000","true","","149","","","EPIC","TID_CYBERNOODLES_JAE_YONG_SKIN","TID_CYBERNOODLES_JAE_YONG_SHOP","MODEL,TEXTURE,ANIM,VFX","","","jae_cybernoodles_tex.sctx","jae_cybernoodles_tex.sctx","","","","100","200","","","","","","","NEVER",""
"","","","NANO","","","","","","","","","","","","","","","","","","","","","","","","","","","","","","","","","","","","","","","","","","","",""
"AlternatorCybernoodlesChroma1","AlternatorCybernoodlesChroma1","","BRAWLPASS","68","","","","3","3","","","","","","","","","","","","5000","true","","149","","","EPIC","TID_CYBERNOODLES_JAE_YONG_CHROMA_1_SKIN","TID_CYBERNOODLES_JAE_YONG_CHROMA_1_SHOP","MODEL,TEXTURE,ANIM,VFX","","","jae_cybernoodles_chroma_red_tex.sctx","jae_cybernoodles_chroma_red_tex.sctx","","","","","","","","","","","","NEVER",""
"","","","NANO","","","","","","","","","","","","","","","","","","","","","","","","","","","","","","","","","","","","","","","","","","","",""
"AlternatorCybernoodlesChroma2","AlternatorCybernoodlesChroma2","","BRAWLPASS","68","","","","3","3","","","","","","","","","","","","5000","true","","149","","","EPIC","TID_CYBERNOODLES_JAE_YONG_CHROMA_2_SKIN","TID_CYBERNOODLES_JAE_YONG_CHROMA_2_SHOP","MODEL,TEXTURE,ANIM,VFX","","","jae_cybernoodles_chroma_purple_tex.sctx","jae_cybernoodles_chroma_purple_tex.sctx","","","","","","","","","","","","NEVER",""
"","","","NANO","","","","","","","","","","","","","","","","","","","","","","","","","","","","","","","","","","","","","","","","","","","",""
"SnakeOilWindstock","SnakeOilWindstock","","BRAWLPASS","68","sc/emoji_68.sc","emoji_byron_windstock","","3","3","","","","","","","","","","","","5000","true","","149","","","EPIC","TID_WINDSTOCK_BYRON_SKIN","TID_WINDSTOCK_BYRON_SHOP","MODEL,TEXTURE,ANIM,VFX","","","byron_windstock_tex.sctx","byron_windstock_tex.sctx","","","","","","","","","","","","NEVER",""
"","","","WINDSTOCK","","","","","","","","","","","","","","","","","","","","","","","","","","","","","","","","","","","","","","","","","","","",""
"SnakeOilWindstockChroma1","SnakeOilWindstockChroma1","","BRAWLPASS","68","","","","3","3","","","","","","","","","","","","5000","true","","149","","","EPIC","TID_WINDSTOCK_BYRON_CHROMA_1_SKIN","TID_WINDSTOCK_BYRON_CHROMA_1_SHOP","MODEL,TEXTURE,ANIM,VFX","","","byron_windstock_chroma_orange_tex.sctx","byron_windstock_chroma_orange_tex.sctx","","","","","","","","","","","","NEVER",""
"","","","WINDSTOCK","","","","","","","","","","","","","","","","","","","","","","","","","","","","","","","","","","","","","","","","","","","",""
"SnakeOilWindstockChroma2","SnakeOilWindstockChroma2","","BRAWLPASS","68","","","","3","3","","","","","","","","","","","","5000","true","","149","","","EPIC","TID_WINDSTOCK_BYRON_CHROMA_2_SKIN","TID_WINDSTOCK_BYRON_CHROMA_2_SHOP","MODEL,TEXTURE,ANIM,VFX","","","byron_windstock_chroma_pink_tex.sctx","byron_windstock_chroma_pink_tex.sctx","","","","","","","","","","","","NEVER",""
"","","","WINDSTOCK","","","","","","","","","","","","","","","","","","","","","","","","","","","","","","","","","","","","","","","","","","","",""
"PainterKatanakingdom","PainterKatanakingdom","","NANO","68","sc/emoji_68.sc","emoji_berry_nano","","3","3","","","","","","","","","","","","","true","","199","","","MYTHIC","TID_KATANA_KINGDOM_BERRY_SKIN","TID_KATANA_KINGDOM_BERRY_SHOP","MODEL,TEXTURE,ANIM,VFX,TAKEDOWN","","","berry_katanakingdom_tex.sctx","berry_katanakingdom_tex.sctx","","","","","","","","","","","","",""
"SamuraiWindstock","SamuraiWindstock","","WINDSTOCK","68","sc/emoji_68.sc","emoji_kenji_windstock","","3","3","","","","","","","","","","","","","true","","199","","","MYTHIC","TID_WINDSTOCK_KENJI_SKIN","TID_WINDSTOCK_KENJI_SHOP","MODEL,TEXTURE,ANIM,VFX,TAKEDOWN","","","kenji_windstock_tex.sctx","kenji_windstock_tex.sctx","","","","300","-400","","","","","","","",""
"KnightPetAdidas","KnightPetAdidas","","","68","","","","","","","","","","","","","","","","","","true","","","","","","","","","","","","","","","","","","","","","","","","",""
"MagicalGirlGold","MagicalGirlGold","","GOLD","68","","","","","","","","","","","","","","","","","","","","","","25000","COLLECTORS","TID_TRUE_GOLD_STARRNOVA_SKIN","TID_TRUE_GOLD_STARRNOVA_SHOP","MODEL,TEXTURE","","gold_true_materials_starrnova.glb","starrnova_gold_tex.sctx","starrnova_gold_tex.sctx","","","","-100","-500","true","","","","","","",""
"MagicalGirlSilver","MagicalGirlSilver","","SILVER","68","","","","","","","","","","","","","","","","","","","","","","10000","COLLECTORS","TID_TRUE_SILVER_STARRNOVA_SKIN","TID_TRUE_SILVER_STARRNOVA_SHOP","MODEL,TEXTURE","","silver_true_materials_starrnova.glb","starrnova_silver_tex.sctx","starrnova_silver_tex.sctx","","","","-100","-500","true","","","","","","",""
"MegaBossBlackholeCybernoodles","MegaBossBlackholeCybernoodles","","","68","","","","","","","","","","","","","","","","","","true","","","","","","","","","","","tara_cybernoodles_tex.sctx","tara_cybernoodles_tex.sctx","","","","","","","","","","","","",""
"MegaBossBlackholePetCybernoodles","MegaBossBlackholePetCybernoodles","","","68","","","","","","","","","","","","","","","","","","true","","","","","","","","","","","tara_superability_tex.sctx","tara_superability_tex.sctx","","","","","","","","","","","","",""
"MegaBossRocketGirlRankedL1","MegaBossRocketGirlRankedL1","","","68","","","","","","","","","","","","","","","","","","true","","","","","","","","","","","","","","","","","","","","","","","","",""
"MegaBossRocketGirlRankedL2","MegaBossRocketGirlRankedL2","","","68","","","","","","","","","","","","","","","","","","true","","","","","","","","","","","","","","","","","","","","","","","","",""
"MegaBossRocketGirlRankedL3","MegaBossRocketGirlRankedL3","","","68","","","","","","","","","","","","","","","","","","true","","","","","","","","","","","","","","","","","","","","","","","","",""
"SpeedyBuddyDefault","SpeedyBuddyDefault","","","68","","","","","","","","","","","","","","","","","","true","","","","","","","","","","","","","","","","","","","","","","","","",""
"SpeedyBuddyGadget","SpeedyBuddyDefault","","","68","","","","","","","","","","","","","","","","","","true","","","","","","","","","","","","","","","","","","","","","","","","",""
"SpeedyBuddySP","SpeedyBuddySP","","","68","","","","","","","","","","","","","","","","","","true","","","","","","","","","","buffy_max_star_power_materials.glb","","","","","","","","","","","","","","",""
"SpeedyBuddyHC","SpeedyBuddyHC","","","68","","","","","","","","","","","","","","","","","","true","","","","","","","","","","buffy_max_hypercharge_materials.glb","","","","","","","","","","","","","","",""
"SpeedyBuddyBlingChroma","SpeedyBuddyBlingChroma","","","68","","","","","","","","","","","","","","","","","","true","","","","","","","","","","","buffy_max_bling_tex.sctx","buffy_max_bling_tex.sctx","","","","","","","","","","","","",""
"MechaDudeBuddyDefault","MechaDudeBuddyDefault","","","68","","","","","","","","","","","","","","","","","","true","","","","","","","","","","","","","","","","","","","","","","","","",""
"MechaDudeBuddyGadget","MechaDudeBuddyDefault","","","68","","","","","","","","","","","","","","","","","","true","","","","","","","","","","buffy_meg_gadget_materials.glb","","","","","","","","","","","","","","",""
"MechaDudeBuddySP","MechaDudeBuddyDefault","","","68","","","","","","","","","","","","","","","","","","true","","","","","","","","","","","","","","","","","","","","","","","","",""
"MechaDudeBuddyHC","MechaDudeBuddyDefault","","","68","","","","","","","","","","","","","","","","","","true","","","","","","","","","","buffy_meg_hc_materials.glb","","","","","","","","","","","","","","",""
"MechaDudeBuddyBlingChroma","MechaDudeBuddyBlingChroma","","","68","","","","","","","","","","","","","","","","","","true","","","","","","","","","","","","","","","","","","","","","","","","",""
"PowerLevelerBuddyDefault","PowerLevelerBuddyDefault","","","68","","","","","","","","","","","","","","","","","","true","","","","","","","","","","","","","","","","","","","","","","","","",""
"PowerLevelerBuddyGadget","PowerLevelerBuddyDefault","","","68","","","","","","","","","","","","","","","","","","true","","","","","","","","","","buffy_surge_gadget_materials.glb","","","","","","","","","","","","","","",""
"PowerLevelerBuddySP","PowerLevelerBuddySP","","","68","","","","","","","","","","","","","","","","","","true","","","","","","","","","","","","","","","","","","","","","","","","",""
"PowerLevelerBuddyHC","PowerLevelerBuddyHC","","","68","","","","","","","","","","","","","","","","","","true","","","","","","","","","","buffy_surge_hc_materials.glb","","","","","","","","","","","","","","",""
"PowerLevelerBuddyBlingChroma","PowerLevelerBuddyBlingChroma","","","68","","","","","","","","","","","","","","","","","","true","","","","","","","","","","","","","","","","","","","","","","","","",""
"MechaDudeCybernoodlesOvercharge","MechaDudeCybernoodlesOvercharge","","WINDSTOCK","68","sc/emoji_68.sc","emoji_meg_nano","","3","3","","","","","","MechaDudeBigCybernoodlesOvercharge","MechaDudeReloadTowerDefault","","","","","","true","","499","","","HYPERCHARGE","TID_CYBERNOODLES_MEG_SKIN","TID_CYBERNOODLES_MEG_SHOP","MODEL,TEXTURE,ANIM,VFX,TAKEDOWN,VOICE,RESPAWN","","","","","","","","","","","","","","","","NEVER",""
"MechaDudeBigCybernoodlesOvercharge","MechaDudeBigCybernoodlesOvercharge","","WINDSTOCK","68","","","","","","","","","","","","","","","","","","true","","","","","HYPERCHARGE","","","","","","","","","","","","","","","","","","","",""
"MechaDudeCybernoodlesChroma1","MechaDudeCybernoodlesChroma1","","WINDSTOCK","68","","","","3","3","","","","","","MechaDudeBigCybernoodlesChroma1","MechaDudeReloadTowerDefault","","","","","","true","","499","","","HYPERCHARGE","TID_CYBERNOODLES_MEG_CHROMA_1_SKIN","TID_CYBERNOODLES_MEG_CHROMA_1_SHOP","MODEL,TEXTURE,ANIM,VFX,TAKEDOWN,VOICE,RESPAWN","","","","","","","","","","","","","","","","NEVER",""
"MechaDudeBigCybernoodlesChroma1","MechaDudeBigCybernoodlesChroma1","","WINDSTOCK","68","","","","","","","","","","","","","","","","","","true","","","","","HYPERCHARGE","","","","","","","","","","","","","","","","","","","",""
"FutureGirlTurretDefault","FutureGirlTurretDefault","","","","","","","","","","","","","","","","","","","","","true","","","","","","","","","","","wendy_shield_tex.sctx","wendy_shield_tex.sctx","","","","","","","","","","","","",""
"MechaVanCartDefault","MechaVanCartDefault","","","68","","","","","","","","","","","","","","","","","","true","","","","","","","","","","","","","","","","","","","","","","","","",""
"KatanaKidCybernoodles","KatanaKidCybernoodles","","NANO","68","","","","3","3","","","","","","","","","","","","1000","true","","29","","","RARE","TID_CYBERNOODLES_KOJI_SKIN","TID_CYBERNOODLES_KOJI_SHOP","MODEL,TEXTURE","","","nori_cybernoodles_tex.sctx","nori_cybernoodles_tex.sctx","","","","700","-600","","","","","","","NEVER",""
"MegaBossKatanaKidCybernoodles","MegaBossKatanaKidCybernoodles","","","","","","","","","","","","","","","","","","","","","true","","","","","","","","","","","nori_cybernoodles_tex.sctx","nori_cybernoodles_tex.sctx","","","","700","-600","","","","","","","",""
"WallyWindstock","WallyWindstock","","WINDSTOCK","68","sc/emoji_68.sc","emoji_sprout_windstock","","3","3","","","","","","","","","","","","","true","","199","","","MYTHIC","TID_WINDSTOCK_SPROUT_SKIN","TID_WINDSTOCK_SPROUT_SHOP","MODEL,TEXTURE,ANIM,VFX,TAKEDOWN","","","sprout_windstock_tex.sctx","sprout_windstock_tex.sctx","","","","","-400","","","","","","","",""
"NanoIngredient0","NanoIngredient0","","","","","","","","","","","","","","","","","","","","","true","","","","","","","","","","","","","","","","-200","","","","","","","","",""
"NanoIngredient5","NanoIngredient5","","","","","","","","","","","","","","","","","","","","","","","","","","","","","","","","","","","","","","","","","","","","","",""
"NanoIngredient6","NanoIngredient6","","","","","","","","","","","","","","","","","","","","","","","","","","","","","","","","","","","","","","","","","","","","","",""
"NanoIngredient7","NanoIngredient7","","","","","","","","","","","","","","","","","","","","","","","","","","","","","","","","","","","","","","","","","","","","","",""
"TrickshotDudeGadgetSkillContainer","TrickshotDudeGadgetSkillContainer","","","","","","","","","","","","","","BowDudeTotemDefault","","","","","","","true","","","","","","","","","","","rico_candy_jar_tex.sctx","rico_candy_jar_tex.sctx","","","","","","","","","","","","",""
"RangedBotMechaVan","MechaVanFodderRanged","","","","","","","","","","","","","","","","","","","","","true","","","","","","","","","","","bot_ranged_cybernoodles_tex.sctx","bot_ranged_cybernoodles_tex.sctx","","","","","","","","","","","","",""
"MeleeFastBotMechaVan","MechaVanFodderBomb","","","","","","","","","","","","","","","","","","","","","true","","","","","","","","","","","bot_bomb_cybernoodles_tex.sctx","bot_bomb_cybernoodles_tex.sctx","","","","","","","","","","","","",""
"MeleeBotMechaVan","MechaVanFodderMelee","","","","","","","","","","","","","","","","","","","","","true","","","","","","","","","","","bot_melee_cybernoodles_tex.sctx","bot_melee_cybernoodles_tex.sctx","","","","","","","","","","","","",""
"BossBotMechaVan","MechaVanBossTank","","","","","","","","","","","","","","","","","","","","","true","","","","","","","","","","","bot_boss_cybernoodles_tex.sctx","bot_boss_cybernoodles_tex.sctx","","","","","","","","","","","","",""
"NanoIngredient8","NanoIngredient8","","","","","","","","","","","","","","","","","","","","","","","","","","","","","","","","","","","","","","","","","","","","","",""
"NanoIngredient9","NanoIngredient9","","","","","","","","","","","","","","","","","","","","","","","","","","","","","","","","","","","","","","","","","","","","","",""
"MechaDudeBigCybernoodlesOverchargeAddon","MechaDudeBigCybernoodlesOverchargeAddon","","","68","","","","","","","","","","","","","","","","","","true","","","","","HYPERCHARGE","","","","","","","","","","","","","","","","","","","",""
"MechaDudeBigCybernoodlesChroma1Addon","MechaDudeBigCybernoodlesChroma1Addon","","","68","","","","","","","","","","","","","","","","","","true","","","","","HYPERCHARGE","","","","","","","","","","","","","","","","","","","",""
"CactusCoverNanoFakeDefault","CactusCoverNanoFakeDefault","","","","","","","","","","","","","","","","","","","","","true","","","","","","","","","","","spike_cactus_gadget_tex.sctx","spike_cactus_gadget_tex.sctx","","","","","","","","","","","","",""
"RosaWindstockChroma1","RosaWindstock","","BRAWLPASS","68","sc/emoji_68.sc","emoji_rosa_windstock","","3","3","","","","","","","","","","","","5000","true","","149","","","EPIC","TID_WINDSTOCK_ROSA_CHROMA_1_SKIN","TID_WINDSTOCK_ROSA_CHROMA_1_SHOP","MODEL,TEXTURE,ANIM,VFX","","rosa_windstock_pink_materials.glb","","","","","","-100","-200","","","","","","","NEVER",""
"","","","WINDSTOCK","","","","","","","","","","","","","","","","","","","","","","","","","","","","","","","","","","","","","","","","","","","",""
"RosaWindstockChroma2","RosaWindstock","","BRAWLPASS","68","sc/emoji_68.sc","emoji_rosa_windstock","","3","3","","","","","","","","","","","","5000","true","","149","","","EPIC","TID_WINDSTOCK_ROSA_CHROMA_2_SKIN","TID_WINDSTOCK_ROSA_CHROMA_2_SHOP","MODEL,TEXTURE,ANIM,VFX","","rosa_windstock_bling_materials.glb","","","","","","-100","-200","","","","","","","NEVER",""
"","","","WINDSTOCK","","","","","","","","","","","","","","","","","","","","","","","","","","","","","","","","","","","","","","","","","","","",""
"MechaDudeCybernoodlesChroma2","MechaDudeCybernoodlesChroma2","","WINDSTOCK","68","","","","3","3","","","","","","MechaDudeBigCybernoodlesChroma2","MechaDudeReloadTowerDefault","","","","","","true","","499","","","HYPERCHARGE","TID_CYBERNOODLES_MEG_CHROMA_2_SKIN","TID_CYBERNOODLES_MEG_CHROMA_2_SHOP","MODEL,TEXTURE,ANIM,VFX,TAKEDOWN,VOICE,RESPAWN","","","","","","","","","","","","","","","","NEVER",""
"MechaDudeBigCybernoodlesChroma2","MechaDudeBigCybernoodlesChroma2","","WINDSTOCK","68","","","","","","","","","","","","","","","","","","true","","","","","HYPERCHARGE","","","","","","","","","","","","","","","","","","","",""
"MechaDudeBigCybernoodlesChroma2Addon","MechaDudeBigCybernoodlesChroma2Addon","","","68","","","","","","","","","","","","","","","","","","true","","","","","HYPERCHARGE","","","","","","","","","","","","","","","","","","","",""
"NanoIngredient10","NanoIngredient10","","","","","","","","","","","","","","","","","","","","","true","","","","","","","","","","","","","","","","-200","","","","","","","","",""
"NanoIngredient11","NanoIngredient11","","","","","","","","","","","","","","","","","","","","","true","","","","","","","","","","","","","","","","","","","","","","","","",""
"NanoIngredient12","NanoIngredient12","","","","","","","","","","","","","","","","","","","","","","","","","","","","","","","","","","","","","","","","","","","","","",""
"NanoIngredient13","NanoIngredient13","","","","","","","","","","","","","","","","","","","","","","","","","","","","","","","","","","","","","","","","","","","","","",""
"NanoIngredient14","NanoIngredient14","","","","","","","","","","","","","","","","","","","","","","","","","","","","","","","","","","","","","","","","","","","","","",""
"NanoIngredient15","NanoIngredient15","","","","","","","","","","","","","","","","","","","","","","","","","","","","","","","","","","","","","","","","","","","","","",""
"NanoIngredient16","NanoIngredient16","","","","","","","","","","","","","","","","","","","","","","","","","","","","","","","","","","","","","","","","","","","","","",""
"NanoIngredient17","NanoIngredient17","","","","","","","","","","","","","","","","","","","","","","","","","","","","","","","","","","","","","","","","","","","","","",""
"NanoIngredient18","NanoIngredient18","","","","","","","","","","","","","","","","","","","","","","","","","","","","","","","","","","","","","","","","","","","","","",""
"NanoIngredient19","NanoIngredient19","","","","","","","","","","","","","","","","","","","","","","","","","","","","","","","","","","","","","","","","","","","","","",""
"MegaBossKatanaKid_FishSpawner","MegaBossKatanaKid_FishSpawner","","","68","","","","","","","","","","","","","","","","","","true","","","","","","","","","","","","","","","","","","","","","","","true","",""
"AttractorDefault","AttractorDefault","","","","","","","","","","","","","","","","","","","","","true","","","","","","","","","","","cosmo_tex.sctx","cosmo_tex.sctx","","","","","","","","","","","","",""
"StackerDefault","StackerDefault","","","","","","","","","","","","","","StackerDefaultAddonMoth","","","","","","","true","","","","","","","","","","","vince_tex.sctx","vince_tex.sctx","","","","","200","","","","","","","",""
"BarrelBotBrawlacademy","BarrelBotBrawlacademy","","UNIVERSITY","69","","","","3","3","","","","","","","","","","","","","true","","199","","","MYTHIC","TID_BACK_TO_SCHOOL_DARRYL_SKIN","TID_BACK_TO_SCHOOL_DARRYL_SHOP","MODEL,TEXTURE,ANIM,VFX,TAKEDOWN","","","darryl_brawlacademy_tex.sctx","darryl_brawlacademy_tex.sctx","","","","","400","","","","","","","LATER",""
"DeadMariachiBuddyGadget","DeadMariachiBuddyDefault","","","69","","","","","","","","","","","","","","","","","","true","","","","","","","","","","buffy_poco_gadget_materials.glb","","","","","","","","","","","","","","",""
"DeadMariachiBuddySP","DeadMariachiBuddyDefault","","","69","","","","","","","","","","","","","","","","","","true","","","","","","","","","","","","","","","","","","","","","","","","",""
"DeadMariachiBuddyHC","DeadMariachiBuddyDefault","","","69","","","","","","","","","","","","","","","","","","true","","","","","","","","","","buffy_poco_hc_materials.glb","","","","","","","","","","","","","","",""
"KatanaKidTrueSilver","KatanaKidTrueSilver","","SILVER","69","","","","","","","","","","","","","","","","","","true","","","","25000","COLLECTORS","TID_TRUE_SILVER_NORI_SKIN","TID_TRUE_SILVER_NORI_SHOP","MODEL,TEXTURE","","silver_true_materials.glb","nori_silver_tex.sctx","nori_silver_tex.sctx","","","","700","-600","true","","","","","","",""
"KatanaKidTrueGold","KatanaKidTrueGold","","GOLD","69","","","","","","","","","","","","","","","","","","true","","","","25000","COLLECTORS","TID_TRUE_GOLD_NORI_SKIN","TID_TRUE_GOLD_NORI_SHOP","MODEL,TEXTURE","","gold_true_materials.glb","nori_gold_tex.sctx","nori_gold_tex.sctx","","","","700","-600","true","","","","","","",""
"AmbusherMake","AmbusherMake","","SC_MAKE","69","","","","3","3","","","","","","","","","","","","","true","","199","","","MYTHIC","TID_MAKE_LILY_SKIN","TID_MAKE_LILY_SHOP","MODEL,TEXTURE,ANIM,VFX,TAKEDOWN","Frankyyy","","lily_make_tex.sctx","lily_make_tex.sctx","","","","300","-400","","","","","","","LATER",""
"","","","BIODOME","","","","","","","","","","","","","","","","","","","","","","","","","","","","","","","","","","","","","","","","","","","",""
"SpawnerDudeBrawloween","SpawnerDudeBrawloween","","BRAWLPASS","69","","","","7","7","","","","","","SpawnerDudeTurretBrawloween","SpawnerPetBrawloween","","","","","5000","true","","149","","","EPIC","TID_BRAWLOWEEN_MRP_SKIN","TID_BRAWLOWEEN_MRP_SHOP","MODEL,TEXTURE,ANIM,VFX","","","mrp_zoltar_tex.sctx","mrp_zoltar_tex.sctx","","","","100","-200","","","","","","","LATER",""
"","","","BRAWLOWEEN","","","","","","","","","","","","","","","","","","","","","","","","","","","","","","","","","","","","","","","","","","","",""
"SpawnerPetBrawloween","SpawnerPetBrawloween","","BRAWLOWEEN","69","","","","","","","","","","","","","","","","","","true","","","","","","","","","","","mrp_zoltar_spawner_tex.sctx","mrp_zoltar_spawner_tex.sctx","","","","","","","","","","","","",""
"SpawnerDudeTurretBrawloween","SpawnerDudeTurretBrawloween","","BRAWLOWEEN","69","","","","","","","","","","","","","","","","","","true","","","","","","","","","","","mrp_zoltar_spawner_tex.sctx","mrp_zoltar_spawner_tex.sctx","","","","","","","","","","","","",""
"ReviverMake","ReviverMake","","SC_MAKE","69","","","","3","3","","","","","","","","","","","","5000","true","","149","","","EPIC","TID_MAKE_DOUG_SKIN","TID_MAKE_DOUG_SHOP","MODEL,TEXTURE,ANIM,VFX","Abyss Lookout","","doug_make_tex.sctx","doug_make_tex.sctx","","","","200","-500","","","","","","","LATER",""
"","","","NORSEGODS","","","","","","","","","","","","","","","","","","","","","","","","","","","","","","","","","","","","","","","","","","","",""
"GladiatorBrawloween","GladiatorBrawloween","","BRAWLOWEEN","69","","","","3","3","","","","","","","","","","","","","true","","299","","","LEGENDARY","TID_BRAWLOWEEN_DAMIAN_SKIN","TID_BRAWLOWEEN_DAMIAN_SHOP","MODEL,TEXTURE,ANIM,VFX,TAKEDOWN,VOICE,RESPAWN","","","","","","","","","-900","","","","","","","NEVER",""
"FutureGirlTrueGold","FutureGirlTrueGold","","GOLD","69","","","","","","","","","","","FutureGirlTurretTrueGold","","","","","","","true","","","","25000","COLLECTORS","TID_TRUE_GOLD_WENDY_SKIN","TID_TRUE_GOLD_WENDY_SHOP","MODEL,TEXTURE","","gold_true_materials.glb","wendy_gold_tex.sctx","wendy_gold_tex.sctx","","","","200","-400","true","","","","","","",""
"FutureGirlTurretTrueGold","FutureGirlTurretTrueGold","","","69","","","","","","","","","","","","","","","","","","true","","","","","","","","","","","wendy_shield_gold_tex.sctx","wendy_shield_gold_tex.sctx","","","","","","","","","","","","",""
"FutureGirlTrueSilver","FutureGirlTrueSilver","","SILVER","69","","","","","","","","","","","FutureGirlTurretTrueSilver","","","","","","","true","","","","10000","COLLECTORS","TID_TRUE_SILVER_WENDY_SKIN","TID_TRUE_SILVER_WENDY_SHOP","MODEL,TEXTURE","","silver_true_materials.glb","wendy_silver_tex.sctx","wendy_silver_tex.sctx","","","","200","-400","true","","","","","","",""
"FutureGirlTurretTrueSilver","FutureGirlTurretTrueSilver","","","69","","","","","","","","","","","","","","","","","","true","","","","","","","","","","","wendy_shield_silver_tex.sctx","wendy_shield_silver_tex.sctx","","","","","","","","","","","","",""
"AssaultShotgunMake","AssaultShotgunMake","","SC_MAKE","69","","","","3","3","","","","","","","","","","","","5000","true","","149","","","EPIC","TID_MAKE_GRIFF_SKIN","TID_MAKE_GRIFF_SHOP","MODEL,TEXTURE,ANIM,VFX","Vitaliy","","","","","","","200","-700","","","","","","","LATER",""
"","","","BRAWLOWEEN","","","","","","","","","","","","","","","","","","","","","","","","","","","","","","","","","","","","","","","","","","","",""
"StalkerMake","StalkerMake","","SC_MAKE","69","","","","3","3","","","","","","","","","","","","","true","","199","","","MYTHIC","TID_MAKE_ALLI_SKIN","TID_MAKE_ALLI_SHOP","MODEL,TEXTURE,ANIM,VFX,TAKEDOWN","GeckoArt","","","","","","","-200","-200","","","","","","","LATER",""
"","","","CAVE","","","","","","","","","","","","","","","","","","","","","","","","","","","","","","","","","","","","","","","","","","","",""
"FishTankBrawlacademy","FishTankBrawlacademy","","BRAWLPASS","69","","","","7","7","","","","","","","","","","","","5000","true","","149","","","EPIC","TID_BACK_TO_SCHOOL_HANK_SKIN","TID_BACK_TO_SCHOOL_HANK_SHOP","MODEL,TEXTURE,ANIM,VFX","","","","","","","","","-100","","","","","","","LATER",""
"","","","UNIVERSITY","","","","","","","","","","","","","","","","","","","","","","","","","","","","","","","","","","","","","","","","","","","",""
"RedirecterBrawlacademy","RedirecterBrawlacademy","","UNIVERSITY","69","","","","3","3","","","","","","RedirecterCocoonBrawlacademy","RedirecterPetBrawlacademy","","","","","","true","","199","","","MYTHIC","TID_BACK_TO_SCHOOL_NAJIA_SKIN","TID_BACK_TO_SCHOOL_NAJIA_SHOP","MODEL,TEXTURE,ANIM,VFX,TAKEDOWN","","","najia_brawlacademy_tex.sctx","najia_brawlacademy_tex.sctx","","","","100","","true","","","","","","LATER",""
"ConductorBrawloween","ConductorBrawloween","","BRAWLOWEEN","69","","","","3","3","","","","","","","","","","","","","true","","199","","","MYTHIC","TID_BRAWLOWEEN_CHUCK_SKIN","TID_BRAWLOWEEN_CHUCK_SHOP","MODEL,TEXTURE,ANIM,VFX,TAKEDOWN","","","","","","","","300","","","","","","","","NEVER",""
"AttacherMake","AttacherMake","","SC_MAKE","69","","","","3","3","","","","","","","","","","","","","true","","299","","","LEGENDARY","TID_MAKE_KIT_SKIN","TID_MAKE_KIT_SHOP","MODEL,TEXTURE,ANIM,VFX,TAKEDOWN,VOICE,RESPAWN","Lelezitoss","","kit_make_tex.sctx","kit_make_tex.sctx","","","","","","","","","","","","LATER",""
"SkaterBrawlacademy","SkaterBrawlacademy","","UNIVERSITY","69","","","","3","3","","","","","","","","","","","","","true","","199","","","MYTHIC","TID_BACK_TO_SCHOOL_OLLIE_SKIN","TID_BACK_TO_SCHOOL_OLLIE_SHOP","MODEL,TEXTURE,ANIM,VFX,TAKEDOWN","","","ollie_brawlacademy_tex.sctx","ollie_brawlacademy_tex.sctx","","","","-200","200","","","","","","","LATER",""
"LuchadorBuddyDefault","LuchadorBuddyDefault","","","69","","","","","","","","","","","","","","","","","","true","","","","","","","","","","","","","","","","","","","","","","","","",""
"LuchadorBuddyGadget","LuchadorBuddyDefault","","","69","","","","","","","","","","","","","","","","","","true","","","","","","","","","","buffy_primo_gadget_materials.glb","","","","","","","","","","","","","","",""
"LuchadorBuddySP","LuchadorBuddyDefault","","","69","","","","","","","","","","","","","","","","","","true","","","","","","","","","","","","","","","","","","","","","","","","",""
"LuchadorBuddyHC","LuchadorBuddyHC","","","69","","","","","","","","","","","","","","","","","","true","","","","","","","","","","buffy_primo_hc_materials.glb","","","","","","","","","","","","","","",""
"LuchadorBuddyBlingChroma","LuchadorBuddyChroma","","","69","","","","","","","","","","","","","","","","","","true","","","","","","","","","","","","","","","","","","","","","","","","",""
"SoulCollectorBuddyDefault","SoulCollectorBuddyDefault","","","69","","","","","","","","","","","","","","","","","","true","","","","","","","","","","","","","","","","","","","","","","","","",""
"SoulCollectorBuddyGadget","SoulCollectorBuddyDefault","","","69","","","","","","","","","","","","","","","","","","true","","","","","","","","","","","","","","","","","","","","","","","","",""
"SoulCollectorBuddySP","SoulCollectorBuddySP","","","69","","","","","","","","","","","","","","","","","","true","","","","","","","","","","buffy_gus_sp_materials.glb","","","","","","","","","","","","","","",""
"SoulCollectorBuddyHC","SoulCollectorBuddyHC","","","69","","","","","","","","","","","","","","","","","","true","","","","","","","","","","buffy_gus_hc_materials.glb","","","","","","","","","","","","","","",""
"SoulCollectorBuddyBlingChroma","SoulCollectorBuddyChroma","","","69","","","","","","","","","","","","","","","","","","true","","","","","","","","","","","buffy_gus_bling_tex.sctx","buffy_gus_bling_tex.sctx","","","","","","","","","","","","",""
"ConductorBuddyDefault","ConductorBuddyDefault","","","69","","","","","","","","","","","","","","","","","","true","","","","","","","","","","","","","","","","","","","","","","","","",""
"ConductorBuddyGadget","ConductorBuddyGadget","","","69","","","","","","","","","","","","","","","","","","true","","","","","","","","","","buffy_chuck_gadget_materials.glb","","","","","","","","","","","","","","",""
"ConductorBuddySP","ConductorBuddySP","","","69","","","","","","","","","","","","","","","","","","true","","","","","","","","","","","","","","","","","","","","","","","","",""
"ConductorBuddyHC","ConductorBuddyHC","","","69","","","","","","","","","","","","","","","","","","true","","","","","","","","","","buffy_chuck_hc_materials.glb","","","","","","","","","","","","","","",""
"ConductorBuddyBlingChroma","ConductorBuddyChroma","","","69","","","","","","","","","","","","","","","","","","true","","","","","","","","","","","","","","","","","","","","","","","","",""
"GhostBuddyDefault","GhostBuddyDefault","","","69","","","","","","","","","","","","","","","","","","true","","","","","","","","","","","","","","","","","","","","","","","","",""
"GhostBuddyGadget","GhostBuddyDefault","","","69","","","","","","","","","","","","","","","","","","true","","","","","","","","","","","","","","","","","","","","","","","","",""
"GhostBuddySP","GhostBuddySP","","","69","","","","","","","","","","","","","","","","","","true","","","","","","","","","","buffy_shade_sp_materials.glb","","","","","","","","","","","","","","",""
"GhostBuddyHC","GhostBuddyHC","","","69","","","","","","","","","","","","","","","","","","true","","","","","","","","","","buffy_shade_hc_materials.glb","","","","","","","","","","","","","","",""
"GhostBuddyBlingChroma","GhostBuddyChroma","","","69","","","","","","","","","","","","","","","","","","true","","","","","","","","","","","","","","","","","","","","","","","","",""
"FleaMoonfestival","FleaMoonfestival","","LUNAREVENT","69","","","","3","3","","","","","","FleaBigEggMoonfestival","FleaPetMoonfestival","","","","","","true","","199","","","MYTHIC","TID_MOON_FESTIVAL_EVE_SKIN","TID_MOON_FESTIVAL_EVE_SHOP","MODEL,TEXTURE,ANIM,VFX,TAKEDOWN","","","","","","","","","","","","","","","","LATER",""
"FleaPetMoonfestival","FleaPetMoonfestival","","","69","","","","","","","","","","","","","","","","","","true","","","","","","","","","","","","","","","","","","","","","","","","",""
"FleaBigEggMoonfestival","FleaBigEggMoonfestival","","","69","","","","","","","","","","","","","","","","","","true","","","","","","","","","","","","","","","","","","","","","","","","",""
"FireDudeBuddyDefault","FireDudeBuddyDefault","","","69","","","","","","","","","","","","","","","","","","true","","","","","","","","","","","","","","","","","","","","","","","","",""
"FireDudeBuddyGadget","FireDudeBuddyDefault","","","69","","","","","","","","","","","","","","","","","","true","","","","","","","","","","buffy_amber_gadget_materials.glb","","","","","","","","","","","","","","",""
"FireDudeBuddySP","FireDudeBuddySP","","","69","","","","","","","","","","","","","","","","","","true","","","","","","","","","","","","","","","","","","","","","","","","",""
"FireDudeBuddyHC","FireDudeBuddyHC","","","69","","","","","","","","","","","","","","","","","","true","","","","","","","","","","buffy_amber_hc_materials.glb","","","","","","","","","","","","","","",""
"FireDudeBuddyBlingChroma","FireDudeBuddyChroma","","","69","","","","","","","","","","","","","","","","","","true","","","","","","","","","","","","","","","","","","","","","","","","",""
"DeadMariachiBuddyDefault","DeadMariachiBuddyDefault","","","69","","","","","","","","","","","","","","","","","","true","","","","","","","","","","","","","","","","","","","","","","","","",""
"DeadMariachiBuddyBlingChroma","DeadMariachiBuddyBlingChroma","","","69","","","","","","","","","","","","","","","","","","true","","","","","","","","","","","","","","","","","","","","","","","","",""
"ElectroSniperBrawloween","ElectroSniperBrawloween","","BRAWLOWEEN","69","","","","3","3","","","","","","HealingStationSummer","","","","","","","true","","199","","","MYTHIC","TID_BRAWLOWEEN_BELLE_SKIN","TID_BRAWLOWEEN_BELLE_SHOP","MODEL,TEXTURE,ANIM,VFX,TAKEDOWN","","","","","","","","","","","","","","","","NEVER",""
"SniperBrawloween","SniperBrawloween","","BRAWLOWEEN","69","","","","3","3","","","","","","","","","","","","","true","","199","","","MYTHIC","TID_BRAWLOWEEN_PIPER_SKIN","TID_BRAWLOWEEN_PIPER_SHOP","MODEL,TEXTURE,ANIM,VFX,TAKEDOWN","","","","","","","","","","","","","","","","NEVER",""
"GhostBrawloween","GhostBrawloween","","BRAWLPASS","69","","","","7","7","","","","","","","","","","","","5000","true","","149","","","EPIC","TID_BRAWLOWEEN_SHADE_SKIN","TID_BRAWLOWEEN_SHADE_SHOP","MODEL,TEXTURE,ANIM,VFX","","","shade_brawloween_tex.sctx","shade_brawloween_tex.sctx","","impostor_outline_shade","","","","","","","","","","LATER",""
"","","","BRAWLOWEEN","","","","","","","","","","","","","","","","","","","","","","","","","","","","","","","","","","","","","","","","","","","",""
"BeamerUniversity","BeamerUniversity","","UNIVERSITY","69","","","","3","3","","","","","","","","","","","","","true","","299","","","LEGENDARY","TID_BACK_TO_SCHOOL_MANDY_SKIN","TID_BACK_TO_SCHOOL_MANDY_SHOP","MODEL,TEXTURE,ANIM,VFX,TAKEDOWN,VOICE,RESPAWN","","","mandy_brawlacademy_tex.sctx","mandy_brawlacademy_tex.sctx","","","","","","","","","","","","LATER",""
"RedirecterCocoonBrawlacademy","RedirecterCocoonBrawlacademy","","UNIVERSITY","69","","","","","","","","","","","","","","","","","","true","","","","","","","","","","","najia_brawlacademy_tex.sctx","najia_brawlacademy_tex.sctx","","","","","","","","","","","","",""
"RedirecterPetBrawlacademy","RedirecterPetBrawlacademy","","UNIVERSITY","69","","","","","","","","","","","","","","","","","","true","","","","","","","","","","","najia_brawlacademy_tex.sctx","najia_brawlacademy_tex.sctx","","","","","","","","","","","","",""
"FireDudeBarrelDefault","FireDudeBarrelDefault","","","","","","","","","","","","","","","","","","","","","true","","","","","","","","","","","","","","","","","","","","","","","","",""
"ControllerBrawlacademy","ControllerBrawlacademy","","BRAWLPASS","69","","","","7","7","","","","","","ControllerBrawlacademyAddon","","","","","","5000","true","","149","","","EPIC","TID_BACK_TO_SCHOOL_NANI_SKIN","TID_BACK_TO_SCHOOL_NANI_SHOP","MODEL,TEXTURE,ANIM,VFX","","","nani_brawlacademy_tex.sctx","nani_brawlacademy_tex.sctx","","","","100","-900","","","","","","","LATER",""
"","","","UNIVERSITY","","","","","","","","","","","","","","","","","","","","","","","","","","","","","","","","","","","","","","","","","","","",""
"ControllerBrawlacademyAddon","ControllerBrawlacademyAddon","","","69","","","","","","","","","","","","","","","","","","true","","","","","","","","","","","nani_brawlacademy_tex.sctx","nani_brawlacademy_tex.sctx","","","","","","","","","","","","",""
"DuplicatorLunarevent","DuplicatorLunarevent","","LUNAREVENT","69","","","","3","3","","","","","","","","","","","","5000","true","","149","","","EPIC","TID_MOON_FESTIVAL_LOLA_SKIN","TID_MOON_FESTIVAL_LOLA_SHOP","MODEL,TEXTURE,ANIM,VFX","","","lolla_moonfestival_tex.sctx","lolla_moonfestival_tex.sctx","","","","","500","","","","","","","LATER",""
"SpeedyMisc","SpeedyMisc","","MISC","69","","","","3","3","","","","","","","","","","","","","true","","199","","","EPIC","TID_BRAWLOWEEN_MISC_MAX_SKIN","TID_BRAWLOWEEN_MISC_MAX_SHOP","MODEL,TEXTURE,ANIM,VFX,TAKEDOWN","","","max_xlr8_tex.sctx","max_xlr8_tex.sctx","","","","50","-500","","","","","","","LATER",""
"StackerPetDefault","StackerPetDefault","","","69","","","","","","","","","","","","","","","","","","true","","","","","","","","","","","caterpillar_tex.sctx","caterpillar_tex.sctx","","","","","","","","","","","","",""
"MegaBossDuoDefault","MegaBossDuoDefault","","","","","","","","","","","","","","","","","","","","","true","","","","","","","","","","","boss_duo_tex.sctx","boss_duo_tex.sctx","","","","","","","","","","","","",""
"MegaBossDuoDefault5P","MegaBossDuoDefault5P","","","","","","","","","","","","","","","","","","","","","true","","","","","","","","","","","boss_duo_tex.sctx","boss_duo_tex.sctx","","","","","","","","","","","","",""
"MegaBossDuoDefault20P","MegaBossDuoDefault20P","","","","","","","","","","","","","","","","","","","","","true","","","","","","","","","","","boss_duo_tex.sctx","boss_duo_tex.sctx","","","","","","","","","","","","",""
"MegaBossDuoAngryDefault","MegaBossDuoAngryDefault","","","","","","","","","","","","","","","","","","","","","true","","","","","","","","","","","boss_duo_angry_tex.sctx","boss_duo_angry_tex.sctx","","","","","","","","","","","","",""
"MegaBossDuoAngryDefault5P","MegaBossDuoAngryDefault5P","","","","","","","","","","","","","","","","","","","","","true","","","","","","","","","","","boss_duo_angry_tex.sctx","boss_duo_angry_tex.sctx","","","","","","","","","","","","",""
"MegaBossDuoAngryDefault20P","MegaBossDuoAngryDefault20P","","","","","","","","","","","","","","","","","","","","","true","","","","","","","","","","","boss_duo_angry_tex.sctx","boss_duo_angry_tex.sctx","","","","","","","","","","","","",""
"GhostBrawloweenChroma1","GhostBrawloween","","BRAWLPASS","69","","","","7","7","","","","","","","","","","","","5000","true","","149","","","EPIC","TID_BRAWLOWEEN_SHADE_CHROMA_1_SKIN","TID_BRAWLOWEEN_SHADE_CHROMA_1_SHOP","MODEL,TEXTURE,ANIM,VFX","","","shade_brawloween_chroma_red_tex.sctx","shade_brawloween_chroma_red_tex.sctx","","impostor_outline_shade","","","","","","","","","","LATER",""
"","","","BRAWLOWEEN","","","","","","","","","","","","","","","","","","","","","","","","","","","","","","","","","","","","","","","","","","","",""
"GhostBrawloweenChroma2","GhostBrawloween","","BRAWLPASS","69","","","","7","7","","","","","","","","","","","","5000","true","","149","","","EPIC","TID_BRAWLOWEEN_SHADE_CHROMA_2_SKIN","TID_BRAWLOWEEN_SHADE_CHROMA_2_SHOP","MODEL,TEXTURE,ANIM,VFX","","","shade_brawloween_chroma_green_tex.sctx","shade_brawloween_chroma_green_tex.sctx","","impostor_outline_shade","","","","","","","","","","LATER",""
"","","","BRAWLOWEEN","","","","","","","","","","","","","","","","","","","","","","","","","","","","","","","","","","","","","","","","","","","",""
"EnragerBuddyGhostly","EnragerBuddyGhostly","","BRAWLOWEEN","69","","","","","","","","","","","","","","","","","","true","","49","","","","TID_EDGAR_BUDDY_GHOSTLY_SKIN","TID_EDGAR_BUDDY_GHOSTLY_SHOP","","","","","","","impostor_outline_ghost_green","","","","","","","","","","",""
"AssaultShotgunBuddyGhostly","AssaultShotgunBuddyGhostly","","BRAWLOWEEN","69","","","","","","","","","","","","","","","","","","true","","49","","","","TID_GRIFF_BUDDY_GHOSTLY_SKIN","TID_GRIFF_BUDDY_GHOSTLY_SHOP","","","","buffy_griff_ghost_tex.sctx","buffy_griff_ghost_tex.sctx","","impostor_outline_ghost_green","","","","","","","","","","",""
"PercenterBuddyGhostly","PercenterBuddyGhostly","","BRAWLOWEEN","69","","","","","","","","","","","","","","","","","","true","","49","","","","TID_COLETTE_BUDDY_GHOSTLY_SKIN","TID_COLETTE_BUDDY_GHOSTLY_SHOP","","","","buffy_colette_ghost_tex.sctx","buffy_colette_ghost_tex.sctx","","impostor_outline_ghost_green","","","","","","","","","","",""
"MummyBuddyGhostly","MummyBuddyGhostly","","BRAWLOWEEN","69","","","","","","","","","","","","","","","","","","true","","49","","","","TID_EMZ_BUDDY_GHOSTLY_SKIN","TID_EMZ_BUDDY_GHOSTLY_SHOP","","","","","","","impostor_outline_ghost_green","","","","","","","","","","",""
"HammerDudeBuddyGhostly","HammerDudeBuddyGhostly","","BRAWLOWEEN","69","","","","","","","","","","","","","","","","","","true","","49","","","","TID_FRANK_BUDDY_GHOSTLY_SKIN","TID_FRANK_BUDDY_GHOSTLY_SHOP","","","","buffy_frank_ghost_tex.sctx","buffy_frank_ghost_tex.sctx","","impostor_outline_ghost_green","","","","","","","","","","",""
"UndertakerBuddyGhostly","UndertakerBuddyGhostly","","BRAWLOWEEN","69","","","","","","","","","","","","","","","","","","true","","49","","","","TID_MORTIS_BUDDY_GHOSTLY_SKIN","TID_MORTIS_BUDDY_GHOSTLY_SKIN_SHOP","","","","","","","impostor_outline_ghost_green","","","","","","","","","","",""
"FishTankBrawlacademyChroma1","FishTankBrawlacademyChroma1","","BRAWLPASS","69","","","","7","7","","","","","","","","","","","","5000","true","","149","","","EPIC","TID_BACK_TO_SCHOOL_HANK_CHROMA_1_SKIN","TID_BACK_TO_SCHOOL_HANK_CHROMA_1_SHOP","MODEL,TEXTURE,ANIM,VFX","","hank_brawlacademy_red_materials.glb","","","","","","","-100","","","","","","","LATER",""
"","","","UNIVERSITY","","","","","","","","","","","","","","","","","","","","","","","","","","","","","","","","","","","","","","","","","","","",""
"FishTankBrawlacademyChroma2","FishTankBrawlacademyChroma2","","BRAWLPASS","69","","","","7","7","","","","","","","","","","","","5000","true","","149","","","EPIC","TID_BACK_TO_SCHOOL_HANK_CHROMA_2_SKIN","TID_BACK_TO_SCHOOL_HANK_CHROMA_2_SHOP","MODEL,TEXTURE,ANIM,VFX","","hank_brawlacademy_blue_materials.glb","","","","","","","-100","","","","","","","LATER",""
"","","","UNIVERSITY","","","","","","","","","","","","","","","","","","","","","","","","","","","","","","","","","","","","","","","","","","","",""
"ControllerBrawlacademyChroma1","ControllerBrawlacademyChroma1","","BRAWLPASS","69","","","","7","7","","","","","","ControllerBrawlacademyChroma1Addon","","","","","","5000","true","","149","","","EPIC","TID_BACK_TO_SCHOOL_NANI_CHROMA_1_SKIN","TID_BACK_TO_SCHOOL_NANI_CHROMA_1_SHOP","MODEL,TEXTURE,ANIM,VFX","","","nani_brawlacademy_chroma_dark_tex.sctx","nani_brawlacademy_chroma_dark_tex.sctx","","","","100","-900","","","","","","","LATER",""
"","","","UNIVERSITY","","","","","","","","","","","","","","","","","","","","","","","","","","","","","","","","","","","","","","","","","","","",""
"ControllerBrawlacademyChroma2","ControllerBrawlacademyChroma2","","BRAWLPASS","69","","","","7","7","","","","","","ControllerBrawlacademyChroma2Addon","","","","","","5000","true","","149","","","EPIC","TID_BACK_TO_SCHOOL_NANI_CHROMA_2_SKIN","TID_BACK_TO_SCHOOL_NANI_CHROMA_2_SHOP","MODEL,TEXTURE,ANIM,VFX","","","nani_brawlacademy_chroma_light_tex.sctx","nani_brawlacademy_chroma_light_tex.sctx","","","","100","-900","","","","","","","LATER",""
"","","","UNIVERSITY","","","","","","","","","","","","","","","","","","","","","","","","","","","","","","","","","","","","","","","","","","","",""
"ControllerBrawlacademyChroma1Addon","ControllerBrawlacademyChroma1Addon","","","69","","","","","","","","","","","","","","","","","","true","","","","","","","","","","","nani_brawlacademy_chroma_dark_tex.sctx","nani_brawlacademy_chroma_dark_tex.sctx","","","","","","","","","","","","",""
"ControllerBrawlacademyChroma2Addon","ControllerBrawlacademyChroma2Addon","","","69","","","","","","","","","","","","","","","","","","true","","","","","","","","","","","nani_brawlacademy_chroma_light_tex.sctx","nani_brawlacademy_chroma_light_tex.sctx","","","","","","","","","","","","",""
"SpawnerDudeBrawloweenChroma1","SpawnerDudeBrawloween","","BRAWLPASS","69","","","","7","7","","","","","","SpawnerDudeTurretBrawloweenChroma1","SpawnerPetBrawloweenChroma1","","","","","5000","true","","149","","","EPIC","TID_BRAWLOWEEN_MRP_CHROMA_1_SKIN","TID_BRAWLOWEEN_MRP_CHROMA_1_SHOP","MODEL,TEXTURE,ANIM,VFX","","","mrp_zoltar_chroma_blue_tex.sctx","mrp_zoltar_chroma_blue_tex.sctx","","","","100","-200","","","","","","","LATER",""
"","","","BRAWLOWEEN","","","","","","","","","","","","","","","","","","","","","","","","","","","","","","","","","","","","","","","","","","","",""
"SpawnerPetBrawloweenChroma1","SpawnerPetBrawloween","","BRAWLOWEEN","69","","","","","","","","","","","","","","","","","","true","","","","","","","","","","","mrp_zoltar_spawner_chroma_blue_tex.sctx","mrp_zoltar_spawner_chroma_blue_tex.sctx","","","","","","","","","","","","",""
"SpawnerDudeTurretBrawloweenChroma1","SpawnerDudeTurretBrawloween","","BRAWLOWEEN","69","","","","","","","","","","","","","","","","","","true","","","","","","","","","","","mrp_zoltar_spawner_chroma_blue_tex.sctx","mrp_zoltar_spawner_chroma_blue_tex.sctx","","","","","","","","","","","","",""
"SpawnerDudeBrawloweenChroma2","SpawnerDudeBrawloween","","BRAWLPASS","69","","","","7","7","","","","","","SpawnerDudeTurretBrawloweenChroma2","SpawnerPetBrawloweenChroma2","","","","","5000","true","","149","","","EPIC","TID_BRAWLOWEEN_MRP_CHROMA_2_SKIN","TID_BRAWLOWEEN_MRP_CHROMA_2_SHOP","MODEL,TEXTURE,ANIM,VFX","","","mrp_zoltar_chroma_yellow_tex.sctx","mrp_zoltar_chroma_yellow_tex.sctx","","","","100","-200","","","","","","","LATER",""
"","","","BRAWLOWEEN","","","","","","","","","","","","","","","","","","","","","","","","","","","","","","","","","","","","","","","","","","","",""
"SpawnerPetBrawloweenChroma2","SpawnerPetBrawloween","","BRAWLOWEEN","69","","","","","","","","","","","","","","","","","","true","","","","","","","","","","","mrp_zoltar_spawner_chroma_yellow_tex.sctx","mrp_zoltar_spawner_chroma_yellow_tex.sctx","","","","","","","","","","","","",""
"SpawnerDudeTurretBrawloweenChroma2","SpawnerDudeTurretBrawloween","","BRAWLOWEEN","69","","","","","","","","","","","","","","","","","","true","","","","","","","","","","","mrp_zoltar_spawner_chroma_yellow_tex.sctx","mrp_zoltar_spawner_chroma_yellow_tex.sctx","","","","","","","","","","","","",""
"StackerDefaultAddonMoth","StackerDefaultAddonMoth","","","","","","","","","","","","","","","","","","","","","true","","","","","","","","","","","vince_tex.sctx","vince_tex.sctx","","","","","","","","","","","","",""
"GoalKeeperHockeyDefault","GoalKeeperHockeyDefault","","","69","","","","","","","","","","","","","","","","","","true","","","","","","","","","","","bot_hockey_blue_tex.sctx","bot_hockey_blue_tex.sctx","","","","","","","","","","","","",""
"GoalKeeperHockeyOwn","GoalKeeperHockeyDefault","","","69","","","","","","","","","","","","","","","","","","true","","","","","","","","","","","bot_hockey_blue_tex.sctx","bot_hockey_blue_tex.sctx","","","","","","","","","","","","",""
"GoalKeeperHockeyEnemy","GoalKeeperHockeyDefault","","","69","","","","","","","","","","","","","","","","","","true","","","","","","","","","","","bot_hockey_red_tex.sctx","bot_hockey_red_tex.sctx","","","","","","","","","","","","",""
