"Name","DurationTicks","GradualWearOffAfter","CancelOnDamage","CancelOnCharge","CancelOnChargeEnd","CancelOnHealthRegen","CancelOnSourceDeath","TriggerRate","TriggerOnFirstTick","Stacking","Refreshable","PulsatingActiveTicksOn","PulsatingActiveTicksOff","Damage","DamageHealSource","UltiChargePercent","UltiChargeBoostPercent","OverchargeChargeReducePercent","AmmoReducePercent","Healing","ShieldPercent","BaseSpeedIncreasePercent","SpeedBoostPercent","SpeedBoostAbsolute","SpeedReducePercent","SpeedReduceAbsolute","DamageBoostPercent","ShowDamageAsCrit","DamageReducePercent","DamageBoostTargetCurrentHealthPercent","DamageReceivedBoostPercent","DamageReceivedBoostAbsolute","DecreaseReloadTimePercent","LifeSteal","SourceLifeSteal","Cleanse","DoBlinkClear","CcImmunity","AttackImmunity","Invisibility","ForceShow","LosePlayerControl","FullStun","Taunt","Stasis","Silence","ScaleWithUpgrades","ScaleWithBuffs","IsDebuff","AttackPierceCharacters","AttackThroughWalls","UltiAttackThroughWalls","MoveThroughWalls","MoveThroughWater","ServerOnly","SpawnCharacterOnDeath","SpawnAreaEffectOnDeath","PersistTransformation","BooleanAttributes","HapticsToSource","TimerBar","Traits","Components","ActivateOnRefreshCount","DamagePercentRedirectToSource","ActionsOnTrigger","ActionsOnCancelOnDamage","ChainStatusEffect","ChainStatusEffect2","StatusToApplyOnEnd"
"string","int","int","boolean","boolean","boolean","boolean","boolean","int","boolean","boolean","boolean","int","int","int","int","int","int","int","int","int","int","int","int","int","int","int","int","boolean","int","int","int","int","int","int","int","boolean","boolean","boolean","boolean","string","boolean","boolean","boolean","boolean","boolean","boolean","boolean","boolean","boolean","boolean","boolean","boolean","boolean","boolean","boolean","string","string","boolean","string","boolean","boolean","string","string","int","int","string","string","string","string","string"
"WhirlwindTrailFire","80","","","","","","","20","","","TRUE","","","300","","30","","","","","","","","","","","","","","","","","","","","","","","","","","","","","","","TRUE","","TRUE","","","","","","","","","","","","","","","","","","","","",""
"WhirlwindUltiTrailFire","80","","","","","","","20","","","TRUE","","","370","","30","","","","","","","","","","","","","","","","","","","","","","","","","","","","","","","TRUE","","TRUE","","","","","","","","","","","","","","","","","","","","",""
"FireDudePetrolFire","80","","","","","","","20","","","TRUE","","","480","","100","","","","","","","","","","","","","","","","","","","","","","","","","","","","","","","TRUE","TRUE","TRUE","","","","","","","","","","","","","","","","","","","","",""
"FireDudePetrolFireOvercharged","80","","","","","","","20","","","TRUE","","","500","","100","","","","","","","","","","","","","","","","","","","","","","","","","","","","","","","TRUE","TRUE","TRUE","","","","","","","","","","","","","","","","","","","","",""
"FireDudeFlameShieldBuddyStatus","100","","","","","","","","TRUE","","TRUE","","","","","","","","","","","","20","","","","","","","","","","","","","","","","","","","","","","","","","","","","","","","","","","","","","","","","FireDudeContactDamage","","","","","","",""
"FireDudePetrolSpSpill","60","","","","","","","","","","TRUE","","","","","","","","","","","","","","","","","","","","","","","","","","","","","","","","","","","","","","TRUE","","","","","","","","","","","","","","FireDudePetrolSpill","","","","","","",""
"FireDudePetrolSpBuddySpeed","2","","","","","","","","","","TRUE","","","","","","","","","","","","10","","","","","","","","","","","","","","","","","","","","","","","","","","","","","","","","","","","","","","","","","","","","","","",""
"RollerFire","80","","","","","","","20","","","TRUE","","","200","","100","","","","","","","","","","","","","","","","","","","","","","","","","","","","","","","TRUE","TRUE","TRUE","","","","","","","","","","","","","","","","","","","","",""
"PuppeteerPoison","40","","","","","","","20","TRUE","TRUE","","","","400","","100","","","","","","","","","","","","","","","","","","","","","","","","","","","","","","","TRUE","TRUE","TRUE","","","","","","","","","","","TRUE","","","","","","","","","",""
"PuppeteerOverchargedMindcontrolShield","500","","","","","","","","","","TRUE","","","","","","","","","","","","","","","","","","","","","","","","","","","","","","","","","","","","","","","","","","","","","","","","SpawnProtection;CancelOnNotMindControl","","","","","","","","","","",""
"SharpenedAmmoBleed","60","","","","","","","20","","","","","","","","","","","","","","","","","","","","","","","","","","","","","","","","","","","","","","","","","TRUE","","","","","","","","","","","","","","","","","","","","",""
"CollabAssassinBleed","120","","","","","","","20","","","","","","65","","30","","","","","","","","","","","","","","","","","","","","","","","","","","","","","","","TRUE","","TRUE","","","","","","","","","","","","","","","","","","","","",""
"JesterUltiPoison","120","","","","","","","20","TRUE","","TRUE","","","290","","100","","","","","","","","","","","","","","","","","","","","","","","","","","","","","","","TRUE","TRUE","TRUE","","","","","","","","","","","","","","","","","","","","",""
"BarkeepPuddleSlow","21","","","","","","","","","","TRUE","","","","","","","","","","","","","","","400","","","","","","","","","","","","","","","","","","","","","","","TRUE","","","","","","","","","","","","","","","","","","","","",""
"MechanicTurretAreaSlow","60","","","","","","","","","","TRUE","","","","","","","","","","","","","","","350","","","","","","","","","","","","","","","","","","","","","","","TRUE","","","","","","","","","","","","","","","","","","","","",""
"CocoonerTrailAreaSlow","21","","","","","","","","","","TRUE","","","","","","","","","","","","","","","350","","","","","","","","","","","","","","","","","","","","","","","TRUE","","","","","","","","","","","","","","","","","","","","",""
"BeeSniperAreaSlow","21","","","","","","","","","","TRUE","","","","","","","","","","","","","","","350","","","","","","","","","","","","","","","","","","","","","","","TRUE","","","","","","","","","","","","","","","","","","","","",""
"BeeSniperUltiProjectileSlow","60","","","","","","","","","","TRUE","","","","","","","","","","","","","","","350","","","","","","","","","","","","","","","","","","","","","","","TRUE","","","","","","","","","","","","","","","","","","","","",""
"ChesterUltiAreaSlow","21","","","","","","","","","","TRUE","","","","","","","","","","","","","","","350","","","","","","","","","","","","","","","","","","","","","","","TRUE","","","","","","","","","","","","","","","","","","","","",""
"MegaCactusUltiExplosionSlow","21","","","","","","","","","","TRUE","","","","","","","","","","","","","","","350","","","","","","","","","","","","","","","","","","","","","","","TRUE","","","","","","","","","","","","","","","","","","","","",""
"MegaTickAreaSlow","21","","","","","","","","","","TRUE","","","","","","","","","","","","","","","350","","","","","","","","","","","","","","","","","","","","","","","TRUE","","","","","","","","","","","","","","","","","","","","",""
"MegaStickyBombAreaSlow","21","","","","","","","","","","TRUE","","","","","","","","","","","","","","","250","","","","","","","","","","","","","","","","","","","","","","","TRUE","","","","","","","","","","","","","","","","","","","","",""
"MarksmanArchetypeAreaSlow","10","","","","","","","","","","TRUE","","","","","","","","","","","","","","","150","","","","","","","","","","","","","","","","","","","","","","","TRUE","","","","","","","","","","","","","","","","","","","","",""
"BaseballGadgetStickyAreaSlow","20","","","","","","","","","","TRUE","","","","","","","","","","","","","","20","","","","","","","","","","","","","","","","","","","","","","","","TRUE","","","","","","","","","","","","","","","","","","","","",""
"FishTankGadgetAreaSlow","60","","","","","","","","","","TRUE","","","","","","","","","","","","","","","350","","","","","","","","","","","","","","","","","","","","","","","TRUE","","","","","","","","","","","","","","","","","","","","",""
"VoodooAreaSlow","60","","","","","","","","","","TRUE","","","","","","","","","","","","","","","300","","","","","","","","","","","","","","","","","","","","","","","TRUE","","","","","","","","","","","","","","","","","","","","",""
"VoodooPetProjectileSlow","20","","","","","","","","","","TRUE","","","","","","","","","","","","","","","350","","","","","","","","","","","","","","","","","","","","","","","TRUE","","","","","","","","","","","","","","","","","","","","",""
"LeaperGadgetSlow","40","","","","","","","","","","TRUE","","","","","","","","","","","","","","","350","","","","","","","","","","","","","","","","","","","","","","","TRUE","","","","","","","","","","","","","","","","","","","","",""
"WrathOfAnAngelProjectileSlow","20","","","","","","","","","","TRUE","","","","","","","","","","","","","","","200","","","","","","","","","","","","","","","","","","","","","","","TRUE","","","","","","","","","","","","","","","","","","","","",""
"BeamerProjectileSlow","50","","","","","","","","","","TRUE","","","","","","","","","","","","","","","350","","","","","","","","","","","","","","","","","","","","","","","TRUE","","","","","","","","","","","","","","","","","","","","",""
"MegaFinxTimeStopProjectileSlow","30","","","","","","","","","","TRUE","","","","","","","","","","","","","","","500","","","","","","","","","","","","","","","","","","","","","","","TRUE","","","","","","","","","","","","","","","","","","","","",""
"ShotgunGirlStarPowerUltiProjectileSlow","40","","","","","","","","","","TRUE","","","","","","","","","","","","","","55","","","","","","","","","","","","","","","","","","","","","","","","TRUE","","","","","","","","","","","","","","","","","","","","",""
"BlowerStarPowerAttackProjectileSlow","10","","","","","","","","","","TRUE","","","","","","","","","","","","","","","350","","","","","","","","","","","","","","","","","","","","","","","TRUE","","","","","","","","","","","","","","","","","","","","",""
"RosaGadgetBushSlow","60","","","","","","","","","","TRUE","","","","","","","","","","","","","","","350","","","","","","","","","","","","","","","","","","","","","","","TRUE","","","","","","","","","","","","","","","","","","","","",""
"DrillerOverchargedUltiAreaSlow","30","","","","","","","","","","TRUE","","","","","","","","","","","","","","10","","","","","","","","","","","","","","","","","","","","","","","","TRUE","","","","","","","","","","","","","","","","","","","","",""
"NinjaUltiSpeedBoost","10","","","","","","","","TRUE","","TRUE","","","","","","","","","","","","30","","","","","","","","","","","","","","","","","","","","","","","","","","","","","","","","","","","","","","","","","","","","","","",""
"GearSpeedBoostInBush","2","","","","","","","","TRUE","TRUE","TRUE","","","","","","","","","","","15","","","","","","","","","","","","","","","","","","","","","","","","","","","","","","","","","","","","","","","","","","","","","","","",""
"TraitMoveSpeedInBush_S","10","","","","","","","","TRUE","","TRUE","","","","","","","","","","","","15","","","","","","","","","","","","","","","","","","","","","","","","","","","","","","","","","","","","","","","","","","","","","","",""
"TraitMoveSpeedInBush_E","10","","","","","","","","TRUE","","TRUE","","","","","","","","","","","","30","","","","","","","","","","","","","","","","","","","","","","","","","","","","","","","","","","","","","","","","","","","","","","",""
"TraitMoveSpeedInBush_Mini_E","10","","","","","","","","TRUE","","TRUE","","","","","","","","","","","","15","","","","","","","","","","","","","","","","","","","","","","","","","","","","","","","","","","","","","","","","","","","","","","",""
"TraitMoveSpeedInBush_Mini_S","10","","","","","","","","TRUE","","TRUE","","","","","","","","","","","","10","","","","","","","","","","","","","","","","","","","","","","","","","","","","","","","","","","","","","","","","","","","","","","",""
"TraitMoveSpeedInBush_Nano_Rosa","10","","","","","","","","TRUE","","TRUE","","","","","","","","","","","","40","","","","","","","","","","","","","","","","","","","","","","","","","","","","","","","","","","","","","","","","","","","","","","",""
"InsectManStarPowerWaterSpeedBoost","10","","","","","","","","TRUE","TRUE","TRUE","","","","","","","","","","","25","","","","","","","","","","","","","","","","","","","","","","","","","","","","","","","","","","","","","","","","","","","","","","","",""
"SpeedyUltiAreaSpeedBoost","80","","","","","","","","TRUE","","TRUE","","","","","","","","","","","","","300","","","","","","","","","","","","","","","","","","","","","","","","","","","","","","","","","","","NotForObjects","","","","","","","","","","",""
"SpeedyGadgetDashShield","10","","","","TRUE","","","","","","TRUE","","","","","","","","","","100","","","","","","","","","","","","","","","","","","","","","","","","","","","","","","","","","","","","","","","","","","","","","","","","",""
"SpeedyGadgetDashBuddyTimer","40","","","","","","","","","","TRUE","","","","","","","","","","","","","","","","","","","","","","","","","","","","","","","","","","","","","","","","","","","","","","","","ConsumeBonusSkillShotOnExpire;CancelOnBonusSkillNotAvailable","","TRUE","","","","","","","","",""
"SpeedyBuddyAreaShield","80","","","","","","","","","","TRUE","","","","","","","","","","25","","","","","","","","","","","","","","","","","","","","","","","","","","","","","","","","","","","","","","NotForObjects","","","","","","","","","","",""
"SpeedyBuddyOnHitSpeedBoost","20","","","","","","","","TRUE","TRUE","TRUE","","","","","","","","","","","","20","","","","","","","","","","","","","","","","","","","","","","","","","","","","","","","","","","","","","","","","","","","","","","",""
"EnragerUltiSpeedBoost","50","","","","","","","","TRUE","","TRUE","","","","","","","","","","","","","200","","","","","","","","","","","","","","","","","","","","","","","","","","","","","","","","","","","","","","","","","","","","","",""
"GenericSpeedBoost","10","","","","","","","","TRUE","","TRUE","","","","","","","","","","","","","100","","","","","","","","","","","","","","","","","","","","","","","","","","","","","","","","","","","","","","","","","","","","","",""
"SandStormOverchargedAreaSpeedBoost","10","","","","","","","","TRUE","","TRUE","","","","","","","","","","","","20","","","","","","","","","","","","","","","","","","","","","","","","","","","","","","","","","","","","","","","","","","","","","","",""
"SpeedyOverchargedAreaSpeedBoost","200","","","","","","","","TRUE","","TRUE","","","","","","","","","","","","","200","","","","","","","","","","","","","","","","","","","","","","","","","","","","","","","","","","","","","","","","","","","","","",""
"SpeedyOverchargedUltiAreaSpeedBoost","80","","","","","","","","TRUE","","TRUE","","","","","","","","","","","","","300","","","","","","","","","","","","","","","","","","","","","","","","","","","","","","","","","","","","","","","","","","","","","",""
"SuperSneakersSpeedBoost","50","","","","","","","","TRUE","","TRUE","","","","","","","","","","","","","350","","","","","","","","","","","","","","","","","","","","","","","","","","","","","","","","","","","","","","","","","","","","","",""
"OnHitSpeedyUpAreaSpeedBoost","6","","","","","","","","TRUE","","TRUE","","","","","","","","","","","","","550","","","","","","","","","","","","","","","","","","","","","","","","","","","","","","","","","","","","","","","","","","","","","",""
"SlowDownNanoPower_Sam","7","","","","","","","","","","TRUE","","","","","","","","","","","","","","","300","","","","","","","","","","","","","","","","","","","","","","","TRUE","","","","","","","","","","","","","","","","","","","","",""
"SlowDownNanoPower_Damian","1","","","","","","","","","","TRUE","","","","","","","","","","","","","","","200","","","","","","","","","","","","","","","","","","","","","","","TRUE","","","","","","","","","","","","","","","","","","","","",""
"SlowDownNanoPower_Surge","40","","","","","","","","","","TRUE","","","","","","","","","","","","","","","300","","","","","","","","","","","","","","","","","","","","","","","TRUE","","","","","","","","","","","","","","","","","","","","",""
"StarrNovaAmberOnHitSpeedyUpAreaSpeedBoost","6","","","","","","","","TRUE","","TRUE","","","","","","","","","","","","","400","","","","","","","","","","","","","","","","","","","","","","","","","","","","","","","","","","","","","","","","","","","","","",""
"OnHitSpeedyUpAreaSpeedBoost_MaxNano","10","","","","","","","","TRUE","","TRUE","","","","","","","","","","","","","500","","","","","","","","","","","","","","","","","","","","","","","","","","","","","","","","","","","","","","","","","","","","","",""
"OnHitSpeedyUpAreaSpeedBoost_SamNano","20","","","","","","","","TRUE","","TRUE","","","","","","","","","","","","","600","","","","","","","","","","","","","","","","","","","","","","","","","","","","","","","","","","","","","","","","","","","","","",""
"OnGadgetSpeedyUpAreaSpeedBoost","6","","","","","","","","TRUE","","TRUE","","","","","","","","","","","","","700","","","","","","","","","","","","","","","","","","","","","","","","","","","","","","","","","","","","","","","","","","","","","",""
"DrillerGadgetSpeedBoost","80","","","","","","","","TRUE","","TRUE","","","","","","","","","","","","25","","","","","","","","","","","","","","","","","","","","","","","","","","","","","","","","","","","","","","","","","","","","","","",""
"TntDudeGadgetSpeedBoost","40","","","","","","","","TRUE","","TRUE","","","","","","","","","","","","20","","","","","","","","","","","","","","","","","","","","","","","","","","","","","","","","","","","","","","","","","","","","","","",""
"CannonGirlGadgetSpeedAndReloadBoost","100","","","","","","","","TRUE","","TRUE","","","","","","","","","","","","30","","","","","","","","","","30","","","","","","","","","","","","","","","","","","","","","","","","","","","","","","","","","","","","",""
"GunslingerStarPowerMovementSpeed","999999","","","","","","","","TRUE","TRUE","TRUE","","","","","","","","","","","13","","","","","","","","","","","","","","","","","","","","","","","","","","","","","","","","","","","","","","","","","","","","","","","",""
"BaseballStarPowerSpeedBoost","10","","","","","","","","TRUE","TRUE","TRUE","","","","","","","","","","","12","","","","","","","","","","","","","","","","","","","","","","","","","","","","","","","","","","","","","","","","","","","","","","","",""
"LuchadorStarPowerSpeedBoost","80","","","","","","","","TRUE","TRUE","TRUE","","","","","","","","","","","25","","","","","","","","","","","","","","","","","","","","","","","","","","","","","","","","","","","","","","","","","","","","","","","",""
"CrossBomberStarPowerSpeedBoost","2","","","","","","","","TRUE","TRUE","TRUE","","","","","","","","","","","15","","","","","","","","","","","","","","","","","","","","","","","","","","","","","","","","","","","","","","","","","","","","","","","",""
"PuppeteerStarPowerTargetSpeedBoost","80","","","","","","","","TRUE","TRUE","TRUE","","","","","","","","","","","33","","","","","","","","","","","30","","","","","","","","","","","","","","","","","","","","","","","","","","PersistMindControl","","","","","","","","","","",""
"FishTankStarPowerSpeedBoost","5","","","","","","","","TRUE","TRUE","TRUE","","","","","","","","","","","10","","","","","","","","","","","","","","","","","","","","","","","","","","","","","","","","","","","","","","","","","","","","","","","",""
"AxeJugglerStarPowerSpeedBoost","2","","","","","","","","TRUE","TRUE","TRUE","","","","","","","","","","","6","","","","","","","","","","","","","","","","","","","","","","","","","","","","","","","","","","","","","","","","","","","","","","","",""
"AmbusherStarPowerSpeedBoost","20","","","","","","","","TRUE","TRUE","TRUE","","","","","","","","","","","15","","","","","","","","","","","","","","","","","","","","","","","","","","","","","","","","","","","","","","","","","","","","","","","",""
"DiggerStarPowerSpeedBoost","5","","","","","","","","TRUE","TRUE","TRUE","","","","","","","","","","","25","","","","","","","","","","","","","","","","","","","","","","","","","","","","","","","","","","","","","","","","","","","","","","","",""
"DiggerDrillAttackSpeedBoost","3","","","","","","","","TRUE","","TRUE","","","","","","","","","","","","22","","","","","","","","","","","","","","","","","","","","","","","","","","","","","","","","","","","","","","","","","","","","","","",""
"SkaterStarPowerSpeedBoost","2","","","","","","","","TRUE","TRUE","TRUE","","","","","","","","","","","20","","","","","","","","","","","","","","","","","","","","","","","","","","","","","","","","","","","","","","","","","","","","","","","",""
"AlternatorStarPowerSpeedBoost","2","","","","","","","","TRUE","TRUE","TRUE","","","","","","","","","","","15","","","","","","","","","","","","","","","","","","","","","","","","","","","","","","","","","","","","","","","","","","","","","","","",""
"JesterGadgetSpeedBoost","100","","","","","","","","TRUE","","TRUE","","","","","","","","","","","","20","","","","","","","","","","","","","","","","","","","","","","","","","","","","","","","","","","","","","","","","","","","","","","",""
"DuelistShadowRealmSelfBuff","2","","","","","","","","TRUE","","TRUE","","","","","","","","","","","","10","","","","","","","","","","20","","","","","","","","","","","","","","","","","","","","","","","","","","","","","","","","","","","","",""
"WhirlwindUltiSpeedBuff","2","","","","","","","","TRUE","","TRUE","","","","","","","","","","","","83","","","","","","","","","","","","","","","","","","","","","","","","","","","","","","","","","","","","","","","","","","","","","","",""
"WeaponThrowerUltiSpeedBuff","50","","","","","","","","TRUE","","TRUE","","","","","","","","","","","","25","","","","","","","","","","","","","","","","","","","","","","","","","","","","","","","","","","","","","","","","","","","","","","",""
"BloodHuntSpeedBoost","2","","","","","","","","TRUE","","TRUE","","","","","","","","","","","","30","","","","","","","","","","","","","","","","","","","","","","","","","","","","","","","","","","","","","","","","","","","","","","",""
"CollabItemDamageDealerSpeedBoost","100","","","","","","","","TRUE","","TRUE","","","","","","","","","","","","","250","","","","","","","","","","","","","","","","","","","","","","","","","","","","","","","","","","","","","","","","","","","","","",""
"CollabItemAssasinSpeedBoost","60","","","","","","","","TRUE","","TRUE","","","","","","","","","","","","","400","","","","","","","","","","","","","","","","","","","","","","","","","","","","","","","","","","","","","","","","","","","","","",""
"CollabItemTankSpeedBoost","50","","","","","","","","TRUE","","TRUE","","","","","","","","","","","","","300","","","","","","","","","","","","","","","","","","","","","","","","","","","","","","","","","","","","","","","","","","","","","",""
"EventMomentumSpeedBoost","10","","","","","","","","TRUE","","TRUE","","","","","","","","","","","","","300","","","","","","","","","","","","","","","","","","","","","","","","","","","","","","","","","","","","","","","","","","","","","",""
"SplitterComponentSpeedBoost","2","","","","","","","","TRUE","","TRUE","","","","","","","","","","","","","100","","","","","","","","","","","","","","","","","","","","","","","","","","","","","","","","","","","","","","","","","","","","","",""
"ItemSpeedBoost","200","","","","","","","","TRUE","","TRUE","","","","","","","","","","","","","300","","","","","","","","","","","","","","","","","","","","","","","","","","","","","","","","","","","","","","","","","","","","","",""
"ItemDamageAndSpeedBoost","200","","","","","","","","TRUE","","TRUE","","","","","","","","","","","","","200","","","","","","","","","","","","","","","","","","","","","","","","","","","","","","","","","","","","","","","","","","","","","",""
"MegaBossItemDamageAndSpeedBoost","600","","","","","","","","TRUE","","TRUE","","","","","","","","","","","","","200","","","","","","","","","","","","","","","","","","","","","","","","","","","","","","","","","","","","","","","","","","","","","",""
"FleaPetDot","80","","","","","","","20","","TRUE","","","","200","","100","","","","","","","","","","","","","","","","","","","","","","","","","","","","","","","TRUE","TRUE","TRUE","","","","","","","","","","","","","","","","","","","","",""
"FleaPetHot","80","","","","","","","20","","TRUE","","","","","","","","","","250","","","","","","","","","","","","","","","","","","","","","","","","","","","TRUE","TRUE","","","","","","","","","","","","","","","","","","","","","",""
"FleaExtraPetDot","40","","","","","","","20","","TRUE","","","","200","","100","","","","","","","","","","","","","","","","","","","","","","","","","","","","","","","TRUE","TRUE","TRUE","","","","","","","","","","","","","","","","","","","","",""
"SamuraiShield","9999999","","TRUE","","","","","","","","TRUE","","","","","","","","","","60","","","","","","","","","","","","","","","","","","","","","","","","","","","","","","","","","","","","","","","","","","","","","","","","",""
"SamuraiHide","120","","","TRUE","","","","","","","TRUE","","","","","","","","","","100","","","","100","","","","","","","","","","","TRUE","TRUE","TRUE","TRUE","full","","TRUE","","","","","","","","","","","","","","","","","","","","","","","","","","","",""
"SnakeOilDot","40","","","","","","","20","TRUE","TRUE","","","","380","","68","","","","","","","","","","","","","","","","","","","","","","","","","","","","","","","TRUE","TRUE","TRUE","","","","","","","","","","","TRUE","","","","","","","","","",""
"SnakeOilHot","40","","","","","","","20","TRUE","TRUE","","","","","","","","","","380","","","","","","","","","","","","","","","","","","","","","","","","","","","TRUE","TRUE","","","","","","","","","","","","","","","","","","","","","",""
"SnakeOilGadgetDot","40","","","","","","","20","TRUE","TRUE","","","","304","","82","","","","","","","","","","","","","","","","","","","","","","","","","","","","","","","TRUE","TRUE","TRUE","","","","","","","","","","","TRUE","","","","","","","","","",""
"SnakeOilGadgetHot","40","","","","","","","20","TRUE","TRUE","","","","","","","","","","228","","","","","","","","","","","","","","","","","","","","","","","","","","","TRUE","TRUE","","","","","","","","","","","","","","","","","","","","","",""
"CrowPoison","60","","","","","","","20","","","TRUE","","","80","","30","","","","","","","","","","","","","","","","","","","","","","","","","","","","","","","TRUE","TRUE","TRUE","","","","","","","","","","","","","","","","","","","","",""
"CrowCrippleSP","80","","","","","","","","","","","","","","","","","","","","","","","","","","","","15","","","","","","","","","","","","","","","","","","","","TRUE","","","","","","","","","","","","","","","","","","","","",""
"LuchadorFire","80","","","","","","","20","","","TRUE","","","225","","0","","","","","","","","","","","","","","","","","","","","","","","","","","","","","","","TRUE","TRUE","TRUE","","","","","","","","","","","","","","","","","","","","",""
"ShadowMushroomHot","40","","","","","","","20","TRUE","TRUE","","","","","","","","","","235","","","","","","","","","","","","","","","","","","","","","","","","","","","TRUE","TRUE","TRUE","","","","","","","","","","","","","","","","","","","","",""
"ShadowMushroomDot","40","","","","","","","20","TRUE","TRUE","","","","240","","30","","","","","","","","","","","","","","","","","","","","","","","","","","","","","","","TRUE","TRUE","","","","","","","","","","","","","","","","","","","","","",""
"AttacherUltiDot","40","","","","","","","20","","TRUE","","","","125","","30","","","","","","","","","","","","","","","","","","","","","","","","","","","","","","","TRUE","TRUE","TRUE","","","","","","","","","","","","","","","","","","","","",""
"CookerGadgetDot","60","","","","","","","20","TRUE","","TRUE","","","130","","30","","","","","","","","","","","","","","","","","","","","","","","","","","","","","","","TRUE","TRUE","TRUE","","","","","","","","","","","","","","","","","","","","",""
"CookerGadgetHot","60","","","","","","","20","TRUE","","TRUE","","","","","","","","","350","","","","","","","","","","","","","","","","","","","","","","","","","","","TRUE","TRUE","","","","","","","","","","","","","","","","","","","","","",""
"GhostIncorporeal","120","","","","","","","","","TRUE","TRUE","","","","","","","","","","","","30","","","","","","","","","","","","","","","","","","","","","","","","","","","","","","TRUE","TRUE","","","","","","","TRUE","","","","","","","","",""
"GhostIncorporealOvercharged","120","","","","","","","","","TRUE","TRUE","","","","","","","","","","","","30","","","","","","","","","","","","","","","","","","","","","","","","","","","","","","TRUE","TRUE","","","","","","","TRUE","","Brawler_GhostOvercharged","","","","","","",""
"GhostShield","120","","","","","","","","","","TRUE","","","","","","","","","","30","","","","","","","","","","","","","","","","","","","","","","","","","","","","","","","","","","","","","","","","","","","","","","","","",""
"GhostDeadCenterReward","40","","","","","","","","","TRUE","","","","","","","","","","","","","20","","","","","","","","","","","","","","","","","","","","","","","","","","","","","","","","","","","","","","","","","","","","","","",""
"GhostPullToCenter","999999","","","","","","","","","","","","","","","","","","","","","","","","","","","","","","","","","","","","","","","","","","","","","","","","","","","","","","","","","","MeleeHitsPullToCenter;CancelOnAttackEnd","","","","","","","","","","",""
"GhostFear","20","","","","","","","","TRUE","","TRUE","","","","","","","","","","","","","","","","","","","","","","","","","","","","","","","","","","","","","","TRUE","","","","","","","","","","Fear","","","","","","","","","","",""
"MosquitoPoison","80","","","","","","","20","","TRUE","","","","","","","","","","","","","","","","","","","","","","","","","","","","","","","","","","","","","","","TRUE","","","","","","","","","","","","","","","","","","","","",""
"DemonicRitualCooldown","10","","","","","","","20","","","","","","","","","","","","","","","","","","","","","","","","","","","","","","","","","","","","","","","","","","","","","","","","","","","","","","","","","","","","","",""
"AngelicGraceCooldown","20","","","","","","","20","","","","","","","","","","","","","","","","","","","","","","","","","","","","","","","","","","","","","","","","","","","","","","","","","","","","","","","","","","","","","",""
"DemonicMomentum","9999999","","","","","TRUE","","20","","","TRUE","","","","","","","","","","","","","40","","","","","","","","","","","","","","","","","","","","","","","","","","","","","","","","","","","","","","","","","","","","DemonicMomentum002","DemonicMomentumCooldown",""
"SpeedOfAnAngel","9999999","","","","","","","20","","TRUE","TRUE","","","","","","","","","","","","","100","","","","","","","","","","","","","","","","","","","","","","","","","","","","","","","","","","","","","","","","","","","","SpeedOfAnAngel002","",""
"SpeedOfAnAngel002","9999999","","","","","","","20","","TRUE","TRUE","","","","","","","","","","","","","140","","","","","","","","","","","","","","","","","","","","","","","","","","","","","","","","","","","","","","","","","","","","SpeedOfAnAngel003","",""
"LastBreathCooldown","500","","","","","","","20","","","","","","","","","","","","","","","","","","","","","","","","","","","","","","","","","","","","","","","","","","","","","","","","","","TRUE","","","","","","","","","","","",""
"LastBreath","30","","","","","","","10","","","","","","","","","","","","","100","","","","","","","","","","","","","","","","","","","","","","","","","","","","","","","","","","","","","TRUE","","","","","","","","","","LastBreathCooldown","",""
"AngelicWrathCooldown","50","","","","","","","20","","","","","","","","","","","","","","","","","","","","","","","","","","","","","","","","","","","","","","","","","","","","","","","","","","","","","","","","","","","","","",""
"DemonicfireCooldown","10","","","","","","","10","","","","","","","","","","","","","","","","","","","","","","","","","","","","","","","","","","","","","","","","","","","","","","","","","","","","","","","","","","","","","",""
"InvokDemonicPetAfterDying","9999999","","","","","","","20","","","","","","","","","","","","","","","","","","","","","","","","","","","","","","","","","","","","","","","","","","","","","","","","DemonicPet","","","","","","","","","","","","InvokeAngelicBigPetAfterDying","",""
"InvokeAngelicBigPetAfterDying","9999999","","","","","","","20","","","","","","","","","","","","","","","","","","","","","","","","","","","","","","","","","","","","","","","","","","","","","","","","","","","","","","","","","","","","","",""
"VoodooGadgetSpeedUp","60","","","","","","","","","","","","","","","","","","","","","","40","","","","","","","","","","","","","","","","","","","","","","","","","","","","","","","","","","","","","","","","","","","","","","",""
"VoodooGadgetShield","60","","","","","","","","","","","","","","","","","","","","30","","","","","","","","","","","","","","","","","","","","","","","","","","","","","","","","","","","","","","","","","","","","","","","","",""
"SilencerUltiOvercharged","30","","","","","","","","","","","","","","","","","","","","","","","","","","","","","","","","","","","","","","","","","TRUE","TRUE","","","","","","TRUE","","","","","","","","","","","","","","","","","","","","",""
"BarrelbotShield","18","","","","","","","","","","","","","","","","","","","","50","","","","","","","","","","","","","","","","","","","","","","","","","","","","","","","","","","","","","","","","","","","","","","","","",""
"BarrelbotShieldOvercharged","18","","","","","","","","","","","","","","","","","","","","50","","","","","","","","","","","","","","","","","","","","","","","","","","","","","","","","","","","","","","","","","","","","","","","","",""
"BarrelbotAfterChargeShield","40","","","","","","","","","","","","","","","","","","","","25","","","","","","","","","","","","","","","","","","","","","","","","","","","","","","","","","","","","","","","","","","","","","","","","",""
"BarrelbotAfterShieldOvercharged","40","","","","","","","","","","","","","","","","","","","","25","","","","","","","","","","","","","","","","","","","","","","","","","","","","","","","","","","","","","","","","","","","","","","","","",""
"BarrelBotGadgetSlow","21","","","","","","","","","","TRUE","","","","","","","","","","","","","","","350","","","","","","","","","","","","","","","","","","","","","","","TRUE","","","","","","","","","","","","","","","","","","","","",""
"DemonicMomentum002","9999999","","","","","TRUE","","20","","","TRUE","","","","","","","","","","","","","110","","","","","","","","","","","","","","","","","","","","","","","","","","","","","","","","","","","","","","","","","","","","DemonicMomentum003","DemonicMomentumCooldown",""
"DemonicMomentum003","9999999","","","","","TRUE","","20","","","TRUE","","","","","","","","","","","","","180","","","","","","","","","","","","","","","","","","","","","","","","","","","","","","","","","","","","","","","","","","","","DemonicMomentum004","DemonicMomentumCooldown",""
"DemonicMomentum004","9999999","","","","","TRUE","","20","","","TRUE","","","","","","","","","","","","","250","","","","","","","","","","","","","","","","","","","","","","","","","","","","","","","","","","","","","","","","","","","","","DemonicMomentumCooldown",""
"DemonicMomentumCooldown","15","","","","","","","","","","","","","","","","","","","","","","","","","","","","","","","","","","","","","","","","","","","","","","","","","","","","","","","","","","","","","","","","","","","","",""
"DemonicRevengeCooldown","30","","","","","","","","","","","","","","","","","","","","","","","","","","","","","","","","","","","","","","","","","","","","","","","","","","","","","","TRUE","","","","","","","","","","","","","","",""
"DemonicSoulCollectorCooldown","40","","","","","","","","","","","","","","","","","","","","","","","","","","","","","","","","","","","","","","","","","","","","","","","","","","","","","","TRUE","","","","","","","","","","","","","","",""
"SpeedOfAnAngel003","9999999","","","","","","","20","","TRUE","TRUE","","","","","","","","","","","","","180","","","","","","","","","","","","","","","","","","","","","","","","","","","","","","","","","","","","","","","","","","","","SpeedOfAnAngel004","",""
"SpeedOfAnAngel004","9999999","","","","","","","20","","TRUE","TRUE","","","","","","","","","","","","","200","","","","","","","","","","","","","","","","","","","","","","","","","","","","","","","","","","","","","","","","","","","","SpeedOfAnAngel005","",""
"SpeedOfAnAngel005","9999999","","","","","","","20","","TRUE","TRUE","","","","","","","","","","","","","220","","","","","","","","","","","","","","","","","","","","","","","","","","","","","","","","","","","","","","","","","","","","","",""
"LightyearFire","80","","","","","","","20","","","TRUE","","","80","","30","","","","","","","","","","","","","","","","","","","","","","","","","","","","","","","TRUE","TRUE","TRUE","","","","","","","","","","","","","","","","","","","","",""
"SkaterUltiTaunt","50","","","","","","TRUE","","TRUE","","TRUE","","","800","","100","","","","","","","","","","","","","","","","","","","","","","","","","","","","TRUE","","","TRUE","TRUE","TRUE","","","","","","","","","","","","","","","","","","","","",""
"SkaterUltiHCTaunt","50","","","","","","TRUE","","TRUE","","TRUE","","","840","","100","","","","","","","","","","","","","","","","","","","","","","","","","","","","TRUE","","","TRUE","TRUE","TRUE","","","","","","","","","","","","","","","","","","","","",""
"SkaterUltiAmmoReductionSelf","30","","","","","","","","TRUE","","","","","","","","","","50","","","","","","","","","","","","","","","","","","","","","","","","","","","","","","TRUE","","","","","","","","","","","","","","","","","","","","",""
"SkaterGadgetJumpTaunt","20","","","","","","TRUE","","TRUE","","TRUE","","","","","","","","","","","","","","","","","","","","","","","","","","","","","","","","","TRUE","","","","","TRUE","","","","","","","","","","","","","","","","","","","","",""
"SkaterGadgetProjectileTaunt","20","","","","","","TRUE","","TRUE","","TRUE","","","","","","","","","","","","","","","","","","","","","","","","","","","","","","","","","TRUE","","","","","TRUE","","","","","","","","","","","","","","","","","","","","",""
"MeepleSuperArea","10","","","","","","","","","","TRUE","","","","","","","","","","","","","","","","","","","","","","","","","","","","","","","","","","","","","","","TRUE","TRUE","TRUE","","","","","","","","","","","","","","","","","",""
"Invulnerable","9999999","","","","","","","10","","","","","","","","","","","","","100","","","","","","","","","","","","","","","","","","","","","","","","","","","","","","","","","","","","","","","","","","","","","","","","",""
"ArenaBuff","1300","","","","","","","20","","","","","","","","","","","","","30","","","80","","","","","","","","","","","","","","","","","","","","","","","","","","","","","","","","","","TRUE","","","","","","","","","","","",""
"MorningstarSuperRoot","20","","","","","","","","","","TRUE","","","","","","","","","","","","","","100","","","","","","","","","","","","","","","","","","","","","","","","TRUE","","","","","","","","","","","","","","","","","","","","",""
"MorningstarRecallSlow","20","","","","","","","","","","TRUE","","","","","","","","","","","","","","30","","","","","","","","","","","","","","","","","","","","","","","","TRUE","","","","","","","","","","","","","","","","","","","","",""
"GusOverchargedHealingProjectile","10","","","","","","","20","TRUE","TRUE","","","","","","","","","","340","","","","","","","","","","","","","","","","","","","","","","","","","","","TRUE","TRUE","","","","","","","","","","","","","","","","","","","","","",""
"ChronomancerTimebendSpeedReduce","2","","","","","","","","TRUE","","TRUE","","","","","","","","","","","","","","70","","","","","","","","","","","","","","","","","","","","","","","","TRUE","","","","","","","","","","","","","","","","","","","","",""
"ChronomancerTimebendSpeedBoost","100","","","","","","","","TRUE","","TRUE","","","","","","","","","","","","30","","","","","","","","","","","","","","","","","","","","","","","","","","","","","","","","","","","","","","","","","","","","","","",""
"ChronomancerTimebendBoostSelf","100","","","","","","","","TRUE","","TRUE","","","","","","","","","","","","30","","","","25","","","","","","","","","","","","","","","","","","","","","","","","","","","","","","","","","","","","","","","","","","",""
"ChronomancerGadgetProjectileStasis","40","","","","","","","","TRUE","","TRUE","","","","","","","","","","","","","","","","","","","","","","","","","","","","","","","","","","TRUE","","","","TRUE","","","","","","","","","","","","","","","","","","","","",""
"CleanseInfiniteNoVFX","9999999","","","","","","","","","","TRUE","","","","","","","","","","","","","","","","","","","","","","","","","TRUE","","","","","","","","","","","","","","","","","","","","","","","","","","","","","","","","","",""
"AlternatorProjectileHeal","2","","","","","","","","TRUE","","","","","","","","","","","750","","","","","","","","","","","","","","","","","","","","","","","","","","","TRUE","TRUE","","","","","","","","","","","","TRUE","","","","","","","","","",""
"AlternatorHealAura","2","","","","","","","","TRUE","","","","","","","","","","","750","","","","","","","","","","","","","","","","","","","","","","","","","","","TRUE","TRUE","","","","","","","","","","","","TRUE","","","","","","","","","",""
"AlternatorSpeedAura","40","","","","","","","","","","TRUE","","","","","","","","","","","","30","","","","","","","","","","","","","","","","","","","","","","","","","TRUE","","","","","","","","","","","","","","","","","","","","","",""
"AlternatorDamageAura","2","","","","","","","","TRUE","","","","","650","","100","","","","","","","","","","","","","","","","","","","","","","","","","","","","","","","TRUE","TRUE","","","","","","","","","","","","TRUE","","","","","","","","","",""
"AlternatorSlowAura","40","","","","","","","","","","TRUE","","","","","","","","","","","","","","30","","","","","","","","","","","","","","","","","","","","","","","TRUE","TRUE","","","","","","","","","","","","","","","","","","","","",""
"AlternatorProjectileSpeedTrail","15","","","","","","","","","","TRUE","","","","","","","","","","","","20","","","","","","","","","","","","","","","","","","","","","","","","","","","","","","","","","","","","","","","","","","","","","","",""
"AlternatorProjectileSlowTrail","25","","","","","","","","","","TRUE","","","","","","","","","","","","","","30","","","","","","","","","","","","","","","","","","","","","","","","TRUE","","","","","","","","","","","","","","","","","","","","",""
"AlternatorHealAuraOvercharged","2","","","","","","","","TRUE","","","","","","","","","","","1000","","","","","","","","","","","","","","","","","","","","","","","","","","","TRUE","TRUE","","","","","","","","","","","","TRUE","","","","","","","","","",""
"AlternatorSpeedAuraOvercharged","40","","","","","","","","","","TRUE","","","","","","","","","","","","40","","","","","","","","","","","","","","","","","","","","","","","","","TRUE","","","","","","","","","","","","","","","","","","","","","",""
"GeishaStormDebuff","2","","","","","","","","","","TRUE","","","","","","","","","","","","","","","","","","","","","","","","","","","","","","","","","","","","","","","","","","","","","","","","HasStormVision","","","","","","","","","","",""
"GeishaTransformedUltiDamageMark","50","","","","","","","50","","TRUE","","","","1360","","100","","","","","","","","","","","","","","","","","","","","","","","","","","","","","","","TRUE","TRUE","TRUE","","","","","","","","","TRUE","","TRUE","","","","","","","","","",""
"GeishaTransformedUltiDamageMarkSp","50","","","","","","","50","","TRUE","","","","1360","","100","","","","","","","","","","","","","","","","","","","","","","","","","","","","","","","TRUE","TRUE","TRUE","","","","","","","","GeishaTransformedMarkExplosionSP","TRUE","","TRUE","","","","","","","","","",""
"GeishaTransformedUltiDamageMarkOvercharged","50","","","","","","","50","","TRUE","","","","1360","","100","","","","","","","","","","","","","","","","","","","","","","","","","","","","","","","TRUE","TRUE","TRUE","","","","","","","","GeishaTransformedMarkDamagedOvercharged","TRUE","InstantTriggerIfKills","TRUE","","","","","","","","","",""
"GeishaTransformedUltiDamageMarkSpOvercharged","50","","","","","","","50","","TRUE","","","","1360","","100","","","","","","","","","","","","","","","","","","","","","","","","","","","","","","","TRUE","TRUE","TRUE","","","","","","","","GeishaTransformedMarkExplosionSPOvercharged","TRUE","InstantTriggerIfKills","TRUE","","","","","","","","","",""
"GeishaTransformSpeedBoost","50","","","","","","","","","","TRUE","","","","","","","","","","","","30","","","","","","","","","","","","","","","","","","","","","","","","","","","","","","","","","","","","","","","","","","","","","","",""
"GeishaTransformInvisibility","30","","TRUE","","","","","","","","TRUE","","","","","","","","","","","","","","","","","","","","","","","","","","","","","normal","","","","","","","","","","","","","","","","","","","CancelOnAttack","","","","","","","","","","",""
"GeishaWeakSpotSlowdown","50","","","","","","","","","","TRUE","","","","","","","","","","","","","","30","","","","","","","","","","","","","","","","","","","","","","","","TRUE","","","","","","","","","","","","","","","","","","","","",""
"SkaterMutantTaunt","60","","","","","","TRUE","","TRUE","","TRUE","","","","","","","","","","","","","","","","","","","","","","","","","","","","","","","","","TRUE","","","","","TRUE","","","","","","","","","","","","","","","","","","","","",""
"TriggerProjectileOnHittingCooldown","10","","","","","","","","","","","","","","","","","","","","","","","","","","","","","","","","","","","","","","","","","","","","","","","","","","","","","","","","","","","","","","","","","","","","",""
"MegaBossVulnerableGen","9999999","","","","","","","","","","","","","","","","","","","","","","","","","","","","","","100","","","","","","","","","","","","","","","","","","","","","","","","","","","","","","","","","","","","","","",""
"ForceShow","10","","","","","","","","","","","","","","","","","","","","","","","","","","","","","","","","","","","","","","","","TRUE","","","","","","","","","","","","","","","","","","","","","","","","","","","","",""
"RosaOverchargedUltiAreaSlow","2","","","","","","","","","","TRUE","","","","","","","","","","","","","","","350","","","","","","","","","","","","","","","","","","","","","","","TRUE","","","","","","","","","","","","","","","","","","","","",""
"MutantRosaForceShow","999999","","","","","","","","","","","","","","","","","","","","","","","","","","","","","","","","","","","","","","","","TRUE","","","","","","","","","","","","","","","","","","","","","","","","","","","","",""
"MutantGhostIncorporeal","20","","","","","","","","","TRUE","TRUE","","","","","","","","","","","","30","","","","","","","","","","","","","","","","","","","","","","","","","","","","","","TRUE","TRUE","","","","","","","TRUE","","","","","","","","",""
"SafeInvulnerability","60","","","","","","","","TRUE","","","","","","","","","","","","100","","","","","","","","","","","","","","","","","","","","","","","","","","","","","","","","","","","","","","","","TRUE","","","","","","","","",""
"Debug","60","","","","","","","","TRUE","","TRUE","","","","","","","","","","","","","","60","","","","","","","","","","","","","","","","","","","","","TRUE","","","TRUE","","","","","","","","","","","","","","","","","","","","",""
"GusOverchargedDmgProjectile","10","","","","","","","20","TRUE","TRUE","","","","900","","20","","","","","","","","","","","","","","","","","","","","","","","","","","","","","","","TRUE","TRUE","TRUE","","","","","","","","","","","","","","","","","","","","",""
"SpeedWhenUsingUltiAngels","60","","","","","","","20","","TRUE","TRUE","","","","","","","","","","","","20","","","","","","","","","","","","","","","","","","","","","","","","","","","","","","","","","","","","","","","","","","","","","SpeedOfAnAngel003","",""
"SpeedBoostOnKillDemons","60","","","","","","","10","","","TRUE","","","","","","","","","","","","20","","","","","","","","","","","","","","","","","","","","","","","","","","","","","","","","","","","","","","","","","","","","","","",""
"ShootProjectileOnBasicAttackCooldown","10","","","","","","","","","","","","","","","","","","","","","","","","","","","","","","","","","","","","","","","","","","","","","","","","","","","","","","","","","","","","","","","","","","","","",""
"DemonicStatusEffectForProjectiles","80","","","","","","","20","","","TRUE","","","100","","0","","","","","","","","","","","","","","","","","","","","","","","","","","","","","","","TRUE","TRUE","TRUE","","","","","","","","","","","","","","","","","","","","",""
"CannonGirlOverchargedStun","20","","","","","","","","","","TRUE","","","","","","","","","","","","","","","","","","","","","","","","","","","","","","","TRUE","TRUE","","","","","","TRUE","","","","","","","","","","","","","","","","","","","","",""
"DomainOnAreaBuff","2","","","","","","","","","","TRUE","","","","","","","","","","","","25","","","","30","","","","","","","","","","","","","","","","","","","","","","","","","","","","","","","","","","","","","","","","","","",""
"DomainDamageReduceSP","2","","","","","","","","","","TRUE","","","","","","","","","","","","","","","","","","15","","","","","","","","","","","","","","","","","","","","TRUE","","","","","","","","","","","","","","","","","","","","",""
"DomainForceShowSP","2","","","","","","","","","","TRUE","","","","","","","","","","","","","","","","","","","","","","","","","","","","","","TRUE","","","","","","","","TRUE","","","","","","TRUE","","","","","","","","","","","","","","",""
"DomainInverseDamageGadget","40","","TRUE","","","","","","","","","","","","","","","","","","","","","","","","","","","","","","","","","","","","","","","","","","","","","","","","","","","","","","","","ReceiveDamageInversion","","","","","","","","","","",""
"DomainOverchargedUltiDamage","20","","","","","","","1","","","TRUE","","","150","","30","","","","","","","","","","","","","","","","","","","","","","","","","","","","","","","TRUE","TRUE","TRUE","","","","","","","","","","","TRUE","","","","","","","","","",""
"AngelicHot","40","","","","","","","20","TRUE","TRUE","","","","","","","","","","250","","","","","","","","","","","","","","","","","","","","","","","","","","","TRUE","TRUE","","","","","","","","","","","","","","","","","","","","","",""
"IceDudeHypothermia","750","","","","","","","","","","TRUE","","","","","","","","","","","","","","","","","","50","","","","","","","","","","","","","","","","","","","","TRUE","","","","","","TRUE","","","","PartialStunBasedDamageReduce","","","","","","","","","","",""
"DuplicatorPetTooCloseCripple","2","","","","","","","","","","TRUE","","","","","","","","","","","","","","","","","","35","","","","","","","","","","","","","","","","","","","","TRUE","","","","","","","","","","","","","","","","","","","","",""
"StalkerUltiInvisible","140","","","","","","","","","","TRUE","40","10","","","","","","","","","","","","","","","","","","","","","","","","","","","attacks_dont_reveal","","","","","","","","","","","","","","","","","","","","","TRUE","","","","","","","","",""
"StalkerUltiDamageTargetCurrentHpBoost","999999","","","","TRUE","","","","","","TRUE","","","","","","","","","","","","","","","","","","","25","","","","","","","","","","","","","","","","","","","","","","","","","","","","","","","","","","","","","","","",""
"ElectroSniperCurse","99999","","","","","","","","","TRUE","TRUE","","","","","","","","","","","","","","","","","","","","35","","","","","","","","","","","","","","","","","","TRUE","","","","","","","","","","RemoveOtherInstances","","","","","","","","","","",""
"ElectroSniperTrapExplosionSlow","60","","","","","","","","","","TRUE","","","","","","","","","","","","","","","350","","","","","","","","","","","","","","","","","","","","","","","TRUE","","","","","","","","","","","","","","","","","","","","",""
"DragonRaiderMark","100","","","","","","","","","TRUE","TRUE","","","","","","","","","","","","","","","","","","","","35","","","","","","","","","","","","","","","","","","TRUE","","","","","","","","","","","","","","","","","","","","",""
"SplitterTag","100","","TRUE","","","","","","","TRUE","TRUE","","","","","","","","","","","","","","","","","","","","","700","","","","","","","","","","","","","","","TRUE","","TRUE","","","","","","","","","","NotForObjects;ResetCreatedTickOnRefresh","","","","","","","","","","",""
"BullGadgetStun","10","","","","","","","","","TRUE","TRUE","","","","","","","","","","","","","","","","","","","","","","","","","","","","","","","TRUE","TRUE","","","","","","","","","","","","","","","","","","","","","","","","","","",""
"BullAreaSlow","30","","","","","","","","","","TRUE","","","","","","","","","","","","","","","350","","","","","","","","","","","","","","","","","","","","","","","TRUE","","","","","","","","","","","","","","","","","","","","",""
"DodgeballDeathStun","60","","","","","","","","","","","","","","","","","","","","100","","","","","","","","","","","","","","","","","","","","","TRUE","TRUE","","","","","","TRUE","","","","","","","","","","IgnoreCCImmunity;IsDodgeballDeathStun","","","","","","","","","","",""
"SS_JetpackSlow","40","","","","","","","","","","TRUE","","","","","","","","","","","","","","30","","","","","","","","","","","","","","","","","","","","","","","","TRUE","","","","","","","","","","","","","","","","","","","","",""
"TrailRunSpeedBoostOnKill","60","20","","","","","","","","TRUE","","","","","","","","","","","","","","800","","","","","","","","","","","","","","","","","","","","","","","","","","","","","","","","","","","","","","","","","","","","","",""
"TrailRunRubberBandSpeedBoost1","60","20","","","","","","","","TRUE","","","","","","","","","","","","","","200","","","","","","","","","","","","","","","","","","","","","","","","","","","","","","","","","","","","","","","","","","","","","",""
"TrailRunRubberBandSpeedBoost2","70","30","","","","","","","","TRUE","","","","","","","","","","","","","","300","","","","","","","","","","","","","","","","","","","","","","","","","","","","","","","","","","","","","","","","","","","","","",""
"TrailRunRubberBandSpeedBoost3","80","40","","","","","","","","TRUE","","","","","","","","","","","","","","400","","","","","","","","","","","","","","","","","","","","","","","","","","","","","","","","","","","","","","","","","","","","","",""
"FurySlowdown","20","","","","","","","","","","TRUE","","","","","","","","","","","","","","20","","","","","","","","","","","","","","","","","","","","","","","","TRUE","","","","","","","","","","","","","","","","","","","","",""
"StickyBombUltiSlow","80","","","","","","","","","","TRUE","","","","","","","","","","","","","","","350","","","","","","","","","","","","","","","","","","","","","","","TRUE","","","","","","","","","","","","","","","","","","","","",""
"StickyBombGadgetSlow","21","","","","","","","","","","TRUE","","","","","","","","","","","","","","","350","","","","","","","","","","","","","","","","","","","","","","","TRUE","","","","","","","","","","","","","","","","","","","","",""
"MaisieUltiSlow","40","","","","","","","","","","TRUE","","","","","","","","","","","","","","","350","","","","","","","","","","","","","","","","","","","","","","","TRUE","","","","","","","","","","","","","","","","","","","","",""
"SignalStrikeReload","30","","","","","","","","TRUE","","","","","","","","","","-33","","","","","","","","","","","","","","","","","","","","","","","","","","","","","","TRUE","","","","","","","","","","","","","","","","","","","","",""
"MegaCrowPoison","60","","","","","","","15","","","TRUE","","","50","","30","","","","","","","","","","","","","","","","","","","","","","","","","","","","","","","TRUE","TRUE","TRUE","","","","","","","","","","","","","","","","","","","","",""
"MegaCrowPoisonStrong","144","","","","","","","12","","","TRUE","","","120","","30","","","","","","","","","","","","","","","","","","","","","","","","","","","","","","","TRUE","TRUE","TRUE","","","","","","","","","","","","","","","","","","","","",""
"DancerRootSp","30","","","","","","","","","","TRUE","","","","","","","","","","","","","","100","","","","","","","","","","","","","","","","","","","","","","","","TRUE","","","","","","","","","","","","","","","","","","","","",""
"MeepleOverchargedPassWall","10","","","","","","","","","","TRUE","","","","","","","","","","","","","","","","","","","","","","","","","","","","","","","","","","","","","","","","","","TRUE","TRUE","","","","","","","","","","","","","","","",""
"MegaBossSplitterTag","75","","TRUE","","","","","","","TRUE","","","","","","","","","","","","","","","","","","","","","","300","","","","","","","","","","","","","","","TRUE","","TRUE","","","","","","","","","","NotForObjects","","","","","","","","","","",""
"TrailRunRubberBandSpeedBoost4","90","50","","","","","","","","TRUE","","","","","","","","","","","","","","500","","","","","","","","","","","","","","","","","","","","","","","","","","","","","","","","","","","","","","","","","","","","","",""
"TrailRunRubberBandSpeedBoost5","100","60","","","","","","","","TRUE","","","","","","","","","","","","","","600","","","","","","","","","","","","","","","","","","","","","","","","","","","","","","","","","","","","","","","","","","","","","",""
"TrailRunRubberBandSpeedBoost6","110","70","","","","","","","","TRUE","","","","","","","","","","","","","","700","","","","","","","","","","","","","","","","","","","","","","","","","","","","","","","","","","","","","","","","","","","","","",""
"TrailRunRubberBandSpeedBoost7","120","80","","","","","","","","TRUE","","","","","","","","","","","","","","800","","","","","","","","","","","","","","","","","","","","","","","","","","","","","","","","","","","","","","","","","","","","","",""
"ActorPlaceholderRoot","25","","","","","","","","","","TRUE","","","","","","","","","","","","","","100","","","","","","","","","","","","","","","","","","","","","","","","TRUE","","","","","","","","","","","","","","","","","","","","",""
"BulletstormUltiMark","7","","","","","","","","","","TRUE","","","","","","","","","","","","","","","","","","","","","","","","","","","","","","","","","","","","","","TRUE","","","","","","","","","","","","","","","","","","","","",""
"BulletstormUltiOverchargedMark","7","","","","","","","","","","TRUE","","","","","","","","","","","","","","","","","","","","","","","","","","","","","","","","","","","","","","TRUE","","","","","","","","","","","","","","","","","","","","",""
"BulletstormLastShotSlow","20","","","","","","","","","","TRUE","","","","","","","","","","","","","","25","","","","","","","","","","","","","","","","","","","","","","","","TRUE","","","","","","","","","","","","","","","","","","","","",""
"BulletstormShellPickupSpeedUp","20","","","","","","","","","TRUE","TRUE","","","","","","","","","","","15","","","","","","","","","","","","","","","","","","","","","","","","","","","","","","","","","","","","","","","","","","","","","","","",""
"MarksmanHitPoison_S","40","","","","","","","20","","","TRUE","","","50","","","","","","","","","","","","","","","","","","","","","","","","","","","","","","","","","TRUE","TRUE","TRUE","","","","","","","","","","","","","","","","","","","","",""
"MarksmanHitPoison_E","60","","","","","","","20","","","TRUE","","","100","","","","","","","","","","","","","","","","","","","","","","","","","","","","","","","","","TRUE","TRUE","TRUE","","","","","","","","","","","","","","","","","","","","",""
"MarksmanHitPoison_L","80","","","","","","","20","","","TRUE","","","150","","","","","","","","","","","","","","","","","","","","","","","","","","","","","","","","","TRUE","TRUE","TRUE","","","","","","","","","","","","","","","","","","","","",""
"BarleyHitPoisonNanoPower","60","","","","","","","20","","","TRUE","","","300","","","","","","","","","","","","","","","","","","","","","","","","","","","","","","","","","","TRUE","TRUE","","","","","","","","","","","","","","","","","","","","",""
"EmzHitPoisonNanoPower","40","","","","","","","20","","","TRUE","","","500","","","","","","","","","","","","","","","","","","","","","","","","","","","","","","","","","","TRUE","TRUE","","","","","","","","","","","","","","","","","","","","",""
"MarksmanHitSlowdown","10","","","","","","","","","","TRUE","","","","","","","","","","","","","","","100","","","","","","","","","","","","","","","","","","","","","","","TRUE","","","","","","","","","","","","","","","","","","","","",""
"DaredevilWeaponSpeedup","3","","","","","","","","","TRUE","TRUE","","","","","","","","","","","","35","","","","","","","","","","","","","","","","","","","","","","","","","","","","","","","","","","","","","","","","","","","","","","",""
"DaredevilSpUltiChargeRate","999999","","TRUE","","","","","","","","TRUE","","","","","","30","","","","","","","","","","","","","","","","","","","","","","","","","","","","","","","","","","","","","","","","","","","","","","","","","","","","",""
"RogueHitBurn_S","20","","","","","","","20","","","TRUE","","","150","","","","","","","","","","","","","","","","","","","","","","","","","","","","","","","","","TRUE","TRUE","TRUE","","","","","","","","","","","","","","","","","","","","",""
"RogueHitBurn_E","40","","","","","","","20","","","TRUE","","","250","","","","","","","","","","","","","","","","","","","","","","","","","","","","","","","","","TRUE","TRUE","TRUE","","","","","","","","","","","","","","","","","","","","",""
"RogueHitBurn_L","60","","","","","","","20","","","TRUE","","","250","","","","","","","","","","","","","","","","","","","","","","","","","","","","","","","","","TRUE","TRUE","TRUE","","","","","","","","","","","","","","","","","","","","",""
"DracoNanoHitBurn","20","","","","","","","20","","","TRUE","","","800","","","","","","","","","","","","","","","","","","","","","","","","","","","","","","","","","","TRUE","TRUE","","","","","","","","","","","","","","","","","","","","",""
"RogueHitBurnHold_S","20","","","","","","","20","","","TRUE","","","100","","","","","","","","","","","","","","","","","","","","","","","","","","","","","","","","","TRUE","TRUE","TRUE","","","","","","","","","","","","","","","","","","","","",""
"RogueHitBurnHold_E","40","","","","","","","20","","","TRUE","","","125","","","","","","","","","","","","","","","","","","","","","","","","","","","","","","","","","TRUE","TRUE","TRUE","","","","","","","","","","","","","","","","","","","","",""
"RogueHitBurnHold_L","40","","","","","","","20","","","TRUE","","","250","","","","","","","","","","","","","","","","","","","","","","","","","","","","","","","","","TRUE","TRUE","TRUE","","","","","","","","","","","","","","","","","","","","",""
"PlaceholderParryStatusEffect","10000","","","","","","","","","","","","","","","","","","","","","","","","","","","","","","","","","","","","","","","","","","","","","","","","","","","","","","","","","","IsParry","","","","","","","","","","",""
"OneHPInvulnerability","20","","","","","","","","TRUE","","","","","","","","","","","","100","","","","","","","","","","","","","","","","","","","","","","","","","","","","","","","","","","","","","","","","TRUE","","","","","","","","",""
"VecnaStunSmash","40","","","","","","","","","TRUE","","","","","","","","","","","","","","","","","","","","","","","","","","","","","","","","TRUE","TRUE","","","","","","","","","","","","","","","","","","","","","","","","","","",""
"ColtOverchargedProjectileBuff","10","","","","","","","5","","TRUE","","","","","","","","","","","","","","","","","","","","","5","","","","","","","","","","","","","","","","","","","","","","","","","","","","","","","ColtOverchargedProjectileBuff;ColtOverchargedProjectileBuff2","","","","","","","",""
"BrawlBallDeathStun","80","","","","","","","","","","","","","","","","","","","","100","","","","","","","","","","","","","","","","","","","","","TRUE","TRUE","","","","","","TRUE","","","","","","","","","","IgnoreCCImmunity;IsDodgeballDeathStun","","","","","","","","","","",""
"EmzOverchargedPoison","80","","","","","","","20","","","TRUE","","","200","","30","","","","","","","","","","","","","","","","","","","","","","","","","","","","","","","TRUE","TRUE","TRUE","","","","","","","","","","","","","","","","","","","","",""
"MenderWeaponEnemyTether","30","","","","","","","","","TRUE","","","","","","","","","","","","","","","","","","","","","","","","","","","","","","","","","","","","","","","TRUE","","","","","","","","","","","","","","","","","","","","",""
"MenderWeaponAllyTether","30","","","","","","","","","TRUE","","","","","","","","","","","","","","","","","","","","","","","","","","","","","","","","","","","","","","","","","","","","","","","","","","","","","","","","","","","",""
"MenderGadgetHeal","2","","","","","","","","TRUE","","","","","","","","","","","1250","","","","","","","","","","","","","","","","","","","","","","","","","","","TRUE","TRUE","","","","","","","","","","","IsHeroOrCoopNeutral","TRUE","","","","","","","","","",""
"MenderStarPowerAllyDamageBuff","2","","","","","","","","TRUE","","TRUE","","","","","","","","","","","","","","","","20","","","","","","","","","","","","","","","","","","","","","","","","","","","","","","","","","","","","","","","","","","",""
"MenderStarPowerEnemyDamageDebuff","2","","","","","","","","TRUE","","TRUE","","","","","","","","","","","","","","","","","","20","","","","","","","","","","","","","","","","","","","","TRUE","","","","","","","","","","","","","","","","","","","","",""
"MenderUltiFear","40","","","","","","","","TRUE","","TRUE","","","","","","","","","","","","","","","","","","","","","","","","","","","","","","","","","","","","","","TRUE","","","","","","","","","","Fear","","","","","","","","","","",""
"MenderUltiSlow","40","","","","","","","","TRUE","","TRUE","","","","","","","","","","","","","","40","","","","","","","","","","","","","","","","","","","","","","","","TRUE","","","","","","","","","","","","","","","","","","","","",""
"MenderUltiOverchargedDamageReceiveBoost","40","","","","","","","","TRUE","","TRUE","","","","","","","","","","","","","","","","","","","","25","","","","","","","","","","","","","","","","","","TRUE","","","","","","","","","","","","","","","","","","","","",""
"ColtSpeedBuddySp","10","","","","","","","10","TRUE","","TRUE","","","","","","","","","","","","20","","","","","","","","","","","","","","","","","","","","","","","","","","","","","","","","","","","","","","","","","","","","","","",""
"EmzBuddySp2","10","","","","","","","20","","","","","","","","","","","","","100","","","","","","","","","","","","","","","","","","","","","","","","","","","","","","","","","","","","","","","","","","","","","","","","",""
"FrankBuddySp1","60","","","","","","","20","TRUE","TRUE","","","","","","","","","","560","","","","","","","","","","","","","","","","","","","","","","","","","","","TRUE","TRUE","","","","","","","","","","","","","","","","","","","","","",""
"EmzBuddySp1","80","","","","","","","","","","","","","","","","","","","","","","","","","","","","15","","","","","","","","","","","","","","","","","","","","TRUE","","","","","","","","","","NotForObjects","","","","","","","","","","",""
"MortisBuddySp2","10","","","","","","","5","","","TRUE","","","","","","","","","","35","","","","","","","","","","","","","","","","","","","","","","","","","","","","","","","","","","","","","","","","","","","","","","","","",""
"CactusPoppingBuddy","20","","","","","","","","","","TRUE","","","","","","","","","","","","","","","","","","","","","","","","","","","","","","","","","","","","","","TRUE","","","","","","","","","","TriggerChainEffectOnRefreshLimitReached","","","","","1","","","","CactusPoppingBuddyStatusEffect","",""
"CactusUltiExplosionSlow","21","","","","","","","","","","TRUE","","","","","","","","","","","","","","","400","","","","","","","","","","","","","","","","","","","","","","","TRUE","","","","","","","","","","","","","","","","","","","","",""
"ShotgunGirlClayPigeonsBuddyProjectileStatusEffect","10","","","","","","","","TRUE","","TRUE","","","","","","","","","","","","","","30","","","","","","","","","","","","","","","","","","","","","","","","TRUE","","","","","","","","","","AdditiveDurationTicksOnRefresh","","","","","","","","","","",""
"GunslingerDoubleShotProjectileStatusEffect","10","","","","","","","","","TRUE","TRUE","","","","","","","","","","","","","","30","","","","","","","","","","","","","","","","","","","","","","","","","","","","","","","","","","","","","","","","","","","","",""
"HammerDudeGadgetSkillNoiseCancelStatusEffect","70","","","","","","","","","","","","","","","","","","","","","","","","","","","","","","","","","","","","","TRUE","","","","","","","","","","","","","","","","","","","","","","","","","","","","","","","",""
"HammerDudeGadgetSkillAttractionStatusEffectBuddy","40","","","","","","","","TRUE","","TRUE","","","","","","","","","","","","","","70","","","","","","","","","","","","","","","","","","","","","","","","TRUE","","","","","","","","","","","","","","","","","","","","",""
"ShotgunGirlGadgetSkillImmunityShieldBuddy","8","","","","","","","","TRUE","","","","","","","","","","","","100","","","","","","","","","","","","","","","","","","","","","","","","","","","","","","","","","","","","","","","","","","","","","","","","",""
"ShelllyBuddySp2","60","","","","","","","","","TRUE","","","","","","","","","","","","","15","","","","","","","","","","","","","","","","","","","","","","","","","","","","","","","","","","","","","","","","","","","","","","",""
"MegaBossGhostIncorporeal","999999","","","","","","","","","TRUE","TRUE","","","","","","","","","","","","30","","","","","","","","","","","","","","","","","","","","","","","","","","","","","","TRUE","TRUE","","","","","","","TRUE","","","","","","","","",""
"BombHeistSafeDamageImmunity","999999","","","","","","","","TRUE","","","","","","","","","","","","100","","","","","","","","","","","","","","","","","","","","","","","","","","","","","","","","","","","","","","","","","","","","","","","","",""
"SwarmNoEffectWaitTime5Seconds","60","","","","","","","","","TRUE","","","","","","","","","","","","","","","","","","","","","","","","","","","","","","","","","","","","","","","","","","","","","","","","","","","","","","","","","","","",""
"SwarmNoEffectWaitTime3Seconds","30","","","","","","","","","TRUE","","","","","","","","","","","","","","","","","","","","","","","","","","","","","","","","","","","","","","","","","","","","","","","","","","","","","","","","","","","",""
"FrankBuddyShield","2","","","","","","","","","TRUE","TRUE","","","","","","","","","","10","","","","","","","","","","","","","","","","","","","","","","","","","","","","","","","","","","","","","","","","","","","","","","","","",""
"MummyGadgetSkillAcidSprayStatusEffectBuddy","60","","","","","","","","TRUE","","TRUE","","","","","","","","","","","","","","30","","","","","","","","","","","","","","","","","","","","","","","","TRUE","","","","","","","","","","NotForObjects","","","","","","","","","","",""
"MummyUltiAreaSlow","21","","","","","","","","","","TRUE","","","","","","","","","","","","","","","350","","","","","","","","","","","","","","","","","","","","","","","TRUE","","","","","","","","","","","","","","","","","","","","",""
"CactusPoppingBuddyStatusEffect","20","","","","","","","","","","","","","","","","","","","","","","","","100","","","","","","","","","","","","","","","","","","","","","","","","TRUE","","","","","","","","","","","","","","","","","","","","",""
"MegaBossMosquitoPoison","40","","","","","","","20","","TRUE","","","","150","","","","","","","","","","","","","","","","","","","","","","","","","","","","","","","","","","","TRUE","","","","","","","","","","","","","","","","","","","","",""
"MortisGadgetSkillBatsStatusEffect","130","","","","","","","","","","","","","","","","","","","","100","","","","100","","","","","","","","","","","TRUE","TRUE","TRUE","TRUE","full","","TRUE","","","","","","","","","","","","","","","","","CancelOnBlinkAndForceTileCenter","","","","","","","","","","",""
"MortisGadgetSkillBatsStatusEffectBuddy","130","","","","","","","","","","","","","","","","","","","","100","","","","100","","","","","","","","","","","TRUE","TRUE","TRUE","TRUE","full","","TRUE","","","","","","","","","","","","","","","","","CancelOnBlinkAndForceTileCenter","","","","","","","","","","",""
"MummyGadgetSkillAcidSprayStatusEffect","2","","","","","","","","TRUE","","TRUE","","","","","","","","","","","","","","","","","","","","","","","","","","","","","","","","","","","","","","TRUE","","","","","","","","","","","","","","","","","","","","",""
"SpeederSpeedBoost","2","","","","","","","","TRUE","","TRUE","","","","","","","","","","","","","800","","","","","","","","","","","","","","","","","","","","","","","","","","","","","","","","","","","","","","","","","","","","","",""
"ShadowdemonCloneBulletSlow","40","","","","","","","","","TRUE","TRUE","","","","","","","","","","","","","","20","","","","","","","","","","","","","","","","","","","","","","","","TRUE","","","","","","","","","","NotForObjects","","","","","","","","","","",""
"ShadowdemonSPMinionSpeed","9999999","","","","","","","","","TRUE","","","","","","","","","","","","15","","","","","","","","","","","","","","","","","","","","","","","","","","","","","","","","","","","","","","","","","","","","","","","",""
"BoxSpeedBoost","9999999","","","","","","","","","TRUE","","","","","","","","","","","","","10","","","","","","","","","","","","","","","","","","","","","","","","","","","","","","","","","","","","","","","","","","","","","","",""
"BoxShield","9999999","","","","","","","","","TRUE","TRUE","","","","","","","","","","10","","","","","","","","","","","","","","","","","","","","","","","","","","","","","","","","","","","","","","","","","","","","","","","","",""
"ShamanSp2AmmoReloadBoost","60","","","","","","","","TRUE","","TRUE","","","","","","","","","","","","","","","","","","","","","","25","","","","","","","","","","","","","","","","","","","","","","","","","","","","","","","","","","","","",""
"ShamanPetShield","10","","","","","","","","","","TRUE","","","","","","","","","","100","","","","","","","","","","","","","","","","","","","","","","","","","","","","","","","","","","","","","","","","","","","","","","","","",""
"BaseballGadgetSkillHealStatusEffect","110","","","","","","","20","TRUE","","","","","","","","","","","300","","","","","","","","","","","","","","","","","","","","","","","","","","","TRUE","TRUE","","","","","","","","","","","","","","","","","","","","","",""
"BaseballDamageAreaSlowStatusEffect","40","","","","","","","5","","","TRUE","","","","","","","","","","","","","","20","","","","","","","","","","","","","","","","","","","","","","","","TRUE","","","","","","","","","","","","","","","","","","","","",""
"BaseballDamageAreaBuddySlowStatusEffect","40","","","","","","","5","","","TRUE","","","","","","","","","","","","","","","","","","","","","","","","","","","","","","","","","","","","","","TRUE","","","","","","","","","","","","","","","","","","","","",""
"CrowBuddySp1","2","","","","","","","","","TRUE","","","","","","","","","","","","","","","","","5","","","","","","","","","","","","","","","","","","","","","","","","","","","","","","","","","","","","","","","","","","",""
"BullGadget1","100","","","","","","","","","","","","","","","","","","","","","","","","","","","","","","","","","","25","","","","","","","","","","","","","","","","","","","","","","","","","","","","","","","","","","",""
"BoxDamageBuff","9999999","","","","","","","","","TRUE","","","","","","","","","","","","","","","","","15","","","","","","","","","","","","","","","","","","","","","","","","","","","","","","","","","","","","","","","","","","",""
"BoxHealthBuff","9999999","","","","","","","","","TRUE","","","","","","","","","","","","","","","","","","","","","","","","","","","","","","","","","","","","","","","","","","","","","","","","","","","","","","","","","","","",""
"RedirecterProjectilePoison","40","","","","","","","20","","TRUE","","","","350","","50","","","","","","","","","","","","","","","","","","","","","","","","","","","","","","","TRUE","TRUE","TRUE","","","","","","","","","TRUE","","","","","","","","","","","",""
"RedirecterStarPowerCurrentHPPoison","40","","","","","","","20","","TRUE","","","","100","","50","","","","","","","","","","","","","","","","","","","","","","","","","","","","","","","TRUE","TRUE","TRUE","","","","","","","","","TRUE","MultiplyByTargetCurrentHealthPercent;IsHeroOrCoopNeutral","","","","","","","","","","",""
"RedirecterUltiPoison","40","","","","","","","20","TRUE","TRUE","","","","250","","50","","","","","","","","","","","","","","","","","","","","","","","","","","","","","","","TRUE","TRUE","TRUE","","","","","","","","","TRUE","","","","","","","","","","","",""
"RedirecterPetUltiPoison","40","","","","","","","20","TRUE","TRUE","","","","400","","50","","","","","","","","","","","","","","","","","","","","","","","","","","","","","","","TRUE","TRUE","TRUE","","","","","","","","","TRUE","","","","","","","","","","","",""
"RedirecterStarPowerSpawnPetOnTargetDeath","40","","","","","","","","","","TRUE","","","","","","","","","","","","","","","","","","","","","","","","","","","","","","","","","","","","TRUE","TRUE","TRUE","","","","","","","RedirecterSnakePet","","TRUE","IsHeroOrCoopNeutral","","","","","","","","","","",""
"RedirecterPoisonTrailComponentStatus","40","","","","","","","","","","TRUE","","","","","","","","","","","","","","","","","","","","","","","","","","","","","","","","","","","","","","TRUE","","","","","","","","","TRUE","","","","","RedirecterPoisonTrailComponent","","","","","","",""
"RedirecterPoisonTrailDamageStatus","40","","","","","","","20","","","TRUE","","","170","","50","","","","","","","","","","","","","","","","","","","","","","","","","","","","","","","TRUE","TRUE","TRUE","","","","","","","","","TRUE","","","","","","","","","","","",""
"LeonBuddyInvisibilityStatusEffect","10","","TRUE","","","","","","","","TRUE","","","","","","","","","","","","15","","","","","","","","","","","","","","","","","normal","","","","","","","","","","","","","","","","","","","CancelOnAttackEnd","","","","","","","","","","",""
"BullDudeStompGadget","20","","","","","","","5","","","TRUE","","","","","","","","","","","","","","50","","","","","","","","","","","","","","","","","","","","","","","","TRUE","","","","","","","","","","StunIfAlreadySlowed","","","","","","","","","","",""
"BullDudeGadget2","60","","","","","","","","","","TRUE","","","","","","","","","","","","30","","","","","","","","","","","","","","","","","","","","","","","","","","","","","","","","","","","","","","","","","","","","","","",""
"BullGadget1Heal","2","","","","","","","","TRUE","","","","","","","","","","","800","","","","","","","","","","","","","","","","","","","","","","","","","","","TRUE","TRUE","","","","","","","","","","","","TRUE","","","","","","","","","",""
"BullDudeBuddyTakedownShield","10","","","","","","","","","","TRUE","","","","","","","","","","100","","","","","","","","","","","","","","","","","","","","","","","","","","","","","","","","","","","","","","","","","","","","","","","","",""
"CrowPoisonGadget","40","","","","","","","20","","","TRUE","","","100","","30","","","","","","","","","30","","","","","","","","","","","","","","","","","","","","","","TRUE","TRUE","TRUE","","","","","","","","","","","","","","","","","","","","",""
"MegaBossDragonCrowBurn","40","","","","","","","20","","","TRUE","","","100","","30","","","","","","","","","","","","","","","","","","","","","","","","","","","","","","","TRUE","","TRUE","","","","","","","","","","","","","","","","","","","","",""
"MegaBossDragonCrowBurnStrong","60","","","","","","","20","","","TRUE","","","200","","30","","","","","","","","","","","","","","","","","","","","","","","","","","","","","","","TRUE","","TRUE","","","","","","","","","","","","","","","","","","","","",""
"NinjaBuddySp1","10","","","","","","","10","","","TRUE","","","","","","","","","","","","","","","","15","TRUE","","","","","","","","","","","","","","","","","","","","","","","","","","","","","","","NotForObjects","","","","","","","","","","",""
"BoulderStun","15","","","","","","","","","","TRUE","","","","","","","","","","","","","","","","","","","","","","","","","","","","","","","TRUE","TRUE","","","","","","","","","","","","","","","","","","","","","","","","","","",""
"SlowdownModifierSpeedReduceCharacter","2","","","","","","","","TRUE","","TRUE","","","","","","","","","","","","","","","","","","","","","","","","","","","","","","","","","","","","","","TRUE","","","","","","","","","","","","","","","","","","","","",""
"SlowdownModifierSpeedReduceProjectile","2","","","","","","","","TRUE","","TRUE","","","","","","","","","","","","","","70","","","","","","","","","","","","","","","","","","","","","","","","TRUE","","","","","","","","","","","","","","","","","","","","",""
"SandstormModifierVision","2","","","","","","","","","","TRUE","","","","","","","","","","","","","","","","","","","","","","","","","","","","","normal","","","","","","","","","","","","","","","","","","","HasStormVision","","","","","","","","","","",""
"NanoSandstormVision","2","","","","","","","","","","TRUE","","","","","","","","","","","","","","","","","","","","","","","","","","","","","normal","","","","","","","","","","","","","","","","","","","HasStormVision","","","","","","","","","","",""
"CrowInstadotActivateEffect","30","","","","","","","","","","","","","","","","","","","","","","","","","","","","","","","","","","","","","","","","","","","","","","","","","","","","","","","","","","","","","","","","","","","","",""
"CrowPoisonDaggerSlow","80","","","","","","","","","","TRUE","","","","","","","","","","","","","","","160","","","","","","","","","","","","","","","","","","","","","","","TRUE","","","","","","","","","","","","","","","","","","","","",""
"ShadowSmashMinionSpeed","9999999","","","","","","","","","","","","","","","","","","","","","","","","18","","","","","","","","","","","","","","","","","","","","","","","","","","","","","","","","","","","","","","","","","","","","",""
"GladiatorFire","30","","","","","","","30","","","TRUE","","","0","","0","","","","","","","","","","","","","","","","","","","","","","","","","","","","","","","TRUE","TRUE","TRUE","","","","","","","","","","TriggerOnDeath","","","Gladiator_SpawnFireAreaOnExpire;Gladiator_SpawnFireAreaExplosionOnExpire","","","","","","","",""
"DragonRiderUltiSpeed","2","","","","","","","","","TRUE","TRUE","","","","","","","","","","20","","20","","","","","","","","","","","","","","","","","","","","","","","","","","","","","","","","TRUE","","","","","","","","","","","","","","",""
"MagicalGirlUltiStatus","2","","","","","","","","","TRUE","TRUE","","","","","","","","","","","","25","","","","","","","","","","","30","","","","","","","","","","","","","","","","","","","","","TRUE","","","","","","","","","","","","","","",""
"MagicalGirlUltiStatusOvercharged","2","","","","","","","","","TRUE","TRUE","","","","","","","100","","","","","25","","","","","","","","","","90","30","","","","","","","","","","","","","","","","","","","","","TRUE","","","","","","","","","","","","","","",""
"MagicalGirlUltiAttackBuff","9999999","","","","","","","","","TRUE","TRUE","","","","","","","","","","","","","","","","4","TRUE","","","","","","","","","","","","","","","","","","","","","","","","","","","TRUE","","","","RemoveOnNotMountedUp","","","","","","","","","","",""
"MagicalGirlLevitation","10","","","","","","","","TRUE","","TRUE","","","","","","","","","","","","","","","","","","","","","","","","","","","","","","","","","","","","","","","","","","","","","","","","Levitation","","","","","","","","","","",""
"MagicalGirlShieldOvercharged","40","","","","TRUE","","","","","","","","","","","","","","","","100","","","","","","","","","","","","","","","","","","","","","","","","","","","","","","","","","","","","","","","","","","","","","","","","",""
"JetpackGirlLevitation","120","","","","","","","","TRUE","","TRUE","","","","","","","","","","","","","","","","","","","","","","","","","","","","","","","","","","","","","","","","","","","","","","","","Levitation","","","","","","","","","","",""
"JetpackGirlLevitationOvercharged","120","","","","","","","","TRUE","","TRUE","","","","","","","","","","","","","","","","","","","","","","","","","","","","","","","","","","","","","","","","","","","","","","","","Levitation;LevitationFullControl","","","","","","","","","","",""
"GladiatorFireHitReadyVfx","9999999","","","","","","","20","","","TRUE","","","","","","","","","","","","","","","","","","","","","","","","","","","","","","","","","","","","","","","","","","","","","","","","","","","","","","","","","","",""
"SwarmCooldownTimer","20","","","","","","","","","TRUE","","","","","","","","","","","","","","","","","","","","","","","","","","","","","","","","","","","","","","","","","","","","","","","","","","","","","","","","","","","",""
"GladiatorSpeedBoost","30","","","","","","","","","","","","","","","","","","","","","","30","","","","","","","","","","","","","","","","","","","","","","","","","","","","","","","","","","","","","","","","","","","","","","",""
"RockSpeedUpMovement","2","","","","","","","","","","TRUE","","","","","","","","","","","","20","","","","","","","","","","","","","","","","","","","","","","","","","","","","","","","","","","","","","","","","","","","","","","",""
"RockWeaponDamageBoost","16","","","","","","","","","","TRUE","","","","","","50","","","","","","","","","","100","","","","","","","","","","","","","","","","","","","","","","","","","","","","","","","","","","","","","","","","","","",""
"RockUltiDamageReduction","80","","","","","","","","","","TRUE","","","","","","","","","","30","","","","","","","","","","","","","","","","","","","","","","","","","","","","","","","","","","","","","","","","","","","","","","","","",""
"RockUltiOverchargedWallPass","80","","","","","","","","","","TRUE","","","","","","","","","","","","","","","","","","","","","","","","","","","","","","","","","","","","","","","","","","TRUE","","","","","","","","","","","","","","","","",""
"RockUltiStarPowerImmunityCC","20","","","","","","","","","","TRUE","","","","","","","","","","","","","","","","","","","","","","","","","","","TRUE","","","","","","","","","","","","","","","","","","","","","","","","","","","","","","","",""
"RockUltiTrailStatus","20","","","","","","","21","TRUE","","TRUE","","","700","","30","","","","","","","","","","","","","","","","","","","","","","","","","","","","","","","TRUE","","TRUE","","","","","","","","","","","","","","","","","","","","",""
"EnragerGadgetBuddySpeedBoost","50","","","","","","","","","","","","","","","","","","","","","","25","","","","","","","","","","","","","","","","","","","","","","","","","","","","","","","","","","","","","","","","","","","","","","",""
"EnragerGadgetBuddyCcImmunity","20","","","","","","","","","","","","","","","","","","","","","","","","","","","","","","","","","","","","","TRUE","","","","","","","","","","","","","","","","","","","","","","","","","","","","","","","",""
"SwarmCardSelectionSlow","2","","","","","","","","","","TRUE","","","","","","","","","","","","","","","350","","","","","","","","","","","","","","","","","","","","","","","","","","","","","","","","","","","","","","","","","","","",""
"GladiatorGadgetHeal","2","","","","","","","","TRUE","","","","","","","","","","","1600","","","","","","","","","","","","","","","","","","","","","","","","","","","TRUE","TRUE","","","","","","","","","","","","TRUE","","","","","","","","","",""
"FinxTowerUntargetable","9999999","","","","","","","","","","TRUE","","","","","","","","","","100","","","","100","","","","","","","","","","","TRUE","TRUE","TRUE","TRUE","","","","","","","","","","","","","","","","","","","","Untargetable","","","","","","","","","","",""
"MegaBossFinxTowerTimebendSpeedReduce","2","","","","","","","","TRUE","","TRUE","","","","","","","","","","","","","","75","","","","","","","","","","","","","","","","","","","","","","","","TRUE","","","","","","","","","","","","","","","","","","","","",""
"SwarmPetrolFireL1","1","","","","","","","1","TRUE","","TRUE","","","250","","100","","","","","","","","","","","","","","","","","","","","","","","","","","","","","","","TRUE","TRUE","TRUE","","","","","","","","","","","","","","","","","","","","",""
"SwarmPetrolFireL2","1","","","","","","","1","TRUE","","TRUE","","","250","","100","","","","","","","","","","","","","","","","","","","","","","","","","","","","","","","TRUE","TRUE","TRUE","","","","","","","","","","","","","","","","","","","","",""
"SwarmPetrolFireL3","1","","","","","","","1","TRUE","","TRUE","","","350","","100","","","","","","","","","","","","","","","","","","","","","","","","","","","","","","","TRUE","TRUE","TRUE","","","","","","","","","","","","","","","","","","","","",""
"PercenterGadgetCharm","10","","","","","","TRUE","","TRUE","","TRUE","","","","","","","","","","","","","","","","","","","","","","","","","","","","","","","","","TRUE","","","","","TRUE","","","","","","","","","","","","","","","","","","","","",""
"PercenterGadgetCharmNano","24","","","","","","TRUE","","TRUE","","TRUE","","","","","","","","","","","","","","","","","","","","","","","","","","","","","","","","","TRUE","","","","","TRUE","","","","","","","","","","","","","","","","","","","","",""
"MegaBossFinxTowerHeal","20","","","","","","","20","TRUE","","TRUE","","","","","","","","","300","","","","","","","50","","","","","","50","","","","","","","","","","","","","","","","","","","","","","","","","","","","","","","","","","","","",""
"KatanaKidHide","27","","","","","","","","","","TRUE","","","","","","","","","","100","","","","100","","","","","","","","","","","TRUE","TRUE","TRUE","TRUE","full","","TRUE","","","","","","","","","","","","","","","","","","","","","","","","","","","",""
"KatanaKidSpeedBoostAttackMaxCharge","20","","","","","","","","","TRUE","TRUE","","","","","","","","","","","20","","","","","","","","","","","","","","","","","","","","","","","","","","","","","","","","","","","","","","","","","","","","","","","",""
"KatanaKidGadgetSkillFishNetStatusEffect","25","","","","","","","","","","TRUE","","","","","","","","","","","","","","100","","","","","","","","","","","","","","","","","","","","","","","","TRUE","","","","","","","","","","","","","","","","","","","","",""
"PercenterStarPowerChargeDamageReductionBase","40","","","","TRUE","","TRUE","","TRUE","","","","","","","","","","","","60","","","","","","","","","","","","","","","","","","","","","","","","","","","","","","","","","","","","","","CancelOnGrapple;CancelOnPushback;CancelOnStun","","","","","","","","","","",""
"PercenterStarPowerChargeDamageReductionHit","60","","","","","","TRUE","","TRUE","","","","","","","","","","","","30","","","","","","","","","","","","","","","","","","","","","","","","","","","","","","","","","","","","","","","","","","","","","","","","",""
"FutureGirlTurretAreaStatusEffect","10","","","","","","","","","","TRUE","","","","","","","","","","","","","","","","","","","","","","","","","","","","","","","","","","","","","","","","","","","","","","","","","","","","","","60","","","","",""
"FutureGirlTurretAreaStatusEffectOvercharged","10","","","","","","","","","","TRUE","","","","","","","","","","","","","","","","","","","","","","","","","","","","","","","","","","","","","","","","","","","","","","","","","","","","","","90","","","","",""
"MegaBossFinxStunSmash","15","","","","","","","","","TRUE","","","","","","","","","","","","","","","","","","","","","","","","","","","","","","","","TRUE","TRUE","","","","","","","","","","","","","","","","","","","","","","","","","","",""
"FutureGirlMainAttackNoop","1","","","","","","","","","","TRUE","","","","","","","","","","","","","","","","","","","","","","","","","","","","","","","","","","","","","","","","","","","","","","","","","","","","","","","","","","",""
"MechaDudeUltiSpawnExplosionHyperChargedStatusEffect","20","","","","","","","","","","TRUE","","","","","","","","","","","","","","25","","","","","","","","","","","","","","","","","","","","","","","","TRUE","","","","","","","","","","","","","","","","","","","","",""
"ArcadePluggedInSpeedBoostSelf","16","","","","","","","","","","TRUE","","","","","","","","","","","","25","","","","","","","","","","","","","","","","","","","","","","","","","","","","","","","","","","","","","","","","","","","","","","",""
"ArcadePluggedInSpeedBoostAllies","16","","","","","","","","","TRUE","TRUE","","","","","","","","","","","10","","","","","","","","","","","","","","","","","","","","","","","","","","","","","","","","","","","","","","","","","","","","","","","",""
"ArcadeDamageBoostAllies","16","","","","","","","","","TRUE","TRUE","","","","","","","","","","","","","","","","35","","","","","","","","","","","","","","","","","","","","","","","","","","","","","","","","","","","","","","","","","","",""
"ArcadeDamageBoostAlliesLarger","16","","","","","","","","","TRUE","TRUE","","","","","","","","","","","","","","","","50","","","","","","","","","","","","","","","","","","","","","","","","","","","","","","","","","","","","","","","","","","",""
"MechaDudeBuddyGadgetHealAuraStatus","20","","","","","","","","TRUE","","","","","","","","","","","11","","","","","","","","","","","","","","","","","","","","","","","","","","","","TRUE","","","","","","","","","","","HealingPercentOfMaxHealth","TRUE","","","","","","","","","",""
"MechaDudeHyperchargeSlow","40","","","","","","","","TRUE","","TRUE","","","","","","","","","","","","","","40","","","","","","","","","","","","","","","","","","","","","","","","TRUE","","","","","","","","","","","","","","","","","","","","",""
"FutureGirlSP1TurretSlowEffect","10","","","","","","","","","","TRUE","","","","","","","","","","","","","","20","","","","","","","","","","","","","","","","","","","","","","","","TRUE","","","","","","","","","","","","","","","","","","","","",""
"TrickshotDudeProjectileBigBulletSplitBuddySlow","40","","","","","","","","TRUE","","TRUE","","","","","","","","","","","","","","30","","","","","","","","","","","","","","","","","","","","","","","","TRUE","","","","","","","","","","","","","","","","","","","","",""
"TrickshotDudeProjectileBigBulletSplitBuddySlowSmall","40","","","","","","","","TRUE","","TRUE","","","","","","","","","","","","","","30","","","","","","","","","","","","","","","","","","","","","","","","TRUE","","","","","","","","","","","","","","","","","","","","",""
"TrickShotDudeStarpowerAndNormalSpeedBoostBuddyStatus","2","","","","","","","","","TRUE","TRUE","","","","","","","","","","","100","","","","","","","","","","","","","","","","","","","","","","","","","","","","","","","","","","","","","","","","","","","","","","","",""
"PowerLevelerExtraUltiCharge","100","","","","","","","","","","TRUE","","","","","","30","","","","","","","","","","","","","","","","","","","","","","","","","","","","","","","","","","","","","","","","","","","","TRUE","","","","","","","","",""
"PowerLevelerExtraUltiChargeBuddy","100","","","","","","","","","","TRUE","","","","","","30","","","","","","","","","","","","","","","","30","","","","","","","","","","","","","","","","","","","","","","","","","","","","TRUE","","","","","","","","",""
"PowerLevelerGadgetShield","40","","TRUE","","","","","","","","TRUE","","","","","","","","","","50","","","","","","","","","","","","","","","","","","","","","","","","","","","","","","","","","","","","","","","","TRUE","","","","","","PowerLevelerGadgetShieldGiveAmmo","","",""
"PowerLevelerGadgetShieldBuddy","40","","TRUE","","","","","","","","TRUE","","","","","","","","","","50","","","","","","","","","","","","","","","","","","","","","","","","","","","","","","","","","","","","","","","","TRUE","","","","","","PowerLevelerGadgetShieldGiveAmmo;PowerLevelerGadgetShieldGadgetCooldown","","",""
"PowerLevelerSpeedBurstOnUltiAt2","40","","","","","","","","TRUE","TRUE","TRUE","","","","","","","","","","","","50","","","","","","","","","","","","","","","","","","","","","","","","","","","","","","","","","","","","","","","","","","","","","","",""
"RocketGirlGadgetSkillLandingSpeedBoost","40","","","","","","","","TRUE","","","","","","","","","","","","","","30","","","","","","","","","","","","","","","","","","","","","","","","","","","","","","","","","","","","","","","","","","","","","","",""
"RocketGirlSp1UltiSpeedBoost","40","","","","","","","","TRUE","","","","","","","","","","","","","","30","","","","","","","","","","","","","","","","","","","","","","","","","","","","","","","","","","","","","","","","","","","","","","",""
"RocketGirlSP2AimVisual","5","","","","","","","","","","TRUE","","","","","","","","","","","","","","","","","","","","","","","","","","","","","","","","","","","","","","","","","","","","","","","","","","","","","","","","","","",""
"FutureGirlGadgetPreventHealEffect","80","","","","","","","","","","TRUE","","","","","","","","","","","","","","","","","","","","","","","","","","","","","","","","","","","","","","TRUE","","","","","","","","","","PreventPassiveHealing;PreventExternalHealing","","","","","","","","","","",""
"FutureGirlGadgetProjectileSlow","80","","","","","","","","","","TRUE","","","","","","","","","","","","","","15","","","","","","","","","","","","","","","","","","","","","","","","TRUE","","","","","","","","","","","","","","","","","","","","",""
"MechaVanFriendlyMegBossPowerOff","9999999","","","","","","","","TRUE","","","","","","","","","","","","100","","","","","","","","","","","","","","","","","TRUE","TRUE","","","","","","TRUE","","","","","","","","","","","","","","Untargetable;StasisUpdateAnimation","","","","","","","","","","",""
"AttractorProjectileMagnetStatus","5","","","","","","","","TRUE","","TRUE","","","","","","","","","","","","20","","","","","","","","","","","","","","","","","","","","","","","","","","","","","","","","","","","TRUE","RequiresExternalProjectileControl","","","AttractorProjectileMagnet_SteerStrength;AttractorProjectileMagnet_SteerIgnoreTicks;AttractorProjectileMagnet_SteerHomeDistance;AttractorProjectileMagnet_OverrideTravelType","","","","","","","",""
"AttractorGadgetGroundedStatus","5","","","","","","","","","","TRUE","","","","","","","","","","","","","","","","","","","","","","","","","","","","","","TRUE","","","","","","","","TRUE","","","","","","","","","","Grounded","","","","","","","","","","",""
"DeadMariachiRegenAreaBuddyReloadSpeedStatus","40","","","","","","","","","","TRUE","","","","","","","","","","","","","","","","","","","","","","25","","","","","","","","","","","","","","","","","","","","","","","","","","","","","","","","","","","","",""
"DeadMariachiCleanseAreaStatus","10","","","","","","","10","TRUE","","TRUE","","","","","","","","","","","","","","","","","","","","","","","","","TRUE","","TRUE","","","","","","","","","","","","","","","","","","","","","","","","","","","","","","","",""
"DeadMariachiBuddySp1UltiChargeBoost","60","","","","","","","","","","TRUE","","","","","","10","","","","","","","","","","","","","","","","","","","","","","","","","","","","","","","","","","","","","","","","","","","","","","","","","","","","",""
"DeadMariachiBuddySp2Silence","10","","","","","","","","TRUE","","TRUE","","","","","","","","","","","","","","","","","","","","","","","","","","","","","","","","","","","TRUE","","","","","","","","","","","","","","","","","","","","","","","",""
"PropHuntDisguise","9999999","","","","","","","","","","TRUE","","","","","","","","","","","","","","","","","","","","","","","","","","","","","","TRUE","","","","","","","","","","","","","","","","","","Untargetable;HideCharacterVisuals;BlocksLineOfSight;PreventCarryablePickup","","","","","","","","","","",""
"StackerDebuffSlow","60","","","","","","","","","","TRUE","","","","","","","","","","","","","","20","","","","","","","","","","","","","","","","","","","","","","","TRUE","TRUE","","","","","","","","","","","","","","","","","","","","",""
"StackerDebuffSuper","200","","","","","","","","","","TRUE","","","","","","","","","","","","","","","","","","","","","","","","","","","","","","","","","","","","","TRUE","TRUE","","","","","","","","","TRUE","","","","","","","","","","","",""
"StackerPetCollected","20","","","","","","","","","","","","","","","","","","","","","","","","","","","","","","","","","","","","","","","","","","","","","","","","","","","","","","","","","","","","","","","","","","","","",""
"StackerPetStatus","9999999","","","","","","","","","","TRUE","","","","","","","","","","","","","","","","","","","","","","","","","","","TRUE","","","","","","","","","","","","","","","","","","","","","Untargetable","","","","","","","","","","",""
"LuchadorThrowLandDamage","15","","","","","","","15","","","","","","0","","0","","","","","","","","","","","","","","","","","","","","","","","","","","","","","","","TRUE","TRUE","","","","","","","","","","","","","","LuchadorThrowLandDamageEffect","","","","","","","",""
"LuchadorStarPowerSpeedBoostBuddy","80","","","","","","","","TRUE","TRUE","TRUE","","","","","","","","","","","25","","","","","","","","","","","","","","","","","","","","","","","","","","","","","","","","","","","","","","","","","","","","","","","",""
"LuchadorStarPowerShieldBuddy","80","","","","","","","","TRUE","","TRUE","","","","","","","","","","20","","","","","","","","","","","","","","","","","","","","","","","","","","","","","","","","","","","","","","","","","","","","","","","","",""
"LuchadorFireHyperchargePunch","40","","","","","","","20","","","TRUE","","","200","","0","","","","","","","","","","","","","","","","","","","","","","","","","","","","","","","TRUE","TRUE","TRUE","","","","","","","","","","","","","","","","","","","","",""
"ConductorUltiShield","9999999","","","","TRUE","","","","","","TRUE","","","","","","","","","","35","","","","","","","","","","","","","","","","","","","","","","","","","","","","","","","","","","","","","","","","","","","","","","","","",""
"ConductorRemoveItemShield","100","","","","","","","","","","TRUE","","","","","","","","","","20","","","","","","","","","","","","","","","","","","","","","","","","","","","","","","","","","","","","","","","","","","","","","","","","",""
"ConductorSpSlow","20","","","","","","","","","","TRUE","","","","","","","","","","","","","","20","","","","","","","","","","","","","","","","","","","","","","","","TRUE","","","","","","","","","","","","","","","","","","","","",""
"SoulCollectorSPAllySpeedAndDamageBuffBuddy","100","","","","","","","","TRUE","TRUE","TRUE","","","","","","","","","","","","15","","","","25","","","","","","","","","","","","","","","","","","","","","","","","","","","","","","","","","","","","","","","","","","",""
"SoulCollectorStarPowerAllyDamageBuff","100","","","","","","","","TRUE","TRUE","TRUE","","","","","","","","","","","","","","","","25","","","","","","","","","","","","","","","","","","","","","","","","","","","","","","","","","","","","","","","","","","",""
"SpawnProtection","60","","","","","","","","","","TRUE","","","","","","","","","","","","","","","","","","","","","","","","","","","","","","","","","","","","","","","","","","","","","","","","SpawnProtection;CancelOnAttack;CancelOnAccessoryActivation","","","","","","","","","","",""
"BossRaceProtection","400","","","","","","","","","","TRUE","","","","","","","","","","","","","","","","","","","","","","","","","","","","","","","","","","","","","","","","","","","","","","","","SpawnProtection","","","","","","","","","","",""
"BossQuizSuperChargeBuff","999999","","","","","","","","","","TRUE","","","","","","100","","","","","","","","","","","","","","","","","","","","","","","","","","","","","","","","","","","","","","TRUE","","","","","","","","","","","","","","",""
"HunterSurvivorDetected","10","","","","","","","","","","","","","","","","","","","","","","","","","","","","","","","","","","","","","","","","TRUE","","","","","","","","","","","","","","","","","","","","","","","","","","","","",""
"HunterSurvivorPropHuntBotHide","9999999","","TRUE","","","","","","","","","","","","","","","","","","","","","","","","","","","","","","","","","","","","","","","TRUE","","","","","","","","","","","","","","","","","","","","","","","","","","","",""
