"Name","FileName","StartFrame","EndFrame","FaceFreezeFrame","Speed","TransitionInMs","TransitionOutMs","AutoFadeMs","Looping","Humanoid","Priority"
"string","string","int","int","int","int","int","int","int","boolean","boolean","string"
"Turret","jessie_tanuki_turret_redux_geo.glb","","-1","","","","","","","",""
"TurretSpawn","turret_jessie_spawn.glb","","-1","","","","","1","","","3"
"TurretIdle","turret_jessie_idle.glb","","-1","","","","","","true","",""
"TurretAttack","turret_jessie_attack.glb","","-1","","","","","1","","","4"
"GunslingerIdle","colt_idle.glb","","-1","","","100","100","","true","",""
"GunslingerWalk","colt_walk.glb","","-1","","125","100","100","","true","","1"
"GunslingerPrimary","colt_attack.glb","","-1","","","100","200","100","","","spine_lower_s#3"
"GunslingerSecondary","colt_attack.glb","","-1","","","200","200","100","","","spine_lower_s#3"
"GunslingerRecoil","colt_recoil1.glb","1","10","","","100","100","200","","","spine_lower_s#4"
"GunslingerRecoil2","colt_recoil2.glb","1","10","","","100","100","200","","","spine_lower_s#4"
"GunslingerReload","colt_idle.glb","1","3","","","800","800","800","","","spine_lower_s#4"
"GunslingerPushback","colt_pushback.glb","","-1","","","100","100","100","","","5"
"GunslingerWin","colt_win.glb","","-1","","","","","","","",""
"GunslingerWinloop","colt_idle.glb","","-1","","","","","","true","",""
"GunslingerLose","colt_loseloop.glb","","47","","","","","200","","",""
"GunslingerLoseloop","colt_loseloop.glb","48","85","","","","","200","true","",""
"GunslingerProfile","colt_win.glb","1","1","","","","","","","",""
"TntguyIdle","dynamike_idle.glb","","-1","","","100","100","","true","","0"
"TntguyWalk","dynamike_walk.glb","1","29","","150","100","100","","true","","1"
"TntguyPrimary","dynamike_win.glb","1","5","","","","","10","","","hips_s#3"
"TntguySecondary","dynamike_super.glb","1","5","","","","","10","true","","hips_s#3"
"TntguyRecoil","dynamike_attack.glb","5","20","","","","","100","","","hips_s#4"
"TntguyReload","dynamike_walk.glb","1","5","","150","66","66","6","","","spine_lower_s#0"
"TntguyUlti","dynamike_super.glb","5","20","","","","","100","","","hips_s#4"
"TntguyPushback","dynamike_pushback.glb","","-1","","","100","100","100","","","5"
"TntguyWin","dynamike_win.glb","1","62","","","","","","","",""
"TntguyWinloop","dynamike_win.glb","62","89","","80","","","","true","",""
"TntguyLose","dynamike_lose.glb","","100","","","","","","","",""
"TntguyLoseloop","dynamike_lose.glb","41","100","","","","","","true","",""
"TntguyProfile","dynamike_idle.glb","20","20","","","","","","true","",""
"UndertakerIdle","mortis_idle.glb","1","32","","","200","200","","true","",""
"UndertakerAttack","mortis_attack.glb","3","30","","","","250","200","","","3"
"UndertakerWalk","mortis_walk.glb","1","32","","150","100","100","","true","","1"
"UndertakerRecoil1","mortis_attack.glb","3","30","","","","250","200","","","4"
"UndertakerUltiRecoil1","mortis_ulti.glb","5","40","","","","","200","","","hips_s#4+L_upperLeg_s#0+R_upperLeg_s#0"
"UndertakerUltiAttack","mortis_ulti.glb","","5","","","","","","","","hips_s#3+L_upperLeg_s#0+R_upperLeg_s#0"
"UndertakerPushback","mortis_pushback.glb","","-1","","","100","100","100","","","5"
"UndertakerWin","mortis_win.glb","1","77","","","","","","","","1"
"UndertakerWinloop","mortis_win.glb","77","106","","","","","","true","","1"
"UndertakerLose","mortis_lose.glb","","120","","","","","","","","1"
"UndertakerLoseloop","mortis_lose.glb","65","120","","","","","","true","","1"
"UndertakerProfile","mortis_win.glb","49","49","","","","","","","","1"
"CrowIdle","crow_idle.glb","1","29","","","100","100","","true","",""
"CrowWalk","crow_walk.glb","1","19","","","100","100","","true","","1"
"CrowPrimary","crow_attack.glb","","5","","","100","","","","","hips_s#3+L_upperLeg_s#0+R_upperLeg_s#0"
"CrowSecondary","crow_super.glb","","45","","","50","50","200","","","5"
"CrowRecoil","crow_attack.glb","5","20","","","","50","200","","","hips_s#4+L_upperLeg_s#0+R_upperLeg_s#0"
"CrowReload","crow_idle.glb","1","20","","","100","100","200","","","hips_s#0+chest_s#5+R_clavicle_s#0+head_s#0+L_upperLeg_s#0+R_upperLeg_s#0"
"CrowPushback","crow_idle.glb","1","10","","","200","100","100","","","5"
"CrowWin","crow_win.glb","","126","","","","","","","",""
"CrowWinloop","crow_win.glb","127","165","","","","","","true","",""
"CrowLose","crow_lose.glb","","80","","","","","","","",""
"CrowLoseloop","crow_lose.glb","40","80","","","","","","true","",""
"CrowProfile","crow_idle.glb","1","1","","","","","","","",""
"BowGuyIdle","bo_idle.glb","1","29","","","100","100","","true","",""
"BowGuyWalk","bo_walk.glb","1","20","","","100","100","","true","","1"
"BowGuyAttack","bo_cupid_attack.glb","1","12","","","50","50","350","","","hips_s#4+L_upperLeg_s#0+R_upperLeg_s#0"
"BowGuySecondary","bo_ult.glb","1","12","","","50","50","350","","","hips_s#4+L_upperLeg_s#0+R_upperLeg_s#0"
"BowGuyRecoil","bo_attack.glb","13","30","","","50","50","350","","","hips_s#4+L_upperLeg_s#0+R_upperLeg_s#0"
"BowGuyRecoil2","bo_ult.glb","13","30","","","50","50","350","","","hips_s#4+L_upperLeg_s#0+R_upperLeg_s#0"
"BowGuyWin","bo_win.glb","","79","","","100","100","500","","",""
"BowGuyWinloop","bo_win.glb","80","120","","","100","100","200","true","",""
"BowGuyLose","bo_lose.glb","1","29","","","100","100","200","","",""
"BowGuyLoseloop","bo_lose.glb","30","79","","","100","100","200","true","",""
"BowGuyProfile","bo_idle.glb","1","1","","","","","","true","",""
"RicoIdle","rico_idle.glb","","-1","","","100","100","","true","",""
"RicoWalk","rico_walk.glb","","25","","","100","100","","true","","1"
"RicoPrimary","rico_attack.glb","5","8","","","100","","","","","hips_s#4+L_upperLeg_s#0+R_upperLeg_s#0"
"RicoSecondary","rico_attack.glb","5","8","","","100","","","","","hips_s#4+L_upperLeg_s#0+R_upperLeg_s#0"
"RicoRecoil","rico_attack.glb","8","30","","150","50","","100","","","hips_s#4+L_upperLeg_s#0+R_upperLeg_s#0"
"RicoReload","rico_idle.glb","1","2","","","200","200","200","","",""
"RicoPushback","rico_idle.glb","","-1","","","200","100","200","","","5"
"RicoWin","rico_win.glb","1","149","","","","","","","",""
"RicoWinloop","rico_win.glb","150","210","","","","","","true","",""
"RicoLose","rico_lose.glb","1","70","","","","","","","",""
"RicoLoseloop","rico_lose.glb","70","75","","","","","","true","",""
"RicoProfile","rico_win.glb","1","1","","","","","","true","",""
"RicoPopcornIdle","rico_popcorn_idle.glb","","-1","","","100","100","","true","",""
"RicoPopcornWalk","rico_walk.glb","","-1","","120","100","100","","true","","1"
"RicoPopcornPrimary","rico_attack.glb","5","8","","","100","","","","","hips_s#4+L_upperLeg_s#0+R_upperLeg_s#0"
"RicoPopcornSecondary","rico_attack.glb","5","8","","","100","","","","","hips_s#4+L_upperLeg_s#0+R_upperLeg_s#0"
"RicoPopcornRecoil","rico_attack.glb","8","30","","150","50","","100","","","hips_s#4+L_upperLeg_s#0+R_upperLeg_s#0"
"RicoPopcornReload","rico_popcorn_idle.glb","1","2","","","200","200","200","","",""
"RicoPopcornPushback","rico_popcorn_idle.glb","","-1","","","200","100","200","","","5"
"RicoPopcornWin","rico_popcorn_win.glb","1","149","","","","","","","",""
"RicoPopcornWinloop","rico_popcorn_win.glb","150","210","","","","","","true","",""
"RicoPopcornLose","rico_popcorn_lose.glb","1","46","","","","","","","",""
"RicoPopcornLoseloop","rico_popcorn_lose.glb","46","138","","","","","","true","",""
"RicoGoldIdle","rico_gold_idle.glb","","-1","","","100","100","","true","",""
"RicoGoldWalk","rico_gold_walk.glb","","25","","120","100","100","","true","","1"
"RicoGoldPrimary","rico_gold_attack.glb","5","8","","","100","","","","","hips_s#4+L_upperLeg_s#0+R_upperLeg_s#0"
"RicoGoldSecondary","rico_gold_attack.glb","5","8","","","100","","","","","hips_s#4+L_upperLeg_s#0+R_upperLeg_s#0"
"RicoGoldRecoil","rico_gold_attack.glb","8","30","","150","50","","100","","","hips_s#4+L_upperLeg_s#0+R_upperLeg_s#0"
"RicoGoldReload","rico_gold_idle.glb","1","2","","","200","200","200","","",""
"RicoGoldPushback","rico_gold_idle.glb","","-1","","","200","100","200","","","5"
"RicoGoldWin","rico_gold_win.glb","1","150","","","","","","","",""
"RicoGoldWinloop","rico_gold_win.glb","150","210","","","","","","true","",""
"RicoGoldLose","rico_gold_lose.glb","1","82","","","","","","","",""
"RicoGoldLoseloop","rico_gold_lose.glb","82","85","","","","","","true","",""
"JunkerIdle","jessie_renamed_idle.glb","","-1","","","100","100","","true","",""
"JunkerWalk","jessie_renamed_walk.glb","","-1","","150","100","100","","true","","1"
"JunkerPrimary","jessie_renamed_attack.glb","1","5","","","","","100","","","hips_s#4+L_upperLeg_s#0+R_upperLeg_s#0"
"JunkerUltiAttack","jessie_renamed_idle.glb","","-1","","","200","200","10","true","","5"
"JunkerRecoil","jessie_renamed_attack.glb","5","15","","","","","100","","","hips_s#4+L_upperLeg_s#0+R_upperLeg_s#0"
"JunkerUltiRecoil","jessie_renamed_idle.glb","","-1","","","200","200","100","","","5"
"JunkerReload","jessie_renamed_idle.glb","","-1","","","200","200","200","","","ChestBone#2"
"JunkerPushback","jessie_renamed_pushback.glb","","-1","","","100","100","100","","","5"
"JunkerWin","jessie_renamed_win.glb","1","107","","","","","","","",""
"JunkerWinloop","jessie_renamed_win.glb","107","139","","","","","","true","",""
"JunkerLose","jessie_renamed_lose.glb","1","56","","","","","","","",""
"JunkerLoseloop","jessie_renamed_lose.glb","56","70","","","","","","true","",""
"JunkerProfile","jessie_renamed_portrait.glb","1","1","","","","","","","",""
"BarkeepIdle","barkeep_idle.glb","","-1","","","100","100","250","true","",""
"BarkeepWalk","barkeep_walk.glb","","19","","120","100","100","","true","","1"
"BarkeepPrimary","barkeep_attack1.glb","1","5","","","50","50","50","","","hips_s#4+L_upperLeg_s#0+R_upperLeg_s#0"
"BarkeepSecondary","barkeep_attack1.glb","1","12","","","50","50","50","","","hips_s#4+L_upperLeg_s#0+R_upperLeg_s#0"
"BarkeepRecoil","barkeep_attack1.glb","1","12","","60","50","50","50","","","hips_s#4+L_upperLeg_s#0+R_upperLeg_s#0"
"BarkeepReload","barkeep_idle.glb","","-1","","","200","200","200","","",""
"BarkeepPushback","barley_pushback.glb","","-1","","","100","100","100","","","5"
"BarkeepWin","barkeep_win.glb","","119","","","50","250","250","","",""
"BarkeepWinloop","barkeep_win.glb","40","119","","","25","","","true","",""
"BarkeepLose","barkeep_lose1.glb","","-1","","130","","","38","","",""
"BarkeepLoseloop","barkeep_loseloop1.glb","","-1","","120","","","","true","",""
"BarkeepWinidleloop","barkeep_winidleloop.glb","","-1","","","","","","true","",""
"BarkeepProfile","barkeep_win.glb","1","1","","","","","","","",""
"BarkeepIntro","barley_intro_pose.glb","","","","","","","","","",""
"SpikeIdle","spike_idle.glb","","-1","","","100","100","","true","",""
"SpikeWalk","spike_walk.glb","","-1","","","100","100","","true","","1"
"SpikePrimary","spike_attack.glb","8","20","","","","","100","","","hips_s#4+L_upperLeg_s#0+R_upperLeg_s#0"
"SpikeSecondary","spike_attack.glb","5","20","","","","","100","","","hips_s#4+L_upperLeg_s#0+R_upperLeg_s#0"
"SpikeRecoil","spike_attack.glb","8","20","","","","","100","","","hips_s#4+L_upperLeg_s#0+R_upperLeg_s#0"
"SpikeRecoil2","spike_attack.glb","5","20","","","","","100","","","hips_s#4+L_upperLeg_s#0+R_upperLeg_s#0"
"SpikeReload","spike_idle.glb","1","2","","","200","200","200","","","5"
"SpikeWin","spike_win.glb","1","43","","","","","","","","5"
"SpikeWinloop","spike_win.glb","43","63","","","","","","true","","1"
"SpikeLose","spike_lose.glb","1","79","","","","","","","","5"
"SpikeLoseloop","spike_loseloop.glb","80","-1","","","","","","true","","1"
"SpikeProfile","spike_win.glb","34","34","","","","","","","","5"
"LouchadorIdle","primo_idle.glb","1","49","","","200","200","","true","",""
"LouchadorWalk","primo_walk.glb","1","27","","120","150","150","","true","","1"
"LouchadorPrimary","primo_attack.glb","","5","","","1","100","50","","","hips_s#3+L_upperLeg_s#0+R_upperLeg_s#0"
"LouchadorSecondary","primo_super.glb","","-1","","","100","100","","","","5"
"LouchadorRecoil","primo_attack.glb","5","12","","","","","50","","","hips_s#5+L_upperLeg_s#0+R_upperLeg_s#0"
"LouchadorPushback","primo_idle.glb","","20","","","100","100","400","","","5"
"LouchadorRecoil2","primo_attack.glb","16","24","","","","","50","","","hips_s#4+L_upperLeg_s#0+R_upperLeg_s#0"
"LouchadorWin","primo_win.glb","1","111","","","","","","","","5"
"LouchadorWinloop","primo_win.glb","112","-1","","","","","","true","","1"
"LouchadorLose","primo_lose.glb","1","41","","","","","200","","","5"
"LouchadorLoseloop","primo_lose.glb","42","89","","","","","","true","","1"
"LouchadorProfile","primo_portrait.glb","1","1","","","","","","","","5"
"LouchadorIntro","primo_intro_pose.glb","","","","","","","","","",""
"LouchadorGadgetFlipPrimary","primo_gadget_flip_attack.glb","1","6","","","","","1","","","hips_s#0+L_upperLeg_s#0+R_upperLeg_s#0"
"LouchadorGadgetFlipRecoil","primo_gadget_flip_attack.glb","6","20","","","","","100","","","hips_s#0+L_upperLeg_s#0+R_upperLeg_s#0"
"ShamanIdle","nita_idle.glb","1","34","","","100","100","","true","",""
"ShamanWalk","nita_walk.glb","1","29","","170","100","100","","true","","1"
"ShamanAttack","nita_make_attack.glb","3","26","","","","","200","","","spine_lower_s#4"
"ShamanSecondary","nita_make_attack.glb","3","26","","","","","200","true","","spine_lower_s#4"
"ShamanRecoil","nita_make_attack.glb","3","26","","","","","200","","","spine_lower_s#4"
"ShamanReload","nita_idle.glb","","-1","","","","","100","","","ChestBone#2"
"ShamanPushback","nita_pushback.glb","","-1","","","100","100","100","","","5"
"ShamanWin","nita_win.glb","1","79","","","","","","","","5"
"ShamanWinloop","nita_win.glb","80","113","","","","","","true","","1"
"ShamanLose","nita_lose.glb","1","70","","","","","","","","5"
"ShamanLoseloop","nita_lose.glb","41","70","","","","","","true","","1"
"ShamanProfile","nita_win.glb","88","88","","","","","","true","","5"
"ShellyIdle","shelly_idle.glb","","-1","","","100","100","","true","",""
"ShellyWalk","shelly_walk.glb","1","30","","","100","100","","true","","1"
"ShellyPrimary","shelly_attack.glb","1","5","","","","","","","","hips_s#3+L_upperLeg_s#0+R_upperLeg_s#0"
"ShellySecondary","shelly_attack.glb","1","5","","","","","","","","hips_s#4+L_upperLeg_s#0+R_upperLeg_s#0"
"ShellyRecoil","shelly_attack.glb","6","20","","","","","100","","","hips_s#4+L_upperLeg_s#0+R_upperLeg_s#0"
"ShellyReload","shelly_reload.glb","1","-1","","","","","100","","","hips_s#0+L_upperLeg_s#0+R_upperLeg_s#0+R_clavicle_s#4+R_shoulder_s#4+R_elbow_s#4+R_forearm_twist_s#4+R_wrist_s#4+L_clavicle_s#4+L_shoulder_s#4+L_elbow_s#4+L_forearm_twist_s#4+L_wrist_s#4"
"ShellyPushback","shelly_pushback.glb","","-1","","","100","100","100","","","5"
"ShellyWin","shelly_win.glb","1","59","","","","","","","","5"
"ShellyWinloop","shelly_win.glb","60","102","","","","","","true","","1"
"ShellyLose","shelly_lose.glb","1","50","","","","","","","","5"
"ShellyLoseloop","shelly_lose.glb","50","130","","","","","","true","","1"
"ShellyProfile","shelly_win.glb","80","80","","","","","","true","",""
"ShellyIntro","shelly_intro_pose.glb","","","","","","","","","",""
"BearIdle","nita_bear_idle.glb","-1","-1","","","100","100","","true","",""
"BearWalk","nita_bear_walk.glb","1","40","","170","100","100","","true","","1"
"BearAttack","nita_bear_attack.glb","","-1","","","100","200","150","","","spine_lower_s#4"
"BearRecoil","nita_bear_attack.glb","-1","-1","","","1","1","50","","","spine_lower_s#4"
"BearPushback","nita_bear_idle.glb","-1","-1","","","200","300","500","","","5"
"BearWin","nita_bear_win.glb","-1","-1","","","200","300","500","","","5"
"BrockIdle","brock_redux_idle.glb","","-1","","135","74","74","","true","",""
"BrockWalk","brock_redux_run.glb","","-1","","150","100","100","","true","","1"
"BrockPrimary","brock_redux_attack.glb","","-1","","","1","300","300","","","hips_s#3+L_upperLeg_s#0+R_upperLeg_s#0"
"BrockSecondary","brock_redux_attack.glb","","-1","","","1","","","","","hips_s#4+L_upperLeg_s#0+R_upperLeg_s#0"
"BrockRecoil","brock_redux_attack.glb","","-1","","","1","100","100","","","hips_s#3+L_upperLeg_s#0+R_upperLeg_s#0"
"BrockRecoil2","brock_redux_attack.glb","","-1","","","1","100","100","","","hips_s#4+L_upperLeg_s#0+R_upperLeg_s#0"
"BrockPushback","brock_pushback1.glb","","-1","","","100","100","100","","","5"
"BrockWin","brock_redux_win.glb","","129","","","200","200","200","","","5"
"BrockWinloop","brock_redux_win.glb","81","129","","","100","100","100","true","","5"
"BrockLose","brock_redux_lose.glb","1","81","","","","","","","","5"
"BrockLoseloop","brock_redux_lose.glb","32","81","","","","","","true","","5"
"BrockHero","brock_win1.glb","","35","","","","200","200","","","5"
"BrockProfile","brock_redux_portrait.glb","1","1","","","","","","","","5"
"BrockBoomboxProfile","brock_boombox_idle.glb","1","1","","","","","","true","","5"
"BrockBoomboxWin","brock_boombox_win.glb","1","56","","","","","","true","","5"
"BrockBoomboxWinIntro","brock_boombox_win_intro.glb","1","95","","","","","","","","5"
"BrockCnyWalk","brock_cny_walk.glb","-1","-1","","","100","100","","true","","1"
"BullRockIdle","bull_idle.glb","","29","","","150","150","","true","",""
"BullRockWalk","bull_walk.glb","","21","","","100","100","","true","","1"
"BullRockPrimary","bull_attack.glb","1","3","","","","","","","","hips_s#3+L_upperLeg_s#0+R_upperLeg_s#0"
"BullRockSecondary","bull_super.glb","","21","","150","66","66","133","true","","5"
"BullRockRecoil","bull_attack.glb","4","20","","","50","","100","","","hips_s#4+L_upperLeg_s#0+R_upperLeg_s#0"
"BullRockReload","bull_idle.glb","1","10","","200","250","250","250","","","ChestBone#2"
"BullRockPushback","bull_rock_pushback.glb","","-1","","","100","100","100","","","5"
"BullRockWin","bull_win.glb","","54","","","","","","","","5"
"BullRockWinloop","bull_win.glb","55","91","","","","","","true","","5"
"BullRockLose","bull_lose.glb","","70","","","","","","","","5"
"BullRockLoseloop","bull_lose.glb","27","70","","","","","","true","","5"
"BullRockProfile","bull_win.glb","1","1","","","","","","true","","5"
"BullVikingIdle","bull_viking_redux_idle.glb","","29","","","150","150","","true","",""
"BullVikingWalk","bull_viking_redux_walk.glb","","21","","","100","100","","true","","1"
"BullVikingPrimary","bull_viking_redux_attack.glb","1","3","","","","","","","","hips_s#3+L_upperLeg_s#0+R_upperLeg_s#0"
"BullVikingSecondary","bull_super.glb","","21","","150","66","66","133","true","","5"
"BullVikingRecoil","bull_viking_redux_attack.glb","4","19","","","50","","100","","","hips_s#4+L_upperLeg_s#0+R_upperLeg_s#0"
"BullVikingReload","bull_viking_redux_idle.glb","1","10","","200","250","250","250","","","ChestBone#2"
"BullVikingPushback","bull_rock_pushback.glb","","-1","","","100","100","100","","","5"
"BullVikingWin","bull_viking_redux_win.glb","","195","","","","","","","","5"
"BullVikingWinloop","bull_viking_redux_win.glb","149","195","","","","","","true","","5"
"BullVikingLose","bull_viking_redux_lose.glb","","49","","","","","","","","5"
"BullVikingLoseloop","bull_viking_redux_lose.glb","","49","","","","","","true","","5"
"BullFootbullLose","bull_footbull_lose.glb","","25","","","","","","","","5"
"BullFootbullLoseloop","bull_footbull_lose.glb","30","65","","","","","","true","","5"
"BullFootbullWin","bull_footbull_win.glb","","54","","","","200","200","","","5"
"BullFootbullWinloop","bull_footbull_win.glb","55","91","","","","","","true","","5"
"SniperIdle","piper_idle.glb","1","41","","","100","100","","true","",""
"SniperWalk","piper_walk.glb","1","20","","","100","100","","true","","1"
"SniperAttack","piper_attack.glb","1","12","","","","","","","","hips_s#4+L_upperLeg_s#0+R_upperLeg_s#0+R_dress_01_s#0+L_dress_01_s#0+F_dress_01_s#0+B_dress_01_s#0"
"SniperSecondary","piper_super.glb","","-1","","","50","50","50","","","5"
"SniperRecoil","piper_attack.glb","1","25","","","","","200","","","hips_s#5+L_upperLeg_s#0+R_upperLeg_s#0+R_dress_01_s#0+L_dress_01_s#0+F_dress_01_s#0+B_dress_01_s#0"
"SniperReload","piper_idle.glb","","10","","","100","100","500","","","hips_s#4+L_upperLeg_s#0+R_upperLeg_s#0+R_dress_01_s#0+L_dress_01_s#0+F_dress_01_s#0+B_dress_01_s#0"
"SniperPushback","piper_pushback.glb","1","10","","","50","50","100","","","5"
"SniperWin","piper_win.glb","1","114","","","","","","","","5"
"SniperWinloop","piper_win.glb","115","155","","","","","","true","","1"
"SniperLose","piper_lose.glb","1","61","","","","","","","","5"
"SniperLoseloop","piper_lose.glb","62","104","","","","","","true","","1"
"SniperProfile","piper_portrait.glb","","","","","","","","","","5"
"SniperGadgetPistolAttack","piper_gadget_pistol_attack.glb","1","13","","","","","","","","hips_s#4+L_upperLeg_s#0+R_upperLeg_s#0+R_dress_01_s#0+L_dress_01_s#0+F_dress_01_s#0+B_dress_01_s#0"
"SniperGadgetPistolRecoil","piper_gadget_pistol_attack.glb","13","25","","","","","200","","","hips_s#5+L_upperLeg_s#0+R_upperLeg_s#0+R_dress_01_s#0+L_dress_01_s#0+F_dress_01_s#0+B_dress_01_s#0"
"BarrelbotSecondary","darryl_super.glb","","29","","","1","1","1","true","","5"
"BarrelbotWin","darryl_win.glb","","42","","","","","200","","",""
"BarrelbotWinloop","darryl_winloop.glb","","32","","","","","","true","",""
"BarrelbotLose","darryl_lose.glb","","141","","","","","200","","",""
"BarrelbotLoseloop","darryl_lose.glb","140","141","","","","","","true","",""
"BarrelbotShipLoop","darryl_ship_loop.glb","-1","-1","","","","","","true","","1"
"RangedBotIdle","bot_ranger_idle.glb","","-1","","","100","100","","true","",""
"RangedBotWalk","bot_ranger_walk.glb","","-1","","","100","100","","true","","1"
"RangedBotPrimary","bot_ranger_attack.glb","5","10","","","","","","","","hips_s#3+L_upperLeg_s#0+R_upperLeg_s#0"
"RangedBotSecondary","bot_ranger_attack.glb","5","10","","","","","","","","hips_s#3+L_upperLeg_s#0+R_upperLeg_s#0"
"RangedBotRecoil","bot_ranger_attack.glb","13","-1","","","","100","50","","","hips_s#4+L_upperLeg_s#0+R_upperLeg_s#0"
"RangedBotReload","bot_ranger_idle.glb","","-1","","","200","200","200","","",""
"RangedBotPushback","bot_ranger_idle.glb","","-1","","","200","100","200","","","5"
"RangedBotWin","bot_ranger_idle.glb","","-1","","","","","200","","",""
"RangedBotWinloop","bot_ranger_idle.glb","","-1","","","","","","true","",""
"RangedBotLose","bot_ranger_idle.glb","","-1","","","","","200","","",""
"RangedBotLoseloop","bot_ranger_idle.glb","","-1","","","","","","true","",""
"FastMeleeBotIdle","bot_fast_melee_idle.glb","","-1","","","200","200","","true","",""
"FastMeleeBotWalk","bot_fast_melee_walk.glb","","-1","","150","200","200","","true","","1"
"FastMeleeBotRecoil","bot_fast_melee_attack.glb","","-1","","","1","100","150","","","3"
"FastMeleeBotPushback","bot_fast_melee_idle.glb","","20","","","100","100","400","","","5"
"FastMeleeBotWin","bot_fast_melee_idle.glb","","-1","","","","","200","","","5"
"FastMeleeBotWinloop","bot_fast_melee_idle.glb","","-1","","","","","","true","","1"
"FastMeleeBotLose","bot_fast_melee_idle.glb","","-1","","","","","200","","","5"
"FastMeleeBotLoseloop","bot_fast_melee_idle.glb","","-1","","","","","","true","","1"
"MeleeBotIdle","bot_melee_idle.glb","","-1","","","200","200","","true","",""
"MeleeBotWalk","bot_melee_walk.glb","","-1","","","200","200","","true","","1"
"MeleeBotRecoil","bot_melee_attack.glb","3","13","","","1","100","20","","","hips_s#3+L_upperLeg_s#0+R_upperLeg_s#0"
"MeleeBotPushback","bot_melee_idle.glb","","-1","","","100","100","400","","","5"
"MeleeBotRecoil2","bot_melee_attack.glb","13","-1","","","1","100","20","","","hips_s#4+L_upperLeg_s#0+R_upperLeg_s#0"
"MeleeBotWin","bot_melee_idle.glb","","-1","","","","","200","","","5"
"MeleeBotWinloop","bot_melee_idle.glb","","-1","","","","","","true","","1"
"MeleeBotLose","bot_melee_idle.glb","","-1","","","","","200","","","5"
"MeleeBotLoseloop","bot_melee_idle.glb","","-1","","","","","","true","","1"
"BossBotIdle","bot_boss_idle.glb","","-1","","","500","500","","true","",""
"BossBotWalk","bot_boss_walk.glb","","-1","","","120","200","","true","","1"
"BossBotAutoAttack","bot_boss_attack_a.glb","-1","5","","","50","","","","","hips_s#3+L_upperLeg_s#0+R_upperLeg_s#0"
"BossBotAutoAttackRecoil2","bot_boss_attack_a.glb","5","17","","","50","50","50","","","hips_s#5+L_upperLeg_s#0+R_upperLeg_s#0"
"BossBotPushback","bot_boss_charge_pushback.glb","-1","-1","","","50","200","200","","","5"
"BossBotAutoAttackRecoil","bot_boss_attack_a.glb","17","34","","","50","50","50","","","hips_s#4+L_upperLeg_s#0+R_upperLeg_s#0"
"BossBotWin","bot_boss_idle.glb","","-1","","","","","200","","","5"
"BossBotWinloop","bot_boss_idle.glb","","-1","","","","","","true","","1"
"BossBotLose","bot_boss_idle.glb","","-1","","","","","200","","","5"
"BossBotLoseloop","bot_boss_idle.glb","","-1","","","","","","true","","1"
"ArtilleryGalIdle","penny_bunny_redux_idle.glb","1","30","","","100","100","","true","",""
"ArtilleryGalWalk","mari_walk.glb","","28","","150","100","100","","true","","1"
"ArtilleryGalPrimary","penny_bunny_redux_attack.glb","1","20","","","","","1","","","hips_s#4+L_upperLeg_s#0+R_upperLeg_s#0"
"ArtilleryGalUltiAttack","penny_bunny_redux_attack.glb","1","5","","","","","10","","","hips_s#4+L_upperLeg_s#0+R_upperLeg_s#0"
"ArtilleryGalRecoil","penny_bunny_redux_attack.glb","5","20","","","","","150","","","hips_s#4+L_upperLeg_s#0+R_upperLeg_s#0"
"ArtilleryGalUltiRecoil","penny_bunny_redux_ulti.glb","5","22","","","","","250","","","hips_s#4+L_upperLeg_s#0+R_upperLeg_s#0"
"ArtilleryGalReload","penny_bunny_redux_idle.glb","","5","","","200","200","200","","",""
"ArtilleryGalPushback","penny_bunny_redux_attack.glb","","-1","","","100","100","200","","","5"
"ArtilleryGalWin","mari_win.glb","1","62","","","","","","","",""
"ArtilleryGalWinloop","mari_win.glb","63","92","","","","","","true","",""
"ArtilleryGalLose","penny_bunny_redux_lose.glb","1","105","","","","","","","",""
"ArtilleryGalLoseloop","mari_lose.glb","40","50","","","","","","true","",""
"ArtilleryGalProfile","penny_bunny_redux_portrait.glb","","","","","","","","","",""
"FrankIdle","frank_idle.glb","","-1","","","500","500","","true","",""
"FrankWalk","frank_walk.glb","1","29","","120","300","300","","true","","5"
"FrankPrimary","frank_attack.glb","1","45","","","","","100","","","5"
"FrankSecondary","frank_ulti.glb","1","50","","","100","100","","true","","5"
"FrankRecoil","frank_attack.glb","22","35","","","","","200","","","5"
"FrankPushback","frank_pushback.glb","","-1","","","120","120","400","","","5"
"FrankRecoil2","frank_ulti.glb","36","50","","","1","1","100","","","5"
"FrankWin","frank_win.glb","1","51","","","","","","","","5"
"FrankWinloop","frank_win.glb","23","50","","","","","","true","","1"
"FrankLose","frank_lose.glb","1","120","","","","","","","","5"
"FrankLoseloop","frank_lose.glb","75","119","","","","","","true","","1"
"FrankProfile","frank_idle.glb","44","44","","","","","","true","",""
"FrankIntro","frank_intro_pose.glb","","","","","","","","","",""
"FrankMortuary","frank_idle.glb","","-1","","","500","500","","true","",""
"ArtillerySpawn","turret_spawn.glb","","-1","","","","","1","","","3"
"ArtilleryIdle","penny_bunny_redux_turret_idle.glb","","-1","","","","","","true","",""
"ArtilleryAttack","turret_attack.glb","-1","-1","","100","","","1","","","4"
"JunkerKnightWalk","jessie_renamed_knight_walk.glb","-1","-1","","150","100","100","","true","","1"
"JunkerKnightIdle","jessie_renamed_knight_idle.glb","1","29","","","100","100","","true","",""
"JunkerKnightPrimary","jessie_renamed_knight_attack.glb","1","5","","","","","1","","","spine_lower_s#3"
"JunkerKnightUltiAttack","jessie_renamed_knight_idle.glb","1","29","","","200","200","10","","","5"
"JunkerKnightRecoil","jessie_renamed_knight_attack.glb","5","15","","","25","","100","","","spine_lower_s#4"
"JunkerKnightUltiRecoil","jessie_renamed_knight_idle.glb","1","29","","","200","200","100","","","5"
"JunkerKnightReload","jessie_renamed_knight_idle.glb","1","29","","","200","200","200","","","ChestBone#2"
"JunkerKnightPushback","jessie_knight_pushback.glb","-1","-1","","","100","100","100","","","5"
"JunkerKnightWin","jessie_renamed_knight_win.glb","1","100","","","","","","","",""
"JunkerKnightWinloop","jessie_renamed_knight_win.glb","100","130","","","","","","true","",""
"JunkerKnightBattleWin","jessie_knight_battlewin.glb","1","107","","","","","","","",""
"JunkerKnightBattleWinloop","jessie_knight_battlewin.glb","107","139","","","","","","true","",""
"JunkerKnightLose","jessie_renamed_knight_lose.glb","1","56","","","","","","","",""
"JunkerKnightLoseloop","jessie_renamed_knight_lose.glb","56","70","","","","","","true","",""
"JunkerSummertimeWalk","jessie_renamed_knight_walk.glb","-1","-1","","150","100","100","","true","","1"
"CrowPheonixIdle","crow_phoenix_idle.glb","","-1","","","100","100","","true","",""
"CrowPheonixWalk","crow_phoenix_walk.glb","1","19","","120","100","100","","true","","1"
"CrowPheonixPrimary","crow_phoenix_attack.glb","1","19","","150","66","200","","","","hips_s#3+L_upperLeg_s#0+R_upperLeg_s#0"
"CrowPheonixUltiAttack","crow_phoenix_super.glb","","-1","","","50","","200","","","5"
"CrowPheonixRecoil","crow_pheonix_walk.glb","","","","150","","","200","","","hips_s#3+L_upperLeg_s#0+R_upperLeg_s#0"
"CrowPheonixReload","crow_phoenix_walk.glb","1","2","","","200","200","200","","","hips_s#3+L_upperLeg_s#0+R_upperLeg_s#0"
"CrowPheonixPushback","crow_phoenix_walk.glb","","10","","","200","100","200","","","5"
"CrowPheonixWin","crow_phoenix_win.glb","1","180","","","","","","","",""
"CrowPheonixWinloop","crow_phoenix_win.glb","151","180","","","","","","true","",""
"CrowPheonixLose","crow_phoenix_lose.glb","1","168","","","","","200","","",""
"CrowPheonixLoseloop","crow_phoenix_lose.glb","126","168","","","","","","true","",""
"CrowPheonixProfile","crow_phoenix_portrait.glb","","","","","","","","","",""
"TurretWin","turret_dragon_win.glb","1","100","","","","","","","",""
"TurretWinloop","turret_dragon_win.glb","100","130","","","","","","true","",""
"UndertakerGreaserWin","mortis_greaser_win.glb","","80","","","","","","","","1"
"UndertakerGreaserWinloop","mortis_greaser_win.glb","80","110","","","","","","true","","1"
"UndertakerGreaserLose","mortis_greaser_lose.glb","","12","","","","","","","","1"
"UndertakerGreaserLoseloop","mortis_greaser_lose.glb","12","50","","","","","","true","","1"
"UndertakerGreaserIdle","mortis_greaser_idle.glb","","30","","","","","","true","",""
"ShellyPreregIdle","shelly_prereg_idle.glb","","39","","","100","100","","true","",""
"ShellyPreregWalk","shelly_prereg_walk.glb","1","30","","","100","100","","true","","1"
"ShellyPreregPrimary","shelly_prereg_attack.glb","1","5","","","","","","","","hips_s#3+L_upperLeg_s#0+R_upperLeg_s#0"
"ShellyPreregSecondary","shelly_prereg_attack.glb","1","5","","","","","","","","hips_s#4+L_upperLeg_s#0+R_upperLeg_s#0"
"ShellyPreregRecoil","shelly_prereg_attack.glb","6","20","","","","","100","","","hips_s#4+L_upperLeg_s#0+R_upperLeg_s#0"
"ShellyPreregReload","shelly_prereg_reload.glb","1","-1","","","","","100","","","hips_s#0+L_upperLeg_s#0+R_upperLeg_s#0+R_clavicle_s#4+R_shoulder_s#4+R_elbow_s#4+R_forearm_twist_s#4+R_wrist_s#4+L_clavicle_s#4+L_shoulder_s#4+L_elbow_s#4+L_forearm_twist_s#4+L_wrist_s#4"
"ShellyPreregPushback","shelly_prereg_pushback.glb","","-1","","","100","100","100","","","5"
"ShellyPreregWin","shelly_prereg_win.glb","1","59","","","","","","","","5"
"ShellyPreregWinloop","shelly_prereg_win.glb","60","102","","","","","","true","","1"
"ShellyPreregLose","shelly_prereg_lose.glb","1","50","","","","","","","","5"
"ShellyPreregLoseloop","shelly_prereg_lose.glb","50","130","","","","","","true","","1"
"BarkeepBankerIdle","barley_banker_idle.glb","","-1","","","100","100","250","true","",""
"BarkeepBankerWalk","barley_banker_walk.glb","","19","","120","100","100","","true","","1"
"BarkeepBankerPrimary","barley_banker_attack1.glb","3","12","","","","","","","","ChestBone#3"
"BarkeepBankerSecondary","barley_banker_attack1.glb","","-1","","","100","50","200","","","ChestBone#3"
"BarkeepBankerRecoil","barley_banker_attack1.glb","3","12","","","10","10","10","","","ChestBone#4"
"BarkeepBankerReload","barley_banker_idle.glb","","-1","","","200","200","200","","","ChestBone#2"
"BarkeepBankerPushback","barley_banker_knockback.glb","","-1","","","100","100","100","","","5"
"BarkeepBankerWin","barley_banker_win1.glb","","40","","","50","250","250","","",""
"BarkeepBankerWinloop","barley_banker_win1.glb","40","100","","","25","","","true","",""
"BarkeepBankerLose","barley_banker_lose1.glb","","-1","","130","","","38","","",""
"BarkeepBankerLoseloop","barley_banker_lose1.glb","60","150","","120","","","","true","",""
"BarkeepBankerWinidleloop","barley_banker_winidleloop.glb","","-1","","","","","","true","",""
"BarkeepBankerProfile","barley_banker_idle.glb","1","1","","","","","","true","",""
"ShellyBanditaIdle","shelly_bandita_idle.glb","","39","","","100","100","","true","",""
"ShellyBanditaWalk","shelly_bandita_walk.glb","1","30","","","100","100","","true","","1"
"ShellyBanditaPrimary","shelly_bandita_attack.glb","1","5","","","","","","","","hips_s#3+L_upperLeg_s#0+R_upperLeg_s#0"
"ShellyBanditaSecondary","shelly_bandita_attack.glb","1","5","","","","","","","","hips_s#4+L_upperLeg_s#0+R_upperLeg_s#0"
"ShellyBanditaRecoil","shelly_bandita_attack.glb","6","20","","","","","100","","","hips_s#4+L_upperLeg_s#0+R_upperLeg_s#0"
"ShellyBanditaReload","shelly_bandita_reload.glb","1","-1","","","","","100","","","hips_s#0+L_upperLeg_s#0+R_upperLeg_s#0+R_clavicle_s#4+R_shoulder_s#4+R_elbow_s#4+R_forearm_twist_s#4+R_wrist_s#4+L_clavicle_s#4+L_shoulder_s#4+L_elbow_s#4+L_forearm_twist_s#4+L_wrist_s#4"
"ShellyBanditaPushback","shelly_pushback.glb","","-1","","","100","100","100","","","5"
"ShellyBanditaWin","shelly_bandita_win.glb","1","59","","","","","","","","5"
"ShellyBanditaWinloop","shelly_bandita_win.glb","60","102","","","","","","true","","1"
"ShellyBanditaLose","shelly_bandita_lose.glb","1","50","","","","","","","","5"
"ShellyBanditaLoseloop","shelly_bandita_lose.glb","50","130","","","","","","true","","1"
"LeonIdle","leon_idle.glb","1","28","","","100","100","","true","",""
"LeonWalk","leon_walk.glb","1","29","","170","100","100","","true","","1"
"LeonAttack","leon_attack.glb","1","3","","","","","10","","","spine_lower_s#4"
"LeonSecondary","leon_idle.glb","1","20","","","","","10","","","spine_lower_s#4"
"LeonRecoil","leon_attack.glb","3","7","","","","","10","","","spine_lower_s#4"
"LeonRecoil2","leon_attack.glb","7","11","","","","","10","","","spine_lower_s#4"
"LeonReload","leon_idle.glb","","-1","","","","","100","","","ChestBone#2"
"LeonPushback","leon_pushback.glb","1","34","","","100","100","100","","","5"
"LeonWin","leon_win.glb","1","84","","","","10","100","","","5"
"LeonWinloop","leon_win.glb","84","111","","","10","","","true","","1"
"LeonLose","leon_lose.glb","","100","","","","","","","","5"
"LeonLoseloop","leon_lose.glb","45","95","","","","","","true","","1"
"LeonProfile","leon_base_cam.glb","1","10","","","","","","true","","5"
"LeonIntro","leon_intro_pose.glb","","","","","","","","","",""
"BarkeepWizardIdle","barley_wizard_idle.glb","-1","-1","","","100","100","","true","",""
"BarkeepWizardWalk","barley_wizard_walk.glb","","19","","120","100","100","","true","","1"
"BarkeepWizardPrimary","barley_wizard_attack.glb","5","20","","","","","10","","","spine_lower_s#4"
"BarkeepWizardSecondary","barley_wizard_attack.glb","5","20","","","","","10","","","spine_lower_s#4"
"BarkeepWizardRecoil","barley_wizard_attack.glb","5","20","","","","","50","","","spine_lower_s#4"
"BarkeepWizardReload","barley_wizard_idle.glb","-1","-1","","","","","50","","","ChestBone#2"
"BarkeepWizardPushback","barley_wizard_pushback.glb","-1","-1","","","100","100","100","","","5"
"BarkeepWizardWin","barley_wizard_win.glb","","40","","","","","","","",""
"BarkeepWizardWinloop","barley_wizard_win.glb","40","120","","","","","","true","",""
"BarkeepWizardLose","barley_wizard_lose.glb","-1","-1","","130","","","38","","",""
"BarkeepWizardLoseloop","barley_wizard_lose.glb","60","150","","120","","","","true","",""
"BarkeepWizardProfile","barley_wizard_portrait.glb","1","1","","","","","","","",""
"BearReindeerIdle","bear_reindeer_idle.glb","-1","-1","","","100","100","","true","",""
"BearReindeerWalk","bear_reindeer_walk.glb","1","40","","170","100","100","","true","","1"
"BearReindeerAttack","bear_reindeer_attack.glb","-1","-1","","","100","200","150","","","spine_lower_s#4"
"BearReindeerRecoil","bear_reindeer_attack.glb","-1","-1","","","1","1","50","","","spine_lower_s#4"
"BearReindeerPushback","bear_reindeer_idle.glb","-1","-1","","","200","300","500","","","5"
"BearReindeerWin","bear_reindeer_idle.glb","-1","-1","","","200","300","500","","","5"
"PocoIdle","poco_idle.glb","-1","-1","","","100","100","","true","",""
"PocoWalk","poco_walk.glb","-1","-1","","160","100","100","","true","","1"
"PocoAttack","poco_attack.glb","","5","","","100","100","100","","","spine_lower_s#3"
"PocoSecondary","poco_attack.glb","4","20","","","100","100","100","","","spine_lower_s#3"
"PocoRecoil","poco_attack.glb","4","20","","","100","100","100","","","spine_lower_s#4"
"PocoReload","poco_idle.glb","1","2","","","100","200","200","","","spine_lower_s#2"
"PocoPushback","poco_idle.glb","","-1","","","200","300","500","","","5"
"PocoWin","poco_win.glb","1","30","","","","","","","",""
"PocoWinloop","poco_win.glb","30","90","","","","","","true","",""
"PocoLose","poco_lose.glb","1","15","","","","","","","",""
"PocoLoseloop","poco_lose.glb","15","20","","","","","","true","",""
"PocoProfile","poco_win.glb","1","1","","","","","","","",""
"GeneIdle","gene_anim_idle.glb","","79","","","100","100","","true","",""
"GeneWalk","gene_anim_walk.glb","1","29","","120","100","100","","true","","1"
"GeneAttack","gene_anim_attack.glb","1","5","","","","","","","","hips_s#3+L_upperLeg_s#0+R_upperLeg_s#0"
"GeneAttackRecoil","gene_anim_attack.glb","5","20","","","50","","100","","","hips_s#4+L_upperLeg_s#0+R_upperLeg_s#0"
"GeneSecondary","gene_anim_super2.glb","1","30","","","","","","true","","hips_s#3+L_upperLeg_s#0+R_upperLeg_s#0"
"GeneSecondaryRecoil","gene_anim_super2.glb","1","30","","","100","","200","","","hips_s#4+L_upperLeg_s#0+R_upperLeg_s#0"
"GeneReload","gene_anim_reload.glb","1","25","","","100","200","200","","","spine_lower_s#2"
"GenePushback","gene_anim_idle.glb","","20","","","200","300","500","","","5"
"GeneWin","gene_anim_win.glb","1","119","","","","","","","",""
"GeneWinloop","gene_anim_win.glb","120","204","","","","","","true","",""
"GeneLose","gene_anim_lose.glb","","129","","","100","","","","",""
"GeneLoseloop","gene_anim_lose.glb","130","224","","","","","","true","",""
"GeneProfile","gene_base_cam.glb","1","1","","","","","","","",""
"DarrylIdle","darryl_idle.glb","1","-1","","","100","100","","true","",""
"DarrylWalk","darryl_walk.glb","1","20","","","100","100","","true","","1"
"DarrylPrimary","darryl_attack.glb","","10","","","100","100","100","","","hips_s#3+L_upperLeg_s#0+R_upperLeg_s#0"
"DarrylSecondary","darryl_super.glb","","29","","","1","1","1","true","","5"
"DarrylRecoil","darryl_attack.glb","1","10","","","","100","100","","","hips_s#4+L_upperLeg_s#0+R_upperLeg_s#0"
"DarrylRecoil2","darryl_recoil_02.glb","1","10","","","","100","100","","","hips_s#4+L_upperLeg_s#0+R_upperLeg_s#0"
"DarrylReload","darryl_idle.glb","","-1","","","800","800","800","","","hips_s#3+L_upperLeg_s#0+R_upperLeg_s#0"
"DarrylPushback","darryl_pushback.glb","1","10","","","50","100","200","","","5"
"DarrylWin","darryl_win.glb","-1","-1","","","","","200","","",""
"DarrylWinloop","darryl_winloop.glb","-1","-1","","","","","","true","",""
"DarrylLose","darryl_lose.glb","-1","-1","","","","","200","","",""
"DarrylHide","darryl_win.glb","","1","","","200","200","100","true","",""
"DarrylLoseloop","darryl_lose.glb","45","45","","","","","","true","",""
"DarrylProfile","darryl_win.glb","44","44","","","","","","true","",""
"DarrylCnyIdle","darryl_cny_idle.glb","","-1","","","100","100","","true","",""
"DarrylCnyWalk","darryl_cny_walk.glb","","20","","","100","100","","true","","1"
"DarrylCnyPrimary","darryl_cny_attack.glb","","10","","","50","","","","","hips_s#3+L_upperLeg_s#0+R_upperLeg_s#0"
"DarrylCnySecondary","darryl_cny_super.glb","","29","","","1","1","1","","","5"
"DarrylCnyRecoil","darryl_cny_recoil1.glb","","-1","","","","100","100","","","hips_s#4+L_upperLeg_s#0+R_upperLeg_s#0"
"DarrylCnyRecoil2","darryl_cny_recoil2.glb","","-1","","","","100","100","","","hips_s#4+L_upperLeg_s#0+R_upperLeg_s#0"
"DarrylCnyReload","darryl_cny_idle.glb","","-1","","","800","800","800","","","ChestBone#2"
"DarrylCnyPushback","darryl_cny_pushback.glb","","-1","","","50","100","200","","","5"
"DarrylCnyWin","darryl_cny_win.glb","","42","","","","200","200","","",""
"DarrylCnyWinloop","darryl_cny_winloop.glb","1","29","","","200","","","true","",""
"DarrylCnyLose","darryl_cny_lose.glb","","-1","","","","","200","","",""
"DarrylCnyHide","darryl_cny_win.glb","","1","","","200","200","100","true","",""
"DarrylCnyLoseloop","darryl_cny_lose.glb","45","45","","","","","","true","",""
"DarrylCnyProfile","darryl_cny_win.glb","44","44","","","","","","","",""
"UndertakerNightwitchWin","mortis_nightwitch_win.glb","1","77","","","","","","","","1"
"UndertakerNightwitchWinloop","mortis_nightwitch_win.glb","77","106","","","","","","true","","1"
"RoboWarsBaseIdle","siege_renamed_base.glb","-1","-1","","","","","","true","",""
"RoboWarsBaseAttack","siege_base_attack.glb","-1","-1","","","","","1","","","4"
"CarlIdle","carl_idle.glb","","-1","","","100","100","","true","","cart_frame_s#1"
"CarlWalk","carl_walk.glb","","-1","","","100","100","","true","","1"
"CarlAttack","carl_attack.glb","1","5","","","100","100","100","","","hips_s#4+L_upperLeg_s#0+R_upperLeg_s#0"
"CarlAttackRecoil","carl_attack.glb","5","35","","","100","200","200","","","hips_s#4+L_upperLeg_s#0+R_upperLeg_s#0"
"CarlSecondary","carl_super.glb","1","59","","","200","200","200","true","","5"
"CarlSecondaryRecoil","carl_super.glb","1","59","","","","","","true","","5"
"CarlReload","carl_attack.glb","17","25","","","100","100","100","","","5"
"CarlPushback","carl_idle.glb","-1","-1","","","200","300","500","","","5"
"CarlWin","carl_win.glb","","-1","","","200","1000","500","","",""
"CarlWinloop","carl_winloop.glb","1","29","","","2000","100","500","true","",""
"CarlLose","carl_lose.glb","","-1","","","100","1000","500","","",""
"CarlLoseloop","carl_loseloop.glb","1","80","","","2000","100","500","true","",""
"CarlProfile","carl_base_cam.glb","1","10","","","","","","true","",""
"ShamanShibaIdle","nita_shiba_idle.glb","1","34","","","100","100","","true","",""
"ShamanShibaWalk","nita_shiba_walk.glb","1","29","","170","100","100","","true","","1"
"ShamanShibaAttack","nita_attack.glb","1","20","","","","","10","","","spine_lower_s#4"
"ShamanShibaSecondary","nita_attack.glb","1","20","","","","","10","","","spine_lower_s#4"
"ShamanShibaRecoil","nita_attack.glb","1","20","","","","","100","","","spine_lower_s#4"
"ShamanShibaReload","nita_idle.glb","-1","-1","","","","","100","","","ChestBone#2"
"ShamanShibaPushback","nita_pushback.glb","-1","-1","","","100","100","100","","","5"
"ShamanShibaWin","nita_shiba_win.glb","1","64","","","","","","","","5"
"ShamanShibaWinloop","nita_shiba_win.glb","65","104","","","200","200","200","true","","1"
"ShamanShibaLose","nita_renamed_lose.glb","1","30","","","","","","","","5"
"ShamanShibaLoseloop","nita_renamed_lose.glb","30","35","","","","","","true","","1"
"BearShibaIdle","bear_shiba_idle.glb","1","59","","","100","100","","true","",""
"RosaIdle","rosa_idle.glb","1","25","","","100","100","","true","",""
"RosaWalk","rosa_walk.glb","1","24","","","100","100","","true","","1"
"RosaAttack","rosa_toon_attack.glb","1","11","","","100","100","50","","","hips_s#3+L_upperLeg_s#0+R_upperLeg_s#0"
"RosaAttackRecoil","rosa_attack.glb","12","19","","","1","100","100","","","hips_s#4+L_upperLeg_s#0+R_upperLeg_s#0"
"RosaAttackRecoil2","rosa_attack.glb","20","28","","","1","100","100","","","hips_s#5+L_upperLeg_s#0+R_upperLeg_s#0"
"RosaUltRecoil","rosa_ult.glb","","-1","","","1","100","200","","","hips_s#4+L_upperLeg_s#0+R_upperLeg_s#0"
"RosaUltRecoil2","rosa_detransform.glb","","-1","","","1","100","200","","","hips_s#4+L_upperLeg_s#0+R_upperLeg_s#0"
"RosaWin","rosa_win.glb","1","130","","","100","200","100","","",""
"RosaWinloop","rosa_win.glb","131","159","","","500","100","100","true","",""
"RosaLose","rosa_lose.glb","1","49","","","100","100","200","","",""
"RosaLoseloop","rosa_lose.glb","50","79","","","1","100","200","true","",""
"RosaIdle_transform","rosa_idle_transform.glb","1","25","","","100","100","","true","",""
"RosaWalk_transform","rosa_walk_transform.glb","1","24","","","100","100","","true","","1"
"RosaAttack_transform","rosa_attack_transform.glb","1","11","","","100","100","50","","","hips_s#4+L_upperLeg_s#0+R_upperLeg_s#0"
"RosaAttackRecoil_transform","rosa_attack_transform.glb","12","19","","","1","100","100","","","hips_s#4+L_upperLeg_s#0+R_upperLeg_s#0"
"RosaAttackRecoil2_transform","rosa_attack_transform.glb","20","28","","","1","100","100","","","hips_s#4+L_upperLeg_s#0+R_upperLeg_s#0"
"RosaProfile","rosa_idle.glb","1","1","","","","","","true","",""
"ArtilleryBunnySpawn","penny_bunny_redux_turret_spawn.glb","","-1","","","","","1","","","3"
"ArtilleryBunnyIdle","penny_bunny_redux_turret_idle.glb","","-1","","","","","","true","",""
"ArtilleryBunnyIdleMenu","penny_bunny_redux_turret_idle.glb","","-1","","","","","","","",""
"ArtilleryBunnyAttack","penny_bunny_redux_turret_attack.glb","","-1","","","","","1","","","4"
"ArtilleryGalBunnyWalk","penny_bunny_redux_walk.glb","1","29","","150","100","100","","true","","1"
"ArtilleryGalBunnyWin","penny_bunny_redux_win_120.glb","1","600","","","","","","","",""
"ArtilleryGalBunnyWinloop","penny_bunny_redux_win.glb","107","150","","","","","","true","",""
"ArtilleryGalBunnyLose","penny_bunny_win.glb","1","50","","","","","","","",""
"ArtilleryGalBunnyLoseloop","penny_bunny_redux_lose.glb","90","105","","","","","","true","",""
"BarkeepMsIdle","barley_ms_idle.glb","1","60","","","100","100","350","true","",""
"BarkeepMsWalk","barley_ms_walk.glb","","16","","","100","100","100","true","","1"
"BarkeepMsWin","barley_ms_win.glb","-1","-1","","","50","250","250","","",""
"BarkeepMsPrimary","barley_ms_attack.glb","3","24","","","100","100","100","","","hips_s#4+L_upperLeg_s#0+R_upperLeg_s#0"
"BarkeepMsReload","barley_ms_idle.glb","-1","-1","","","200","200","200","","","ChestBone#2"
"BarkeepMsSecondary","barley_ms_attack.glb","3","24","","","100","100","100","","","hips_s#4+L_upperLeg_s#0+R_upperLeg_s#0"
"BarkeepMsLose","barley_ms_lose.glb","-1","29","","","100","100","200","","",""
"BarkeepMsLoseloop","barley_ms_lose.glb","30","90","","","100","100","200","true","",""
"BarkeepMsProfile","barley_ms_idle.glb","1","1","","","100","100","350","true","",""
"BarkeepMsIntro","barley_bakesale_intro_pose.glb","","","","","","","","","",""
"BrockHotrodIdle","brock_hotrod_idle.glb","","-1","","135","74","74","","true","",""
"BrockHotrodWalk","brock_hotrod_run.glb","-1","-1","","150","100","100","","true","","1"
"BrockHotrodPrimary","brock_hotrod_attack.glb","","-1","","","1","300","300","","","hips_s#4+L_upperLeg_s#0+R_upperLeg_s#0"
"BrockHotrodSecondary","brock_hotrod_attack.glb","","-1","","","1","","","","","hips_s#4+L_upperLeg_s#0+R_upperLeg_s#0"
"BrockHotrodRecoil","brock_hotrod_attack.glb","","-1","","","1","100","100","","","hips_s#4+L_upperLeg_s#0+R_upperLeg_s#0"
"BrockHotrodRecoil2","brock_hotrod_attack.glb","","-1","","","1","100","100","","","hips_s#4+L_upperLeg_s#0+R_upperLeg_s#0"
"BrockHotrodPushback","brock_pushback1.glb","","-1","","","100","100","100","","","5"
"BrockHotrodWin","brock_hotrod_win.glb","","50","","","","500","500","","","5"
"BrockHotrodWinloop","brock_hotrod_winloop.glb","","59","","","500","","500","true","","5"
"BrockHotrodLose","brock_hotrod_lose.glb","1","70","","","","","","","","5"
"BrockHotrodLoseloop","brock_hotrod_lose.glb","70","110","","","","","","true","","5"
"BibiIdle","bibi_idle.glb","1","29","","","100","100","","true","",""
"BibiWalk","bibi_run.glb","1","29","","","120","200","","true","","1"
"BibiPrimary","bibi_attack.glb","1","51","","","100","100","100","","","hips_s#4+L_upperLeg_s#0+R_upperLeg_s#0"
"BibiSecondary","bibi_attack.glb","1","51","","","100","100","100","true","","hips_s#4+L_upperLeg_s#0+R_upperLeg_s#0"
"BibiRecoil","bibi_attack.glb","22","51","","","1","100","100","","","hips_s#4+L_upperLeg_s#0+R_upperLeg_s#0"
"BibiPushback","bibi_pushback.glb","","-1","","","100","100","100","","","5"
"BibiRecoil2","bibi_attack.glb","17","51","","","100","100","100","","","hips_s#4+L_upperLeg_s#0+R_upperLeg_s#0"
"BibiWin","bibi_win.glb","1","163","","","100","","","","","5"
"BibiWinloop","bibi_win.glb","164","262","","","","","","true","","1"
"BibiLose","bibi_lose.glb","1","29","","","","","","","","5"
"BibiLoseloop","bibi_lose.glb","30","89","","","","","","true","","1"
"BibiProfile","bibi_win.glb","108","108","","","","","","","","5"
"CarlHotrodIdle","carl_hotrod_idle.glb","","-1","","","100","100","","true","",""
"CarlHotrodWalk","carl_hotrod_walk.glb","","-1","","","100","100","","true","","1"
"CarlHotrodAttack","carl_hotrod_attack.glb","1","5","","","100","100","100","","","hips_s#4+L_upperLeg_s#0+R_upperLeg_s#0"
"CarlHotrodAttackRecoil","carl_hotrod_attack.glb","5","35","","","100","200","200","","","hips_s#4+L_upperLeg_s#0+R_upperLeg_s#0"
"CarlHotrodSecondary","carl_hotrod_super.glb","1","59","","","200","200","200","true","","5"
"CarlHotrodSecondaryRecoil","carl_hotrod_super.glb","1","59","","","","","","true","","5"
"CarlHotrodReload","carl_hotrod_attack.glb","17","25","","","100","100","100","","","5"
"CarlHotrodPushback","carl_hotrod_idle.glb","-1","-1","","","200","300","500","","","5"
"CarlHotrodWin","carl_win.glb","","-1","","","200","100","500","","",""
"CarlHotrodWinloop","carl_winloop.glb","1","29","","","100","100","500","true","",""
"CarlHotrodLose","carl_hotrod_lose.glb","","-1","","","100","100","500","","",""
"CarlHotrodLoseloop","carl_hotrod_loseloop.glb","1","80","","","100","100","500","true","",""
"BarkeepLumberjackIdle","barley_lumberjack_idle.glb","1","59","","","100","100","250","true","",""
"BarkeepLumberjackWalk","barley_lumberjack_run.glb","","19","","120","100","100","100","true","","1"
"BarkeepLumberjackPrimary","barley_lumberjack_attack.glb","3","12","","","","","","","","hips_s#4+L_upperLeg_s#0+R_upperLeg_s#0"
"BarkeepLumberjackSecondary","barley_lumberjack_attack.glb","-1","-1","","","100","50","200","","","hips_s#4+L_upperLeg_s#0+R_upperLeg_s#0"
"BarkeepLumberjackRecoil","barley_lumberjack_attack.glb","3","12","","","10","10","10","","","hips_s#4+L_upperLeg_s#0+R_upperLeg_s#0"
"BarkeepLumberjackReload","barley_lumberjack_idle.glb","1","2","","","200","200","200","","","hips_s#4+L_upperLeg_s#0+R_upperLeg_s#0"
"BarkeepLumberjackPushback","barley_lumberjack_pushback.glb","-1","-1","","","100","100","100","","","5"
"BarkeepLumberjackWin","barley_lumberjack_win.glb","","70","","","100","200","200","","",""
"BarkeepLumberjackWinloop","barley_lumberjack_idle.glb","1","59","","","200","200","200","true","",""
"BarkeepLumberjackLose","barley_lumberjack_lose.glb","1","59","","120","83","","","","",""
"BarkeepLumberjackLoseloop","barley_lumberjack_lose.glb","60","149","","120","","","","true","",""
"BarkeepLumberjackProfile","barley_lumberjack_idle.glb","1","1","","","","","","true","",""
"BrockBoomboxIdle","brock_boombox_idle.glb","","-1","","135","74","74","","true","",""
"BrockBoomboxWalk","brock_boombox_walk.glb","","30","","150","100","100","","true","","1"
"BrockBoomboxPrimary","brock_boombox_attack.glb","","-1","","","1","300","300","","","hips_s#4+L_upperLeg_s#0+R_upperLeg_s#0"
"BrockBoomboxSecondary","brock_boombox_attack.glb","","-1","","","1","","","","","hips_s#4+L_upperLeg_s#0+R_upperLeg_s#0"
"BrockBoomboxRecoil","brock_boombox_attack.glb","","-1","","","1","100","100","","","hips_s#4+L_upperLeg_s#0+R_upperLeg_s#0"
"BrockBoomboxRecoil2","brock_boombox_attack.glb","","-1","","","1","100","100","","","hips_s#4+L_upperLeg_s#0+R_upperLeg_s#0"
"BrockBoomboxLose","brock_boombox_lose.glb","1","70","","","","","","","","5"
"BrockBoomboxLoseloop","brock_boombox_lose.glb","70","110","","","","","","true","","5"
"CrowMechaIdle","crow_mecha_idle.glb","1","34","","","100","100","","true","",""
"CrowMechaWalk","crow_mecha_run.glb","1","24","","","100","100","","true","","1"
"CrowMechaPrimary","crow_mecha_attack.glb","1","3","","","100","100","100","","","hips_s#4+L_upperLeg_s#0+R_upperLeg_s#0"
"CrowMechaSecondary","crow_mecha_ult.glb","5","-1","","","50","50","200","","","5"
"CrowMechaRecoil","crow_mecha_attack.glb","4","20","","","50","50","200","","","hips_s#4+L_upperLeg_s#0+R_upperLeg_s#0"
"CrowMechaReload","crow_mecha_idle.glb","1","3","","","200","200","200","","","hips_s#4+L_upperLeg_s#0+R_upperLeg_s#0"
"CrowMechaPushback","crow_mecha_pushback.glb","","-1","","","200","100","200","","","5"
"CrowMechaWin","crow_mecha_win.glb","1","143","","","","","","","",""
"CrowMechaWinloop","crow_mecha_win.glb","144","202","","","","","","true","",""
"CrowMechaLose","crow_mecha_lose.glb","1","45","","","","","","","",""
"CrowMechaLoseloop","crow_mecha_lose.glb","45","45","","","","","","true","",""
"CrowMechaProfile","crow_mecha_win.glb","21","21","","","","","","","",""
"BoMechaIdle","bo_mecha_idle.glb","1","59","","","100","100","","true","",""
"BoMechaWalk","bo_mecha_run.glb","1","20","","80","200","200","","true","","1"
"BoMechaAttack","bo_mecha_attack.glb","1","10","","","","","50","","","hips_s#4+L_upperLeg_s#0+R_upperLeg_s#0"
"BoMechaSecondary","bo_mecha_ult.glb","1","10","","","100","200","350","","","hips_s#4+L_upperLeg_s#0+R_upperLeg_s#0"
"BoMechaRecoil","bo_mecha_attack.glb","8","30","","","","","350","","","hips_s#4+L_upperLeg_s#0+R_upperLeg_s#0"
"BoMechaRecoil2","bo_mecha_ult.glb","5","30","","","100","100","50","","","hips_s#4+L_upperLeg_s#0+R_upperLeg_s#0"
"BoMechaWin","bo_mecha_win.glb","1","144","","","100","","","","",""
"BoMechaWinloop","bo_mecha_win.glb","145","202","","","","","","true","",""
"BoMechaLose","bo_mecha_lose.glb","1","36","","","100","","","","",""
"BoMechaLoseloop","bo_mecha_lose.glb","36","36","","","","","","true","",""
"BoMechaPushback","bo_mecha_pushback.glb","1","30","","","50","100","","true","","5"
"BoMechaProfile","bo_mecha_win.glb","93","93","","","","","","true","",""
"SpikeMechaWalk","spike_mecha_walk.glb","","20","","125","","","","true","","1"
"SpikeMechaWin","spike_mecha_win.glb","","43","","","","","","","","5"
"SpikeMechaWinloop","spike_mecha_win.glb","43","63","","","","","","true","","1"
"SpikeMechaLose","spike_mecha_lose.glb","","79","","","","","","","","5"
"SpikeMechaLoseloop","spike_mecha_lose.glb","80","-1","","","","","","","","1"
"TickIdle","tick_idle.glb","1","47","","","","","","true","",""
"TickWalk","tick_walk.glb","1","21","","125","","","","true","","1"
"TickWin","tick_win.glb","1","97","","","","","","","",""
"TickWinloop","tick_win.glb","97","143","","","","","","true","",""
"TickProfile","tick_idle.glb","16","16","","","","","","","",""
"TickPrimary","tick_attack.glb","1","20","","","","","25","","","hips_s#4+L_upperLeg_s#0+R_upperLeg_s#0"
"TickSecondary","tick_ult.glb","1","20","","","","","25","","","hips_s#4+L_upperLeg_s#0+R_upperLeg_s#0"
"TickRecoil","tick_attack.glb","1","20","","","","","100","","","hips_s#4+L_upperLeg_s#0+R_upperLeg_s#0"
"TickUltRecoil","tick_ult.glb","1","20","","","","","300","","","hips_s#4+L_upperLeg_s#0+R_upperLeg_s#0"
"TickLose","tick_lose.glb","1","74","","","","","","","",""
"TickLoseloop","tick_lose.glb","74","-1","","","","","","true","",""
"BombheadIdle","bombhead_idle.glb","1","12","","","","","","true","",""
"TntDudeMechaIdle","dynamike_mecha_idle.glb","1","59","","","","","","true","",""
"TntDudeMechaWalk","dynamike_mecha_walk.glb","1","20","","","","","","true","","1"
"TntDudeMechaPrimary","dynamike_mecha_attack.glb","1","5","","","","","100","","","chest_s#4"
"TntDudeMechaRecoil","dynamike_mecha_attack.glb","5","25","","","","","200","","","chest_s#4"
"TntDudeMechaSecondary","dynamike_mecha_ult.glb","1","5","","","","","100","","","chest_s#4"
"TntDudeMechaSecondaryRecoil","dynamike_mecha_ult.glb","5","25","","","","","200","","","chest_s#4"
"TntDudeMechaWin","dynamike_mecha_win.glb","1","44","","","","","","","","5"
"TntDudeMechaWinloop","dynamike_mecha_win.glb","45","74","","","","","","true","","1"
"TntDudeMechaLose","dynamike_mecha_lose.glb","1","70","","","","","","","",""
"TntDudeMechaLoseloop","dynamike_mecha_lose.glb","70","70","","","","","","true","",""
"CarlHogriderIdle","carl_hogrider_idle.glb","","-1","","","100","100","","true","",""
"CarlHogriderWalk","carl_hogrider_walk.glb","","-1","","","100","100","","true","","1"
"CarlHogriderAttack","carl_hogrider_attack.glb","1","5","","","100","100","100","","","hips_s#4+L_upperLeg_s#0+R_upperLeg_s#0"
"CarlHogriderAttackRecoil","carl_hogrider_attack.glb","5","35","","","100","200","200","","","hips_s#4+L_upperLeg_s#0+R_upperLeg_s#0"
"CarlHogriderSecondary","carl_hogrider_super.glb","1","59","","","200","200","200","true","","5"
"CarlHogriderSecondaryRecoil","carl_hogrider_super.glb","1","59","","","","","","true","","5"
"CarlHogriderReload","carl_hogrider_attack.glb","17","25","","","100","100","100","","","5"
"CarlHogriderPushback","carl_hogrider_idle.glb","-1","-1","","","200","300","500","","","5"
"CarlHogriderWin","carl_win.glb","","-1","","","200","1000","500","","",""
"CarlHogriderWinloop","carl_winloop.glb","1","29","","","2000","100","500","true","",""
"CarlHogriderLose","carl_hogrider_lose.glb","","-1","","","100","1000","500","","",""
"CarlHogriderLoseloop","carl_hogrider_loseloop.glb","1","80","","","2000","100","500","true","",""
"CarlHogriderProfile","carl_hogrider_portrait.glb","","-1","","","100","100","","true","",""
"TaraIdle","tara_idle.glb","1","-1","","","200","","","true","","5"
"TaraWalk","tara_walk.glb","1","20","","80","200","","200","true","","1"
"TaraPrimary","tara_attack.glb","1","4","","","","","200","","","hips_s#4+L_upperLeg_s#0+R_upperLeg_s#0"
"TaraRecoil","tara_attack.glb","4","20","","","","","200","","","hips_s#4+L_upperLeg_s#0+R_upperLeg_s#0"
"TaraReload","tara_idle.glb","1","12","","","","","50","","",""
"TaraSecondary","tara_ult.glb","1","4","","","","","200","","","hips_s#4+L_upperLeg_s#0+R_upperLeg_s#0"
"TaraSecondaryRecoil","tara_ult.glb","4","22","","","","","200","","","hips_s#4+L_upperLeg_s#0+R_upperLeg_s#0"
"TaraWin","tara_win.glb","1","74","","","","","","","","5"
"TaraWinloop","tara_win.glb","75","125","","","","","","true","","1"
"TaraLose","tara_lose.glb","1","97","","","","","","","",""
"TaraLoseloop","tara_lose.glb","98","-1","","","","","","true","",""
"TaraProfile","tara_win.glb","34","34","","","","","","","","5"
"BullGuyHairProfile","bull_viking_redux_portrait.glb","1","1","","","","","","true","","5"
"TurretRedDragonIdle","jessie_red_dragon_turret_idle.glb","","-1","-1","50","50","50","","true","",""
"TurretRedDragon","jessie_red_dragon_turret_geo.glb","","","","","","","","","",""
"TurretRedDragonAttack","jessie_red_dragon_turret_attack.glb","","4","-1","80","","","20","","","4"
"TurretRedDragonSpawn","jessie_red_dragon_turret_spawn.glb","","-1","-1","","","","50","","","3"
"8bitIdle","8bit_idle.glb","1","29","","","100","100","","true","",""
"8BitWalk","8bit_walk.glb","1","20","","","100","100","","true","","1"
"8bitAttack","8bit_attack.glb","1","5","","","50","","","","","hips_s#4+L_upperLeg_s#0+R_upperLeg_s#0"
"8bitRecoil","8bit_attack.glb","5","-1","","","","","250","","","hips_s#4+L_upperLeg_s#0+R_upperLeg_s#0"
"8bitReload","8bit_reload.glb","","13","","","","","150","","","hips_s#1+L_upperLeg_s#0+R_upperLeg_s#0+L_clavicle_s#4+L_shoulder_s#4+L_elbow_s#4+L_forearm_twist_s#4+L_wrist_s#4+R_clavicle_s#0+R_shoulder_s#0+R_elbow_s#0"
"8bitPushback","8bit_pushback.glb","","-1","","","50","100","200","","",""
"8bitWin","8bit_win.glb","1","70","","","","","","","",""
"8bitWinloop","8bit_win.glb","71","99","","","","","","true","",""
"8bitProfile","8bit_base_cam.glb","1","1","","","","","","","",""
"8bitLose","8bit_lose.glb","1","99","","","","","","","",""
"8bitLoseloop","8bit_lose.glb","100","139","","","","","","true","",""
"8bitTurretIdle","8bit_turret_idle.glb","","-1","","","","","","true","",""
"8bitTurretSpawn","8bit_turret_spawn.glb","","-1","","","","","","true","",""
"FrankReloading","frank_idle.glb","","6","","","","","50","","",""
"SandyIdle","sandy_idle.glb","1","128","","","100","100","100","true","","5"
"LouchadorRudoPortrait","primo_elrudo_portrait.glb","1","1","","","","","","true","",""
"SandyWalk","sandy_walk.glb","1","20","","","100","100","100","true","","1"
"SandyAttack","sandy_attack.glb","","2","","","","","100","","","hips_s#4+L_upperLeg_s#0+R_upperLeg_s#0"
"SandyRecoil","sandy_attack.glb","2","12","","","","","100","","","hips_s#4+L_upperLeg_s#0+R_upperLeg_s#0"
"SandyReload","sandy_idle.glb","","10","","","100","100","100","","","hips_s#0+L_upperLeg_s#0+R_upperLeg_s#0"
"LuchadorRudoWin","primo_elrudo_win.glb","","117","","","","","","","",""
"SandyWin","sandy_win.glb","1","192","","","","","","","",""
"SandyWinloop","sandy_win.glb","193","320","","","","","","true","","1"
"LuchadorReyWin","primo_elrey_win_120.glb","","635","","","","","","","","5"
"LuchadorReyWinloop","primo_rey_win.glb","154","198","","","","","","true","","1"
"LuchadorRudoWinloop","primo_elrudo_win.glb","118","-1","","","","","","true","",""
"LuchadorReyIdle","primo_rey_idle.glb","1","49","","","200","200","","true","",""
"LuchadorReyWalk","primo_rey_walk.glb","1","-1","","","150","150","","true","","1"
"LuchadorReyPrimary","primo_rey_attack.glb","","5","","","1","100","50","","","hips_s#3+L_upperLeg_s#0+R_upperLeg_s#0"
"LuchadorReyRecoil","primo_rey_attack.glb","5","12","","","","","50","","","hips_s#3+L_upperLeg_s#0+R_upperLeg_s#0"
"LuchadorReyRecoil2","primo_rey_attack.glb","16","24","","","","","50","","","hips_s#3+L_upperLeg_s#0+R_upperLeg_s#0"
"LuchadorReySecondary","primo_rey_super.glb","","-1","","","100","100","","","",""
"SandyLose","sandy_win.glb","193","320","","","","","","","",""
"SandyPushBack","sandy_pushback.glb","","10","","","100","100","100","","",""
"LuchadorReyLose","primo_rey_lose.glb","1","41","","","","","200","","","5"
"LuchadorReyLoseloop","primo_rey_lose.glb","42","-1","","","","","","true","","1"
"SandyProfile","sandy_win.glb","220","220","","","","","","true","","1"
"TntDudeMechaProfile","dynamike_mecha_idle.glb","","","","","","","","","",""
"EmzIdle","emz_idle.glb","","-1","","","100","100","","true","",""
"EmzWalk","emz_walk.glb","","29","","","100","100","","true","","1"
"EmzPrimary","emz_attack.glb","2","6","","","","","","","","hips_s#5+L_upperLeg_s#0+R_upperLeg_s#0"
"EmzRecoil","emz_attack.glb","7","22","","","50","","100","","","hips_s#5+L_upperLeg_s#0+R_upperLeg_s#0"
"EmzReload","emz_reload.glb","","-1","","","","","100","","","hips_s#1+L_upperLeg_s#0+R_upperLeg_s#0+L_clavicle_s#4+L_shoulder_s#4+L_elbow_s#4+L_forearm_twist_s#4+L_wrist_s#4+R_clavicle_s#0+R_shoulder_s#0+R_elbow_s#0"
"EmzPushback","emz_pushback.glb","","-1","","","100","100","100","","",""
"EmzSecondary","emz_idle.glb","","","","","","","","","",""
"EmzSecondaryRecoil","emz_idle.glb","","","","","","","","","",""
"EmzWin","emz_win.glb","","171","","","","","","","",""
"EmzWinloop","emz_win.glb","172","231","","","","","","true","",""
"EmzLose","emz_lose.glb","","100","","","","","","","",""
"EmzLoseloop","emz_lose.glb","39","100","","","","","","true","",""
"EmzProfile","emz_win.glb","77","77","","","","","","","",""
"EmzIntro","emz_intro_pose.glb","","","","","","","","true","",""
"ShellyWitchIdle","shelly_witch_idle.glb","","-1","","","100","100","","true","",""
"ShellyWitchWalk","shelly_witch_walk.glb","1","30","","","100","100","","true","","1"
"ShellyWitchPrimarySkill","shelly_witch_attack.glb","1","5","","","","","","","","hips_s#3+L_upperLeg_s#0+R_upperLeg_s#0"
"ShellyWitchSecondarySkill","shelly_witch_attack.glb","-1","-1","","","","","","","","hips_s#4+L_upperLeg_s#0+R_upperLeg_s#0"
"ShellyWitchRecoil","shelly_witch_attack.glb","6","20","","","","","100","","","hips_s#4+L_upperLeg_s#0+R_upperLeg_s#0"
"ShellyWitchReload","shelly_witch_reload.glb","1","30","","","","","100","","","hips_s#0+L_upperLeg_s#0+R_upperLeg_s#0+R_clavicle_s#4+R_shoulder_s#4+R_elbow_s#4+R_forearm_twist_s#4+R_wrist_s#4+L_clavicle_s#4+L_shoulder_s#4+L_elbow_s#4+L_forearm_twist_s#4+L_wrist_s#4"
"ShellyWitchHappy","shelly_witch_win.glb","","180","","","","","","","",""
"ShellyWitchHappyLoop","shelly_witch_win.glb","181","220","","","","","","true","",""
"ShellyWitchLose","shelly_witch_lose.glb","1","50","","","","","","","",""
"ShellyWitchLoseloop","shelly_witch_lose.glb","50","130","","","","","","true","",""
"ShellyWitchProfile","shelly_witch_win.glb","200","200","","","","","","true","",""
"JunkerKnightDarkIdle","jessie_knightdark_idle.glb","1","29","","","100","100","","true","",""
"JunkerKnightDarkPrimary","jessie_renamed_knight_attack.glb","1","5","","","","","1","","","spine_lower_s#3"
"JunkerKnightDarkUltiAttack","jessie_knightdark_idle.glb","1","29","","","200","200","10","","","5"
"JunkerKnightDarkRecoil","jessie_renamed_knight_attack.glb","5","15","","","25","","100","","","spine_lower_s#4"
"JunkerKnightDarkUltiRecoil","jessie_knightdark_idle.glb","1","29","","","200","200","100","","","5"
"JunkerKnightDarkReload","jessie_knightdark_idle.glb","1","29","","","200","200","200","","","ChestBone#2"
"JunkerKnightDarkPushback","jessie_knight_pushback.glb","-1","-1","","","100","100","100","","","5"
"JunkerKnightDarkWin","jessie_knightdark_win.glb","1","100","","","","","","","",""
"JunkerKnightDarkWinloop","jessie_knightdark_win.glb","100","130","","","","","","true","",""
"JunkerKnightDarkBattleWin","jessie_knightdark_battlewin.glb","1","107","","","","","","","",""
"JunkerKnightDarkBattleWinloop","jessie_knightdark_battlewin.glb","107","139","","","","","","true","",""
"JunkerKnightDarkLose","jessie_renamed_knight_lose.glb","1","56","","","","","","","",""
"JunkerKnightDarkLoseloop","jessie_renamed_knight_lose.glb","56","70","","","","","","true","",""
"JunkerKnightDarkPortrait","jessie_knightdark_idle.glb","1","1","","","","","","","",""
"LeonWolfWin","leon_wolf_win.glb","","145","","","","","","","",""
"LeonWolfIdle","leon_wolf_idle.glb","","29","","","100","100","","true","",""
"LeonWolfWalk","leon_wolf_walk.glb","","29","","150","100","100","","true","","1"
"LeonWolfHappyLoop","leon_wolf_win.glb","146","-1","","","","","","true","",""
"LeonWolfAttack","leon_wolf_attack.glb","1","3","","","","","10","","","spine_lower_s#4"
"LeonWolfSecondary","leon_wolf_idle.glb","1","20","","","","","10","","","spine_lower_s#4"
"LeonWolfRecoil","leon_wolf_attack.glb","3","7","","","","","10","","","spine_lower_s#4"
"LeonWolfRecoil2","leon_wolf_attack.glb","7","11","","","","","10","","","spine_lower_s#4"
"LeonWolfReload","leon_wolf_idle.glb","","10","","","100","100","100","","","ChestBone#2"
"LeonWolfPushBack","leon_wolf_pushback.glb","1","10","","","100","100","100","","","5"
"LeonWolfLose","leon_wolf_lose.glb","","-1","","","","","","","",""
"LeonWolfLoseLoop","leon_wolf_lose.glb","39","-1","","","","","","true","",""
"LeonWolfProfile","leon_wolf_portrait.glb","","10","","","","","","true","",""
"LuchadorBrownIdle","primo_brown_idle.glb","1","49","","","200","200","","true","",""
"LuchadorBrownWalk","primo_brown_walk.glb","1","-1","","","150","150","","true","","1"
"LuchadorBrownPrimary","primo_brown_attack.glb","","5","","","50","50","50","","","hips_s#3+L_upperLeg_s#0+R_upperLeg_s#0"
"LuchadorBrownRecoil1","primo_brown_attack.glb","5","12","","","50","50","50","","","hips_s#3+L_upperLeg_s#0+R_upperLeg_s#0"
"LuchadorBrownRecoil2","primo_brown_attack.glb","17","24","","","50","50","50","","","hips_s#3+L_upperLeg_s#0+R_upperLeg_s#0"
"LuchadorBrownPushback","primo_brown_pushback.glb","","10","","","50","100","100","","","5"
"LuchadorBrownSecondary","primo_brown_super.glb","","-1","","","100","100","","","","5"
"LuchadorBrownWin","primo_brown_win.glb","","98","","","","","","","",""
"LuchadorBrownWinloop","primo_brown_win.glb","99","159","","","","","","true","",""
"LuchadorBrownLose","primo_brown_lose.glb","","44","","","","","","","",""
"LuchadorBrownLoseloop","primo_brown_lose.glb","45","143","","","","","","true","",""
"LuchadorBrownGadgetFlipPrimary","primo_brown_gadget_flip_attack.glb","1","6","","","","","1","","","hips_s#3+L_upperLeg_s#0+R_upperLeg_s#0"
"LuchadorBrownGadgetFlipRecoil1","primo_brown_gadget_flip_attack.glb","6","20","","","","","100","","","hips_s#3+L_upperLeg_s#0+R_upperLeg_s#0"
"LeonSallyWin","leon_sally_win.glb","1","84","","","","","","","","5"
"LeonSallyWinloop","leon_sally_win.glb","84","-1","","","","","","true","","1"
"LuchadorBrownProfile","primo_brown_portrait.glb","","-1","","","","","","true","",""
"CarlHotrodProfile","carl_hotrod_cam.glb","","-1","","","","","","true","",""
"GenePirateIdle","gene_pirate_anim_idle.glb","","79","","","100","100","","true","",""
"GenePirateWalk","gene_pirate_anim_walk.glb","1","29","","120","100","100","","true","","1"
"GenePirateAttack","gene_pirate_anim_attack.glb","1","5","","","","","","","","hips_s#3+L_upperLeg_s#0+R_upperLeg_s#0"
"GenePirateAttackRecoil","gene_pirate_anim_attack.glb","5","20","","","50","","100","","","hips_s#4+L_upperLeg_s#0+R_upperLeg_s#0"
"GenePirateSecondary","gene_pirate_anim_super.glb","1","30","","","","","","","","hips_s#3+L_upperLeg_s#0+R_upperLeg_s#0"
"GenePirateSecondaryRecoil","gene_pirate_anim_super.glb","1","30","","","100","","200","","","hips_s#4+L_upperLeg_s#0+R_upperLeg_s#0"
"GenePirateReload","gene_pirate_anim_reload.glb","1","25","","","100","200","200","","","spine_lower_s#2"
"GenePirateWin","gene_pirate_anim_win.glb","1","119","","","","","","","",""
"GenePirateWinloop","gene_pirate_anim_win.glb","120","204","","","","","","true","",""
"GenePirateLose","gene_pirate_anim_lose.glb","","129","","","100","","","","",""
"GenePirateLoseloop","gene_pirate_anim_lose.glb","130","224","","","","","","true","",""
"TntDudeSantaRopeLoop","dynamike_santa_rope_loop.glb","-1","-1","","","","","","true","","1"
"CarlPirateIdle","carl_pirate_idle.glb","","111","","","200","200","","true","",""
"CarlPirateWalk","carl_pirate_walk.glb","","62","","","200","200","","true","","1"
"CarlPirateAttack","carl_pirate_attack.glb","2","6","","","","","","","","hips_s#3+L_upperLeg_s#0+R_upperLeg_s#0"
"CarlPirateAttackRecoil","carl_pirate_attack.glb","7","-1","","","","","200","","","hips_s#4+L_upperLeg_s#0+R_upperLeg_s#0"
"CarlPirateSecondary","carl_pirate_super.glb","1","59","","","200","200","200","true","","5"
"CarlPirateSecondaryRecoil","carl_pirate_super.glb","1","59","","","","","","true","","5"
"CarlPirateReload","carl_pirate_reload.glb","1","15","","","100","100","100","","","5"
"CarlPiratePushback","carl_pirate_pushback.glb","","-1","","","50","200","100","","","5"
"CarlPirateWin","carl_pirate_win.glb","","100","","","","","","","",""
"CarlPirateWinloop","carl_pirate_win.glb","101","200","","","","","","true","",""
"CarlPirateLose","carl_pirate_lose.glb","","113","","","","","","","",""
"CarlPirateLoseloop","carl_pirate_lose.glb","114","175","","","","","","true","",""
"CarlPirateProfile","carl_pirate_idle.glb","30","30","","","","","","true","",""
"BeaIdle","bea_idle.glb","","-1","","","100","100","","true","",""
"BeaWalk","bea_walk.glb","1","26","","","100","100","","true","","1"
"BeaAttack","bea_attack.glb","","4","","","","","","","","hips_s#3+L_upperLeg_s#0+R_upperLeg_s#0"
"BeaRecoil","bea_attack.glb","5","20","","","","","200","","","hips_s#4+L_upperLeg_s#0+R_upperLeg_s#0"
"BeaReload","bea_reload.glb","","20","","","100","100","100","","","spine_lower_s#0+L_clavicle_s#2+R_clavicle_s#2"
"BeaPushback","bea_pushback.glb","","-1","","","25","100","200","","","5"
"BeaIntro","bea_intro_pose.glb","","","","","","","","","",""
"GunslingerPirateWin","colt_pirate_win.glb","","58","","","","","","","",""
"GunslingerPirateWinloop","colt_pirate_win.glb","59","-1","","","","","","true","",""
"BeaWin","bea_win.glb","","120","","","","","","","","5"
"BeaWinloop","bea_win.glb","121","-1","","","","","","true","","1"
"BeaPortrait","bea_portrait.glb","","","","","","","","","",""
"MaxIdle","max_idle.glb","1","30","","","50","50","","true","",""
"MaxWalk","max_walk.glb","1","20","","","50","50","","true","","1"
"MaxPrimary","max_attack.glb","","4","","","","","","","","hips_s#3+L_upperLeg_s#0+R_upperLeg_s#0"
"MaxRecoil","max_attack.glb","5","21","","","","","100","","","hips_s#4+L_upperLeg_s#0+R_upperLeg_s#0"
"MaxSecondary","max_super.glb","","","","","","","","","","hips_s#3+L_upperLeg_s#0+R_upperLeg_s#0"
"MaxSecondaryRecoil","max_super.glb","","-1","","","50","50","50","","","hips_s#4+L_upperLeg_s#0+R_upperLeg_s#0"
"BeeSmallIdle","bee_small_idle.glb","-1","-1","","","","","","true","",""
"BeeBigIdle","bee_big_idle.glb","-1","-1","","","","","","true","",""
"BeeSmallReload","bee_small_reload.glb","1","-1","","","","","200","","","5"
"BeeBigReload","bee_big_reload.glb","1","13","","","","","200","","","5"
"PocoPirateIdle","poco_pirate_idle.glb","","-1","","","100","100","","true","",""
"PocoPirateWalk","poco_pirate_walk.glb","","-1","","","100","100","","true","","1"
"PocoPirateHappy","poco_pirate_win.glb","","30","","","","","","","",""
"PocoPirateHappyLoop","poco_pirate_win.glb","30","-1","","","","","","true","",""
"PocoPirateProfile","poco_pirate_idle.glb","20","20","","","","","","","",""
"GunslingerPirateIdle","colt_pirate_idle.glb","","-1","","","100","100","","true","",""
"GunslingerPirateWalk","colt_pirate_walk.glb","","-1","","125","100","100","","true","","1"
"GunslingerPirateLose","colt_pirate_lose.glb","","67","","","","","","","",""
"GunslingerPirateLoseloop","colt_pirate_lose.glb","68","-1","","","","","","true","",""
"GunslingerPirateProfile","colt_pirate_idle.glb","90","90","","","","","","","",""
"MaxWin","max_win.glb","","152","","","","","","","","5"
"MaxWinloop","max_win.glb","153","181","","","","","","true","","1"
"BeaLose","bea_lose.glb","","21","","","","","","","",""
"BeaLoseloop","bea_lose.glb","22","-1","","","","","","true","",""
"MaxLose","max_lose.glb","1","70","","","","","","","",""
"MaxLoseloop","max_lose.glb","71","100","","","","","","true","",""
"MaxPortrait","max_portrait.glb","","-1","","","","","","true","",""
"MaxReload","max_reload.glb","3","20","","","100","100","100","","","spine_lower_s#0+L_clavicle_s#2+R_clavicle_s#2"
"MaxPushback","max_pushback.glb","","10","","","50","100","50","","",""
"GunslingerPirateReload","colt_pirate_idle.glb","","10","","","","","100","","",""
"PocoPirateLose","poco_pirate_lose.glb","","15","","","","","","","",""
"PocoPirateLoseloop","poco_pirate_lose.glb","15","-1","","","","","","true","",""
"GunslingerPiratePrimary","colt_pirate_attack.glb","","-1","","","100","200","100","","","spine_lower_s#3"
"GunslingerPirateRecoil","colt_pirate_recoil1.glb","1","10","","","100","100","200","","","spine_lower_s#4"
"GunslingerPirateRecoil2","colt_pirate_recoil2.glb","1","10","","","100","100","200","","","spine_lower_s#4"
"GunslingerPiratePushBack","colt_pirate_pushback.glb","","-1","","","100","100","100","","","5"
"8bitVirusIdle","8bit_virus_idle.glb","1","29","","","100","100","","true","",""
"8BitVirusWalk","8bit_virus_walk.glb","1","20","","110","100","100","","true","","1"
"8bitVirusAttack","8bit_virus_attack.glb","1","5","","","50","","","","","hips_s#4+L_front_leg_01_s#0+R_front_leg_01_s#0+L_back_leg_01_s#0+R_back_leg_01_s#0"
"8bitVirusRecoil","8bit_virus_attack.glb","5","-1","","","","","250","","","hips_s#5+L_front_leg_01_s#0+R_front_leg_01_s#0+L_back_leg_01_s#0+R_back_leg_01_s#0"
"8bitVirusReload","8bit_virus_reload.glb","","13","","","","","150","","","hips_s#1+L_front_leg_01_s#0+R_front_leg_01_s#0+L_back_leg_01_s#0+R_back_leg_01_s#0+L_clavicle_s#4+L_shoulder_s#4+L_elbow_s#4+L_forearm_twist_s#4+L_wrist_s#4+R_clavicle_s#0+R_shoulder_s#0+R_elbow_s#0"
"8bitVirusPushback","8bit_pushback.glb","","-1","","","50","100","200","","",""
"8bitVirusWin","8bit_virus_win.glb","1","127","","","","","","","",""
"8bitVirusWinloop","8bit_virus_win.glb","128","157","","","","","","true","",""
"8bitVirusLose","8bit_virus_lose.glb","1","99","","","","","","","",""
"8bitVirusLoseloop","8bit_virus_lose.glb","100","139","","","","","","true","",""
"BibiGamerIdle","bibi_gamer_idle.glb","1","29","","","100","100","","true","",""
"BibiGamerWalk","bibi_gamer_walk.glb","1","29","","","120","200","","true","","1"
"BibiGamerPrimary","bibi_gamer_attack.glb","1","51","","","100","100","100","","","R_gunbone_01_s#4+hips_s#4+L_upperLeg_s#0+R_upperLeg_s#0"
"BibiGamerSecondary","bibi_gamer_attack.glb","1","51","","","100","100","100","","","R_gunbone_01_s#4+hips_s#4+L_upperLeg_s#0+R_upperLeg_s#0"
"BibiGamerRecoil","bibi_gamer_attack.glb","22","51","","","1","100","100","","","R_gunbone_01_s#5+hips_s#5+L_upperLeg_s#0+R_upperLeg_s#0"
"BibiGamerPushback","bibi_gamer_pushback.glb","","-1","","","100","100","100","","","5"
"BibiGamerRecoil2","bibi_gamer_attack.glb","17","51","","","100","100","100","","","R_gunbone_01_s#5+hips_s#5+L_upperLeg_s#0+R_upperLeg_s#0"
"BibiGamerWin","bibi_gamer_win.glb","1","189","","","100","","","","","5"
"BibiGamerWinloop","bibi_gamer_win.glb","190","238","","","","","","true","","1"
"BibiGamerLose","bibi_gamer_lose.glb","1","29","","","","","","","","5"
"BibiGamerLoseloop","bibi_gamer_lose.glb","30","89","","","","","","true","","1"
"BibiGamerProfile","bibi_gamer_portrait.glb","1","10","","","","","","true","","5"
"TaraStreetninjaIdle","tara_streetninja_idle.glb","1","28","","","200","","","true","","5"
"TaraStreetninjaWalk","tara_streetninja_walk.glb","1","20","","80","200","","200","true","","1"
"TaraStreetninjaPrimary","tara_streetninja_attack.glb","1","4","","","","","200","","","hips_s#4+L_upperLeg_s#0+R_upperLeg_s#0"
"TaraStreetninjaRecoil","tara_streetninja_attack.glb","4","20","","","","","200","","","hips_s#5+L_upperLeg_s#0+R_upperLeg_s#0"
"TaraStreetninjaReload","tara_streetninja_idle.glb","1","12","","","","","50","","",""
"TaraStreetninjaSecondary","tara_streetninja_ult.glb","1","4","","","","","200","","","hips_s#4+L_upperLeg_s#0+R_upperLeg_s#0"
"TaraStreetninjaSecondaryRecoil","tara_streetninja_ult.glb","4","22","","","","","200","","","hips_s#5+L_upperLeg_s#0+R_upperLeg_s#0"
"TaraStreetninjaWin","tara_streetninja_win.glb","1","34","","","","","","","","5"
"TaraStreetninjaWinloop","tara_streetninja_win.glb","35","70","","","","","","true","","1"
"TaraStreetninjaLose","tara_streetninja_lose.glb","1","55","","","","","","","",""
"TaraStreetninjaLoseloop","tara_streetninja_lose.glb","56","117","","","","","","true","",""
"TaraStreetninjaProfile","tara_streetninja_portrait.glb","10","10","","","","","","true","","5"
"MrPIdle","mrp_idle.glb","","-1","","","100","100","100","true","","1"
"MrPWalk","mrp_walk.glb","1","-1","","","100","100","100","true","",""
"MrPAttack","mrp_attack.glb","","5","","","","","","","","R_gunbone_01_s#4+hips_s#4+L_upperLeg_s#0+R_upperLeg_s#0"
"MrPRecoil","mrp_attack.glb","6","20","","","","200","50","","","R_gunbone_01_s#5+hips_s#5+L_upperLeg_s#0+R_upperLeg_s#0"
"MrPPetWalk","mrp_count_pengula_pet_walk.glb","","-1","","","100","100","100","true","",""
"MrPPetIdle","mrp_pet_idle.glb","","-1","","","100","100","100","true","","1"
"MrPSpawnerIdle","mrp_spawner_idle.glb","211","-1","","","","","","true","","1"
"MrPSpawnerSpawn","mrp_spawner_spawn.glb","","69","","","","","","","","5"
"MrPSpawnerSpawnLoop","mrp_spawner_spawn.glb","70","100","","","","","","true","","1"
"MrPWin","mrp_win.glb","","110","","","","","","","","5"
"MrPWinloop","mrp_win.glb","111","-1","","","","","","true","","1"
"MrPLose","mrp_lose.glb","","45","","","","","","","","5"
"MrPLoseloop","mrp_lose.glb","46","61","","","","","","true","","1"
"MrPPushBack","mrp_idle.glb","","-1","","","100","100","100","","","5"
"8bitVirusProfile","8bit_virus_portrait.glb","","-1","","","","","","","",""
"MrPPortrait","mrp_portrait.glb","","-1","","","","","","true","","5"
"MrPAgentWin","mrp_agentp_win.glb","","110","","","","","","","","5"
"MrPAgentWinloop","mrp_agentp_win.glb","111","-1","","","","","","true","","1"
"SniperValentinesIdle","piper_valentines_idle.glb","1","41","","","100","100","","true","",""
"SniperValentinesWalk","piper_valentines_run.glb","1","20","","","100","100","","true","","1"
"SniperValentinesAttack","piper_valentines_attack.glb","1","12","","","","","100","","","hips_s#4+L_upperLeg_s#0+R_upperLeg_s#0+R_dress_01_s#0+L_dress_01_s#0+F_dress_01_s#0+B_dress_01_s#0"
"SniperValentinesRecoil","piper_valentines_attack.glb","1","25","","","","","200","","","hips_s#4+L_upperLeg_s#0+R_upperLeg_s#0+R_dress_01_s#0+L_dress_01_s#0+F_dress_01_s#0+B_dress_01_s#0"
"SniperValentinesReload","piper_valentines_idle.glb","","10","","","100","100","500","","","hips_s#4+L_upperLeg_s#0+R_upperLeg_s#0+R_dress_01_s#0+L_dress_01_s#0+F_dress_01_s#0+B_dress_01_s#0"
"SniperValentinesWin","piper_valentines_win.glb","1","114","","","","","","","","5"
"SniperValentinesWinloop","piper_valentines_win.glb","115","155","","","","","","true","","1"
"SniperValentinesLose","piper_valentines_lose.glb","1","61","","","","","","","","5"
"SniperValentinesLoseloop","piper_valentines_lose.glb","62","104","","","","","","true","","1"
"SproutIdle","sprout_idle.glb","","-1","","","100","100","","true","",""
"SproutWalk","sprout_walk.glb","1","29","","","100","100","","true","","1"
"SproutPrimary","sprout_attack.glb","","5","","","","","","","","body_s#3+L_wheel_s#0+R_wheel_s#0"
"SproutRecoil","sprout_attack.glb","5","30","","","","","100","","","body_s#4+L_wheel_s#0+R_wheel_s#0"
"SproutReload","sprout_reload.glb","","20","","","100","100","100","","","body_s#0+L_arm_01_s#4+L_wheel_s#0+R_wheel_s#0"
"SproutPushback","sprout_pushback.glb","","10","","","50","100","100","","","5"
"JackyIdle","jacky_idle.glb","1","45","","","100","100","","true","",""
"JackyWalk","jacky_walk.glb","1","-1","","","100","100","","true","","1"
"JackyAttack","jacky_attack.glb","6","20","","","","","","true","","3"
"JackyRecoil","jacky_attack.glb","6","20","","","","","100","","","4"
"JackySuper","jacky_super.glb","1","-1","","120","","","83","true","","3"
"JackySuperRecoil","jacky_super.glb","1","-1","","120","","","83","true","","4"
"DynamikeCoachIdle","dynamike_coach_idle.glb","","-1","","","100","100","","true","","0"
"DynamikeCoachWalk","dynamike_coach_walk.glb","1","29","","150","100","100","","true","","1"
"DynamikeCoachPrimary","dynamike_coach_attack.glb","1","5","","","","","","","","hips_s#3"
"DynamikeCoachSecondary","dynamike_coach_super.glb","1","5","","","","","","","","hips_s#3"
"DynamikeCoachRecoil","dynamike_coach_attack.glb","5","20","","","","","100","","","hips_s#4"
"DynamikeCoachReload","dynamike_coach_walk.glb","1","5","","150","66","66","6","","","spine_lower_s#0"
"DynamikeCoachUlti","dynamike_coach_super.glb","5","20","","","","","100","","","hips_s#4"
"DynamikeCoachPushback","dynamike_coach_pushback.glb","","-1","","","100","100","100","","","5"
"DynamikeCoachWin","dynamike_coach_win.glb","","84","","","","","","","",""
"DynamikeCoachWinloop","dynamike_coach_win.glb","85","156","","","","","","true","",""
"DynamikeCoachLose","dynamike_coach_lose.glb","1","225","","","","","","","",""
"DynamikeCoachLoseloop","dynamike_coach_lose.glb","226","307","","","","","","true","",""
"DynamikeCoachProfile","dynamike_coach_idle.glb","20","20","","","","","","true","",""
"JessieTanukiIdle","jessie_tanuki_redux_idle.glb","","29","","","100","100","","true","",""
"JessieTanukiWalk","jessie_tanuki_redux_walk.glb","","20","","150","100","100","","true","","1"
"JessieTanukiPrimary","jessie_tanuki_redux_attack.glb","1","5","","","","","100","","","hips_s#3+L_upperLeg_s#0+R_upperLeg_s#0"
"JessieTanukiUltiAttack","jessie_tanuki_redux_idle.glb","","-1","","","200","200","10","true","","5"
"JessieTanukiRecoil","jessie_tanuki_redux_attack.glb","5","15","","","","","100","","","hips_s#4+L_upperLeg_s#0+R_upperLeg_s#0"
"JessieTanukiUltiRecoil","jessie_tanuki_redux_idle.glb","","-1","","","200","200","100","","","5"
"JessieTanukiReload","jessie_tanuki_redux_idle.glb","","","","","200","200","200","","","chest_s#2"
"JessieTanukiPushback","jessie_tanuki_redux_pushback.glb","","-1","","","100","100","100","true","","5"
"JessieTanukiWin","jessie_tanuki_redux_win.glb","1","171","","","","","","","",""
"JessieTanukiWinloop","jessie_tanuki_redux_win.glb","127","171","","","","","","true","",""
"JessieTanukiLose","jessie_tanuki_redux_lose.glb","1","131","","","","","","","",""
"JessieTanukiLoseloop","jessie_tanuki_redux_lose.glb","87","131","","","","","","true","",""
"JessieTanukiProfile","jessie_tanuki_redux_portrait.glb","1","1","","","","","","true","",""
"BoFalconIdle","bo_falcon_idle.glb","1","29","","","100","100","","true","",""
"BoFalconWalk","bo_falcon_walk.glb","1","20","","","100","100","","true","","1"
"BoFalconAttack","bo_falcon_attack.glb","1","12","","","","","100","","","arrow1_s#3+hips_s#3+L_upperLeg_s#0+R_upperLeg_s#0"
"BoFalconSecondary","bo_falcon_attack.glb","1","12","","","","","100","","","arrow1_s#3+hips_s#3+L_upperLeg_s#0+R_upperLeg_s#0"
"BoFalconRecoil","bo_falcon_attack.glb","13","30","","","","","200","","","arrow1_s#4+hips_s#4+L_upperLeg_s#0+R_upperLeg_s#0"
"BoFalconRecoil2","bo_falcon_attack.glb","13","30","","","","","200","","","arrow1_s#4+hips_s#4+L_upperLeg_s#0+R_upperLeg_s#0"
"BoFalconWin","bo_falcon_win.glb","","174","","","","","","","",""
"BoFalconWinloop","bo_falcon_win.glb","175","322","","","","","","true","",""
"BoFalconLose","bo_falcon_lose.glb","","175","","","","","","","",""
"BoFalconLoseloop","bo_falcon_lose.glb","175","-1","","","","","","true","",""
"BoFalconProfile","bo_falcon_idle.glb","1","1","","","","","","true","",""
"JackyHappy","jacky_win.glb","","122","","","","","100","","",""
"JackyHappyLoop","jacky_win.glb","123","171","","","","","","true","",""
"JackyLose","jacky_lose.glb","","-1","","200","","","","","",""
"JackyLoseloop","jacky_lose.glb","80","-1","","","","","","true","",""
"SproutWin","sprout_win.glb","","125","","","","","","","",""
"SproutWinloop","sprout_win.glb","126","185","","","","","","true","",""
"SproutLose","sprout_lose.glb","","-1","","","","","","","",""
"SproutLoseloop","sprout_lose.glb","99","-1","","","","","","true","",""
"SproutEnter","sprout_win.glb","1","1","","","100","100","","","",""
"DarrylFootballIdle","darryl_fb_idle.glb","1","-1","","","100","100","","true","",""
"DarrylFootballWalk","darryl_fb_walk.glb","1","20","","","100","100","","true","","1"
"DarrylFootballPrimary","darryl_fb_attack.glb","","10","","","100","100","100","","","hips_s#3+L_upperLeg_s#0+R_upperLeg_s#0"
"DarrylFootballSecondary","darryl_fb_super.glb","","29","","","1","1","1","true","","5"
"DarrylFootballRecoil","darryl_fb_recoil_01.glb","1","10","","","","100","100","","","hips_s#4+L_upperLeg_s#0+R_upperLeg_s#0"
"DarrylFootballRecoil2","darryl_fb_recoil_02.glb","1","10","","","","100","100","","","hips_s#4+L_upperLeg_s#0+R_upperLeg_s#0"
"DarrylFootballReload","darryl_fb_idle.glb","","-1","","","800","800","800","","","hips_s#3+L_upperLeg_s#0+R_upperLeg_s#0"
"DarrylFootballPushback","darryl_pushback.glb","1","10","","","50","100","200","","","5"
"DarrylFootballWin","darryl_fb_win.glb","-1","70","","","","","200","","",""
"DarrylFootballWinloop","darryl_fb_win.glb","71","99","","","","","","true","",""
"DarrylFootballLose","darryl_fb_lose.glb","-1","-1","","","","","200","","",""
"DarrylFootballHide","darryl_fb_idle.glb","","-1","","","200","200","100","true","",""
"DarrylFootballLoseloop","darryl_fb_lose.glb","45","45","","","","","","true","",""
"DarrylFootballProfile","darryl_fb_win.glb","44","44","","","","","","true","",""
"SproutPortrait","sprout_portrait.glb","50","50","","","","","","true","",""
"JackyPortrait","jacky_portrait.glb","1","1","","","","","","","",""
"PamIdle","pam_idle.glb","1","-1","","","100","100","","true","",""
"PamWalk","pam_walk.glb","1","22","","","100","100","","true","","1"
"PamAttack","pam_attack.glb","","4","","","","","","","","hips_s#3+L_upperLeg_s#0+R_upperLeg_s#0"
"PamRecoil","pam_attack.glb","4","20","","","","","100","","","hips_s#4+L_upperLeg_s#0+R_upperLeg_s#0"
"GeneDarkIdle","gene_dark_idle.glb","","30","","","100","100","","true","",""
"GeneDarkWalk","gene_dark_walk.glb","1","29","","120","100","100","","true","","1"
"GeneDarkAttack","gene_dark_attack.glb","1","5","","","","","","","","hips_s#3+L_upperLeg_s#0+R_upperLeg_s#0"
"GeneDarkAttackRecoil","gene_dark_attack.glb","5","20","","","50","","100","","","hips_s#4+L_upperLeg_s#0+R_upperLeg_s#0"
"GeneDarkSecondary","gene_dark_super.glb","1","30","","","","","","","","3"
"GeneDarkSecondaryRecoil","gene_dark_super.glb","5","30","","","","","100","","","4"
"GeneDarkReload","gene_dark_reload.glb","1","25","","","100","200","200","","","spine_lower_s#2"
"GeneDarkPushback","gene_dark_idle.glb","","20","","","200","300","500","","","5"
"GeneDarkWin","gene_dark_win.glb","1","105","","","","","","","",""
"GeneDarkWinloop","gene_dark_win.glb","106","174","","","","","","true","",""
"GeneDarkLose","gene_dark_lose.glb","","135","","","100","","","","",""
"GeneDarkLoseloop","gene_dark_lose.glb","135","136","","","","","","true","",""
"GeneDarkProfile","gene_dark_win.glb","132","132","","","","","","true","",""
"PamReload","pam_reload.glb","","20","","","100","","100","","","hips_s#1+chest_s#4+spine_lower_s#4+L_upperLeg_s#0+R_upperLeg_s#0"
"PamSecondary","pam_super.glb","","5","","","","","","true","","hips_s#3+L_upperLeg_s#0+R_upperLeg_s#0"
"PamSecondaryRecoil","pam_super.glb","6","20","","","","","175","","","hips_s#4+L_upperLeg_s#0+R_upperLeg_s#0"
"PamPushback","pam_pushback.glb","","10","","","25","100","150","","",""
"PamWin","pam_win.glb","","134","","","","","","","","5"
"PamWinloop","pam_win.glb","135","174","","","","","","true","","1"
"GaleIdle","gale_idle.glb","1","59","","","200","200","","true","",""
"GaleWalk","gale_walk.glb","1","22","","","200","200","","true","","1"
"GalePrimary","gale_attack.glb","1","5","","","","","","","","hips_s#3+L_upperLeg_s#0+R_upperLeg_s#0"
"GaleRecoil","gale_attack.glb","5","20","","","","","50","","","hips_s#4+L_upperLeg_s#0+R_upperLeg_s#0"
"GalePushback","gale_pushback.glb","1","10","","","20","100","100","true","","5"
"RicoDarkIdle","rico_dark_idle.glb","","-1","","","100","100","","true","",""
"RicoDarkWalk","rico_dark_walk.glb","","25","","","100","100","","true","","1"
"RicoDarkPrimary","rico_dark_attack.glb","5","8","","","100","","","","","hips_s#4+L_upperLeg_s#0+R_upperLeg_s#0"
"RicoDarkSecondary","rico_dark_attack.glb","5","8","","","100","","","","","hips_s#4+L_upperLeg_s#0+R_upperLeg_s#0"
"RicoDarkRecoil","rico_dark_attack.glb","8","30","","","50","","100","","","hips_s#4+L_upperLeg_s#0+R_upperLeg_s#0"
"RicoDarkReload","rico_dark_idle.glb","1","2","","","200","200","200","","",""
"RicoDarkPushback","rico_dark_idle.glb","","-1","","","200","100","200","","","5"
"RicoDarkWin","rico_dark_win_120.glb","1","640","","","","","","","",""
"RicoDarkWinloop","rico_dark_win.glb","161","220","","","","","","true","",""
"RicoDarkLose","rico_dark_lose.glb","1","120","","","","","","","",""
"RicoDarkLoseloop","rico_dark_lose.glb","120","150","","","","","","true","",""
"RicoDarkProfile","rico_dark_win.glb","128","128","","","","","","","",""
"MortisDarkIdle","mortis_dark_idle.glb","1","32","","","200","200","","true","",""
"MortisDarkAttack","mortis_dark_attack.glb","3","30","","","","250","200","","","3"
"MortisDarkWalk","mortis_dark_walk.glb","1","32","","150","100","100","","true","","1"
"MortisDarkRecoil","mortis_dark_attack.glb","3","30","","","","250","200","","","4"
"MortisDarkUltiRecoil","mortis_dark_ulti.glb","5","40","","","","","200","","","hips_s#4+L_upperLeg_s#0+R_upperLeg_s#0"
"MortisDarkUltiAttack","mortis_dark_ulti.glb","","5","","","","","","","","hips_s#3+L_upperLeg_s#0+R_upperLeg_s#0"
"MortisDarkPushback","mortis_pushback.glb","","-1","","","100","100","100","","","5"
"MortisDarkWin","mortis_dark_win_120.glb","1","404","","","","","","","","1"
"MortisDarkWinloop","mortis_dark_win.glb","102","165","","","","","","true","","1"
"MortisDarkLose","mortis_dark_lose.glb","1","124","","","","","","","","1"
"MortisDarkLoseloop","mortis_dark_lose.glb","125","172","","","","","","true","","1"
"MortisDarkProfile","mortis_dark_win.glb","87","87","","","","","","","","1"
"GaleWin","gale_win.glb","1","214","","","","","","","","5"
"GaleWinloop","gale_win.glb","215","273","","","","","","true","","1"
"SproutHawaiiIdle","sprout_hawaii_idle.glb","","-1","","","100","100","","true","",""
"SproutHawaiiWalk","sprout_hawaii_walk.glb","","-1","","","100","100","","true","","1"
"SproutHawaiiPrimary","sprout_hawaii_attack.glb","","5","","","","","","","","body_s#3+L_wheel_s#0+R_wheel_s#0"
"SproutHawaiiRecoil","sprout_hawaii_attack.glb","5","30","","","","","100","","","body_s#4+L_wheel_s#0+R_wheel_s#0"
"SproutHawaiiReload","sprout_reload.glb","","20","","","100","100","100","","","body_s#0+L_arm_01_s#4+L_wheel_s#0+R_wheel_s#0"
"SproutHawaiiPushback","sprout_pushback.glb","","10","","","50","100","100","","","5"
"SproutHawaiiWin","sprout_hawaii_win.glb","","125","","","","","","","",""
"SproutHawaiiWinloop","sprout_hawaii_win.glb","126","185","","","","","","true","",""
"SproutHawaiiProfile","sprout_hawaii_idle.glb","38","38","","","","","","true","",""
"BullBarbkingIdle","bull_barbking_idle.glb","","29","","","150","150","","true","",""
"BullBarbkingWalk","bull_barbking_walk.glb","","21","","","100","100","","true","","1"
"BullBarbkingPrimary","bull_barbking_attack.glb","1","3","","","","","","","","hips_s#3+L_upperLeg_s#0+R_upperLeg_s#0"
"BullBarbkingSecondary","bull_barbking_super.glb","","21","","150","66","66","133","true","","hips_s#3+L_upperLeg_s#0+R_upperLeg_s#0"
"BullBarbkingRecoil","bull_barbking_attack.glb","4","20","","","50","","200","","","hips_s#4+L_upperLeg_s#0+R_upperLeg_s#0"
"BullBarbkingReload","bull_barbking_idle.glb","1","10","","200","250","250","250","","","ChestBone#2"
"BullBarbkingPushback","bull_rock_pushback.glb","","-1","","","100","100","100","","","5"
"BullBarbkingWin","bull_barbking_win.glb","","54","","","","","","","","5"
"BullBarbkingWinloop","bull_barbking_win.glb","55","91","","","","","","true","","5"
"BullBarbkingLose","bull_barbking_lose.glb","","25","","","","","","","","5"
"BullBarbkingLoseloop","bull_barbking_lose.glb","30","36","","","","","","true","","5"
"BullBarbkingProfile","bull_barbking_win.glb","29","29","","","","","","true","","5"
"NaniIdle","nani_idle.glb","1","45","","","100","100","","true","",""
"NaniWalk","nani_walk.glb","1","27","","","100","100","","true","","1"
"NaniAttack","nani_attack.glb","","5","","","","","","","","hips_s#3+L_upperLeg_s#0+R_upperLeg_s#0"
"NaniRecoil","nani_attack.glb","","23","","","","","200","","","hips_s#4+L_upperLeg_s#0+R_upperLeg_s#0"
"GaleTraderIdle","gale_trader_idle.glb","1","59","","","200","200","","true","",""
"GaleTraderWalk","gale_trader_walk.glb","1","22","","","200","200","","true","","1"
"GaleTraderPrimary","gale_trader_attack.glb","1","5","","","","","","","","hips_s#3+L_upperLeg_s#0+R_upperLeg_s#0"
"GaleTraderRecoil","gale_trader_attack.glb","5","20","","","","","50","","","hips_s#4+L_upperLeg_s#0+R_upperLeg_s#0"
"GaleTraderPushback","gale_pushback.glb","1","10","","","20","100","100","","","5"
"GaleTraderWin","gale_trader_win.glb","1","195","","","","","","","","5"
"GaleTraderWinloop","gale_trader_win.glb","196","225","","","","","","true","","1"
"GaleTraderProfile","gale_trader_win.glb","169","169","","","","","","","","5"
"PeepIdle","peep_idle.glb","1","176","","","","","50","true","",""
"PeepWalk","peep_idle.glb","1","176","","","","","50","true","","1"
"NaniReload","nani_idle.glb","","10","","","200","200","100","","",""
"NaniWin","nani_win.glb","","227","","200","","","","","","1"
"NaniWinloop","nani_win.glb","228","-1","","200","","","","true","","1"
"NaniSecondary","nani_super.glb","","-1","","","100","100","","true","","hips_s#3+L_upperLeg_s#0+R_upperLeg_s#0"
"NaniPushback","nani_pushback.glb","","-1","","","50","","100","","","5"
"PamTurretIdle","pam_turret_idle.glb","1","41","","","","","","true","",""
"PamTurretSpawn","pam_turret_spawn.glb","","-1","","","","","","","",""
"PamLose","pam_lose.glb","","90","","","","","","","",""
"PamLoseloop","pam_lose.glb","40","90","","","","","","true","",""
"GaleLose","gale_lose.glb","1","29","","","","","","","",""
"GaleLoseloop","gale_lose.glb","1","29","","","","","","true","",""
"NaniLose","nani_lose.glb","","-1","","","","","","","","1"
"NaniLoseloop","nani_lose.glb","59","60","","","","","","true","","1"
"NaniPortrait","nani_base_cam.glb","","-1","","","","","","","",""
"PeepPortrait","peep_portrait.glb","-1","-1","","","","","","","",""
"PamPortrait","pam_win.glb","172","172","","","","","","true","",""
"GalePortrait","gale_base_cam.glb","","-1","","","","","","","",""
"GaleTraderLose","gale_trader_lose.glb","1","111","","","","","","","",""
"GaleTraderLoseloop","gale_trader_lose.glb","112","-1","","","","","","true","",""
"BossKaijuIdle","kaiju_boss_idle.glb","2","-1","","","200","200","","true","",""
"BossKaijuWalk","kaiju_boss_walk.glb","2","-1","","","200","200","","true","","2"
"BossKaijuPrimary","kaiju_boss_primary_attack.glb","1","20","","","100","","200","","","1"
"BossKaijuSecondary","kaiju_boss_secondary_attack.glb","1","90","","","200","","200","","","3"
"BossKaijuSecondaryRecoil","kaiju_boss_secondary_attack.glb","61","90","","","","","200","","","4"
"SurgeIdle","surge_genie_idle.glb","","-1","","","100","100","","true","","1"
"SurgeWalk","surge_walk.glb","","-1","","75","100","100","","true","","1"
"SurgeWalk_transform","surge_walk_transform.glb","","-1","","75","100","100","","true","","1"
"SurgeSecondary","surge_super.glb","","40","","","","","250","","","4"
"SurgeAttackRecoil","surge_attack.glb","1","-1","","","50","","100","","","hips_s#4+L_upperLeg_s#0+R_upperLeg_s#0"
"SurgeAttackRecoil_transform","surge_attack_transform.glb","1","-1","","","50","","100","","","hips_s#4+L_upperLeg_s#0+R_upperLeg_s#0"
"SurgeReload","surge_reload.glb","","20","","","50","100","100","","","hips_s#0+chest_s#5+L_clavicle_s#1+head_s#0+L_upperLeg_s#0+R_upperLeg_s#0"
"SurgePushback","surge_pushback.glb","","10","","","50","100","100","","","5"
"SurgeWin","surge_win.glb","","106","","","","","","","",""
"SurgeWinloop","surge_win.glb","107","180","","","","","","true","",""
"SurgeLose","surge_lose.glb","","142","","","","","","","",""
"SurgeLoseloop","surge_lose.glb","143","200","","","","","","true","",""
"BeaBugIdle","bea_bug_idle.glb","","-1","","","100","100","","true","",""
"BeaBugWalk","bea_bug_walk.glb","1","26","","","100","100","","true","","1"
"BeaBugAttack","bea_bug_attack.glb","","4","","","","","","","","hips_s#3+L_upperLeg_s#0+R_upperLeg_s#0"
"BeaBugRecoil","bea_bug_attack.glb","5","20","","","","","200","","","hips_s#4+L_upperLeg_s#0+R_upperLeg_s#0"
"BeaBugReload","bea_bug_reload.glb","","20","","","100","100","100","","","spine_lower_s#0+L_clavicle_s#2+R_clavicle_s#2"
"BeaBugPushback","bea_bug_pushback.glb","","-1","","","25","100","200","","",""
"BeaBugIntro","bea_intro_pose.glb","","","","","","","","","",""
"BeaBugWin","bea_bug_win.glb","1","110","","","","","","","","5"
"BeaBugWinloop","bea_bug_win.glb","110","137","","","","","","true","","1"
"BeaBugPortrait","bea_portrait.glb","","","","","","","","","",""
"BeeBugSmallIdle","bee_small_idle.glb","-1","-1","","","","","","true","",""
"BeeBugBigIdle","bee_big_idle.glb","-1","-1","","","","","","true","",""
"BeeBugSmallReload","bee_small_reload.glb","1","-1","","","","","200","","","5"
"BeeBugBigReload","bee_big_reload.glb","1","13","","","","","200","","","5"
"BeaBugLose","bea_bug_lose.glb","1","103","","","","","","","",""
"BeaBugLoseloop","bea_bug_lose.glb","103","134","","","","","","true","",""
"JackyDrillerIdle","jacky_driller_idle.glb","1","45","","","100","100","","true","",""
"JackyDrillerWalk","jacky_driller_walk.glb","1","-1","","","100","100","","true","","1"
"JackyDrillerAttack","jacky_driller_attack.glb","6","20","","","","","","true","","3"
"JackyDrillerRecoil","jacky_driller_attack.glb","6","20","","","","","100","","","4"
"JackyDrillerSuper","jacky_driller_super.glb","1","-1","","120","","","83","true","","3"
"JackyDrillerSuperRecoil","jacky_driller_super.glb","1","-1","","120","","","83","true","","4"
"JackyDrillerHappy","jacky_driller_win.glb","","126","","","","","100","","",""
"JackyDrillerHappyLoop","jacky_driller_win.glb","127","186","","","","","","true","",""
"JackyDrillerLose","jacky_driller_lose.glb","","131","","200","","","","","",""
"JackyDrillerLoseloop","jacky_driller_lose.glb","132","175","","","","","","true","",""
"JackyDrillerPortrait","jacky_portrait.glb","1","1","","","","","","","",""
"JAckyIntro","jacky_intro.glb","-1","-1","","","","","","","",""
"MaxTracksuitIdle","max_tracksuit_idle.glb","1","30","","","50","50","","true","",""
"MaxTracksuitWalk","max_tracksuit_walk.glb","1","20","","","50","50","","true","","1"
"MaxTracksuitPrimary","max_tracksuit_attack.glb","","4","","","","","","","","hips_s#3+L_upperLeg_s#0+R_upperLeg_s#0"
"MaxTracksuitRecoil","max_tracksuit_attack.glb","5","21","","","","","100","","","hips_s#4+L_upperLeg_s#0+R_upperLeg_s#0"
"MaxTracksuitWin","max_tracksuit_win.glb","","152","","","","","","","","5"
"MaxTracksuitWinloop","max_tracksuit_win.glb","153","181","","","","","","true","","1"
"MaxTracksuitLose","max_tracksuit_lose.glb","1","70","","","","","","","",""
"MaxTracksuitLoseloop","max_tracksuit_lose.glb","71","100","","","","","","true","",""
"MaxTracksuitPortrait","max_portrait.glb","","-1","","","","","","true","",""
"MaxTracksuitReload","max_tracksuit_reload.glb","3","20","","","100","100","100","","","spine_lower_s#0+L_clavicle_s#2+R_clavicle_s#2"
"MaxTracksuitPushback","max_tracksuit_pushback.glb","","10","","","50","100","50","","",""
"BrockRangerProfile","brock_ranger_portrait.glb","50","-1","","","","","","","",""
"SurgeProfile","surge_portrait.glb","","-1","","","","","","","",""
"SurgeKnightWalk","surge_knight_walk.glb","","-1","","75","100","100","","true","","1"
"SurgeKnightWalk_transform","surge_knight_walk_transform.glb","","-1","","75","100","100","","true","","1"
"TickMonsterIdle","tick_idle.glb","1","47","","","","","","true","",""
"TickMonsterWalk","tick_crab_walk.glb","1","21","","125","","","","true","","1"
"TickMonsterWin","tick_crab_win.glb","1","97","","","","","","","",""
"TickMonsterWinloop","tick_crab_win.glb","97","143","","","","","","true","",""
"TickMonsterProfile","tick_idle.glb","16","16","","","","","","","",""
"TickMonsterPrimary","tick_crab_attack.glb","1","20","","","","","25","","","hips_s#4+L_upperLeg_s#0+R_upperLeg_s#0"
"TickMonsterSecondary","tick_crab_ult.glb","1","20","","","","","25","","","hips_s#4+L_upperLeg_s#0+R_upperLeg_s#0"
"TickMonsterRecoil","tick_crab_attack.glb","1","20","","","","","100","","","hips_s#4+L_upperLeg_s#0+R_upperLeg_s#0"
"TickMonsterUltRecoil","tick_crab_ult.glb","1","20","","","","","300","","","hips_s#4+L_upperLeg_s#0+R_upperLeg_s#0"
"TickMonsterLose","tick_lose.glb","1","74","","","","","","","",""
"TickMonsterLoseloop","tick_lose.glb","74","-1","","","","","","true","",""
"BombheadMonsterIdle","bombhead_crab_idle.glb","1","12","","","","","","true","",""
"BrockRangerWin","brock_ranger_win.glb","","50","","","","500","500","","","5"
"BrockRangerWinloop","brock_ranger_win.glb","-1","-1","","","","","","","",""
"BossKaijuJump","kaiju_boss_jump.glb","","-1","","","","200","200","","",""
"SurgeKnightLose","surge_knight_lose.glb","","114","","","","","","","",""
"SurgeKnightLoseloop","surge_knight_lose.glb","115","193","","","","","","true","",""
"SurgeKnightWin","surge_knight_win_120.glb","","584","","","","","","","",""
"SurgeKnightWinloop","surge_knight_win.glb","146","185","","","","","","true","",""
"ColetteIdle","colette_idle.glb","1","29","-1","","100","100","","true","",""
"ColetteWalk","colette_walk.glb","1","-1","-1","","100","100","","true","","1"
"ColetteAttack","colette_attack.glb","1","4","-1","","","","","","","hips_s#3+L_upperLeg_s#0+R_upperLeg_s#0"
"ColetteRecoil","colette_attack.glb","3","20","-1","","","","100","","","hips_s#4+L_upperLeg_s#0+R_upperLeg_s#0"
"ColetteReload","","","","","","","","","","",""
"ColettePushback","","","","","","","","","","",""
"ColetteSuper","colette_super.glb","","-1","","","50","50","50","true","","5"
"ColetteSuperRecoil","","","","","","","","","","",""
"ColetteWin","colette_win.glb","1","175","","","","1000","1000","","",""
"ColetteWinloop","colette_idle.glb","","","","","","","","","",""
"ColetteLose","colette_lose.glb","1","86","","","","","","","",""
"ColetteLoseloop","colette_lose.glb","86","86","","","","","","true","",""
"ColettePortrait","colette_portrait.glb","1","1","","","","","","","",""
"SandyGiftshopIdle","sandy_sugar_addict_idle.glb","1","128","","","100","100","100","true","","5"
"SandyGiftshopWalk","sandy_sugar_addict_walk.glb","1","20","","","100","100","100","true","","1"
"SandyGiftshopAttack","sandy_sugar_addict_attack.glb","","1","","","","","100","","","hips_s#4+L_upperLeg_s#0+R_upperLeg_s#0"
"SandyGiftshopRecoil","sandy_sugar_addict_attack.glb","2","12","","","","","100","","","hips_s#4+L_upperLeg_s#0+R_upperLeg_s#0"
"SandyGiftshopReload","sandy_sugar_addict_idle.glb","","10","","","100","100","100","","","hips_s#0+L_upperLeg_s#0+R_upperLeg_s#0"
"SandyGiftshopWin","sandy_sugar_addict_win.glb","1","192","","","","","","","",""
"SandyGiftshopWinloop","sandy_sugar_addict_win.glb","193","320","","","","","","true","","1"
"SandyGiftshopLose","sandy_sugar_addict_win.glb","193","320","","","","","","","",""
"SandyGiftshopPushBack","sandy_pushback.glb","","10","","","100","100","100","","",""
"SandyGiftshopProfile","sandy_sugar_addict_win.glb","220","220","","","","","","true","","1"
"EmzGiftshopIdle","emz_giftshop_idle.glb","","-1","","","100","100","","true","",""
"EmzGiftshopWalk","emz_giftshop_walk.glb","","29","","","100","100","","true","","1"
"EmzGiftshopPrimary","emz_giftshop_attack.glb","2","6","","","","","","","","hips_s#5+L_upperLeg_s#0+R_upperLeg_s#0"
"EmzGiftshopRecoil","emz_giftshop_attack.glb","7","22","","","50","","100","","","hips_s#5+L_upperLeg_s#0+R_upperLeg_s#0"
"EmzGiftshopReload","emz_giftshop_reload.glb","","-1","","","","","100","","","hips_s#1+L_upperLeg_s#0+R_upperLeg_s#0+L_clavicle_s#4+L_shoulder_s#4+L_elbow_s#4+L_forearm_twist_s#4+L_wrist_s#4+R_clavicle_s#0+R_shoulder_s#0+R_elbow_s#0"
"EmzGiftshopPushback","emz_pushback.glb","","-1","","","100","100","100","","",""
"EmzGiftshopSecondary","emz_giftshop_idle.glb","","","","","","","","","",""
"EmzGiftshopSecondaryRecoil","emz_giftshop_idle.glb","","","","","","","","","",""
"EmzGiftshopWin","emz_giftshop_win.glb","","153","","","","","","","",""
"EmzGiftshopWinloop","emz_giftshop_win.glb","154","202","","","","","","true","",""
"EmzGiftshopLose","emz_giftshop_lose.glb","","209","","","","","","","",""
"EmzGiftshopLoseloop","emz_giftshop_lose.glb","210","259","","","","","","","",""
"EmzGiftshopProfile","emz_giftshop_win.glb","185","185","","","","","","","","1"
"ColetteTrixieIdle","colette_demon_idle.glb","1","29","-1","","100","100","","true","",""
"ColetteTrixieWalk","colette_demon_walk.glb","1","-1","-1","","100","100","","true","","1"
"ColetteTrixieAttack","colette_demon_attack.glb","1","4","-1","","","","","","","hips_s#3+L_upperLeg_s#0+R_upperLeg_s#0"
"ColetteTrixieRecoil","colette_demon_attack.glb","3","20","-1","","","","100","","","hips_s#4+L_upperLeg_s#0+R_upperLeg_s#0"
"ColetteTrixieReload","","","","","","","","","","",""
"ColetteTrixiePushback","","","","","","","","","","",""
"ColetteTrixieSuper","colette_demon_super.glb","","-1","","","50","50","50","true","","5"
"ColetteTrixieSuperRecoil","","","","","","","","","","",""
"ColetteTrixieWin","colette_demon_win.glb","","138","","","","","","","",""
"ColetteTrixieWinloop","colette_demon_win.glb","139","168","","","","","","true","",""
"ColetteTrixieLose","colette_demon_lose.glb","1","100","","","","","","","",""
"ColetteTrixieLoseloop","colette_demon_lose.glb","101","160","","","","","","true","",""
"ColetteTrixiePortrait","colette_demon_portrait.glb","130","130","","","","","","true","",""
"SproutMoonIdle","sprout_moon_idle.glb","","-1","","","100","100","","true","",""
"SproutMoonWalk","sprout_moon_walk.glb","1","29","","","100","100","","true","","1"
"SproutMoonPrimary","sprout_moon_attack.glb","","5","","","","","","","","body_s#3+L_wheel_s#0+R_wheel_s#0"
"SproutMoonRecoil","sprout_moon_attack.glb","5","30","","","","","100","","","body_s#4+L_wheel_s#0+R_wheel_s#0"
"SproutMoonReload","sprout_moon_reload.glb","","20","","","100","100","100","","","body_s#0+L_arm_01_s#4+L_wheel_s#0+R_wheel_s#0"
"SproutMoonPushback","sprout_pushback.glb","","10","","","50","100","100","","","5"
"SproutMoonWin","sprout_moon_win.glb","","101","","","","","","","",""
"SproutMoonWinloop","sprout_moon_win.glb","102","139","","","","","","true","",""
"SproutMoonLose","sprout_moon_lose.glb","","70","","","","","","","",""
"SproutMoonLoseloop","sprout_moon_lose.glb","71","96","","","","","","true","",""
"SproutMoonPortrait","sprout_moon_idle.glb","98","98","-1","","","","","true","",""
"PocoStarrPortrait","poco_starr_portrait.glb","-1","-1","-1","","","","","","",""
"AmberIdle","amber_idle.glb","1","-1","-1","","100","100","","true","",""
"AmberWalk","amber_walk.glb","1","22","-1","","100","100","","true","","1"
"AmberAttack","amber_attack.glb","5","10","-1","","","","","","","hips_s#3+L_upperLeg_s#0+R_upperLeg_s#0"
"AmberRecoil","amber_attack.glb","10","20","-1","","100","100","100","","","hips_s#4+L_upperLeg_s#0+R_upperLeg_s#0"
"AmberWin","amber_win.glb","","191","-1","","","","","","",""
"AmberWinloop","amber_win.glb","192","230","-1","","","","","true","",""
"ColtPlayerIdle","colt_player_idle.glb","","-1","","","100","100","","true","",""
"ColtPlayerWalk","colt_player_run.glb","","-1","","125","100","100","","true","","1"
"BoDemonIdle","bo_demonic_idle.glb","1","29","","","100","100","","true","",""
"BoDemonWalk","bo_demonic_walk.glb","1","20","","","100","100","","true","","1"
"BoDemonAttack","bo_demonic_attack.glb","1","12","","","50","50","350","","","hips_s#4+L_upperLeg_s#0+R_upperLeg_s#0"
"BoDemonSecondary","bo_ult.glb","1","12","","","50","50","350","","","hips_s#4+L_upperLeg_s#0+R_upperLeg_s#0"
"BoDemonRecoil","bo_demonic_attack.glb","13","30","","","50","50","350","","","hips_s#4+L_upperLeg_s#0+R_upperLeg_s#0"
"BoDemonRecoil2","bo_ult.glb","13","30","","","50","50","350","","","hips_s#4+L_upperLeg_s#0+R_upperLeg_s#0"
"BoDemonWin","bo_demonic_win.glb","","139","","","","","","","",""
"BoDemonWinloop","bo_demonic_win.glb","140","199","","","","","","true","",""
"BoDemonLose","bo_demonic_lose.glb","1","180","","","","","","","",""
"BoDemonLoseloop","bo_demonic_lose.glb","180","180","","","","","","true","",""
"BoDemonProfile","bo_demonic_idle.glb","1","1","","","","","","true","",""
"RosaBrawloweenIdle","rosa_brawloween_idle.glb","1","25","","","100","100","","true","",""
"RosaBrawloweenWalk","rosa_brawloween_walk.glb","1","24","","","100","100","","true","","1"
"RosaBrawloweenAttack","rosa_brawloween_attack.glb","1","11","","","100","100","50","","","hips_s#3+L_upperLeg_s#0+R_upperLeg_s#0"
"RosaBrawloweenAttackRecoil","rosa_brawloween_attack.glb","12","19","","","1","100","100","","","hips_s#4+L_upperLeg_s#0+R_upperLeg_s#0"
"RosaBrawloweenAttackRecoil2","rosa_brawloween_attack.glb","20","28","","","1","100","100","","","hips_s#5+L_upperLeg_s#0+R_upperLeg_s#0"
"RosaBrawloweenUltRecoil","rosa_ult.glb","","-1","","","1","100","200","","","hips_s#4+L_upperLeg_s#0+R_upperLeg_s#0"
"RosaBrawloweenUltRecoil2","rosa_detransform.glb","","-1","","","1","100","200","","","hips_s#4+L_upperLeg_s#0+R_upperLeg_s#0"
"RosaBrawloweenWin","rosa_brawloween_win.glb","1","130","","","100","200","100","","",""
"RosaBrawloweenWinloop","rosa_brawloween_win.glb","131","159","","","500","100","100","true","",""
"RosaBrawloweenLose","rosa_lose.glb","1","49","","","100","100","200","","",""
"RosaBrawloweenLoseloop","rosa_lose.glb","50","79","","","1","100","200","true","",""
"RosaBrawloweenIdle_transform","rosa_brawloween_idle_transform.glb","1","25","","","100","100","","true","",""
"RosaBrawloweenWalk_transform","rosa_brawloween_walk_transform.glb","1","24","","","100","100","","true","","1"
"RosaBrawloweenAttack_transform","rosa_brawloween_attack_transform.glb","1","11","","","100","100","50","","","hips_s#4+L_upperLeg_s#0+R_upperLeg_s#0"
"RosaBrawloweenAttackRecoil_transform","rosa_brawloween_attack_transform.glb","12","19","","","1","100","100","","","hips_s#4+L_upperLeg_s#0+R_upperLeg_s#0"
"RosaBrawloweenAttackRecoil2_transform","rosa_brawloween_attack_transform.glb","20","28","","","1","100","100","","","hips_s#4+L_upperLeg_s#0+R_upperLeg_s#0"
"RosaBrawloweenProfile","rosa_brawloween_idle.glb","1","1","","","","","","true","",""
"AmberLose","amber_lose.glb","","74","-1","","","","","","",""
"AmberLoseloop","amber_lose.glb","75","-1","-1","","","","","true","",""
"ColtPlayerWin","colt_player_win.glb","","110","-1","","","","","","",""
"ColtPlayerWinloop","colt_player_win.glb","111","200","-1","","","","","true","",""
"ColtPlayerlose","colt_player_lose.glb","","120","-1","","","","","","",""
"ColtPlayerLoseloop","colt_player_lose.glb","121","220","-1","","","","","true","",""
"AmberPushback","amber_pushback.glb","","-1","-1","","","","","","",""
"AmberPortrait","amber_portrait.glb","","-1","","","","","","","",""
"SniperLineIdle","piper_line_friends_idle.glb","1","41","","","100","100","","true","",""
"SniperLineWalk","piper_line_friends_walk.glb","1","20","","","100","100","","true","","1"
"SniperLineAttack","piper_line_friends_attack.glb","1","12","","","","","","","","hips_s#3+L_upperLeg_s#0+R_upperLeg_s#0+R_dress_01_s#0+L_dress_01_s#0+F_dress_01_s#0+B_dress_01_s#0"
"SniperLineSecondary","piper_line_friends_super.glb","","-1","","","50","50","50","","","5"
"SniperLineRecoil","piper_line_friends_attack.glb","1","25","","","","","200","","","hips_s#4+L_upperLeg_s#0+R_upperLeg_s#0+R_dress_01_s#0+L_dress_01_s#0+F_dress_01_s#0+B_dress_01_s#0"
"SniperLineReload","piper_line_friends_idle.glb","","10","","","100","100","500","","","hips_s#5+L_upperLeg_s#0+R_upperLeg_s#0+R_dress_01_s#0+L_dress_01_s#0+F_dress_01_s#0+B_dress_01_s#0"
"SniperLinePushback","piper_pushback.glb","1","10","","","50","50","100","","","5"
"SniperLineWin","piper_line_friends_win.glb","1","159","","","","","","","","5"
"SniperLineWinloop","piper_line_friends_win.glb","160","201","","","","","","true","","1"
"SniperLineLose","piper_line_friends_lose.glb","1","138","","","","","","","","5"
"SniperLineLoseloop","piper_line_friends_lose.glb","139","168","","","","","","true","","1"
"SniperLineProfile","piper_line_friends_portrait.glb","","","","","","","","true","","5"
"SniperLineGadgetPistolAttack","piper_gadget_pistol_attack.glb","1","13","","","","","","","","hips_s#4+L_upperLeg_s#0+R_upperLeg_s#0+R_dress_01_s#0+L_dress_01_s#0+F_dress_01_s#0+B_dress_01_s#0"
"SniperLineGadgetPistolRecoil","piper_gadget_pistol_attack.glb","13","25","","","","","200","","","hips_s#5+L_upperLeg_s#0+R_upperLeg_s#0+R_dress_01_s#0+L_dress_01_s#0+F_dress_01_s#0+B_dress_01_s#0"
"MaxLineIdle","max_cony_idle.glb","1","30","","","50","50","","true","",""
"MaxLineWalk","max_cony_walk.glb","1","20","","","50","50","","true","","1"
"MaxLinePrimary","max_cony_attack.glb","","4","","","","","","","","hips_s#3+L_upperLeg_s#0+R_upperLeg_s#0"
"MaxLineRecoil","max_cony_attack.glb","5","21","","","","","100","","","hips_s#4+L_upperLeg_s#0+R_upperLeg_s#0"
"MaxLineSecondary","max_cony_super.glb","","","","","","","","","","hips_s#3+L_upperLeg_s#0+R_upperLeg_s#0"
"MaxLineSecondaryRecoil","max_cony_super.glb","","-1","","","50","50","50","","","hips_s#4+L_upperLeg_s#0+R_upperLeg_s#0"
"MaxLineWin","max_cony_win.glb","","178","","","","","","","","5"
"MaxLineWinloop","max_cony_win.glb","179","218","","","","","","true","","1"
"MaxLineLose","max_cony_lose.glb","1","104","","","","","","","",""
"MaxLineLoseloop","max_cony_lose.glb","105","112","","","","","","true","",""
"MaxLinePortrait","max_cony_portrait.glb","","-1","","","","","","true","",""
"MaxLineReload","max_cony_reload.glb","3","20","","","100","100","100","","","spine_lower_s#0+L_clavicle_s#2+R_clavicle_s#2"
"MaxLinePushback","max_pushback.glb","","10","","","50","100","50","","",""
"NaniLineIdle","nani_line_friends_idle.glb","1","45","","","100","100","","true","",""
"NaniLineWalk","nani_line_friends_walk.glb","1","27","","","100","100","","true","","1"
"NaniLineAttack","nani_line_friends_attack.glb","","5","","","","","","","","hips_s#3+L_upperLeg_s#0+R_upperLeg_s#0"
"NaniLineRecoil","nani_line_friends_attack.glb","","23","","","","","200","","","hips_s#4+L_upperLeg_s#0+R_upperLeg_s#0"
"NaniLineReload","nani_line_friends_idle.glb","","10","","","200","200","100","","",""
"NaniLineWin","nani_line_friends_win.glb","","114","","","","","","","","1"
"NaniLineWinloop","nani_line_friends_win.glb","115","-1","","","","","","true","","1"
"NaniLineSecondary","nani_line_friends_superloop.glb","","-1","","","100","100","","true","","hips_s#3+L_upperLeg_s#0+R_upperLeg_s#0"
"NaniLinePushback","nani_pushback.glb","","-1","","","50","","100","","","5"
"NaniLineLose","nani_line_friends_lose.glb","","-1","","","","","","","","1"
"NaniLineLoseloop","nani_line_friends_lose.glb","117","117","","","","","","true","","1"
"NaniLinePortrait","nani_line_friends_portrait.glb","","-1","","","","","","","",""
"PeepLineIdle","peep_line_friends_idle.glb","1","226","","","","","50","true","",""
"PeepLineWalk","peep_line_friends_idle.glb","1","226","","","","","50","true","","1"
"LouIdle","lou_idle.glb","","-1","","","100","100","","true","",""
"LouWalk","lou_walk.glb","1","22","","","100","100","","true","","1"
"LouAttack","lou_attack.glb","1","5","-1","","","","","","","hips_s#3+L_upperLeg_s#0+R_upperLeg_s#0"
"LouRecoil","lou_attack.glb","6","20","-1","","","","100","","","hips_s#4+L_upperLeg_s#0+R_upperLeg_s#0"
"LouSuper","lou_attack.glb","1","20","-1","","","","","","","hips_s#3+L_upperLeg_s#0+R_upperLeg_s#0"
"LouReload","lou_idle.glb","-1","-1","-1","","","","","","",""
"LouWin","lou_win.glb","1","101","","","","","","","",""
"LouWinloop","lou_win.glb","102","140","","","","","","true","",""
"LouLose","lou_lose.glb","1","80","","","","","","","",""
"LouLoseloop","lou_lose.glb","80","80","","","","","","true","",""
"LouPortrait","lou_portrait.glb","","","","","","","","","",""
"DynamikeGroomIdle","dynamike_groom_idle.glb","","27","","","100","100","","true","","0"
"DynamikeGroomWalk","dynamike_groom_walk.glb","1","29","","150","100","100","","true","","1"
"DynamikeGroomPrimary","dynamike_groom_attack.glb","1","5","","","","","10","","","hips_s#3+L_upperLeg_s#0+R_upperLeg_s#0"
"DynamikeGroomSecondary","dynamike_groom_super.glb","1","5","","","","","10","","","hips_s#3+L_upperLeg_s#0+R_upperLeg_s#0"
"DynamikeGroomRecoil","dynamike_groom_attack.glb","5","20","","","","","100","","","hips_s#4+L_upperLeg_s#0+R_upperLeg_s#0"
"DynamikeGroomReload","dynamike_groom_walk.glb","1","5","","150","66","66","6","","","spine_lower_s#0"
"DynamikeGroomUlti","dynamike_groom_super.glb","5","20","","","","","100","","","hips_s#4+L_upperLeg_s#0+R_upperLeg_s#0"
"DynamikeGroomPushback","dynamike_groom_pushback.glb","","-1","","","100","100","100","","","5"
"DynamikeGroomWin","dynamike_groom_win.glb","1","62","","","","","","","",""
"DynamikeGroomWinloop","dynamike_groom_win.glb","62","89","","80","","","","true","",""
"DynamikeGroomLose","dynamike_groom_lose.glb","","41","","","","","","","",""
"DynamikeGroomLoseloop","dynamike_groom_lose.glb","41","50","","","","","","true","",""
"DynamikeGroomProfile","dynamike_groom_portrait.glb","20","20","","","","","","true","",""
"LouKingLose","lou_king_lose.glb","1","120","","","","","","","",""
"LouKingLoseloop","lou_king_lose.glb","120","120","","","","","","true","",""
"LouKingPortrait","lou_king_portrait.glb","","-1","-1","","","","","","",""
"LouKingWin","lou_king_win.glb","","223","-1","","","","","","",""
"LouKingWinloop","lou_king_win.glb","224","272","-1","","","","","true","",""
"GaleNutcrackerIdle","gale_nutcracker_idle.glb","1","59","","","200","200","","true","",""
"GaleNutcrackerWalk","gale_nutcracker_walk.glb","1","22","","","200","200","","true","","1"
"GaleNutcrackerPrimary","gale_nutcracker_attack.glb","1","5","","","","","","","","hips_s#3+L_upperLeg_s#0+R_upperLeg_s#0"
"GaleNutcrackerRecoil","gale_nutcracker_attack.glb","5","20","","","","","50","","","hips_s#4+L_upperLeg_s#0+R_upperLeg_s#0"
"GaleNutcrackerPushback","gale_pushback.glb","1","10","","","20","100","100","","","5"
"GaleNutcrackerWin","gale_nutcracker_win.glb","1","81","","","","","","","","5"
"GaleNutcrackerWinloop","gale_nutcracker_win.glb","82","150","","","","","","true","","1"
"GaleNutcrackerLose","gale_nutcracker_lose.glb","1","94","","","","","","","",""
"GaleNutcrackerLoseloop","gale_nutcracker_lose.glb","95","235","","","","","","true","",""
"BrockReduxIdle","brock_renamed_redux_idle.glb","","-1","","135","74","74","","true","",""
"BrockReduxWalk","brock_renamed_redux_run.glb","","-1","","150","100","100","","true","","1"
"BrockReduxPrimary","brock_renamed_redux_attack.glb","","-1","","","1","300","300","","","hips_s#3+L_upperLeg_s#0+R_upperLeg_s#0"
"BrockReduxSecondary","brock_renamed_redux_attack.glb","","-1","","","1","","","","","hips_s#4+L_upperLeg_s#0+R_upperLeg_s#0"
"BrockReduxRecoil","brock_renamed_redux_attack.glb","","-1","","","1","100","100","","","hips_s#3+L_upperLeg_s#0+R_upperLeg_s#0"
"BrockReduxRecoil2","brock_renamed_redux_attack.glb","","-1","","","1","100","100","","","hips_s#4+L_upperLeg_s#0+R_upperLeg_s#0"
"BrockReduxPushback","brock_pushback1.glb","","-1","","","100","100","100","","","5"
"BrockReduxWin","brock_redux_win_intro.glb","","50","","","","500","500","","","5"
"BrockReduxWinloop","brock_redux_win_loop.glb","","59","","","500","","500","true","","5"
"BrockReduxLose","brock_renamed_redux_lose.glb","1","70","","","","","","","","5"
"BrockReduxLoseloop","brock_renamed_redux_lose.glb","70","110","","","","","","true","","5"
"BrockReduxHero","brock_redux_win_intro.glb","","35","","","","200","200","","","5"
"BrockReduxProfile","brock_renamed_redux_idle.glb","1","1","","","","","","","","5"
"FrankXmasIdle","frank_xmas_idle.glb","","-1","","","500","500","","true","",""
"FrankXmasWalk","frank_xmas_walk.glb","1","29","","120","300","300","","true","","5"
"FrankXmasPrimary","frank_xmas_attack.glb","1","45","","","","","100","","","5"
"FrankXmasSecondary","frank_xmas_super.glb","1","50","","","100","100","","true","","5"
"FrankXmasRecoil","frank_xmas_attack.glb","22","35","","","","","200","","","5"
"FrankXmasPushback","frank_xmas_pushback.glb","","-1","","","120","120","400","","","5"
"FrankXmasRecoil2","frank_ulti.glb","36","50","","","1","1","100","","","5"
"FrankXmasWin","frank_xmas_win.glb","1","130","","","","","","","","5"
"FrankXmasWinloop","frank_xmas_win.glb","131","196","","","","","","true","","1"
"FrankXmasLose","frank_xmas_lose.glb","1","131","","","","","","","","5"
"FrankXmasLoseloop","frank_xmas_lose.glb","132","243","","","","","","true","","1"
"FrankXmasProfile","frank_idle.glb","44","44","","","","","","true","",""
"FrankXmasIntro","frank_intro_pose.glb","","","","","","","","","",""
"TickSnowmanIdle","tick_snowman_idle.glb","1","47","","","","","","true","",""
"TickSnowmanWalk","tick_snowman_walk.glb","1","21","","125","","","","true","","1"
"TickSnowmanWin","tick_snowman_win.glb","1","97","","","","","","","",""
"TickSnowmanWinloop","tick_snowman_win.glb","97","143","","","","","","true","",""
"TickSnowmanProfile","tick_snowman_idle.glb","16","16","","","","","","","",""
"TickSnowmanPrimary","tick_snowman_attack.glb","1","20","","","","","25","","","hips_s#3+L_upperLeg_s#0+R_upperLeg_s#0"
"TickSnowmanSecondary","tick_snowman_ult.glb","1","20","","","","","25","","","hips_s#3+L_upperLeg_s#0+R_upperLeg_s#0"
"TickSnowmanRecoil","tick_snowman_attack.glb","1","20","","","","","100","","","hips_s#4+L_upperLeg_s#0+R_upperLeg_s#0"
"TickSnowmanUltRecoil","tick_snowman_ult.glb","1","20","","","","","300","","","hips_s#4+L_upperLeg_s#0+R_upperLeg_s#0"
"TickSnowmanLose","tick_snowman_lose.glb","1","74","","","","","","","",""
"TickSnowmanLoseloop","tick_snowman_lose.glb","75","-1","","","","","","true","",""
"BombheadSnowmanIdle","bombhead_snowman_idle.glb","1","12","","","","","","true","",""
"ByronIdle","byron_idle.glb","1","59","-1","","120","120","","true","",""
"ByronWalk","byron_walk.glb","1","-1","-1","","100","100","","true","","1"
"ByronAttack","byron_attack.glb","1","5","-1","","","","","","","hips_s#3+L_upperLeg_s#0+R_upperLeg_s#0"
"ByronSuper","byron_super.glb","1","5","-1","","","","","","","hips_s#3+L_upperLeg_s#0+R_upperLeg_s#0"
"ByronRecoil","byron_attack.glb","5","30","-1","","","","120","","","hips_s#4+L_upperLeg_s#0+R_upperLeg_s#0"
"ByronSuperRecoil","byron_super.glb","5","30","-1","","","","120","","","hips_s#4+L_upperLeg_s#0+R_upperLeg_s#0"
"ByronPushback","byron_pushback.glb","","-1","-1","","","","","","","5"
"EdgarIdle","edgar_idle.glb","1","44","-1","","100","100","","true","","R_scarf_01_s#1+L_scarf_01_s#1"
"EdgarWalk","edgar_walk.glb","1","22","-1","","100","100","","true","","1"
"EdgarAttack","edgar_attack.glb","1","5","-1","","","","","","","hips_s#3+L_upperLeg_s#0+R_upperLeg_s#0"
"EdgarRecoil","edgar_attack.glb","6","30","-1","","","200","200","","","hips_s#4+L_upperLeg_s#0+R_upperLeg_s#0"
"EdgarSuper","edgar_super.glb","5","50","-1","","","250","250","","","3"
"EdgarPushback","edgar_pushback.glb","","-1","-1","","50","100","100","","","5"
"EdgarWin","edgar_win.glb","","130","-1","","","","","","",""
"EdgarWinloop","edgar_win.glb","131","174","-1","","","","","true","",""
"ByronWin","byron_win.glb","1","92","","","","","","","",""
"ByronWinloop","byron_win.glb","93","-1","","","","","","true","",""
"ByronLose","byron_lose.glb","1","98","","","","","","","",""
"ByronLoseloop","byron_lose.glb","99","198","","","","","","true","",""
"ByronProfile","byron_win.glb","192","192","-1","","","","","","",""
"EdgarProfile","edgar_win.glb","","","-1","","","","","true","",""
"EdgarLose","edgar_lose.glb","","26","-1","","","","","","",""
"EdgarLoseloop","edgar_lose.glb","27","48","-1","","","","","true","",""
"BoWarriorIdle","bo_warrior_idle.glb","1","29","","","100","100","","true","",""
"BoWarriorWalk","bo_warrior_walk.glb","1","20","","","100","100","","true","","1"
"BoWarriorWin","bo_warrior_win.glb","-1","79","","","100","100","500","","",""
"BoWarriorWinloop","bo_warrior_win.glb","80","120","","","100","100","200","true","",""
"RuffsIdle","ruffs_idle.glb","1","29","-1","","100","100","","true","",""
"RuffsWalk","ruffs_walk.glb","1","22","-1","","100","100","","true","","1"
"RuffsAttack","ruffs_attack.glb","1","5","-1","","","","","","","hips_s#3+L_upperLeg_s#0+R_upperLeg_s#0"
"RuffsRecoil","ruffs_attack.glb","1","30","-1","","","","120","","","hips_s#4+L_upperLeg_s#0+R_upperLeg_s#0"
"RuffsSuper","ruffs_super.glb","1","5","-1","","","","","","","hips_s#3+L_upperLeg_s#0+R_upperLeg_s#0"
"RuffsSuperRecoil","ruffs_super.glb","5","20","-1","","","","120","","","hips_s#4+L_upperLeg_s#0+R_upperLeg_s#0"
"RuffsPushback","ruffs_pushback.glb","","-1","-1","","50","100","100","","","5"
"DarrylDroidIdle","droid_darryl_idle.glb","1","-1","","","100","100","100","true","",""
"DarrylDroidWalk","droid_darryl_run.glb","1","20","","","100","100","","true","","1"
"DarrylDroidPrimary","droid_darryl_attack.glb","","10","","","100","100","100","","","hips_s#3+L_upperLeg_s#0+R_upperLeg_s#0"
"DarrylDroidSecondary","droid_darryl_super.glb","","29","","","1","1","1","true","","5"
"DarrylDroidRecoil","droid_darryl_recoil_01.glb","1","10","","","","100","100","","","hips_s#4+L_upperLeg_s#0+R_upperLeg_s#0"
"DarrylDroidRecoil2","droid_darryl_recoil_02.glb","1","10","","","","100","100","","","hips_s#4+L_upperLeg_s#0+R_upperLeg_s#0"
"DarrylDroidReload","droid_darryl_idle.glb","","10","","","800","800","800","","","hips_s#3+L_upperLeg_s#0+R_upperLeg_s#0"
"DarrylDroidPushback","droid_darryl_pushback.glb","1","10","","","50","100","200","","","5"
"DarrylDroidWin","droid_darryl_win.glb","","-1","","","","","200","","",""
"DarrylDroidWinloop","droid_darryl_winloop.glb","1","29","","","","","","true","",""
"DarrylDroidLose","droid_darryl_lose.glb","","-1","","","","","200","","",""
"DarrylDroidLoseloop","droid_darryl_lose.glb","45","45","","","","","","true","",""
"DarrylDroidHide","droid_darryl_win.glb","","1","","","200","200","100","true","",""
"DarrylDroidProfile","droid_darryl_win.glb","44","44","","","","","","true","",""
"SpikeLordIdle","spike_lord_idle.glb","","30","","","100","100","","true","",""
"SpikeLordWalk","spike_lord_walk.glb","","-1","","","100","100","","true","","1"
"SpikeLordPrimary","spike_lord_attack.glb","8","20","","","","","100","","","hips_s#4+L_upperLeg_s#0+R_upperLeg_s#0"
"SpikeLordSecondary","spike_lord_attack.glb","5","20","","","","","100","","","hips_s#4+L_upperLeg_s#0+R_upperLeg_s#0"
"SpikeLordRecoil","spike_lord_attack.glb","8","20","","","","","100","","","hips_s#4+L_upperLeg_s#0+R_upperLeg_s#0"
"SpikeLordRecoil2","spike_lord_attack.glb","5","20","","","","","100","","","hips_s#4+L_upperLeg_s#0+R_upperLeg_s#0"
"SpikeLordReload","spike_lord_idle.glb","1","2","","","200","200","200","","","5"
"SpikeLordWin","spike_lord_win.glb","1","108","","","","","","","","5"
"SpikeLordWinloop","spike_lord_win.glb","109","145","","","","","","true","","1"
"SpikeLordLose","spike_lord_lose.glb","1","40","","","","","","","","5"
"SpikeLordLoseloop","spike_lord_lose.glb","41","-1","","","","","","true","","1"
"SpikeLordProfile","spike_lord_portrait.glb","","","","","","","","","","5"
"BullDudeLaserIdle","bull_ox_idle.glb","","29","","","150","150","","true","",""
"BullDudeLaserWalk","bull_ox_walk.glb","","21","","","100","100","","true","","1"
"BullDudeLaserPrimary","bull_ox_attack.glb","1","3","","","","","","","","hips_s#3+L_upperLeg_s#0+R_upperLeg_s#0"
"BullDudeLaserSecondary","bull_ox_super.glb","","21","","150","66","66","133","true","","5"
"BullDudeLaserRecoil","bull_ox_attack.glb","4","20","","","50","","100","","","hips_s#4+L_upperLeg_s#0+R_upperLeg_s#0"
"BullDudeLaserReload","bull_ox_idle.glb","1","10","","200","250","250","250","","","ChestBone#2"
"BullDudeLaserPushback","bull_rock_pushback.glb","","-1","","","100","100","100","","","5"
"BullDudeLaserWin","bull_ox_win.glb","","88","","","","","","","","5"
"BullDudeLaserWinloop","bull_ox_win.glb","89","148","","","","","","true","","5"
"BullDudeLaserLose","bull_ox_lose.glb","","94","","","","","","","","5"
"BullDudeLaserLoseloop","bull_ox_lose.glb","95","174","","","","","","true","","5"
"BullDudeLaserProfile","bull_ox_portrait.glb","10","10","","","","","","","","5"
"PercenterCrewIdle","colette_crew_idle.glb","1","29","-1","","100","100","","true","",""
"PercenterCrewWalk","colette_crew_walk.glb","1","-1","-1","","100","100","","true","","1"
"PercenterCrewAttack","colette_crew_attack.glb","1","4","-1","","","","","","","hips_s#3+L_upperLeg_s#0+R_upperLeg_s#0"
"PercenterCrewSuper","colette_crew_super.glb","","-1","","","50","50","50","true","","5"
"PercenterCrewRecoil","colette_crew_attack.glb","3","20","-1","","","","100","","","hips_s#4+L_upperLeg_s#0+R_upperLeg_s#0"
"PercenterCrewWin","colette_crew_win.glb","1","175","","","","1000","1000","","",""
"PercenterCrewLose","colette_crew_lose.glb","1","86","","","","","","","",""
"PercenterCrewLoseloop","colette_crew_lose.glb","86","86","","","","","","true","",""
"PercenterCrewPortrait","colette_crew_idle.glb","1","1","","","","","","","",""
"RuffsWin","ruffs_win.glb","1","98","-1","","","","","","",""
"RuffsWinloop","ruffs_win.glb","99","-1","-1","","","","","true","",""
"RuffsLose","ruffs_lose.glb","","68","-1","","","","","","",""
"RuffsLoseloop","ruffs_lose.glb","69","-1","-1","","","","","true","",""
"LouCroonerWin","lou_crooner_win.glb","1","101","-1","","","","","","",""
"LouCroonerWinloop","lou_crooner_win.glb","102","-1","-1","","","","","true","",""
"RuffsRoninIdle","ruffs_ronin_idle.glb","1","29","-1","","100","100","","true","",""
"RuffsRoninWalk","ruffs_ronin_walk.glb","1","22","-1","","100","100","","true","","1"
"RuffsRoninAttack","ruffs_ronin_attack.glb","1","5","-1","","","","","","","hips_s#3+L_upperLeg_s#0+R_upperLeg_s#0"
"RuffsRoninSuper","ruffs_super.glb","1","5","-1","","","","","","","hips_s#3+L_upperLeg_s#0+R_upperLeg_s#0"
"RuffsRoninRecoil","ruffs_attack.glb","1","30","-1","","","","120","","","hips_s#4+L_upperLeg_s#0+R_upperLeg_s#0"
"RuffsRoninSuperRecoil","ruffs_super.glb","5","20","-1","","","","120","","","hips_s#4+L_upperLeg_s#0+R_upperLeg_s#0"
"RuffsRoninPushback","ruffs_pushback.glb","","-1","-1","","50","100","100","","","5"
"RuffsRoninWin","ruffs_ronin_win.glb","1","80","-1","","","","","","",""
"RuffsRoninWinloop","ruffs_ronin_win.glb","81","118","-1","","","","","true","",""
"RuffsRoninLose","ruffs_ronin_lose.glb","","152","-1","","","","","","",""
"RuffsRoninLoseloop","ruffs_ronin_lose.glb","153","184","-1","","","","","true","",""
"RuffsPortrait","ruffs_idle.glb","","","-1","","","","","","",""
"RuffsRoninPortrait","ruffs_ronin_idle.glb","","","-1","","","","","","",""
"LouCroonerPortrait","lou_crooner_portrait.glb","10","-1","-1","","","","","","",""
"LouCroonerLose","lou_crooner_lose.glb","","-1","-1","","","","","","",""
"LouCroonerLoseloop","lou_crooner_lose.glb","105","-1","-1","","","","","true","",""
"StuIdle","stu_idle.glb","1","29","-1","","100","100","","true","",""
"StuWalk","stu_walk.glb","1","29","-1","","100","100","","true","","1"
"StuAttack","stu_attack.glb","3","22","-1","","25","","50","","","3"
"StuRecoil","stu_attack.glb","3","22","-1","","","","200","","","4"
"BibiVigilanteIdle","bibi_vigilante_idle.glb","1","29","","","100","100","","true","",""
"BibiVigilanteWalk","bibi_vigilante_run.glb","1","29","","","120","200","","true","","1"
"BibiVigilantePrimary","bibi_vigilante_attack.glb","1","51","","","100","100","100","","","hips_s#4+L_upperLeg_s#0+R_upperLeg_s#0"
"BibiVigilanteSecondary","bibi_vigilante_attack.glb","1","51","","","100","100","100","","","hips_s#4+L_upperLeg_s#0+R_upperLeg_s#0"
"BibiVigilanteRecoil","bibi_vigilante_attack.glb","22","51","","","1","100","100","","","hips_s#4+L_upperLeg_s#0+R_upperLeg_s#0"
"BibiVigilanteRecoil2","bibi_vigilante_attack.glb","17","51","","","100","100","100","","","hips_s#4+L_upperLeg_s#0+R_upperLeg_s#0"
"BibiVigilantePushback","bibi_vigilante_pushback.glb","-1","-1","","","100","100","100","","","5"
"BibiVigilanteWin","bibi_vigilante_win.glb","1","163","","","100","","","","","5"
"BibiVigilanteWinloop","bibi_vigilante_win.glb","164","262","","","","","","true","","1"
"BibiVigilanteLose","bibi_vigilante_lose.glb","1","29","","","","","","","","5"
"BibiVigilanteLoseloop","bibi_vigilante_lose.glb","30","89","","","","","","true","","1"
"BibiVigilanteProfile","bibi_vigilante_win.glb","108","108","","","","","","","","5"
"PennySmugglerSpawn","penny_smuggler_turret_spawn.glb","","-1","","","","","1","","","3"
"PennySmugglerIdle","penny_smuggler_turret_idle.glb","","-1","","","100","100","","true","",""
"PennySmugglerAttack","penny_smuggler_turret_attack.glb","","-1","","","","","1","","","4"
"PennySmugglerIdleMenu","penny_smuggler_turret_idle.glb","","-1","-1","","","","","true","",""
"StuPushback","stu_pushback.glb","","10","-1","","25","200","100","","",""
"StuWin","stu_win.glb","1","106","-1","","","","","","",""
"StuWinloop","stu_win.glb","107","137","-1","","","","","true","",""
"StuLose","stu_lose.glb","","-1","-1","","","","","","",""
"StuLoseloop","stu_lose.glb","178","-1","-1","","","","","","",""
"PennySmugglerPortrait","penny_portrait.glb","1","1","-1","","","","","true","",""
"StuPortrait","stu_portrait.glb","1","1","-1","","","","","","",""
"SpeedBoosterDefaultIdle","stu_tire_geo.glb","1","1","-1","","","","","true","",""
"PennySmugglerWin","penny_smuggler_win.glb","1","61","-1","","","","","","",""
"PennySmugglerWinloop","penny_smuggler_win.glb","62","90","-1","","","","","true","",""
"StuLoseEnter","stu_lose.glb","","","-1","","","","","","",""
"AmberMaskedWin","amber_masked_win.glb","","94","-1","","","","","","",""
"AmberMaskedWinloop","amber_masked_win.glb","95","134","-1","","","","","true","",""
"FireDudeMaskedIdle","amber_masked_idle.glb","1","-1","-1","","100","100","","true","",""
"FireDudeMaskedWalk","amber_masked_walk.glb","1","24","-1","","100","100","","true","","1"
"FireDudeMaskedAttack","amber_masked_attack.glb","5","10","-1","","","","","","","hips_s#3+L_upperLeg_s#0+R_upperLeg_s#0"
"FireDudeMaskedRecoil","amber_masked_attack.glb","10","20","-1","","100","100","100","","","hips_s#4+L_upperLeg_s#0+R_upperLeg_s#0"
"FireDudeMaskedPushback","amber_masked_pushback.glb","","-1","-1","","","","","","",""
"FireDudeMaskedWin","amber_win.glb","","191","-1","","","","","","",""
"FireDudeMaskedWinloop","amber_win.glb","192","230","-1","","","","","true","",""
"FireDudeMaskedLose","amber_masked_lose.glb","","155","-1","","","","","","",""
"FireDudeMaskedLoseloop","amber_masked_lose.glb","156","199","-1","","","","","true","",""
"FireDudeMaskedPortrait","amber_masked_portrait.glb","","","","","","","","","",""
"EnragerDuelIdle","edgar_duelist_idle.glb","1","44","-1","","100","100","","true","","R_scarf_01_s#1+L_scarf_01_s#1"
"EnragerDuelWalk","edgar_duelist_walk.glb","1","22","-1","","100","100","","true","","1"
"EnragerDuelAttack","edgar_duelist_attack.glb","1","5","-1","","","","","","","hips_s#3+L_upperLeg_s#0+R_upperLeg_s#0"
"EnragerDuelSuper","edgar_duelist_super.glb","5","50","-1","","","250","250","","","3"
"EnragerDuelRecoil","edgar_duelist_attack.glb","6","30","-1","","","200","200","","","hips_s#4+L_upperLeg_s#0+R_upperLeg_s#0"
"EnragerDuelPushback","edgar_duelist_pushback.glb","","-1","-1","","50","100","100","","","5"
"EnragerDuelWin","edgar_duelist_win.glb","","132","-1","","","","","","",""
"EnragerDuelWinloop","edgar_duelist_win.glb","133","168","-1","","","","","true","",""
"EnragerDuelLose","edgar_duelist_lose.glb","","121","-1","","","","","","",""
"EnragerDuelLoseloop","edgar_duelist_lose.glb","122","207","-1","","","","","true","",""
"EnragerDuelProfile","edgar_duelist_portrait.glb","","","-1","","","","","true","",""
"BlackHoleMisfortuneIdle","tara_misfortune_idle.glb","1","-1","","","200","","","true","","5"
"BlackHoleMisfortuneWalk","tara_misfortune_walk.glb","1","20","","80","200","","200","true","","1"
"BlackHoleMisfortunePrimary","tara_misfortune_attack.glb","1","4","","","","","200","","","hips_s#3+L_upperLeg_s#0+R_upperLeg_s#0"
"BlackHoleMisfortuneSecondary","tara_misfortune_super.glb","1","4","","","","","200","","","hips_s#3+L_upperLeg_s#0+R_upperLeg_s#0"
"BlackHoleMisfortuneRecoil","tara_misfortune_attack.glb","4","20","","","","","200","","","hips_s#4+L_upperLeg_s#0+R_upperLeg_s#0"
"BlackHoleMisfortuneSecondaryRecoil","tara_misfortune_super.glb","4","22","","","","","200","","","hips_s#4+L_upperLeg_s#0+R_upperLeg_s#0"
"BlackHoleMisfortuneReload","tara_misfortune_idle.glb","1","12","","","","","50","","",""
"BlackHoleMisfortuneWin","tara_misfortune_win.glb","1","79","","","","","","","","5"
"BlackHoleMisfortuneWinloop","tara_misfortune_win.glb","80","200","","","","","","true","","1"
"BlackHoleMisfortuneLose","tara_misfortune_lose.glb","1","87","","","","","","","",""
"BlackHoleMisfortuneLoseloop","tara_misfortune_lose.glb","88","111","","","","","","true","",""
"BlackHoleMisfortuneProfile","tara_misfortune_portrait.glb","","","","","","","","","","5"
"ArcadePianoIdle","8bit_piano_idle.glb","1","29","","","100","100","","true","",""
"ArcadePianoWalk","8bit_piano_walk.glb","1","20","","","100","100","","true","","1"
"ArcadePianoAttack","8bit_piano_attack.glb","1","5","","","50","","","","","hips_s#3+L_upperLeg_s#0+R_upperLeg_s#0"
"ArcadePianoRecoil","8bit_piano_attack.glb","5","-1","","","","","250","","","hips_s#4+L_upperLeg_s#0+R_upperLeg_s#0"
"ArcadePianoReload","8bit_piano_reload.glb","","13","","","","","150","","","hips_s#1+L_upperLeg_s#0+R_upperLeg_s#0+L_clavicle_s#4+L_shoulder_s#4+L_elbow_s#4+L_forearm_twist_s#4+L_wrist_s#4+R_clavicle_s#0+R_shoulder_s#0+R_elbow_s#0"
"ArcadePianoPushback","8bit_pushback.glb","","-1","","","50","100","200","","",""
"ArcadePianoWin","8bit_piano_win.glb","1","217","","","","","","","",""
"ArcadePianoWinloop","8bit_piano_win.glb","218","249","","","","","","true","",""
"ArcadePianoLose","8bit_piano_lose.glb","1","91","","","","","","","",""
"ArcadePianoLoseloop","8bit_piano_lose.glb","92","191","","","","","","true","",""
"ArcadePianoProfile","8bit_piano_portrait.glb","249","249","","","","","","true","",""
"BelleIdle","belle_idle.glb","","-1","-1","","100","100","","true","",""
"BelleWalk","belle_walk.glb","","-1","-1","","100","100","","true","","1"
"BelleAttack","belle_attack.glb","1","4","-1","","50","","","","","hips_s#3+L_upperLeg_s#0+R_upperLeg_s#0"
"BelleRecoil","belle_attack.glb","","25","-1","","","","200","","","hips_s#4+L_upperLeg_s#0+R_upperLeg_s#0"
"BelleWin","belle_win.glb","","84","-1","","","","","","",""
"BelleWinloop","belle_win.glb","85","113","-1","","","","","true","",""
"SqueakIdle","squeak_idle.glb","","-1","-1","","100","100","","true","",""
"SqueakWalk","squeak_walk.glb","","-1","-1","","100","100","","true","","1"
"SqueakAttack","squeak_attack.glb","5","20","-1","","","","","","","hips_s#3+L_upperLeg_s#0+R_upperLeg_s#0"
"SqueakRecoil","squeak_attack.glb","5","20","-1","","","","100","","","hips_s#4+L_upperLeg_s#0+R_upperLeg_s#0"
"DamageBoosterPianoIdle","8bit_piano_turret_idle.glb","","-1","","","","","","true","",""
"DamageBoosterPianoSpawn","8bit_piano_turret_spawn.glb","","-1","","","","","","true","",""
"SqueakPushback","squeak_pushback.glb","","-1","-1","","","","","","",""
"SqueakWin","squeak_win.glb","","138","-1","","","","","","",""
"SqueakWinloop","squeak_win.glb","139","-1","-1","","","","","true","",""
"SqueakLose","squeak_lose.glb","","90","-1","","","","","","",""
"SqueakLoseloop","squeak_lose.glb","91","-1","-1","","","","","true","",""
"BeeSniperArchvillainIdle","bea_archvillain_idle.glb","","-1","","","100","100","","true","",""
"BeeSniperArchvillainWalk","bea_archvillain_walk.glb","1","26","","","100","100","","true","","1"
"BeeSniperArchvillainAttack","bea_archvillain_attack.glb","","4","","","","","","","","hips_s#3+L_upperLeg_s#0+R_upperLeg_s#0"
"BeeSniperArchvillainRecoil","bea_archvillain_attack.glb","5","20","","","","","200","","","hips_s#4+L_upperLeg_s#0+R_upperLeg_s#0"
"BeeSniperArchvillainReload","bea_archvillain_reload.glb","","20","","","100","100","100","","","spine_lower_s#0+L_clavicle_s#2+R_clavicle_s#2"
"BeeSniperArchvillainPushback","bea_archvillain_pushback.glb","","-1","","","25","100","200","","",""
"BeeSniperArchvillainWin","bea_archvillain_win.glb","","120","","","","","","","","5"
"BeeSniperArchvillainWinloop","bea_archvillain_win.glb","121","-1","","","","","","true","","1"
"BeeSniperArchvillainLose","bea_archvillain_lose.glb","","21","","","","","","","",""
"BeeSniperArchvillainLoseloop","bea_archvillain_lose.glb","22","-1","","","","","","true","",""
"BeeSniperArchvillainPortrait","bea_archvillain_idle.glb","1","1","","","","","","","",""
"BeeSniperArchvillainIntro","bea_intro_pose.glb","","","","","","","","","",""
"BeeSniperCatIdle","bea_luckycat_idle.glb","","-1","","","100","100","","true","",""
"BeeSniperCatWalk","bea_luckycat_walk.glb","1","26","","","100","100","","true","","1"
"BeeSniperCatAttack","bea_luckycat_attack.glb","","3","","","","","","","","hips_s#3+L_upperLeg_s#0+R_upperLeg_s#0"
"BeeSniperCatRecoil","bea_luckycat_attack.glb","4","20","","","","","200","","","hips_s#4+L_upperLeg_s#0+R_upperLeg_s#0"
"BeeSniperCatReload","bea_luckycat_reload.glb","","20","","","100","100","100","","","spine_lower_s#0+L_clavicle_s#2+R_clavicle_s#2"
"BeeSniperCatPushback","bea_luckycat_pushback.glb","","-1","","","25","100","200","","",""
"BeeSniperCatWin","bea_luckycat_win.glb","","76","","","","","","","","5"
"BeeSniperCatWinloop","bea_luckycat_win.glb","77","112","","","","","","true","","1"
"BeeSniperCatLose","bea_luckycat_lose.glb","","79","","","","","","","",""
"BeeSniperCatLoseloop","bea_luckycat_lose.glb","80","111","","","","","","true","",""
"BeeSniperCatPortrait","bea_luckycat_portrait.glb","","","","","","","","","",""
"BeeSniperCatIntro","bea_intro_pose.glb","","","","","","","","","",""
"RuffsMarshallIdle","ruffs_marshal_idle.glb","1","29","-1","","100","100","","true","",""
"RuffsMarshallWalk","ruffs_marshal_walk.glb","1","22","-1","","100","100","","true","","1"
"RuffsMarshallAttack","ruffs_marshal_attack.glb","1","5","-1","","","","","","","hips_s#3+L_upperLeg_s#0+R_upperLeg_s#0"
"RuffsMarshallSuper","ruffs_marshal_super.glb","1","5","-1","","","","","","","hips_s#3+L_upperLeg_s#0+R_upperLeg_s#0"
"RuffsMarshallRecoil","ruffs_marshal_attack.glb","1","30","-1","","","","120","","","hips_s#4+L_upperLeg_s#0+R_upperLeg_s#0"
"RuffsMarshallSuperRecoil","ruffs_marshal_super.glb","5","20","-1","","","","120","","","hips_s#4+L_upperLeg_s#0+R_upperLeg_s#0"
"RuffsMarshallPushback","ruffs_pushback.glb","","-1","-1","","50","100","100","","","5"
"RuffsMarshallWin","ruffs_marshal_win.glb","1","98","-1","","","","","","",""
"RuffsMarshallWinloop","ruffs_marshal_win.glb","99","-1","-1","","","","","true","",""
"RuffsMarshallLose","ruffs_marshal_lose.glb","","68","-1","","","","","","",""
"RuffsMarshallLoseloop","ruffs_marshal_lose.glb","69","-1","-1","","","","","true","",""
"RuffsMarshallPortrait","ruffs_marshal_idle.glb","","","-1","","","","","","",""
"GunslingerBadassIdle","colt_badass_idle.glb","","-1","","","100","100","","true","",""
"GunslingerBadassWalk","colt_badass_walk.glb","","-1","","125","100","100","","true","","1"
"GunslingerBadassPrimary","colt_attack.glb","","-1","","","100","200","100","","","spine_lower_s#3"
"GunslingerBadassSecondary","colt_attack.glb","","-1","","","200","200","100","","","spine_lower_s#3"
"GunslingerBadassRecoil","colt_recoil1.glb","1","10","","","100","100","200","","","spine_lower_s#4"
"GunslingerBadassRecoil2","colt_recoil2.glb","1","10","","","100","100","200","","","spine_lower_s#4"
"GunslingerBadassReload","colt_badass_idle.glb","1","3","","","800","800","800","","","spine_lower_s#4"
"GunslingerBadassPushback","colt_pushback.glb","","-1","","","100","100","100","","","5"
"GunslingerBadassWin","colt_badass_win.glb","-1","124","","","","","","","",""
"GunslingerBadassWinloop","colt_badass_idle.glb","","-1","","","","","","true","",""
"GunslingerBadassLose","colt_badass_lose.glb","","47","","","","","200","","",""
"GunslingerBadassLoseloop","colt_badass_lose.glb","48","85","","","","","200","true","",""
"GunslingerBadassProfile","colt_badass_portrait.glb","1","1","","","","","","","",""
"ElectroSniperBossIdle","belle_boss_idle.glb","","-1","-1","","100","100","","true","",""
"ElectroSniperBossWalk","belle_boss_walk.glb","","-1","-1","","100","100","","true","","1"
"ElectroSniperBossAttack","belle_boss_attack.glb","1","4","-1","","50","","","","","hips_s#3+L_upperLeg_s#0+R_upperLeg_s#0"
"ElectroSniperBossRecoil","belle_boss_attack.glb","","25","-1","","","","200","","","hips_s#4+L_upperLeg_s#0+R_upperLeg_s#0"
"ElectroSniperBossWin","belle_boss_win_120.glb","","489","-1","","","","","","",""
"ElectroSniperBossWinloop","belle_boss_win_120.glb","490","631","-1","","","","","true","",""
"ElectroSniperBossLose","belle_boss_lose.glb","","115","-1","","","","","","",""
"ElectroSniperBossLoseloop","belle_boss_lose.glb","116","-1","-1","","","","","true","",""
"BelleLose","belle_lose.glb","","115","-1","","","","","","",""
"BelleLoseloop","belle_lose.glb","116","-1","-1","","","","","true","",""
"SandstormLanternIdle","sandy_lantern_idle.glb","1","128","","","100","100","100","true","","5"
"SandstormLanternWalk","sandy_lantern_walk.glb","1","20","","","100","100","100","true","","1"
"SandstormLanternAttack","sandy_lantern_attack.glb","","1","","","","","100","","","hips_s#4+L_upperLeg_s#0+R_upperLeg_s#0"
"SandstormLanternRecoil","sandy_lantern_attack.glb","2","12","","","","","100","","","hips_s#4+L_upperLeg_s#0+R_upperLeg_s#0"
"SandstormLanternReload","sandy_lantern_idle.glb","","10","","","100","100","100","","","hips_s#0+L_upperLeg_s#0+R_upperLeg_s#0"
"SandstormLanternPushBack","sandy_pushback.glb","","10","","","100","100","100","","",""
"SandstormLanternWin","sandy_lantern_win.glb","1","110","","","","","","","",""
"SandstormLanternWinloop","sandy_lantern_win.glb","110","240","","","","","","true","","1"
"SandstormLanternLose","sandy_lantern_lose.glb","1","123","","","","","","","",""
"SandstormLanternProfile","sandy_lantern_portrait.glb","220","220","","","","","","true","","1"
"SandstormLanternLoseloop","sandy_lantern_lose.glb","124","-1","-1","","","","","","",""
"SqueakPortrait","squeak_portrait.glb","150","150","-1","","","","","","",""
"BellePortrait","belle_portrait.glb","","-1","-1","","","","","","",""
"ElectroSniperBossPortrait","belle_boss_portrait.glb","","-1","-1","","","","","","",""
"BellePushback","belle_pushback.glb","","10","-1","","50","","50","","",""
"BuzzIdle","buzz_idle.glb","","28","-1","","100","100","","true","",""
"BuzzWalk","buzz_walk.glb","","27","-1","","100","100","","true","","1"
"BuzzAttack","buzz_attack.glb","","28","-1","","100","100","50","","","hips_s#3+L_upperLeg_s#0+R_upperLeg_s#0"
"BuzzAttackRecoil","buzz_attack.glb","","-1","-1","","100","100","50","","","hips_s#4+L_upperLeg_s#0+R_upperLeg_s#0"
"BuzzSuperJump","buzz_super_jump.glb","","-1","-1","","100","","50","true","","5"
"BuzzSuperThrow","buzz_super_throw.glb","","5","-1","","","","","","","3"
"BuzzSuperThrowRecoil","buzz_super_throw.glb","3","20","-1","","","200","50","","","4"
"BuzzWin","buzz_win.glb","","117","-1","","","","","","",""
"BuzzWinloop","buzz_win.glb","118","-1","-1","","","","","true","",""
"BuzzLose","buzz_lose.glb","","67","-1","","","","","","",""
"BuzzLoseloop","buzz_lose.glb","68","112","-1","","","","","true","",""
"IceDudeBurgerIdle","lou_idle.glb","","-1","","","100","100","","true","",""
"IceDudeBurgerWalk","lou_burger_walk.glb","1","22","","","100","100","","true","","1"
"IceDudeBurgerAttack","lou_burger_attack.glb","1","5","-1","","","","","","","hips_s#3+L_upperLeg_s#0+R_upperLeg_s#0"
"IceDudeBurgerSuper","lou_burger_attack.glb","1","20","-1","","","","","","","hips_s#3+L_upperLeg_s#0+R_upperLeg_s#0"
"IceDudeBurgerRecoil","lou_burger_attack.glb","6","20","-1","","","","100","","","hips_s#4+L_upperLeg_s#0+R_upperLeg_s#0"
"IceDudeBurgerWin","lou_burger_win.glb","1","101","","","","","","","",""
"IceDudeBurgerWinloop","lou_burger_win.glb","102","140","","","","","","true","",""
"IceDudeBurgerLose","lou_burger_lose.glb","1","80","","","","","","","",""
"IceDudeBurgerLoseloop","lou_burger_lose.glb","80","80","","","","","","true","",""
"IceDudeBurgerPortrait","lou_portrait.glb","","","","","","","","","",""
"DrillerJetskiIdle","jacky_jetski_idle.glb","1","111","","","100","100","","true","",""
"DrillerJetskiWalk","jacky_jetski_walk.glb","1","-1","","","100","100","","true","","1"
"DrillerJetskiAttack","jacky_jetski_attack.glb","6","20","","","","","","true","","3"
"DrillerJetskiSuper","jacky_jetski_super.glb","1","-1","","120","","","83","true","","3"
"DrillerJetskiRecoil","jacky_jetski_attack.glb","6","20","","","","","100","","","4"
"DrillerJetskiSuperRecoil","jacky_jetski_super.glb","1","-1","","120","","","83","true","","4"
"DrillerJetskiHappy","jacky_jetski_win.glb","","102","","","","","100","","",""
"DrillerJetskiHappyLoop","jacky_jetski_win.glb","103","221","","","","","","true","",""
"DrillerJetskiLose","jacky_jetski_lose.glb","","122","","200","","","","","",""
"DrillerJetskiLoseloop","jacky_jetski_lose.glb","123","168","","","","","","true","",""
"DrillerJetskiPortrait","jacky_portrait.glb","1","1","","","","","","","",""
"DrillerJetskiIntro","jacky_intro.glb","","-1","","","","","","","",""
"NinjaDinoIdle","leon_dino_idle.glb","1","28","","","100","100","","true","",""
"NinjaDinoWalk","leon_dino_walk.glb","1","29","","170","100","100","","true","","1"
"NinjaDinoAttack","leon_dino_attack.glb","1","3","","","","","10","","","spine_lower_s#4"
"NinjaDinoSecondary","leon_dino_idle.glb","1","20","","","","","10","","","spine_lower_s#4"
"NinjaDinoRecoil","leon_dino_attack.glb","3","7","","","","","10","","","spine_lower_s#4"
"NinjaDinoRecoil2","leon_dino_attack.glb","7","11","","","","","10","","","spine_lower_s#4"
"NinjaDinoReload","leon_dino_idle.glb","","-1","","","","","100","","","ChestBone#2"
"NinjaDinoPushback","leon_pushback.glb","1","34","","","100","100","100","","","5"
"NinjaDinoWin","leon_dino_win.glb","1","195","","","","10","100","","","5"
"NinjaDinoWinloop","leon_dino_win.glb","196","222","","","10","","","true","","1"
"NinjaDinoLose","leon_dino_lose.glb","1","90","","","","","","","","5"
"NinjaDinoLoseloop","leon_dino_lose.glb","91","161","","","","","","true","","1"
"NinjaDinoProfile","leon_dino_portrait.glb","1","10","","","","","","true","","5"
"NinjaDinoIntro","leon_intro_pose.glb","","","","","","","","","",""
"WhirlwindSurferIdle","carl_surfer_idle.glb","","-1","","","100","100","","true","",""
"WhirlwindSurferWalk","carl_surfer_walk.glb","","-1","","","100","100","","true","","1"
"WhirlwindSurferAttack","carl_surfer_attack.glb","1","5","","","","","","","","hips_s#3+L_upperLeg_s#0+R_upperLeg_s#0"
"WhirlwindSurferSecondary","carl_surfer_super.glb","1","58","","","","","50","true","","5"
"WhirlwindSurferAttackRecoil","carl_surfer_attack.glb","2","35","","","100","200","200","","","hips_s#4+L_upperLeg_s#0+R_upperLeg_s#0"
"WhirlwindSurferSecondaryRecoil","carl_surfer_super.glb","1","58","","","","","","true","","5"
"WhirlwindSurferReload","carl_surfer_attack.glb","17","25","","","100","100","100","","","5"
"WhirlwindSurferWin","carl_surfer_win.glb","1","100","","","100","","","","",""
"WhirlwindSurferWinloop","carl_surfer_win.glb","101","200","","","","","","true","",""
"WhirlwindSurferLose","carl_surfer_lose.glb","","80","","","100","","","","",""
"WhirlwindSurferLoseloop","carl_surfer_lose.glb","81","180","","","","100","","true","",""
"WhirlwindSurferProfile","carl_surfer_portrait.glb","1","10","","","","","","true","",""
"GriffWin","griff_win.glb","","162","-1","","","","","","",""
"GriffWinloop","griff_win.glb","163","198","-1","","","","","true","",""
"GriffLose","griff_lose.glb","","12","-1","","50","","","","",""
"GriffLoseloop","griff_lose.glb","","-1","-1","","","","","true","",""
"RosaCocoIdle","rosa_coco_idle.glb","1","25","","","100","100","","true","",""
"RosaCocoWalk","rosa_coco_walk.glb","1","24","","","100","100","","true","","1"
"RosaCocoAttack","rosa_coco_attack.glb","1","11","","","100","100","50","","","hips_s#3+L_upperLeg_s#0+R_upperLeg_s#0"
"RosaCocoAttackRecoil","rosa_coco_attack.glb","12","19","","","1","100","100","","","hips_s#4+L_upperLeg_s#0+R_upperLeg_s#0"
"RosaCocoAttackRecoil2","rosa_coco_attack.glb","20","28","","","1","100","100","","","hips_s#5+L_upperLeg_s#0+R_upperLeg_s#0"
"RosaCocoUltRecoil","rosa_coco_ult.glb","","-1","","","1","100","200","","","hips_s#4+L_upperLeg_s#0+R_upperLeg_s#0"
"RosaCocoUltRecoil2","rosa_coco_detransfom.glb","","-1","","","1","100","200","","","hips_s#4+L_upperLeg_s#0+R_upperLeg_s#0"
"RosaCocoWin","rosa_coco_win.glb","1","163","","","100","200","100","","",""
"RosaCocoWinloop","rosa_coco_win.glb","1","163","","","","","100","true","",""
"RosaCocoLose","rosa_coco_lose.glb","1","112","","","100","","","","",""
"RosaCocoLoseloop","rosa_coco_lose.glb","113","161","","","","","","true","",""
"RosaCocoProfile","rosa_coco_portrait.glb","1","1","","","","","","true","",""
"GriffIdle","griff_idle.glb","","38","-1","","100","100","","true","",""
"GriffWalk","griff_walk.glb","","-1","-1","","100","100","","true","",""
"GriffAttack","griff_attack.glb","","3","-1","","","","","","","hips_s#3+L_upperLeg_s#0+R_upperLeg_s#0"
"GriffRecoil","griff_attack.glb","4","-1","-1","","","100","200","","","hips_s#4+L_upperLeg_s#0+R_upperLeg_s#0"
"RopeDudePunkIdle","buzz_punk_idle.glb","","28","-1","","100","100","","true","",""
"RopeDudePunkWalk","buzz_punk_walk.glb","","27","-1","","100","100","","true","","1"
"RopeDudePunkAttack","buzz_punk_attack.glb","","28","-1","","100","100","50","","","hips_s#3+L_upperLeg_s#0+R_upperLeg_s#0"
"RopeDudePunkSuperThrow","buzz_punk_super_throw.glb","","5","-1","","","","","","","hips_s#3+L_upperLeg_s#0+R_upperLeg_s#0"
"RopeDudePunkSuperThrowRecoil","buzz_punk_super_throw.glb","3","20","-1","","","200","50","","","hips_s#4+L_upperLeg_s#0+R_upperLeg_s#0"
"RopeDudePunkSuperJump","buzz_punk_super_jump.glb","","-1","-1","","100","","50","true","","5"
"RopeDudePunkWin","buzz_punk_win.glb","","132","-1","","50","","","","",""
"RopeDudePunkWinloop","buzz_punk_win.glb","133","-1","-1","","","","","true","",""
"RopeDudePunkLose","buzz_punk_lose.glb","","177","-1","","50","","","","",""
"RopeDudePunkLoseloop","buzz_punk_lose.glb","153","228","-1","","","","","true","",""
"UndertakerBeachIdle","mortis_beach_idle.glb","1","32","","","200","200","","true","",""
"UndertakerBeachWalk","mortis_beach_walk.glb","1","32","","150","100","100","","true","","1"
"UndertakerBeachAttack","mortis_attack.glb","3","30","","","","250","200","","","3"
"UndertakerBeachUltiAttack","mortis_ulti.glb","","5","","","","","","","","hips_s#3+L_upperLeg_s#0+R_upperLeg_s#0"
"UndertakerBeachRecoil1","mortis_attack.glb","3","30","","","","250","200","","","4"
"UndertakerBeachUltiRecoil1","mortis_ulti.glb","5","40","","","","","200","","","hips_s#4+L_upperLeg_s#0+R_upperLeg_s#0"
"UndertakerBeachPushback","mortis_pushback.glb","","-1","","","100","100","100","","","5"
"UndertakerBeachWin","mortis_beach_win.glb","1","77","","","","","","","","1"
"UndertakerBeachWinloop","mortis_beach_win.glb","77","106","","","","","","true","","1"
"UndertakerBeachLose","mortis_renamed_lose.glb","1","54","","","","","","","","1"
"UndertakerBeachLoseloop","mortis_renamed_lose.glb","54","60","","","","","","true","","1"
"UndertakerBeachProfile","mortis_beach_portrait.glb","49","49","","","","","","","","1"
"DeadMariachiPunkIdle","poco_punk_idle.glb","","-1","","","100","100","","true","",""
"DeadMariachiPunkWalk","poco_punk_walk.glb","","-1","","160","100","100","","true","","1"
"DeadMariachiPunkAttack","poco_punk_attack.glb","","29","","","50","","","","","spine_lower_s#3"
"DeadMariachiPunkSecondary","poco_punk_attack.glb","2","29","","","","","200","","","spine_lower_s#3"
"DeadMariachiPunkRecoil","poco_punk_attack.glb","2","29","","","","","200","","","spine_lower_s#4"
"DeadMariachiPunkReload","poco_punk_idle.glb","1","2","","","100","200","200","","","spine_lower_s#2"
"DeadMariachiPunkPushback","poco_punk_idle.glb","","-1","","","200","300","500","","","5"
"DeadMariachiPunkWin","poco_punk_win.glb","1","93","","","","","","","",""
"DeadMariachiPunkWinloop","poco_punk_win.glb","94","192","","","","","","true","",""
"DeadMariachiPunkLose","poco_punk_lose.glb","1","81","","","","","","","",""
"DeadMariachiPunkLoseloop","poco_punk_lose.glb","82","125","","","","","","true","",""
"DeadMariachiPunkProfile","poco_punk_portrait.glb","1","1","","","","","","true","",""
"DeadMariachiPunkEnv","poco_punk_guitar_loop.glb","1","-1","-1","","","","","true","",""
"GriffPortrait","griff_portrait.glb","","-1","-1","","","","","","",""
"RopeDudePunkPortrait","buzz_punk_portrait.glb","","-1","-1","","","","","","",""
"BuzzPortrait","buzz_portrait.glb","","-1","-1","","","","","","",""
"RopeDudePunkHappyEnter","buzz_punk_win.glb","","","-1","","","","","true","",""
"RopeDudePunkEnv","buzz_punk_sing_loop.glb","","-1","-1","","","","","true","",""
"ShamanSummerIdle","nita_make_idle.glb","1","34","","","100","100","","true","",""
"ShamanSummerWalk","nita_make_walk.glb","1","29","","170","100","100","","true","","1"
"ShamanSummerAttack","nita_make_attack.glb","3","26","","","","","200","","","spine_lower_s#4"
"ShamanSummerSecondary","nita_make_attack.glb","3","26","","","","","200","","","spine_lower_s#4"
"ShamanSummerRecoil","nita_make_attack.glb","3","26","","","","","200","","","spine_lower_s#4"
"ShamanSummerReload","nita_make_idle.glb","","-1","","","","","100","","","ChestBone#2"
"ShamanSummerPushback","nita_pushback.glb","","-1","","","100","100","100","","","5"
"ShamanSummerWin","nita_make_win_120.glb","1","632","","","","","","","","5"
"ShamanSummerWinloop","nita_make_win_120.glb","633","779","","","","","","true","","1"
"ShamanSummerLose","nita_make_lose.glb","1","94","","","","","","","","5"
"ShamanSummerLoseloop","nita_make_lose.glb","95","204","","","","","","true","","1"
"ShamanSummerProfile","nita_make_portrait.glb","1","1","","","","","","","","5"
"BarrelBotMegaboxIdle","darryl_megabox_idle.glb","1","-1","","","100","100","","true","",""
"BarrelBotMegaboxWalk","darryl_megabox_run.glb","1","20","","","100","100","","true","","1"
"BarrelBotMegaboxPrimary","darryl_megabox_attack.glb","","10","","","100","100","100","","","hips_s#3+L_upperLeg_s#0+R_upperLeg_s#0"
"BarrelBotMegaboxBarrelbotSecondary","darryl_megabox_super.glb","","29","","","1","1","1","true","","5"
"BarrelBotMegaboxRecoil","darryl_megabox_recoil1.glb","1","10","","","","100","100","","","hips_s#4+L_upperLeg_s#0+R_upperLeg_s#0"
"BarrelBotMegaboxRecoil2","darryl_megabox_recoil2.glb","1","10","","","","100","100","","","hips_s#4+L_upperLeg_s#0+R_upperLeg_s#0"
"BarrelBotMegaboxReload","darryl_megabox_idle.glb","","-1","","","800","800","800","","","hips_s#3+L_upperLeg_s#0+R_upperLeg_s#0"
"BarrelBotMegaboxPushback","darryl_pushback.glb","1","10","","","50","100","200","","","5"
"BarrelBotMegaboxBarrelbotWin","darryl_megabox_win.glb","","-1","","","","","200","","",""
"BarrelBotMegaboxBarrelbotWinloop","darryl_megabox_winloop.glb","1","29","","","","","","true","",""
"BarrelBotMegaboxBarrelbotLose","darryl_megabox_lose.glb","","-1","","","","","200","","",""
"BarrelBotMegaboxBarrelbotLoseloop","darryl_megabox_lose.glb","45","45","","","","","","true","",""
"BarrelBotMegaboxHide","darryl_megabox_win.glb","","1","","","200","200","100","true","",""
"BarrelBotMegaboxProfile","darryl_megabox_portrait.glb","","","","","","","","true","",""
"BaseballWarriorIdle","bibi_warrior_idle.glb","1","29","","","100","100","","true","",""
"BaseballWarriorWalk","bibi_warrior_run.glb","1","29","","","120","200","","true","","1"
"BaseballWarriorPrimary","bibi_attack.glb","1","51","","","100","100","100","","","hips_s#4+L_upperLeg_s#0+R_upperLeg_s#0"
"BaseballWarriorSecondary","bibi_attack.glb","1","51","","","100","100","100","","","hips_s#4+L_upperLeg_s#0+R_upperLeg_s#0"
"BaseballWarriorRecoil","bibi_attack.glb","22","51","","","1","100","100","","","hips_s#4+L_upperLeg_s#0+R_upperLeg_s#0"
"BaseballWarriorRecoil2","bibi_attack.glb","17","51","","","100","100","100","","","hips_s#4+L_upperLeg_s#0+R_upperLeg_s#0"
"BaseballWarriorPushback","bibi_pushback.glb","","-1","","","100","100","100","","","5"
"BaseballWarriorWin","bibi_warrior_win.glb","1","163","","","100","","","","","5"
"BaseballWarriorWinloop","bibi_warrior_win.glb","164","262","","","","","","true","","1"
"BaseballWarriorLose","bibi_lose.glb","1","29","","","","","","","","5"
"BaseballWarriorLoseloop","bibi_lose.glb","30","89","","","","","","true","","1"
"BaseballWarriorProfile","bibi_warrior_win.glb","108","108","","","","","","","","5"
"RollerPunkIdle","stu_idle.glb","1","29","-1","","100","100","","true","",""
"RollerPunkWalk","stu_punk_walk.glb","1","29","-1","","100","100","","true","","1"
"RollerPunkAttack","stu_attack.glb","3","22","-1","","25","","50","","","3"
"RollerPunkRecoil","stu_attack.glb","3","22","-1","","","","200","","","4"
"RollerPunkPushback","stu_pushback.glb","","10","-1","","25","200","100","","",""
"RollerPunkWin","stu_punk_win.glb","1","106","-1","","","","","","",""
"RollerPunkWinloop","stu_punk_win.glb","107","137","-1","","","","","true","",""
"RollerPunkLose","stu_punk_lose.glb","","-1","-1","","","","","","",""
"RollerPunkLoseloop","stu_punk_lose.glb","178","-1","-1","","","","","","",""
"RollerPunkLoseEnter","stu_punk_lose.glb","","1","-1","","","","","","",""
"RollerPunkPortrait","stu_portrait.glb","1","1","-1","","","","","","",""
"RollerPunkEnv","stu_punk_drum_loop.glb","1","-1","-1","","","","","true","",""
"StuDrums","drums_stu_loop.glb","1","-1","-1","","","","","true","",""
"RosaCocoIdle_transform","rosa_coco_idle_transform.glb","1","25","","","100","100","","true","",""
"RosaCocoWalk_transform","rosa_coco_walk_transform.glb","1","24","","","100","100","","true","","1"
"RosaCocoAttack_transform","rosa_coco_attack_transform.glb","1","11","","","100","100","50","","","hips_s#4+L_upperLeg_s#0+R_upperLeg_s#0"
"RosaCocoAttackRecoil_transform","rosa_coco_attack_transform.glb","12","19","","","1","100","100","","","hips_s#4+L_upperLeg_s#0+R_upperLeg_s#0"
"RosaCocoAttackRecoil2_transform","rosa_coco_attack_transform.glb","20","28","","","1","100","100","","","hips_s#4+L_upperLeg_s#0+R_upperLeg_s#0"
"ShotgunGirlPrincessIdle","shelly_princess_idle.glb","","-1","","","100","100","","true","",""
"ShotgunGirlPrincessWalk","shelly_princess_walk.glb","1","30","","","100","100","","true","","1"
"ShotgunGirlPrincessPrimary","shelly_princess_attack.glb","1","5","","","","","","","","hips_s#3+L_upperLeg_s#0+R_upperLeg_s#0"
"ShotgunGirlPrincessSecondary","shelly_princess_attack.glb","1","5","","","","","","","","hips_s#3+L_upperLeg_s#0+R_upperLeg_s#0"
"ShotgunGirlPrincessRecoil","shelly_princess_attack.glb","6","20","","","","","100","","","hips_s#4+L_upperLeg_s#0+R_upperLeg_s#0"
"ShotgunGirlPrincessReload","shelly_princess_reload.glb","1","-1","","","","","100","","","hips_s#0+L_upperLeg_s#0+R_upperLeg_s#0+R_clavicle_s#4+R_shoulder_s#4+R_elbow_s#4+R_forearm_twist_s#4+R_wrist_s#4+L_clavicle_s#4+L_shoulder_s#4+L_elbow_s#4+L_forearm_twist_s#4+L_wrist_s#4"
"ShotgunGirlPrincessPushback","shelly_pushback.glb","","-1","","","100","100","100","","","5"
"ShotgunGirlPrincessWin","shelly_princess_win.glb","1","131","","","","","","","","5"
"ShotgunGirlPrincessWinloop","shelly_princess_win.glb","132","169","","","","","","true","","1"
"ShotgunGirlPrincessLose","shelly_princess_lose.glb","1","102","","","","","","","","5"
"ShotgunGirlPrincessLoseloop","shelly_princess_lose.glb","103","146","","","","","","true","","1"
"ShotgunGirlPrincessProfile","shelly_princess_portrait.glb","80","80","","","","","","true","",""
"ShotgunGirlPrincessIntro","shelly_intro_pose.glb","","","","","","","","","",""
"SnakeOilWizardIdle","byron_wizard_idle.glb","1","59","-1","","120","120","","true","",""
"SnakeOilWizardWalk","byron_wizard_walk.glb","1","-1","-1","","100","100","","true","","1"
"SnakeOilWizardAttack","byron_wizard_attack.glb","1","5","-1","","","","","","","hips_s#3+L_upperLeg_s#0+R_upperLeg_s#0"
"SnakeOilWizardSuper","byron_wizard_super.glb","1","5","-1","","","","","","","hips_s#3+L_upperLeg_s#0+R_upperLeg_s#0"
"SnakeOilWizardRecoil","byron_wizard_attack.glb","5","30","-1","","","","120","","","hips_s#4+L_upperLeg_s#0+R_upperLeg_s#0"
"SnakeOilWizardSuperRecoil","byron_wizard_super.glb","5","30","-1","","","","120","","","hips_s#4+L_upperLeg_s#0+R_upperLeg_s#0"
"SnakeOilWizardPushback","byron_wizard_pushback.glb","","-1","-1","","","","","","","5"
"SnakeOilWizardWin","byron_wizard_win.glb","1","111","","","","","","","",""
"SnakeOilWizardWinloop","byron_wizard_win.glb","112","-1","","","","","","true","",""
"SnakeOilWizardLose","byron_wizard_lose.glb","1","190","","","","","","","",""
"SnakeOilWizardLoseloop","byron_wizard_lose.glb","144","190","","","","","","true","",""
"SnakeOilWizardProfile","byron_wizard_win.glb","192","192","-1","","","","","","",""
"LuchadorDragonIdle","primo_dragon_idle.glb","1","49","","","200","200","","true","",""
"LuchadorDragonWalk","primo_dragon_walk.glb","1","27","","120","150","150","","true","","1"
"LuchadorDragonPrimary","primo_dragon_attack.glb","","5","","","1","100","50","","","hips_s#3+L_upperLeg_s#0+R_upperLeg_s#0"
"LuchadorDragonSecondary","primo_dragon_super.glb","","-1","","","100","100","","","","5"
"LuchadorDragonRecoil","primo_dragon_attack.glb","5","12","","","","","50","","","hips_s#5+L_upperLeg_s#0+R_upperLeg_s#0"
"LuchadorDragonRecoil2","primo_dragon_attack.glb","16","24","","","","","50","","","hips_s#4+L_upperLeg_s#0+R_upperLeg_s#0"
"LuchadorDragonPushback","primo_dragon_idle.glb","","20","","","100","100","400","","","5"
"LuchadorDragonWin","primo_dragon_win.glb","1","182","","","","","","","","5"
"LuchadorDragonWinloop","primo_dragon_win.glb","182","-1","","","","","","true","","1"
"LuchadorDragonLose","primo_dragon_lose.glb","1","168","","","","","","","","5"
"LuchadorDragonLoseloop","primo_dragon_lose.glb","169","210","","","","","","true","","1"
"LuchadorDragonProfile","primo_portrait.glb","1","1","","","","","","true","","5"
"LuchadorDragonIntro","primo_intro_pose.glb","","","","","","","","","",""
"BarkeepUnicornIdle","barley_unicornknight_idle.glb","","-1","","","100","100","250","true","",""
"BarkeepUnicornWalk","barley_unicornknight_walk.glb","","19","","120","100","100","","true","","1"
"BarkeepUnicornPrimary","barley_unicornknight_attack.glb","3","12","","","","","","","","ChestBone#3"
"BarkeepUnicornSecondary","barley_unicornknight_attack.glb","","-1","","","100","50","200","","","ChestBone#3"
"BarkeepUnicornRecoil","barley_unicornknight_attack.glb","3","12","","","10","10","10","","","ChestBone#4"
"BarkeepUnicornReload","barley_unicornknight_idle.glb","","-1","","","200","200","200","","","ChestBone#2"
"BarkeepUnicornPushback","barley_unicornknight_knockback.glb","","-1","","","100","100","100","","","5"
"BarkeepUnicornWin","barley_unicornknight_win.glb","","103","","","50","250","250","","",""
"BarkeepUnicornWinloop","barley_unicornknight_win.glb","104","183","","","25","","","true","",""
"BarkeepUnicornLose","barley_unicornknight_lose.glb","","112","","130","","","38","","",""
"BarkeepUnicornLoseloop","barley_unicornknight_lose.glb","113","152","","120","","","","true","",""
"BarkeepUnicornWinidleloop","barley_unicornknight_win.glb","","-1","","","","","","true","",""
"BarkeepUnicornProfile","barley_unicornknight_win.glb","1","1","","","","","","true","",""
"BarkeepUnicornIntro","barley_intro_pose.glb","","","","","","","","","",""
"GunslingerHeistIdle","colt_heist_idle.glb","","-1","","","100","100","","true","",""
"GunslingerHeistWalk","colt_heist_run.glb","","-1","","125","100","100","","true","","1"
"GunslingerHeistPrimary","colt_heist_attack.glb","","45","","","50","50","100","","","spine_lower_s#3"
"GunslingerHeistSecondary","colt_heist_attack.glb","","45","","","200","200","100","","","spine_lower_s#3"
"GunslingerHeistRecoil","colt_heist_recoil1.glb","1","10","","","50","50","200","","","spine_lower_s#4"
"GunslingerHeistRecoil2","colt_heist_recoil2.glb","1","10","","","50","50","200","","","spine_lower_s#4"
"GunslingerHeistReload","colt_heist_idle.glb","1","3","","","800","800","800","","","spine_lower_s#4"
"GunslingerHeistPushback","colt_pushback.glb","","-1","","","100","100","100","","","5"
"GunslingerHeistWin","colt_heist_win.glb","","141","","","","","","","",""
"GunslingerHeistWinloop","colt_heist_win.glb","142","-1","","","","","","true","",""
"GunslingerHeistLose","colt_heist_lose.glb","","189","","","","","200","","",""
"GunslingerHeistLoseloop","colt_heist_lose.glb","190","234","","","","","200","true","",""
"GunslingerHeistProfile","colt_heist_portrait.glb","1","1","","","","","","","",""
"AshIdle","ash_idle.glb","","-1","-1","","100","100","","true","",""
"AshWalk","ash_walk.glb","","-1","-1","","100","100","","true","",""
"AshAttack","ash_attack.glb","5","20","-1","","","","","","","hips_s#3+L_upperLeg_s#0+R_upperLeg_s#0"
"AshRecoil","ash_attack.glb","21","35","-1","","","","100","","","hips_s#4+L_upperLeg_s#0+R_upperLeg_s#0"
"AshSuper","ash_super.glb","","5","-1","","","","","","","hips_s#3+L_upperLeg_s#0+R_upperLeg_s#0"
"AshSuperRecoil","ash_super.glb","6","20","-1","","","","50","","","hips_s#4+L_upperLeg_s#0+R_upperLeg_s#0"
"AshPushback","ash_pushback.glb","","10","-1","","30","100","100","","","5"
"SpeedyHermesIdle","max_hermes_idle.glb","1","30","","","50","50","","true","",""
"SpeedyHermesWalk","max_hermes_walk.glb","1","20","","","50","50","","true","","1"
"SpeedyHermesPrimary","max_hermes_attack.glb","","4","","","","","","","","hips_s#3+L_upperLeg_s#0+R_upperLeg_s#0"
"SpeedyHermesSecondary","max_hermes_super.glb","","","","","","","","","","hips_s#3+L_upperLeg_s#0+R_upperLeg_s#0"
"SpeedyHermesRecoil","max_hermes_attack.glb","5","21","","","","","100","","","hips_s#4+L_upperLeg_s#0+R_upperLeg_s#0"
"SpeedyHermesSecondaryRecoil","max_hermes_super.glb","","-1","","","50","50","50","","","hips_s#4+L_upperLeg_s#0+R_upperLeg_s#0"
"SpeedyHermesReload","max_reload.glb","3","20","","","100","100","100","","","spine_lower_s#0+L_clavicle_s#2+R_clavicle_s#2"
"SpeedyHermesPushback","max_pushback.glb","","10","","","50","100","50","","",""
"SpeedyHermesWin","max_hermes_win.glb","","152","","","","","","","","5"
"SpeedyHermesWinloop","max_hermes_win.glb","153","181","","","","","","true","","1"
"SpeedyHermesLose","max_hermes_lose.glb","1","70","","","","","","","",""
"SpeedyHermesLoseloop","max_hermes_lose.glb","71","100","","","","","","true","",""
"SpeedyHermesPortrait","max_portrait.glb","","-1","","","","","","true","",""
"SniperMoonIdle","piper_lunar_idle.glb","1","41","","","100","100","","true","",""
"SniperMoonWalk","piper_lunar_walk.glb","1","20","","","100","100","","true","","1"
"SniperMoonAttack","piper_lunar_attack.glb","1","12","","","","","","","","hips_s#4+L_upperLeg_s#0+R_upperLeg_s#0+R_dress_01_s#0+L_dress_01_s#0+F_dress_01_s#0+B_dress_01_s#0"
"SniperMoonSecondary","piper_super.glb","","-1","","","50","50","50","","","5"
"SniperMoonRecoil","piper_lunar_attack.glb","1","25","","","","","200","","","hips_s#5+L_upperLeg_s#0+R_upperLeg_s#0+R_dress_01_s#0+L_dress_01_s#0+F_dress_01_s#0+B_dress_01_s#0"
"SniperMoonReload","piper_lunar_idle.glb","","10","","","100","100","500","","","hips_s#4+L_upperLeg_s#0+R_upperLeg_s#0+R_dress_01_s#0+L_dress_01_s#0+F_dress_01_s#0+B_dress_01_s#0"
"SniperMoonPushback","piper_pushback.glb","1","10","","","50","50","100","","","5"
"SniperMoonWin","piper_lunar_win.glb","1","133","","","","","","","","5"
"SniperMoonWinloop","piper_lunar_win.glb","134","213","","","","","","true","","1"
"SniperMoonLose","piper_lunar_lose.glb","1","100","","","","","","","","5"
"SniperMoonLoseloop","piper_lunar_lose.glb","100","100","","","","","","true","","1"
"SniperMoonProfile","piper_lunar_portrait.glb","","","","","","","","","","5"
"AshWin","ash_win.glb","","178","-1","","","","","","",""
"AshWinloop","ash_win.glb","179","208","-1","","","","","true","",""
"WallyPrinceIdle","sprout_prince_idle.glb","","-1","","","100","100","","true","",""
"WallyPrinceWalk","sprout_prince_walk.glb","1","29","","","100","100","","true","","1"
"WallyPrincePrimary","sprout_prince_attack.glb","","5","","","","","","","","body_s#3+L_wheel_s#0+R_wheel_s#0"
"WallyPrinceRecoil","sprout_prince_attack.glb","5","30","","","","","100","","","body_s#4+L_wheel_s#0+R_wheel_s#0"
"WallyPrinceReload","sprout_prince_reload.glb","","20","","","100","100","100","","","body_s#0+L_arm_01_s#4+L_wheel_s#0+R_wheel_s#0"
"WallyPrincePushback","sprout_prince_pushback.glb","","10","","","50","100","100","","","5"
"WallyPrinceWin","sprout_prince_win.glb","","125","","","","","","","",""
"WallyPrinceWinloop","sprout_prince_win.glb","126","185","","","","","","true","",""
"WallyPrinceLose","sprout_prince_lose.glb","","-1","","","","","","","",""
"WallyPrinceLoseloop","sprout_prince_lose.glb","99","-1","","","","","","true","",""
"WallyPrincePortrait","sprout_prince_portrait.glb","50","50","","","","","","true","",""
"KnightPetDefaultIdle","ash_pet_idle.glb","","-1","-1","","","","","true","",""
"AshLose","ash_lose.glb","","-1","-1","","","","","","",""
"AshLoseloop","ash_lose.glb","98","-1","-1","","","","","true","",""
"AshPortrait","ash_portrait.glb","","-1","-1","","","","","","",""
"MinigunDudeQueenIdle","pam_queen_idle.glb","1","-1","","","100","100","","true","",""
"MinigunDudeQueenWalk","pam_queen_walk.glb","1","22","","","100","100","","true","","1"
"MinigunDudeQueenAttack","pam_queen_attack.glb","","4","","","","","","","","hips_s#3+L_upperLeg_s#0+R_upperLeg_s#0"
"MinigunDudeQueenSecondary","pam_queen_super.glb","","5","","","","","","","","hips_s#3+L_upperLeg_s#0+R_upperLeg_s#0"
"MinigunDudeQueenRecoil","pam_queen_attack.glb","4","20","","","","","100","","","hips_s#4+L_upperLeg_s#0+R_upperLeg_s#0"
"MinigunDudeQueenSecondaryRecoil","pam_queen_super.glb","6","20","","","","","175","","","hips_s#4+L_upperLeg_s#0+R_upperLeg_s#0"
"MinigunDudeQueenReload","pam_queen_reload.glb","","20","","","100","","100","","","hips_s#1+chest_s#4+spine_lower_s#4+L_upperLeg_s#0+R_upperLeg_s#0"
"MinigunDudeQueenPushback","pam_queen_pushback.glb","","10","","","25","100","150","","",""
"MinigunDudeQueenWin","pam_queen_win_120.glb","","636","","","","","","","","5"
"MinigunDudeQueenWinloop","pam_queen_win_120.glb","637","763","","","","","","true","","1"
"MinigunDudeQueenLose","pam_queen_lose.glb","","31","","","","","","","",""
"MinigunDudeQueenLoseloop","pam_queen_lose.glb","32","92","","","","","","true","",""
"MinigunDudeQueenPortrait","pam_queen_portrait.glb","","","","","","","","","",""
"AshNinjaWin","ash_ninja_win_120.glb","","499","-1","","","","","","",""
"AshNinjaWinloop","ash_ninja_win_120.glb","500","-1","-1","","","","","true","",""
"AshNinjaLose","ash_ninja_lose.glb","","120","-1","","","","","","",""
"AshNinjaLoseloop","ash_ninja_lose.glb","121","-1","-1","","","","","true","",""
"TrickshotDudeChickenIdle","rico_chicken_idle.glb","","-1","","","100","100","","true","",""
"TrickshotDudeChickenWalk","rico_chicken_walk.glb","","25","","","100","100","","true","","1"
"TrickshotDudeChickenPrimary","rico_attack.glb","5","8","","","100","","","","","hips_s#4+L_upperLeg_s#0+R_upperLeg_s#0"
"TrickshotDudeChickenSecondary","rico_attack.glb","5","8","","","100","","","","","hips_s#4+L_upperLeg_s#0+R_upperLeg_s#0"
"TrickshotDudeChickenRecoil","rico_attack.glb","8","30","","150","50","","100","","","hips_s#4+L_upperLeg_s#0+R_upperLeg_s#0"
"TrickshotDudeChickenReload","rico_chicken_idle.glb","1","2","","","200","200","200","","",""
"TrickshotDudeChickenPushback","rico_chicken_idle.glb","","-1","","","200","100","200","","","5"
"TrickshotDudeChickenWin","rico_chicken_win.glb","1","132","","","","","","","",""
"TrickshotDudeChickenWinloop","rico_chicken_win.glb","133","163","","","","","","true","",""
"TrickshotDudeChickenLose","rico_chicken_lose.glb","1","124","","","","","","","",""
"TrickshotDudeChickenLoseloop","rico_chicken_lose.glb","125","155","","","","","","true","",""
"TrickshotDudeChickenProfile","rico_chicken_win.glb","1","1","","","","","","true","",""
"TntDudeToxicIdle","dynamike_toxic_idle.glb","","-1","","","100","100","","true","","0"
"TntDudeToxicWalk","dynamike_toxic_walk.glb","1","29","","150","100","100","","true","","1"
"TntDudeToxicPrimary","dynamike_toxic_attack.glb","1","5","","","","","","","","3"
"TntDudeToxicSecondary","dynamike_toxic_super.glb","1","5","","","","","","","","3"
"TntDudeToxicRecoil","dynamike_toxic_attack.glb","5","20","","","","","100","","","4"
"TntDudeToxicUlti","dynamike_toxic_super.glb","5","20","","","","","100","","","4"
"TntDudeToxicReload","dynamike_toxic_walk.glb","1","5","","150","66","66","6","","","spine_lower_s#0"
"TntDudeToxicPushback","dynamike_pushback.glb","","-1","","","100","100","100","","","5"
"TntDudeToxicWin","dynamike_toxic_win.glb","1","128","","","","","","","",""
"TntDudeToxicWinloop","dynamike_toxic_win.glb","129","157","","80","","","","true","",""
"TntDudeToxicLose","dynamike_toxic_lose.glb","","139","","","","","","","",""
"TntDudeToxicLoseloop","dynamike_toxic_lose.glb","140","170","","","","","","true","",""
"TntDudeToxicProfile","dynamike_toxic_idle.glb","20","20","","","","","","","",""
"StickyBombPotatoIdle","squeak_potato_idle.glb","","-1","-1","","100","100","","true","",""
"StickyBombPotatoWalk","squeak_potato_walk.glb","","-1","-1","","100","100","","true","","1"
"StickyBombPotatoAttack","squeak_potato_attack.glb","5","20","-1","","","","","","","hips_s#3+L_upperLeg_s#0+R_upperLeg_s#0"
"StickyBombPotatoRecoil","squeak_potato_attack.glb","5","20","-1","","","","100","","","hips_s#4+L_upperLeg_s#0+R_upperLeg_s#0"
"StickyBombPotatoPushback","squeak_potato_pushback.glb","","-1","-1","","","","","","",""
"StickyBombPotatoWin","squeak_potato_win.glb","","191","-1","","","","","","",""
"StickyBombPotatoWinloop","squeak_potato_win.glb","133","191","-1","","","","","true","",""
"StickyBombPotatoLose","squeak_potato_lose.glb","","144","-1","","","","","","",""
"StickyBombPotatoLoseloop","squeak_potato_lose.glb","144","-1","-1","","","","","true","",""
"StickyBombPotatoPortrait","squeak_portrait.glb","","-1","-1","","","","","","",""
"AshNinjaIdle","ash_ninja_idle.glb","","-1","-1","","100","100","","true","",""
"AshNinjaWalk","ash_ninja_walk.glb","","-1","-1","","","","","true","",""
"AshNinjaAttack","ash_ninja_attack.glb","5","20","-1","","","","","","","hips_s#3+L_upperLeg_s#0+R_upperLeg_s#0"
"AshNinjaSuper","ash_ninja_super.glb","","-1","-1","","","","","","","hips_s#3+L_upperLeg_s#0+R_upperLeg_s#0"
"AshNinjaRecoil","ash_ninja_attack.glb","21","35","-1","","","","100","","","hips_s#4+L_upperLeg_s#0+R_upperLeg_s#0"
"AshNinjaSuperRecoil","ash_ninja_super.glb","6","20","-1","","","","50","","","hips_s#4+L_upperLeg_s#0+R_upperLeg_s#0"
"AshNinjaPushBack","ash_ninja_pushback.glb","","-1","-1","","30","100","100","","",""
"BrockHotrodGroupProfile","brock_hotrod_win.glb","100","100","","135","74","74","","true","",""
"CarlHotrodGroupProfile","carl_hotrod_win.glb","120","120","","135","74","","","","",""
"MegIdle","meg_idle.glb","","-1","-1","","100","100","","true","",""
"MegWalk","meg_walk.glb","","-1","-1","","100","100","","true","","1"
"MegAttack","meg_attack.glb","","4","-1","","50","","","","","hips_s#3+L_upperLeg_s#0+R_upperLeg_s#0"
"MegSuper","meg_super.glb","","38","-1","","","","","","",""
"MegRecoil","meg_attack.glb","4","15","-1","","","","50","","","hips_s#4+L_upperLeg_s#0+R_upperLeg_s#0"
"MegSuperRecoil","meg_super.glb","30","-1","-1","","","","50","","",""
"MegReload","meg_idle.glb","","","-1","","200","200","50","","","hips_s#3+L_upperLeg_s#0+R_upperLeg_s#0"
"MegMechaIdle","meg_mech_idle.glb","","-1","-1","","200","200","","true","",""
"MegMechaWalk","meg_mech_walk.glb","","-1","-1","","200","200","","true","","1"
"MegMechaAttack","meg_mech_attack_l.glb","","5","-1","","100","","","","","hips_s#3+L_upperLeg_s#0+R_upperLeg_s#0"
"MegMechaSuper","meg_mech_super.glb","","5","-1","","","","","","","hips_s#3+L_upperLeg_s#0+R_upperLeg_s#0"
"MegMechaRecoilL","meg_mech_attack_l.glb","2","20","-1","","","100","100","","","hips_s#4+L_upperLeg_s#0+R_upperLeg_s#0"
"MegMechaRecoilR","meg_mech_attack_r.glb","2","20","-1","","","100","100","","","hips_s#4+L_upperLeg_s#0+R_upperLeg_s#0"
"MegMechaSuperRecoil","meg_mech_super.glb","6","-1","-1","","","","200","","","hips_s#4+L_upperLeg_s#0+R_upperLeg_s#0"
"MegMechaWin","meg_mech_win.glb","","-1","-1","","","","","","",""
"UndertakerGreaserGroupProfile","mortis_greaser_win.glb","100","100","","135","74","74","","","",""
"MegWin","meg_win.glb","","159","-1","","","","","","","5"
"MegWinloop","meg_win.glb","160","186","-1","","","","","true","","1"
"MegAddonIdle","meg_driver_idle.glb","","-1","-1","","200","200","","true","",""
"MegAddonWalk","meg_driver_walk.glb","","-1","-1","","200","200","","true","","1"
"MegAddonAttack","meg_driver_attack_l.glb","","5","-1","","100","","","","","hips_s#3+L_upperLeg_s#0+R_upperLeg_s#0"
"MegAddonSuper","meg_driver_super.glb","","5","-1","","","","","","","hips_s#3+L_upperLeg_s#0+R_upperLeg_s#0"
"MegAddonRecoilL","meg_driver_attack_l.glb","2","20","-1","","","100","100","","","hips_s#4+L_upperLeg_s#0+R_upperLeg_s#0"
"MegAddonRecoilR","meg_driver_attack_r.glb","2","20","-1","","","100","100","","","hips_s#4+L_upperLeg_s#0+R_upperLeg_s#0"
"MegAddonSuperRecoil","meg_driver_super.glb","6","-1","-1","","","","200","","","hips_s#4+L_upperLeg_s#0+R_upperLeg_s#0"
"PercenterGladiatorIdle","colette_gladiator_idle.glb","1","29","-1","","100","100","","true","",""
"PercenterGladiatorWalk","colette_gladiator_walk.glb","1","-1","-1","","100","100","","true","","1"
"PercenterGladiatorAttack","colette_gladiator_attack.glb","1","4","-1","","","","","","","hips_s#3+L_upperLeg_s#0+R_upperLeg_s#0"
"PercenterGladiatorSuper","colette_gladiator_super.glb","","-1","","","50","50","50","true","","5"
"PercenterGladiatorRecoil","colette_gladiator_attack.glb","3","20","-1","","","","100","","","hips_s#4+L_upperLeg_s#0+R_upperLeg_s#0"
"PercenterGladiatorWin","collette_gladiator_win_120.glb","1","580","","","","1000","1000","","",""
"PercenterGladiatorLose","colette_gladiator_lose.glb","1","134","","","","","","","",""
"PercenterGladiatorLoseloop","colette_gladiator_lose.glb","135","250","","","","","","true","",""
"PercenterGladiatorPortrait","colette_gladiator_portrait.glb","","","","","","","","","",""
"PercenterGladiatorWinloop","colette_gladiator_win.glb","146","220","-1","","","","","true","",""
"ArcadeRetropolisIdle","8bit_retropolis_idle.glb","1","29","","","100","100","","true","",""
"ArcadeRetropolisWalk","8bit_retropolis_walk.glb","1","20","","","100","100","","true","","1"
"ArcadeRetropolisAttack","8bit_retropolis_attack.glb","1","5","","","50","","","","","hips_s#4+L_upperLeg_s#0+R_upperLeg_s#0"
"ArcadeRetropolisRecoil","8bit_retropolis_attack.glb","5","-1","","","","","250","","","hips_s#4+L_upperLeg_s#0+R_upperLeg_s#0"
"ArcadeRetropolisReload","8bit_reload.glb","","13","","","","","150","","","hips_s#1+L_upperLeg_s#0+R_upperLeg_s#0+L_clavicle_s#4+L_shoulder_s#4+L_elbow_s#4+L_forearm_twist_s#4+L_wrist_s#4+R_clavicle_s#0+R_shoulder_s#0+R_elbow_s#0"
"ArcadeRetropolisPushback","8bit_pushback.glb","","-1","","","50","100","200","","",""
"ArcadeRetropolisWin","8bit_retropolis_win.glb","1","70","","","","","","","",""
"ArcadeRetropolisWinloop","8bit_retropolis_win.glb","71","99","","","","","","true","",""
"ArcadeRetropolisLose","8bit_lose.glb","1","99","","","","","","","",""
"ArcadeRetropolisLoseloop","8bit_lose.glb","100","139","","","","","","true","",""
"ArcadeRetropolisProfile","8bit_base_cam.glb","1","1","","","","","","true","",""
"DamageBoosterRetropolisIdle","8bit_retropolis_turret_idle.glb","","-1","","","","","","true","",""
"DamageBoosterRetropolisSpawn","8bit_turret_spawn.glb","","-1","","","","","","true","",""
"MegLose","meg_lose.glb","","169","-1","","","","","","","5"
"MegLoseloop","meg_lose.glb","","70","-1","","","","","true","","1"
"MegPortrait","meg_portrait.glb","","-1","-1","","","","","","",""
"BuzzDirectorWin","buzz_director_win.glb","","115","-1","","","","","","",""
"BuzzDirectorWinloop","buzz_director_win.glb","115","-1","-1","","","","","true","",""
"BuzzDirectorLose","buzz_director_lose.glb","","105","-1","","","","","","",""
"BuzzDirectorLoseloop","buzz_director_lose.glb","105","-1","-1","","","","","true","",""
"RopeDudeDirectorIdle","buzz_director_idle.glb","1","29","-1","","100","100","","true","",""
"RopeDudeDirectorWalk","buzz_director_walk.glb","","27","-1","","100","100","","true","","1"
"RopeDudeDirectorAttack","buzz_director_attack.glb","","28","-1","","100","100","50","","","hips_s#3+L_upperLeg_s#0+R_upperLeg_s#0"
"RopeDudeDirectorSuperThrow","buzz_director_super_throw.glb","","18","-1","","","","","true","","3"
"RopeDudeDirectorSuperThrowRecoil","buzz_director_super_throw.glb","3","20","-1","","","200","50","","","4"
"RopeDudeDirectorSuperJump","buzz_director_super_jump.glb","","-1","-1","","100","","50","true","","5"
"RopeDudeDirectorWin","buzz_director_win.glb","","147","-1","","","","","","",""
"RopeDudeDirectorWinloop","buzz_director_win.glb","115","147","-1","","","","","true","",""
"RopeDudeDirectorLose","buzz_director_lose.glb","","129","-1","","","","","","",""
"RopeDudeDirectorLoseloop","buzz_director_lose.glb","105","129","-1","","","","","true","",""
"RopeDudeDirectorPortrait","buzz_director_portrait.glb","77","77","-1","","","","","","",""
"SpawnerDudeDraculaIdle","mrp_count_pengula_idle.glb","","28","","","100","100","100","true","","1"
"SpawnerDudeDraculaWalk","mrp_count_pengula_walk.glb","","23","","","100","100","100","true","",""
"SpawnerDudeDraculaAttack","mrp_count_pengula_attack.glb","","5","","","","","","","","R_gunbone_01_s#4+hips_s#4+L_upperLeg_s#0+R_upperLeg_s#0"
"SpawnerDudeDraculaRecoil","mrp_count_pengula_attack.glb","6","20","","","","200","50","","","R_gunbone_01_s#5+hips_s#5+L_upperLeg_s#0+R_upperLeg_s#0"
"SpawnerDudeDraculaPushBack","mrp_count_pengula_idle.glb","","28","","","100","100","100","","","5"
"SpawnerDudeDraculaWin","mrp_count_pengula_win.glb","","153","","","","","","","","5"
"SpawnerDudeDraculaWinloop","mrp_count_pengula_win.glb","123","155","","","","","","true","","1"
"SpawnerDudeDraculaLose","mrp_count_pengula_lose.glb","","118","","","","","","","","5"
"SpawnerDudeDraculaLoseloop","mrp_count_pengula_lose.glb","97","118","","","","","","true","","1"
"SpawnerDudeDraculaPortrait","mrp_count_pengula_portrait.glb","","9","","","","","","true","","5"
"SpawnerDudeTurretDraculaIdle","mrp_count_pengula_pet_spawn.glb","85","85","","","","","","true","","1"
"SpawnerDudeTurretDraculaSpawn","mrp_count_pengula_pet_spawn.glb","","84","","","","","","","","5"
"SpawnerDudeTurretDraculaSpawnLoop","mrp_count_pengula_pet_spawn.glb","85","85","","","","","","true","","1"
"SpawnerPetDraculaIdle","mrp_count_pengula_pet_idle.glb","","-1","","","100","100","100","true","","1"
"SpawnerPetDraculaWalk","mrp_count_pengula_pet_walk.glb","","13","","","100","100","100","true","",""
"SpawnerPetDraculaPrimarySkill","mrp_count_pengula_pet_attack.glb","4","15","-1","","","100","100","","","3"
"MrPPetAttack","mrp_count_pengula_pet_attack.glb","4","15","-1","","","100","100","","","3"
"BullDudeTerminatorIdle","bull_termina_bull_idle.glb","","29","","","150","150","","true","",""
"BullDudeTerminatorWalk","bull_termina_bull_walk.glb","","21","","","100","100","","true","","1"
"BullDudeTerminatorPrimary","bull_termina_bull_attack.glb","1","3","","","","","","","","hips_s#3+L_upperLeg_s#0+R_upperLeg_s#0"
"BullDudeTerminatorSecondary","bull_termina_bull_super.glb","","21","","150","66","66","133","","","5"
"BullDudeTerminatorRecoil","bull_termina_bull_attack.glb","4","20","","","50","","100","","","hips_s#4+L_upperLeg_s#0+R_upperLeg_s#0"
"BullDudeTerminatorReload","bull_termina_bull_idle.glb","","45","","200","250","250","250","","","ChestBone#2"
"BullDudeTerminatorPushback","bull_rock_pushback.glb","","-1","","","100","100","100","","","5"
"BullDudeTerminatorWin","bull_termina_bull_win.glb","","157","","","","","","","","5"
"BullDudeTerminatorWinloop","bull_termina_bull_win.glb","97","157","","","","","","true","","5"
"BullDudeTerminatorLose","termina_bull_lose.glb","","267","","","","","","","","5"
"BullDudeTerminatorLoseloop","termina_bull_lose.glb","167","267","","","","","","true","","5"
"BullDudeTerminatorProfile","termina_bull_portrait.glb","157","157","","","","","","","","5"
"HookDudeSwampIdle","gene_swamp_idle.glb","","78","","","100","100","","true","",""
"HookDudeSwampWalk","gene_swamp_walk.glb","1","29","","120","100","100","","true","","1"
"HookDudeSwampAttack","gene_swamp_attack.glb","1","18","","","","","","","","hips_s#3+L_upperLeg_s#0+R_upperLeg_s#0"
"HookDudeSwampSecondary","gene_swamp_super.glb","1","18","","","","","","","","hips_s#3+L_upperLeg_s#0+R_upperLeg_s#0"
"HookDudeSwampAttackRecoil","gene_swamp_attack.glb","5","18","","","50","","100","","","hips_s#4+L_upperLeg_s#0+R_upperLeg_s#0"
"HookDudeSwampSecondaryRecoil","gene_swamp_super.glb","1","18","","","100","","200","","","hips_s#4+L_upperLeg_s#0+R_upperLeg_s#0"
"HookDudeSwampReload","gene_swamp_reload.glb","1","23","","","100","200","200","","","spine_lower_s#2"
"HookDudeSwampPushback","gene_swamp_idle.glb","","78","","","200","300","500","","","5"
"HookDudeSwampWin","gene_swamp_win.glb","","194","","","","","","","",""
"HookDudeSwampWinloop","gene_swamp_win.glb","154","194","","","","","","true","",""
"HookDudeSwampLose","gene_swamp_lose.glb","","158","","","100","","","","",""
"HookDudeSwampLoseloop","gene_swamp_lose.glb","155","158","","","","","","true","",""
"HookDudeSwampProfile","gene_swamp_portrait.glb","192","192","","","","","","","",""
"StickyBombGhostIdle","squeak_ghost_idle.glb","","-1","-1","","100","100","","true","",""
"StickyBombGhostWalk","squeak_ghost_walk.glb","","-1","-1","","100","100","","true","","1"
"StickyBombGhostAttack","squeak_ghost_attack.glb","5","20","-1","","","","","","","hips_s#3+L_upperLeg_s#0+R_upperLeg_s#0"
"StickyBombGhostRecoil","squeak_ghost_attack.glb","5","20","-1","","","","100","","","hips_s#4+L_upperLeg_s#0+R_upperLeg_s#0"
"StickyBombGhostPushback","squeak_ghost_pushback.glb","","-1","-1","","","","","","",""
"StickyBombGhostWin","squeak_ghost_win.glb","","105","-1","","","","","","",""
"StickyBombGhostWinloop","squeak_ghost_win.glb","70","-1","-1","","","","","true","",""
"StickyBombGhostLose","squeak_ghost_lose.glb","","150","-1","","","","","","",""
"StickyBombGhostLoseloop","squeak_ghost_lose.glb","150","150","-1","","","","","true","",""
"StickyBombGhostPortrait","squeak_ghost_portrait.glb","105","105","-1","","","","","","",""
"CrowSuperIdle","crow_superhero_idle.glb","1","29","","","100","100","","true","","1"
"CrowSuperWalk","crow_superhero_walk.glb","1","20","","","100","100","","true","","1"
"CrowSuperPrimary","crow_superhero_attack.glb","","28","","","100","","","","","hips_s#3+L_upperLeg_s#0+R_upperLeg_s#0"
"CrowSuperSecondary","crow_super.glb","","45","","","50","50","200","","","5"
"CrowSuperRecoil","crow_superhero_attack.glb","5","20","","","","50","200","","","hips_s#4+L_upperLeg_s#0+R_upperLeg_s#0"
"CrowSuperReload","crow_reload.glb","1","20","","","100","50","200","","","hips_s#0+chest_s#5+R_clavicle_s#0+head_s#0+L_upperLeg_s#0+R_upperLeg_s#0"
"CrowSuperPushback","crow_superhero_pushback.glb","1","10","","","200","100","100","","","5"
"CrowSuperWin","crow_superhero_win_120.glb","","759","","","","","","","",""
"CrowSuperWinloop","crow_superhero_win.glb","109","191","","","","","","true","",""
"CrowSuperLose","crow_superhero_lose.glb","","176","","","","","","","",""
"CrowSuperLoseloop","crow_superhero_lose.glb","136","176","","","","","","true","",""
"CrowSuperProfile","crow_superhero_idle.glb","1","1","","","","","","true","",""
"PowerLevelerKongIdle","surge_kong_idle.glb","","-1","","","100","100","","true","",""
"PowerLevelerKongWalk","surge_kong_walk.glb","","-1","","75","100","100","","true","","1"
"PowerLevelerKongSecondary","surge_kong_super.glb","","40","","","","","250","","","4"
"PowerLevelerKongAttackRecoil","surge_kong_attack.glb","1","-1","","","50","","100","","","hips_s#4+L_upperLeg_s#0+R_upperLeg_s#0"
"PowerLevelerKongReload","surge_kong_reload.glb","","20","","","50","100","100","","","hips_s#0+chest_s#0+R_clavicle_s#4+L_clavicle_s#1+L_upperLeg_s#0+R_upperLeg_s#0"
"PowerLevelerKongPushback","surge_kong_pushback.glb","","10","","","50","100","100","","","5"
"PowerLevelerKongWin","surge_kong_win.glb","","209","","","","","","","",""
"PowerLevelerKongWinloop","surge_kong_win.glb","170","209","","","","","","true","",""
"PowerLevelerKongLose","surge_kong_lose.glb","","167","","","","","","","",""
"PowerLevelerKongLoseloop","surge_kong_lose.glb","168","200","","","","","","true","",""
"PowerLevelerKongProfile","surge_kong_portrait.glb","249","-1","","","","","","","",""
"RollerHeadlessIdle","stu_headless_idle.glb","1","29","-1","","100","100","","true","",""
"RollerHeadlessWalk","stu_headless_walk.glb","1","29","-1","","100","100","","true","","1"
"RollerHeadlessAttack","stu_headless_attack.glb","3","22","-1","","25","","50","","","3"
"RollerHeadlessRecoil","stu_headless_attack.glb","3","22","-1","","","","200","","","4"
"RollerHeadlessPushback","stu_pushback.glb","","10","-1","","25","200","100","","",""
"RollerHeadlessWin","stu_headless_win.glb","1","210","-1","","","","","","",""
"RollerHeadlessWinloop","stu_headless_win.glb","179","210","-1","","","","","true","",""
"RollerHeadlessLose","stu_headless_lose.glb","","-1","-1","","","","","","",""
"RollerHeadlessLoseloop","stu_headless_lose.glb","178","-1","-1","","","","","true","",""
"RollerHeadlessLoseEnter","stu_headless_lose.glb","","1","-1","","","","","","",""
"RollerHeadlessPortrait","stu_headless_portrait.glb","210","210","-1","","","","","","",""
"LollaIdle","lolla_idle.glb","","-1","-1","","100","100","","true","",""
"LollaWalk","lolla_walk.glb","","-1","-1","","100","100","","true","","1"
"LollaAttack","lolla_attack.glb","","4","-1","","50","","","","","hips_s#3+L_upperLeg_s#0+R_upperLeg_s#0"
"LollaRecoil","lolla_attack.glb","5","17","-1","","","","100","","","hips_s#4+L_upperLeg_s#0+R_upperLeg_s#0"
"JessieIdle","jessie_idle.glb","","-1","","","100","100","","true","",""
"JessieWalk","jessie_walk.glb","","-1","","","100","100","","true","","1"
"JessiePrimary","jessie_jessie_attack.glb","","4","","","","","","","","hips_s#3+L_upperLeg_s#0+R_upperLeg_s#0"
"JessieUltiAttack","jessie_idle.glb","","-1","","","200","200","10","true","","5"
"JessieRecoil","jessie_attack.glb","1","15","","","","","100","","","hips_s#4+L_upperLeg_s#0+R_upperLeg_s#0"
"JessieUltiRecoil","jessie_idle.glb","","-1","","","200","200","100","","","5"
"JessieReload","jessie_idle.glb","","","","","200","200","200","","","chest_s#2"
"JessiePushback","jessie_pushback.glb","","10","","","100","100","100","true","","5"
"JessieWin","jessie_win.glb","1","118","","","","","","","",""
"JessieWinloop","jessie_win.glb","88","118","","","","","","true","",""
"JessieLose","jessie_lose.glb","1","99","","","","","","","",""
"JessieLoseloop","jessie_lose.glb","62","99","","","","","","true","",""
"JessieProfile","jessie_portrait.glb","73","73","","","","","","","",""
"JessieTurretIdle","jessie_jessie_turret_idle.glb","","-1","-1","","50","50","","true","",""
"JessieTurretAttack","jessie_jessie_turret_attack.glb","","11","-1","","","","20","","",""
"JessieTurretSpawn","jessie_jessie_turret_spawn.glb","","-1","-1","","","","50","","",""
"BlowerBustersIdle","gale_squeakbuster_idle.glb","1","59","","","200","200","","true","",""
"BlowerBustersWalk","gale_squeakbuster_walk.glb","1","22","","","200","200","","true","","1"
"BlowerBustersPrimary","gale_squeakbuster_attack.glb","1","5","","","","","","","","hips_s#3+L_upperLeg_s#0+R_upperLeg_s#0"
"BlowerBustersRecoil","gale_squeakbuster_attack.glb","5","20","","","","","50","","","hips_s#4+L_upperLeg_s#0+R_upperLeg_s#0"
"BlowerBustersPushback","gale_squeakbuster_pushback.glb","1","10","","","20","100","100","true","","5"
"BlowerBustersWin","gale_squeakbuster_win.glb","1","185","","","","","","","","5"
"BlowerBustersWinloop","gale_squeakbuster_win.glb","86","185","","","","","","true","","1"
"BlowerBustersLose","gale_squeakbuster_lose.glb","1","150","","","","","","","",""
"BlowerBustersLoseloop","gale_squeakbuster_lose.glb","102","150","","","","","","true","",""
"BlowerBustersPortrait","gale_squeakbuster_portrait.glb","1","1","","","","","","true","",""
"LollaSuper","lolla_super.glb","","4","-1","","","","","","","hips_s#3+L_upperLeg_s#0+R_upperLeg_s#0"
"LollaSuperRecoil","lolla_super.glb","4","18","-1","","","","100","","","hips_s#4+L_upperLeg_s#0+R_upperLeg_s#0"
"LollaPushback","lolla_pushback.glb","","10","-1","","20","","100","","",""
"LollaWin","lolla_win.glb","","-1","-1","","","","800","","",""
"LollaWinloop","lolla_idle.glb","","-1","-1","","800","800","","true","",""
"MechanicThiefIdle","jessie_thief_idle.glb","","-1","","","100","100","","true","",""
"MechanicThiefWalk","jessie_thief_walk.glb","","-1","","","100","100","","true","","1"
"MechanicThiefPrimary","jessie_thief_attack.glb","","4","","","","","","","","hips_s#3+L_upperLeg_s#0+R_upperLeg_s#0"
"MechanicThiefUltiAttack","jessie_thief_idle.glb","","-1","","","200","200","10","true","","5"
"MechanicThiefRecoil","jessie_thief_attack.glb","2","15","","","","","100","","","hips_s#4+L_upperLeg_s#0+R_upperLeg_s#0"
"MechanicThiefUltiRecoil","jessie_thief_idle.glb","","-1","","","200","200","100","","","5"
"MechanicThiefReload","jessie_thief_idle.glb","","","","","200","200","200","","","chest_s#2"
"MechanicThiefPushback","jessie_thief_pushback.glb","","10","","","100","100","100","","","5"
"MechanicThiefWin","jessie_thief_win.glb","1","153","","","","","","","",""
"MechanicThiefWinloop","jessie_thief_win.glb","121","153","","","","","","true","",""
"MechanicThiefLose","jessie_thief_lose.glb","1","187","","","","","","","",""
"MechanicThiefLoseloop","jessie_thief_lose.glb","155","187","","","","","","true","",""
"MechanicThiefProfile","jessie_thief_portrait.glb","","","","","","","","true","",""
"MechanicTurretThiefIdle","jessie_thief_turret_idle.glb","","-1","-1","","50","50","","true","",""
"MechanicTurretThiefAttack","jessie_thief_turret_attack.glb","","11","-1","","","","20","","",""
"MechanicTurretThiefSpawn","jessie_thief_turret_spawn.glb","","18","-1","","","","50","","",""
"LollaLose","lolla_lose.glb","","33","-1","","","","","","",""
"LollaLoseloop","lolla_lose.glb","34","-1","-1","","","","","true","",""
"LollaPortrait","lolla_portrait.glb","","-1","-1","","","","","","",""
"DuplicatorCholaIdle","lolla_chola_idle.glb","","-1","-1","","100","100","","true","",""
"DuplicatorCholaWalk","lolla_chola_walk.glb","","-1","-1","","100","100","","true","","1"
"DuplicatorCholaAttack","lolla_chola_attack.glb","","4","-1","","50","","","","","hips_s#3+L_upperLeg_s#0+R_upperLeg_s#0"
"DuplicatorCholaSuper","lolla_chola_super.glb","","4","-1","","","","","","","hips_s#3+L_upperLeg_s#0+R_upperLeg_s#0"
"DuplicatorCholaRecoil","lolla_chola_attack.glb","5","17","-1","","","","100","","","hips_s#4+L_upperLeg_s#0+R_upperLeg_s#0"
"DuplicatorCholaSuperRecoil","lolla_chola_super.glb","4","18","-1","","","","100","","","hips_s#4+L_upperLeg_s#0+R_upperLeg_s#0"
"DuplicatorCholaPushback","lolla_chola_pushback.glb","","10","-1","","20","","100","","",""
"DuplicatorCholaWin","lolla_chola_win.glb","","143","-1","","","","800","","",""
"DuplicatorCholaWinloop","lolla_chola_win.glb","95","143","-1","","800","800","","true","",""
"DuplicatorCholaLose","lolla_chola_lose.glb","","201","-1","","","","","","",""
"DuplicatorCholaLoseloop","lolla_chola_lose.glb","157","201","-1","","","","","true","",""
"DuplicatorCholaPortrait","lolla_chola_portrait.glb","","","-1","","","","","","",""
"GromIdle","grom_idle.glb","1","33","","","200","200","","true","",""
"GromWalk","grom_walk.glb","1","26","","120","150","150","","true","","1"
"GromAttack","grom_attack.glb","","5","","","","100","50","","","hips_s#3+L_upperLeg_s#0+R_upperLeg_s#0"
"GromSecondary","grom_attack.glb","3","20","","","100","100","50","","","5"
"GromRecoil","grom_attack.glb","5","20","","","","","50","","","hips_s#5+L_upperLeg_s#0+R_upperLeg_s#0"
"GromPushback","grom_idle.glb","","10","","","50","100","50","","","5"
"GromWin","grom_win.glb","1","111","","","","200","","","","5"
"GromWinloop","grom_winloop.glb","1","33","","","100","100","","true","","1"
"GromLose","grom_lose.glb","1","80","","","","300","300","","","5"
"GromLoseloop","grom_loseloop.glb","1","43","","","100","100","","true","","1"
"GromProfile","grom_idle.glb","1","1","","","","","","true","","5"
"EnragerSnakeIdle","edgar_serpent_idle.glb","1","44","-1","","100","100","","true","","R_scarf_02_s#1+L_scarf_02_s#1"
"EnragerSnakeWalk","edgar_serpent_walk.glb","1","21","-1","","100","100","","true","","1"
"EnragerSnakeAttack","edgar_serpent_attack.glb","1","5","-1","","","","","","","hips_s#3+L_upperLeg_s#0+R_upperLeg_s#0"
"EnragerSnakeSuper","edgar_serpent_super.glb","5","50","-1","","","250","250","","","3"
"EnragerSnakeRecoil","edgar_serpent_attack.glb","6","30","-1","","","200","200","","","hips_s#4+L_upperLeg_s#0+R_upperLeg_s#0"
"EnragerSnakePushback","edgar_serpent_pushback.glb","","10","-1","","50","100","100","","","5"
"EnragerSnakeWin","edgar_serpent_win.glb","","128","-1","","","","","","",""
"EnragerSnakeWinloop","edgar_serpent_win.glb","129","193","-1","","","","","true","",""
"EnragerSnakeLose","edgar_serpent_lose.glb","","101","-1","","","","","","",""
"EnragerSnakeLoseloop","edgar_serpent_lose.glb","102","250","-1","","","","","true","",""
"EnragerSnakeProfile","edgar_serpent_portrait.glb","","","-1","","","","","true","",""
"CactusLogIdle","spike_log_win_idlebreaker.glb","","-1","","","100","100","","true","",""
"CactusLogWalk","spike_log_walk.glb","","-1","","","100","100","","true","","1"
"CactusLogPrimary","spike_log_attack.glb","8","20","","","","","100","","","hips_s#3+L_upperLeg_s#0+R_upperLeg_s#0"
"CactusLogSecondary","spike_log_attack.glb","5","20","","","","","100","","","hips_s#3+L_upperLeg_s#0+R_upperLeg_s#0"
"CactusLogRecoil","spike_log_attack.glb","8","20","","","","","100","","","hips_s#4+L_upperLeg_s#0+R_upperLeg_s#0"
"CactusLogRecoil2","spike_log_attack.glb","5","20","","","","","100","","","hips_s#4+L_upperLeg_s#0+R_upperLeg_s#0"
"CactusLogReload","spike_log_idle.glb","1","2","","","200","200","200","","","5"
"CactusLogWin","spike_log_win.glb","1","43","","","","","","","","5"
"CactusLogWinloop","spike_log_win.glb","43","63","","","","","","true","","1"
"CactusLogLose","spike_log_lose.glb","1","79","","","","","","","","5"
"CactusLogLoseloop","spike_log_lose.glb","80","-1","","","","","","true","","1"
"CactusLogProfile","spike_log_win.glb","34","34","","","","","","","","5"
"BarkeepDrunkenIdle","barley_drunkenmaster_win_balance.glb","","-1","","","100","100","250","true","",""
"BarkeepDrunkenWalk","barley_drunkenmaster_walk.glb","","19","","120","100","100","","true","","1"
"BarkeepDrunkenPrimary","barley_drunkenmaster_attack.glb","3","12","","","","","","","","hips_s#3+L_upperLeg_s#0+R_upperLeg_s#0"
"BarkeepDrunkenSecondary","barley_drunkenmaster_attack.glb","","-1","","","100","50","200","","","hips_s#3+L_upperLeg_s#0+R_upperLeg_s#0"
"BarkeepDrunkenRecoil","barley_drunkenmaster_attack.glb","3","12","","","10","10","10","","","hips_s#4+L_upperLeg_s#0+R_upperLeg_s#0"
"BarkeepDrunkenReload","barley_drunkenmaster_reload.glb","","17","","","200","200","200","","","hips_s#2+L_upperLeg_s#0+R_upperLeg_s#0"
"BarkeepDrunkenPushback","barley_drunkenmaster_knockback.glb","","8","","","100","100","100","","","5"
"BarkeepDrunkenWin","barley_drunkenmaster_win.glb","","214","","","50","250","250","","",""
"BarkeepDrunkenWinloop","barley_drunkenmaster_win_balance.glb","","107","","","25","","","true","",""
"BarkeepDrunkenLose","barley_drunkenmaster_lose.glb","","137","","130","","","","","",""
"BarkeepDrunkenLoseloop","barley_drunkenmaster_lose.glb","138","191","","120","","","","true","",""
"BarkeepDrunkenWinidleloop","barley_drunkenmaster_win_balance.glb","","107","","","","","","true","",""
"BarkeepDrunkenProfile","barley_drunkenmaster_win.glb","212","212","","","","","","","",""
"BarkeepDrunkenIntro","barley_intro_pose.glb","","","","","","","","","",""
"DrillerGiftIdle","jacky_gift_express_idle.glb","1","45","","","100","100","","true","",""
"DrillerGiftWalk","jacky_gift_express_walk.glb","1","23","","","100","100","","true","","1"
"DrillerGiftAttack","jacky_gift_express_attack.glb","6","20","","","","","","","","3"
"DrillerGiftSuper","jacky_gift_express_super.glb","1","-1","","120","","","83","true","","3"
"DrillerGiftRecoil","jacky_gift_express_attack.glb","6","20","","","","","100","","","4"
"DrillerGiftSuperRecoil","jacky_gift_express_super.glb","1","-1","","120","","","83","true","","4"
"DrillerGiftHappy","jacky_gift_express_win.glb","","122","","","","","100","","",""
"DrillerGiftHappyLoop","jacky_gift_express_win.glb","123","171","","","","","","true","",""
"DrillerGiftLose","jacky_gift_express_lose.glb","","-1","","200","","","","","",""
"DrillerGiftLoseloop","jacky_gift_express_lose.glb","80","-1","","","","","","true","",""
"DrillerGiftPortrait","jacky_gift_express_win.glb","1","1","","","","","","","",""
"DrillerGiftIntro","jacky_intro.glb","","-1","","","","","","","",""
"LuchadorTigerIdle","primo_tiger_idle.glb","1","49","","","200","200","","true","",""
"LuchadorTigerWalk","primo_tiger_walk.glb","1","27","","120","150","150","","true","","1"
"LuchadorTigerPrimary","primo_tiger_attack.glb","","5","","","1","100","50","","","hips_s#3+L_upperLeg_s#0+R_upperLeg_s#0"
"LuchadorTigerSecondary","primo_tiger_super.glb","","-1","","","100","100","","","","5"
"LuchadorTigerRecoil","primo_tiger_attack.glb","5","12","","","","","50","","","hips_s#5+L_upperLeg_s#0+R_upperLeg_s#0"
"LuchadorTigerRecoil2","primo_tiger_attack.glb","16","24","","","","","50","","","hips_s#4+L_upperLeg_s#0+R_upperLeg_s#0"
"LuchadorTigerPushback","primo_tiger_idle.glb","","20","","","100","100","400","","","5"
"LuchadorTigerWin","primo_tiger_win.glb","1","98","","","","","","","","5"
"LuchadorTigerWinloop","primo_tiger_win.glb","99","129","","","","","","true","","1"
"LuchadorTigerLose","primo_tiger_lose.glb","1","133","","","","","200","","","5"
"LuchadorTigerLoseloop","primo_tiger_lose.glb","134","164","","","","","","true","","1"
"LuchadorTigerProfile","primo_portrait.glb","1","1","","","","","","true","","5"
"LuchadorTigerIntro","primo_intro_pose.glb","","","","","","","","","",""
"BowDudeSantaIdle","bo_santa_idle.glb","1","29","","","100","100","","true","",""
"BowDudeSantaWalk","bo_santa_walk.glb","1","20","","","100","100","","true","","1"
"BowDudeSantaAttack","bo_santa_attack.glb","1","12","","","50","50","350","","","hips_s#4+L_upperLeg_s#0+R_upperLeg_s#0"
"BowDudeSantaSecondary","bo_ult.glb","1","12","","","50","50","350","true","","hips_s#4+L_upperLeg_s#0+R_upperLeg_s#0"
"BowDudeSantaRecoil","bo_santa_attack.glb","13","30","","","50","50","350","","","hips_s#4+L_upperLeg_s#0+R_upperLeg_s#0"
"BowDudeSantaRecoil2","bo_ult.glb","13","30","","","50","50","350","","","hips_s#4+L_upperLeg_s#0+R_upperLeg_s#0"
"BowDudeSantaWin","bo_santa_win.glb","","157","","","100","","","","",""
"BowDudeSantaWinloop","bo_santa_win.glb","158","239","","","","","","true","",""
"BowDudeSantaLose","bo_santa_lose.glb","1","97","","","","","","","",""
"BowDudeSantaLoseloop","bo_santa_lose.glb","98","196","","","","","","true","",""
"BowDudeSantaProfile","bo_santa_idle.glb","1","1","","","","","","","",""
"AssaultShotgunSledIdle","griff_sled_idle.glb","","38","-1","","100","100","","true","",""
"AssaultShotgunSledWalk","griff_sled_walk.glb","","-1","-1","","100","100","","true","",""
"AssaultShotgunSledAttack","griff_sled_attack.glb","","3","-1","","","","","","","hips_s#3+L_upperLeg_s#0+R_upperLeg_s#0"
"AssaultShotgunSledRecoil","griff_sled_attack.glb","4","-1","-1","","","100","200","","","hips_s#4+L_upperLeg_s#0+R_upperLeg_s#0"
"AssaultShotgunSledWin","griff_sled_win.glb","","177","-1","","","","","","",""
"AssaultShotgunSledWinloop","griff_sled_win.glb","178","298","-1","","","","","true","",""
"AssaultShotgunSledLose","griff_sled_lose.glb","","116","-1","","50","","","","",""
"AssaultShotgunSledLoseloop","griff_sled_lose.glb","117","159","-1","","","","","true","",""
"AssaultShotgunSledPortrait","griff_sled_win.glb","298","-1","-1","","","","","true","",""
"FangAttack","fang_attack.glb","","5","","","","","","","","3"
"FangRecoil","fang_attack.glb","","25","","","","","100","","","4"
"FangSuper","fang_attack.glb","10","13","","","","100","50","true","","3"
"FangWalk","fang_walk.glb","","-1","-1","","100","100","","true","","1"
"FangIdle","fang_idle.glb","","-1","-1","","100","100","","true","",""
"LuchadorCorazonIdle","primo_corazon_idle.glb","1","49","","","200","200","","true","",""
"LuchadorCorazonWalk","primo_corazon_walk.glb","1","27","","120","150","150","","true","","1"
"LuchadorCorazonPrimary","primo_rey_attack.glb","","5","","","1","100","50","","","hips_s#3+L_upperLeg_s#0+R_upperLeg_s#0"
"LuchadorCorazonSecondary","primo_rey_super.glb","","-1","","","100","100","","","","5"
"LuchadorCorazonRecoil","primo_rey_attack.glb","5","12","","","","","50","","","hips_s#5+L_upperLeg_s#0+R_upperLeg_s#0"
"LuchadorCorazonRecoil2","primo_rey_attack.glb","16","24","","","","","50","","","hips_s#4+L_upperLeg_s#0+R_upperLeg_s#0"
"LuchadorCorazonPushback","primo_corazon_idle.glb","","20","","","100","100","400","","","5"
"LuchadorCorazonWin","primo_corazon_win.glb","1","111","","","","","","","","5"
"LuchadorCorazonWinloop","primo_corazon_win.glb","112","-1","","","","","","true","","1"
"LuchadorCorazonLose","primo_lose.glb","1","41","","","","","200","","","5"
"LuchadorCorazonLoseloop","primo_lose.glb","42","89","","","","","","true","","1"
"LuchadorCorazonProfile","primo_corazon_win.glb","154","154","","","","","","true","","5"
"LuchadorCorazonIntro","primo_intro_pose.glb","","","","","","","","","",""
"KickerDudeFuriousIdle","fang_fireball_idle.glb","","-1","-1","","100","100","","true","",""
"KickerDudeFuriousWalk","fang_fireball_walk.glb","","-1","-1","","100","100","","true","","1"
"KickerDudeFuriousAttack","fang_fireball_attack.glb","","5","","","","","","","","3"
"KickerDudeFuriousSuper","fang_fireball_attack.glb","10","13","","","","100","50","true","","3"
"KickerDudeFuriousRecoil","fang_fireball_attack.glb","","25","","","","","100","","","4"
"FangWin","fang_win.glb","","178","-1","","","","","","",""
"FangWinloop","fang_win.glb","179","-1","-1","","","","","true","",""
"FangLose","fang_lose.glb","","96","-1","","","","","","",""
"FangLoseloop","fang_lose.glb","97","-1","-1","","","","","true","",""
"KickerDudeFuriousWin","fang_fireball_win.glb","","91","-1","","","","","","",""
"KickerDudeFuriousWinloop","fang_fireball_win.glb","92","141","-1","","","","","true","",""
"KickerDudeFuriousLose","fang_fireball_lose.glb","","145","-1","","","","","","",""
"KickerDudeFuriousLoseloop","fang_fireball_lose.glb","146","168","-1","","","","","true","",""
"ShamanDragonIdle","nita_nian_idle.glb","1","34","","","100","100","","true","",""
"ShamanDragonWalk","nita_nian_walk.glb","1","29","","170","100","100","","true","","1"
"ShamanDragonAttack","nita_nian_attack.glb","3","26","","","","","200","","","spine_lower_s#4"
"ShamanDragonSecondary","nita_nian_attack.glb","3","26","","","","","200","","","spine_lower_s#4"
"ShamanDragonRecoil","nita_nian_attack.glb","3","26","","","","","200","","","spine_lower_s#4"
"ShamanDragonReload","nita_nian_idle.glb","","-1","","","","","100","","","ChestBone#2"
"ShamanDragonPushback","nita_nian_pushback.glb","","-1","","","100","100","100","","","5"
"ShamanDragonWin","nita_nian_win.glb","1","79","","","","","","","","5"
"ShamanDragonWinloop","nita_nian_win.glb","80","113","","","","","","true","","1"
"ShamanDragonLose","nita_nian_lose.glb","1","30","","","","","","","","5"
"ShamanDragonLoseloop","nita_nian_lose.glb","30","35","","","","","","true","","1"
"ShamanDragonProfile","nita_nian_win.glb","88","88","","","","","","","","5"
"ShamanPetDragonIdle","bear_shiba_idle.glb","1","59","","","100","100","","true","",""
"ShamanPetDragonBearWalk","nita_bear_walk.glb","1","40","","170","100","100","","true","","1"
"ShamanPetDragonBearAttack","nita_bear_attack.glb","-1","-1","","","100","200","150","","","spine_lower_s#4"
"ShamanPetDragonBearRecoil","nita_bear_attack.glb","-1","-1","","","1","1","50","","","spine_lower_s#4"
"ShamanPetDragonBearPushback","nita_bear_idle.glb","-1","-1","","","200","300","500","","","5"
"RosaBPIdle","rosa_sergeant_idle.glb","1","25","","","100","100","","true","",""
"RosaBPWalk","rosa_sergeant_walk.glb","1","24","","","100","100","","true","","1"
"RosaBPAttack","rosa_sergeant_attack.glb","1","11","","","100","100","50","","","hips_s#3+L_upperLeg_s#0+R_upperLeg_s#0"
"RosaBPAttackRecoil","rosa_sergeant_attack.glb","12","19","","","1","100","100","","","hips_s#4+L_upperLeg_s#0+R_upperLeg_s#0"
"RosaBPAttackRecoil2","rosa_sergeant_attack.glb","20","28","","","1","100","100","","","hips_s#5+L_upperLeg_s#0+R_upperLeg_s#0"
"RosaBPUltRecoil","rosa_sergeant_ult.glb","","30","","","1","100","200","","","hips_s#4+L_upperLeg_s#0+R_upperLeg_s#0"
"RosaBPUltRecoil2","rosa_sergeant_detransform.glb","","-1","","","1","100","200","","","hips_s#4+L_upperLeg_s#0+R_upperLeg_s#0"
"RosaBPWin","rosa_sergeant_win.glb","1","130","","","100","200","100","","",""
"RosaBPWinloop","rosa_sergeant_win.glb","131","159","","","500","100","100","true","",""
"RosaBPLose","rosa_sergeant_lose.glb","1","49","","","100","100","200","","",""
"RosaBPLoseloop","rosa_sergeant_lose.glb","50","79","","","1","100","200","true","",""
"RosaBPProfile","rosa_sergeant_idle.glb","1","1","","","","","","true","",""
"KickerDudeFuriousPortrait","fang_fireball_portrait.glb","","-1","-1","","","","","","",""
"FangPortrait","fang_portrait.glb","-1","-1","-1","","","","","","",""
"RosaBPIdle_transform","rosa_sergeant_idle_transform.glb","1","25","","","100","100","","true","",""
"RosaBPWalk_transform","rosa_sergeant_walk_transform.glb","1","24","","","100","100","","true","","1"
"RosaBPAttack_transform","rosa_sergeant_attack_transform.glb","1","38","","","100","100","50","","","hips_s#3+L_upperLeg_s#0+R_upperLeg_s#0"
"RosaBPAttackRecoil_transform","rosa_sergeant_attack_transform.glb","","21","","","1","100","100","","","hips_s#4+L_upperLeg_s#0+R_upperLeg_s#0"
"RosaBPAttackRecoil2_transform","rosa_sergeant_attack_transform.glb","20","28","","","1","100","100","","","hips_s#5+L_upperLeg_s#0+R_upperLeg_s#0"
"TntDudeRetroIdle","dynamike_retro_anim_idle.glb","","-1","","","100","100","","true","","0"
"TntDudeRetroWalk","dynamike_retro_anim_walk.glb","1","29","","150","100","100","","true","","1"
"TntDudeRetroPrimary","dynamike_retro_anim_attack.glb","1","5","","","","","10","","","hips_s#3"
"TntDudeRetroSecondary","dynamike_retro_anim_super.glb","1","5","","","","","10","","","hips_s#3"
"TntDudeRetroRecoil","dynamike_retro_anim_attack.glb","5","20","","","","","100","","","hips_s#4"
"TntDudeRetroUlti","dynamike_retro_anim_super.glb","5","20","","","","","100","","","hips_s#4"
"TntDudeRetroReload","dynamike_retro_anim_walk.glb","1","5","","150","66","66","6","","","spine_lower_s#0"
"TntDudeRetroPushback","dynamike_retro_anim_pushback.glb","","-1","","","100","100","100","","","5"
"TntDudeRetroWin","dynamike_retro_anim_win.glb","1","88","","","","","","","",""
"TntDudeRetroWinloop","dynamike_retro_anim_win.glb","60","87","","80","","","","true","",""
"TntDudeRetroLose","dynamike_renamed_lose.glb","","50","","","","","","","",""
"TntDudeRetroLoseloop","dynamike_renamed_lose.glb","41","50","","","","","","true","",""
"TntDudeRetroProfile","dynamike_retro_anim_idle.glb","20","20","","","","","","true","",""
"BullDudeLionIdle","bull_lion_idle.glb","","29","","","150","150","","true","",""
"BullDudeLionWalk","bull_lion_walk.glb","","21","","","100","100","","true","","1"
"BullDudeLionPrimary","bull_lion_attack.glb","1","3","","","","","","","","hips_s#3+L_upperLeg_s#0+R_upperLeg_s#0"
"BullDudeLionSecondary","bull_lion_super.glb","","21","","150","66","66","133","true","","5"
"BullDudeLionRecoil","bull_lion_attack.glb","1","16","","","50","","200","","","hips_s#4+L_upperLeg_s#0+R_upperLeg_s#0"
"BullDudeLionReload","bull_lion_idle.glb","1","10","","200","250","250","250","","","ChestBone#2"
"BullDudeLionPushback","bull_lion_idle.glb","","-1","","","100","100","100","","","5"
"BullDudeLionWin","bull_bullfasa_win.glb","","82","","","","","","","","5"
"BullDudeLionWinloop","bull_bullfasa_win_loop.glb","","60","","","","","","true","","5"
"BullDudeLionLose","bull_lion_lose.glb","","134","","","","","","","","5"
"BullDudeLionLoseloop","bull_lion_lose.glb","134","134","","","","","","true","","5"
"BullDudeLionProfile","bull_lion_idle.glb","1","1","","","","","","","","5"
"SpawnerDudeFlyIdle","mrp_fly_idle.glb","","28","","","100","100","100","true","","1"
"SpawnerDudeFlyWalk","mrp_fly_walk.glb","1","23","","","100","100","100","true","",""
"SpawnerDudeFlyAttack","mrp_fly_attack.glb","","28","","","","","","","","R_gunbone_01_s#4+hips_s#4+L_upperLeg_s#0+R_upperLeg_s#0"
"SpawnerDudeFlyRecoil","mrp_fly_attack.glb","6","28","","","","200","50","","","R_gunbone_01_s#5+hips_s#5+L_upperLeg_s#0+R_upperLeg_s#0"
"SpawnerDudeFlyPushBack","mrp_fly_idle.glb","","28","","","100","100","100","","","5"
"SpawnerDudeFlyWin","mrp_fly_win.glb","","224","","","","","","","","5"
"SpawnerDudeFlyWinloop","mrp_fly_win.glb","179","226","","","","","","true","","1"
"SpawnerDudeFlyLose","mrp_fly_lose.glb","","239","","","","","","","","5"
"SpawnerDudeFlyLoseloop","mrp_fly_lose.glb","190","240","","","","","","true","","1"
"SpawnerDudeFlyPortrait","mrp_portrait.glb","","-1","","","","","","true","","5"
"SpawnerDudeTurretFlyIdle","mrp_fly_spawn_init.glb","82","-1","","","","","","true","","1"
"SpawnerDudeTurretFlySpawn","mrp_fly_spawn_init.glb","","84","","","","","","","","5"
"SpawnerDudeTurretFlySpawnLoop","mrp_fly_spawn_init.glb","84","100","","","","","","true","","1"
"EveIdle","eve_idle.glb","1","-1","-1","","400","400","","true","",""
"EveWalk","eve_walk.glb","","-1","-1","","400","400","","true","","1"
"EveBabyIdle","eve_baby_mothra_idle.glb","","-1","-1","","100","100","","true","",""
"EveBabyWalk","eve_baby_mothra_walk.glb","","-1","-1","","100","100","","true","",""
"EveBabyAttack","eve_baby_mothra_attack.glb","","-1","-1","","100","100","","true","",""
"EveEggIdle","eve_ufo_mini_idle.glb","","-1","-1","","100","100","","true","",""
"EveAttack","eve_attack.glb","","4","-1","","","","","","","3"
"EveAttackRecoil","eve_attack.glb","5","-1","-1","","","100","300","","","4"
"EveSuper","eve_super.glb","","-1","-1","","","","","true","","3"
"EveSuperRecoil","eve_super.glb","","-1","-1","","","100","100","","","4"
"SpawnerPetFlyIdle","mrp_count_pengula_pet_idle.glb","","-1","","","100","100","100","true","","1"
"SpawnerPetFlyWalk","mrp_count_pengula_pet_walk.glb","","-1","","","100","100","100","true","",""
"SpawnerPetFlyAttack","mrp_count_pengula_pet_attack.glb","4","15","-1","","","100","100","","","3"
"RosaMantisIdle","rosa_mantis_idle.glb","1","25","","","100","100","","true","",""
"RosaMantisWalk","rosa_mantis_walk.glb","1","24","","","100","100","","true","","1"
"RosaMantisAttack","rosa_mantis_attack.glb","1","11","","","100","100","50","","","hips_s#3+L_upperLeg_s#0+R_upperLeg_s#0"
"RosaMantisAttackRecoil","rosa_mantis_attack.glb","12","19","","","1","100","100","","","hips_s#4+L_upperLeg_s#0+R_upperLeg_s#0"
"RosaMantisAttackRecoil2","rosa_mantis_attack.glb","20","28","","","1","100","100","","","hips_s#5+L_upperLeg_s#0+R_upperLeg_s#0"
"RosaMantisUltRecoil","rosa_mantis_ult.glb","","-1","","","1","100","200","","","hips_s#4+L_upperLeg_s#0+R_upperLeg_s#0"
"RosaMantisUltRecoil2","rosa_mantis_detransform.glb","","30","","","1","100","200","","","hips_s#4+L_upperLeg_s#0+R_upperLeg_s#0"
"RosaMantisWin","rosa_mantis_win.glb","1","112","","","","","100","","",""
"RosaMantisWinloop","rosa_mantis_win.glb","113","155","","","","","100","true","",""
"RosaMantisLose","rosa_mantis_lose.glb","1","86","","","","","","","",""
"RosaMantisLoseloop","rosa_mantis_lose.glb","87","159","","","","","","true","",""
"RosaMantisProfile","rosa_mantis_portrait.glb","1","1","","","","","","true","",""
"CrossBomberEasterIdle","grom_easter_idle.glb","1","33","","","200","200","","true","",""
"CrossBomberEasterWalk","grom_easter_walk.glb","1","26","","120","150","150","","true","","1"
"CrossBomberEasterAttack","grom_easter_attack.glb","","5","","","","100","50","","","hips_s#3+L_upperLeg_s#0+R_upperLeg_s#0"
"CrossBomberEasterSecondary","grom_easter_attack.glb","3","20","","","100","100","50","","","5"
"CrossBomberEasterRecoil","grom_easter_attack.glb","5","20","","","","","50","","","hips_s#5+L_upperLeg_s#0+R_upperLeg_s#0"
"CrossBomberEasterPushback","grom_easter_idle.glb","","10","","","50","100","50","","","5"
"CrossBomberEasterWin","grom_easter_win.glb","1","120","","","","200","","","","5"
"CrossBomberEasterWinloop","grom_easter_win.glb","121","173","","","100","100","","true","","1"
"CrossBomberEasterLose","grom_easter_lose.glb","1","142","","","","300","300","","","5"
"CrossBomberEasterLoseloop","grom_easter_lose.glb","143","190","","","100","100","","true","","1"
"CrossBomberEasterProfile","grom_easter_portrait_cam.glb","1","1","","","","","","true","","5"
"BowDudeWaspIdle","bo_wasp_idle.glb","1","29","","","100","100","","true","",""
"BowDudeWaspWalk","bo_wasp_walk.glb","1","20","","","100","100","","true","","1"
"BowDudeWaspAttack","bo_wasp_attack.glb","1","12","","","50","50","350","","","hips_s#4+L_upperLeg_s#0+R_upperLeg_s#0"
"BowDudeWaspSecondary","bo_wasp_attack.glb","1","12","","","50","50","350","true","","hips_s#4+L_upperLeg_s#0+R_upperLeg_s#0"
"BowDudeWaspRecoil","bo_wasp_attack.glb","13","30","","","50","50","350","","","hips_s#4+L_upperLeg_s#0+R_upperLeg_s#0"
"BowDudeWaspRecoil2","bo_wasp_attack.glb","13","30","","","50","50","350","","","hips_s#4+L_upperLeg_s#0+R_upperLeg_s#0"
"BowDudeWaspWin","bo_wasp_win.glb","","129","","","","","","","",""
"BowDudeWaspWinloop","bo_wasp_win.glb","130","167","","","","","","true","",""
"BowDudeWaspLose","bo_wasp_lose.glb","1","162","","","","","","","",""
"BowDudeWaspLoseloop","bo_wasp_lose.glb","163","201","","","","","","true","",""
"BowDudeWaspProfile","bo_wasp_portrait_cam.glb","1","1","","","","","","","",""
"FleaSpaceCactusIdle","eve_space_cactus_idle.glb","1","57","-1","","400","400","","true","",""
"FleaSpaceCactusWalk","eve_space_cactus_walk.glb","","28","-1","","400","400","","true","","1"
"FleaSpaceCactusAttack","eve_space_cactus_attack.glb","","29","-1","","","","","","","3"
"FleaSpaceCactusSuper","eve_space_cactus_super.glb","","33","-1","","","","","true","","3"
"FleaSpaceCactusAttackRecoil","eve_space_cactus_attack.glb","5","29","-1","","","100","300","","","4"
"FleaSpaceCactusSuperRecoil","eve_space_cactus_super.glb","","33","-1","","","100","100","","","4"
"FleaPetSpaceCactusIdle","eve_space_cactus_baby_idle.glb","","13","-1","","100","100","","true","",""
"FleaPetSpaceCactusWalk","eve_space_cactus_baby_walk.glb","","14","-1","","100","100","","true","",""
"FleaPetSpaceCactusAttack","eve_space_cactus_baby_attack.glb","","13","-1","","100","100","","true","",""
"FleaBigEggSpaceCactusIdle","eve_space_cactus_egg_idle.glb","","-1","-1","","100","100","","true","",""
"EvePushback","eve_pushback.glb","","25","-1","","","400","500","","","5"
"TrickshotDudeFireflyIdle","rico_firefly_idle.glb","","-1","","","100","100","","true","",""
"TrickshotDudeFireflyWalk","rico_firefly_walk.glb","","25","","","100","100","","true","","1"
"TrickshotDudeFireflyPrimary","rico_firefly_attack.glb","5","8","","","100","","","","","hips_s#3+L_upperLeg_s#0+R_upperLeg_s#0"
"TrickshotDudeFireflySecondary","rico_firefly_attack.glb","5","8","","","100","","","","","hips_s#3+L_upperLeg_s#0+R_upperLeg_s#0"
"TrickshotDudeFireflyRecoil","rico_firefly_attack.glb","10","30","","150","","","100","","","hips_s#4+L_upperLeg_s#0+R_upperLeg_s#0"
"TrickshotDudeFireflyReload","rico_firefly_idle.glb","1","2","","","200","200","200","","",""
"TrickshotDudeFireflyPushback","rico_firefly_idle.glb","","-1","","","200","100","200","","","5"
"TrickshotDudeFireflyWin","rico_firefly_win.glb","1","99","","","","","","","",""
"TrickshotDudeFireflyWinloop","rico_firefly_win.glb","99","137","","","","","","true","",""
"TrickshotDudeFireflyLose","rico_firefly_lose.glb","1","116","","","","","","","",""
"TrickshotDudeFireflyLoseloop","rico_firefly_lose.glb","117","262","","","","","","true","",""
"TrickshotDudeFireflyProfile","rico_firefly_idle.glb","1","1","","","","","","","",""
"EnragerVineIdle","edgar_plant_idle.glb","1","44","-1","","100","100","","true","","R_scarf_01_s#1+L_scarf_01_s#1"
"EnragerVineWalk","edgar_plant_walk.glb","1","22","-1","","100","100","","true","","1"
"EnragerVineAttack","edgar_plant_attack.glb","1","5","-1","","","","","","","hips_s#3+L_upperLeg_s#0+R_upperLeg_s#0"
"EnragerVineSuper","edgar_plant_super.glb","5","50","-1","","","250","250","","","3"
"EnragerVineRecoil","edgar_plant_attack.glb","6","30","-1","","","200","200","","","hips_s#4+L_upperLeg_s#0+R_upperLeg_s#0"
"EnragerVinePushback","edgar_plant_pushback.glb","","-1","-1","","50","100","100","","","5"
"EnragerVineWin","edgar_plant_win.glb","","122","-1","","","","","","",""
"EnragerVineWinloop","edgar_plant_win.glb","123","204","-1","","","","","true","",""
"EnragerVineLose","edgar_plant_lose.glb","","126","-1","","","","","","",""
"EnragerVineLoseloop","edgar_plant_lose.glb","127","232","-1","","","","","true","",""
"EnragerVineProfile","edgar_plant_portrait_cam.glb","140","204","-1","","","","","","",""
"FleaDefaultHappy","eve_win.glb","","-1","-1","","","","","","",""
"FleaDefaultHappyLoop","eve_win_loop.glb","","-1","-1","","","","","true","",""
"FleaDefaultSad","eve_lose.glb","","109","-1","","","","","","",""
"FleaDefaultSadLoop","eve_lose_loop.glb","","-1","-1","","","","","true","",""
"MechaDudeRhinoIdle","meg_beetle_idle.glb","","-1","-1","","100","100","","true","",""
"MechaDudeRhinoWalk","meg_beetle_walk.glb","","-1","-1","","100","100","","true","","1"
"MechaDudeRhinoAttack","meg_beetle_attack.glb","","4","-1","","50","","","","","hips_s#3+L_upperLeg_s#0+R_upperLeg_s#0"
"MechaDudeRhinoSuper","meg_beetle_super.glb","","38","-1","","","","","","",""
"MechaDudeRhinoRecoil","meg_beetle_attack.glb","4","15","-1","","","","50","","","hips_s#4+L_upperLeg_s#0+R_upperLeg_s#0"
"MechaDudeRhinoSuperRecoil","meg_beetle_super.glb","30","-1","-1","","","","50","","",""
"MechaDudeRhinoReload","meg_beetle_idle.glb","","","-1","","200","200","50","","","hips_s#3+L_upperLeg_s#0+R_upperLeg_s#0"
"MechaDudeRhinoBeaPushback","bea_pushback.glb","","-1","","","25","100","200","","","5"
"MechaDudeRhinoWin","meg_beetle_win.glb","","158","-1","","","","","","","5"
"MechaDudeRhinoWinloop","meg_beetle_win.glb","101","133","-1","","","","","true","","1"
"MechaDudeRhinoLose","meg_beetle_lose.glb","","133","-1","","","","","","","5"
"MechaDudeRhinoLoseloop","meg_beetle_lose.glb","134","164","-1","","","","","true","","1"
"MechaDudeRhinoPortrait","meg_portrait.glb","","-1","-1","","","","","","",""
"WallyWeirdPlantIdle","sprout_weird_plant_idle.glb","","115","","","100","100","","true","",""
"WallyWeirdPlantWalk","sprout_weird_plant_walk.glb","1","29","","","100","100","","true","","1"
"WallyWeirdPlantPrimary","sprout_weird_plant_attack.glb","","29","","","","","","","","body_s#3+L_wheel_s#0+R_wheel_s#0"
"WallyWeirdPlantRecoil","sprout_weird_plant_attack.glb","5","20","","","","","100","","","body_s#4+L_wheel_s#0+R_wheel_s#0"
"WallyWeirdPlantReload","sprout_weird_plant_reload.glb","","20","","","100","100","100","","","body_s#0+L_arm_01_s#4+L_wheel_s#0+R_wheel_s#0"
"WallyWeirdPlantPushback","sprout_weird_plant_pushback.glb","","10","","","50","100","100","","","5"
"WallyWeirdPlantWin","sprout_weird_plant_win.glb","","278","","","","","","","",""
"WallyWeirdPlantWinloop","sprout_weird_plant_win.glb","141","280","","","","","","true","",""
"WallyWeirdPlantLose","sprout_weird_plant_lose.glb","","199","","","","","","","",""
"WallyWeirdPlantLoseloop","sprout_weird_plant_lose.glb","81","201","","","","","","true","",""
"WallyWeirdPlantPortrait","sprout_weird_plant_portrait_cam.glb","50","50","","","","","","true","",""
"ElectroSniperPlanthunterIdle","belle_planthunter_idle.glb","","-1","-1","","100","100","","true","",""
"ElectroSniperPlanthunterWalk","belle_planthunter_walk.glb","","-1","-1","","100","100","","true","","1"
"ElectroSniperPlanthunterAttack","belle_planthunter_attack.glb","1","4","-1","","50","","","","","hips_s#3+L_upperLeg_s#0+R_upperLeg_s#0"
"ElectroSniperPlanthunterRecoil","belle_planthunter_attack.glb","","25","-1","","","","200","","","hips_s#4+L_upperLeg_s#0+R_upperLeg_s#0"
"ElectroSniperPlanthunterPushback","belle_pushback.glb","","10","-1","","50","","50","","",""
"ElectroSniperPlanthunterWin","belle_planthunter_win.glb","","148","-1","","","","","","",""
"ElectroSniperPlanthunterWinloop","belle_planthunter_win.glb","149","184","-1","","","","","true","",""
"ElectroSniperPlanthunterLose","belle_planthunter_lose.glb","","167","-1","","","","","","",""
"ElectroSniperPlanthunterLoseloop","belle_planthunter_lose.glb","168","-1","-1","","","","","true","",""
"ElectroSniperPlanthunterPortrait","belle_biodome_portrait_cam.glb","","","-1","","","","","","",""
"FleaDefaultProfile","eve_portrait.glb","101","-1","-1","","","","","","",""
"MechaDudeBigRhinoIdle","meg_beetle_mecha_idle.glb","","-1","-1","","200","200","","true","",""
"MechaDudeBigRhinoWalk","meg_beetle_mecha_walk.glb","","-1","-1","","200","200","","true","","1"
"MechaDudeBigRhinoAttack","meg_beetle_mecha_attack_l.glb","","5","-1","","100","","","","","hips_s#3+L_upperLeg_s#0+R_upperLeg_s#0"
"MechaDudeBigRhinoSuper","meg_beetle_mecha_super.glb","","5","-1","","","","","","","hips_s#3+L_upperLeg_s#0+R_upperLeg_s#0"
"MechaDudeBigRhinoRecoilL","meg_beetle_mecha_attack_l.glb","2","20","-1","","","100","100","","","hips_s#4+L_upperLeg_s#0+R_upperLeg_s#0"
"MechaDudeBigRhinoRecoilR","meg_beetle_mecha_attack_r.glb","2","20","-1","","","100","100","","","hips_s#4+L_upperLeg_s#0+R_upperLeg_s#0"
"MechaDudeBigRhinoSuperRecoil","meg_beetle_mecha_super.glb","6","-1","-1","","","","200","","","hips_s#4+L_upperLeg_s#0+R_upperLeg_s#0"
"MechaDudeBigRhinoDarrylDroidReload","droid_darryl_idle.glb","","10","","","800","800","800","","","hips_s#3+L_upperLeg_s#0+R_upperLeg_s#0"
"MechaDudeBigRhinoDarrylDroidPushback","droid_darryl_pushback.glb","1","10","","","50","100","200","","","5"
"MechaDudeBigRhinoWin","meg_mecha_beetle_win.glb","","-1","-1","","","","","","",""
"FleaSpaceCactusProfile","eve_portrait_cam.glb","","-1","-1","","","","","","",""
"FleaSpaceCactusHappy","eve_space_cactus_win.glb","","154","-1","","","","","","",""
"FleaSpaceCactusHappyLoop","eve_space_cactus_win.glb","155","-1","-1","","","","","true","",""
"FleaSpaceCactusSad","eve_space_cactus_lose.glb","","159","-1","","","","","","",""
"FleaSpaceCactusSadLoop","eve_space_cactus_lose.glb","160","-1","-1","","","","","true","",""
"RosaMantisIdle_transform","rosa_mantis_idle_transform.glb","1","25","","","100","100","","true","",""
"RosaMantisWalk_transform","rosa_mantis_walk_transform.glb","1","24","","","100","100","","true","","1"
"RosaMantisAttack_transform","rosa_mantis_attack_transform.glb","1","11","","","100","100","50","","","hips_s#3+L_upperLeg_s#0+R_upperLeg_s#0"
"RosaMantisAttackRecoil_transform","rosa_mantis_attack_transform.glb","12","19","","","1","100","100","","","hips_s#4+L_upperLeg_s#0+R_upperLeg_s#0"
"RosaMantisAttackRecoil2_transform","rosa_mantis_attack_transform.glb","20","28","","","1","100","100","","","hips_s#4+L_upperLeg_s#0+R_upperLeg_s#0"
"FleaDefaultSadEnter","eve_lose.glb","","","-1","","","","","","",""
"CactusFireproofIdle","spike_idle.glb","","-1","","","100","100","","true","",""
"CactusFireproofWalk","spike_walk.glb","","-1","","","100","100","","true","","1"
"CactusFireproofPrimary","spike_attack.glb","8","20","","","","","100","","","hips_s#4+L_upperLeg_s#0+R_upperLeg_s#0"
"CactusFireproofSecondary","spike_attack.glb","5","20","","","","","100","","","hips_s#4+L_upperLeg_s#0+R_upperLeg_s#0"
"CactusFireproofRecoil","spike_attack.glb","8","20","","","","","100","","","hips_s#4+L_upperLeg_s#0+R_upperLeg_s#0"
"CactusFireproofRecoil2","spike_attack.glb","5","20","","","","","100","","","hips_s#4+L_upperLeg_s#0+R_upperLeg_s#0"
"CactusFireproofReload","spike_idle.glb","1","2","","","200","200","200","","","5"
"CactusFireproofWin","spike_fireproof_win.glb","1","117","","","","","","","","5"
"CactusFireproofWinloop","spike_fireproof_win.glb","66","117","","","","","","true","","1"
"CactusFireproofLose","spike_fireproof_lose.glb","1","158","","","","","","","","5"
"CactusFireproofLoseloop","spike_fireproof_lose.glb","158","158","","","","","","true","","1"
"CactusFireproofProfile","spike_win.glb","34","34","","","","","","","","5"
"BarrelBotCrashIdle","darryl_idle.glb","1","-1","","","100","100","","true","",""
"BarrelBotCrashWalk","darryl_walk.glb","1","20","","","100","100","","true","","1"
"BarrelBotCrashPrimary","darryl_attack.glb","","10","","","100","100","100","","","hips_s#3+L_upperLeg_s#0+R_upperLeg_s#0"
"BarrelBotCrashBarrelbotSecondary","darryl_crashtest_super.glb","","29","","","1","1","1","true","","5"
"BarrelBotCrashRecoil","darryl_recoil_01.glb","1","10","","","","100","100","","","hips_s#4+L_upperLeg_s#0+R_upperLeg_s#0"
"BarrelBotCrashRecoil2","darryl_recoil_02.glb","1","10","","","","100","100","","","hips_s#4+L_upperLeg_s#0+R_upperLeg_s#0"
"BarrelBotCrashReload","darryl_idle.glb","","-1","","","800","800","800","","","hips_s#3+L_upperLeg_s#0+R_upperLeg_s#0"
"BarrelBotCrashPushback","darryl_pushback.glb","1","10","","","50","100","200","","","5"
"BarrelBotCrashBarrelbotWin","darryl_crashtest_win.glb","","117","","","","","","","",""
"BarrelBotCrashBarrelbotWinloop","darryl_crashtest_win.glb","118","148","","","","","","true","",""
"BarrelBotCrashBarrelbotLose","darryl_crashtest_lose.glb","","116","","","","","200","","",""
"BarrelBotCrashBarrelbotLoseloop","darryl_crashtest_lose.glb","117","155","","","","","","true","",""
"BarrelBotCrashHide","darryl_crashtest_win.glb","","1","","","200","200","100","true","",""
"BarrelBotCrashProfile","droid_darryl_win.glb","44","44","","","","","","","",""
"WhirlwindBikerIdle","carl_stuntman_idle.glb","","-1","","","100","100","","true","",""
"WhirlwindBikerWalk","carl_stuntman_walk.glb","","-1","","","100","100","","true","","1"
"WhirlwindBikerAttack","carl_stuntman_attack.glb","1","5","","","100","100","100","","","hips_s#4+L_upperLeg_s#0+R_upperLeg_s#0"
"WhirlwindBikerSecondary","carl_stuntman_super.glb","1","59","","","200","200","200","true","","5"
"WhirlwindBikerAttackRecoil","carl_stuntman_attack.glb","5","35","","","100","200","200","","","hips_s#4+L_upperLeg_s#0+R_upperLeg_s#0"
"WhirlwindBikerSecondaryRecoil","carl_stuntman_super.glb","1","59","","","","","","true","","5"
"WhirlwindBikerReload","carl_stuntman_attack.glb","17","25","","","100","100","100","","","5"
"WhirlwindBikerWin","carl_stuntman_win.glb","","138","","","","","","","",""
"WhirlwindBikerWinloop","carl_stuntman_win.glb","139","173","","","","","","true","",""
"WhirlwindBikerLose","carl_stuntman_lose.glb","","158","","","","","","","",""
"WhirlwindBikerLoseloop","carl_stuntman_lose.glb","158","158","","","","","","true","",""
"WhirlwindBikerProfile","carl_base_cam.glb","1","10","","","","","","true","",""
"SpawnerDudeDarumaIdle","mrp_daruma_idle.glb","","-1","","","100","100","100","true","","1"
"SpawnerDudeDarumaWalk","mrp_daruma_walk.glb","1","-1","","","100","100","100","true","",""
"SpawnerDudeDarumaAttack","mrp_daruma_attack.glb","","5","","","","","","","","R_gunbone_01_s#4+hips_s#4+L_upperLeg_s#0+R_upperLeg_s#0"
"SpawnerDudeDarumaRecoil","mrp_daruma_attack.glb","6","20","","","","200","50","","","R_gunbone_01_s#5+hips_s#5+L_upperLeg_s#0+R_upperLeg_s#0"
"SpawnerDudeDarumaPushBack","mrp_daruma_idle.glb","","-1","","","100","100","100","","","5"
"SpawnerDudeDarumaWin","mrp_daruma_win.glb","","130","","","","","","","","5"
"SpawnerDudeDarumaWinloop","mrp_daruma_win.glb","131","170","","","","","","true","","1"
"SpawnerDudeDarumaLose","mrp_daruma_lose.glb","","184","","","","","","","","5"
"SpawnerDudeDarumaLoseloop","mrp_daruma_lose.glb","185","224","","","","","","true","","1"
"SpawnerDudeDarumaPortrait","mrp_daruma_portrait.glb","1","1","","","","","","","","5"
"SnakeOilVillainIdle","byron_villain_idle.glb","1","59","-1","","120","120","","true","",""
"SnakeOilVillainWalk","byron_villain_walk.glb","1","-1","-1","","100","100","","true","","1"
"SnakeOilVillainAttack","byron_villain_attack.glb","1","5","-1","","","","","","","hips_s#3+L_upperLeg_s#0+R_upperLeg_s#0"
"SnakeOilVillainSuper","byron_villain_super.glb","1","5","-1","","","","","","","hips_s#3+L_upperLeg_s#0+R_upperLeg_s#0"
"SnakeOilVillainRecoil","byron_villain_attack.glb","5","30","-1","","","","120","","","hips_s#4+L_upperLeg_s#0+R_upperLeg_s#0"
"SnakeOilVillainSuperRecoil","byron_villain_super.glb","5","30","-1","","","","120","","","hips_s#4+L_upperLeg_s#0+R_upperLeg_s#0"
"SnakeOilVillainPushback","byron_villain_pushback.glb","","-1","-1","","","","","","","5"
"SnakeOilVillainWin","byron_villain_win_120..glb","1","624","","","","","","","",""
"SnakeOilVillainWinloop","byron_villain_win.glb","157","-1","","","","","","true","",""
"SnakeOilVillainLose","byron_villain_lose.glb","1","186","","","","","","","",""
"SnakeOilVillainLoseloop","byron_villain_lose.glb","187","199","","","","","","true","",""
"SnakeOilVillainProfile","byron_villain_portrait.glb","1","1","-1","","","","","","",""
"SpawnerDudeTurretDarumaIdle","mrp_spawner_idle.glb","","-1","","","","","","true","","1"
"SpawnerDudeTurretDarumaSpawn","mrp_spawner_spawn.glb","","84","","","","","","","","5"
"SpawnerDudeTurretDarumaSpawnLoop","mrp_spawner_spawn.glb","84","100","","","","","","true","","1"
"SpawnerPetDarumaIdle","mrp_pet_idle.glb","","-1","","","100","100","100","true","","1"
"SpawnerPetDarumaWalk","mrp_count_pengula_pet_walk.glb","","-1","","","100","100","100","true","",""
"SpawnerPetDarumaAttack","mrp_count_pengula_pet_attack.glb","4","15","-1","","","100","100","","","3"
"CannonGirlDefaultIdle","clyde_idle_anim.glb","","58","","","100","100","","true","",""
"CannonGirlDefaultWalk","clyde_run_anim.glb","","68","","","100","100","","true","","1"
"CannonGirlDefaultAttack","clyde_reindeer_attack.glb","","6","","","","50","","","","3"
"CannonGirlDefaultAttackRecoil","clyde_attack_anim.glb","6","25","","","50","","100","","","4"
"CannonGirlDefaultReload","clyde_idle_anim.glb","1","15","","","1000","1000","100","","","5"
"CannonGirlDefaultPushback","carl_pirate_pushback.glb","","-1","","","50","200","100","","","5"
"CannonGirlDefaultWin","clyde_win_anim.glb","","198","","","","","","","",""
"CannonGirlDefaultWinloop","clyde_win_anim.glb","134","200","","","","","","true","",""
"CannonGirlDefaultLose","clyde_lose_anim.glb","","113","","","","","","","",""
"CannonGirlDefaultLoseloop","clyde_lose_anim.glb","114","248","","","","","","true","",""
"CannonGirlDefaultProfile","clyde_pose_portrait.glb","30","30","","","","","","true","",""
"CannonGirlSmallDefaultIdle","bonnie_idle_anim.glb","","68","","","100","100","","true","",""
"CannonGirlSmallDefaultWalk","bonnie_run_anim.glb","","215","","129","100","100","","true","","1"
"CannonGirlSmallDefaultAttack","bonnie_reindeer_attack.glb","1","22","","","150","150","10","","","spine_lower_s#4"
"CannonGirlSmallDefaultMegSuper","bonnie_summonclyde_anim.glb","5","38","-1","","","","","","",""
"CannonGirlSmallDefaultRecoil","bonnie_attack_anim.glb","1","2","","","1000","1000","10","","","spine_lower_s#4"
"CannonGirlSmallDefaultRecoil2","bonnie_attack_anim.glb","1","22","","","1500","1000","10","","","spine_lower_s#4"
"CannonGirlSmallDefaultMegSuperRecoil","bonnie_summonclyde_anim.glb","30","39","-1","","1000","1000","50","","",""
"CannonGirlSmallDefaultLouchadorSecondary","bonnie_superfly_anim.glb","","60","","","100","100","","","","5"
"CannonGirlSmallDefaultReload","bonnie_idle_anim.glb","","-1","","","10000","10000","100","","","ChestBone#2"
"CannonGirlSmallDefaultPushback","leon_pushback.glb","1","34","","","100","100","100","","","5"
"CannonGirlSmallDefaultWin","bonnie_idle_anim.glb","1","84","","","","10","100","","","5"
"CannonGirlSmallDefaultWinloop","bonnie_idle_anim.glb","84","111","","","10","","","true","","1"
"CannonGirlSmallDefaultLose","bonnie_idle_anim.glb","1","45","","","","","","","","5"
"CannonGirlSmallDefaultLoseloop","bonnie_idle_anim.glb","45","50","","","","","","true","","1"
"CannonGirlSmallDefaultProfile","bonnie_idle_anim.glb","1","1","","","","","","true","","5"
"BlackHoleDeviousIdle","tara_devious_idle.glb","1","-1","","","200","","","true","","5"
"BlackHoleDeviousWalk","tara_devious_walk.glb","1","20","","80","200","","200","true","","1"
"BlackHoleDeviousPrimary","tara_attack.glb","1","4","","","","","200","","","hips_s#4+L_upperLeg_s#0+R_upperLeg_s#0"
"BlackHoleDeviousSecondary","tara_devious_super.glb","1","4","","","","","200","","","hips_s#4+L_upperLeg_s#0+R_upperLeg_s#0"
"BlackHoleDeviousRecoil","tara_attack.glb","4","20","","","","","200","","","hips_s#4+L_upperLeg_s#0+R_upperLeg_s#0"
"BlackHoleDeviousSecondaryRecoil","tara_devious_super.glb","4","22","","","","","200","","","hips_s#4+L_upperLeg_s#0+R_upperLeg_s#0"
"BlackHoleDeviousReload","tara_devious_idle.glb","1","12","","","","","50","","",""
"BlackHoleDeviousWin","tara_devious_win.glb","1","130","","","","","","","","5"
"BlackHoleDeviousWinloop","tara_devious_win.glb","131","179","","","","","","true","","1"
"BlackHoleDeviousLose","tara_devious_lose.glb","1","144","","","","","","","",""
"BlackHoleDeviousLoseloop","tara_devious_lose.glb","145","187","","","","","","true","",""
"BlackHoleDeviousProfile","tara_devious_portrait.glb","1","1","","","","","","","","5"
"JanetIdle","janet_idle.glb","","-1","-1","","100","100","","true","",""
"JanetWalk","janet_walk.glb","","-1","-1","80","100","100","","true","","1"
"JanetAttack","janet_elf_attack.glb","","5","-1","","","","","","","hips_s#3+L_upperLeg_s#0+R_upperLeg_s#0"
"JanetSuper","janet_super.glb","","-1","-1","","200","200","250","true","","4"
"JanetAttackRecoil","janet_attack.glb","1","-1","-1","","","","200","","","hips_s#4+L_upperLeg_s#0+R_upperLeg_s#0"
"JanetWin","janet_win.glb","","206","-1","","100","","","","",""
"JanetWinloop","janet_win.glb","206","234","-1","","","","","true","",""
"JanetLose","janet_lose.glb","","132","-1","","","","","","",""
"JanetLoseloop","janet_lose.glb","132","192","-1","","","","","true","",""
"DuplicatorVillainIdle","lolla_starforce_idle.glb","","-1","-1","","100","100","","true","",""
"DuplicatorVillainWalk","lolla_starforce_walk.glb","","-1","-1","","100","100","","true","","1"
"DuplicatorVillainAttack","lolla_starforce_attack.glb","","4","-1","","50","","","","","hips_s#3+L_upperLeg_s#0+R_upperLeg_s#0"
"DuplicatorVillainSuper","lolla_starforce_super.glb","","4","-1","","","","","true","","hips_s#3+L_upperLeg_s#0+R_upperLeg_s#0"
"DuplicatorVillainRecoil","lolla_starforce_attack.glb","5","17","-1","","","","100","","","hips_s#4+L_upperLeg_s#0+R_upperLeg_s#0"
"DuplicatorVillainSuperRecoil","lolla_starforce_super.glb","4","18","-1","","","","100","","","hips_s#4+L_upperLeg_s#0+R_upperLeg_s#0"
"DuplicatorVillainPushback","lolla_pushback.glb","","10","-1","","20","","100","","",""
"DuplicatorVillainWin","lolla_starforce_win.glb","","181","-1","","","","","","",""
"DuplicatorVillainWinloop","lolla_starforce_win.glb","182","-1","-1","","","","","true","",""
"DuplicatorVillainLose","lolla_starforce_lose.glb","","103","-1","","","","","","",""
"DuplicatorVillainLoseloop","lolla_starforce_lose.glb","104","134","-1","","","","","true","",""
"DuplicatorVillainPortrait","lolla_starforce_idle.glb","","","-1","","","","","","",""
"MechaDudeBigMonsterTruckIdle","meg_monstertruck_mecha_idle.glb","","-1","-1","","200","200","","true","",""
"MechaDudeBigMonsterTruckWalk","meg_monstertruck_mecha_walk.glb","","-1","-1","","200","200","","true","","1"
"MechaDudeBigMonsterTruckAttack","meg_monstertruck_mecha_attack_l.glb","","5","-1","","100","","","","","hips_s#3+L_upperLeg_s#0+R_upperLeg_s#0"
"MechaDudeBigMonsterTruckSuper","meg_monstertruck_mecha_super.glb","","5","-1","","","","","","","hips_s#3+L_upperLeg_s#0+R_upperLeg_s#0"
"MechaDudeBigMonsterTruckRecoilL","meg_monstertruck_mecha_attack_l.glb","2","20","-1","","","100","100","","","hips_s#4+L_upperLeg_s#0+R_upperLeg_s#0"
"MechaDudeBigMonsterTruckRecoilR","meg_monstertruck_mecha_attack_r.glb","2","20","-1","","","100","100","","","hips_s#4+L_upperLeg_s#0+R_upperLeg_s#0"
"MechaDudeBigMonsterTruckSuperRecoil","meg_monstertruck_mecha_super.glb","6","-1","-1","","","","200","","","hips_s#4+L_upperLeg_s#0+R_upperLeg_s#0"
"MechaDudeBigMonsterTruckDarrylDroidReload","droid_darryl_idle.glb","","10","","","800","800","800","","","hips_s#3+L_upperLeg_s#0+R_upperLeg_s#0"
"MechaDudeBigMonsterTruckDarrylDroidPushback","droid_darryl_pushback.glb","1","10","","","50","100","200","","","5"
"MechaDudeBigMonsterTruckWin","meg_mech_win.glb","","-1","-1","","","","","","",""
"MechaDudeMonsterTruckIdle","meg_idle.glb","","-1","-1","","100","100","","true","",""
"MechaDudeMonsterTruckWalk","meg_walk.glb","","-1","-1","","100","100","","true","","1"
"MechaDudeMonsterTruckAttack","meg_attack.glb","","4","-1","","50","","","","","hips_s#3+L_upperLeg_s#0+R_upperLeg_s#0"
"MechaDudeMonsterTruckSuper","meg_super.glb","","38","-1","","","","","","",""
"MechaDudeMonsterTruckRecoil","meg_attack.glb","4","15","-1","","","","50","","","hips_s#4+L_upperLeg_s#0+R_upperLeg_s#0"
"MechaDudeMonsterTruckSuperRecoil","meg_super.glb","30","-1","-1","","","","50","","",""
"MechaDudeMonsterTruckReload","meg_idle.glb","","","-1","","200","200","50","","","hips_s#3+L_upperLeg_s#0+R_upperLeg_s#0"
"MechaDudeMonsterTruckBeaPushback","bea_pushback.glb","","-1","","","25","100","200","","","5"
"MechaDudeMonsterTruckWin","meg_monstertruck_win.glb","","170","-1","","","","","","","5"
"MechaDudeMonsterTruckWinloop","meg_monstertruck_win.glb","138","170","-1","","","","","true","","1"
"MechaDudeMonsterTruckLose","meg_monstertruck_lose.glb","","169","-1","","","","","","","5"
"MechaDudeMonsterTruckLoseloop","meg_monstertruck_lose.glb","137","169","-1","","","","","true","","1"
"MechaDudeMonsterTruckPortrait","meg_portrait.glb","","-1","-1","","","","","","",""
"MegAddonMonstertruckWalk","meg_driver_monstertruck_walk.glb","","-1","-1","","200","200","","true","","1"
"CannonGirlVillainIdle","clyde_villain_idle.glb","","58","","","100","100","","true","",""
"CannonGirlVillainWalk","clyde_villain_run.glb","","68","","","100","100","","true","","1"
"CannonGirlVillainAttack","clyde_villain_attack.glb","","6","","","","50","","","","3"
"CannonGirlVillainAttackRecoil","clyde_villain_attack.glb","6","25","","","50","","100","","","4"
"CannonGirlVillainReload","clyde_idle_anim.glb","1","15","","","1000","1000","100","","","5"
"CannonGirlVillainPushback","carl_pirate_pushback.glb","","-1","","","50","200","100","","","5"
"CannonGirlVillainWin","clyde_villain_win.glb","","163","","","","","","","",""
"CannonGirlVillainWinloop","clyde_villain_win.glb","109","163","","","","","","true","",""
"CannonGirlVillainLose","clyde_villain_lose.glb","","168","","","","","","","",""
"CannonGirlVillainLoseloop","clyde_villain_lose.glb","138","168","","","","","","true","",""
"CannonGirlVillainProfile","clyde_villain_portrait.glb","30","30","","","","","","true","",""
"CannonGirlSmallVillainIdle","bonnie_idle_anim.glb","","68","","","100","100","","true","",""
"CannonGirlSmallVillainWalk","bonnie_run_anim.glb","","215","","129","100","100","","true","","1"
"CannonGirlSmallVillainAttack","bonnie_attack_anim.glb","1","22","","","150","150","10","","","spine_lower_s#4"
"CannonGirlSmallVillainMegSuper","bonnie_summonclyde_anim.glb","5","38","-1","","","","","true","",""
"CannonGirlSmallVillainRecoil","bonnie_attack_anim.glb","1","2","","","1000","1000","10","","","spine_lower_s#4"
"CannonGirlSmallVillainRecoil2","bonnie_attack_anim.glb","1","22","","","1500","1000","10","","","spine_lower_s#4"
"CannonGirlSmallVillainMegSuperRecoil","bonnie_summonclyde_anim.glb","30","39","-1","","1000","1000","50","","",""
"CannonGirlSmallVillainLouchadorSecondary","bonnie_superfly_anim.glb","","60","","","100","100","","","","5"
"CannonGirlSmallVillainReload","bonnie_idle_anim.glb","","1","","","500","500","100","","","ChestBone#2"
"CannonGirlSmallVillainPushback","leon_pushback.glb","1","34","","","100","100","100","","","5"
"CannonGirlSmallVillainWin","bonnie_idle_anim.glb","1","84","","","","10","100","","","5"
"CannonGirlSmallVillainWinloop","bonnie_idle_anim.glb","84","111","","","10","","","true","","1"
"CannonGirlSmallVillainLose","bonnie_idle_anim.glb","1","45","","","","","","","","5"
"CannonGirlSmallVillainLoseloop","bonnie_idle_anim.glb","45","50","","","","","","true","","1"
"CannonGirlSmallVillainProfile","bonnie_idle_anim.glb","1","1","","","","","","","","5"
"JanetPortrait","janet_portrait.glb","","-1","-1","","","","","","",""
"JanetPushback","janet_pushback.glb","","10","-1","","10","","200","","",""
"JetpackGirlValkyrieIdle","janet_valkyrie_idle.glb","","-1","-1","","100","100","","true","",""
"JetpackGirlValkyrieWalk","janet_valkyrie_walk.glb","","-1","-1","80","100","100","","true","","1"
"JetpackGirlValkyrieAttack","janet_valkyrie_attack.glb","","5","-1","","","","","","","hips_s#3+L_upperLeg_s#0+R_upperLeg_s#0"
"JetpackGirlValkyrieSuper","janet_valkyrie_super.glb","","-1","-1","","200","200","250","true","","4"
"JetpackGirlValkyrieAttackRecoil","janet_valkyrie_attack.glb","1","-1","-1","","","","200","","","hips_s#4+L_upperLeg_s#0+R_upperLeg_s#0"
"JetpackGirlValkyriePushback","janet_pushback.glb","","10","-1","","10","","200","","",""
"JetpackGirlValkyrieWin","janet_valkyrie_win.glb","","149","-1","","100","","","","",""
"JetpackGirlValkyrieWinloop","janet_valkyrie_win.glb","150","177","-1","","","","","true","",""
"JetpackGirlValkyrieLose","janet_valkyrie_lose.glb","","194","-1","","","","","","",""
"JetpackGirlValkyrieLoseloop","janet_valkyrie_lose.glb","194","194","-1","","","","","true","",""
"JetpackGirlValkyriePortrait","janet_valkyrie_portrait.glb","","-1","-1","","","","","","",""
"JetpackGirlDamageTowerDefaultIdle","janet_gadget_speakers_idle.glb","","-1","","","","","","true","",""
"JetpackGirlDamageTowerDefaultSpawn","janet_gadget_speakers_idle.glb","","-1","","","","","","","",""
"DrillerCookyIdle","jacky_cooky_idle.glb","1","45","","","100","100","","true","",""
"DrillerCookyWalk","jacky_cooky_walk.glb","1","-1","","","100","100","","true","","1"
"DrillerCookyAttack","jacky_cooky_attack.glb","4","20","","","50","","","true","","3"
"DrillerCookySuper","jacky_cooky_super.glb","1","-1","","120","","","83","true","","3"
"DrillerCookyRecoil","jacky_cooky_attack.glb","6","20","","","","","100","","","4"
"DrillerCookySuperRecoil","jacky_cooky_super.glb","1","-1","","120","","","83","true","","4"
"DrillerCookyHappy","jacky_cooky_win.glb","","89","","","100","","","","",""
"DrillerCookyHappyLoop","jacky_cooky_win.glb","58","89","","","","","","true","",""
"DrillerCookyLose","jacky_cooky_lose.glb","","170","","","","","","","",""
"DrillerCookyLoseloop","jacky_cooky_lose.glb","170","-1","","","","","","true","",""
"DrillerCookyPortrait","jacky_cooky_idle.glb","1","1","","","","","","","",""
"DrillerCookyIntro","jacky_intro.glb","","-1","","","","","","","",""
"SandstormKoyaIdle","sandy_koya_idle.glb","1","128","","","100","100","100","true","","5"
"SandstormKoyaWalk","sandy_koya_walk.glb","1","20","","","100","100","100","true","","1"
"SandstormKoyaAttack","sandy_koya_attack.glb","","5","","","","","100","","","hips_s#4+L_upperLeg_s#0+R_upperLeg_s#0"
"SandstormKoyaRecoil","sandy_koya_attack.glb","","12","","","","","100","","","hips_s#4+L_upperLeg_s#0+R_upperLeg_s#0"
"SandstormKoyaReload","sandy_koya_idle.glb","","10","","","100","100","100","","","hips_s#0+L_upperLeg_s#0+R_upperLeg_s#0"
"SandstormKoyaPushBack","sandy_koya_pushback.glb","","10","","","100","100","100","","",""
"SandstormKoyaWin","sandy_koya_win.glb","1","270","","","","","","","",""
"SandstormKoyaWinloop","sandy_koya_win.glb","143","270","","","","","","true","","1"
"SandstormKoyaLose","sandy_koya_lose.glb","","199","","","","","","","",""
"SandstormKoyaProfile","sandy_koya_portrait.glb","","","","","","","","true","","1"
"BaseballRjIdle","bibi_rj_idle.glb","1","29","","","100","100","","true","",""
"BaseballRjWalk","bibi_rj_walk.glb","1","29","","","120","200","","true","","1"
"BaseballRjPrimary","bibi_rj_attack.glb","","47","","","100","100","100","","","hips_s#4+L_upperLeg_s#0+R_upperLeg_s#0"
"BaseballRjSecondary","bibi_rj_attack.glb","","45","","","100","100","100","true","","hips_s#4+L_upperLeg_s#0+R_upperLeg_s#0"
"BaseballRjRecoil","bibi_rj_attack.glb","22","51","","","1","100","100","","","hips_s#4+L_upperLeg_s#0+R_upperLeg_s#0"
"BaseballRjRecoil2","bibi_rj_attack.glb","17","51","","","100","100","100","","","hips_s#4+L_upperLeg_s#0+R_upperLeg_s#0"
"BaseballRjPushback","bibi_rj_pushback.glb","","-1","","","100","100","100","","","5"
"BaseballRjWin","bibi_rj_win.glb","1","193","","","100","","","","","5"
"BaseballRjWinloop","bibi_rj_win.glb","164","193","","","","","","true","","1"
"BaseballRjLose","bibi_rj_lose.glb","1","134","","","","","","","","5"
"BaseballRjLoseloop","bibi_rj_lose.glb","106","134","","","","","","true","","1"
"BaseballRjProfile","bibi_rj_portrait.glb","","","","","","","","true","","5"
"RuffsChimmyIdle","ruffs_chimmy_idle.glb","1","29","-1","","100","100","","true","",""
"RuffsChimmyWalk","ruffs_chimmy_walk.glb","1","22","-1","","100","100","","true","","1"
"RuffsChimmyAttack","ruffs_chimmy_attack.glb","1","5","-1","","","","","","","hips_s#3+L_upperLeg_s#0+R_upperLeg_s#0"
"RuffsChimmySuper","ruffs_chimmy_super.glb","1","5","-1","","","","","","","hips_s#3+L_upperLeg_s#0+R_upperLeg_s#0"
"RuffsChimmyRecoil","ruffs_chimmy_attack.glb","1","30","-1","","","","120","","","hips_s#4+L_upperLeg_s#0+R_upperLeg_s#0"
"RuffsChimmySuperRecoil","ruffs_chimmy_super.glb","5","20","-1","","","","120","","","hips_s#4+L_upperLeg_s#0+R_upperLeg_s#0"
"RuffsChimmyPushback","ruffs_chimmy_pushback.glb","","-1","-1","","50","100","100","","","5"
"RuffsChimmyWin","ruffs_chimmy_win.glb","1","140","-1","","","","","","",""
"RuffsChimmyWinloop","ruffs_chimmy_win.glb","100","140","-1","","","","","true","",""
"RuffsChimmyLose","ruffs_chimmy_lose.glb","","77","-1","","","","","","",""
"RuffsChimmyLoseloop","ruffs_chimmy_lose.glb","47","-1","-1","","","","","true","",""
"RuffsChimmyPortrait","ruffs_chimmy_portrait.glb","","","-1","","","","","","",""
"BullDudeMangIdle","bull_mang_idle.glb","","29","","","150","150","","true","",""
"BullDudeMangWalk","bull_mang_walk.glb","","21","","","100","100","","true","","1"
"BullDudeMangPrimary","bull_mang_attack.glb","1","3","","","","","","","","hips_s#3+L_upperLeg_s#0+R_upperLeg_s#0"
"BullDudeMangSecondary","bull_mang_super.glb","","21","","150","66","66","133","true","","5"
"BullDudeMangRecoil","bull_mang_attack.glb","4","20","","","50","","100","","","hips_s#4+L_upperLeg_s#0+R_upperLeg_s#0"
"BullDudeMangReload","bull_mang_idle.glb","1","10","","200","250","250","250","","","ChestBone#2"
"BullDudeMangPushback","bull_mang_walk.glb","","21","","","100","100","100","","","5"
"BullDudeMangWin","bull_mang_win.glb","","154","","","","","","","","5"
"BullDudeMangWinloop","bull_mang_win.glb","104","154","","","","","","true","","5"
"BullDudeMangLose","bull_mang_lose.glb","","168","","","","","","","","5"
"BullDudeMangLoseloop","bull_mang_lose.glb","144","168","","","","","","true","","5"
"BullDudeMangProfile","bull_mang_portrait.glb","1","1","","","","","","","","5"
"ClusterBombDudeShookyIdle","tick_shooky_idle.glb","1","47","","","","","","true","",""
"ClusterBombDudeShookyWalk","tick_shooky_walk.glb","1","21","","125","","","","true","","1"
"ClusterBombDudeShookyPrimary","tick_shooky_attack.glb","1","20","","","","","25","","","hips_s#4+L_upperLeg_s#0+R_upperLeg_s#0"
"ClusterBombDudeShookySecondary","tick_shooky_ult.glb","1","20","","","","","25","","","hips_s#4+L_upperLeg_s#0+R_upperLeg_s#0"
"ClusterBombDudeShookyRecoil","tick_shooky_attack.glb","1","20","","","","","100","","","hips_s#4+L_upperLeg_s#0+R_upperLeg_s#0"
"ClusterBombDudeShookyUltRecoil","tick_shooky_ult.glb","1","20","","","","","300","","","hips_s#4+L_upperLeg_s#0+R_upperLeg_s#0"
"ClusterBombDudeShookyWin","tick_shooky_win.glb","1","188","","","","","","","",""
"ClusterBombDudeShookyWinloop","tick_shooky_win.glb","126","188","","","","","","true","",""
"ClusterBombDudeShookyLose","tick_shooky_lose.glb","1","193","","","","","","","",""
"ClusterBombDudeShookyLoseloop","tick_shooky_lose.glb","142","193","","","","","","true","",""
"ClusterBombDudeShookyProfile","tick_shooky_idle.glb","19","19","","","","","","","",""
"RocketGirlDeliveryIdle","brock_delivery_idle.glb","","-1","","135","74","74","","true","",""
"RocketGirlDeliveryWalk","brock_delivery_run.glb","","-1","","150","100","100","","true","","1"
"RocketGirlDeliveryPrimary","brock_delivery_attack.glb","","-1","","","1","300","300","","","hips_s#3+L_upperLeg_s#0+R_upperLeg_s#0"
"RocketGirlDeliverySecondary","brock_delivery_attack.glb","","-1","","","1","","","","","hips_s#4+L_upperLeg_s#0+R_upperLeg_s#0"
"RocketGirlDeliveryRecoil","brock_delivery_attack.glb","","-1","","","1","100","100","","","hips_s#3+L_upperLeg_s#0+R_upperLeg_s#0"
"RocketGirlDeliveryRecoil2","brock_delivery_attack.glb","","-1","","","1","100","100","","","hips_s#4+L_upperLeg_s#0+R_upperLeg_s#0"
"RocketGirlDeliveryPushback","brock_pushback1.glb","","-1","","","100","100","100","","","5"
"RocketGirlDeliveryWin","brock_delivery_win.glb","","182","","","","","","","","5"
"RocketGirlDeliveryWinloop","brock_delivery_win.glb","123","182","","","","","","true","","5"
"RocketGirlDeliveryLose","brock_delivery_lose.glb","1","118","","","","","","","","5"
"RocketGirlDeliveryLoseloop","brock_delivery_lose.glb","110","118","","","","","","true","","5"
"RocketGirlDeliveryProfile","brock_delivery_win.glb","182","182","","","","","","","","5"
"EnragerTataIdle","edgar_tata_idle.glb","1","44","-1","","100","100","","true","","R_scarf_01_s#1+L_scarf_01_s#1"
"EnragerTataWalk","edgar_tata_walk.glb","1","22","-1","","100","100","","true","","1"
"EnragerTataAttack","edgar_tata_attack.glb","1","5","-1","","","","","","","hips_s#3+L_upperLeg_s#0+R_upperLeg_s#0"
"EnragerTataSuper","edgar_tata_super.glb","5","50","-1","","","250","250","","","3"
"EnragerTataRecoil","edgar_tata_attack.glb","6","30","-1","","","200","200","","","hips_s#4+L_upperLeg_s#0+R_upperLeg_s#0"
"EnragerTataPushback","edgar_pushback.glb","","-1","-1","","50","100","100","","","5"
"EnragerTataWin","edgar_tata_win.glb","","152","-1","","","","","","",""
"EnragerTataWinloop","edgar_tata_win.glb","103","152","-1","","","","","true","",""
"EnragerTataLose","edgar_tata_lose.glb","","26","-1","","","","","","",""
"EnragerTataLoseloop","edgar_tata_lose.glb","48","48","-1","","","","","true","",""
"EnragerTataProfile","edgar_tata_portrait.glb","152","152","-1","","","","","true","",""
"MummyDjIdle","emz_dj_idle.glb","","-1","","","100","100","","true","",""
"MummyDjWalk","emz_dj_walk.glb","","29","","","100","100","","true","","1"
"MummyDjPrimary","emz_dj_attack.glb","2","6","","","","","","","","hips_s#5+L_upperLeg_s#0+R_upperLeg_s#0"
"MummyDjRecoil","emz_dj_attack.glb","7","22","","","50","","100","","","hips_s#5+L_upperLeg_s#0+R_upperLeg_s#0"
"MummyDjSecondary","emz_dj_idle.glb","","","","","","","","","",""
"MummyDjSecondaryRecoil","emz_dj_idle.glb","","","","","","","","","",""
"MummyDjReload","emz_dj_reload.glb","","-1","","","","","100","","","hips_s#1+L_upperLeg_s#0+R_upperLeg_s#0+L_clavicle_s#4+L_shoulder_s#4+L_elbow_s#4+L_forearm_twist_s#4+L_wrist_s#4+R_clavicle_s#0+R_shoulder_s#0+R_elbow_s#0"
"MummyDjPushback","emz_dj_pushback.glb","","-1","","","100","100","100","","",""
"MummyDjWin","emz_dj_win.glb","","142","","","","","","","",""
"MummyDjWinloop","emz_dj_win.glb","143","197","","","","","","true","",""
"MummyDjLose","emz_dj_lose.glb","","151","","","","","","","",""
"MummyDjLoseloop","emz_dj_lose.glb","152","210","","","","","","","",""
"MummyDjProfile","emz_dj_portrait.glb","77","77","","","","","","","",""
"MummyDjIntro","emz_dj_win.glb","","","","","","","","true","",""
"ElectroSniperCoralIdle","belle_coral_idle.glb","","-1","-1","","100","100","","true","",""
"ElectroSniperCoralWalk","belle_coral_walk.glb","","-1","-1","","100","100","","true","","1"
"ElectroSniperCoralAttack","belle_coral_attack.glb","1","4","-1","","50","","","","","hips_s#3+L_upperLeg_s#0+R_upperLeg_s#0"
"ElectroSniperCoralRecoil","belle_coral_attack.glb","","25","-1","","","","200","","","hips_s#4+L_upperLeg_s#0+R_upperLeg_s#0"
"ElectroSniperCoralPushback","belle_pushback.glb","","10","-1","","50","","50","","",""
"ElectroSniperCoralWin","belle_coral_win_120.glb","","628","-1","","","","","","",""
"ElectroSniperCoralWinloop","belle_coral_win.glb","158","188","-1","","","","","true","",""
"ElectroSniperCoralLose","belle_coral_lose.glb","","137","-1","","","","","","",""
"ElectroSniperCoralLoseloop","belle_coral_lose.glb","138","-1","-1","","","","","true","",""
"ElectroSniperCoralPortrait","belle_coral_portrait.glb","","-1","-1","","","","","","",""
"KickerDudeOctoIdle","fang_octo_idle.glb","","-1","-1","","100","100","","true","",""
"KickerDudeOctoWalk","fang_octo_walk.glb","","-1","-1","","100","100","","true","","1"
"KickerDudeOctoAttack","fang_octo_attack.glb","","5","","","","","","","","3"
"KickerDudeOctoSuper","fang_octo_attack.glb","10","13","","","","100","50","true","","3"
"KickerDudeOctoRecoil","fang_octo_attack.glb","","25","","","","","100","","","4"
"KickerDudeOctoWin","fang_octo_win.glb","","187","-1","","","","","","",""
"KickerDudeOctoWinloop","fang_octo_win.glb","188","-1","-1","","","","","true","",""
"KickerDudeOctoLose","fang_octo_lose.glb","","186","-1","","","","","","",""
"KickerDudeOctoLoseloop","fang_octo_lose.glb","159","-1","-1","","","","","true","",""
"KickerDudeOctoPortrait","fang_octo_idle.glb","","","-1","","","","","","",""
"PennyIdle","penny_idle.glb","","-1","","130","100","100","","true","",""
"PennyWalk","penny_walk.glb","","19","","","100","100","","true","","1"
"PennyPrimary","penny_attack.glb","1","4","","","","","","","","hips_s#3+L_upperLeg_s#0+R_upperLeg_s#0"
"PennyUltiAttack","mari_ult.glb","","5","","","","","10","","","hips_s#4+L_upperLeg_s#0+R_upperLeg_s#0"
"PennyRecoil","penny_attack.glb","1","20","","","","","150","","","hips_s#4+L_upperLeg_s#0+R_upperLeg_s#0"
"PennyUltiRecoil","mari_ult.glb","5","22","","","","","250","","","hips_s#4+L_upperLeg_s#0+R_upperLeg_s#0"
"PennyReload","penny_idle.glb","","5","","","200","200","200","","",""
"PennyPushback","penny_idle.glb","","-1","","","100","100","200","","","5"
"PennyWin","penny_win.glb","1","146","","","","","","","",""
"PennyWinloop","penny_win.glb","147","201","","","","","","true","",""
"PennyLose","penny_lose.glb","1","158","","","","","","","",""
"PennyLoseloop","penny_lose.glb","159","196","","","","","","true","",""
"PennyProfile","penny_portrait_redux.glb","1","1","","","","","","true","",""
"SilencerDefaultIdle","otis_idle.glb","1","60","","","100","100","","true","",""
"SilencerDefaultWalk","otis_walk.glb","1","29","","115","100","100","","true","","1"
"SilencerDefaultAttack","otis_attack.glb","8","15","","","100","100","100","","","hips_s#3+L_upperLeg_s#0+R_upperLeg_s#0"
"SilencerDefaultSecondary","otis_super.glb","","5","","","100","100","","","","hips_s#3+L_upperLeg_s#0+R_upperLeg_s#0"
"SilencerDefaultRecoil","otis_attack.glb","12","23","","","100","100","100","","","hips_s#4+L_upperLeg_s#0+R_upperLeg_s#0"
"SilencerDefaultSecondaryRecoil","otis_super.glb","6","40","","","100","100","175","","","hips_s#4+L_upperLeg_s#0+R_upperLeg_s#0"
"SilencerDefaultReload","pam_renamed_reload.glb","","20","","","100","","100","","","hips_s#1+chest_s#4+spine_lower_s#4+L_upperLeg_s#0+R_upperLeg_s#0"
"SilencerDefaultPushback","pam_renamed_pushback.glb","","10","","","25","100","150","","",""
"SilencerDefaultWin","otis_win.glb","","209","","","","","","","","5"
"SilencerDefaultWinloop","otis_win.glb","142","209","","","","","","true","","1"
"SilencerDefaultLose","otis_lose.glb","","158","","","","","","","",""
"SilencerDefaultLoseloop","otis_lose.glb","77","158","","","","","","true","",""
"SilencerDefaultPortrait","otis_portrait_cam.glb","60","-1","","","","","","true","",""
"ArtilleryTurretDefaultIdle","penny_turret_idle.glb","","-1","","","100","100","","true","",""
"ArtilleryTurretDefaultAttack","penny_turret_attack.glb","","-1","","","","","50","","","4"
"ArtilleryTurretDefaultSpawn","penny_turret_spawn.glb","","35","","","","","100","","","3"
"GunslingerPaintballIdle","colt_paintball_idle.glb","","-1","","","100","100","","true","",""
"GunslingerPaintballWalk","colt_paintball_walk.glb","","-1","","125","100","100","","true","","1"
"GunslingerPaintballPrimary","colt_paintball_attack.glb","","-1","","","100","200","100","","","spine_lower_s#3"
"GunslingerPaintballSecondary","colt_paintball_attack.glb","","-1","","","200","200","100","","","spine_lower_s#3"
"GunslingerPaintballRecoil","colt_paintball_recoil1.glb","1","10","","","50","50","100","","","spine_lower_s#4"
"GunslingerPaintballRecoil2","colt_paintball_recoil2.glb","1","10","","","50","50","100","","","spine_lower_s#4"
"GunslingerPaintballReload","colt_paintball_idle.glb","1","3","","","800","800","800","","","spine_lower_s#4"
"GunslingerPaintballPushback","colt_pushback.glb","","-1","","","100","100","100","","","5"
"GunslingerPaintballWin","colt_paintball_win.glb","","129","","","","","","","",""
"GunslingerPaintballWinloop","colt_paintball_win.glb","130","160","","","","","","true","",""
"GunslingerPaintballLose","colt_paintball_lose.glb","","153","","","","","","","",""
"GunslingerPaintballLoseloop","colt_paintball_lose.glb","154","200","","","","","","true","",""
"GunslingerPaintballProfile","colt_paintball_idle.glb","1","1","","","","","","","",""
"ClusterBombPetShookyIdle","bombhead_shooky_idle.glb","1","12","","","","","","true","",""
"SilencerDefaultAddonStarfishSpawn","starfish_addon_spawn.glb","1","-1","","","","","200","","","5"
"SilencerPharaohIdle","otis_phara_idle.glb","1","60","","","100","100","","true","",""
"SilencerPharaohWalk","otis_phara_walk.glb","1","29","","115","100","100","","true","","1"
"SilencerPharaohAttack","otis_phara_attack.glb","8","15","","","100","100","","","","hips_s#3+L_upperLeg_s#0+R_upperLeg_s#0"
"SilencerPharaohSecondary","otis_phara_super.glb","","5","","","100","100","","","","hips_s#3+L_upperLeg_s#0+R_upperLeg_s#0"
"SilencerPharaohRecoil","otis_phara_attack.glb","12","23","","","100","100","100","","","hips_s#4+L_upperLeg_s#0+R_upperLeg_s#0"
"SilencerPharaohSecondaryRecoil","otis_phara_super.glb","6","40","","","100","100","175","","","hips_s#4+L_upperLeg_s#0+R_upperLeg_s#0"
"SilencerPharaohWin","otis_phara_win.glb","","248","","","","","","","","5"
"SilencerPharaohWinloop","otis_phara_win.glb","184","248","","","","","","true","","1"
"SilencerPharaohLose","otis_phara_lose.glb","","279","","","","","","","",""
"SilencerPharaohLoseloop","otis_phara_lose.glb","235","279","","","","","","true","",""
"SilencerPharaohPortrait","otis_phara_portrait_cam.glb","","-1","","","","","","true","",""
"ArtilleryDudeGoldIdle","penny_idle.glb","","-1","","","100","100","","true","",""
"ArtilleryDudeGoldWalk","penny_walk.glb","","19","","","100","100","","true","","1"
"ArtilleryDudeGoldPrimary","penny_attack.glb","1","4","","","","","","","","hips_s#3+L_upperLeg_s#0+R_upperLeg_s#0"
"ArtilleryDudeGoldUltiAttack","mari_ult.glb","","5","","","","","10","","","hips_s#4+L_upperLeg_s#0+R_upperLeg_s#0"
"ArtilleryDudeGoldRecoil","penny_attack.glb","1","20","","","","","150","","","hips_s#4+L_upperLeg_s#0+R_upperLeg_s#0"
"ArtilleryDudeGoldUltiRecoil","mari_ult.glb","5","22","","","","","250","","","hips_s#4+L_upperLeg_s#0+R_upperLeg_s#0"
"ArtilleryDudeGoldReload","penny_idle.glb","","5","","","200","200","200","","",""
"ArtilleryDudeGoldPushback","penny_idle.glb","","-1","","","100","100","200","","","5"
"ArtilleryDudeGoldWin","penny_win.glb","1","146","","","","","","","",""
"ArtilleryDudeGoldWinloop","penny_win.glb","147","201","","","","","","true","",""
"ArtilleryDudeGoldLose","penny_lose.glb","1","158","","","","","","","",""
"ArtilleryDudeGoldLoseloop","penny_lose.glb","159","196","","","","","","true","",""
"ArtilleryDudeGoldProfile","penny_portrait_redux.glb","1","1","","","","","","true","",""
"ArtilleryDudeSilverIdle","penny_idle.glb","","-1","","","100","100","","true","",""
"ArtilleryDudeSilverWalk","penny_walk.glb","","19","","","100","100","","true","","1"
"ArtilleryDudeSilverPrimary","penny_attack.glb","1","4","","","","","","","","hips_s#3+L_upperLeg_s#0+R_upperLeg_s#0"
"ArtilleryDudeSilverUltiAttack","mari_ult.glb","","5","","","","","10","","","hips_s#4+L_upperLeg_s#0+R_upperLeg_s#0"
"ArtilleryDudeSilverRecoil","penny_attack.glb","1","20","","","","","150","","","hips_s#4+L_upperLeg_s#0+R_upperLeg_s#0"
"ArtilleryDudeSilverUltiRecoil","mari_ult.glb","5","22","","","","","250","","","hips_s#4+L_upperLeg_s#0+R_upperLeg_s#0"
"ArtilleryDudeSilverReload","penny_idle.glb","","5","","","200","200","200","","",""
"ArtilleryDudeSilverPushback","penny_idle.glb","","-1","","","100","100","200","","","5"
"ArtilleryDudeSilverWin","penny_win.glb","1","146","","","","","","","",""
"ArtilleryDudeSilverWinloop","penny_win.glb","147","201","","","","","","true","",""
"ArtilleryDudeSilverLose","penny_lose.glb","1","158","","","","","","","",""
"ArtilleryDudeSilverLoseloop","penny_lose.glb","159","196","","","","","","true","",""
"ArtilleryDudeSilverProfile","penny_portrait_redux.glb","1","1","","","","","","true","",""
"SilencerDefaultAddonStarfishIdle","starfish_addon_idle.glb","-1","-1","","","","","","true","",""
"SilencerPharaohAddonStarfishIdle","starfishphara_addon_idle.glb","-1","-1","","","","","","true","",""
"SilencerPharaohAddonStarfishSpawn","starfishphara_addon_spawn.glb","1","-1","","","","","200","","","5"
"SilencerDefaultEnv","otis_env.glb","1","300","","","","","","true","",""
"NinjaGhostIdle","leon_ghost_idle.glb","1","28","","","100","100","","true","",""
"NinjaGhostWalk","leon_ghost_walk.glb","1","29","","170","100","100","","true","","1"
"NinjaGhostAttack","leon_ghost_attack.glb","1","3","","","","","10","","","spine_lower_s#4"
"NinjaGhostSecondary","leon_ghost_idle.glb","1","20","","","","","10","","","spine_lower_s#4"
"NinjaGhostRecoil","leon_ghost_attack.glb","3","7","","","","","10","","","spine_lower_s#4"
"NinjaGhostRecoil2","leon_ghost_attack.glb","7","11","","","","","10","","","spine_lower_s#4"
"NinjaGhostReload","leon_ghost_idle.glb","","-1","","","","","100","","","ChestBone#2"
"NinjaGhostPushback","leon_pushback.glb","1","34","","","100","100","100","","","5"
"NinjaGhostWin","leon_ghost_win.glb","1","202","","","","10","100","","","5"
"NinjaGhostWinloop","leon_ghost_win.glb","140","202","","","10","","","true","","1"
"NinjaGhostLose","leon_ghost_lose.glb","1","137","","","","","","","","5"
"NinjaGhostLoseloop","leon_ghost_lose.glb","106","137","","","","","","true","","1"
"NinjaGhostProfile","leon_ghost_pose.glb","1","10","","","","","","true","","5"
"NinjaGhostIntro","leon_intro_pose.glb","","","","","","","","","",""
"StickyBombVeteranIdle","squeak_veteran_idle.glb","","-1","-1","","100","100","","true","",""
"StickyBombVeteranWalk","squeak_veteran_walk.glb","","-1","-1","","100","100","","true","","1"
"StickyBombVeteranAttack","squeak_veteran_attack.glb","5","20","-1","","","","","","","hips_s#3+L_upperLeg_s#0+R_upperLeg_s#0"
"StickyBombVeteranRecoil","squeak_veteran_attack.glb","5","20","-1","","","","100","","","hips_s#4+L_upperLeg_s#0+R_upperLeg_s#0"
"StickyBombVeteranPushback","squeak_veteran_pushback.glb","","-1","-1","","","","","","",""
"StickyBombVeteranWin","squeak_veteran_win.glb","","138","-1","","","","","","",""
"StickyBombVeteranWinloop","squeak_veteran_win.glb","68","140","-1","","","","","true","",""
"StickyBombVeteranLose","squeak_veteran_lose.glb","58","118","-1","","","","","","",""
"StickyBombVeteranLoseloop","squeak_veteran_lose.glb","118","118","-1","","","","","true","",""
"StickyBombVeteranPortrait","squeak_veteran_portrait.glb","150","150","-1","","","","","","",""
"UndertakerMechaIdle","mortis_mecha_idle.glb","1","32","","","200","200","","true","",""
"UndertakerMechaWalk","mortis_mecha_walk.glb","1","32","","150","100","100","","true","","1"
"UndertakerMechaAttack","mortis_mecha_attack.glb","3","30","","","","250","200","","","3"
"UndertakerMechaUltiAttack","mortis_mecha_ult.glb","","5","","","","","","","","hips_s#3+L_upperLeg_s#0+R_upperLeg_s#0"
"UndertakerMechaRecoil1","mortis_mecha_attack.glb","3","30","","","","250","200","","","4"
"UndertakerMechaUltiRecoil1","mortis_mecha_ult.glb","5","40","","","","","200","","","hips_s#4+L_upperLeg_s#0+R_upperLeg_s#0"
"UndertakerMechaPushback","mortis_pushback.glb","","-1","","","100","100","100","","","5"
"UndertakerMechaWin","mortis_mecha_win.glb","1","197","","","","","","","","1"
"UndertakerMechaWinloop","mortis_mecha_win.glb","198","227","","","","","","true","","1"
"UndertakerMechaLose","mortis_mecha_lose.glb","","102","","","","","","","","1"
"UndertakerMechaLoseloop","mortis_mecha_lose.glb","102","102","","","","","","true","","1"
"UndertakerMechaProfile","mortis_mecha_portrait.glb","","","","","","","","","","1"
"MinigunDudeBrokerIdle","pam_broker_idle.glb","1","-1","","","100","100","","true","",""
"MinigunDudeBrokerWalk","pam_broker_walk.glb","1","22","","","100","100","","true","","1"
"MinigunDudeBrokerAttack","pam_broker_attack.glb","","4","","","","","","","","hips_s#3+L_upperLeg_s#0+R_upperLeg_s#0"
"MinigunDudeBrokerSecondary","pam_broker_super.glb","","5","","","","","","","","hips_s#3+L_upperLeg_s#0+R_upperLeg_s#0"
"MinigunDudeBrokerRecoil","pam_broker_attack.glb","4","20","","","","","100","","","hips_s#4+L_upperLeg_s#0+R_upperLeg_s#0"
"MinigunDudeBrokerSecondaryRecoil","pam_broker_super.glb","6","20","","","","","175","","","hips_s#4+L_upperLeg_s#0+R_upperLeg_s#0"
"MinigunDudeBrokerReload","pam_broker_reload.glb","","20","","","100","","100","","","hips_s#1+chest_s#4+spine_lower_s#4+L_upperLeg_s#0+R_upperLeg_s#0"
"MinigunDudeBrokerPushback","pam_broker_pushback.glb","","10","","","25","100","150","","",""
"MinigunDudeBrokerWin","pam_broker_win.glb","","171","","","","","","","","5"
"MinigunDudeBrokerWinloop","pam_broker_win.glb","172","203","","","","","","true","","1"
"MinigunDudeBrokerLose","pam_broker_lose.glb","","157","","","","","","","",""
"MinigunDudeBrokerLoseloop","pam_broker_lose.glb","158","189","","","","","","true","",""
"MinigunDudeBrokerPortrait","pam_broker_portrait.glb","","-1","","","","","","true","",""
"BossBotOldIdle","bossbot_idle.glb","","-1","","","500","500","","true","",""
"BossBotOldWalk","bossbot_walk.glb","","-1","","150","500","500","","true","","1"
"BossBotOldPrimary","bossbot_shoot_recoil.glb","","-1","","","1","","","","","ChestBone#3"
"BossBotOldRecoil","bossbot_recoil_1.glb","","-1","","","1","100","200","","","PelvisBone#4+RLegBone#0+LLegBone#0"
"BossBotOldRecoil2","bossbot_recoil_2.glb","","-1","","","1","100","200","","","PelvisBone#4+RLegBone#0+LLegBone#0"
"BossBotOldPushback","bossbot_idle.glb","","-1","","","100","100","400","","","5"
"BossBotOldWin","bossbot_idle.glb","","-1","","","","","200","","","5"
"BossBotOldWinloop","bossbot_idle.glb","","-1","","","","","","true","","1"
"BossBotOldLose","bossbot_idle.glb","","-1","","","","","200","","","5"
"BossBotOldLoseloop","bossbot_idle.glb","","-1","","","","","","true","","1"
"MeleeFastBotOldIdle","fastmeleebot_idle.glb","-1","-1","","","500","500","","true","",""
"MeleeFastBotOldWalk","fastmeleebot_walk.glb","-1","-1","","150","120","200","","true","","1"
"MeleeFastBotOldRecoil","fastmeleebot_recoil.glb","-1","-1","","","1","100","200","","","PelvisBone#4+RLegBone#0+LLegBone#0"
"MeleeFastBotOldPushback","fastmeleebot_idle.glb","-1","-1","","","100","100","400","","","5"
"MeleeFastBotOldWin","fastmeleebot_idle.glb","-1","-1","","","","","200","","","5"
"MeleeFastBotOldWinloop","fastmeleebot_idle.glb","-1","-1","","","","","","true","","1"
"MeleeFastBotOldLose","fastmeleebot_idle.glb","-1","-1","","","","","200","","","5"
"MeleeFastBotOldLoseloop","fastmeleebot_idle.glb","-1","-1","","","","","","true","","1"
"MeleeBotOldIdle","meleebot_idle.glb","-1","-1","","","500","500","","true","",""
"MeleeBotOldWalk","meleebot_walk.glb","-1","-1","","150","120","200","","true","","1"
"MeleeBotOldRecoil","recoil.glb","-1","-1","","","1","100","200","","","PelvisBone#4+RLegBone#0+LLegBone#0"
"MeleeBotOldRecoil2","recoil_2.glb","-1","-1","","","1","100","200","","","PelvisBone#4+RLegBone#0+LLegBone#0"
"MeleeBotOldPushback","meleebot_idle.glb","-1","-1","","","100","100","400","","","5"
"MeleeBotOldWin","meleebot_idle.glb","-1","-1","","","","","200","","","5"
"MeleeBotOldWinloop","meleebot_idle.glb","-1","-1","","","","","","true","","1"
"MeleeBotOldLose","meleebot_idle.glb","-1","-1","","","","","200","","","5"
"MeleeBotOldLoseloop","meleebot_idle.glb","-1","-1","","","","","","true","","1"
"RangedBotOldIdle","rangedbot_idle.glb","-1","-1","","","100","100","","true","",""
"RangedBotOldWalk","rangedbot_walk.glb","-1","-1","","100","100","100","","true","","1"
"RangedBotOldPrimary","rangedbot_attack1.glb","-1","-1","","","100","300","600","","","ChestBone#3"
"RangedBotOldSecondary","rangedbot_attack1.glb","-1","-1","","","100","300","600","","","ChestBone#3"
"RangedBotOldRecoil","rangedbot_recoil.glb","-1","-1","","","100","200","400","","","ChestBone#4"
"RangedBotOldReload","rangedbot_reload.glb","-1","-1","","","200","200","200","","","ChestBone#2"
"RangedBotOldPushback","rangedbot_idle.glb","-1","-1","","","200","100","200","","","5"
"RangedBotOldWin","rangedbot_win1.glb","-1","-1","","","","","200","","",""
"RangedBotOldWinloop","rangedbot_winloop1.glb","-1","-1","","","","","","true","",""
"RangedBotOldLose","rangedbot_lose1.glb","-1","-1","","","","","200","","",""
"RangedBotOldLoseloop","rangedbot_loseloop1.glb","-1","-1","","","","","","true","",""
"WeaponThrowerDefaultIdle","bronson_idle.glb","1","73","","","100","100","","true","",""
"WeaponThrowerDefaultWalk","bronson_walk.glb","1","29","","","100","100","","true","","1"
"WeaponThrowerDefaultAttack","bronson_attack.glb","12","25","","","","","10","","","hips_s#3+L_upperLeg_s#0+R_upperLeg_s#0"
"WeaponThrowerDefaultAttackRecoil","bronson_attack.glb","22","30","","","10","","50","","","hips_s#4+L_upperLeg_s#0+R_upperLeg_s#0"
"WeaponThrowerDefaultAttackRecoil2","bronson_attack.glb","30","35","","","1","100","100","","","hips_s#5+L_upperLeg_s#0+R_upperLeg_s#0"
"WeaponThrowerDefaultUltRecoil","bronson_super.glb","10","30","","","1","100","200","","","hips_s#4+L_upperLeg_s#0+R_upperLeg_s#0"
"WeaponThrowerDefaultUltRecoil2","bronson_small_super.glb","","-1","","","1","100","200","","","hips_s#4+L_upperLeg_s#0+R_upperLeg_s#0"
"WeaponThrowerDefaultWin","bronson_win.glb","1","86","","","100","100","100","","",""
"WeaponThrowerDefaultWinloop","bronson_win.glb","86","159","","","100","100","100","true","",""
"WeaponThrowerDefaultLose","bronson_lose.glb","","108","","","100","100","200","","",""
"WeaponThrowerDefaultLoseloop","bronson_lose.glb","71","108","","","1","100","200","true","",""
"WeaponThrowerDefaultProfile","bronson_portrait.glb","1","1","","","","","","true","",""
"WeaponThrowerDefaultIdle_transform","bronson_small_idle.glb","1","73","","","100","100","","true","",""
"WeaponThrowerDefaultWalk_transform","bronson_small_walk.glb","1","29","","150","100","100","","true","","1"
"WeaponThrowerDefaultAttack_transform","bronson_small_attack.glb","10","25","","","","","100","","","hips_s#4+L_upperLeg_s#0+R_upperLeg_s#0"
"WeaponThrowerDefaultAttackRecoil_transform","bronson_small_attack.glb","15","30","","","","","100","","","hips_s#3+L_upperLeg_s#0+R_upperLeg_s#0"
"WeaponThrowerDefaultAttackRecoil2_transform","bronson_attack.glb","35","35","","200","1","100","100","","","hips_s#5+L_upperLeg_s#0+R_upperLeg_s#0"
"WeaponThrowerEmperorIdle","bronson_emperor_idle.glb","1","98","","","100","100","","true","",""
"WeaponThrowerEmperorWalk","bronson_emperor_walk.glb","1","29","","","100","100","","true","","1"
"WeaponThrowerEmperorAttack","bronson_emperor_attack.glb","10","18","","","10","","50","","","hips_s#3+L_upperLeg_s#0+R_upperLeg_s#0"
"WeaponThrowerEmperorAttackRecoil","bronson_emperor_attack.glb","19","30","","","50","","50","","","hips_s#4+L_upperLeg_s#0+R_upperLeg_s#0"
"WeaponThrowerEmperorAttackRecoil2","bronson_emperor_attack.glb","30","35","","","1","100","100","","","hips_s#5+L_upperLeg_s#0+R_upperLeg_s#0"
"WeaponThrowerEmperorUltRecoil","bronson_emperor_super.glb","10","30","","","1","100","200","","","hips_s#4+L_upperLeg_s#0+R_upperLeg_s#0"
"WeaponThrowerEmperorUltRecoil2","bronson_emperor_small_super.glb","","-1","","","1","100","200","","","hips_s#4+L_upperLeg_s#0+R_upperLeg_s#0"
"WeaponThrowerEmperorWin","bronson_emperor_win.glb","1","155","","","","","","","",""
"WeaponThrowerEmperorWinloop","bronson_emperor_win.glb","156","196","","","100","100","100","true","",""
"WeaponThrowerEmperorLose","bronson_emperor_lose.glb","1","164","","","100","100","200","","",""
"WeaponThrowerEmperorLoseloop","bronson_emperor_lose.glb","122","164","","","1","100","200","true","",""
"WeaponThrowerEmperorProfile","bronson_emperor_portrait.glb","1","1","","","","","","true","",""
"WeaponThrowerEmperorIdle_transform","bronson_emperor_small_idle.glb","1","73","","","100","100","","true","",""
"WeaponThrowerEmperorWalk_transform","bronson_emperor_small_walk.glb","1","29","","","100","100","","true","","1"
"WeaponThrowerEmperorAttack_transform","bronson_emperor_small_attack.glb","10","25","","","","","100","","","hips_s#4+L_upperLeg_s#0+R_upperLeg_s#0"
"WeaponThrowerEmperorAttackRecoil_transform","bronson_emperor_small_attack.glb","15","30","","","","","100","","","hips_s#3+L_upperLeg_s#0+R_upperLeg_s#0"
"WeaponThrowerEmperorAttackRecoil2_transform","bronson_emperor_attack.glb","30","35","","","1","100","100","","","hips_s#5+L_upperLeg_s#0+R_upperLeg_s#0"
"BossBotPrimary","bot_boss_attack_b.glb","","39","-1","","","100","","","","hips_s#3+L_upperLeg_s#0+R_upperLeg_s#0"
"BossBotPrimaryRecoil","bot_boss_attack_b.glb","40","55","-1","","","","200","","","hips_s#4+L_upperLeg_s#0+R_upperLeg_s#0"
"GusIdle","gus_idle.glb","1","-1","-1","","200","200","200","true","",""
"GusWalk","gus_run.glb","1","24","-1","","200","200","200","true","","1"
"GusPrimary","gus_attack.glb","","4","-1","","","","","","","hips_s#3+L_upperLeg_s#0+R_upperLeg_s#0"
"GusPrimaryRecoil","gus_attack.glb","","23","-1","","","100","250","","","hips_s#4+L_upperLeg_s#0+R_upperLeg_s#0"
"DeadMariachiOutlawIdle","poco_darkhorse_idle.glb","","-1","","","100","100","","true","",""
"DeadMariachiOutlawWalk","poco_darkhorse_walk.glb","","-1","","160","100","100","","true","","1"
"DeadMariachiOutlawAttack","poco_darkhorse_attack.glb","","5","","","100","100","100","","","spine_lower_s#3"
"DeadMariachiOutlawSecondary","poco_darkhorse_attack.glb","4","20","","","100","100","100","","","spine_lower_s#3"
"DeadMariachiOutlawRecoil","poco_darkhorse_attack.glb","4","20","","","100","100","100","","","spine_lower_s#4"
"DeadMariachiOutlawReload","poco_darkhorse_idle.glb","1","2","","","100","200","200","","","spine_lower_s#2"
"DeadMariachiOutlawPushback","poco_darkhorse_idle.glb","","-1","","","200","300","500","","","5"
"DeadMariachiOutlawWin","poco_darkhorse_win.glb","1","195","","","","","","","",""
"DeadMariachiOutlawWinloop","poco_darkhorse_win.glb","154","195","","","","","","true","",""
"DeadMariachiOutlawLose","poco_darkhorse_lose.glb","1","192","","","","","","","",""
"DeadMariachiOutlawLoseloop","poco_darkhorse_lose.glb","161","192","","","","","","true","",""
"DeadMariachiOutlawProfile","poco_darkhorse_portrait.glb","1","1","","","","","","","",""
"DuplicatorOutlawIdle","lolla_outlaw_idle.glb","","-1","-1","","100","100","","true","",""
"DuplicatorOutlawWalk","lolla_outlaw_walk.glb","","-1","-1","","100","100","","true","","1"
"DuplicatorOutlawAttack","lolla_outlaw_attack.glb","","4","-1","","50","","","","","hips_s#3+L_upperLeg_s#0+R_upperLeg_s#0"
"DuplicatorOutlawSuper","lolla_outlaw_super.glb","","4","-1","","","","","","","hips_s#3+L_upperLeg_s#0+R_upperLeg_s#0"
"DuplicatorOutlawRecoil","lolla_outlaw_attack.glb","5","17","-1","","","","100","","","hips_s#4+L_upperLeg_s#0+R_upperLeg_s#0"
"DuplicatorOutlawSuperRecoil","lolla_outlaw_super.glb","4","18","-1","","","","100","","","hips_s#4+L_upperLeg_s#0+R_upperLeg_s#0"
"DuplicatorOutlawPushback","lolla_outlaw_pushback.glb","","10","-1","","20","","100","","",""
"DuplicatorOutlawWin","lolla_outlaw_win.glb","","171","-1","","","","800","","",""
"DuplicatorOutlawWinloop","lolla_outlaw_win.glb","131","-1","-1","","","","","true","",""
"DuplicatorOutlawLose","lolla_outlaw_lose.glb","","201","-1","","","","","","",""
"DuplicatorOutlawLoseloop","lolla_outlaw_lose.glb","158","201","-1","","","","","true","",""
"DuplicatorOutlawPortrait","lolla_outlaw_portrait.glb","","","-1","","","","","","",""
"StickyBombRabbitIdle","squeak_rabbit_idle.glb","","-1","-1","","100","100","","true","",""
"StickyBombRabbitWalk","squeak_rabbit_walk.glb","","-1","-1","","100","100","","true","","1"
"StickyBombRabbitAttack","squeak_rabbit_attack.glb","5","20","-1","","","","","","","hips_s#3+L_upperLeg_s#0+R_upperLeg_s#0"
"StickyBombRabbitRecoil","squeak_rabbit_attack.glb","5","20","-1","","","","100","","","hips_s#4+L_upperLeg_s#0+R_upperLeg_s#0"
"StickyBombRabbitPushback","squeak_rabbit_pushback.glb","","-1","-1","","","","","","",""
"StickyBombRabbitWin","squeak_rabbit_win.glb","","192","-1","","","","","","",""
"StickyBombRabbitWinloop","squeak_rabbit_win.glb","154","192","-1","","","","","true","",""
"StickyBombRabbitLose","squeak_rabbit_lose.glb","","198","-1","","","","","","",""
"StickyBombRabbitLoseloop","squeak_rabbit_lose.glb","165","198","-1","","","","","true","",""
"StickyBombRabbitPortrait","squeak_rabbit_portrait.glb","150","150","-1","","","","","","",""
"CrowVultureIdle","crow_outlaw_idle.glb","1","29","","","100","100","","true","","1"
"CrowVultureWalk","crow_outlaw_walk.glb","1","19","","","100","100","","true","","1"
"CrowVulturePrimary","crow_outlaw_attack.glb","","5","","","100","","","","","hips_s#3+L_upperLeg_s#0+R_upperLeg_s#0"
"CrowVultureSecondary","crow_outlaw_super.glb","","45","","","50","50","200","","","5"
"CrowVultureRecoil","crow_outlaw_attack.glb","5","20","","","","50","200","","","hips_s#4+L_upperLeg_s#0+R_upperLeg_s#0"
"CrowVultureReload","crow_outlaw_reload.glb","1","20","","","100","100","200","","","hips_s#0+chest_s#5+R_clavicle_s#0+head_s#0+L_upperLeg_s#0+R_upperLeg_s#0"
"CrowVulturePushback","crow_pushback.glb","1","10","","","200","100","100","","","5"
"CrowVultureWin","crow_outlaw_win.glb","","146","","","","","","","",""
"CrowVultureWinloop","crow_outlaw_win.glb","104","146","","","","","","true","",""
"CrowVultureLose","crow_outlaw_lose.glb","","163","","","","","","","",""
"CrowVultureLoseloop","crow_outlaw_lose.glb","121","163","","","","","","true","",""
"CrowVultureProfile","crow_outlaw_portrait.glb","1","1","","","","","","true","",""
"BossBotSecondary","bot_boss_charge_windup.glb","","-1","-1","","100","100","100","","","4"
"BossBotSecondaryRecoil","bot_boss_charge.glb","","-1","-1","","200","200","100","true","","4"
"GusWin","gus_win.glb","","262","-1","","","","","","",""
"GusWinloop","gus_win.glb","263","307","-1","","","","","true","",""
"GusLose","gus_lose.glb","","77","-1","","","","","","",""
"GusLoseloop","gus_lose.glb","78","-1","-1","","","","","true","",""
"GusPushback","gus_pushback.glb","","15","-1","","20","250","250","","",""
"HealingStationBrokerIdle","pam_broker_turret_idle.glb","1","41","","","","","","true","",""
"HealingStationBrokerSpawn","pam_broker_turret_spawn.glb","","-1","","","","","","","",""
"GusPortrait","gus_portrait.glb","","-1","-1","","","","","","",""
"KnightPizzaIdle","ash_pizza_idle.glb","","-1","-1","","100","100","","true","",""
"KnightPizzaWalk","ash_pizza_walk.glb","","-1","-1","","100","100","","true","",""
"KnightPizzaAttack","ash_pizza_attack.glb","5","20","-1","","","","","","","hips_s#3+L_upperLeg_s#0+R_upperLeg_s#0"
"KnightPizzaSuper","ash_pizza_super.glb","","5","-1","","","","","","","hips_s#3+L_upperLeg_s#0+R_upperLeg_s#0"
"KnightPizzaRecoil","ash_pizza_attack.glb","21","35","-1","","","","100","","","hips_s#4+L_upperLeg_s#0+R_upperLeg_s#0"
"KnightPizzaSuperRecoil","ash_pizza_super.glb","6","20","-1","","","","50","","","hips_s#4+L_upperLeg_s#0+R_upperLeg_s#0"
"KnightPizzaPushback","ash_pizza_pushback.glb","","10","-1","","30","100","100","","","5"
"KnightPizzaWin","ash_pizza_win_120.glb","","584","-1","","","","","","",""
"KnightPizzaWinloop","ash_pizza_win_120.glb","585","687","-1","","","","","true","",""
"KnightPizzaLose","ash_pizza_lose.glb","","176","-1","","","","","","",""
"KnightPizzaLoseloop","ash_pizza_lose.glb","139","176","-1","","","","","true","",""
"KnightPizzaPortrait","ash_pizza_portrait.glb","","-1","-1","","","","","","",""
"CrossBomberFrankenIdle","grom_franken_idle.glb","1","33","","","200","200","","true","",""
"CrossBomberFrankenWalk","grom_franken_walk.glb","1","26","","120","150","150","","true","","1"
"CrossBomberFrankenAttack","grom_franken_attack.glb","","5","","","","100","50","","","hips_s#3+L_upperLeg_s#0+R_upperLeg_s#0"
"CrossBomberFrankenSecondary","grom_franken_attack.glb","3","20","","","100","100","50","","","5"
"CrossBomberFrankenRecoil","grom_franken_attack.glb","5","20","","","","","50","","","hips_s#5+L_upperLeg_s#0+R_upperLeg_s#0"
"CrossBomberFrankenPushback","grom_franken_idle.glb","","10","","","50","100","50","","","5"
"CrossBomberFrankenWin","grom_franken_win.glb","1","248","","","","200","","","","5"
"CrossBomberFrankenWinloop","grom_franken_win.glb","205","248","","","100","100","","true","","1"
"CrossBomberFrankenLose","grom_franken_lose.glb","1","148","","","","300","300","","","5"
"CrossBomberFrankenLoseloop","grom_franken_lose.glb","118","148","","","100","100","","true","","1"
"CrossBomberFrankenProfile","grom_franken_idle.glb","1","1","","","","","","true","","5"
"JetpackGirlTopgunIdle","janet_idle.glb","","-1","-1","","100","100","","true","",""
"JetpackGirlTopgunWalk","janet_walk.glb","","-1","-1","80","100","100","","true","","1"
"JetpackGirlTopgunAttack","janet_attack.glb","","5","-1","","","","","","","hips_s#3+L_upperLeg_s#0+R_upperLeg_s#0"
"JetpackGirlTopgunSuper","janet_super.glb","","-1","-1","","200","200","250","true","","4"
"JetpackGirlTopgunAttackRecoil","janet_attack.glb","1","-1","-1","","","","200","","","hips_s#4+L_upperLeg_s#0+R_upperLeg_s#0"
"JetpackGirlTopgunPushback","janet_pushback.glb","","10","-1","","10","","200","","",""
"JetpackGirlTopgunWin","janet_win.glb","","206","-1","","100","","","","",""
"JetpackGirlTopgunWinloop","janet_win.glb","207","234","-1","","","","","true","",""
"JetpackGirlTopgunLose","janet_lose.glb","","134","-1","","","","","","",""
"JetpackGirlTopgunLoseloop","janet_lose.glb","135","192","-1","","","","","true","",""
"JetpackGirlTopgunPortrait","janet_portrait.glb","","-1","-1","","","","","","",""
"ArtilleryDudeZombieIdle","penny_ghost_idle.glb","","-1","","","100","100","","true","",""
"ArtilleryDudeZombieWalk","penny_ghost_walk.glb","","27","","","100","100","","true","","1"
"ArtilleryDudeZombiePrimary","penny_ghost_attack.glb","1","4","","","","","","","","hips_s#3+L_upperLeg_s#0+R_upperLeg_s#0"
"ArtilleryDudeZombieUltiAttack","penny_ghost_super.glb","","5","","","","","10","","","hips_s#4+L_upperLeg_s#0+R_upperLeg_s#0"
"ArtilleryDudeZombieRecoil","penny_ghost_attack.glb","1","20","","","","","150","","","hips_s#4+L_upperLeg_s#0+R_upperLeg_s#0"
"ArtilleryDudeZombieUltiRecoil","penny_ghost_super.glb","5","22","","","","","250","","","hips_s#4+L_upperLeg_s#0+R_upperLeg_s#0"
"ArtilleryDudeZombieReload","penny_ghost_idle.glb","","5","","","200","200","200","","",""
"ArtilleryDudeZombiePushback","penny_ghost_idle.glb","","-1","","","100","100","200","","","5"
"ArtilleryDudeZombieWin","penny_ghost_win.glb","1","194","","","","","","","",""
"ArtilleryDudeZombieWinloop","penny_ghost_win.glb","160","194","","","","","","true","",""
"ArtilleryDudeZombieLose","penny_ghost_lose.glb","1","192","","","","","","","",""
"ArtilleryDudeZombieLoseloop","penny_ghost_lose.glb","156","192","","","","","","true","",""
"ArtilleryDudeZombieProfile","penny_ghost_portrait.glb","1","1","","","","","","true","",""
"ShieldTankDefaultIdle","buster_idle.glb","","28","","","74","74","","true","",""
"ShieldTankDefaultWalk","buster_walk.glb","","29","","","100","100","","true","","1"
"ShieldTankDefaultPrimary","buster_angel_attack.glb","","-1","","","1","300","300","","","hips_s#3+L_upperLeg_s#0+R_upperLeg_s#0"
"ShieldTankDefaultSecondary","buster_attack.glb","","-1","","","1","","","","","hips_s#4+L_upperLeg_s#0+R_upperLeg_s#0"
"ShieldTankDefaultRecoil","buster_angel_attack.glb","","-1","","","1","100","100","","","hips_s#3+L_upperLeg_s#0+R_upperLeg_s#0"
"ShieldTankDefaultRecoil2","buster_attack.glb","","-1","","","1","100","100","","","hips_s#4+L_upperLeg_s#0+R_upperLeg_s#0"
"ShieldTankDefaultPushback","buster_idle.glb","","-1","","","100","100","100","","","5"
"ShieldTankDefaultWin","buster_win.glb","","159","","","","150","500","","","5"
"ShieldTankDefaultWinloop","buster_win.glb","131","159","","","150","","500","true","","5"
"ShieldTankDefaultLose","buster_lose.glb","","148","","","","","","","","5"
"ShieldTankDefaultLoseloop","buster_lose.glb","112","148","","","","","","true","","5"
"ShieldTankDefaultProfile","buster_portrait.glb","1","1","","","","","","","","5"
"ShieldTankDefaultIdle_transform","buster_idle_transform.glb","","28","","","74","74","","true","",""
"ShieldTankDefaultWalk_transform","buster_walk_transform.glb","","29","","","100","100","","true","","1"
"RocketGirlGhostIdle","brock_idle1.glb","","-1","","135","74","74","","true","",""
"RocketGirlGhostWalk","brock_walk1.glb","","-1","","150","100","100","","true","","1"
"RocketGirlGhostPrimary","brock_attack1.glb","","-1","","","1","300","300","","","hips_s#3+L_upperLeg_s#0+R_upperLeg_s#0"
"RocketGirlGhostSecondary","brock_attack1.glb","","-1","","","1","","","","","hips_s#4+L_upperLeg_s#0+R_upperLeg_s#0"
"RocketGirlGhostRecoil","brock_attack1.glb","","-1","","","1","100","100","","","hips_s#3+L_upperLeg_s#0+R_upperLeg_s#0"
"RocketGirlGhostRecoil2","brock_attack1.glb","","-1","","","1","100","100","","","hips_s#4+L_upperLeg_s#0+R_upperLeg_s#0"
"RocketGirlGhostPushback","brock_pushback1.glb","","-1","","","100","100","100","","","5"
"RocketGirlGhostWin","brock_ghost_win.glb","","50","","","","150","500","","","5"
"RocketGirlGhostWinloop","brock_ghost_winloop.glb","","59","","","150","","500","true","","5"
"RocketGirlGhostLose","brock_lose1.glb","1","70","","","","","","","","5"
"RocketGirlGhostLoseloop","brock_lose1.glb","70","110","","","","","","true","","5"
"RocketGirlGhostProfile","brock_ghost_portrait.glb","1","1","","","","","","","","5"
"PercenterInspectorIdle","colette_ghost_win.glb","170","209","-1","","100","100","","true","",""
"PercenterInspectorWalk","colette_ghost_walk.glb","1","-1","-1","","100","100","","true","","1"
"PercenterInspectorAttack","colette_ghost_attack.glb","1","4","-1","","","","","","","hips_s#3+L_upperLeg_s#0+R_upperLeg_s#0"
"PercenterInspectorSuper","colette_ghost_super.glb","","-1","","","50","50","50","true","","5"
"PercenterInspectorRecoil","colette_ghost_attack.glb","3","20","-1","","","","100","","","hips_s#4+L_upperLeg_s#0+R_upperLeg_s#0"
"PercenterInspectorWin","colette_ghost_win.glb","1","209","","","","1000","1000","","",""
"PercenterInspectorLose","colette_ghost_lose.glb","1","149","","","","","","","",""
"PercenterInspectorLoseloop","colette_ghost_lose.glb","150","178","","","","","","true","",""
"PercenterInspectorPortrait","colette_portrait.glb","1","1","","","","","","true","",""
"BlackHoleWorldfinalIdle","tara_world_final_idle.glb","1","-1","","","200","","","true","","5"
"BlackHoleWorldfinalWalk","tara_world_final_walk.glb","1","20","","80","200","","200","true","","1"
"BlackHoleWorldfinalPrimary","tara_world_final_walk.glb","1","4","","","","","200","","","hips_s#4+L_upperLeg_s#0+R_upperLeg_s#0"
"BlackHoleWorldfinalSecondary","tara_world_final_ult.glb","1","4","","","","","200","","","hips_s#4+L_upperLeg_s#0+R_upperLeg_s#0"
"BlackHoleWorldfinalRecoil","tara_world_final_attack.glb","4","20","","","","","200","","","hips_s#4+L_upperLeg_s#0+R_upperLeg_s#0"
"BlackHoleWorldfinalSecondaryRecoil","tara_world_final_ult.glb","4","22","","","","","200","","","hips_s#4+L_upperLeg_s#0+R_upperLeg_s#0"
"BlackHoleWorldfinalReload","tara_world_final_idle.glb","1","12","","","","","50","","",""
"BlackHoleWorldfinalWin","tara_world_finals_win.glb","1","208","","","","","","","","5"
"BlackHoleWorldfinalWinloop","tara_world_finals_win.glb","164","208","","","","","","true","","1"
"BlackHoleWorldfinalLose","tara_world_finals_lose.glb","1","196","","","","","","","",""
"BlackHoleWorldfinalLoseloop","tara_world_finals_lose.glb","154","196","","","","","","true","",""
"BlackHoleWorldfinalProfile","tara_world_final_win.glb","34","34","","","","","","","","5"
"ShieldTankChainsawIdle","buster_ash_idle.glb","","28","","","74","74","","true","",""
"ShieldTankChainsawWalk","buster_ash_walk.glb","","29","","","100","100","","true","","1"
"ShieldTankChainsawPrimary","buster_ash_attack.glb","","-1","","","1","300","300","","","hips_s#3+L_upperLeg_s#0+R_upperLeg_s#0"
"ShieldTankChainsawSecondary","buster_ash_attack.glb","","-1","","","1","","","","","hips_s#4+L_upperLeg_s#0+R_upperLeg_s#0"
"ShieldTankChainsawRecoil","buster_ash_attack.glb","","-1","","","1","100","100","","","hips_s#3+L_upperLeg_s#0+R_upperLeg_s#0"
"ShieldTankChainsawRecoil2","buster_ash_attack.glb","","-1","","","1","100","100","","","hips_s#4+L_upperLeg_s#0+R_upperLeg_s#0"
"ShieldTankChainsawPushback","buster_ash_idle.glb","","-1","","","100","100","100","","","5"
"ShieldTankChainsawWin","buster_ash_win.glb","","169","","","","150","500","","","5"
"ShieldTankChainsawWinloop","buster_ash_win.glb","126","169","","","150","","500","true","","5"
"ShieldTankChainsawLose","buster_ash_lose.glb","1","208","","","","","","","","5"
"ShieldTankChainsawLoseloop","buster_ash_lose.glb","177","208","","","","","","true","","5"
"ShieldTankChainsawProfile","buster_ash_portrait.glb","3","3","","","","","","","","5"
"ArtilleryTurretGhostIdle","penny_ghost_turret_idle.glb","","-1","","","100","100","","true","",""
"ArtilleryTurretGhostAttack","penny_ghost_turret_attack.glb","3","-1","","","","","50","","","4"
"ArtilleryTurretGhostSpawn","penny_ghost_turret_spawn.glb","","35","","","","","100","","","3"
"ShieldTankChainsawIdle_transform","buster_ash_idle_transform.glb","","28","","","74","74","","true","",""
"ShieldTankChainsawWalk_transform","buster_ash_walk_transform.glb","","29","","","100","100","","true","","1"
"JesterDefaultIdle","chester_idle.glb","1","31","","","100","100","","true","",""
"JesterDefaultWalk","chester_run.glb","1","31","","170","100","100","","true","","1"
"JesterDefaultAttack","chester_attack.glb","11","42","","","50","100","10","","","hips_s#3+L_upperLeg_s#0+R_upperLeg_s#0"
"JesterDefaultSecondary","chester_attack.glb","11","42","","","","","10","","","hips_s#3+L_upperLeg_s#0+R_upperLeg_s#0"
"JesterDefaultRecoil","chester_attack.glb","28","42","","","","","10","","","hips_s#4+L_upperLeg_s#0+R_upperLeg_s#0"
"JesterDefaultRecoil2","chester_attack.glb","28","42","","","","","10","","","hips_s#4+L_upperLeg_s#0+R_upperLeg_s#0"
"JesterDefaultReload","chester_idle.glb","","7","","","","","100","","",""
"JesterDefaultPushback","chester_idle.glb","1","1","","","100","100","100","","","5"
"JesterDefaultWin","chester_win_1.glb","1","206","","","","10","100","","","5"
"JesterDefaultWinloop","chester_winloop.glb","","43","","","10","","","true","","1"
"JesterDefaultLose","chester_lose.glb","1","138","","","","","","","","5"
"JesterDefaultLoseloop","chester_lose.glb","139","183","","","","","","true","","1"
"JesterDefaultProfile","chester_portrait.glb","","","","","","","","true","","5"
"JesterDefaultIntro","chester_portrait.glb","","","","","","","","","",""
"FireDudeFrostIdle","amber_frost_idle.glb","1","-1","-1","","100","100","","true","",""
"FireDudeFrostWalk","amber_frost_walk.glb","1","22","-1","","100","100","","true","","1"
"FireDudeFrostAttack","amber_frost_attack.glb","5","10","-1","","","","","","","hips_s#3+L_upperLeg_s#0+R_upperLeg_s#0"
"FireDudeFrostRecoil","amber_frost_attack.glb","10","20","-1","","100","100","100","","","hips_s#4+L_upperLeg_s#0+R_upperLeg_s#0"
"FireDudeFrostPushback","amber_frost_pushback.glb","","-1","-1","","","","","","","5"
"FireDudeFrostWin","amber_frost_win.glb","","151","-1","","","","","","",""
"FireDudeFrostWinloop","amber_frost_win.glb","110","151","-1","","","","","true","",""
"FireDudeFrostLose","amber_frost_lose.glb","","100","-1","","","","","","",""
"FireDudeFrostLoseloop","amber_frost_lose.glb","62","100","-1","","","","","true","",""
"FireDudeFrostPortrait","amber_frost_portrait.glb","","-1","","","","","","","",""
"KnightPinataIdle","ash_pinata_idle.glb","","-1","-1","","100","100","","true","",""
"KnightPinataWalk","ash_pinata_walk.glb","","-1","-1","","100","100","","true","",""
"KnightPinataAttack","ash_pinata_attack.glb","5","20","-1","","","","","","","hips_s#3+L_upperLeg_s#0+R_upperLeg_s#0"
"KnightPinataSuper","ash_pinata_super.glb","","5","-1","","","","","","","hips_s#3+L_upperLeg_s#0+R_upperLeg_s#0"
"KnightPinataRecoil","ash_pinata_attack.glb","21","35","-1","","","","100","","","hips_s#4+L_upperLeg_s#0+R_upperLeg_s#0"
"KnightPinataSuperRecoil","ash_pinata_super.glb","6","20","-1","","","","50","","","hips_s#4+L_upperLeg_s#0+R_upperLeg_s#0"
"KnightPinataPushback","ash_pinata_idle.glb","","10","-1","","30","100","100","","","5"
"KnightPinataWin","ash_pinata_win.glb","","132","-1","","","","","","",""
"KnightPinataWinloop","ash_pinata_win.glb","95","132","-1","","","","","true","",""
"KnightPinataLose","ash_pinata_lose.glb","","118","-1","","","","","","",""
"KnightPinataLoseloop","ash_pinata_lose.glb","118","118","-1","","","","","true","",""
"KnightPinataPortrait","ash_pinata_portrait.glb","","-1","-1","","","","","","",""
"KnightPetPinataIdle","ash_pet_idle.glb","","-1","-1","","","","","true","",""
"BarrelBotCupcakeIdle","darryl_cupcake_idle.glb","1","-1","","","100","100","","true","",""
"BarrelBotCupcakeWalk","darryl_walk.glb","1","20","","","100","100","","true","","1"
"BarrelBotCupcakePrimary","darryl_cupcake_attack.glb","","10","","","100","100","100","","","hips_s#3+L_upperLeg_s#0+R_upperLeg_s#0"
"BarrelBotCupcakeBarrelbotSecondary","darryl_cupcake_super.glb","","29","","","1","1","1","true","","5"
"BarrelBotCupcakeRecoil","darryl_recoil_01.glb","1","10","","","","100","100","","","hips_s#4+L_upperLeg_s#0+R_upperLeg_s#0"
"BarrelBotCupcakeRecoil2","darryl_recoil_02.glb","1","10","","","","100","100","","","hips_s#4+L_upperLeg_s#0+R_upperLeg_s#0"
"BarrelBotCupcakeReload","darryl_idle.glb","","-1","","","800","800","800","","","hips_s#3+L_upperLeg_s#0+R_upperLeg_s#0"
"BarrelBotCupcakePushback","darryl_pushback.glb","1","10","","","50","100","200","","","5"
"BarrelBotCupcakeBarrelbotWin","darryl_cupcake_win.glb","","120","","","","","200","","",""
"BarrelBotCupcakeBarrelbotWinloop","darryl_cupcake_win.glb","120","168","","","","","","true","",""
"BarrelBotCupcakeBarrelbotLose","darryl_cupcake_lose.glb","","79","","","","","200","","",""
"BarrelBotCupcakeBarrelbotLoseloop","darryl_cupcake_lose.glb","79","79","","","","","","true","",""
"BarrelBotCupcakeHide","darryl_win.glb","","1","","","200","200","100","true","",""
"BarrelBotCupcakeProfile","darryl_win.glb","44","44","","","","","","true","",""
"BeamerDefaultIdle","mandy_idle.glb","1","46","","","50","50","50","true","",""
"BeamerDefaultWalk","mandy_walk.glb","1","21","","","","","","true","","1"
"BeamerDefaultAttack","mandy_attack.glb","1","5","","","","","","","","hips_s#4+L_upperLeg_s#0+R_upperLeg_s#0+R_dress_01_s#0+L_dress_01_s#0+F_dress_01_s#0+B_dress_01_s#0"
"BeamerDefaultSecondary","mandy_super.glb","","38","","","100","100","100","","","5"
"BeamerDefaultRecoil","mandy_attack.glb","5","30","","","","","100","","","hips_s#5+L_upperLeg_s#0+R_upperLeg_s#0+R_dress_01_s#0+L_dress_01_s#0+F_dress_01_s#0+B_dress_01_s#0"
"BeamerDefaultReload","mandy_idle.glb","1","1","","","50","50","50","","","hips_s#0+L_upperLeg_s#0+R_upperLeg_s#0"
"BeamerDefaultPushback","mandy_idle.glb","1","1","","","50","50","50","","","5"
"BeamerDefaultWin","mandy_win.glb","1","230","","","","","","","","5"
"BeamerDefaultWinloop","mandy_win.glb","186","230","","","","","","true","","1"
"BeamerDefaultLose","mandy_lose.glb","1","223","","","","","","","","5"
"BeamerDefaultLoseloop","mandy_lose.glb","175","223","","","","","","true","","1"
"BeamerDefaultProfile","mandy_portrait.glb","","","","","","","","","","5"
"KnightKrampusIdle","ash_krampus_idle.glb","","-1","-1","","100","100","","true","",""
"KnightKrampusWalk","ash_krampus_walk.glb","","-1","-1","","100","100","","true","",""
"KnightKrampusAttack","ash_krampus_attack.glb","5","20","-1","","","","","","","hips_s#3+L_upperLeg_s#0+R_upperLeg_s#0"
"KnightKrampusSuper","ash_krampus_super.glb","","5","-1","","","","","","","hips_s#3+L_upperLeg_s#0+R_upperLeg_s#0"
"KnightKrampusRecoil","ash_krampus_attack.glb","21","35","-1","","","","100","","","hips_s#4+L_upperLeg_s#0+R_upperLeg_s#0"
"KnightKrampusSuperRecoil","ash_krampus_super.glb","6","20","-1","","","","50","","","hips_s#4+L_upperLeg_s#0+R_upperLeg_s#0"
"KnightKrampusPushback","ash_pushback.glb","","10","-1","","30","100","100","","","5"
"KnightKrampusWin","ash_krampus_win.glb","","193","-1","","","","","","",""
"KnightKrampusWinloop","ash_krampus_win.glb","154","193","-1","","","","","true","",""
"KnightKrampusLose","ash_krampus_lose.glb","","-1","-1","","","","","","",""
"KnightKrampusLoseloop","ash_krampus_lose.glb","116","158","-1","","","","","true","",""
"KnightKrampusPortrait","ash_krampus_portrait.glb","","-1","-1","","","","","","",""
"KnightPetKrampusIdle","ash_pet_idle.glb","","-1","-1","","","","","true","",""
"WeaponThrowerYetiIdle","bronson_yeti_idle.glb","1","58","","","100","100","","true","",""
"WeaponThrowerYetiWalk","bronson_yeti_walk.glb","1","22","","","100","100","","true","","1"
"WeaponThrowerYetiAttack","bronson_yeti_attack.glb","12","25","","","","","10","","","hips_s#3+L_upperLeg_s#0+R_upperLeg_s#0"
"WeaponThrowerYetiAttackRecoil","bronson_yeti_attack.glb","22","30","","","10","","50","","","hips_s#4+L_upperLeg_s#0+R_upperLeg_s#0"
"WeaponThrowerYetiAttackRecoil2","bronson_yeti_attack.glb","30","35","","","1","100","100","","","hips_s#5+L_upperLeg_s#0+R_upperLeg_s#0"
"WeaponThrowerYetiUltRecoil","bronson_yeti_super.glb","10","30","","","1","100","200","","","hips_s#4+L_upperLeg_s#0+R_upperLeg_s#0"
"WeaponThrowerYetiUltRecoil2","bronson_yeti_small_super.glb","","-1","","","1","100","200","","","hips_s#4+L_upperLeg_s#0+R_upperLeg_s#0"
"WeaponThrowerYetiWin","bronson_yeti_win.glb","1","191","","","100","100","100","","",""
"WeaponThrowerYetiWinloop","bronson_yeti_win.glb","191","234","","","100","100","100","true","",""
"WeaponThrowerYetiLose","bronson_yeti_lose.glb","","79","","","100","100","100","","",""
"WeaponThrowerYetiLoseloop","bronson_yeti_lose.glb","79","79","","","1","100","200","true","",""
"WeaponThrowerYetiProfile","bronson_yeti_portrait.glb","1","1","","","","","","","",""
"ShamanGummybearIdle","nita_gummybear_idle.glb","1","34","","","100","100","","true","",""
"ShamanGummybearWalk","nita_gummybear_walk.glb","1","29","","170","100","100","","true","","1"
"ShamanGummybearAttack","nita_make_attack.glb","3","26","","","","","200","","","spine_lower_s#4"
"ShamanGummybearSecondary","nita_make_attack.glb","3","26","","","","","200","","","spine_lower_s#4"
"ShamanGummybearRecoil","nita_make_attack.glb","3","26","","","","","200","","","spine_lower_s#4"
"ShamanGummybearReload","nita_gummybear_idle.glb","","-1","","","","","100","","","ChestBone#2"
"ShamanGummybearPushback","nita_pushback.glb","","-1","","","100","100","100","","","5"
"ShamanGummybearWin","nita_gummybear_win.glb","1","182","","","","","","","","5"
"ShamanGummybearWinloop","nita_gummybear_win.glb","132","182","","","","","","true","","1"
"ShamanGummybearLose","nita_renamed_lose.glb","1","35","","","","","","","","5"
"ShamanGummybearLoseloop","nita_renamed_lose.glb","35","35","","","","","","true","","1"
"ShamanGummybearProfile","nita_win.glb","88","88","","","","","","","","5"
"ShamanPetGummybearIdle","bear_shiba_idle.glb","1","59","","","100","100","","true","",""
"ShamanPetGummybearBearWalk","nita_bear_walk.glb","1","40","","170","100","100","","true","","1"
"ShamanPetGummybearBearAttack","nita_bear_attack.glb","-1","-1","","","100","200","150","","","spine_lower_s#4"
"ShamanPetGummybearBearRecoil","nita_bear_attack.glb","-1","-1","","","1","1","50","","","spine_lower_s#4"
"ShamanPetGummybearBearPushback","nita_bear_idle.glb","-1","-1","","","200","300","500","","","5"
"BeamerLavaQueenIdle","mandy_lava_idle.glb","1","46","","","50","50","50","true","",""
"BeamerLavaQueenWalk","mandy_lava_walk.glb","1","21","","","","","","true","","1"
"BeamerLavaQueenAttack","mandy_lava_attack.glb","1","12","","","","","","","","hips_s#4+L_upperLeg_s#0+R_upperLeg_s#0+R_dress_01_s#0+L_dress_01_s#0+F_dress_01_s#0+B_dress_01_s#0"
"BeamerLavaQueenSecondary","mandy_lava_super.glb","","45","","","100","100","100","","","5"
"BeamerLavaQueenRecoil","mandy_lava_attack.glb","7","25","","","","","100","","","hips_s#5+L_upperLeg_s#0+R_upperLeg_s#0+R_dress_01_s#0+L_dress_01_s#0+F_dress_01_s#0+B_dress_01_s#0"
"BeamerLavaQueenReload","mandy_lava_idle.glb","1","1","","","50","50","50","","","hips_s#0+L_upperLeg_s#0+R_upperLeg_s#0"
"BeamerLavaQueenPushback","mandy_lava_idle.glb","1","1","","","50","50","50","","","5"
"BeamerLavaQueenWin","mandy_lava_queen_win_120.glb","1","516","","","","","","","","5"
"BeamerLavaQueenWinloop","mandy_lava_win.glb","130","178","","","","","","true","","1"
"BeamerLavaQueenLose","mandy_lava_lose.glb","1","218","","","","","","","","5"
"BeamerLavaQueenLoseloop","mandy_lava_lose.glb","218","218","","","","","","true","","1"
"BeamerLavaQueenProfile","mandy_portrait.glb","","","","","","","","","","5"
"JesterGhostIdle","chester_idle.glb","1","31","","","100","100","","true","",""
"JesterGhostWalk","chester_run.glb","1","31","","170","100","100","","true","","1"
"JesterGhostAttack","chester_attack.glb","11","42","","","50","100","10","","","hips_s#3+L_upperLeg_s#0+R_upperLeg_s#0"
"JesterGhostSecondary","chester_attack.glb","11","42","","","","","10","","","hips_s#3+L_upperLeg_s#0+R_upperLeg_s#0"
"JesterGhostRecoil","chester_attack.glb","28","42","","","","","10","","","hips_s#4+L_upperLeg_s#0+R_upperLeg_s#0"
"JesterGhostRecoil2","chester_attack.glb","28","42","","","","","10","","","hips_s#4+L_upperLeg_s#0+R_upperLeg_s#0"
"JesterGhostReload","chester_idle.glb","1","1","","","","","100","","",""
"JesterGhostPushback","chester_idle.glb","1","1","","","100","100","100","","","5"
"JesterGhostWin","chester_win_1.glb","1","206","","","","10","100","","","5"
"JesterGhostWinloop","chester_winloop.glb","","43","","","10","","","true","","1"
"JesterGhostLose","chester_lose.glb","1","139","","","","","","","","5"
"JesterGhostLoseloop","chester_lose.glb","139","181","","","","","","true","","1"
"JesterGhostProfile","chester_portrait.glb","","","","","","","","true","","5"
"JesterGhostIntro","chester_portrait.glb","","","","","","","","","",""
"RopeDudeLollipopIdle","buzz_lollipop_idle.glb","","28","-1","","100","100","","true","",""
"RopeDudeLollipopWalk","buzz_lollipop_walk.glb","","27","-1","","100","100","","true","","1"
"RopeDudeLollipopAttack","buzz_lollipop_attack.glb","","28","-1","","100","100","50","","","hips_s#3+L_upperLeg_s#0+R_upperLeg_s#0"
"RopeDudeLollipopSuperThrow","buzz_lollipop_super_throw.glb","","5","-1","","","","","","","3"
"RopeDudeLollipopSuperThrowRecoil","buzz_lollipop_super_throw.glb","3","20","-1","","","200","50","","","4"
"RopeDudeLollipopSuperJump","buzz_lollipop_super_jump.glb","","-1","-1","","100","","50","true","","5"
"RopeDudeLollipopWin","buzz_lollipop_win_120.glb","","536","-1","","","","","","",""
"RopeDudeLollipopWinloop","buzz_lollipop_win.glb","88","134","-1","","","","","true","",""
"RopeDudeLollipopLose","buzz_lollipop_lose.glb","","79","-1","","","","","","",""
"RopeDudeLollipopLoseloop","buzz_lollipop_lose.glb","57","79","-1","","","","","true","",""
"RopeDudeLollipopPortrait","buzz_lollipop_portrait.glb","","-1","-1","","","","","","",""
"AssaultShotgunArcadeIdle","griff_arcade_idle.glb","","38","-1","","100","100","","true","",""
"AssaultShotgunArcadeWalk","griff_arcade_walk.glb","","-1","-1","","100","100","","true","",""
"AssaultShotgunArcadeAttack","griff_arcade_attack.glb","","3","-1","","","","","","","hips_s#3+L_upperLeg_s#0+R_upperLeg_s#0"
"AssaultShotgunArcadeRecoil","griff_arcade_attack.glb","4","-1","-1","","","100","200","","","hips_s#4+L_upperLeg_s#0+R_upperLeg_s#0"
"AssaultShotgunArcadeWin","griff_arcade_win.glb","","97","-1","","","","","","",""
"AssaultShotgunArcadeWinloop","griff_arcade_win.glb","71","97","-1","","","","","true","",""
"AssaultShotgunArcadeLose","griff_arcade_lose.glb","","138","-1","","50","","","","",""
"AssaultShotgunArcadeLoseloop","griff_arcade_lose.glb","64","138","-1","","","","","true","",""
"AssaultShotgunArcadePortrait","griff_arcade_portrait.glb","","-1","-1","","","","","","",""
"DoorManDefaultIdle","gray_idle.glb","","-1","","","100","100","","true","",""
"DoorManDefaultWalk","gray_walk.glb","","-1","","125","100","100","","true","","1"
"DoorManDefaultPrimary","gray_attack.glb","15","20","","","50","50","50","","","hips_s#3+L_upperLeg_s#0+R_upperLeg_s#0"
"DoorManDefaultSecondary","gray_super.glb","","-1","","","100","100","100","","","hips_s#3+L_upperLeg_s#0+R_upperLeg_s#0"
"DoorManDefaultRecoil","gray_attack.glb","20","30","","","50","100","200","","","hips_s#4+L_upperLeg_s#0+R_upperLeg_s#0"
"DoorManDefaultRecoil2","gray_super.glb","50","70","","","100","100","100","","","hips_s#4+L_upperLeg_s#0+R_upperLeg_s#0"
"DoorManDefaultReload","gray_idle.glb","1","3","","","800","800","800","","","spine_lower_s#4"
"DoorManDefaultPushback","gray_walk.glb","","-1","","","100","100","100","","","5"
"DoorManDefaultWin","gray_win.glb","","206","","","","","","","",""
"DoorManDefaultWinloop","gray_win.glb","206","238","","","","","","true","",""
"DoorManDefaultLose","gray_lose.glb","1","196","","","","","200","","",""
"DoorManDefaultLoseloop","gray_lose.glb","196","196","","","","","200","true","",""
"DoorManDefaultProfile","gray_portrait.glb","30","31","","","","","","","",""
"FleaBikerIdle","eve_biker_idle.glb","1","-1","-1","","400","400","","true","",""
"FleaBikerWalk","eve_biker_walk.glb","","-1","-1","","400","400","","true","","1"
"FleaBikerAttack","eve_biker_attack.glb","","31","-1","","","","","","","3"
"FleaBikerSuper","eve_biker_super.glb","","-1","-1","","","","","true","","3"
"FleaBikerAttackRecoil","eve_biker_attack.glb","5","-1","-1","","","100","300","","","4"
"FleaBikerSuperRecoil","eve_biker_super.glb","","-1","-1","","","100","100","","","4"
"FleaBikerPushback","eve_biker_pushback.glb","","25","-1","","","400","500","","","5"
"FleaBikerHappy","eve_biker_win.glb","","141","-1","","","","","","",""
"FleaBikerHappyLoop","eve_biker_win.glb","141","174","-1","","","","","true","",""
"FleaBikerSad","eve_biker_lose.glb","","109","-1","","","","","","",""
"FleaBikerSadLoop","eve_biker_lose.glb","109","109","-1","","","","","true","",""
"FleaBikerSadEnter","eve_biker_lose.glb","","","-1","","","","","","",""
"FleaBikerProfile","eve_biker_portrait_cam.glb","101","-1","-1","","","","","","",""
"SoulCollectorworldfinalsIdle","gus_world_finals_idle.glb","","-1","-1","","200","200","200","true","",""
"SoulCollectorworldfinalsWalk","gus_world_finals_walk.glb","1","24","-1","","200","200","200","true","","1"
"SoulCollectorworldfinalsPrimary","gus_world_finals_attack.glb","","4","-1","","","","","","","hips_s#3+L_upperLeg_s#0+R_upperLeg_s#0"
"SoulCollectorworldfinalsPrimaryRecoil","gus_world_finals_attack.glb","","23","-1","","","100","250","","","hips_s#4+L_upperLeg_s#0+R_upperLeg_s#0"
"SoulCollectorworldfinalsPushback","gus_world_finals_pushback.glb","","15","-1","","20","250","250","","",""
"SoulCollectorworldfinalsWin","gus_world_finals_win.glb","","200","-1","","","","","","",""
"SoulCollectorworldfinalsWinloop","gus_world_finals_win.glb","118","158","-1","","","","","true","",""
"SoulCollectorworldfinalsLose","gus_world_finals_lose.glb","","148","-1","","","","","","",""
"SoulCollectorworldfinalsLoseloop","gus_world_finals_lose.glb","117","150","-1","","","","","true","",""
"SoulCollectorworldfinalsPortrait","gus_worldfinals_pose.glb","","","-1","","","","","","",""
"WeaponThrowerValentinesIdle","bronson_idle.glb","1","73","","","100","100","","true","",""
"WeaponThrowerValentinesWalk","bronson_walk.glb","1","29","","","100","100","","true","","1"
"WeaponThrowerValentinesAttack","bronson_attack.glb","12","25","","","","","10","","","hips_s#3+L_upperLeg_s#0+R_upperLeg_s#0"
"WeaponThrowerValentinesAttackRecoil","bronson_attack.glb","22","30","","","10","","50","","","hips_s#4+L_upperLeg_s#0+R_upperLeg_s#0"
"WeaponThrowerValentinesAttackRecoil2","bronson_attack.glb","30","35","","","1","100","100","","","hips_s#5+L_upperLeg_s#0+R_upperLeg_s#0"
"WeaponThrowerValentinesUltRecoil","bronson_super.glb","10","50","","","1","100","200","","","hips_s#4+L_upperLeg_s#0+R_upperLeg_s#0"
"WeaponThrowerValentinesUltRecoil2","bronson_small_super.glb","","-1","","","1","100","200","","","hips_s#4+L_upperLeg_s#0+R_upperLeg_s#0"
"WeaponThrowerValentinesWin","bronson_valentines_win.glb","1","86","","","100","100","100","","",""
"WeaponThrowerValentinesWinloop","bronson_valentines_win.glb","86","159","","","100","100","100","true","",""
"WeaponThrowerValentinesLose","bronson_lose.glb","","108","","","100","100","200","","",""
"WeaponThrowerValentinesLoseloop","bronson_lose.glb","71","108","","","1","100","200","true","",""
"WeaponThrowerValentinesProfile","bronson_teddy_portrait.glb","1","1","","","","","","true","",""
"WeaponThrowerValentinesIdle_transform","bronson_small_idle.glb","1","73","","","100","100","","true","",""
"WeaponThrowerValentinesWalk_transform","bronson_small_walk.glb","1","29","","150","100","100","","true","","1"
"WeaponThrowerValentinesAttack_transform","bronson_small_attack.glb","10","25","","","","","100","","","hips_s#4+L_upperLeg_s#0+R_upperLeg_s#0"
"WeaponThrowerValentinesAttackRecoil_transform","bronson_small_attack.glb","15","30","","","","","100","","","hips_s#3+L_upperLeg_s#0+R_upperLeg_s#0"
"WeaponThrowerValentinesAttackRecoil2_transform","bronson_attack.glb","35","35","","200","1","100","100","","","hips_s#5+L_upperLeg_s#0+R_upperLeg_s#0"
"EveBabyBikerIdle","eve_baby_biker_idle.glb","","13","-1","","100","100","","true","",""
"EveBabyBikerWalk","eve_baby_biker_walk.glb","","14","-1","","100","100","","true","",""
"EveBabyBikerAttack","eve_baby_biker_attack.glb","","13","-1","","100","100","","true","",""
"EveEggBikerIdle","eve_egg_biker_idle.glb","","-1","-1","","100","100","","true","",""
"BeamerDefaultIdle_transform","mandy_idle_transform.glb","1","21","","","200","250","","true","",""
"BeamerLavaQueenIdle_transform","mandy_idle_transform.glb","1","21","","","200","250","","true","",""
"BeamerDefaultEnv","mandy_env.glb","1","854","","","","","","true","",""
"JesterDefaultEnv","chester_env.glb","1","300","","","","","","true","",""
"ShotgunGirloldschoolIdle","shelly_xmas_idle.glb","","-1","","","100","100","","true","",""
"ShotgunGirloldschoolWalk","shelly_xmas_walk.glb","1","30","","","100","100","","true","","1"
"ShotgunGirloldschoolPrimary","shelly_xmas_attack.glb","1","5","","","","","","","","hips_s#3+L_upperLeg_s#0+R_upperLeg_s#0"
"ShotgunGirloldschoolSecondary","shelly_xmas_attack.glb","1","5","","","","","","","","hips_s#4+L_upperLeg_s#0+R_upperLeg_s#0"
"ShotgunGirloldschoolRecoil","shelly_xmas_attack.glb","6","20","","","","","100","","","hips_s#4+L_upperLeg_s#0+R_upperLeg_s#0"
"ShotgunGirloldschoolReload","shelly_xmas_idle.glb","1","-1","","","","","100","","","hips_s#0+L_upperLeg_s#0+R_upperLeg_s#0+R_clavicle_s#4+R_shoulder_s#4+R_elbow_s#4+R_forearm_twist_s#4+R_wrist_s#4+L_clavicle_s#4+L_shoulder_s#4+L_elbow_s#4+L_forearm_twist_s#4+L_wrist_s#4"
"ShotgunGirloldschoolPushback","shelly_pushback.glb","","-1","","","100","100","100","","","5"
"ShotgunGirloldschoolWin","shelly_xmas_win.glb","1","59","","","","","","","","5"
"ShotgunGirloldschoolWinloop","shelly_xmas_win.glb","60","102","","","","","","true","","1"
"ShotgunGirloldschoolLose","shelly_lose.glb","1","50","","","","","","","","5"
"ShotgunGirloldschoolLoseloop","shelly_lose.glb","50","130","","","","","","true","","1"
"ShotgunGirloldschoolProfile","shelly_win.glb","80","80","","","","","","true","",""
"ShotgunGirloldschoolIntro","shelly_intro_pose.glb","","","","","","","","","",""
"DoorManRunawayIdle","gray_idle.glb","","-1","","","100","100","","true","",""
"DoorManRunawayWalk","gray_walk.glb","","-1","","125","100","100","","true","","1"
"DoorManRunawayPrimary","gray_attack.glb","15","20","","","50","50","50","","","hips_s#3+L_upperLeg_s#0+R_upperLeg_s#0"
"DoorManRunawaySecondary","gray_super.glb","","-1","","","100","100","100","","","hips_s#3+L_upperLeg_s#0+R_upperLeg_s#0"
"DoorManRunawayRecoil","gray_attack.glb","20","30","","","50","100","200","","","hips_s#4+L_upperLeg_s#0+R_upperLeg_s#0"
"DoorManRunawayRecoil2","gray_super.glb","50","70","","","100","100","100","","","hips_s#4+L_upperLeg_s#0+R_upperLeg_s#0"
"DoorManRunawayReload","gray_idle.glb","1","3","","","800","800","800","","","spine_lower_s#4"
"DoorManRunawayPushback","gray_walk.glb","","-1","","","100","100","100","","","5"
"DoorManRunawayWin","gray_runaway_win.glb","","206","","","","","","","",""
"DoorManRunawayWinloop","gray_runaway_win.glb","206","238","","","","","","true","",""
"DoorManRunawayLose","gray_lose.glb","1","196","","","","","200","","",""
"DoorManRunawayLoseloop","gray_lose.glb","196","196","","","","","200","true","",""
"DoorManRunawayProfile","gray_portrait.glb","30","31","","","","","","","",""
"SilencerOniIdle","otis_oni_idle.glb","1","60","","","100","100","","true","",""
"SilencerOniWalk","otis_oni_walk.glb","1","29","","115","100","100","","true","","1"
"SilencerOniAttack","otis_oni_attack.glb","8","15","","","100","100","","","","hips_s#3+L_upperLeg_s#0+R_upperLeg_s#0"
"SilencerOniSecondary","otis_oni_super.glb","","5","","","100","100","","","","hips_s#3+L_upperLeg_s#0+R_upperLeg_s#0"
"SilencerOniRecoil","otis_oni_attack.glb","12","23","","","100","100","100","","","hips_s#4+L_upperLeg_s#0+R_upperLeg_s#0"
"SilencerOniSecondaryRecoil","otis_oni_super.glb","6","40","","","100","100","175","","","hips_s#4+L_upperLeg_s#0+R_upperLeg_s#0"
"SilencerOniWin","otis_oni_win_120.glb","","711","","","","","","","","5"
"SilencerOniWinloop","otis_oni_win.glb","137","179","","","","","","true","","1"
"SilencerOniLose","otis_oni_lose.glb","","158","","","","","","","",""
"SilencerOniLoseloop","otis_oni_lose.glb","122","182","","","","","","true","",""
"SilencerOniPortrait","otis_oni_portrait.glb","60","-1","","","","","","","",""
"SilencerOniAddonStarfishIdle","starfish_addon_idle.glb","","-1","","","","","","true","",""
"SilencerOniAddonStarfishSpawn","starfishphara_addon_spawn.glb","1","-1","","","","","200","","","5"
"ArtilleryDudeDarkBunnyIdle","penny_bunny_dark_redux_idle.glb","1","30","","","100","100","","true","",""
"ArtilleryDudeDarkBunnyWalk","penny_bunny_dark_redux_walk.glb","1","29","","","100","100","","true","","1"
"ArtilleryDudeDarkBunnyPrimary","penny_bunny_dark_redux_attack.glb","1","20","","","","","","","","hips_s#3+L_upperLeg_s#0+R_upperLeg_s#0"
"ArtilleryDudeDarkBunnyUltiAttack","penny_bunny_dark_redux_ulti.glb","","5","","","","","10","","","hips_s#4+L_upperLeg_s#0+R_upperLeg_s#0"
"ArtilleryDudeDarkBunnyRecoil","penny_bunny_dark_redux_attack.glb","1","20","","","","","150","","","hips_s#4+L_upperLeg_s#0+R_upperLeg_s#0"
"ArtilleryDudeDarkBunnyUltiRecoil","penny_bunny_redux_ulti.glb","5","22","","","","","250","","","hips_s#4+L_upperLeg_s#0+R_upperLeg_s#0"
"ArtilleryDudeDarkBunnyReload","penny_bunny_dark_redux_idle.glb","","5","","","200","200","200","","",""
"ArtilleryDudeDarkBunnyPushback","penny_bunny_dark_redux_idle.glb","","18","","","100","100","200","","","5"
"ArtilleryDudeDarkBunnyWin","penny_dark_bunny_redux_win_120.glb","1","600","","","","","","","",""
"ArtilleryDudeDarkBunnyWinloop","penny_bunny_dark_redux_win.glb","107","150","","","","","","true","",""
"ArtilleryDudeDarkBunnyLose","penny_bunny_dark_redux_lose.glb","1","105","","","","","","","",""
"ArtilleryDudeDarkBunnyLoseloop","penny_bunny_dark_redux_lose.glb","90","105","","","","","","true","",""
"ArtilleryDudeDarkBunnyProfile","penny_bunny_redux_portrait.glb","","","","","","","","true","",""
"MechanicSummerIdle","jessie_beach_idle.glb","","-1","","","100","100","","true","",""
"MechanicSummerWalk","jessie_beach_walk.glb","","-1","","","100","100","","true","","1"
"MechanicSummerPrimary","jessie_beach_attack.glb","","4","","","","","","","","hips_s#3+L_upperLeg_s#0+R_upperLeg_s#0"
"MechanicSummerUltiAttack","jessie_beach_idle.glb","","-1","","","200","200","10","true","","5"
"MechanicSummerRecoil","jessie_beach_attack.glb","1","15","","","","","100","","","hips_s#4+L_upperLeg_s#0+R_upperLeg_s#0"
"MechanicSummerUltiRecoil","jessie_beach_idle.glb","","-1","","","200","200","100","","","5"
"MechanicSummerReload","jessie_beach_idle.glb","","","","","200","200","200","","","chest_s#2"
"MechanicSummerPushback","jessie_beach_pushback.glb","","10","","","100","100","100","true","","5"
"MechanicSummerWin","jessie_beach_win.glb","1","150","","","","","","","",""
"MechanicSummerWinloop","jessie_beach_win.glb","101","150","","","","","","true","",""
"MechanicSummerLose","jessie_beach_lose.glb","1","99","","","","","","","",""
"MechanicSummerLoseloop","jessie_beach_lose.glb","98","135","","","","","","true","",""
"MechanicSummerProfile","jessie_beach_portrait.glb","","","","","","","","true","",""
"TurretSummertimeIdle","jessie_turret_idle.glb","","-1","-1","","50","50","","true","",""
"TurretSummertimeAttack","jessie_turret_attack.glb","","11","-1","","","","20","","",""
"TurretSummertimeSpawn","jessie_turret_spawn.glb","","-1","-1","","","","50","","",""
"DuplicatorKitsuneIdle","lolla_kitsune_idle.glb","","-1","-1","","100","100","","true","",""
"DuplicatorKitsuneWalk","lolla_kitsune_walk.glb","","-1","-1","","100","100","","true","","1"
"DuplicatorKitsuneAttack","lolla_kitsune_attack.glb","","4","-1","","50","","","","","hips_s#3+L_upperLeg_s#0+R_upperLeg_s#0"
"DuplicatorKitsuneSuper","lolla_kitsune_super.glb","","4","-1","","","","","","","hips_s#3+L_upperLeg_s#0+R_upperLeg_s#0"
"DuplicatorKitsuneRecoil","lolla_kitsune_attack.glb","5","17","-1","","","","100","","","hips_s#4+L_upperLeg_s#0+R_upperLeg_s#0"
"DuplicatorKitsuneSuperRecoil","lolla_kitsune_super.glb","4","18","-1","","","","100","","","hips_s#4+L_upperLeg_s#0+R_upperLeg_s#0"
"DuplicatorKitsunePushback","lolla_kitsune_pushback.glb","","10","-1","","20","","100","","",""
"DuplicatorKitsuneWin","lolla_kitsune_win.glb","","148","-1","","","","800","","",""
"DuplicatorKitsuneWinloop","lolla_kitsune_win.glb","102","148","-1","","","","","true","",""
"DuplicatorKitsuneLose","lolla_kitsune_lose.glb","","188","-1","","","","","","",""
"DuplicatorKitsuneLoseloop","lolla_kitsune_lose.glb","154","188","-1","","","","","true","",""
"DuplicatorKitsunePortrait","lolla_kitsune_portrait.glb","","","-1","","","","","","",""
"DoorManDetectiveIdle","gray_investigator_idle.glb","","-1","","","100","100","","true","",""
"DoorManDetectiveWalk","gray_investigator_walk.glb","","-1","","125","100","100","","true","","1"
"DoorManDetectivePrimary","gray_investigator_attack.glb","15","20","","","50","50","50","","","hips_s#3+L_upperLeg_s#0+R_upperLeg_s#0"
"DoorManDetectiveSecondary","gray_investigator_super.glb","","-1","","","100","100","100","","","hips_s#3+L_upperLeg_s#0+R_upperLeg_s#0"
"DoorManDetectiveRecoil","gray_investigator_attack.glb","20","30","","","50","100","200","","","hips_s#4+L_upperLeg_s#0+R_upperLeg_s#0"
"DoorManDetectiveRecoil2","gray_investigator_super.glb","50","70","","","100","100","100","","","hips_s#4+L_upperLeg_s#0+R_upperLeg_s#0"
"DoorManDetectiveReload","gray_investigator_idle.glb","1","3","","","800","800","800","","","spine_lower_s#4"
"DoorManDetectivePushback","gray_investigator_walk.glb","","-1","","","100","100","100","","","5"
"DoorManDetectiveWin","gray_investigator_win.glb","","226","","","","","","","",""
"DoorManDetectiveWinloop","gray_investigator_win.glb","176","226","","","","","","true","",""
"DoorManDetectiveLose","gray_investigator_lose.glb","1","169","","","","","200","","",""
"DoorManDetectiveLoseloop","gray_investigator_lose.glb","169","204","","","","","200","true","",""
"DoorManDetectiveProfile","gray_investigator_portrait.glb","2","2","","","","","","","",""
"ControllerEasterIdle","nani_easter_idle.glb","1","45","","","100","100","","true","",""
"ControllerEasterWalk","nani_easter_walk.glb","1","27","","","100","100","","true","","1"
"ControllerEasterAttack","nani_easter_attack.glb","","5","","","","","","","","hips_s#3+L_upperLeg_s#0+R_upperLeg_s#0"
"ControllerEasterSecondary","nani_super.glb","","-1","","","100","100","","true","","hips_s#3+L_upperLeg_s#0+R_upperLeg_s#0"
"ControllerEasterRecoil","nani_easter_attack.glb","","23","","","","","200","","","hips_s#4+L_upperLeg_s#0+R_upperLeg_s#0"
"ControllerEasterReload","nani_easter_idle.glb","","10","","","200","200","100","","",""
"ControllerEasterPushback","nani_easter_pushback.glb","","-1","","","50","","100","","","5"
"ControllerEasterWin","nani_easter_win.glb","","209","","","","","","","","1"
"ControllerEasterWinloop","nani_easter_win.glb","168","209","","","","","","true","","1"
"ControllerEasterLose","nani_easter_lose.glb","","-1","","","","","","","","1"
"ControllerEasterLoseloop","nani_easter_lose.glb","113","173","","","","","","true","","1"
"ControllerEasterPortrait","nani_easter_portrait.glb","","-1","","","","","","","",""
"LuchadorButlerIdle","primo_butler_idle.glb","1","49","","","200","200","","true","",""
"LuchadorButlerWalk","primo_butler_walk.glb","1","27","","120","150","150","","true","","1"
"LuchadorButlerPrimary","primo_butler_attack.glb","","5","","","1","100","50","","","hips_s#3+L_upperLeg_s#0+R_upperLeg_s#0"
"LuchadorButlerSecondary","primo_butler_super.glb","","-1","","","100","100","","","","5"
"LuchadorButlerRecoil","primo_butler_attack.glb","5","12","","","","","50","","","hips_s#5+L_upperLeg_s#0+R_upperLeg_s#0"
"LuchadorButlerRecoil2","primo_butler_attack.glb","16","24","","","","","50","","","hips_s#4+L_upperLeg_s#0+R_upperLeg_s#0"
"LuchadorButlerPushback","primo_butler_idle.glb","","20","","","100","100","400","","","5"
"LuchadorButlerWin","primo_butler_win.glb","1","211","","","","","","","","5"
"LuchadorButlerWinloop","primo_butler_win.glb","149","211","","","","","","true","","1"
"LuchadorButlerLose","primo_butler_lose.glb","1","178","","","","","200","","","5"
"LuchadorButlerLoseloop","primo_butler_lose.glb","178","178","","","","","","true","","1"
"LuchadorButlerProfile","primo_butler_portrait.glb","74","74","","","","","","true","","5"
"LuchadorButlerIntro","primo_intro_pose.glb","","","","","","","","","",""
"HammerDudeknightIdle","frank_make_idle.glb","","-1","","","500","500","","true","",""
"HammerDudeknightWalk","frank_make_walk.glb","1","29","","120","300","300","","true","","5"
"HammerDudeknightPrimary","frank_make_attack.glb","1","45","","","","","100","","","5"
"HammerDudeknightSecondary","frank_make_super.glb","1","50","","","100","100","","true","","5"
"HammerDudeknightRecoil","frank_make_attack.glb","22","35","","","","","200","","","5"
"HammerDudeknightRecoil2","frank_make_super.glb","36","50","","","1","1","100","","","5"
"HammerDudeknightReloading","frank_make_idle.glb","","6","","","","","50","","",""
"HammerDudeknightPushback","frank_pushback.glb","","-1","","","120","120","400","","","5"
"HammerDudeknightWin","frank_make_win.glb","1","118","","","","","","","","5"
"HammerDudeknightWinloop","frank_make_win.glb","118","168","","","","","","true","","1"
"HammerDudeknightLose","frank_make_lose.glb","1","100","","","","","","","","5"
"HammerDudeknightLoseloop","frank_make_lose.glb","100","119","","","","","","true","","1"
"HammerDudeknightProfile","frank_make_portrait.glb","44","44","","","","","","true","",""
"HammerDudeknightIntro","frank_intro_pose.glb","","","","","","","","","",""
"BullDudeAlleycatIdle","bull_alleycat_idle.glb","","29","","","150","150","","true","",""
"BullDudeAlleycatWalk","bull_alleycat_walk.glb","","21","","","100","100","","true","","1"
"BullDudeAlleycatPrimary","bull_alleycat_attack.glb","","19","","","","","","","","hips_s#3+L_upperLeg_s#0+R_upperLeg_s#0"
"BullDudeAlleycatSecondary","bull_alleycat_super.glb","","21","","150","66","66","133","true","","5"
"BullDudeAlleycatRecoil","bull_alleycat_attack.glb","4","20","","","50","","100","","","hips_s#4+L_upperLeg_s#0+R_upperLeg_s#0"
"BullDudeAlleycatReload","bull_alleycat_idle.glb","1","10","","200","250","250","250","","","ChestBone#2"
"BullDudeAlleycatPushback","bull_rock_pushback.glb","","-1","","","100","100","100","","","5"
"BullDudeAlleycatWin","bull_alleycat_win.glb","","157","","","","","","","","5"
"BullDudeAlleycatWinloop","bull_alleycat_win.glb","157","201","","","","","","true","","5"
"BullDudeAlleycatLose","bull_alleycat_lose.glb","","136","","","","","","","","5"
"BullDudeAlleycatLoseloop","bull_alleycat_lose.glb","136","190","","","","","","true","","5"
"BullDudeAlleycatProfile","bull_alleycat_portrait.glb","","","","","","","","true","","5"
"TntDudeTenguIdle","dynamike_tengu_idle.glb","","-1","","","100","100","","true","","0"
"TntDudeTenguWalk","dynamike_tengu_walk.glb","1","29","","150","100","100","","true","","1"
"TntDudeTenguPrimary","dynamike_tengu_attack.glb","1","5","","","","","10","","","hips_s#3"
"TntDudeTenguSecondary","dynamike_tengu_super.glb","1","5","","","","","10","true","","hips_s#3"
"TntDudeTenguRecoil","dynamike_tengu_attack.glb","5","20","","","","","100","","","hips_s#4"
"TntDudeTenguUlti","dynamike_tengu_super.glb","5","20","","","","","100","","","hips_s#4"
"TntDudeTenguReload","dynamike_tengu_walk.glb","1","5","","150","66","66","6","","","spine_lower_s#0"
"TntDudeTenguPushback","dynamike_tengu_pushback.glb","","-1","","","100","100","100","","","5"
"TntDudeTenguWin","dynamike_tengu_win.glb","1","118","","","","","","","",""
"TntDudeTenguWinloop","dynamike_tengu_win.glb","118","160","","80","","","","true","",""
"TntDudeTenguLose","dynamike_tengu_lose.glb","","152","","","","","","","",""
"TntDudeTenguLoseloop","dynamike_tengu_lose.glb","152","185","","","","","","true","",""
"TntDudeTenguProfile","dynamike_tengu_portrait.glb","20","20","","","","","","true","",""
"WhirlwindRamadanIdle","carl_ramadan_idle.glb","1","180","","","100","100","","true","",""
"WhirlwindRamadanWalk","carl_ramadan_walk.glb","1","23","","","100","100","","true","","1"
"WhirlwindRamadanAttack","carl_ramadan_attack.glb","1","35","","","100","100","100","","","hips_s#4+L_upperLeg_s#0+R_upperLeg_s#0"
"WhirlwindRamadanSecondary","carl_ramadan_super.glb","1","35","","","200","200","200","true","","5"
"WhirlwindRamadanAttackRecoil","carl_ramadan_attack.glb","1","35","","","100","200","200","","","hips_s#4+L_upperLeg_s#0+R_upperLeg_s#0"
"WhirlwindRamadanSecondaryRecoil","carl_ramadan_super.glb","1","35","","","","","","true","","5"
"WhirlwindRamadanReload","carl_ramadan_attack.glb","17","25","","","100","100","100","","","5"
"WhirlwindRamadanWin","carl_ramadan_win_120.glb","1","677","","","","","","","",""
"WhirlwindRamadanWinloop","carl_ramadan_win_120.glb","678","795","","","","","","true","",""
"WhirlwindRamadanLose","carl_ramadan_lose.glb","1","192","","","","","","","",""
"WhirlwindRamadanLoseloop","carl_ramadan_lose.glb","153","192","","","","","","true","",""
"WhirlwindRamadanProfile","carl_ramadan_portrait.glb","3","3","","","","","","true","",""
"ArtilleryGalElfIdle","penny_idle.glb","","-1","","130","100","100","","true","",""
"ArtilleryGalElfWalk","penny_elf_redux_walk.glb","","19","","","100","100","","true","","1"
"ArtilleryGalElfPrimary","penny_elf_redux_attack.glb","1","4","","","","","","","","hips_s#3+L_upperLeg_s#0+R_upperLeg_s#0"
"ArtilleryGalElfUltiAttack","penny_elf_redux_attack.glb","","5","","","","","10","","","hips_s#4+L_upperLeg_s#0+R_upperLeg_s#0"
"ArtilleryGalElfRecoil","penny_elf_redux_attack.glb","1","20","","","","","150","","","hips_s#4+L_upperLeg_s#0+R_upperLeg_s#0"
"ArtilleryGalElfUltiRecoil","penny_elf_redux_attack.glb","5","22","","","","","250","","","hips_s#4+L_upperLeg_s#0+R_upperLeg_s#0"
"ArtilleryGalElfReload","penny_elf_redux_idle.glb","","5","","","200","200","200","","",""
"ArtilleryGalElfPushback","penny_elf_redux_idle.glb","","-1","","","100","100","200","","","5"
"ArtilleryGalElfWin","penny_elf_redux_win.glb","1","146","","","","","","","",""
"ArtilleryGalElfWinloop","penny_elf_redux_win.glb","147","201","","","","","","true","",""
"ArtilleryGalElfLose","penny_elf_redux_lose.glb","1","158","","","","","","","",""
"ArtilleryGalElfLoseloop","penny_elf_redux_lose.glb","159","196","","","","","","true","",""
"ArtilleryGalElfProfile","penny_elf_portrait_redux.glb","1","1","","","","","","","",""
"ArtilleryDudeSmugglerIdle","penny_smuggler_idle.glb","","-1","","","100","100","","true","",""
"ArtilleryDudeSmugglerArtilleryGalWalk","mari_walk.glb","","28","","150","100","100","","true","","1"
"ArtilleryDudeSmugglerArtilleryGalPrimary","mari_attack.glb","1","20","","","","","1","","","hips_s#4+L_upperLeg_s#0+R_upperLeg_s#0"
"ArtilleryDudeSmugglerArtilleryGalUltiAttack","mari_attack.glb","1","5","","","","","10","","","hips_s#4+L_upperLeg_s#0+R_upperLeg_s#0"
"ArtilleryDudeSmugglerArtilleryGalRecoil","mari_attack.glb","5","20","","","","","150","","","hips_s#4+L_upperLeg_s#0+R_upperLeg_s#0"
"ArtilleryDudeSmugglerArtilleryGalUltiRecoil","mari_ult.glb","5","22","","","","","250","","","hips_s#4+L_upperLeg_s#0+R_upperLeg_s#0"
"ArtilleryDudeSmugglerArtilleryGalReload","mari_idle.glb","","5","","","200","200","200","","",""
"ArtilleryDudeSmugglerArtilleryGalPushback","mari_attack.glb","","-1","","","100","100","200","","","5"
"ArtilleryDudeSmugglerWin","penny.smuggler_win_120.glb","","844","-1","","","","","","",""
"ArtilleryDudeSmugglerWinloop","penny_smuggler_win.glb","212","289","-1","","","","","true","",""
"ArtilleryDudeSmugglerArtilleryGalLose","mari_lose.glb","1","105","","","","","","","",""
"ArtilleryDudeSmugglerArtilleryGalLoseloop","mari_lose.glb","40","50","","","","","","true","",""
"ArtilleryDudeSmugglerPortrait","penny_portrait.glb","1","1","-1","","","","","true","",""
"ArtilleryTurretElfIdle","penny_elf_turret_redux_spawn.glb","38","-1","","","","","","true","",""
"ArtilleryTurretElfAttack","penny_elf_turret_redux_attack.glb","","-1","","","","","1","","","4"
"ArtilleryTurretElfSpawn","penny_elf_turret_redux_spawn.glb","","-1","","","","","1","","","3"
"SniperMariposaIdle","piper_noir_idle.glb","1","41","","","100","100","","true","",""
"SniperMariposaWalk","piper_noir_walk.glb","1","20","","","100","100","","true","","1"
"SniperMariposaAttack","piper_noir_attack.glb","1","12","","","","","","","","hips_s#4+L_upperLeg_s#0+R_upperLeg_s#0+R_dress_01_s#0+L_dress_01_s#0+F_dress_01_s#0+B_dress_01_s#0"
"SniperMariposaSecondary","piper_noir_super.glb","","-1","","","50","50","50","","","5"
"SniperMariposaRecoil","piper_noir_attack.glb","1","25","","","","","200","","","hips_s#5+L_upperLeg_s#0+R_upperLeg_s#0+R_dress_01_s#0+L_dress_01_s#0+F_dress_01_s#0+B_dress_01_s#0"
"SniperMariposaReload","piper_noir_idle.glb","","10","","","100","100","500","","","hips_s#4+L_upperLeg_s#0+R_upperLeg_s#0+R_dress_01_s#0+L_dress_01_s#0+F_dress_01_s#0+B_dress_01_s#0"
"SniperMariposaPushback","piper_noir_pushback.glb","1","10","","","50","50","100","","","5"
"SniperMariposaWin","piper_noir_win.glb","1","147","","","","","","","","5"
"SniperMariposaWinloop","piper_noir_win.glb","147","188","","","","","","true","","1"
"SniperMariposaLose","piper_noir_lose.glb","1","160","","","","","","","","5"
"SniperMariposaLoseloop","piper_noir_lose.glb","125","160","","","","","","true","","1"
"SniperMariposaProfile","piper_noir_portrait.glb","","","","","","","","","","5"
"JetpackGirlPopstarIdle","janet_popstar_idle.glb","","-1","-1","","100","100","","true","",""
"JetpackGirlPopstarWalk","janet_popstar_walk.glb","","-1","-1","80","100","100","","true","","1"
"JetpackGirlPopstarAttack","janet_popstar_attack.glb","","5","-1","","","","","","","hips_s#3+L_upperLeg_s#0+R_upperLeg_s#0"
"JetpackGirlPopstarSuper","janet_popstar_super.glb","","-1","-1","","200","200","250","true","","4"
"JetpackGirlPopstarAttackRecoil","janet_popstar_attack.glb","1","-1","-1","","","","200","","","hips_s#4+L_upperLeg_s#0+R_upperLeg_s#0"
"JetpackGirlPopstarPushback","janet_pushback.glb","","10","-1","","10","","200","","",""
"JetpackGirlPopstarWin","janet_popstar_win.glb","","220","-1","","100","","","","",""
"JetpackGirlPopstarWinloop","janet_popstar_win.glb","178","220","-1","","","","","true","",""
"JetpackGirlPopstarLose","janet_popstar_lose.glb","","134","-1","","","","","","",""
"JetpackGirlPopstarLoseloop","janet_popstar_lose.glb","143","184","-1","","","","","true","",""
"JetpackGirlPopstarPortrait","janet_popstar_portrait.glb","","-1","-1","","","","","","",""
"PuppeteerDefaultIdle","willow_idle.glb","","31","","","100","100","","true","",""
"PuppeteerDefaultWalk","willow_walk.glb","1","23","","","100","100","","true","","1"
"PuppeteerDefaultPrimary","willow_demon_attack.glb","1","29","","","","","","","","hips_s#3+L_upperLeg_s#0+R_upperLeg_s#0"
"PuppeteerDefaultSecondary","willow_wasteland_attack.glb","1","29","","","","","","","","hips_s#4+L_upperLeg_s#0+R_upperLeg_s#0"
"PuppeteerDefaultRecoil","willow_attack.glb","6","29","","","","","100","","","hips_s#4+L_upperLeg_s#0+R_upperLeg_s#0"
"PuppeteerDefaultWin","willow_win.glb","1","227","","","","","","","","5"
"PuppeteerDefaultWinloop","willow_win.glb","184","227","","","","","","true","","1"
"PuppeteerDefaultLose","willow_lose.glb","1","125","","","","","","","","5"
"PuppeteerDefaultLoseloop","willow_lose.glb","125","167","","","","","","true","","1"
"PuppeteerDefaultProfile","willow_portrait.glb","","","","","","","","true","",""
"PuppeteerDefaultIntro","willow_win.glb","250","250","","","","","","","",""
"SplitterCultistIdle","rt_cultist_idle.glb","1","29","","","200","200","100","true","",""
"SplitterCultistWalk","rt_cultist_walk.glb","1","20","","","200","200","100","true","","1"
"SplitterCultistAttack","rt_cultist_attack.glb","1","13","","80","100","100","300","","","hips_s#4+L_upperLeg_s#0+R_upperLeg_s#0"
"SplitterCultistRecoil","rt_cultist_super.glb","5","-1","","","","","250","","",""
"SplitterCultistWin","rt_cultist_win.glb","1","128","","","","","","","",""
"SplitterCultistWinloop","rt_cultist_win.glb","128","161","","","","","","true","",""
"SplitterCultistLose","rt_cultist_lose.glb","1","181","","","","","","","",""
"SplitterCultistLoseloop","rt_cultist_lose.glb","156","181","","","","","","true","",""
"SplitterCultistProfile","rt_cultist_portrait.glb","","","","","","","","true","",""
"SplitterCultistWalk_transform","rt_cultist_move_transform.glb","1","-1","","200","","","","true","","2"
"SplitterCultistAttack_transform","rt_cultist_attack_transform.glb","1","-1","","","","","","","","hips_s#4+L_upperLeg_s#0+R_upperLeg_s#0"
"SplitterCultistIdle_transform","rt_cultist_move_transform.glb","1","-1","","80","100","100","100","true","","1"
"SplitterPoliceIdle","rt_police_idle.glb","1","29","","","200","200","100","true","",""
"SplitterPoliceWalk","rt_police_walk.glb","1","20","","","200","200","100","true","","1"
"SplitterPoliceAttack","rt_police_attack.glb","1","13","","80","100","100","300","","","hips_s#4+L_upperLeg_s#0+R_upperLeg_s#0"
"SplitterPoliceRecoil","rt_police_attack.glb","5","-1","","80","100","100","300","","","hips_s#4+L_upperLeg_s#0+R_upperLeg_s#0"
"SplitterPoliceWin","rt_police_win.glb","1","148","","","","","","","",""
"SplitterPoliceWinloop","rt_police_win.glb","100","148","","","","","","true","",""
"SplitterPoliceLose","rt_police_lose.glb","1","139","","","","","","","",""
"SplitterPoliceLoseloop","rt_police_lose.glb","82","139","","","","","","true","",""
"SplitterPoliceProfile","rt_portrait.glb","1","1","","","","","","true","",""
"SplitterPoliceWalk_transform","rt_move_transform.glb","1","-1","","150","100","100","","true","","2"
"SplitterPoliceAttack_transform","rt_attack_transform.glb","1","-1","","","","","","","","hips_s#4+L_upperLeg_s#0+R_upperLeg_s#0"
"SplitterPoliceIdle_transform","rt_move_transform.glb","1","-1","","80","100","100","","true","","1"
"SplitterDefaultIdle","rt_idle.glb","1","29","","","200","200","100","true","",""
"SplitterDefaultWalk","rt_walk.glb","1","20","","","200","200","100","true","","1"
"SplitterDefaultAttack","rt_attack.glb","1","13","","80","100","100","300","","","hips_s#4+L_upperLeg_s#0+R_upperLeg_s#0"
"SplitterDefaultRecoil","rt_attack.glb","5","-1","","80","100","100","300","","","hips_s#4+L_upperLeg_s#0+R_upperLeg_s#0"
"SplitterDefaultWin","rt_win.glb","1","148","","","","","","","",""
"SplitterDefaultWinloop","rt_win.glb","100","148","","","","","","true","",""
"SplitterDefaultLose","rt_lose.glb","1","99","","","","","","","",""
"SplitterDefaultLoseloop","rt_lose.glb","77","139","","","","","","true","",""
"SplitterDefaultProfile","rt_portrait.glb","1","1","","","","","","true","",""
"SplitterLegsDefaultIdle","rt_idle.glb","1","29","","","100","100","","true","","1"
"SplitterLegsDefaultWalk","rt_walk.glb","1","20","","","100","100","","true","","1"
"SplitterLegsDefaultAttack","rt_idle.glb","1","29","","","100","100","","true","",""
"SplitterLegsDefaultRecoil","rt_attack.glb","5","-1","","","","","250","","","hips_s#4+L_upperLeg_s#0+R_upperLeg_s#0"
"SplitterLegsDefaultWin","rt_win.glb","1","148","","","","","","","",""
"SplitterLegsDefaultWinloop","rt_win.glb","101","148","","","","","","true","",""
"SplitterLegsDefaultLose","rt_lose.glb","1","139","","","","","","","",""
"SplitterLegsDefaultLoseloop","rt_lose.glb","82","139","","","","","","true","",""
"SplitterLegsDefaultProfile","rt_potrait.glb","1","1","","","","","","true","",""
"SplitterDefaultWalk_transform","rt_move_transform.glb","1","-1","","150","100","100","","true","","2"
"SplitterDefaultAttack_transform","rt_attack_transform.glb","","-1","","","","","","","","hips_s#4+L_upperLeg_s#0+R_upperLeg_s#0"
"SplitterDefaultIdle_transform","rt_move_transform.glb","1","-1","","80","100","100","","true","","1"
"SplitterLegsCultistIdle","rt_cultist_attack.glb","5","8","","","100","100","","","","1"
"SplitterLegsCultistWalk","rt_cultist_attack.glb","5","8","","","100","100","","","","1"
"SplitterLegsCultistAttack","rt_cultist_attack.glb","1","8","","","100","100","","true","","1"
"SplitterLegsCultistRecoil","rt_cultist_attack.glb","5","-1","","","","","250","","","hips_s#4+L_upperLeg_s#0+R_upperLeg_s#0"
"SplitterLegsCultistWin","rt_cultist_win.glb","1","148","","","","","","","",""
"SplitterLegsCultistWinloop","rt_cultist_win.glb","101","148","","","","","","true","",""
"SplitterLegsCultistLose","rt_cultist_lose.glb","1","139","","","","","","","",""
"SplitterLegsCultistLoseloop","rt_cultist_lose.glb","82","139","","","","","","true","",""
"SplitterLegsCultistProfile","rt_potrait.glb","1","1","","","","","","true","",""
"SplitterLegsPoliceIdle","rt_idle.glb","1","29","","","100","100","","true","",""
"SplitterLegsPoliceWalk","rt_walk.glb","1","20","","","100","100","","true","","1"
"SplitterLegsPoliceAttack","rt_idle.glb","1","29","","","100","100","","true","",""
"SplitterLegsPoliceRecoil","rt_attack.glb","5","-1","","","","","250","","","hips_s#4+L_upperLeg_s#0+R_upperLeg_s#0"
"SplitterLegsPoliceWin","rt_win.glb","1","148","","","","","","","",""
"SplitterLegsPoliceWinloop","rt_win.glb","101","148","","","","","","true","",""
"SplitterLegsPoliceLose","rt_lose.glb","1","139","","","","","","","",""
"SplitterLegsPoliceLoseloop","rt_lose.glb","82","139","","","","","","true","",""
"SplitterLegsPoliceProfile","rt_potrait.glb","1","1","","","","","","true","",""
"MechanicRedDragonIdle","jessie_red_dragon_idle.glb","","-1","","","100","100","","true","",""
"MechanicRedDragonWalk","jessie_walk.glb","","-1","","","100","100","","true","","1"
"MechanicRedDragonPrimary","jessie_red_dragon_attack.glb","","4","","","","","","","","hips_s#3+L_upperLeg_s#0+R_upperLeg_s#0"
"MechanicRedDragonUltiAttack","jessie_red_dragon_idle.glb","","-1","","","200","200","10","true","","5"
"MechanicRedDragonRecoil","jessie_red_dragon_attack.glb","1","15","","","","","100","","","hips_s#4+L_upperLeg_s#0+R_upperLeg_s#0"
"MechanicRedDragonUltiRecoil","jessie_red_dragon_idle.glb","","-1","","","200","200","100","","","5"
"MechanicRedDragonReload","jessie_red_dragon_idle.glb","","","","","200","200","200","","","chest_s#2"
"MechanicRedDragonPushback","jessie_pushback.glb","","10","","","100","100","100","true","","5"
"MechanicRedDragonWin","jessie_red_dragon_win.glb","1","120","","","","","","","",""
"MechanicRedDragonWinloop","jessie_red_dragon_win.glb","90","119","","","100","100","50","true","",""
"MechanicRedDragonLose","jessie_lose.glb","1","99","","","","","","","",""
"MechanicRedDragonLoseloop","jessie_lose.glb","62","99","","","","","","true","",""
"MechanicRedDragonProfile","jessie_red_dragon_portrait.glb","1","1","","","","","","","",""
"ControllerAresIdle","nani_ares_idle.glb","","-1","","","100","100","","true","",""
"ControllerAresWalk","nani_ares_walk.glb","1","27","","","100","100","","true","","1"
"ControllerAresAttack","nani_ares_attack.glb","","5","","150","","","","","","hips_s#3+L_upperLeg_s#0+R_upperLeg_s#0"
"ControllerAresSecondary","nani_ares_super.glb","","-1","","","100","100","","true","","hips_s#3+L_upperLeg_s#0+R_upperLeg_s#0"
"ControllerAresRecoil","nani_ares_attack.glb","","23","","150","","","200","","","hips_s#4+L_upperLeg_s#0+R_upperLeg_s#0"
"ControllerAresReload","nani_ares_idle.glb","","10","","","200","200","100","","",""
"ControllerAresPushback","nani_pushback.glb","","-1","","","50","","100","","","5"
"ControllerAresWin","nani_ares_win.glb","","156","","","","","","","","1"
"ControllerAresWinloop","nani_ares_win.glb","124","156","","","","","","true","","1"
"ControllerAresLose","nani_ares_lose.glb","","125","","","","","","","","1"
"ControllerAresLoseloop","nani_ares_lose.glb","88","125","","","","","","true","","1"
"ControllerAresPortrait","nani_ares_portrait.glb","","","","","","","","","",""
"PeepAresIdle","nani_ares_peep_idle.glb","1","176","","","","","50","true","",""
"BaseballBubblegumIdle","bibi_idle.glb","1","29","","","100","100","","true","",""
"BaseballBubblegumWalk","bibi_run.glb","1","29","","","120","200","","true","","1"
"BaseballBubblegumPrimary","bibi_attack.glb","1","51","","","100","100","100","","","hips_s#4+L_upperLeg_s#0+R_upperLeg_s#0"
"BaseballBubblegumSecondary","bibi_attack.glb","1","51","","","100","100","100","true","","hips_s#4+L_upperLeg_s#0+R_upperLeg_s#0"
"BaseballBubblegumRecoil","bibi_attack.glb","22","51","","","1","100","100","","","hips_s#4+L_upperLeg_s#0+R_upperLeg_s#0"
"BaseballBubblegumRecoil2","bibi_attack.glb","17","51","","","100","100","100","","","hips_s#4+L_upperLeg_s#0+R_upperLeg_s#0"
"BaseballBubblegumPushback","bibi_pushback.glb","","-1","","","100","100","100","","","5"
"BaseballBubblegumWin","bibi_win.glb","1","163","","","100","","","","","5"
"BaseballBubblegumWinloop","bibi_win.glb","164","262","","","","","","true","","1"
"BaseballBubblegumLose","bibi_lose.glb","1","29","","","","","","","","5"
"BaseballBubblegumLoseloop","bibi_lose.glb","30","89","","","","","","true","","1"
"BaseballBubblegumProfile","bibi_win.glb","108","108","","","","","","","","5"
"NinjaCatIdle","leon_idle.glb","1","28","","","100","100","","true","",""
"NinjaCatWalk","leon_walk.glb","1","29","","170","100","100","","true","","1"
"NinjaCatAttack","leon_attack.glb","1","3","","","","","10","","","spine_lower_s#4"
"NinjaCatSecondary","leon_idle.glb","1","20","","","","","10","","","spine_lower_s#4"
"NinjaCatRecoil","leon_attack.glb","3","7","","","","","10","","","spine_lower_s#4"
"NinjaCatRecoil2","leon_attack.glb","7","11","","","","","10","","","spine_lower_s#4"
"NinjaCatReload","leon_idle.glb","","-1","","","","","100","","","ChestBone#2"
"NinjaCatPushback","leon_pushback.glb","1","34","","","100","100","100","","","5"
"NinjaCatWin","leon_win.glb","1","84","","","","10","100","","","5"
"NinjaCatWinloop","leon_win.glb","84","111","","","10","","","true","","1"
"NinjaCatLose","leon_lose.glb","","100","","","","","","","","5"
"NinjaCatLoseloop","leon_lose.glb","45","95","","","","","","true","","1"
"NinjaCatProfile","leon_base_cam.glb","1","10","","","","","","true","","5"
"NinjaCatIntro","leon_intro_pose.glb","","","","","","","","","",""
"ClusterBombDudeCerberusIdle","tick_cerberus_idle.glb","","39","","","","","","true","",""
"ClusterBombDudeCerberusWalk","tick_cerberus_walk.glb","","21","","","","","","true","","1"
"ClusterBombDudeCerberusPrimary","tick_cerberus_attack.glb","","20","","","","","25","","","hips_s#4+L_upperLeg_s#0+R_upperLeg_s#0"
"ClusterBombDudeCerberusSecondary","tick_ult.glb","1","20","","","","","25","","","hips_s#4+L_upperLeg_s#0+R_upperLeg_s#0"
"ClusterBombDudeCerberusRecoil","tick_cerberus_attack.glb","","20","","","","","100","","","hips_s#4+L_upperLeg_s#0+R_upperLeg_s#0"
"ClusterBombDudeCerberusUltRecoil","tick_ult.glb","1","20","","","","","300","","","hips_s#4+L_upperLeg_s#0+R_upperLeg_s#0"
"ClusterBombDudeCerberusWin","tick_cerberus_win.glb","1","249","","","","","","","",""
"ClusterBombDudeCerberusWinloop","tick_cerberus_win.glb","217","249","","","","","","true","",""
"ClusterBombDudeCerberusLose","tick_cerberus_lose.glb","1","143","","","","","","","",""
"ClusterBombDudeCerberusLoseloop","tick_cerberus_lose.glb","114","143","","","","","","true","",""
"ClusterBombDudeCerberusProfile","tick_cerberus_portrait.glb","16","16","","","","","","","",""
"MechanicKnightIdle","jessie_knight_idle.glb","","-1","","","100","100","","true","",""
"MechanicKnightWalk","jessie_knight_walk.glb","","-1","","","100","100","","true","","1"
"MechanicKnightPrimary","jessie_knight_attack.glb","","4","","","","","","","","hips_s#3+L_upperLeg_s#0+R_upperLeg_s#0"
"MechanicKnightUltiAttack","jessie_knight_idle.glb","","-1","","","200","200","10","","","5"
"MechanicKnightRecoil","jessie_knight_attack.glb","1","15","","","","","100","","","hips_s#4+L_upperLeg_s#0+R_upperLeg_s#0"
"MechanicKnightUltiRecoil","jessie_knight_idle.glb","","-1","","","200","200","100","","","5"
"MechanicKnightReload","jessie_knight_idle.glb","","","","","200","200","200","","","chest_s#2"
"MechanicKnightPushback","jessie_pushback.glb","","10","","","100","100","100","","","5"
"MechanicKnightWin","jessie_knight_win.glb","1","148","","","","","","","",""
"MechanicKnightWinloop","jessie_knight_win.glb","100","148","","","","","","true","",""
"MechanicKnightLose","jessie_knight_lose.glb","1","217","","","","","","","",""
"MechanicKnightLoseloop","jessie_knight_lose.glb","160","217","","","","","","true","",""
"MechanicKnightProfile","jessie_portrait.glb","73","73","","","","","","","",""
"RocketGirlZeusIdle","brock_zeus_idle.glb","","-1","","","200","200","","true","",""
"RocketGirlZeusWalk","brock_zeus_walk.glb","","25","","","200","200","","true","","1"
"RocketGirlZeusPrimary","brock_zeus_attack.glb","2","10","","","1","300","300","","","hips_s#3+L_upperLeg_s#0+R_upperLeg_s#0"
"RocketGirlZeusSecondary","brock_zeus_attack.glb","2","10","","","1","","","","","hips_s#4+L_upperLeg_s#0+R_upperLeg_s#0"
"RocketGirlZeusRecoil","brock_zeus_attack.glb","14","29","","","1","100","100","","","hips_s#3+L_upperLeg_s#0+R_upperLeg_s#0"
"RocketGirlZeusRecoil2","brock_zeus_attack.glb","14","29","","","1","100","100","","","hips_s#4+L_upperLeg_s#0+R_upperLeg_s#0"
"RocketGirlZeusPushback","brock_zeus_idle.glb","","-1","","","100","100","100","","","5"
"RocketGirlZeusWin","brock_zeus_win_120.glb","","524","","","","150","500","","","5"
"RocketGirlZeusWinloop","brock_zeus_win.glb","131","159","","","150","","500","true","","5"
"RocketGirlZeusLose","brock_zeus_lose.glb","1","192","","","","","","","","5"
"RocketGirlZeusLoseloop","brock_zeus_lose.glb","152","192","","","","","","true","","5"
"RocketGirlZeusProfile","brock_zeus_portrait.glb","","","","","","","","","","5"
"MummyHarajukuIdle","emz_harajuku_idle.glb","","-1","","","100","100","","true","",""
"MummyHarajukuWalk","emz_harajuku_walk.glb","","29","","","100","100","","true","","1"
"MummyHarajukuPrimary","emz_harajuku_attack.glb","2","6","","","","","","","","hips_s#5+L_upperLeg_s#0+R_upperLeg_s#0"
"MummyHarajukuRecoil","emz_harajuku_attack.glb","7","22","","","50","","100","","","hips_s#5+L_upperLeg_s#0+R_upperLeg_s#0"
"MummyHarajukuSecondary","emz_harajuku_idle.glb","","","","","","","","","",""
"MummyHarajukuSecondaryRecoil","emz_harajuku_idle.glb","","","","","","","","","",""
"MummyHarajukuReload","emz_harajuku_reload.glb","","-1","","","","","100","","","hips_s#1+L_upperLeg_s#0+R_upperLeg_s#0+L_clavicle_s#4+L_shoulder_s#4+L_elbow_s#4+L_forearm_twist_s#4+L_wrist_s#4+R_clavicle_s#0+R_shoulder_s#0+R_elbow_s#0"
"MummyHarajukuPushback","emz_harajuku_pushback.glb","","-1","","","100","100","100","","",""
"MummyHarajukuWin","emz_harajuku_win.glb","","-1","","","","","","","",""
"MummyHarajukuWinloop","emz_harajuku_win.glb","188","222","","","","","","true","",""
"MummyHarajukuLose","emz_harajuku_lose.glb","","-1","","","","","","","",""
"MummyHarajukuLoseloop","emz_harajuku_lose.glb","192","212","","","","","","true","",""
"MummyHarajukuProfile","emz_harajuku_portrait.glb","","","","","","","","","",""
"MummyHarajukuIntro","emz_intro_pose.glb","","","","","","","","true","",""
"MechaDudeJaguarIdle","meg_jaguar_idle.glb","","-1","-1","","100","100","","true","",""
"MechaDudeJaguarWalk","meg_jaguar_walk.glb","","-1","-1","","100","100","","true","","1"
"MechaDudeJaguarAttack","meg_attack.glb","","4","-1","","50","","","","","hips_s#3+L_upperLeg_s#0+R_upperLeg_s#0"
"MechaDudeJaguarSuper","meg_super.glb","","38","-1","","","","","","",""
"MechaDudeJaguarRecoil","meg_attack.glb","4","15","-1","","","","50","","","hips_s#4+L_upperLeg_s#0+R_upperLeg_s#0"
"MechaDudeJaguarSuperRecoil","meg_super.glb","30","-1","-1","","","","50","","",""
"MechaDudeJaguarReload","meg_idle.glb","","","-1","","200","200","50","","","hips_s#3+L_upperLeg_s#0+R_upperLeg_s#0"
"MechaDudeJaguarBeaPushback","bea_pushback.glb","","-1","","","25","100","200","","","5"
"MechaDudeJaguarWin","meg_jaguar_win.glb","","-1","-1","","","","","","","5"
"MechaDudeJaguarWinloop","meg_jaguar_win.glb","159","-1","-1","","","","","true","","1"
"MechaDudeJaguarLose","meg_jaguar_lose.glb","","-1","-1","","","","","","","5"
"MechaDudeJaguarLoseloop","meg_jaguar_lose.glb","130","-1","-1","","","","","true","","1"
"MechaDudeJaguarPortrait","meg_portrait.glb","","-1","-1","","","","","","",""
"SpeedyLeopardIdle","max_leopard_idle.glb","1","30","","","50","50","","true","",""
"SpeedyLeopardWalk","max_leopard_walk.glb","1","20","","","50","50","","true","","1"
"SpeedyLeopardPrimary","max_leopard_attack.glb","","4","","","","","","","","hips_s#3+L_upperLeg_s#0+R_upperLeg_s#0"
"SpeedyLeopardSecondary","max_leopard_super.glb","","","","","","","","","","hips_s#3+L_upperLeg_s#0+R_upperLeg_s#0"
"SpeedyLeopardRecoil","max_leopard_attack.glb","5","21","","","","","100","","","hips_s#4+L_upperLeg_s#0+R_upperLeg_s#0"
"SpeedyLeopardSecondaryRecoil","max_leopard_super.glb","","-1","","","50","50","50","","","hips_s#4+L_upperLeg_s#0+R_upperLeg_s#0"
"SpeedyLeopardReload","max_leopard_reload.glb","3","20","","","100","100","100","","","spine_lower_s#0+L_clavicle_s#2+R_clavicle_s#2"
"SpeedyLeopardPushback","max_leopard_pushback.glb","","10","","","50","100","50","","",""
"SpeedyLeopardWin","max_leopard_win.glb","","-1","","","","","","","","5"
"SpeedyLeopardWinloop","max_leopard_win.glb","84","-1","","","","","","true","","1"
"SpeedyLeopardLose","max_leopard_lose.glb","","-1","","","","","","","",""
"SpeedyLeopardLoseloop","max_leopard_lose.glb","161","199","","","","","","true","",""
"SpeedyLeopardPortrait","max_portrait.glb","","-1","","","","","","true","",""
"FishTankDefaultIdle","fishtank_idle.glb","","-1","","","100","100","","true","",""
"FishTankDefaultWalk","fishtank_walk.glb","","-1","","125","100","100","","true","","1"
"FishTankDefaultPrimary","fishtank_lantern_attack.glb","16","20","","","100","100","100","","",""
"FishTankDefaultSecondary","fishtank_attack.glb","16","20","","","100","100","100","","",""
"FishTankDefaultRecoil","fishtank_attack.glb","16","20","","","100","100","100","","",""
"FishTankDefaultRecoil2","fishtank_attack.glb","16","20","","","100","100","100","","",""
"FishTankDefaultReload","fishtank_idle.glb","1","3","","","800","800","800","","",""
"FishTankDefaultPushback","fishtank_idle.glb","","-1","","","100","100","100","","","5"
"FishTankDefaultWin","fishtank_win.glb","","-1","","","","","","","",""
"FishTankDefaultWinloop","fishtank_win.glb","196","248","","","","","","true","",""
"FishTankDefaultLose","fishtank_lose.glb","","-1","","","","","200","","",""
"FishTankDefaultLoseloop","fishtank_lose.glb","200","200","","","","","200","true","",""
"FishTankDefaultProfile","fishtank_portrait.glb","1","1","","","","","","true","",""
"MaisieDefaultIdle","maisie_idle.glb","","-1","","50","100","100","","true","",""
"MaisieDefaultWalk","maisie_walk.glb","1","-1","","","100","100","","true","","1"
"MaisieDefaultPrimary","maisie_attack.glb","1","-1","","","","","","","","hips_s#3+L_upperLeg_s#0+R_upperLeg_s#0"
"MaisieDefaultSecondary","maisie_super.glb","1","-1","","50","","100","","","","hips_s#4+L_upperLeg_s#0+R_upperLeg_s#0"
"MaisieDefaultRecoil","maisie_attack.glb","6","-1","","","","","100","","","hips_s#4+L_upperLeg_s#0+R_upperLeg_s#0"
"MaisieDefaultReload","maisie_idle.glb","1","1","","","","","100","","","hips_s#0+L_upperLeg_s#0+R_upperLeg_s#0+R_clavicle_s#4+R_shoulder_s#4+R_elbow_s#4+R_forearm_twist_s#4+R_wrist_s#4+L_clavicle_s#4+L_shoulder_s#4+L_elbow_s#4+L_forearm_twist_s#4+L_wrist_s#4"
"MaisieDefaultPushback","maisie_idle.glb","1","1","","","100","100","100","","","5"
"MaisieDefaultWin","maisie_win.glb","1","-1","","","","","","","","5"
"MaisieDefaultWinloop","maisie_win.glb","164","-1","","","","","","true","","1"
"MaisieDefaultLose","maisie_lose.glb","1","-1","","","","","","","","5"
"MaisieDefaultLoseloop","maisie_lose.glb","140","-1","","","","","","true","","1"
"MaisieDefaultProfile","maisie_portrait.glb","","-1","","","","","","true","",""
"MaisieDefaultIntro","shelly_intro_pose.glb","","","","","","","","","",""
"GunslingerMonkeyIdle","colt_monkey_idle.glb","","-1","","","100","100","","true","",""
"GunslingerMonkeyWalk","colt_monkey_walk.glb","","-1","","125","100","100","","true","","1"
"GunslingerMonkeyPrimary","colt_monkey_attack.glb","","-1","","","100","200","100","","","spine_lower_s#3"
"GunslingerMonkeySecondary","colt_monkey_attack.glb","","-1","","","200","200","100","","","spine_lower_s#3"
"GunslingerMonkeyRecoil","colt_monkey_recoil1.glb","1","10","","","100","100","200","","","spine_lower_s#4"
"GunslingerMonkeyRecoil2","colt_monkey_recoil2.glb","1","10","","","100","100","200","","","spine_lower_s#4"
"GunslingerMonkeyReload","colt_monkey_idle.glb","1","3","","","800","800","800","","","spine_lower_s#4"
"GunslingerMonkeyPushback","colt_pushback.glb","","-1","","","100","100","100","","","5"
"GunslingerMonkeyWin","colt_monkey_win.glb","","-1","","","","","","","",""
"GunslingerMonkeyWinloop","colt_monkey_win.glb","119","134","","","","","","true","",""
"GunslingerMonkeyLose","colt_monkey_lose_120.glb","","-1","","","","","200","","",""
"GunslingerMonkeyLoseloop","colt_monkey_lose_120.glb","416","-1","","","","","200","true","",""
"GunslingerMonkeyProfile","colt_win.glb","1","1","","","","","","","",""
"ShieldTankCrocIdle","buster_croc_idle.glb","","28","","","74","74","","true","","hat_akcent_s#1"
"ShieldTankCrocWalk","buster_croc_walk.glb","","29","","","100","100","","true","","1"
"ShieldTankCrocPrimary","buster_croc_attack.glb","","-1","","","1","300","300","","","hips_s#3+L_upperLeg_s#0+R_upperLeg_s#0"
"ShieldTankCrocSecondary","buster_croc_attack.glb","","-1","","","1","","","","","hips_s#4+L_upperLeg_s#0+R_upperLeg_s#0"
"ShieldTankCrocRecoil","buster_croc_attack.glb","","-1","","","1","100","100","","","hips_s#3+L_upperLeg_s#0+R_upperLeg_s#0"
"ShieldTankCrocRecoil2","buster_croc_attack.glb","","-1","","","1","100","100","","","hips_s#4+L_upperLeg_s#0+R_upperLeg_s#0"
"ShieldTankCrocPushback","buster_croc_idle.glb","","-1","","","100","100","100","","","5"
"ShieldTankCrocWin","buster_croc_win.glb","","232","","","","150","500","","","5"
"ShieldTankCrocWinloop","buster_croc_win.glb","193","232","","","150","","500","true","","5"
"ShieldTankCrocLose","buster_croc_lose.glb","","225","","","","","","","","5"
"ShieldTankCrocLoseloop","buster_croc_lose.glb","181","225","","","","","","true","","5"
"ShieldTankCrocProfile","buster_croc_portrait.glb","1","1","","","","","","","","5"
"MaisieSnakeIdle","maisie_snake_idle.glb","","-1","","50","100","100","","true","",""
"MaisieSnakeWalk","maisie_snake_walk.glb","1","-1","","","100","100","","true","","1"
"MaisieSnakePrimary","maisie_snake_attack.glb","1","-1","","","","","","","","hips_s#3+L_upperLeg_s#0+R_upperLeg_s#0"
"MaisieSnakeSecondary","maisie_snake_super.glb","1","-1","","50","","100","","","","hips_s#4+L_upperLeg_s#0+R_upperLeg_s#0"
"MaisieSnakeRecoil","maisie_snake_attack.glb","6","-1","","","","","100","","","hips_s#4+L_upperLeg_s#0+R_upperLeg_s#0"
"MaisieSnakeWin","maisie_snake_win.glb","1","99","","","","","","","","5"
"MaisieSnakeWinloop","maisie_snake_win.glb","71","-1","","","","","","true","","1"
"MaisieSnakeLose","maisie_snake_lose.glb","1","187","","","","","","","","5"
"MaisieSnakeLoseloop","maisie_snake_lose.glb","160","-1","","","","","","true","","1"
"MaisieSnakeProfile","maisie_portrait.glb","","-1","","","","","","true","",""
"MaisieSnakeIntro","shelly_intro_pose.glb","","","","","","","","","",""
"ShieldTankCrocIdle_transform","buster_croc_idle_transform.glb","","28","","","74","74","","true","",""
"ShieldTankCrocWalk_transform","buster_croc_walk_transform.glb","","29","","","100","100","","true","","1"
"ArcadeHauntedHouseIdle","8bit_haunted_house_idle.glb","1","29","","","100","100","","true","",""
"ArcadeHauntedHouseWalk","8bit_haunted_house_walk.glb","1","20","","","100","100","","true","","1"
"ArcadeHauntedHouseAttack","8bit_haunted_house_attack.glb","1","5","","","50","","","","","hips_s#4+L_upperLeg_s#0+R_upperLeg_s#0"
"ArcadeHauntedHouseRecoil","8bit_haunted_house_attack.glb","5","-1","","","","","250","","","hips_s#4+L_upperLeg_s#0+R_upperLeg_s#0"
"ArcadeHauntedHouseReload","8bit_reload.glb","","13","","","","","150","","","hips_s#1+L_upperLeg_s#0+R_upperLeg_s#0+L_clavicle_s#4+L_shoulder_s#4+L_elbow_s#4+L_forearm_twist_s#4+L_wrist_s#4+R_clavicle_s#0+R_shoulder_s#0+R_elbow_s#0"
"ArcadeHauntedHousePushback","8bit_pushback.glb","","-1","","","50","100","200","","",""
"ArcadeHauntedHouseWin","8bit_haunted_house_win.glb","1","134","","","","","","","",""
"ArcadeHauntedHouseWinloop","8bit_haunted_house_win.glb","76","134","","","","","","true","",""
"ArcadeHauntedHouseLose","8bit_haunted_house_lose.glb","","79","","","","","","","",""
"ArcadeHauntedHouseLoseloop","8bit_haunted_house_lose.glb","79","79","","","","","","true","",""
"ArcadeHauntedHouseProfile","8bit_base_cam.glb","1","1","","","","","","true","",""
"JesterWoodspiritIdle","chester_idle.glb","1","31","","","100","100","","true","",""
"JesterWoodspiritWalk","chester_run.glb","1","31","","170","100","100","","true","","1"
"JesterWoodspiritAttack","chester_attack.glb","11","42","","","50","100","10","","","hips_s#3+L_upperLeg_s#0+R_upperLeg_s#0"
"JesterWoodspiritSecondary","chester_attack.glb","11","42","","","","","10","","","hips_s#3+L_upperLeg_s#0+R_upperLeg_s#0"
"JesterWoodspiritRecoil","chester_attack.glb","28","42","","","","","10","","","hips_s#4+L_upperLeg_s#0+R_upperLeg_s#0"
"JesterWoodspiritRecoil2","chester_attack.glb","28","42","","","","","10","","","hips_s#4+L_upperLeg_s#0+R_upperLeg_s#0"
"JesterWoodspiritReload","chester_idle.glb","","7","","","","","100","","",""
"JesterWoodspiritPushback","chester_idle.glb","1","1","","","100","100","100","","","5"
"JesterWoodspiritWin","chester_wood_win.glb","1","119","","","","10","100","","","5"
"JesterWoodspiritWinloop","chester_wood_win.glb","79","119","","","10","","","true","","1"
"JesterWoodspiritLose","chester_wood_lose.glb","1","149","","","","","","","","5"
"JesterWoodspiritLoseloop","chester_wood_lose.glb","110","149","","","","","","true","","1"
"JesterWoodspiritProfile","chester_portrait.glb","","","","","","","","true","","5"
"JesterWoodspiritIntro","chester_portrait.glb","","","","","","","","","",""
"MechaDudePirateIdle","meg_idle.glb","","-1","-1","","100","100","","true","",""
"MechaDudePirateWalk","meg_walk.glb","","-1","-1","","100","100","","true","","1"
"MechaDudePirateAttack","meg_attack.glb","","4","-1","","50","","","","","hips_s#3+L_upperLeg_s#0+R_upperLeg_s#0"
"MechaDudePirateSuper","meg_super.glb","","38","-1","","","","","","",""
"MechaDudePirateRecoil","meg_attack.glb","4","15","-1","","","","50","","","hips_s#4+L_upperLeg_s#0+R_upperLeg_s#0"
"MechaDudePirateSuperRecoil","meg_super.glb","30","-1","-1","","","","50","","",""
"MechaDudePirateReload","meg_idle.glb","","","-1","","200","200","50","","","hips_s#3+L_upperLeg_s#0+R_upperLeg_s#0"
"MechaDudePirateBeaPushback","bea_pushback.glb","","-1","","","25","100","200","","","5"
"MechaDudePirateWin","meg_pirate_win.glb","","129","-1","","","","","","","5"
"MechaDudePirateWinloop","meg_pirate_win.glb","92","129","-1","","","","","true","","1"
"MechaDudePirateLose","meg_pirate_lose.glb","","129","-1","","","","","","","5"
"MechaDudePirateLoseloop","meg_pirate_lose.glb","100","129","-1","","","","","true","","1"
"MechaDudePiratePortrait","meg_portrait.glb","","-1","-1","","","","","true","",""
"MechaDudeBigPirateIdle","meg_mech_idle.glb","","-1","-1","","200","200","","true","",""
"MechaDudeBigPirateWalk","meg_mech_walk.glb","","-1","-1","","200","200","","true","","1"
"MechaDudeBigPirateAttack","meg_mech_attack_l.glb","","5","-1","","100","","","","","hips_s#3+L_upperLeg_s#0+R_upperLeg_s#0"
"MechaDudeBigPirateSuper","meg_mech_super.glb","","5","-1","","","","","","","hips_s#3+L_upperLeg_s#0+R_upperLeg_s#0"
"MechaDudeBigPirateRecoilL","meg_mech_attack_l.glb","2","20","-1","","","100","100","","","hips_s#4+L_upperLeg_s#0+R_upperLeg_s#0"
"MechaDudeBigPirateRecoilR","meg_mech_attack_r.glb","2","20","-1","","","100","100","","","hips_s#4+L_upperLeg_s#0+R_upperLeg_s#0"
"MechaDudeBigPirateSuperRecoil","meg_mech_super.glb","6","-1","-1","","","","200","","","hips_s#4+L_upperLeg_s#0+R_upperLeg_s#0"
"MechaDudeBigPirateDarrylDroidReload","droid_darryl_idle.glb","","10","","","800","800","800","","","hips_s#3+L_upperLeg_s#0+R_upperLeg_s#0"
"MechaDudeBigPirateDarrylDroidPushback","droid_darryl_pushback.glb","1","10","","","50","100","200","","","5"
"MechaDudeBigPirateWin","meg_mech_win.glb","","-1","-1","","","","","","",""
"IceDudeStonetrollIdle","lou_troll_idle.glb","","-1","","","100","100","","true","",""
"IceDudeStonetrollWalk","lou_troll_walk.glb","1","22","","","100","100","","true","","1"
"IceDudeStonetrollAttack","lou_troll_attack.glb","1","5","-1","","","","","","","hips_s#3+L_upperLeg_s#0+R_upperLeg_s#0"
"IceDudeStonetrollSuper","lou_troll_attack.glb","1","20","-1","","","","","","","hips_s#3+L_upperLeg_s#0+R_upperLeg_s#0"
"IceDudeStonetrollRecoil","lou_troll_attack.glb","6","20","-1","","","","100","","","hips_s#4+L_upperLeg_s#0+R_upperLeg_s#0"
"IceDudeStonetrollWin","lou_troll_win.glb","","188","","","","","","","",""
"IceDudeStonetrollWinloop","lou_troll_win.glb","150","188","","","","","","true","",""
"IceDudeStonetrollLose","lou_troll_lose.glb","1","188","","","","","","","",""
"IceDudeStonetrollLoseloop","lou_troll_lose.glb","151","188","","","","","","true","",""
"IceDudeStonetrollPortrait","lou_troll_portrait.glb","4","4","","","","","","","",""
"BaseballPirateIdle","bibi_pirate_idle.glb","1","29","","","100","100","","true","",""
"BaseballPirateWalk","bibi_pirate_walk.glb","1","29","","","120","200","","true","","1"
"BaseballPiratePrimary","bibi_pirate_attack.glb","1","51","","","100","100","100","","","hips_s#4+L_upperLeg_s#0+R_upperLeg_s#0"
"BaseballPirateSecondary","bibi_pirate_attack.glb","1","51","","","100","100","100","true","","hips_s#4+L_upperLeg_s#0+R_upperLeg_s#0"
"BaseballPirateRecoil","bibi_pirate_attack.glb","22","51","","","1","100","100","","","hips_s#4+L_upperLeg_s#0+R_upperLeg_s#0"
"BaseballPirateRecoil2","bibi_pirate_attack.glb","17","51","","","100","100","100","","","hips_s#4+L_upperLeg_s#0+R_upperLeg_s#0"
"BaseballPiratePushback","bibi_pushback.glb","","-1","","","100","100","100","","","5"
"BaseballPirateWin","bibi_pirate_win.glb","1","156","","","100","","","","","5"
"BaseballPirateWinloop","bibi_pirate_win.glb","96","156","","","","","","true","","1"
"BaseballPirateLose","bibi_pirate_lose.glb","1","179","","","","","","","","5"
"BaseballPirateLoseloop","bibi_pirate_lose.glb","118","179","","","","","","true","","1"
"BaseballPirateProfile","bibi_win.glb","108","108","","","","","","","","5"
"AssaultShotgunTreasureIdle","griff_treasure_idle.glb","","38","-1","","100","100","","true","",""
"AssaultShotgunTreasureWalk","griff_treasure_walk.glb","","-1","-1","","100","100","","true","",""
"AssaultShotgunTreasureAttack","griff_treasure_attack.glb","","3","-1","","","","","","","hips_s#3+L_upperLeg_s#0+R_upperLeg_s#0"
"AssaultShotgunTreasureRecoil","griff_treasure_attack.glb","4","-1","-1","","","100","200","","","hips_s#4+L_upperLeg_s#0+R_upperLeg_s#0"
"AssaultShotgunTreasureWin","griff_treasure_win_120.glb","","724","-1","","","","","","",""
"AssaultShotgunTreasureWinloop","griff_treasure_win.glb","153","181","-1","","","","","true","",""
"AssaultShotgunTreasureLose","griff_treasure_lose.glb","","181","-1","","50","","","","",""
"AssaultShotgunTreasureLoseloop","griff_treasure_lose.glb","144","181","-1","","","","","true","",""
"AssaultShotgunTreasurePortrait","griff_treasure_portrait.glb","5","5","-1","","","","","true","",""
"DamageBoosterHauntedHouseIdle","8bit_haunted_house_turret_idle.glb","","-1","","","","","","true","",""
"DamageBoosterHauntedHouseSpawn","8bit_haunted_house_turret_idle.glb","","","","","","","","true","",""
"ReviverDefaultIdle","doug_idle.glb","1","28","","","100","100","","true","",""
"ReviverDefaultWalk","doug_walk.glb","1","-1","","","100","100","","true","","1"
"ReviverDefaultAttack","doug_attack.glb","6","20","","","","","","","","3"
"ReviverDefaultRecoil","doug_attack.glb","6","20","","","","","100","","","4"
"ReviverDefaultHappy","doug_win.glb","","140","","","100","","","","",""
"ReviverDefaultHappyLoop","doug_win.glb","103","140","","","100","200","200","true","",""
"ReviverDefaultLose","doug_lose.glb","","167","","","","","","","",""
"ReviverDefaultLoseloop","doug_lose.glb","110","-1","","","","","","true","",""
"ReviverDefaultPortrait","doug_portrait.glb","1","1","","","","","","true","",""
"ReviverDefaultIntro","doug_portrait.glb","","-1","","","","","","","",""
"PowerLevelerKrakenIdle","surge_idle.glb","","-1","","","100","100","","true","","1"
"PowerLevelerKrakenWalk","surge_walk.glb","","-1","","75","100","100","","true","","1"
"PowerLevelerKrakenSecondary","surge_super.glb","","40","","","","","250","","","4"
"PowerLevelerKrakenAttackRecoil","surge_attack.glb","1","-1","","","50","","100","","","hips_s#4+L_upperLeg_s#0+R_upperLeg_s#0"
"PowerLevelerKrakenReload","surge_reload.glb","","20","","","52000","5000","5000","","","hips_s#0+chest_s#5+L_clavicle_s#1+head_s#0+L_upperLeg_s#0+R_upperLeg_s#0"
"PowerLevelerKrakenPushback","surge_pushback.glb","","10","","","50","100","100","","","5"
"PowerLevelerKrakenWin","surge_kraken_win.glb","","146","","","","","","","",""
"PowerLevelerKrakenWinloop","surge_kraken_win.glb","88","146","","","","","","true","",""
"PowerLevelerKrakenLose","surge_kraken_lose.glb","","200","","","","","","","",""
"PowerLevelerKrakenLoseloop","surge_kraken_lose.glb","140","200","","","","","","true","",""
"PowerLevelerKrakenProfile","surge_kraken_portrait.glb","","-1","","","","","","","",""
"PowerLevelerKrakenWalk_transform","surge_kraken_walk_transform.glb","","-1","","75","100","100","","true","","1"
"PowerLevelerKrakenAttackRecoil_transform","surge_kraken_attack_transform.glb","1","-1","","","50","","100","","","hips_s#4+L_upperLeg_s#0+R_upperLeg_s#0"
"PowerLevelerKrakenIdle_transform","surge_kraken_idle_transform.glb","","-1","","","100","100","","true","","1"
"ArtilleryDudeSmugglerWalk","penny_smuggler_walk.glb","","25","","","100","100","","true","","1"
"ArtilleryDudeSmugglerPrimary","penny_smuggler_attack.glb","1","4","","","","","","","","hips_s#3+L_upperLeg_s#0+R_upperLeg_s#0"
"ArtilleryDudeSmugglerUltiAttack","penny_smuggler_super.glb","","5","","","","","10","","","hips_s#4+L_upperLeg_s#0+R_upperLeg_s#0"
"ArtilleryDudeSmugglerRecoil","penny_smuggler_attack.glb","1","20","","","","","150","","","hips_s#4+L_upperLeg_s#0+R_upperLeg_s#0"
"ArtilleryDudeSmugglerUltiRecoil","penny_smuggler_super.glb","5","22","","","","","250","","","hips_s#4+L_upperLeg_s#0+R_upperLeg_s#0"
"ArtilleryDudeSmugglerReload","penny_smuggler_idle.glb","","5","","","200","200","200","","",""
"ArtilleryDudeSmugglerPushback","penny_smuggler_idle.glb","","-1","","","100","100","200","","","5"
"ArtilleryDudeSmugglerLose","penny_smuggler_lose.glb","1","179","","","","","","","",""
"ArtilleryDudeSmugglerLoseloop","penny_smuggler_lose.glb","179","179","","","","","","true","",""
"ArtilleryDudeSmugglerProfile","penny_portrait_redux.glb","1","1","","","","","","true","",""
"DuelistDefaultIdle","cordelius_idle.glb","1","73","","","200","100","","true","",""
"DuelistDefaultWalk","cordelius_walk.glb","1","23","","","100","100","","true","","1"
"DuelistDefaultAttack","cordelius_attack.glb","7","24","","","","200","100","","","hips_s#4+L_upperLeg_s#0+R_upperLeg_s#0+R_dress_01_s#0+L_dress_01_s#0+F_dress_01_s#0+B_dress_01_s#0"
"DuelistDefaultSecondary","cordelius_super.glb","9","37","","","","200","100","","","hips_s#4+L_upperLeg_s#0+R_upperLeg_s#0+R_dress_01_s#0+L_dress_01_s#0+F_dress_01_s#0+B_dress_01_s#0"
"DuelistDefaultRecoil","cordelius_attack.glb","7","24","","","","200","100","","","hips_s#4+L_upperLeg_s#0+R_upperLeg_s#0+R_dress_01_s#0+L_dress_01_s#0+F_dress_01_s#0+B_dress_01_s#0"
"DuelistDefaultRecoil2","cordelius_super.glb","9","37","","","","200","100","","","hips_s#4+L_upperLeg_s#0+R_upperLeg_s#0+R_dress_01_s#0+L_dress_01_s#0+F_dress_01_s#0+B_dress_01_s#0"
"DuelistDefaultReload","cordelius_idle.glb","","-1","","","500","500","500","","","ChestBone#2"
"DuelistDefaultPushback","cordelius_idle.glb","1","34","","","100","100","100","","","5"
"DuelistDefaultWin","cordelius_win.glb","1","237","","","","10","100","","","5"
"DuelistDefaultWinloop","cordelius_win.glb","244","320","","","10","","","true","","1"
"DuelistDefaultLose","cordelius_lose.glb","1","729","","","","","","","","5"
"DuelistDefaultLoseloop","cordelius_lose.glb","254","729","","","","","","true","","1"
"DuelistDefaultProfile","cordelius_portrait.glb","1","10","","","","","","true","","5"
"DuelistDefaultIntro","cordelius_portrait.glb","","","","","","","","","",""
"DuelistBrainIdle","cordelius_brain_idle.glb","1","73","","","200","100","","true","",""
"DuelistBrainWalk","cordelius_brain_walk.glb","1","23","","","100","100","","true","","1"
"DuelistBrainAttack","cordelius_brain_attack.glb","7","24","","","","200","100","","","hips_s#4+L_upperLeg_s#0+R_upperLeg_s#0+R_dress_01_s#0+L_dress_01_s#0+F_dress_01_s#0+B_dress_01_s#0"
"DuelistBrainSecondary","cordelius_brain_super.glb","9","37","","","","200","100","","","hips_s#4+L_upperLeg_s#0+R_upperLeg_s#0+R_dress_01_s#0+L_dress_01_s#0+F_dress_01_s#0+B_dress_01_s#0"
"DuelistBrainRecoil","cordelius_brain_attack.glb","7","24","","","","200","100","","","hips_s#4+L_upperLeg_s#0+R_upperLeg_s#0+R_dress_01_s#0+L_dress_01_s#0+F_dress_01_s#0+B_dress_01_s#0"
"DuelistBrainRecoil2","cordelius_brain_super.glb","9","37","","","","200","100","","","hips_s#4+L_upperLeg_s#0+R_upperLeg_s#0+R_dress_01_s#0+L_dress_01_s#0+F_dress_01_s#0+B_dress_01_s#0"
"DuelistBrainReload","cordelius_brain_idle.glb","","-1","","","500","500","500","","","ChestBone#2"
"DuelistBrainPushback","cordelius_brain_idle.glb","1","34","","","100","100","100","","","5"
"DuelistBrainWin","cordelius_brain_win_120.glb","","800","","","","10","100","","","5"
"DuelistBrainWinloop","cordelius_brain_win.glb","161","202","","","10","","","true","","1"
"DuelistBrainLose","cordelius_brain_lose.glb","","200","","","","","","","","5"
"DuelistBrainLoseloop","cordelius_brain_lose.glb","156","200","","","","","","true","","1"
"DuelistBrainProfile","cordelius_brain_portrait.glb","","","","","","","","","","5"
"DuelistBrainIntro","cordelius_brain_portrait.glb","","","","","","","","","",""
"ArtilleryDudeSmugglerTurretIdle","penny_smuggler_turret_idle.glb","","-1","","","100","100","","true","",""
"ArtilleryDudeSmugglerTurretAttack","penny_smuggler_turret_attack.glb","","-1","","","","","50","","","4"
"ArtilleryDudeSmugglerTurretSpawn","penny_smuggler_turret_idle.glb","","35","","","","","100","","","3"
"CannonGirlSoccerIdle","clyde_idle_anim.glb","","58","","","100","100","","true","",""
"CannonGirlSoccerWalk","clyde_run_anim.glb","","68","","","100","100","","true","","1"
"CannonGirlSoccerAttack","clyde_attack_anim.glb","","6","","","","50","","","","3"
"CannonGirlSoccerAttackRecoil","clyde_attack_anim.glb","6","25","","","50","","100","","","4"
"CannonGirlSoccerReload","clyde_idle_anim.glb","1","15","","","1000","1000","100","","","5"
"CannonGirlSoccerPushback","carl_pirate_pushback.glb","","-1","","","50","200","100","","","5"
"CannonGirlSoccerWin","clyde_soccer_win.glb","","198","","","","","","","",""
"CannonGirlSoccerWinloop","clyde_soccer_win.glb","134","200","","","","","","true","",""
"CannonGirlSoccerLose","clyde_lose_anim.glb","","113","","","","","","","",""
"CannonGirlSoccerLoseloop","clyde_lose_anim.glb","114","248","","","","","","true","",""
"CannonGirlSoccerProfile","clyde_soccer_portrait.glb","30","30","","","","","","true","",""
"DuelistToxicIdle","cordelius_idle.glb","1","73","","","200","100","","true","",""
"DuelistToxicWalk","cordelius_walk.glb","1","23","","","100","100","","true","","1"
"DuelistToxicAttack","cordelius_attack.glb","7","24","","","","200","100","","","hips_s#4+L_upperLeg_s#0+R_upperLeg_s#0+R_dress_01_s#0+L_dress_01_s#0+F_dress_01_s#0+B_dress_01_s#0"
"DuelistToxicSecondary","cordelius_super.glb","9","37","","","","200","100","","","hips_s#4+L_upperLeg_s#0+R_upperLeg_s#0+R_dress_01_s#0+L_dress_01_s#0+F_dress_01_s#0+B_dress_01_s#0"
"DuelistToxicRecoil","cordelius_attack.glb","7","24","","","","200","100","","","hips_s#4+L_upperLeg_s#0+R_upperLeg_s#0+R_dress_01_s#0+L_dress_01_s#0+F_dress_01_s#0+B_dress_01_s#0"
"DuelistToxicRecoil2","cordelius_super.glb","9","37","","","","200","100","","","hips_s#4+L_upperLeg_s#0+R_upperLeg_s#0+R_dress_01_s#0+L_dress_01_s#0+F_dress_01_s#0+B_dress_01_s#0"
"DuelistToxicReload","cordelius_idle.glb","","-1","","","500","500","500","","","ChestBone#2"
"DuelistToxicPushback","cordelius_idle.glb","1","34","","","100","100","100","","","5"
"DuelistToxicWin","cordelius_toxic_win.glb","1","237","","","","10","100","","","5"
"DuelistToxicWinloop","cordelius_toxic_win.glb","244","320","","","10","","","true","","1"
"DuelistToxicLose","cordelius_lose.glb","1","729","","","","","","","","5"
"DuelistToxicLoseloop","cordelius_lose.glb","254","729","","","","","","true","","1"
"DuelistToxicProfile","cordelius_portrait.glb","1","10","","","","","","true","","5"
"DuelistToxicIntro","cordelius_portrait.glb","","","","","","","","","",""
"JetpackGirlDarkFairyIdle","janet_darkfairy_idle.glb","","-1","-1","","100","100","","true","",""
"JetpackGirlDarkFairyWalk","janet_darkfairy_walk.glb","","-1","-1","80","100","100","","true","","1"
"JetpackGirlDarkFairyAttack","janet_darkfairy_attack.glb","","5","-1","","","","","","","hips_s#3+L_upperLeg_s#0+R_upperLeg_s#0"
"JetpackGirlDarkFairySuper","janet_darkfairy_super.glb","","-1","-1","","200","200","250","true","","4"
"JetpackGirlDarkFairyAttackRecoil","janet_darkfairy_attack.glb","1","-1","-1","","","","200","","","hips_s#4+L_upperLeg_s#0+R_upperLeg_s#0"
"JetpackGirlDarkFairyPushback","janet_pushback.glb","","10","-1","","10","","200","","",""
"JetpackGirlDarkFairyWin","janet_darkfairy_win.glb","","208","-1","","100","","","","",""
"JetpackGirlDarkFairyWinloop","janet_darkfairy_win.glb","179","208","-1","","","","","true","",""
"JetpackGirlDarkFairyLose","janet_darkfairy_lose.glb","","134","-1","","","","","","",""
"JetpackGirlDarkFairyLoseloop","janet_darkfairy_lose.glb","96","134","-1","","","","","true","",""
"JetpackGirlDarkFairyPortrait","janet_portrait.glb","","-1","-1","","","","","","",""
"RollerUniversityIdle","stu_university_idle.glb","1","29","-1","","100","100","","true","",""
"RollerUniversityWalk","stu_university_walk.glb","1","29","-1","","100","100","","true","","1"
"RollerUniversityAttack","stu_university_attack.glb","3","22","-1","","25","","50","","","3"
"RollerUniversityRecoil","stu_university_attack.glb","3","22","-1","","","","200","","","4"
"RollerUniversityPushback","stu_pushback.glb","","10","-1","","25","200","100","","",""
"RollerUniversityWin","stu_university_win.glb","","191","-1","","","","","","",""
"RollerUniversityWinloop","stu_university_win.glb","154","191","-1","","","","","true","",""
"RollerUniversityLose","stu_university_lose.glb","","289","-1","","","","","","",""
"RollerUniversityLoseloop","stu_university_lose.glb","212","289","-1","","","","","true","",""
"RollerUniversityLoseEnter","stu_university_lose.glb","","1","-1","","","","","","",""
"RollerUniversityPortrait","stu_portrait.glb","1","1","-1","","","","","","",""
"RosaUniversityIdle","rosa_university_idle.glb","1","25","","","100","100","","true","",""
"RosaUniversityWalk","rosa_university_walk.glb","1","24","","","100","100","","true","","1"
"RosaUniversityAttack","rosa_university_attack.glb","1","11","","","100","100","50","","","hips_s#3+L_upperLeg_s#0+R_upperLeg_s#0"
"RosaUniversityAttackRecoil","rosa_university_attack.glb","12","19","","","1","100","100","","","hips_s#4+L_upperLeg_s#0+R_upperLeg_s#0"
"RosaUniversityAttackRecoil2","rosa_university_attack.glb","20","28","","","1","100","100","","","hips_s#5+L_upperLeg_s#0+R_upperLeg_s#0"
"RosaUniversityUltRecoil","rosa_university_super.glb","","-1","","","1","100","200","","","hips_s#4+L_upperLeg_s#0+R_upperLeg_s#0"
"RosaUniversityUltRecoil2","rosa_university_detransform.glb","","-1","","","1","100","200","","","hips_s#4+L_upperLeg_s#0+R_upperLeg_s#0"
"RosaUniversityWin","rosa_university_win.glb","1","198","","","100","200","100","","",""
"RosaUniversityWinloop","rosa_university_win.glb","161","198","","","500","100","100","true","",""
"RosaUniversityLose","rosa_university_lose.glb","1","258","","","100","100","200","","",""
"RosaUniversityLoseloop","rosa_university_lose.glb","181","258","","","1","100","200","true","",""
"RosaUniversityProfile","rosa_university_portrait.glb","1","1","","","","","","true","",""
"StickyBombUniversityIdle","squeak_university_idle.glb","","-1","-1","","100","100","","true","",""
"StickyBombUniversityWalk","squeak_university_walk.glb","","-1","-1","","100","100","","true","","1"
"StickyBombUniversityAttack","squeak_university_attack.glb","5","20","-1","","","","","","","hips_s#3+L_upperLeg_s#0+R_upperLeg_s#0"
"StickyBombUniversityRecoil","squeak_university_attack.glb","5","20","-1","","","","100","","","hips_s#4+L_upperLeg_s#0+R_upperLeg_s#0"
"StickyBombUniversityPushback","squeak_pushback.glb","","-1","-1","","","","","","",""
"StickyBombUniversityWin","squeak_university_win.glb","","174","-1","","","","","","",""
"StickyBombUniversityWinloop","squeak_university_win.glb","126","174","-1","","","","","true","",""
"StickyBombUniversityLose","squeak_university_lose.glb","","199","-1","","","","","","",""
"StickyBombUniversityLoseloop","squeak_university_lose.glb","119","199","-1","","","","","true","",""
"StickyBombUniversityPortrait","squeak_portrait.glb","150","150","-1","","","","","","",""
"DuelistWastelandIdle","cordelius_raider_idle.glb","1","73","","","200","100","","true","",""
"DuelistWastelandWalk","cordelius_walk.glb","1","23","","","100","100","","true","","1"
"DuelistWastelandAttack","cordelius_attack.glb","7","24","","","","200","100","","","hips_s#4+L_upperLeg_s#0+R_upperLeg_s#0+R_dress_01_s#0+L_dress_01_s#0+F_dress_01_s#0+B_dress_01_s#0"
"DuelistWastelandSecondary","cordelius_super.glb","9","37","","","","200","100","","","hips_s#4+L_upperLeg_s#0+R_upperLeg_s#0+R_dress_01_s#0+L_dress_01_s#0+F_dress_01_s#0+B_dress_01_s#0"
"DuelistWastelandRecoil","cordelius_attack.glb","7","24","","","","200","100","","","hips_s#4+L_upperLeg_s#0+R_upperLeg_s#0+R_dress_01_s#0+L_dress_01_s#0+F_dress_01_s#0+B_dress_01_s#0"
"DuelistWastelandRecoil2","cordelius_super.glb","9","37","","","","200","100","","","hips_s#4+L_upperLeg_s#0+R_upperLeg_s#0+R_dress_01_s#0+L_dress_01_s#0+F_dress_01_s#0+B_dress_01_s#0"
"DuelistWastelandReload","cordelius_idle.glb","","-1","","","500","500","500","","","ChestBone#2"
"DuelistWastelandPushback","cordelius_idle.glb","1","34","","","100","100","100","","","5"
"DuelistWastelandWin","cordelius_raider_win_120.glb","","752","","","","10","100","","","5"
"DuelistWastelandWinloop","cordelius_raider_win.glb","152","188","","","10","","","true","","1"
"DuelistWastelandLose","cordelius_raider_lose.glb","1","177","","","","","","","","5"
"DuelistWastelandLoseloop","cordelius_raider_lose.glb","135","177","","","","","","true","","1"
"DuelistWastelandProfile","cordelius_raider_portrait.glb","1","1","","","","","","","","5"
"DuelistWastelandIntro","cordelius_portrait.glb","","","","","","","","","",""
"RosaUniversityIdle_transform","rosa_university_idle_transform.glb","1","25","","","100","100","","true","",""
"RosaUniversityWalk_transform","rosa_university_walk_transform.glb","1","24","","","100","100","","true","","1"
"RosaUniversityAttack_transform","rosa_university_attack_transform.glb","1","11","","","100","100","50","","","hips_s#3+L_upperLeg_s#0+R_upperLeg_s#0"
"RosaUniversityAttackRecoil_transform","rosa_university_attack_transform.glb","12","19","","","1","100","100","","","hips_s#4+L_upperLeg_s#0+R_upperLeg_s#0"
"RosaUniversityAttackRecoil2_transform","rosa_university_attack_transform.glb","20","28","","","1","100","100","","","hips_s#4+L_upperLeg_s#0+R_upperLeg_s#0"
"PuppeteerWastelandIdle","willow_wasteland_idle.glb","","31","","","100","100","","true","",""
"PuppeteerWastelandWalk","willow_wasteland_walk.glb","1","23","","","100","100","","true","","1"
"PuppeteerWastelandPrimary","willow_wasteland_attack.glb","1","29","","","","","","","","hips_s#3+L_upperLeg_s#0+R_upperLeg_s#0"
"PuppeteerWastelandSecondary","willow_wasteland_attack.glb","1","29","","","","","","","","hips_s#4+L_upperLeg_s#0+R_upperLeg_s#0"
"PuppeteerWastelandRecoil","willow_wasteland_attack.glb","6","29","","","","","100","","","hips_s#4+L_upperLeg_s#0+R_upperLeg_s#0"
"PuppeteerWastelandWin","willow_wasteland_win.glb","1","224","","","","","","","","5"
"PuppeteerWastelandWinloop","willow_wasteland_win.glb","127","224","","","","","","true","","1"
"PuppeteerWastelandLose","willow_wasteland_lose.glb","1","179","","","","","","","","5"
"PuppeteerWastelandLoseloop","willow_wasteland_lose.glb","102","179","","","","","","true","","1"
"PuppeteerWastelandProfile","willow_wasteland_portrait.glb","","","","","","","","true","",""
"PuppeteerWastelandIntro","willow_win.glb","250","250","","","","","","","",""
"ArtilleryGalElfBunnyWalk","penny_bunny_redux_walk.glb","1","29","","150","100","100","","true","","1"
"ArtilleryGalElfBunnyWin","penny_bunny_redux_win.glb","1","150","","","","","","","",""
"ArtilleryGalElfBunnyWinloop","penny_bunny_redux_win.glb","107","150","","","","","","true","",""
"ArtilleryGalElfBunnyLoseloop","penny_bunny_redux_lose.glb","90","105","","","","","","true","",""
"FishTankWastelandIdle","fishtank_wasteland_idle.glb","","-1","","","100","100","","true","",""
"FishTankWastelandWalk","fishtank_wasteland_walk.glb","","-1","","125","100","100","","true","","1"
"FishTankWastelandPrimary","fishtank_wasteland_attack.glb","16","20","","","100","100","100","","",""
"FishTankWastelandSecondary","fishtank_wasteland_attack.glb","16","20","","","100","100","100","","",""
"FishTankWastelandRecoil","fishtank_wasteland_attack.glb","16","20","","","100","100","100","","",""
"FishTankWastelandRecoil2","fishtank_wasteland_attack.glb","16","20","","","100","100","100","","",""
"FishTankWastelandWin","fishtank_wasteland_win.glb","","-1","","","","","","","",""
"FishTankWastelandWinloop","fishtank_wasteland_win.glb","142","172","","","","","","true","",""
"FishTankWastelandLose","fishtank_wasteland_lose.glb","","231","","","","","200","","",""
"FishTankWastelandLoseloop","fishtank_wasteland_lose.glb","187","231","","","","","200","true","",""
"FishTankWastelandProfile","fishtank_wasteland_portrait.glb","1","1","","","","","","true","",""
"JetpackGirlMoonIdle","janet_moon_idle.glb","","-1","-1","","100","100","","true","",""
"JetpackGirlMoonWalk","janet_moon_walk.glb","","-1","-1","80","100","100","","true","","1"
"JetpackGirlMoonAttack","janet_moon_attack.glb","","5","-1","","","","","","","hips_s#3+L_upperLeg_s#0+R_upperLeg_s#0"
"JetpackGirlMoonSuper","janet_moon_super.glb","","-1","-1","","200","200","250","true","","4"
"JetpackGirlMoonAttackRecoil","janet_moon_attack.glb","1","-1","-1","","","","200","","","hips_s#4+L_upperLeg_s#0+R_upperLeg_s#0"
"JetpackGirlMoonPushback","janet_pushback.glb","","10","-1","","10","","200","","",""
"JetpackGirlMoonWin","janet_moon_win.glb","","171","-1","","100","","","","",""
"JetpackGirlMoonWinloop","janet_moon_win.glb","137","171","-1","","","","","true","",""
"JetpackGirlMoonLose","janet_moon_lose.glb","","214","-1","","","","","","",""
"JetpackGirlMoonLoseloop","janet_moon_lose.glb","153","214","-1","","","","","true","",""
"JetpackGirlMoonPortrait","janet_moon_portrait.glb","","-1","-1","","","","","","",""
"MaisieWastelandIdle","maisie_wasteland_idle.glb","","-1","","50","100","100","","true","",""
"MaisieWastelandWalk","maisie_wasteland_walk.glb","","21","","","100","100","","true","","1"
"MaisieWastelandPrimary","maisie_wasteland_attack.glb","1","-1","","","","","","","","hips_s#3+L_upperLeg_s#0+R_upperLeg_s#0"
"MaisieWastelandSecondary","maisie_wasteland_super.glb","1","-1","","50","","100","","","","hips_s#4+L_upperLeg_s#0+R_upperLeg_s#0"
"MaisieWastelandRecoil","maisie_wasteland_attack.glb","6","-1","","","","","100","","","hips_s#4+L_upperLeg_s#0+R_upperLeg_s#0"
"MaisieWastelandWin","maisie_wasteland_win.glb","1","198","","","","","","","","5"
"MaisieWastelandWinloop","maisie_wasteland_win.glb","162","198","","","","","","true","","1"
"MaisieWastelandLose","maisie_wasteland_lose.glb","1","-1","","","","","","","","5"
"MaisieWastelandLoseloop","maisie_wasteland_lose.glb","162","203","","","","","","true","","1"
"MaisieWastelandProfile","maisie_wasteland_portrait.glb","","-1","","","","","","true","",""
"MaisieWastelandIntro","shelly_intro_pose.glb","","","","","","","","","",""
"BeamerharvestIdle","mandy_harvest_idle.glb","1","46","","","50","50","50","true","",""
"BeamerharvestWalk","mandy_harvest_walk.glb","1","21","","","","","","true","","1"
"BeamerharvestAttack","mandy_harvest_attack.glb","1","12","","","","","","","","hips_s#4+L_upperLeg_s#0+R_upperLeg_s#0+R_dress_01_s#0+L_dress_01_s#0+F_dress_01_s#0+B_dress_01_s#0"
"BeamerharvestSecondary","mandy_harvest_super.glb","","45","","","100","100","100","true","","5"
"BeamerharvestRecoil","mandy_harvest_attack.glb","7","25","","","","","100","","","hips_s#5+L_upperLeg_s#0+R_upperLeg_s#0+R_dress_01_s#0+L_dress_01_s#0+F_dress_01_s#0+B_dress_01_s#0"
"BeamerharvestReload","mandy_harvest_idle.glb","1","1","","","50","50","50","","","hips_s#0+L_upperLeg_s#0+R_upperLeg_s#0"
"BeamerharvestPushback","mandy_harvest_idle.glb","1","1","","","50","50","50","","","5"
"BeamerharvestWin","mandy_harvest_win.glb","1","163","","","","","","","","5"
"BeamerharvestWinloop","mandy_harvest_win.glb","130","163","","","","","","true","","1"
"BeamerharvestLose","mandy_harvest_lose.glb","1","218","","","","","","","","5"
"BeamerharvestLoseloop","mandy_harvest_lose.glb","181","218","","","","","","true","","1"
"BeamerharvestProfile","mandy_harvest_portrait.glb","","","","","","","","","","5"
"EnragerMechaIdle","edgar_mecha_idle.glb","1","44","-1","","100","100","","true","","L_Down_tenti_01_s#1+R_Down_tenti_01_s#1+L_Up_tenti_01_s#1+R_Up_tenti_01_s#1"
"EnragerMechaWalk","edgar_mecha_walk.glb","1","22","-1","","100","100","","true","","1"
"EnragerMechaAttack","edgar_mecha_attack.glb","1","5","-1","","","","","","","hips_s#3+L_upperLeg_s#0+R_upperLeg_s#0"
"EnragerMechaSuper","edgar_mecha_super.glb","5","50","-1","","","250","250","","","3"
"EnragerMechaRecoil","edgar_mecha_attack.glb","6","30","-1","","","200","200","","","hips_s#4+L_upperLeg_s#0+R_upperLeg_s#0"
"EnragerMechaPushback","edgar_mecha_pushback.glb","","-1","-1","","50","100","100","","","5"
"EnragerMechaWin","edgar_mecha_win.glb","","196","-1","","","","","","",""
"EnragerMechaWinloop","edgar_mecha_win.glb","155","196","-1","","","","","true","",""
"EnragerMechaLose","edgar_mecha_lose.glb","","134","-1","","","","","","",""
"EnragerMechaLoseloop","edgar_mecha_lose.glb","134","134","-1","","","","","true","",""
"EnragerMechaProfile","edgar_mecha_portrait.glb","","","-1","","","","","true","",""
"CookerDefaultIdle","pearl_idle.glb","","-1","-1","","100","100","","true","",""
"CookerDefaultWalk","pearl_walk.glb","","-1","-1","","100","100","","true","",""
"CookerDefaultAttack","pearl_attack.glb","5","20","-1","","","","","","","hips_s#3+L_upperLeg_s#0+R_upperLeg_s#0"
"CookerDefaultSuper","pearl_super.glb","","20","-1","","","","","true","","hips_s#3+L_upperLeg_s#0+R_upperLeg_s#0"
"CookerDefaultRecoil","pearl_attack.glb","14","35","-1","","","","100","","","hips_s#4+L_upperLeg_s#0+R_upperLeg_s#0"
"CookerDefaultSuperRecoil","pearl_super.glb","6","20","-1","","","","50","","","hips_s#4+L_upperLeg_s#0+R_upperLeg_s#0"
"CookerDefaultPushback","pearl_idle.glb","","10","-1","","30","100","100","","","5"
"CookerDefaultWin","pearl_win.glb","","198","-1","","","","","","",""
"CookerDefaultWinloop","pearl_win.glb","168","198","-1","","","","","true","",""
"CookerDefaultLose","pearl_lose.glb","","208","-1","","","","","","",""
"CookerDefaultLoseloop","pearl_lose.glb","169","208","-1","","","","","true","",""
"CookerDefaultPortrait","pearl_linglongporcelain_portrait.glb","","","-1","","","","","","",""
"ConductorDefaultIdle","chuck_idle.glb","","28","-1","","100","100","","true","",""
"ConductorDefaultWalk","chuck_walk.glb","","22","-1","","100","100","","true","","1"
"ConductorDefaultAttack","chuck_attack.glb","1","22","","80","","","","","","3"
"ConductorDefaultSuper","chuck_super.glb","","30","","120","","100","50","true","","3"
"ConductorDefaultRecoil","chuck_attack.glb","18","22","","","300","300","300","","","4"
"ConductorDefaultWin","chuck_win.glb","","158","-1","","","","","","",""
"ConductorDefaultWinloop","chuck_win.glb","120","158","-1","","","","","true","",""
"ConductorDefaultLose","chuck_lose.glb","","199","-1","","","","","","",""
"ConductorDefaultLoseloop","chuck_lose.glb","120","199","-1","","","","","true","",""
"ConductorDefaultPortrait","chuck_portrait.glb","","-1","-1","","","","","","",""
"CookerDeepseaIdle","pearl_deepsea_idle.glb","","-1","-1","","100","100","","true","",""
"CookerDeepseaWalk","pearl_deepsea_walk.glb","","-1","-1","","100","100","","true","",""
"CookerDeepseaAttack","pearl_deepsea_attack.glb","5","20","-1","","","","","","","hips_s#3+L_upperLeg_s#0+R_upperLeg_s#0"
"CookerDeepseaSuper","pearl_deepsea_super.glb","","20","-1","","","","","true","","hips_s#3+L_upperLeg_s#0+R_upperLeg_s#0"
"CookerDeepseaRecoil","pearl_deepsea_attack.glb","14","35","-1","","","","100","","","hips_s#4+L_upperLeg_s#0+R_upperLeg_s#0"
"CookerDeepseaSuperRecoil","pearl_deepsea_super.glb","6","20","-1","","","","50","","","hips_s#4+L_upperLeg_s#0+R_upperLeg_s#0"
"CookerDeepseaPushback","pearl_deepsea_idle.glb","","10","-1","","30","100","100","","","5"
"CookerDeepseaWin","pearl_deepsea_win.glb","","167","-1","","","","","","",""
"CookerDeepseaWinloop","pearl_deepsea_win.glb","108","167","-1","","","","","true","",""
"CookerDeepseaLose","pearl_deepsea_lose.glb","","187","-1","","","","","","",""
"CookerDeepseaLoseloop","pearl_deepsea_lose.glb","187","187","-1","","","","","true","",""
"CookerDeepseaPortrait","pearl_deepsea_portrait.glb","","","-1","","","","","","",""
"BeamerharvestIdle_transform","mandy_harvest_idle_transform.glb","1","21","","","200","250","","true","",""
"BowDudeHinduIdle","bo_hindu_idle.glb","1","29","","","100","100","","true","",""
"BowDudeHinduWalk","bo_hindu_walk.glb","1","20","","","100","100","","true","","1"
"BowDudeHinduAttack","bo_hindu_attack.glb","1","12","","","50","50","350","","","hips_s#4+L_upperLeg_s#0+R_upperLeg_s#0"
"BowDudeHinduSecondary","bo_hindu_attack.glb","1","12","","","50","50","350","","","hips_s#4+L_upperLeg_s#0+R_upperLeg_s#0"
"BowDudeHinduRecoil","bo_hindu_attack.glb","13","30","","","50","50","350","","","hips_s#4+L_upperLeg_s#0+R_upperLeg_s#0"
"BowDudeHinduRecoil2","bo_hindu_attack.glb","13","30","","","50","50","350","","","hips_s#4+L_upperLeg_s#0+R_upperLeg_s#0"
"BowDudeHinduWin","bo_hindu_win_120.glb","","408","","","100","100","500","","",""
"BowDudeHinduWinloop","bo_hindu_win_120.glb","409","627","","","100","100","200","true","",""
"BowDudeHinduLose","bo_hindu_lose.glb","1","119","","","100","100","200","","",""
"BowDudeHinduLoseloop","bo_hindu_lose.glb","72","119","","","100","100","200","true","",""
"BowDudeHinduProfile","bo_idle.glb","1","1","","","","","","true","",""
"UndertakerUndertakerHockeyIdle","mortis_hockey_player_idle.glb","1","32","","","200","200","","true","",""
"UndertakerUndertakerHockeyWalk","mortis_hockey_player_walk.glb","1","32","","150","100","100","","true","","1"
"UndertakerUndertakerHockeyAttack","mortis_hockey_player_attack.glb","3","30","","","","250","200","","","3"
"UndertakerUndertakerHockeyUltiAttack","mortis_hockey_player_ulti.glb","","5","","","","","","","","hips_s#3+L_upperLeg_s#0+R_upperLeg_s#0"
"UndertakerUndertakerHockeyRecoil1","mortis_hockey_player_attack.glb","3","30","","","","250","200","","","4"
"UndertakerUndertakerHockeyUltiRecoil1","mortis_hockey_player_ulti.glb","5","40","","","","","200","","","hips_s#4+L_upperLeg_s#0+R_upperLeg_s#0"
"UndertakerUndertakerHockeyPushback","mortis_pushback.glb","","-1","","","100","100","100","","","5"
"UndertakerUndertakerHockeyWin","mortis_hockey_player_win.glb","1","179","","","","","","","","1"
"UndertakerUndertakerHockeyWinloop","mortis_hockey_player_win.glb","99","179","","","","","","true","","1"
"UndertakerUndertakerHockeyLose","mortis_hockey_lose.glb","1","189","","","","","","","","1"
"UndertakerUndertakerHockeyLoseloop","mortis_hockey_lose.glb","110","189","","","","","","true","","1"
"UndertakerUndertakerHockeyProfile","mortis_win.glb","49","49","","","","","","","","1"
"HammerDudeHinduIdle","frank_hindu_idle.glb","","-1","","","500","500","","true","",""
"HammerDudeHinduWalk","frank_hindu_walk.glb","1","29","","120","300","300","","true","","5"
"HammerDudeHinduPrimary","frank_hindu_attack.glb","1","45","","","","","100","","","5"
"HammerDudeHinduSecondary","frank_hindu_ulti.glb","1","50","","","100","100","","true","","5"
"HammerDudeHinduRecoil","frank_hindu_attack.glb","22","35","","","","","200","","","5"
"HammerDudeHinduRecoil2","frank_hindu_ulti.glb","36","50","","","1","1","100","","","5"
"HammerDudeHinduReloading","frank_hindu_idle.glb","","6","","","","","50","","",""
"HammerDudeHinduPushback","frank_pushback.glb","","-1","","","120","120","400","","","5"
"HammerDudeHinduWin","frank_hindu_win.glb","1","115","","","","","","","","5"
"HammerDudeHinduWinloop","frank_hindu_win.glb","82","115","","","","","","true","","1"
"HammerDudeHinduLose","frank_hindu_lose.glb","1","201","","","","","","","","5"
"HammerDudeHinduLoseloop","frank_hindu_lose.glb","165","201","","","","","","true","","1"
"HammerDudeHinduProfile","frank_hindu_idle.glb","44","44","","","","","","true","",""
"HammerDudeHinduIntro","frank_intro_pose.glb","","","","","","","","","",""
"WeaponThrowerDarkcircusIdle","bronson_idle.glb","1","73","","","100","100","","true","",""
"WeaponThrowerDarkcircusWalk","bronson_walk.glb","1","29","","","100","100","","true","","1"
"WeaponThrowerDarkcircusAttack","bronson_attack.glb","12","25","","","","","10","","","hips_s#3+L_upperLeg_s#0+R_upperLeg_s#0"
"WeaponThrowerDarkcircusAttackRecoil","bronson_attack.glb","22","30","","","10","","50","","","hips_s#4+L_upperLeg_s#0+R_upperLeg_s#0"
"WeaponThrowerDarkcircusAttackRecoil2","bronson_attack.glb","30","35","","","1","100","100","","","hips_s#5+L_upperLeg_s#0+R_upperLeg_s#0"
"WeaponThrowerDarkcircusUltRecoil","bronson_super.glb","10","30","","","1","100","200","","","hips_s#4+L_upperLeg_s#0+R_upperLeg_s#0"
"WeaponThrowerDarkcircusUltRecoil2","bronson_small_super.glb","","-1","","","1","100","200","","","hips_s#4+L_upperLeg_s#0+R_upperLeg_s#0"
"WeaponThrowerDarkcircusWin","bronson_clown_win.glb","1","259","","","100","200","500","","",""
"WeaponThrowerDarkcircusWinloop","bronson_clown_win.glb","181","259","","","100","100","100","true","",""
"WeaponThrowerDarkcircusLose","bronson_clown_lose.glb","","229","","","100","100","100","","",""
"WeaponThrowerDarkcircusLoseloop","bronson_clown_lose.glb","149","229","","","1","100","200","true","",""
"WeaponThrowerDarkcircusProfile","bronson_clown_portrait.glb","1","1","","","","","","","",""
"WeaponThrowerDarkcircusIdle_transform","bronson_small_idle.glb","1","73","","","100","100","","true","",""
"WeaponThrowerDarkcircusWalk_transform","bronson_small_walk.glb","1","29","","150","100","100","","true","","1"
"WeaponThrowerDarkcircusAttack_transform","bronson_small_attack.glb","10","25","","","","","100","","","hips_s#4+L_upperLeg_s#0+R_upperLeg_s#0"
"WeaponThrowerDarkcircusAttackRecoil_transform","bronson_small_attack.glb","15","30","","","","","100","","","hips_s#3+L_upperLeg_s#0+R_upperLeg_s#0"
"WeaponThrowerDarkcircusAttackRecoil2_transform","bronson_attack.glb","35","35","","200","1","100","100","","","hips_s#5+L_upperLeg_s#0+R_upperLeg_s#0"
"CrossBomberHinduIdle","grom_hindu_idle.glb","1","33","","","200","200","","true","",""
"CrossBomberHinduWalk","grom_hindu_walk.glb","1","26","","120","150","150","","true","","1"
"CrossBomberHinduAttack","grom_hindu_attack.glb","","5","","","","100","50","","","hips_s#3+L_upperLeg_s#0+R_upperLeg_s#0"
"CrossBomberHinduSecondary","grom_hindu_attack.glb","3","20","","","100","100","50","","","5"
"CrossBomberHinduRecoil","grom_hindu_attack.glb","5","20","","","","","50","","","hips_s#5+L_upperLeg_s#0+R_upperLeg_s#0"
"CrossBomberHinduPushback","grom_hindu_idle.glb","","10","","","50","100","50","","","5"
"CrossBomberHinduWin","grom_hindu_win.glb","1","170","","","","200","","","","5"
"CrossBomberHinduWinloop","grom_hindu_win.glb","106","170","","","100","100","","true","","1"
"CrossBomberHinduLose","grom_hindu_lose.glb","1","299","","","","300","300","","","5"
"CrossBomberHinduLoseloop","grom_hindu_lose.glb","221","299","","","100","100","","true","","1"
"CrossBomberHinduProfile","grom_hindu_idle.glb","1","1","","","","","","true","","5"
"SnakeOilDarkcircusIdle","byron_darkcircus_idle.glb","1","59","-1","","120","120","","true","",""
"SnakeOilDarkcircusWalk","byron_walk.glb","1","-1","-1","","100","100","","true","","1"
"SnakeOilDarkcircusAttack","byron_attack.glb","1","5","-1","","","","","","","hips_s#3+L_upperLeg_s#0+R_upperLeg_s#0"
"SnakeOilDarkcircusSuper","byron_super.glb","1","5","-1","","","","","true","","hips_s#3+L_upperLeg_s#0+R_upperLeg_s#0"
"SnakeOilDarkcircusRecoil","byron_attack.glb","5","30","-1","","","","120","","","hips_s#4+L_upperLeg_s#0+R_upperLeg_s#0"
"SnakeOilDarkcircusSuperRecoil","byron_super.glb","5","30","-1","","","","120","","","hips_s#4+L_upperLeg_s#0+R_upperLeg_s#0"
"SnakeOilDarkcircusPushback","byron_pushback.glb","","-1","-1","","","","","","","5"
"SnakeOilDarkcircusWin","byron_darkcircus_win_120.glb","1","635","","","","","","","",""
"SnakeOilDarkcircusWinloop","byron_darkcircus_win.glb","160","201","","","","","","true","",""
"SnakeOilDarkcircusLose","byron_darkcircus_lose.glb","1","198","","","","","","","",""
"SnakeOilDarkcircusLoseloop","byron_darkcircus_lose.glb","164","198","","","","","","true","",""
"SnakeOilDarkcircusProfile","byron_win.glb","192","192","-1","","","","","","",""
"CocoonerRosieIdle","charlie_idle.glb","","59","","120","100","100","","true","",""
"CocoonerRosieWalk","charlie_walk.glb","1","19","","90","100","100","","true","","1"
"CocoonerRosiePrimary","charlie_attack.glb","7","23","","","","","","","","hips_s#3+L_upperLeg_s#0+R_upperLeg_s#0"
"CocoonerRosieSecondary","charlie_super.glb","1","22","","","","","","","","hips_s#4+L_upperLeg_s#0+R_upperLeg_s#0"
"CocoonerRosieRecoil","charlie_attack.glb","22","47","","","","","100","","","hips_s#4+L_upperLeg_s#0+R_upperLeg_s#0"
"CocoonerRosieWin","charlie_rosie_win.glb","1","125","","","","","","","","5"
"CocoonerRosieWinloop","charlie_rosie_win.glb","88","125","","","","","","true","","1"
"CocoonerRosieLose","charlie_rosie_lose.glb","1","44","","","","","","","","5"
"CocoonerRosieLoseloop","charlie_rosie_lose.glb","1","44","","","","","","true","","1"
"CocoonerRosieProfile","charlie_portrait.glb","","","","","","","","true","",""
"CocoonerRosieIntro","charlie_idle.glb","250","250","","","","","","","",""
"CocoonerDefaultIdle","charlie_idle.glb","","59","","120","100","100","","true","",""
"CocoonerDefaultWalk","charlie_walk.glb","","19","","90","100","100","","true","","1"
"CocoonerDefaultPrimary","charlie_attack.glb","7","23","","","","","","","","hips_s#3+L_upperLeg_s#0+R_upperLeg_s#0"
"CocoonerDefaultSecondary","charlie_super.glb","1","22","","","","","","","","hips_s#4+L_upperLeg_s#0+R_upperLeg_s#0"
"CocoonerDefaultRecoil","charlie_attack.glb","22","47","","","","","100","","","hips_s#4+L_upperLeg_s#0+R_upperLeg_s#0"
"CocoonerDefaultWin","charlie_win.glb","1","148","","","","","","","","5"
"CocoonerDefaultWinloop","charlie_win.glb","116","148","","","","","","true","","1"
"CocoonerDefaultLose","charlie_lose.glb","1","79","","","","","","","","5"
"CocoonerDefaultLoseloop","charlie_lose.glb","79","79","","","","","","true","","1"
"CocoonerDefaultProfile","charlie_portrait.glb","","","","","","","","true","",""
"CocoonerDefaultIntro","charlie_idle.glb","250","250","","","","","","","",""
"KickerDudeMakeIdle","fang_make_idle.glb","","-1","-1","","100","100","","true","",""
"KickerDudeMakeWalk","fang_make_walk.glb","","-1","-1","","100","100","","true","","1"
"KickerDudeMakeAttack","fang_make_attack.glb","","5","","","","","","","","3"
"KickerDudeMakeSuper","fang_make_attack.glb","10","13","","","","100","50","true","","3"
"KickerDudeMakeRecoil","fang_make_attack.glb","","25","","","","","100","","","4"
"KickerDudeMakeWin","fang_make_win.glb","","178","-1","","","","","","",""
"KickerDudeMakeWinloop","fang_make_win.glb","136","179","-1","","","","","true","",""
"KickerDudeMakeLose","fang_make_lose.glb","","172","-1","","","","","","",""
"KickerDudeMakeLoseloop","fang_make_lose.glb","136","-1","-1","","","","","true","",""
"KickerDudeMakePortrait","fang_make_portrait.glb","1","1","-1","","","","","true","",""
"ShamanDarkcircusIdle","nita_idle.glb","1","34","","","100","100","","true","",""
"ShamanDarkcircusWalk","nita_walk.glb","1","29","","170","100","100","","true","","1"
"ShamanDarkcircusAttack","nita_make_attack.glb","3","26","","","","","200","","","spine_lower_s#4"
"ShamanDarkcircusSecondary","nita_make_attack.glb","3","26","","","","","200","","","spine_lower_s#4"
"ShamanDarkcircusRecoil","nita_make_attack.glb","3","26","","","","","200","","","spine_lower_s#4"
"ShamanDarkcircusReload","nita_idle.glb","","-1","","","","","100","","","ChestBone#2"
"ShamanDarkcircusPushback","nita_pushback.glb","","-1","","","100","100","100","","","5"
"ShamanDarkcircusWin","nita_darkcircus_win.glb","1","148","","","","","","","","5"
"ShamanDarkcircusWinloop","nita_darkcircus_win.glb","102","148","","","","","","true","","1"
"ShamanDarkcircusLose","nita_darkcircus_lose.glb","1","168","","","","","","","","5"
"ShamanDarkcircusLoseloop","nita_darkcircus_lose.glb","168","168","","","","","","true","","1"
"ShamanDarkcircusProfile","nita_win.glb","88","88","","","","","","","","5"
"DuplicatorDarkcircusIdle","lolla_darkcircus_idle.glb","","-1","-1","","100","100","","true","",""
"DuplicatorDarkcircusWalk","lolla_darkcircus_walk.glb","","-1","-1","","100","100","","true","","1"
"DuplicatorDarkcircusAttack","lolla_darkcircus_attck.glb","","4","-1","","50","","","","","hips_s#3+L_upperLeg_s#0+R_upperLeg_s#0"
"DuplicatorDarkcircusSuper","lolla_darkcircus_super.glb","","4","-1","","","","","","","hips_s#3+L_upperLeg_s#0+R_upperLeg_s#0"
"DuplicatorDarkcircusRecoil","lolla_darkcircus_attck.glb","5","17","-1","","","","100","","","hips_s#4+L_upperLeg_s#0+R_upperLeg_s#0"
"DuplicatorDarkcircusSuperRecoil","lolla_darkcircus_super.glb","4","18","-1","","","","100","","","hips_s#4+L_upperLeg_s#0+R_upperLeg_s#0"
"DuplicatorDarkcircusPushback","lolla_darkcircus_pushback.glb","","10","-1","","20","","100","","",""
"DuplicatorDarkcircusWin","lolla_darkcircus_win.glb","","150","-1","","","","800","","",""
"DuplicatorDarkcircusWinloop","lolla_darkcircus_win.glb","105","150","-1","","800","800","","true","",""
"DuplicatorDarkcircusLose","lolla_darkcircus_lose.glb","","265","-1","","","","","","",""
"DuplicatorDarkcircusLoseloop","lolla_darkcircus_lose.glb","265","265","-1","","","","","true","",""
"DuplicatorDarkcircusPortrait","lolla_portrait.glb","","-1","-1","","","","","","",""
"ShotgunGirlBrawloweenIdle","shelly_witch_redux_idle.glb","","-1","","","100","100","","true","",""
"ShotgunGirlBrawloweenWalk","shelly_witch_redux_walk.glb","1","30","","","100","100","","true","","1"
"ShotgunGirlBrawloweenPrimary","shelly_witch_redux_attack.glb","1","5","","","","","","","","hips_s#3+L_upperLeg_s#0+R_upperLeg_s#0"
"ShotgunGirlBrawloweenSecondary","shelly_witch_redux_attack.glb","1","5","","","","","","","","hips_s#4+L_upperLeg_s#0+R_upperLeg_s#0"
"ShotgunGirlBrawloweenCarlSecondary","carl_super.glb","1","59","","","200","200","200","true","","5"
"ShotgunGirlBrawloweenRecoil","shelly_witch_redux_attack.glb","6","20","","","","","100","","","hips_s#4+L_upperLeg_s#0+R_upperLeg_s#0"
"ShotgunGirlBrawloweenReload","shelly_witch_redux_reload.glb","1","-1","","","","","100","","","hips_s#0+L_upperLeg_s#0+R_upperLeg_s#0+R_clavicle_s#4+R_shoulder_s#4+R_elbow_s#4+R_forearm_twist_s#4+R_wrist_s#4+L_clavicle_s#4+L_shoulder_s#4+L_elbow_s#4+L_forearm_twist_s#4+L_wrist_s#4"
"ShotgunGirlBrawloweenPushback","shelly_pushback.glb","","-1","","","100","100","100","","","5"
"ShotgunGirlBrawloweenWin","shelly_witch_redux_win.glb","1","119","","","","","","","","5"
"ShotgunGirlBrawloweenWinloop","shelly_witch_redux_win.glb","120","153","","","","","","true","","1"
"ShotgunGirlBrawloweenLose","shelly_witch_redux_lose.glb","1","171","","","","","","","","5"
"ShotgunGirlBrawloweenLoseloop","shelly_witch_redux_lose.glb","172","198","","","","","","true","","1"
"ShotgunGirlBrawloweenProfile","shelly_witch_redux_portrait.glb","80","80","","","","","","","",""
"ShotgunGirlBrawloweenIntro","shelly_intro_pose.glb","","","","","","","","","",""
"CocoonerCocoonDefaultIdle","charlie_cocoon_idle.glb","","13","-1","","100","100","","true","",""
"CocoonerPetDefaultIdle","charlie_spider_idle.glb","","13","-1","","100","100","","true","",""
"CocoonerPetDefaultWalk","charlie_spider_walk.glb","","15","-1","","100","100","","true","",""
"CocoonerPetDefaultAttack","charlie_spider_attack.glb","","8","-1","","100","100","","","",""
"NinjaBrawloweenIdle","leon_wolf_redux_idle.glb","1","28","","","100","100","","true","",""
"NinjaBrawloweenWalk","leon_wolf_redux_walk.glb","1","29","","170","100","100","","true","","1"
"NinjaBrawloweenAttack","leon_wolf_redux_attack.glb","1","3","","","","","10","","","spine_lower_s#4"
"NinjaBrawloweenSecondary","leon_wolf_redux_idle.glb","1","20","","","","","10","","","spine_lower_s#4"
"NinjaBrawloweenRecoil","leon_wolf_redux_attack.glb","3","7","","","","","10","","","spine_lower_s#4"
"NinjaBrawloweenRecoil2","leon_wolf_redux_attack.glb","7","11","","","","","10","","","spine_lower_s#4"
"NinjaBrawloweenReload","leon_wolf_redux_idle.glb","","-1","","","","","100","","","ChestBone#2"
"NinjaBrawloweenPushback","leon_pushback.glb","1","34","","","100","100","100","","","5"
"NinjaBrawloweenWin","leon_wolf_redux_win.glb","","152","","","","10","100","","","5"
"NinjaBrawloweenWinloop","leon_wolf_redux_win.glb","117","152","","","10","","","true","","1"
"NinjaBrawloweenLose","leon_wolf_redux_lose.glb","","168","","","","","","","","5"
"NinjaBrawloweenLoseloop","leon_wolf_redux_lose.glb","131","168","","","","","","true","","1"
"NinjaBrawloweenProfile","leon_base_cam.glb","1","10","","","","","","true","","5"
"NinjaBrawloweenIntro","leon_intro_pose.glb","","","","","","","","","",""
"GunslingerReduxIdle","colt_dark_angel_idle.glb","","-1","","","100","100","","true","",""
"GunslingerReduxWalk","colt_dark_angel_walk.glb","","-1","","125","100","100","","true","","1"
"GunslingerReduxPrimary","colt_dark_angel_attack.glb","","-1","","","100","200","100","","","spine_lower_s#3"
"GunslingerReduxSecondary","colt_dark_angel_attack.glb","","-1","","","200","200","100","","","spine_lower_s#3"
"GunslingerReduxRecoil","colt_dark_angel_recoil1.glb","1","10","","","100","100","200","","","spine_lower_s#4"
"GunslingerReduxRecoil2","colt_dark_angel_recoil2.glb","1","10","","","100","100","200","","","spine_lower_s#4"
"GunslingerReduxReload","colt_dark_angel_idle.glb","1","3","","","800","800","800","","","spine_lower_s#4"
"GunslingerReduxPushback","colt_pushback.glb","","-1","","","100","100","100","","","5"
"GunslingerReduxWin","colt_dark_angel_win.glb","","148","","","","","","","",""
"GunslingerReduxWinloop","colt_dark_angel_win.glb","90","-1","","","","","","true","",""
"GunslingerReduxLose","colt_dark_angel_lose.glb","","88","","","","","200","","",""
"GunslingerReduxLoseloop","colt_dark_angel_lose.glb","30","88","","","","","200","true","",""
"GunslingerReduxProfile","colt_dark_angel_portrait.glb","1","1","","","","","","","",""
"HammerDudeKingIdle","frank_king_idle.glb","","-1","","","500","500","","true","",""
"HammerDudeKingWalk","frank_king_walk.glb","1","29","","120","300","300","","true","","5"
"HammerDudeKingPrimary","frank_king_attack.glb","1","45","","","","","100","","","5"
"HammerDudeKingSecondary","frank_king_super.glb","1","50","","","100","100","","true","","5"
"HammerDudeKingRecoil","frank_king_attack.glb","22","35","","","","","200","","","5"
"HammerDudeKingRecoil2","frank_king_super.glb","36","50","","","1","1","100","","","5"
"HammerDudeKingReloading","frank_king_idle.glb","","6","","","","","50","","",""
"HammerDudeKingPushback","frank_pushback.glb","","-1","","","120","120","400","","","5"
"HammerDudeKingWin","frank_king_win.glb","1","95","","","","","","","","5"
"HammerDudeKingWinloop","frank_king_win.glb","96","153","","","","","","true","","1"
"HammerDudeKingLose","frank_king_lose.glb","1","58","","","","","","","","5"
"HammerDudeKingLoseloop","frank_king_lose.glb","1","58","","","","","","true","","1"
"HammerDudeKingProfile","frank_king_portrait.glb","44","44","","","","","","true","",""
"HammerDudeKingIntro","frank_intro_pose.glb","","","","","","","","","",""
"RollerSantaIdle","stu_santa_idle.glb","1","29","-1","","100","100","","true","",""
"RollerSantaWalk","stu_santa_walk.glb","1","29","-1","","100","100","","true","","1"
"RollerSantaAttack","stu_santa_attack.glb","3","22","-1","","25","","50","","","3"
"RollerSantaRecoil","stu_santa_attack.glb","3","22","-1","","","","200","","","4"
"RollerSantaPushback","stu_pushback.glb","","10","-1","","25","200","100","","",""
"RollerSantaWin","stu_santa_win.glb","1","134","-1","","","","","","",""
"RollerSantaWinloop","stu_santa_win.glb","135","157","-1","","","","","true","",""
"RollerSantaLose","stu_santa_lose.glb","","76","-1","","","","","","",""
"RollerSantaLoseloop","stu_santa_lose.glb","77","106","-1","","","","","true","",""
"RollerSantaLoseEnter","stu_santa_lose.glb","","","-1","","","","","","",""
"RollerSantaPortrait","stu_portrait.glb","1","1","-1","","","","","","",""
"LeaperDefaultIdle","mico_idle.glb","1","39","","","200","200","","true","",""
"LeaperDefaultWalk","mico_walk.glb","1","19","","","100","100","","true","","1"
"LeaperDefaultAttack","mico_attack.glb","","30","","","","250","200","","","3"
"LeaperDefaultUltiAttack","mico_super.glb","1","235","","","","","","true","","hips_s#3+L_upperLeg_s#0+R_upperLeg_s#0"
"LeaperDefaultRecoil1","mico_attack.glb","3","30","","","","250","200","","","4"
"LeaperDefaultUltiRecoil1","mico_super.glb","37","65","","","","","200","true","","hips_s#4+L_upperLeg_s#0+R_upperLeg_s#0"
"LeaperDefaultPushback","mico_idle.glb","1","1","","","100","100","100","","","5"
"LeaperDefaultWin","mico_win.glb","1","148","","","","","","","","1"
"LeaperDefaultWinloop","mico_win.glb","113","148","","","","","","true","","1"
"LeaperDefaultLose","mico_lose.glb","","29","","","","","","","","1"
"LeaperDefaultLoseloop","mico_lose.glb","","29","","","","","","true","","1"
"LeaperDefaultProfile","mico_portrait.glb","49","49","","","","","","true","","1"
"LuchadorSuperbowlIdle","primo_world_finals_idle.glb","1","49","","","200","200","","true","",""
"LuchadorSuperbowlWalk","primo_world_finals_walk.glb","1","27","","120","150","150","","true","","1"
"LuchadorSuperbowlPrimary","primo_world_finals_attack.glb","","5","","","1","100","50","","","hips_s#3+L_upperLeg_s#0+R_upperLeg_s#0"
"LuchadorSuperbowlSecondary","primo_world_finals_super.glb","","-1","","","100","100","","","","5"
"LuchadorSuperbowlRecoil","primo_world_finals_attack.glb","5","12","","","","","50","","","hips_s#5+L_upperLeg_s#0+R_upperLeg_s#0"
"LuchadorSuperbowlRecoil2","primo_world_finals_attack.glb","16","24","","","","","50","","","hips_s#4+L_upperLeg_s#0+R_upperLeg_s#0"
"LuchadorSuperbowlPushback","primo_world_finals_idle.glb","","20","","","100","100","400","","","5"
"LuchadorSuperbowlWin","primo_world_finals_win.glb","1","111","","","","","","","","5"
"LuchadorSuperbowlWinloop","primo_world_finals_win.glb","93","111","","","","","","true","","1"
"LuchadorSuperbowlLose","primo_world_finals_lose.glb","","47","","","","","200","","","5"
"LuchadorSuperbowlLoseloop","primo_world_finals_lose.glb","","47","","","","","","true","","1"
"LuchadorSuperbowlProfile","primo_world_finals_portraits.glb","1","1","","","","","","","","5"
"LuchadorSuperbowlIntro","primo_world_finals_intro_pose.glb","","","","","","","","","",""
"LeaperWukongIdle","mico_wukong_idle.glb","1","39","","","200","200","","true","",""
"LeaperWukongWalk","mico_wukong_walk.glb","1","19","","","100","100","","true","","1"
"LeaperWukongAttack","mico_wukong_attack.glb","","30","","","","250","200","","","3"
"LeaperWukongUltiAttack","mico_wukong_super.glb","3","235","","","","","","","","hips_s#3+L_upperLeg_s#0+R_upperLeg_s#0"
"LeaperWukongRecoil1","mico_wukong_attack.glb","3","30","","","","250","200","","","4"
"LeaperWukongUltiRecoil1","mico_wukong_super.glb","37","65","","","","","200","true","","hips_s#4+L_upperLeg_s#0+R_upperLeg_s#0"
"LeaperWukongPushback","mico_wukong_idle.glb","1","1","","","100","100","100","","","5"
"LeaperWukongWin","mico_wukong_win_120.glb","1","671","","","","","","","","1"
"LeaperWukongWinloop","mico_wukong_win_120.glb","505","671","","","","","","true","","1"
"LeaperWukongLose","mico_wukong_lose.glb","","45","","","","","","","","1"
"LeaperWukongLoseloop","mico_wukong_lose.glb","","45","","","","","","true","","1"
"LeaperWukongProfile","mico_wukong_portrait.glb","49","49","","","","","","","","1"
"LeaperRareIdle","mico_french_mono_idle.glb","1","39","","","200","200","","true","",""
"LeaperRareWalk","mico_french_mono_walk.glb","1","19","","","100","100","","true","","1"
"LeaperRareAttack","mico_french_mono_attack.glb","","30","","","","250","200","","","3"
"LeaperRareUltiAttack","mico_super.glb","3","219","","","","","","","","hips_s#3+L_upperLeg_s#0+R_upperLeg_s#0"
"LeaperRareRecoil1","mico_french_mono_attack.glb","3","30","","","","250","200","","","4"
"LeaperRareUltiRecoil1","mico_super.glb","37","65","","","","","200","true","","hips_s#4+L_upperLeg_s#0+R_upperLeg_s#0"
"LeaperRarePushback","mico_french_mono_idle.glb","1","1","","","100","100","100","","","5"
"LeaperRareWin","mico_french_mono_win.glb","1","148","","","","","","","","1"
"LeaperRareWinloop","mico_french_mono_win.glb","113","148","","","","","","true","","1"
"LeaperRareLose","mico_french_mono_lose.glb","","27","","","","","","","","1"
"LeaperRareLoseloop","mico_french_mono_lose.glb","","27","","","","","","true","","1"
"LeaperRareProfile","mico_portrait.glb","1","1","","","","","","","","1"
"KickerDudeFuriousChromaIdle","fang_fireball_idle.glb","","-1","-1","","100","100","","true","",""
"KickerDudeFuriousChromaWalk","fang_fireball_walk.glb","","-1","-1","","100","100","","true","","1"
"KickerDudeFuriousChromaAttack","fang_fireball_attack.glb","","5","","","","","","","","3"
"KickerDudeFuriousChromaSuper","fang_fireball_attack.glb","10","13","","","","100","50","true","","3"
"KickerDudeFuriousChromaRecoil","fang_fireball_attack.glb","","25","","","","","100","","","4"
"KickerDudeFuriousChromaWin","fang_fireball_win.glb","","91","-1","","","","","","",""
"KickerDudeFuriousChromaWinloop","fang_fireball_win.glb","92","-1","-1","","","","","true","",""
"KickerDudeFuriousChromaLose","fang_fireball_lose.glb","","145","-1","","","","","","",""
"KickerDudeFuriousChromaLoseloop","fang_fireball_lose.glb","146","-1","-1","","","","","true","",""
"KickerDudeFuriousChromaPortrait","fang_fireball_portrait.glb","","-1","-1","","","","","","",""
"HammerDudeClashKingIdle","frank_king_idle.glb","","-1","","","500","500","","true","",""
"HammerDudeClashKingWalk","frank_king_walk.glb","1","29","","120","300","300","","true","","5"
"HammerDudeClashKingPrimary","frank_king_attack.glb","1","45","","","","","100","","","5"
"HammerDudeClashKingSecondary","frank_king_super.glb","1","50","","","100","100","","true","","5"
"HammerDudeClashKingRecoil","frank_king_attack.glb","22","35","","","","","200","","","5"
"HammerDudeClashKingRecoil2","frank_king_super.glb","36","50","","","1","1","100","","","5"
"HammerDudeClashKingReloading","frank_king_idle.glb","","6","","","","","50","","",""
"HammerDudeClashKingPushback","frank_pushback.glb","","-1","","","120","120","400","","","5"
"HammerDudeClashKingWin","frank_king_win.glb","1","95","","","","","","","","5"
"HammerDudeClashKingWinloop","frank_king_win.glb","96","153","","","","","","true","","1"
"HammerDudeClashKingLose","frank_king_lose.glb","1","58","","","","","","","","5"
"HammerDudeClashKingLoseloop","frank_king_lose.glb","1","58","","","","","","true","","1"
"HammerDudeClashKingProfile","frank_king_portrait.glb","44","44","","","","","","true","",""
"HammerDudeClashKingIntro","frank_intro_pose.glb","","","","","","","","","",""
"AttacherDefaultIdle","kit_idle.glb","1","19","","","100","100","","true","",""
"AttacherDefaultWalk","kit_walk.glb","1","23","","110","100","100","","true","","1"
"AttacherDefaultAttack","kit_attack.glb","2","19","","","","","200","","","spine_lower_s#4"
"AttacherDefaultSecondary","kit_attack.glb","3","19","","","","","200","","","spine_lower_s#4"
"AttacherDefaultRecoil","kit_attack.glb","9","19","","","","","200","","","spine_lower_s#4"
"AttacherDefaultReload","kit_idle.glb","","","","","","","100","","","ChestBone#2"
"AttacherDefaultPushback","kit_idle.glb","1","1","","","100","100","100","","","5"
"AttacherDefaultWin","kit_win.glb","1","203","","","","","","","","5"
"AttacherDefaultWinloop","kit_win.glb","175","203","","","","","","true","","1"
"AttacherDefaultLose","kit_lose.glb","1","43","","","","","","","","5"
"AttacherDefaultLoseloop","kit_lose.glb","1","43","","","","","","true","","1"
"AttacherDefaultProfile","kit_portrait.glb","88","88","","","","","","","","5"
"SniperCarnivalIdle","piper_carnival_idle.glb","1","41","","","100","100","","true","",""
"SniperCarnivalWalk","piper_carnival_walk.glb","1","20","","","100","100","","true","","1"
"SniperCarnivalAttack","piper_carnival_attack.glb","1","12","","","","","","","","hips_s#4+L_upperLeg_s#0+R_upperLeg_s#0+R_dress_01_s#0+L_dress_01_s#0+F_dress_01_s#0+B_dress_01_s#0"
"SniperCarnivalSecondary","piper_carnival_super.glb","","-1","","","50","50","50","","","5"
"SniperCarnivalRecoil","piper_carnival_attack.glb","1","25","","","","","200","","","hips_s#5+L_upperLeg_s#0+R_upperLeg_s#0+R_dress_01_s#0+L_dress_01_s#0+F_dress_01_s#0+B_dress_01_s#0"
"SniperCarnivalReload","piper_carnival_idle.glb","","10","","","100","100","500","","","hips_s#4+L_upperLeg_s#0+R_upperLeg_s#0+R_dress_01_s#0+L_dress_01_s#0+F_dress_01_s#0+B_dress_01_s#0"
"SniperCarnivalPushback","piper_carnival_pushback.glb","1","10","","","50","50","100","","","5"
"SniperCarnivalWin","piper_carnival_win.glb","1","128","","","","","","","","5"
"SniperCarnivalWinloop","piper_carnival_win.glb","90","128","","","","","","true","","1"
"SniperCarnivalLose","piper_carnival_lose.glb","1","79","","","","","","","","5"
"SniperCarnivalLoseloop","piper_carnival_lose.glb","39","79","","","","","","true","","1"
"SniperCarnivalProfile","piper_carnival_portrait.glb","","","","","","","","","","5"
"CactuscartoonIdle","spike_powerpuff_idle.glb","","-1","","","100","100","","true","",""
"CactuscartoonWalk","spike_powerpuff_walk.glb","","-1","","","100","100","","true","","1"
"CactuscartoonPrimary","spike_powerpuff_attack.glb","8","20","","","","","100","","","hips_s#4+L_upperLeg_s#0+R_upperLeg_s#0"
"CactuscartoonSecondary","spike_powerpuff_attack.glb","5","20","","","","","100","","","hips_s#4+L_upperLeg_s#0+R_upperLeg_s#0"
"CactuscartoonRecoil","spike_powerpuff_attack.glb","8","20","","","","","100","","","hips_s#4+L_upperLeg_s#0+R_upperLeg_s#0"
"CactuscartoonRecoil2","spike_powerpuff_attack.glb","5","20","","","","","100","","","hips_s#4+L_upperLeg_s#0+R_upperLeg_s#0"
"CactuscartoonReload","spike_powerpuff_idle.glb","1","2","","","200","200","200","","","5"
"CactuscartoonWin","spike_powerpuff_win.glb","1","169","","","","","","","","5"
"CactuscartoonWinloop","spike_powerpuff_win.glb","139","169","","","","","","true","","1"
"CactuscartoonLose","spike_powerpuff_lose.glb","1","58","","","","","","","","5"
"CactuscartoonLoseloop","spike_powerpuff_lose.glb","1","58","","","","","","true","","1"
"CactuscartoonProfile","spike_powerpuff_win.glb","169","169","","","","","","","","5"
"LeaperDarkXmasIdle","mico_dark_xmas_idle.glb","1","39","","","200","200","","true","",""
"LeaperDarkXmasWalk","mico_dark_xmas_walk.glb","1","19","","","100","100","","true","","1"
"LeaperDarkXmasAttack","mico_dark_xmas_attack.glb","","30","","","","250","200","","","3"
"LeaperDarkXmasUltiAttack","mico_dark_xmas_super.glb","3","219","","","","","","true","","hips_s#3+L_upperLeg_s#0+R_upperLeg_s#0"
"LeaperDarkXmasRecoil1","mico_dark_xmas_attack.glb","3","30","","","","250","200","","","4"
"LeaperDarkXmasUltiRecoil1","mico_dark_xmas_super.glb","37","65","","","","","200","true","","hips_s#4+L_upperLeg_s#0+R_upperLeg_s#0"
"LeaperDarkXmasPushback","mico_dark_xmas_idle.glb","1","1","","","100","100","100","","","5"
"LeaperDarkXmasWin","mico_dark_xmas_win.glb","1","128","","","","","","","","1"
"LeaperDarkXmasWinloop","mico_dark_xmas_win.glb","67","128","","","","","","true","","1"
"LeaperDarkXmasLose","mico_dark_xmas_lose.glb","","122","","","","","","","","1"
"LeaperDarkXmasLoseloop","mico_dark_xmas_lose.glb","64","122","","","","","","true","","1"
"LeaperDarkXmasProfile","mico_portrait.glb","","","","","","","","true","","1"
"MechanicDollIdle","jessie_valentines_idle.glb","","-1","","","100","100","","true","",""
"MechanicDollWalk","jessie_valentines_walk.glb","","-1","","","100","100","","true","","1"
"MechanicDollPrimary","jessie_valentines_attack.glb","","4","","","","","","","","hips_s#3+L_upperLeg_s#0+R_upperLeg_s#0"
"MechanicDollUltiAttack","jessie_valentines_idle.glb","","-1","","","200","200","10","","","5"
"MechanicDollRecoil","jessie_valentines_attack.glb","1","15","","","","","100","","","hips_s#4+L_upperLeg_s#0+R_upperLeg_s#0"
"MechanicDollUltiRecoil","jessie_valentines_idle.glb","","-1","","","200","200","100","","","5"
"MechanicDollReload","jessie_valentines_idle.glb","","","","","200","200","200","","","chest_s#2"
"MechanicDollPushback","jessie_valentines_pushback.glb","","10","","","100","100","100","","","5"
"MechanicDollWin","jessie_valentines_win.glb","1","90","","","","","","","",""
"MechanicDollWinloop","jessie_valentines_win.glb","90","118","","","","","","true","",""
"MechanicDollLose","jessie_valentines_lose.glb","1","98","","","","","","","",""
"MechanicDollLoseloop","jessie_valentines_lose.glb","63","98","","","","","","true","",""
"MechanicDollProfile","jessie_valentines_portrait.glb","73","73","","","","","","","",""
"MechanicTurretDollIdle","jessie_valentines_turret_idle.glb","","98","-1","","50","50","","true","",""
"MechanicTurretDollAttack","jessie_valentines_turret_attack.glb","","8","-1","","","","20","","",""
"MechanicTurretDollSpawn","jessie_valentines_turret_spawn.glb","","18","-1","","","","50","","",""
"PercenteranimeIdle","colette_catmaid_idle.glb","1","29","-1","","100","100","","true","",""
"PercenteranimeWalk","colette_catmaid_walk.glb","1","-1","-1","","100","100","","true","","1"
"PercenteranimeAttack","colette_catmaid_attack.glb","1","28","-1","","","","","","","hips_s#3+L_upperLeg_s#0+R_upperLeg_s#0"
"PercenteranimeSuper","colette_catmaid_super.glb","","-1","","","50","50","50","true","","5"
"PercenteranimeRecoil","colette_catmaid_attack.glb","3","20","-1","","","","100","","","hips_s#4+L_upperLeg_s#0+R_upperLeg_s#0"
"PercenteranimeWin","colette_catmaid_win.glb","1","166","","","","1000","1000","","",""
"PercenteranimeWinloop","colette_catmaid_win.glb","130","166","","","","1000","1000","true","",""
"PercenteranimeLose","colette_catmaid_lose.glb","1","122","","","","","","","",""
"PercenteranimeLoseloop","colette_catmaid_lose.glb","90","122","","","","","","true","",""
"PercenteranimePortrait","colette_catmaid_portrait.glb","","","","","","","","true","",""
"AttacherBoxerIdle","kit_t70_idle.glb","1","19","","","100","100","","true","",""
"AttacherBoxerWalk","kit_t70_walk.glb","1","23","","110","100","100","","true","","1"
"AttacherBoxerAttack","kit_t70_attack.glb","2","19","","","","","200","","","spine_lower_s#4"
"AttacherBoxerSecondary","kit_t70_attack.glb","3","19","","","","","200","","","spine_lower_s#4"
"AttacherBoxerRecoil","kit_t70_attack.glb","9","19","","","","","200","","","spine_lower_s#4"
"AttacherBoxerReload","kit_t70_idle.glb","","","","","","","100","","","ChestBone#2"
"AttacherBoxerPushback","kit_t70_idle.glb","1","1","","","100","100","100","","","5"
"AttacherBoxerWin","kit_t70_win.glb","1","160","","","","","","","","5"
"AttacherBoxerWinloop","kit_t70_win.glb","100","158","","","","","","true","","1"
"AttacherBoxerLose","kit_t70_lose.glb","1","128","","","","","","","","5"
"AttacherBoxerLoseloop","kit_t70_lose.glb","70","128","","","","","","true","","1"
"AttacherBoxerProfile","kit_t70_portrait.glb","","","","","","","","","","5"
"DeadMariachioriginsIdle","poco_origins_idle.glb","","59","","","100","100","","true","",""
"DeadMariachioriginsWalk","poco_origins_walk.glb","","-1","","160","100","100","","true","","1"
"DeadMariachioriginsAttack","poco_attack.glb","","5","","","100","100","100","","","spine_lower_s#3"
"DeadMariachioriginsSecondary","poco_attack.glb","4","20","","","100","100","100","","","spine_lower_s#3"
"DeadMariachioriginsRecoil","poco_attack.glb","4","20","","","100","100","100","","","spine_lower_s#4"
"DeadMariachioriginsReload","poco_origins_idle.glb","1","2","","","100","200","200","","","spine_lower_s#2"
"DeadMariachioriginsPushback","poco_origins_idle.glb","","-1","","","200","300","500","","","5"
"DeadMariachioriginsWin","poco_origins_win.glb","1","145","","","","","","","",""
"DeadMariachioriginsWinloop","poco_origins_win.glb","102","145","","","","","","true","",""
"DeadMariachioriginsLose","poco_origins_lose.glb","1","43","","","","","","","",""
"DeadMariachioriginsLoseloop","poco_origins_lose.glb","","45","","","","","","true","",""
"DeadMariachioriginsProfile","poco_origins_portraits.glb","1","1","","","","","","","",""
"TrickshotDudeDevilIdle","rico_devil_idle.glb","","-1","","","100","100","","true","",""
"TrickshotDudeDevilWalk","rico_devil_walk.glb","","25","","","100","100","","true","","1"
"TrickshotDudeDevilPrimary","rico_devil_attack.glb","5","8","","","100","","","","","hips_s#4+L_upperLeg_s#0+R_upperLeg_s#0"
"TrickshotDudeDevilSecondary","rico_devil_attack.glb","5","8","","","100","","","","","hips_s#4+L_upperLeg_s#0+R_upperLeg_s#0"
"TrickshotDudeDevilRecoil","rico_devil_attack.glb","8","30","","150","50","","100","","","hips_s#4+L_upperLeg_s#0+R_upperLeg_s#0"
"TrickshotDudeDevilReload","rico_devil_idle.glb","1","2","","","200","200","200","","",""
"TrickshotDudeDevilPushback","rico_devil_idle.glb","","-1","","","200","100","200","","","5"
"TrickshotDudeDevilWin","rico_devil_win.glb","1","187","","","","","","","",""
"TrickshotDudeDevilWinloop","rico_devil_win.glb","132","187","","","","","","true","",""
"TrickshotDudeDevilLose","rico_devil_lose.glb","1","194","","","","","","","",""
"TrickshotDudeDevilLoseloop","rico_devil_lose.glb","136","194","","","","","","true","",""
"TrickshotDudeDevilProfile","rico_devil_portrait.glb","1","1","","","","","","true","",""
"AttacherDefaultIdle_transform","kit_idle_transform.glb","1","19","","","100","100","","true","",""
"AttacherDefaultAttack_transform","kit_attack_transform.glb","2","19","","","","","200","","","spine_lower_s#4"
"TwinsPetDefaultIdle","goodtwin_idle.glb","","28","","","100","100","100","true","",""
"TwinsPetDefaultWalk","goodtwin_walk.glb","","19","","","100","100","100","true","","1"
"TwinsPetDefaultPrimary","angel_bad_attack.glb","1","3","","","100","100","100","","","hips_s#3+L_upperLeg_s#0+R_upperLeg_s#0"
"TwinsPetDefaultSecondary","goodtwin_attack.glb","1","3","","","100","100","100","","","hips_s#3+L_upperLeg_s#0+R_upperLeg_s#0"
"TwinsPetDefaultRecoil","angel_bad_attack.glb","3","20","","","100","100","100","","","hips_s#4+L_upperLeg_s#0+R_upperLeg_s#0"
"TwinsPetDefaultReload","goodtwin_idle.glb","1","1","","","10","10","10","","",""
"TwinsPetDefaultBarkeepPushback","goodtwin_idle.glb","","","","","100","100","100","","","5"
"TwinsPetDefaultWin","badtwin_win.glb","","-1","","","50","250","250","","",""
"TwinsPetDefaultLose","badtwin_lose.glb","","86","","","100","100","200","","",""
"TwinsPetDefaultLoseloop","badtwin_lose.glb","59","86","","","100","100","200","true","",""
"TwinsPetDefaultProfile","goodtwin_idle.glb","1","1","","","100","100","350","","",""
"TwinsPetDefaultIntro","badtwin_win.glb","148","148","","","","","","","",""
"TwinsDefaultIdle","goodtwin_idle.glb","","28","","","100","100","100","true","",""
"TwinsDefaultWalk","goodtwin_walk.glb","","19","","120","100","100","","true","","1"
"TwinsDefaultPrimary","angel_good_attack.glb","1","6","","","50","50","50","","","hips_s#3+L_upperLeg_s#0+R_upperLeg_s#0"
"TwinsDefaultSecondary","goodtwin_attack.glb","","3","","","100","50","200","","","hips_s#3+L_upperLeg_s#0+R_upperLeg_s#0"
"TwinsDefaultRecoil","goodtwin_attack.glb","3","15","","","100","100","100","","","hips_s#4+L_upperLeg_s#0+R_upperLeg_s#0"
"TwinsDefaultReload","goodtwin_idle.glb","1","1","","","10","10","10","","",""
"TwinsDefaultPushback","goodtwin_idle.glb","","","","","100","100","100","","","5"
"TwinsDefaultWin","goodtwin_win.glb","","148","","","50","250","250","","",""
"TwinsDefaultWinloop","goodtwin_win.glb","121","148","","","25","","","true","",""
"TwinsDefaultLose","goodtwin_lose.glb","","-1","","130","","","38","","",""
"TwinsDefaultLoseloop","goodtwin_lose.glb","59","-1","","120","","","","true","",""
"TwinsDefaultWinidleloop","goodtwin_win.glb","121","-1","","","","","","true","",""
"TwinsDefaultProfile","goodtwin_portrait.glb","1","1","","","","","","","",""
"TwinsDefaultIntro","goodtwin_win.glb","148","148","","","","","","","",""
"TwinsPetDefaultWinloop","badtwin_win.glb","121","148","","","25","","","true","",""
"LeaperDefaultGadget","mico_gadget.glb","","-1","","","","250","200","","","3"
"TwinsPetRareIdle","goodtwin_idle.glb","","28","","","100","100","100","true","",""
"TwinsPetRareWalk","goodtwin_walk.glb","","19","","","100","100","100","true","","1"
"TwinsPetRarePrimary","goodtwin_attack.glb","1","3","","","100","100","100","","","hips_s#3+L_upperLeg_s#0+R_upperLeg_s#0"
"TwinsPetRareSecondary","goodtwin_attack.glb","1","3","","","100","100","100","","","hips_s#3+L_upperLeg_s#0+R_upperLeg_s#0"
"TwinsPetRareRecoil","goodtwin_attack.glb","3","20","","","100","100","100","","","hips_s#4+L_upperLeg_s#0+R_upperLeg_s#0"
"TwinsPetRareReload","goodtwin_idle.glb","","","","","200","200","200","","",""
"TwinsPetRareBarkeepPushback","goodtwin_idle.glb","","","","","100","100","100","","","5"
"TwinsPetRareWin","badtwin_win.glb","","-1","","","50","250","250","","",""
"TwinsPetRareWinloop","badtwin_win.glb","121","148","","","25","","","true","",""
"TwinsPetRareLose","badtwin_lose.glb","","86","","","100","100","200","","",""
"TwinsPetRareLoseloop","badtwin_lose.glb","59","86","","","100","100","200","true","",""
"TwinsPetRareProfile","goodtwin_idle.glb","1","1","","","100","100","350","","",""
"TwinsPetRareIntro","badtwin_win.glb","148","148","","","","","","","",""
"SilencerWorldfinalsIdle","otis_world_finals_idle.glb","1","60","","","100","100","","true","",""
"SilencerWorldfinalsWalk","otis_world_finals_walk.glb","1","29","","115","100","100","","true","","1"
"SilencerWorldfinalsAttack","otis_world_finals_attack.glb","8","15","","","100","100","","","","hips_s#3+L_upperLeg_s#0+R_upperLeg_s#0"
"SilencerWorldfinalsSecondary","otis_world_finals_super.glb","","5","","","100","100","","","","hips_s#3+L_upperLeg_s#0+R_upperLeg_s#0"
"SilencerWorldfinalsRecoil","otis_world_finals_attack.glb","12","23","","","100","100","100","","","hips_s#4+L_upperLeg_s#0+R_upperLeg_s#0"
"SilencerWorldfinalsSecondaryRecoil","otis_world_finals_super.glb","6","40","","","100","100","175","","","hips_s#4+L_upperLeg_s#0+R_upperLeg_s#0"
"SilencerWorldfinalsWin","otis_world_finals_win.glb","","74","","","","","","","","5"
"SilencerWorldfinalsWinloop","otis_world_finals_win.glb","44","74","","","","","","true","","1"
"SilencerWorldfinalsLose","otis_world_finals_lose.glb","","113","","","","","","","",""
"SilencerWorldfinalsLoseloop","otis_world_finals_lose.glb","55","113","","","","","","true","",""
"SilencerWorldfinalsPortrait","otis_world_finals_portrait.glb","60","-1","","","","","","true","",""
"EnragerThiefIdle","edgar_thief_idle.glb","1","44","-1","","100","100","","true","","R_scarf_01_s#1+L_scarf_01_s#1"
"EnragerThiefWalk","edgar_thief_walk.glb","1","22","-1","","100","100","","true","","1"
"EnragerThiefAttack","edgar_thief_attack.glb","1","5","-1","","","","","","","hips_s#3+L_upperLeg_s#0+R_upperLeg_s#0"
"EnragerThiefSuper","edgar_thief_super.glb","5","50","-1","","","250","250","","","3"
"EnragerThiefRecoil","edgar_thief_attack.glb","6","30","-1","","","200","200","","","hips_s#4+L_upperLeg_s#0+R_upperLeg_s#0"
"EnragerThiefPushback","edgar_thief_pushback.glb","","-1","-1","","50","100","100","","","5"
"EnragerThiefWin","edgar_thief_win.glb","","140","-1","","","","","","",""
"EnragerThiefWinloop","edgar_thief_win.glb","103","140","-1","","","","","true","",""
"EnragerThiefLose","edgar_thief_lose.glb","","74","-1","","","","","","",""
"EnragerThiefLoseloop","edgar_thief_lose.glb","33","74","-1","","","","","true","",""
"EnragerThiefProfile","edgar_thief_portrait.glb","","","-1","","","","","true","",""
"LuchadorBabySharkIdle","primo_baby_shark_idle.glb","1","49","","","200","200","","true","",""
"LuchadorBabySharkWalk","primo_baby_shark_walk.glb","1","27","","120","150","150","","true","","1"
"LuchadorBabySharkPrimary","primo_baby_shark_attack.glb","","5","","","1","100","50","","","hips_s#3+L_upperLeg_s#0+R_upperLeg_s#0"
"LuchadorBabySharkSecondary","primo_baby_shark_super.glb","","-1","","","100","100","","","","5"
"LuchadorBabySharkRecoil","primo_baby_shark_attack.glb","5","12","","","","","50","","","hips_s#5+L_upperLeg_s#0+R_upperLeg_s#0"
"LuchadorBabySharkRecoil2","primo_baby_shark_attack.glb","16","24","","","","","50","","","hips_s#4+L_upperLeg_s#0+R_upperLeg_s#0"
"LuchadorBabySharkPushback","primo_baby_shark_idle.glb","","20","","","100","100","400","","","5"
"LuchadorBabySharkWin","primo_baby_shark_win.glb","1","259","","","","","","","","5"
"LuchadorBabySharkWinloop","primo_baby_shark_win.glb","280","358","","","","","","true","","1"
"LuchadorBabySharkLose","primo_baby_shark_lose.glb","1","59","","","","","200","","","5"
"LuchadorBabySharkLoseloop","primo_baby_shark_lose.glb","1","59","","","","","","true","","1"
"LuchadorBabySharkProfile","primo_baby_shark_portrait.glb","1","1","","","","","","","","5"
"LuchadorBabySharkIntro","primo_intro_pose.glb","","","","","","","","","",""
"ShotgunGirlDancerIdle","shelly_noble_idle.glb","","-1","","","100","100","","true","",""
"ShotgunGirlDancerWalk","shelly_noble_walk.glb","1","30","","","100","100","","true","","1"
"ShotgunGirlDancerPrimary","shelly_noble_attack.glb","1","5","","","","","","","","hips_s#3+L_upperLeg_s#0+R_upperLeg_s#0"
"ShotgunGirlDancerSecondary","shelly_noble_attack.glb","1","5","","","","","","","","hips_s#4+L_upperLeg_s#0+R_upperLeg_s#0"
"ShotgunGirlDancerCarlSecondary","shelly_noble_attack.glb","1","59","","","200","200","200","true","","5"
"ShotgunGirlDancerRecoil","shelly_noble_attack.glb","6","20","","","","","100","","","hips_s#4+L_upperLeg_s#0+R_upperLeg_s#0"
"ShotgunGirlDancerReload","shelly_noble_reload.glb","1","-1","","","","","100","","","hips_s#0+L_upperLeg_s#0+R_upperLeg_s#0+R_clavicle_s#4+R_shoulder_s#4+R_elbow_s#4+R_forearm_twist_s#4+R_wrist_s#4+L_clavicle_s#4+L_shoulder_s#4+L_elbow_s#4+L_forearm_twist_s#4+L_wrist_s#4"
"ShotgunGirlDancerPushback","shelly_noble_walk.glb","","-1","","","100","100","100","","","5"
"ShotgunGirlDancerWin","shelly_noble_win.glb","1","160","","","","","","","","5"
"ShotgunGirlDancerWinloop","shelly_noble_win.glb","161","195","","","","","","true","","1"
"ShotgunGirlDancerLose","shelly_noble_lose.glb","1","46","","","","","","","","5"
"ShotgunGirlDancerLoseloop","shelly_noble_lose.glb","1","46","","","","","","true","","1"
"ShotgunGirlDancerProfile","shelly_noble_portraits.glb","1","1","","","","","","","",""
"ShotgunGirlDancerIntro","shelly_intro_pose.glb","","","","","","","","","",""
"TntDudeDynasticIdle","dynamike_dynastic_idle.glb","","-1","","","100","100","","true","","0"
"TntDudeDynasticWalk","dynamike_dynastic_walk.glb","1","29","","150","100","100","","true","","1"
"TntDudeDynasticPrimary","dynamike_dynastic_attack.glb","1","5","","","","","10","","","hips_s#3"
"TntDudeDynasticSecondary","dynamike_dynastic_super.glb","1","5","","","","","10","","","hips_s#3"
"TntDudeDynasticRecoil","dynamike_dynastic_attack.glb","5","20","","","","","100","","","hips_s#4"
"TntDudeDynasticUlti","dynamike_dynastic_super.glb","5","20","","","","","100","","","hips_s#4"
"TntDudeDynasticReload","dynamike_dynastic_walk.glb","1","5","","150","66","66","6","","","spine_lower_s#0"
"TntDudeDynasticPushback","dynamike_dynastic_pushback.glb","","-1","","","100","100","100","","","5"
"TntDudeDynasticWin","dynamike_dynastic_win_120.glb","1","516","","","","","","","",""
"TntDudeDynasticWinloop","dynamike_dynastic_win_120.glb","517","627","","80","","","","true","",""
"TntDudeDynasticLose","dynamike_dynastic_lose.glb","","66","","","","","","","",""
"TntDudeDynasticLoseloop","dynamike_dynastic_lose.glb","67","115","","","","","","true","",""
"TntDudeDynasticProfile","dynamike_dynastic_portrait.glb","20","20","","","","","","","",""
"SoulCollectorSallyIdle","gus_sally_idle.glb","","-1","-1","","200","200","200","true","",""
"SoulCollectorSallyWalk","gus_sally_walk.glb","1","24","-1","","200","200","200","true","","1"
"SoulCollectorSallyPrimary","gus_sally_attack.glb","","4","-1","","","","","","","hips_s#3+L_upperLeg_s#0+R_upperLeg_s#0"
"SoulCollectorSallyPrimaryRecoil","gus_sally_attack.glb","","23","-1","","","100","250","","","hips_s#4+L_upperLeg_s#0+R_upperLeg_s#0"
"SoulCollectorSallyPushback","gus_pushback.glb","","15","-1","","20","250","250","","",""
"SoulCollectorSallyWin","gus_sally_win_120.glb","","755","-1","","","","","","",""
"SoulCollectorSallyWinloop","gus_sally_win_120.glb","612","755","-1","","","","","true","",""
"SoulCollectorSallyLose","gus_sally_lose.glb","","58","-1","","","","","","",""
"SoulCollectorSallyLoseloop","gus_sally_lose.glb","","-1","-1","","","","","true","",""
"SoulCollectorSallyPortrait","gus_sally_portrait.glb","","-1","-1","","","","","","",""
"CactusPoopIdle","spike_poop_idle.glb","","-1","","","100","100","","true","",""
"CactusPoopWalk","spike_poop_walk.glb","","-1","","","100","100","","true","","1"
"CactusPoopPrimary","spike_poop_attack.glb","8","20","","","","","100","","","hips_s#4+L_upperLeg_s#0+R_upperLeg_s#0"
"CactusPoopSecondary","spike_poop_attack.glb","5","20","","","","","100","true","","hips_s#4+L_upperLeg_s#0+R_upperLeg_s#0"
"CactusPoopRecoil","spike_poop_attack.glb","8","20","","","","","100","","","hips_s#4+L_upperLeg_s#0+R_upperLeg_s#0"
"CactusPoopRecoil2","spike_poop_attack.glb","5","20","","","","","100","","","hips_s#4+L_upperLeg_s#0+R_upperLeg_s#0"
"CactusPoopReload","spike_poop_idle.glb","1","2","","","200","200","200","","","5"
"CactusPoopWin","spike_poop_win.glb","1","189","","","","","","","","5"
"CactusPoopWinloop","spike_poop_win.glb","159","189","","","","","","true","","1"
"CactusPoopLose","spike_poop_lose.glb","","57","","","","","","","","5"
"CactusPoopLoseloop","spike_poop_lose.glb","1","57","","","","","","true","","1"
"CactusPoopProfile","spike_poop_portrait.glb","34","34","","","","","","","","5"
"BaseballThorIdle","bibi_thor_idle.glb","1","29","","","100","100","","true","",""
"BaseballThorWalk","bibi_thor_walk.glb","1","29","","","120","200","","true","","1"
"BaseballThorPrimary","bibi_thor_attack.glb","1","51","","","100","100","100","","","hips_s#4+L_upperLeg_s#0+R_upperLeg_s#0"
"BaseballThorSecondary","bibi_thor_attack.glb","1","51","","","100","100","100","","","hips_s#4+L_upperLeg_s#0+R_upperLeg_s#0"
"BaseballThorRecoil","bibi_thor_attack.glb","22","51","","","1","100","100","","","hips_s#4+L_upperLeg_s#0+R_upperLeg_s#0"
"BaseballThorRecoil2","bibi_thor_attack.glb","17","51","","","100","100","100","","","hips_s#4+L_upperLeg_s#0+R_upperLeg_s#0"
"BaseballThorPushback","bibi_thor_pushback.glb","","-1","","","100","100","100","","","5"
"BaseballThorWin","bibi_thor_win.glb","1","86","","","100","","","","","5"
"BaseballThorWinloop","bibi_thor_win.glb","87","133","","","","","","true","","1"
"BaseballThorLose","bibi_thor_lose.glb","1","70","","","","","","","","5"
"BaseballThorLoseloop","bibi_thor_lose.glb","71","129","","","","","","true","","1"
"BaseballThorProfile","bibi_thor_portrait.glb","108","108","","","","","","true","","5"
"ConductorScorpionIdle","chuck_pincer_idle.glb","","28","-1","","100","100","","true","",""
"ConductorScorpionWalk","chuck_pincer_walk.glb","","-1","-1","","100","100","","true","","1"
"ConductorScorpionAttack","chuck_pincer_attack.glb","1","22","","80","","","","","","3"
"ConductorScorpionSuper","chuck_pincer_super.glb","","30","","120","","100","50","true","","3"
"ConductorScorpionRecoil","chuck_pincer_attack.glb","18","22","","","","","100","","","4"
"ConductorScorpionWin","chuck_pincer_win.glb","","110","-1","","","","","","",""
"ConductorScorpionWinloop","chuck_pincer_win.glb","110","168","-1","","","","","true","",""
"ConductorScorpionLose","chuck_pincer_lose.glb","","59","-1","","","","","","",""
"ConductorScorpionLoseloop","chuck_pincer_lose.glb","","59","-1","","","","","true","",""
"ConductorScorpionPortrait","chuck_pincer_portrait.glb","","-1","-1","","","","","","",""
"RopeDudeFenrirIdle","buzz_fenrir_idle.glb","","28","-1","","100","100","","true","",""
"RopeDudeFenrirWalk","buzz_fenrir_walk.glb","","27","-1","","100","100","","true","","1"
"RopeDudeFenrirAttack","buzz_fenrir_attack.glb","","28","-1","","100","100","50","","","hips_s#3+L_upperLeg_s#0+R_upperLeg_s#0"
"RopeDudeFenrirSuperThrow","buzz_fenrir_super_throw.glb","","28","-1","","","","","","","3"
"RopeDudeFenrirSuperThrowRecoil","buzz_fenrir_super_throw.glb","3","20","-1","","","200","50","","","4"
"RopeDudeFenrirSuperJump","buzz_fenrir_super_jump.glb","","53","-1","","100","","50","true","","5"
"RopeDudeFenrirWin","buzz_fenrir_win.glb","","150","-1","","","","","","",""
"RopeDudeFenrirWinloop","buzz_fenrir_win.glb","151","-1","-1","","","","","true","",""
"RopeDudeFenrirLose","buzz_fenrir_lose.glb","","59","-1","","","","","","",""
"RopeDudeFenrirLoseloop","buzz_fenrir_lose.glb","1","59","-1","","","","","true","",""
"RopeDudeFenrirPortrait","buzz_fenrir_portrait.glb","","-1","-1","","","","","","",""
"RocketGirlBrownIdle","brock_brown_idle.glb","","59","","135","74","74","","true","",""
"RocketGirlBrownWalk","brock_brown_run.glb","","-1","","150","100","100","","true","","1"
"RocketGirlBrownPrimary","brock_brown_attack.glb","","-1","","","1","300","300","","","hips_s#3+L_upperLeg_s#0+R_upperLeg_s#0"
"RocketGirlBrownSecondary","brock_brown_attack.glb","","-1","","","1","","","","","hips_s#4+L_upperLeg_s#0+R_upperLeg_s#0"
"RocketGirlBrownRecoil","brock_brown_attack.glb","","-1","","","1","100","100","","","hips_s#3+L_upperLeg_s#0+R_upperLeg_s#0"
"RocketGirlBrownRecoil2","brock_brown_attack.glb","","-1","","","1","100","100","","","hips_s#4+L_upperLeg_s#0+R_upperLeg_s#0"
"RocketGirlBrownPushback","brock_brown_idle.glb","","-1","","","100","100","100","","","5"
"RocketGirlBrownWin","brock_brown_win_120.glb","","775","","","","150","500","","","5"
"RocketGirlBrownWinloop","brock_brown_win_120.glb","628","775","","","150","","500","true","","5"
"RocketGirlBrownLose","brock_brown_lose.glb","1","90","","","","","","","","5"
"RocketGirlBrownLoseloop","brock_brown_lose.glb","91","145","","","","","","true","","5"
"RocketGirlBrownProfile","brock_brown_portraits.glb","1","1","","","","","","","","5"
"NinjaMechaIdle","leon_mecha_idle.glb","1","28","","","100","100","","true","",""
"NinjaMechaWalk","leon_mecha_walk.glb","1","29","","170","100","100","","true","","1"
"NinjaMechaAttack","leon_mecha_attack.glb","1","3","","","","","10","","","spine_lower_s#4"
"NinjaMechaSecondary","leon_mecha_idle.glb","1","20","","","","","10","","","spine_lower_s#4"
"NinjaMechaRecoil","leon_mecha_attack.glb","3","7","","","","","10","","","spine_lower_s#4"
"NinjaMechaRecoil2","leon_mecha_attack.glb","7","11","","","","","10","","","spine_lower_s#4"
"NinjaMechaReload","leon_mecha_idle.glb","","-1","","","","","100","","","ChestBone#2"
"NinjaMechaPushback","leon_pushback.glb","1","34","","","100","100","100","","","5"
"NinjaMechaWin","leon_mecha_win.glb","1","161","","","","10","100","","","5"
"NinjaMechaWinloop","leon_mecha_win.glb","136","161","","","10","","","true","","1"
"NinjaMechaLose","leon_mecha_lose.glb","1","58","","","","","","","","5"
"NinjaMechaLoseloop","leon_mecha_lose.glb","1","58","","","","","","true","","1"
"NinjaMechaProfile","leon_mecha_portrait.glb","1","10","","","","","","true","","5"
"NinjaMechaIntro","leon_intro_pose.glb","","","","","","","","","",""
"KickerDudeBaseballRedIdle","fang_baseball_idle.glb","","-1","-1","","100","100","","true","",""
"KickerDudeBaseballRedWalk","fang_baseball_walk.glb","","-1","-1","","100","100","","true","","1"
"KickerDudeBaseballRedAttack","fang_baseball_attack.glb","","5","","","","","","","","3"
"KickerDudeBaseballRedSuper","fang_baseball_attack.glb","10","13","","","","100","50","true","","3"
"KickerDudeBaseballRedRecoil","fang_baseball_attack.glb","","25","","","","","100","","","4"
"KickerDudeBaseballRedWin","fang_baseball_win.glb","","110","-1","","","","","","",""
"KickerDudeBaseballRedWinloop","fang_baseball_win.glb","111","-1","-1","","","","","true","",""
"KickerDudeBaseballRedLose","fang_baseball_lose.glb","","55","-1","","","","","","",""
"KickerDudeBaseballRedLoseloop","fang_baseball_lose.glb","56","-1","-1","","","","","true","",""
"KickerDudeBaseballRedPortrait","fang_baseball_portrait.glb","","-1","-1","","","","","","",""
"PercenterConyIdle","colette_cony_idle.glb","1","29","-1","","100","100","","true","",""
"PercenterConyWalk","colette_cony_walk.glb","1","-1","-1","","100","100","","true","","1"
"PercenterConyAttack","colette_cony_attack.glb","1","4","-1","","","","","","","hips_s#3+L_upperLeg_s#0+R_upperLeg_s#0"
"PercenterConySuper","colette_cony_super.glb","","-1","","","50","50","50","true","","5"
"PercenterConyRecoil","colette_cony_attack.glb","3","20","-1","","","","100","","","hips_s#4+L_upperLeg_s#0+R_upperLeg_s#0"
"PercenterConyWin","colette_cony_win.glb","1","147","","","","1000","1000","","",""
"PercenterConyLose","colette_cony_lose.glb","1","43","","","","","","","",""
"PercenterConyLoseloop","colette_cony_lose.glb","","43","","","","","","true","",""
"PercenterConyPortrait","colette_cony_portrait.glb","1","1","","","","","","","",""
"MechanicSkadiIdle","jessie_skadi_idle.glb","","-1","","","100","100","","true","",""
"MechanicSkadiWalk","jessie_skadi_walk.glb","","-1","","","100","100","","true","","1"
"MechanicSkadiPrimary","jessie_skadi_attack.glb","","4","","","","","","","","hips_s#3+L_upperLeg_s#0+R_upperLeg_s#0"
"MechanicSkadiUltiAttack","jessie_skadi_idle.glb","","-1","","","200","200","10","true","","5"
"MechanicSkadiRecoil","jessie_skadi_attack.glb","1","15","","","","","100","","","hips_s#4+L_upperLeg_s#0+R_upperLeg_s#0"
"MechanicSkadiUltiRecoil","jessie_skadi_idle.glb","","-1","","","200","200","100","","","5"
"MechanicSkadiReload","jessie_skadi_idle.glb","","","","","200","200","200","","","chest_s#2"
"MechanicSkadiPushback","jessie_skadi_pushback.glb","","10","","","100","100","100","true","","5"
"MechanicSkadiWin","jessie_skadi_win.glb","1","120","","","","","","","",""
"MechanicSkadiWinloop","jessie_skadi_win.glb","73","120","","","","","","true","",""
"MechanicSkadiLose","jessie_skadi_lose.glb","1","59","","","","","","","",""
"MechanicSkadiLoseloop","jessie_skadi_lose.glb","","59","","","","","","true","",""
"MechanicSkadiProfile","jessie_skadi_portrait.glb","73","73","","","","","","","",""
"MechanicTurretSkadiIdle","jessie_skadi_turret_idle.glb","","98","-1","","50","50","","true","",""
"MechanicTurretSkadiAttack","jessie_skadi_turret_attack.glb","","11","-1","","","","20","","",""
"MechanicTurretSkadiSpawn","jessie_skadi_turret_spawn.glb","","-1","-1","","","","50","","",""
"DuelistOdinIdle","cordelius_odin_idle.glb","1","73","","","200","100","","true","",""
"DuelistOdinWalk","cordelius_odin_walk.glb","1","23","","","100","100","","true","","1"
"DuelistOdinAttack","cordelius_odin_attack.glb","7","24","","","","200","100","","","hips_s#4+L_upperLeg_s#0+R_upperLeg_s#0+R_dress_01_s#0+L_dress_01_s#0+F_dress_01_s#0+B_dress_01_s#0"
"DuelistOdinSecondary","cordelius_odin_super.glb","9","37","","","","200","100","","","hips_s#4+L_upperLeg_s#0+R_upperLeg_s#0+R_dress_01_s#0+L_dress_01_s#0+F_dress_01_s#0+B_dress_01_s#0"
"DuelistOdinRecoil","cordelius_odin_attack.glb","7","24","","","","200","100","","","hips_s#4+L_upperLeg_s#0+R_upperLeg_s#0+R_dress_01_s#0+L_dress_01_s#0+F_dress_01_s#0+B_dress_01_s#0"
"DuelistOdinRecoil2","cordelius_odin_super.glb","9","37","","","","200","100","","","hips_s#4+L_upperLeg_s#0+R_upperLeg_s#0+R_dress_01_s#0+L_dress_01_s#0+F_dress_01_s#0+B_dress_01_s#0"
"DuelistOdinReload","cordelius_odin_idle.glb","","-1","","","500","500","500","","","ChestBone#2"
"DuelistOdinPushback","cordelius_odin_idle.glb","1","34","","","100","100","100","","","5"
"DuelistOdinWin","cordelius_odin_win.glb","1","183","","","","10","100","","","5"
"DuelistOdinWinloop","cordelius_odin_win.glb","184","249","","","10","","","true","","1"
"DuelistOdinLose","cordelius_odin_lose.glb","1","58","","","","","","","","5"
"DuelistOdinLoseloop","cordelius_odin_lose.glb","1","58","","","","","","true","","1"
"DuelistOdinProfile","cordelius_odin_portrait.glb","1","10","","","","","","true","","5"
"DuelistOdinIntro","cordelius_odin_portrait.glb","","","","","","","","","",""
"GunslingerMechaIdle","colt_mecha_idle.glb","","-1","","","100","100","","true","",""
"GunslingerMechaWalk","colt_mecha_walk.glb","","-1","","125","100","100","","true","","1"
"GunslingerMechaPrimary","colt_mecha_attack.glb","","-1","","","100","200","100","","","spine_lower_s#3"
"GunslingerMechaSecondary","colt_mecha_attack.glb","","-1","","","200","200","100","true","","spine_lower_s#3"
"GunslingerMechaRecoil","colt_mecha_recoil1.glb","1","10","","","100","100","200","","","spine_lower_s#4"
"GunslingerMechaRecoil2","colt_mecha_recoil2.glb","1","10","","","100","100","200","","","spine_lower_s#4"
"GunslingerMechaReload","colt_mecha_idle.glb","1","3","","","800","800","800","","","spine_lower_s#4"
"GunslingerMechaPushback","colt_pushback.glb","","-1","","","100","100","100","","","5"
"GunslingerMechaWin","colt_mecha_win.glb","","229","","","","","","","",""
"GunslingerMechaWinloop","colt_mecha_win.glb","167","-1","","","","","","true","",""
"GunslingerMechaLose","colt_mecha_lose.glb","","252","","","","","200","","",""
"GunslingerMechaLoseloop","colt_mecha_lose.glb","191","252","","","","","200","true","",""
"GunslingerMechaProfile","colt_mecha_portrait.glb","1","1","","","","","","","",""
"JesterLokiIdle","chester_loki_idle.glb","1","31","","","100","100","","true","",""
"JesterLokiWalk","chester_loki_walk.glb","1","31","","170","100","100","","true","","1"
"JesterLokiAttack","chester_loki_attack.glb","11","42","","","50","100","10","","","hips_s#3+L_upperLeg_s#0+R_upperLeg_s#0"
"JesterLokiSecondary","chester_loki_attack.glb","11","42","","","","","10","true","","hips_s#3+L_upperLeg_s#0+R_upperLeg_s#0"
"JesterLokiRecoil","chester_loki_attack.glb","28","42","","","","","10","","","hips_s#4+L_upperLeg_s#0+R_upperLeg_s#0"
"JesterLokiRecoil2","chester_loki_attack.glb","28","42","","","","","10","","","hips_s#4+L_upperLeg_s#0+R_upperLeg_s#0"
"JesterLokiReload","chester_loki_idle.glb","","7","","","","","100","","",""
"JesterLokiPushback","chester_loki_idle.glb","1","1","","","100","100","100","","","5"
"JesterLokiWin","chester_loki_win.glb","","141","","","","10","100","","","5"
"JesterLokiWinloop","chester_loki_win.glb","142","188","","","10","","","true","","1"
"JesterLokiLose","chester_loki_lose.glb","1","63","","","200","","","true","","5"
"JesterLokiLoseloop","chester_loki_lose.glb","1","63","","","","","","true","","1"
"JesterLokiProfile","chester_loki_portraits.glb","","","","","","","","","","5"
"JesterLokiIntro","chester_loki_portraits.glb","","","","","","","","","",""
"PowerLevelerGenieIdle","surge_genie_idle.glb","","-1","","","100","100","","true","","1"
"PowerLevelerGenieWalk","surge_genie_walk.glb","","-1","","75","100","100","","true","","1"
"PowerLevelerGenieSecondary","surge_genie_super.glb","","40","","","","","250","","","4"
"PowerLevelerGenieAttackRecoil","surge_genie_attack.glb","1","-1","","","50","","100","","","hips_s#4+L_upperLeg_s#0+R_upperLeg_s#0"
"PowerLevelerGenieReload","surge_genie_reload.glb","","20","","","50","100","100","","","hips_s#0+chest_s#5+L_clavicle_s#1+head_s#0+L_upperLeg_s#0+R_upperLeg_s#0"
"PowerLevelerGeniePushback","surge_genie_pushback.glb","","10","","","50","100","100","","","5"
"PowerLevelerGenieWin","surge_genie_win.glb","","153","","","","","","","",""
"PowerLevelerGenieWinloop","surge_genie_win.glb","107","153","","","","","","true","",""
"PowerLevelerGenieLose","surge_genie_lose.glb","","63","","","","","","","",""
"PowerLevelerGenieLoseloop","surge_genie_lose.glb","1","63","","","","","","true","",""
"PowerLevelerGenieProfile","surge_genie_portraits.glb","","-1","","","","","","","",""
"AxeJugglerDefaultIdle","melodie_idle.glb","1","29","-1","130","100","100","","true","",""
"AxeJugglerDefaultWalk","melodie_walk.glb","1","39","-1","","100","100","","true","","1"
"AxeJugglerDefaultAttack","melodie_attack.glb","8","22","-1","","25","","50","","","3"
"AxeJugglerDefaultRecoil","melodie_attack.glb","","10","-1","","","","200","","","4"
"AxeJugglerDefaultPushback","melodie_idle.glb","","1","-1","","25","200","100","","",""
"AxeJugglerDefaultWin","melodie_win_120.glb","1","1592","-1","","","","","","",""
"AxeJugglerDefaultWinloop","melodie_win_120.glb","1120","1592","-1","","","","","true","",""
"AxeJugglerDefaultLose","melodie_lose.glb","","163","-1","","","","","","",""
"AxeJugglerDefaultLoseloop","melodie_lose.glb","103","-1","-1","","","","","true","",""
"AxeJugglerDefaultLoseEnter","stu_lose.glb","","","-1","","","","","","",""
"AxeJugglerDefaultPortrait","melodie_portrait.glb","1","1","-1","","","","","","",""
"AxeJugglerDefaultSecondary","melodie_super.glb","","28","-1","","25","200","50","","","3"
"AxeJugglerDefaultRecoil2","melodie_super.glb","9","20","-1","","","","200","","","4"
"PercenterConyHappyLoop","colette_cony_win.glb","82","-1","-1","","","","","true","",""
"InsectManDefaultIdle","angelo_idle.glb","1","37","","","100","100","","true","",""
"InsectManDefaultWalk","angelo_walk.glb","1","29","","","100","100","","true","","1"
"InsectManDefaultAttack","angelo_attack_loop.glb","1","17","","","150","","","true","","hips_s#4+L_upperLeg_s#0+R_upperLeg_s#0+R_dress_01_s#0+L_dress_01_s#0+F_dress_01_s#0+B_dress_01_s#0"
"InsectManDefaultSecondary","angelo_super.glb","","28","","","50","50","50","","","5"
"InsectManDefaultRecoil","angelo_attack.glb","23","39","","","","","200","","","hips_s#5+L_upperLeg_s#0+R_upperLeg_s#0+R_dress_01_s#0+L_dress_01_s#0+F_dress_01_s#0+B_dress_01_s#0"
"InsectManDefaultReload","angelo_idle.glb","","10","","","100","100","500","","","hips_s#4+L_upperLeg_s#0+R_upperLeg_s#0+R_dress_01_s#0+L_dress_01_s#0+F_dress_01_s#0+B_dress_01_s#0"
"InsectManDefaultPushback","piper_pushback.glb","1","10","","","50","50","100","","","5"
"InsectManDefaultWin","angelo_win.glb","1","127","","","","","","","","5"
"InsectManDefaultWinloop","angelo_win.glb","100","127","","","","","","true","","1"
"InsectManDefaultLose","angelo_lose.glb","1","161","","","","","","","","5"
"InsectManDefaultLoseloop","angelo_lose.glb","133","161","","","","","","true","","1"
"InsectManDefaultProfile","angelo_portrait.glb","","","","","","","","","","5"
"InsectManRareIdle","angelo_idle.glb","1","37","","","100","100","","true","",""
"InsectManRareWalk","angelo_walk.glb","1","29","","","100","100","","true","","1"
"InsectManRareAttack","angelo_attack_loop.glb","1","17","","","150","","","true","","hips_s#4+L_upperLeg_s#0+R_upperLeg_s#0+R_dress_01_s#0+L_dress_01_s#0+F_dress_01_s#0+B_dress_01_s#0"
"InsectManRareSecondary","angelo_super.glb","","28","","","50","50","50","","","5"
"InsectManRareRecoil","angelo_attack.glb","23","39","","","","","200","","","hips_s#5+L_upperLeg_s#0+R_upperLeg_s#0+R_dress_01_s#0+L_dress_01_s#0+F_dress_01_s#0+B_dress_01_s#0"
"InsectManRareReload","angelo_idle.glb","","10","","","100","100","500","","","hips_s#4+L_upperLeg_s#0+R_upperLeg_s#0+R_dress_01_s#0+L_dress_01_s#0+F_dress_01_s#0+B_dress_01_s#0"
"InsectManRarePushback","piper_pushback.glb","1","10","","","50","50","100","","","5"
"InsectManRareWin","angelo_win.glb","1","127","","","","","","","","5"
"InsectManRareWinloop","angelo_win.glb","100","127","","","","","","true","","1"
"InsectManRareLose","angelo_lose.glb","1","161","","","","","","","","5"
"InsectManRareLoseloop","angelo_lose.glb","133","161","","","","","","true","","1"
"InsectManRareProfile","angelo_portrait.glb","","","","","","","","","","5"
"MechanicTurretSkadiHappy","jessie_skadi_turret_idle.glb","-1","-1","-1","","","","","","",""
"MechanicTurretSkadiHappyLoop","jessie_skadi_turret_idle.glb","","98","-1","","","","","true","",""
"CocoonerVirusIdle","charlie_virus_idle.glb","","59","","120","100","100","","true","",""
"CocoonerVirusWalk","charlie_virus_walk.glb","","19","","90","100","100","","true","","1"
"CocoonerVirusPrimary","charlie_virus_attack.glb","7","23","","","","","","","","hips_s#3+L_upperLeg_s#0+R_upperLeg_s#0"
"CocoonerVirusSecondary","charlie_virus_super.glb","1","22","","","","","","","","hips_s#4+L_upperLeg_s#0+R_upperLeg_s#0"
"CocoonerVirusRecoil","charlie_virus_attack.glb","22","47","","","","","100","","","hips_s#4+L_upperLeg_s#0+R_upperLeg_s#0"
"CocoonerVirusWin","charlie_virus_win.glb","1","69","","","","","","","","5"
"CocoonerVirusWinloop","charlie_virus_win.glb","70","118","","","","","","true","","1"
"CocoonerVirusLose","charlie_virus_lose.glb","1","204","","","","","","","","5"
"CocoonerVirusLoseloop","charlie_virus_lose.glb","116","204","","","","","","true","","1"
"CocoonerVirusProfile","charlie_virus_portrait.glb","","","","","","","","true","",""
"CocoonerVirusIntro","charlie_virus_idle.glb","250","250","","","","","","","",""
"RocketGirlVirusIdle","brock_hacker_idle.glb","","-1","","135","74","74","","true","",""
"RocketGirlVirusWalk","brock_hacker_run.glb","","-1","","150","100","100","","true","","1"
"RocketGirlVirusPrimary","brock_hacker_attack.glb","","-1","","","1","300","300","","","hips_s#3+L_upperLeg_s#0+R_upperLeg_s#0"
"RocketGirlVirusSecondary","brock_hacker_attack.glb","","-1","","","1","","","","","hips_s#4+L_upperLeg_s#0+R_upperLeg_s#0"
"RocketGirlVirusRecoil","brock_hacker_attack.glb","","-1","","","1","100","100","","","hips_s#3+L_upperLeg_s#0+R_upperLeg_s#0"
"RocketGirlVirusRecoil2","brock_hacker_attack.glb","","-1","","","1","100","100","","","hips_s#4+L_upperLeg_s#0+R_upperLeg_s#0"
"RocketGirlVirusPushback","brock_pushback1.glb","","-1","","","100","100","100","","","5"
"RocketGirlVirusWin","brock_hacker_win.glb","","225","","","","150","500","","","5"
"RocketGirlVirusWinloop","brock_hacker_win.glb","188","225","","","150","","500","true","","5"
"RocketGirlVirusLose","brock_hacker_lose.glb","","180","","","","","","","","5"
"RocketGirlVirusLoseloop","brock_hacker_lose.glb","","179","","","","","","true","","5"
"RocketGirlVirusProfile","brock_hacker_portrait.glb","1","1","","","","","","","","5"
"TwinsVirusIdle","twins_good_hacker_idle.glb","","28","","","100","100","100","true","",""
"TwinsVirusWalk","twins_good_hacker_walk.glb","","19","","120","100","100","","true","","1"
"TwinsVirusPrimary","twins_good_hacker_attack.glb","1","6","","","50","50","50","","","hips_s#3+L_upperLeg_s#0+R_upperLeg_s#0"
"TwinsVirusSecondary","twins_good_hacker_attack.glb","","3","","","100","50","200","","","hips_s#3+L_upperLeg_s#0+R_upperLeg_s#0"
"TwinsVirusRecoil","twins_good_hacker_attack.glb","3","15","","","100","100","100","","","hips_s#4+L_upperLeg_s#0+R_upperLeg_s#0"
"TwinsVirusReload","twins_good_hacker_idle.glb","1","1","","","10","10","10","","",""
"TwinsVirusPushback","twins_good_hacker_idle.glb","","","","","100","100","100","","","5"
"TwinsVirusWin","twins_hacker_good_win_120.glb","","1043","","","","","","","",""
"TwinsVirusWinloop","twins_hacker_good_win_120.glb","848","1043","","","","","","true","",""
"TwinsVirusLose","twins_hacker_good_lose.glb","","-1","","130","","","38","","",""
"TwinsVirusLoseloop","twins_hacker_good_lose.glb","76","-1","","120","","","","true","",""
"TwinsVirusWinidleloop","twins_hacker_good_win.glb","212","-1","","","","","","true","",""
"TwinsVirusProfile","twins_hackers_portrait.glb","1","1","","","","","","","",""
"TwinsVirusIntro","twins_hacker_good_win.glb","260","260","","","","","","","",""
"TwinsPetVirusIdle","twins_bad_hacker_idle.glb","","28","","","100","100","100","true","",""
"TwinsPetVirusWalk","twins_bad_hacker_walk.glb","","19","","","100","100","100","true","","1"
"TwinsPetVirusPrimary","twins_bad_hacker_attack.glb","1","3","","","100","100","100","","","hips_s#3+L_upperLeg_s#0+R_upperLeg_s#0"
"TwinsPetVirusSecondary","twins_bad_hacker_attack.glb","1","3","","","100","100","100","","","hips_s#3+L_upperLeg_s#0+R_upperLeg_s#0"
"TwinsPetVirusRecoil","twins_bad_hacker_attack.glb","3","20","","","100","100","100","","","hips_s#4+L_upperLeg_s#0+R_upperLeg_s#0"
"TwinsPetVirusReload","twins_bad_hacker_idle.glb","","","","","200","200","200","","",""
"TwinsPetVirusBarkeepPushback","twins_bad_hacker_idle.glb","","","","","100","100","100","","","5"
"TwinsPetVirusWin","twins_hacker_bad_win_120.glb","","-1","","","","100","","","",""
"TwinsPetVirusWinloop","twins_hacker_bad_win_120.glb","848","1040","","","100","","","true","",""
"TwinsPetVirusLose","twins_hacker_bad_lose.glb","","125","","","100","100","200","","",""
"TwinsPetVirusLoseloop","twins_hacker_bad_lose.glb","73","125","","","100","100","200","true","",""
"TwinsPetVirusProfile","twins_bad_hacker_idle.glb","1","1","","","100","100","350","","",""
"TwinsPetVirusIntro","twins_hacker_bad_win.glb","260","260","","","","","","","",""
"KickerDudeVirusIdle","fang_hacker_idle.glb","","-1","-1","","100","100","","true","",""
"KickerDudeVirusWalk","fang_hacker_walk.glb","","25","-1","","100","100","","true","","1"
"KickerDudeVirusAttack","fang_hacker_attack.glb","","5","","","","","","","","3"
"KickerDudeVirusSuper","fang_hacker_attack.glb","10","13","","","","100","50","true","","3"
"KickerDudeVirusRecoil","fang_hacker_attack.glb","","25","","","","","100","","","4"
"KickerDudeVirusWin","fang_hacker_win_120.glb","","1035","-1","","","","","","",""
"KickerDudeVirusWinloop","fang_hacker_win_120.glb","848","1035","-1","","","","","true","",""
"KickerDudeVirusLose","fang_hacker_lose.glb","","63","-1","","","","","","",""
"KickerDudeVirusLoseloop","fang_hacker_lose.glb","1","-1","-1","","","","","true","",""
"KickerDudeVirusPortrait","fang_hacker_portraits.glb","","-1","-1","","","","","","",""
"ShamanGodzillaIdle","nita_mechagodzilla_idle.glb","1","34","","","100","100","","true","",""
"ShamanGodzillaWalk","nita_mechagodzilla_walk.glb","1","29","","170","100","100","","true","","1"
"ShamanGodzillaAttack","nita_mechagodzilla_attack.glb","3","26","","","","","200","","","spine_lower_s#4"
"ShamanGodzillaSecondary","nita_mechagodzilla_attack.glb","3","26","","","","","200","true","","spine_lower_s#4"
"ShamanGodzillaRecoil","nita_mechagodzilla_attack.glb","3","26","","","","","200","","","spine_lower_s#4"
"ShamanGodzillaReload","nita_mechagodzilla_idle.glb","","-1","","","","","100","","","ChestBone#2"
"ShamanGodzillaPushback","nita_mechagodzilla_pushback.glb","","-1","","","100","100","100","","","5"
"ShamanGodzillaWin","nita_mechagodzilla_win.glb","","128","","","","","","","","5"
"ShamanGodzillaWinloop","nita_mechagodzilla_win.glb","100","128","","","","","","true","","1"
"ShamanGodzillaLose","nita_mechagodzilla_lose.glb","1","83","","","","","","","","5"
"ShamanGodzillaLoseloop","nita_mechagodzilla_lose.glb","57","83","","","","","","true","","1"
"ShamanGodzillaProfile","nita_mechagodzilla_portrait.glb","","","","","","","","true","","5"
"ShamanPetGodzillaIdle","nita_mechagodzilla_bear_idle.glb","","35","","","100","100","50","true","",""
"ShamanPetGodzillaBearWalk","nita_mechagodzilla_bear_walk.glb","","49","","170","100","100","","true","","1"
"ShamanPetGodzillaBearAttack","nita_mechagodzilla_bear_attack.glb","","5","","","50","100","","","","spine_lower_s#4"
"ShamanPetGodzillaBearRecoil","nita_mechagodzilla_bear_attack.glb","","-1","","","50","50","","","","spine_lower_s#4"
"ShamanPetGodzillaBearPushback","nita_mechagodzilla_bear_idle.glb","","-1","","","200","300","500","","","5"
"RopeDudeGodzillaIdle","buzz_godzilla_idle.glb","","28","-1","","100","100","","true","",""
"RopeDudeGodzillaWalk","buzz_godzilla_walk.glb","","27","-1","","100","100","","true","","1"
"RopeDudeGodzillaAttack","buzz_godzilla_attack.glb","","28","-1","","100","100","50","","","hips_s#3+L_upperLeg_s#0+R_upperLeg_s#0"
"RopeDudeGodzillaSuperThrow","buzz_godzilla_super_throw.glb","","5","-1","","","","","","","3"
"RopeDudeGodzillaSuperThrowRecoil","buzz_godzilla_super_throw.glb","3","20","-1","","","200","50","","","4"
"RopeDudeGodzillaSuperJump","buzz_godzilla_super_jump.glb","","-1","-1","","100","","50","true","","5"
"RopeDudeGodzillaWin","buzz_godzilla_win.glb","","280","-1","","","","","","",""
"RopeDudeGodzillaWinloop","buzz_godzilla_win.glb","241","280","-1","","","","","true","",""
"RopeDudeGodzillaLose","buzz_godzilla_lose.glb","","143","-1","","","","","","",""
"RopeDudeGodzillaLoseloop","buzz_godzilla_lose.glb","111","143","-1","","","","","true","",""
"RopeDudeGodzillaPortrait","buzz_godzilla_portrait.glb","","-1","-1","","","","","","",""
"FleaGodzillaIdle","eve_mothra_idle.glb","1","-1","-1","","400","400","","true","",""
"FleaGodzillaWalk","eve_mothra_walk.glb","","-1","-1","","400","400","","true","","1"
"FleaGodzillaAttack","eve_mothra_attack.glb","","4","-1","","","","","","","3"
"FleaGodzillaSuper","eve_mothra_super.glb","","-1","-1","","","","","true","","3"
"FleaGodzillaAttackRecoil","eve_mothra_attack.glb","5","-1","-1","","","100","300","","","4"
"FleaGodzillaSuperRecoil","eve_mothra_super.glb","","-1","-1","","","100","100","","","4"
"FleaGodzillaPushback","eve_mothra_pushback.glb","","25","-1","","","400","500","","","5"
"FleaGodzillaHappy","eve_mothra_win.glb","","136","-1","","","","","","",""
"FleaGodzillaHappyLoop","eve_mothra_win.glb","98","136","-1","","","","","true","",""
"FleaGodzillaSad","eve_mothra_lose.glb","","167","-1","","","","","","",""
"FleaGodzillaSadLoop","eve_mothra_lose.glb","136","167","-1","","","","","true","",""
"FleaGodzillaSadEnter","eve_mothra_lose.glb","","","-1","","","","","","",""
"FleaGodzillaProfile","eve_mothra_portrait.glb","101","-1","-1","","","","","","",""
"BeeSniperVirusIdle","bea_hacker_idle.glb","","-1","","","100","100","","true","",""
"BeeSniperVirusWalk","bea_hacker_walk.glb","1","26","","","100","100","","true","","1"
"BeeSniperVirusAttack","bea_hacker_attack.glb","","4","","","","","","","","hips_s#3+L_upperLeg_s#0+R_upperLeg_s#0"
"BeeSniperVirusRecoil","bea_hacker_attack.glb","5","20","","","","","200","","","hips_s#4+L_upperLeg_s#0+R_upperLeg_s#0"
"BeeSniperVirusReload","bea_hacker_reload.glb","","20","","","100","100","100","","","spine_lower_s#0+L_clavicle_s#2+R_clavicle_s#2"
"BeeSniperVirusPushback","bea_hacker_pushback.glb","","-1","","","25","100","200","","","5"
"BeeSniperVirusWin","bea_hacker_win.glb","","235","","","","","","","","5"
"BeeSniperVirusWinloop","bea_hacker_win.glb","173","235","","","","","","true","","1"
"BeeSniperVirusLose","bea_hacker_lose.glb","","258","","","","","","","",""
"BeeSniperVirusLoseloop","bea_hacker_lose.glb","220","-1","","","","","","true","",""
"BeeSniperVirusPortrait","bea_hacker_portrait.glb","","","","","","","","","",""
"BeeSniperVirusIntro","bea_intro_pose.glb","","","","","","","","","",""
"SandstormMakeIdle","sandy_nightmare_idle.glb","1","128","","","100","100","100","true","","5"
"SandstormMakeWalk","sandy_nightmare_walk.glb","1","20","","","100","100","100","true","","1"
"SandstormMakeAttack","sandy_nightmare_attack.glb","","5","","","","","100","","","hips_s#4+L_upperLeg_s#0+R_upperLeg_s#0"
"SandstormMakeRecoil","sandy_nightmare_attack.glb","","12","","","","","100","","","hips_s#4+L_upperLeg_s#0+R_upperLeg_s#0"
"SandstormMakeReload","sandy_nightmare_idle.glb","","10","","","100","100","100","","","hips_s#0+L_upperLeg_s#0+R_upperLeg_s#0"
"SandstormMakePushBack","sandy_nightmare_pushback.glb","","10","","","100","100","100","","",""
"SandstormMakeWin","sandy_nightmare_win.glb","1","360","","","","","","","",""
"SandstormMakeWinloop","sandy_nightmare_win.glb","262","359","","","","","","true","","1"
"SandstormMakeLose","sandy_nightmare_lose.glb","","198","","","","","","","",""
"SandstormMakeProfile","sandy_nightmare_portrait.glb","220","220","","","","","","true","","1"
"HookDudeMakeIdle","gene_samurai_idle.glb","","79","","","100","100","","true","",""
"HookDudeMakeWalk","gene_samurai_walk.glb","1","29","","120","100","100","","true","","1"
"HookDudeMakeAttack","gene_samurai_attack.glb","1","5","","","","","","","","hips_s#3+L_upperLeg_s#0+R_upperLeg_s#0"
"HookDudeMakeSecondary","gene_samurai_super.glb","1","30","","","","","","","","hips_s#3+L_upperLeg_s#0+R_upperLeg_s#0"
"HookDudeMakeAttackRecoil","gene_samurai_attack.glb","5","20","","","50","","100","","","hips_s#4+L_upperLeg_s#0+R_upperLeg_s#0"
"HookDudeMakeSecondaryRecoil","gene_samurai_super.glb","1","30","","","100","","200","","","hips_s#4+L_upperLeg_s#0+R_upperLeg_s#0"
"HookDudeMakeReload","gene_samurai_reload.glb","1","25","","","100","200","200","","","spine_lower_s#2"
"HookDudeMakePushback","gene_samurai_idle.glb","","20","","","200","300","500","","","5"
"HookDudeMakeWin","gene_samurai_win.glb","1","153","","","","","","","",""
"HookDudeMakeWinloop","gene_samurai_win.glb","136","158","","","","","","true","",""
"HookDudeMakeLose","gene_samurai_lose.glb","","88","","","100","","","","",""
"HookDudeMakeLoseloop","gene_samurai_lose.glb","50","88","","","","","","true","",""
"HookDudeMakeProfile","gene_samurai_portrait.glb","1","1","","","","","","true","",""
"BaseballGamer_remakeIdle","bibi_heroine_idle.glb","1","29","","","100","100","","true","",""
"BaseballGamer_remakeWalk","bibi_heroine_run.glb","1","29","","","120","200","","true","","1"
"BaseballGamer_remakePrimary","bibi_heroine_attack.glb","1","51","","","100","100","100","","","R_gunbone_01_s#4+hips_s#4+L_upperLeg_s#0+R_upperLeg_s#0"
"BaseballGamer_remakeSecondary","bibi_heroine_attack.glb","1","51","","","100","100","100","","","R_gunbone_01_s#4+hips_s#4+L_upperLeg_s#0+R_upperLeg_s#0"
"BaseballGamer_remakeRecoil","bibi_heroine_attack.glb","22","51","","","1","100","100","","","R_gunbone_01_s#5+hips_s#5+L_upperLeg_s#0+R_upperLeg_s#0"
"BaseballGamer_remakeRecoil2","bibi_heroine_attack.glb","17","51","","","100","100","100","","","R_gunbone_01_s#5+hips_s#5+L_upperLeg_s#0+R_upperLeg_s#0"
"BaseballGamer_remakePushback","bibi_heroine_pushback.glb","","-1","","","100","100","100","","","5"
"BaseballGamer_remakeWin","bibi_heroine_win.glb","1","161","","","100","","","","","5"
"BaseballGamer_remakeWinloop","bibi_heroine_win.glb","120","160","","","","","","true","","1"
"BaseballGamer_remakeLose","bibi_heroine_lose.glb","1","184","","","","","","","","5"
"BaseballGamer_remakeLoseloop","bibi_heroine_lose.glb","123","183","","","","","","true","","1"
"BaseballGamer_remakeProfile","bibi_heroine_portrait.glb","1","10","","","","","","true","","5"
"BlackHoleStreetNinja_remakeIdle","tara_streetninja_remake_idle.glb","1","28","","","200","","","true","","5"
"BlackHoleStreetNinja_remakeWalk","tara_streetninja_remake_walk.glb","1","20","","80","200","","200","true","","1"
"BlackHoleStreetNinja_remakePrimary","tara_streetninja_remake_attack.glb","1","23","","","","","200","","","hips_s#4+L_upperLeg_s#0+R_upperLeg_s#0"
"BlackHoleStreetNinja_remakeSecondary","tara_streetninja_remake_ult.glb","1","23","","","","","200","","","hips_s#4+L_upperLeg_s#0+R_upperLeg_s#0"
"BlackHoleStreetNinja_remakeRecoil","tara_streetninja_remake_attack.glb","4","20","","","","","200","","","hips_s#5+L_upperLeg_s#0+R_upperLeg_s#0"
"BlackHoleStreetNinja_remakeSecondaryRecoil","tara_streetninja_remake_ult.glb","4","22","","","","","200","","","hips_s#5+L_upperLeg_s#0+R_upperLeg_s#0"
"BlackHoleStreetNinja_remakeReload","tara_streetninja_remake_idle.glb","1","12","","","","","50","","",""
"BlackHoleStreetNinja_remakeWin","tara_streetninja_remake_win_120.glb","1","923","","","","","","","","5"
"BlackHoleStreetNinja_remakeWinloop","tara_streetninja_remake_win_120.glb","544","923","","","","","","true","","1"
"BlackHoleStreetNinja_remakeLose","tara_streetninja_remake_lose.glb","1","128","","","","","","","",""
"BlackHoleStreetNinja_remakeLoseloop","tara_streetninja_remake_lose.glb","69","128","","","","","","true","",""
"BlackHoleStreetNinja_remakeProfile","tara_streetninja_remake_portrait.glb","10","10","","","","","","true","","5"
"RocketGirlRanger_redIdle","brock_sentai_idle.glb","","-1","","135","74","74","","true","",""
"RocketGirlRanger_redWalk","brock_sentai_run.glb","","-1","","150","100","100","","true","","1"
"RocketGirlRanger_redPrimary","brock_sentai_attack.glb","","-1","","","1","300","300","","","hips_s#3+L_upperLeg_s#0+R_upperLeg_s#0"
"RocketGirlRanger_redSecondary","brock_sentai_attack.glb","","-1","","","1","","","","","hips_s#4+L_upperLeg_s#0+R_upperLeg_s#0"
"RocketGirlRanger_redRecoil","brock_sentai_attack.glb","","-1","","","1","100","100","","","hips_s#3+L_upperLeg_s#0+R_upperLeg_s#0"
"RocketGirlRanger_redRecoil2","brock_sentai_attack.glb","","-1","","","1","100","100","","","hips_s#4+L_upperLeg_s#0+R_upperLeg_s#0"
"RocketGirlRanger_redPushback","brock_pushback1.glb","","-1","","","100","100","100","","","5"
"RocketGirlRanger_redRangerWin","brock_sentai_win.glb","","138","","","","500","500","","","5"
"RocketGirlRanger_redWinloop","brock_sentai_win.glb","115","138","","","150","","500","true","","5"
"RocketGirlRanger_redLose","brock_sentai_lose.glb","1","85","","","","","","","","5"
"RocketGirlRanger_redLoseloop","brock_sentai_lose.glb","56","85","","","","","","true","","5"
"RocketGirlRanger_redRangerProfile","brock_sentai_portrait.glb","50","-1","","","","","","","",""
"RocketGirlRanger_redProfile","brock_sentai_portrait.glb","1","1","","","","","","","","5"
"ClusterBombDudeGodzillaIdle","tick_ghidorah_idle.glb","1","47","","","","","","true","",""
"ClusterBombDudeGodzillaWalk","tick_ghidorah_walk.glb","1","21","","125","","","","true","","1"
"ClusterBombDudeGodzillaPrimary","tick_ghidorah_attackb.glb","1","20","","","","","25","","","hips_s#4+L_upperLeg_s#0+R_upperLeg_s#0"
"ClusterBombDudeGodzillaSecondary","tick_ghidorah_ult.glb","1","20","","","","","25","","","hips_s#4+L_upperLeg_s#0+R_upperLeg_s#0"
"ClusterBombDudeGodzillaRecoil","tick_ghidorah_attack.glb","1","20","","","","","100","","","hips_s#4+L_upperLeg_s#0+R_upperLeg_s#0"
"ClusterBombDudeGodzillaUltRecoil","tick_ghidorah_ult.glb","1","20","","","","","300","","","hips_s#4+L_upperLeg_s#0+R_upperLeg_s#0"
"ClusterBombDudeGodzillaWin","tick_ghidorah_win_120.glb","1","779","","","","","","","",""
"ClusterBombDudeGodzillaWinloop","tick_ghidorah_win_120.glb","599","778","","","","","","true","",""
"ClusterBombDudeGodzillaLose","tick_ghidorah_lose.glb","1","38","","","","","","","",""
"ClusterBombDudeGodzillaLoseloop","tick_ghidorah_lose.glb","1","-1","","","","","","true","",""
"ClusterBombDudeGodzillaProfile","tick_ghidorah_portraits.glb","16","16","","","","","","","",""
"ShotgunGirlSquadIdle","shelly_squadbuster_idle.glb","","-1","","","100","100","","true","",""
"ShotgunGirlSquadWalk","shelly_squadbuster_walk.glb","1","30","","","100","100","","true","","1"
"ShotgunGirlSquadPrimary","shelly_squadbuster_attack.glb","1","5","","","","","","","","hips_s#3+L_upperLeg_s#0+R_upperLeg_s#0"
"ShotgunGirlSquadSecondary","shelly_squadbuster_attack.glb","1","5","","","","","","","","hips_s#4+L_upperLeg_s#0+R_upperLeg_s#0"
"ShotgunGirlSquadCarlSecondary","carl_super.glb","1","59","","","200","200","200","true","","5"
"ShotgunGirlSquadRecoil","shelly_squadbuster_attack.glb","6","20","","","","","100","","","hips_s#4+L_upperLeg_s#0+R_upperLeg_s#0"
"ShotgunGirlSquadReload","shelly_squadbuster_reload.glb","1","-1","","","50","100","100","","","hips_s#0+L_upperLeg_s#0+R_upperLeg_s#0+R_clavicle_s#4+R_shoulder_s#4+R_elbow_s#4+R_forearm_twist_s#4+R_wrist_s#4+L_clavicle_s#4+L_shoulder_s#4+L_elbow_s#4+L_forearm_twist_s#4+L_wrist_s#4"
"ShotgunGirlSquadPushback","shelly_squadbuster_idle.glb","","10","","","100","100","100","","","5"
"ShotgunGirlSquadWin","shelly_squadbuster_win.glb","1","221","","","","","","","","5"
"ShotgunGirlSquadWinloop","shelly_squadbuster_win.glb","175","221","","","","","","true","","1"
"ShotgunGirlSquadLose","shelly_squadbuster_lose.glb","1","159","","","","","","","","5"
"ShotgunGirlSquadLoseloop","shelly_squadbuster_lose.glb","112","159","","","","","","true","","1"
"ShotgunGirlSquadProfile","shelly_squadbuster_portrait.glb","80","80","","","","","","true","",""
"ShotgunGirlSquadIntro","shelly_squadbuster_win.glb","221","221","","","","","","","",""
"SnakeOilTropicalIdle","byron_idle.glb","1","59","-1","","120","120","","true","",""
"SnakeOilTropicalWalk","byron_walk.glb","1","-1","-1","","100","100","","true","","1"
"SnakeOilTropicalAttack","byron_attack.glb","1","5","-1","","","","","","","hips_s#3+L_upperLeg_s#0+R_upperLeg_s#0"
"SnakeOilTropicalSuper","byron_super.glb","1","5","-1","","","","","","","hips_s#3+L_upperLeg_s#0+R_upperLeg_s#0"
"SnakeOilTropicalRecoil","byron_attack.glb","5","30","-1","","","","120","","","hips_s#4+L_upperLeg_s#0+R_upperLeg_s#0"
"SnakeOilTropicalSuperRecoil","byron_super.glb","5","30","-1","","","","120","","","hips_s#4+L_upperLeg_s#0+R_upperLeg_s#0"
"SnakeOilTropicalPushback","byron_pushback.glb","","-1","-1","","","","","","","5"
"SnakeOilTropicalWin","byron_tropical_win.glb","1","92","","","","","","","",""
"SnakeOilTropicalWinloop","byron_tropical_win.glb","93","-1","","","","","","true","",""
"SnakeOilTropicalLose","byron_lose.glb","1","98","","","","","","","",""
"SnakeOilTropicalLoseloop","byron_lose.glb","99","198","","","","","","true","",""
"SnakeOilTropicalProfile","byron_win.glb","192","192","-1","","","","","","",""
"HammerDudeVacationIdle","frank_idle.glb","","-1","","","500","500","","true","",""
"HammerDudeVacationWalk","frank_walk.glb","1","29","","120","300","300","","true","","5"
"HammerDudeVacationPrimary","frank_attack.glb","1","45","","","","","100","","","5"
"HammerDudeVacationSecondary","frank_ulti.glb","1","50","","","100","100","","true","","5"
"HammerDudeVacationRecoil","frank_attack.glb","22","35","","","","","200","","","5"
"HammerDudeVacationRecoil2","frank_ulti.glb","36","50","","","1","1","100","","","5"
"HammerDudeVacationReloading","frank_idle.glb","","6","","","","","50","","",""
"HammerDudeVacationPushback","frank_pushback.glb","","-1","","","120","120","400","","","5"
"HammerDudeVacationWin","frank_vacation_win.glb","1","51","","","","","","","","5"
"HammerDudeVacationWinloop","frank_vacation_win.glb","23","50","","","","","","true","","1"
"HammerDudeVacationLose","frank_lose.glb","1","120","","","","","","","","5"
"HammerDudeVacationLoseloop","frank_lose.glb","75","119","","","","","","true","","1"
"HammerDudeVacationProfile","frank_idle.glb","44","44","","","","","","true","",""
"HammerDudeVacationIntro","frank_intro_pose.glb","","","","","","","","","",""
"GodzillaIdle","boss_godzilla_idle.glb","","35","","","100","100","","true","",""
"GodzillaWalk","boss_godzilla_walk.glb","","39","","","100","100","","true","","1"
"GodzillaPrimary","boss_godzilla_attack2_bite.glb","","-1","","","50","50","100","","","hips_s#3+L_upperLeg_s#0+R_upperLeg_s#0"
"GodzillaSecondary","boss_godzilla_super_flamethrower.glb","","73","","","50","50","100","","","hips_s#4+L_upperLeg_s#0+R_upperLeg_s#0"
"GodzillaPrimary_transform","boss_godzilla_attack1_claws.glb","","-1","","","50","50","100","","","hips_s#3+L_upperLeg_s#0+R_upperLeg_s#0"
"GodzillaReload","boss_godzilla_idle.glb","1","1","","","","","100","","","hips_s#0+L_upperLeg_s#0+R_upperLeg_s#0+R_clavicle_s#4+R_shoulder_s#4+R_elbow_s#4+R_forearm_twist_s#4+R_wrist_s#4+L_clavicle_s#4+L_shoulder_s#4+L_elbow_s#4+L_forearm_twist_s#4+L_wrist_s#4"
"GodzillaPushback","shelly_pushback.glb","","-1","","","100","100","100","","","5"
"GodzillaWin","boss_godzilla_idle_lobby.glb","","35","","","","","","","","5"
"GodzillaWinloop","boss_godzilla_idle_lobby.glb","","35","","","","","","true","","1"
"GodzillaLose","boss_godzilla_idle.glb","","35","","","","","","","","5"
"GodzillaLoseloop","boss_godzilla_idle.glb","","35","","","","","","true","","1"
"GodzillaProfile","boss_godzilla_idle.glb","80","80","","","","","","true","","boss_godzilla_attack2_bite.glb"
"GodzillaIntro","boss_godzilla_idle.glb","","","","","","","","","",""
"SilencerGoldAddonStarfishIdle","starfish_addon_idle.glb","","-1","","","","","","true","",""
"SilencerSilverAddonStarfishIdle","starfish_addon_idle.glb","","-1","","","","","","true","",""
"SilencerWorldfinalsAddonStarfishIdle","starfish_addon_idle.glb","","-1","","","","","","true","",""
"SilencerGoldAddonStarfishSpawn","starfish_addon_spawn.glb","1","-1","","","","","200","","","5"
"SilencerSilverAddonStarfishSpawn","starfish_addon_spawn.glb","1","-1","","","","","200","","","5"
"SilencerWorldfinalsAddonStarfishSpawn","starfish_addon_spawn.glb","1","-1","","","","","200","","","5"
"BeeVirusHeroScreen","bee_hacker_heroscreen.glb","1","1","","","","","","true","",""
"GodzillaWalkUI","boss_godzilla_extra_slowmowalk.glb","1","405","","","","","","true","",""
"DragonRiderDefaultIdle","draco_idle.glb","","-1","","","100","100","100","true","","1"
"DragonRiderDefaultWalk","draco_walk.glb","","27","","","100","100","","true","","1"
"DragonRiderDefaultSecondary","draco_super.glb","","38","","","100","","250","","","4"
"DragonRiderDefaultAttack","draco_attack.glb","1","13","","","1","","100","","","hips_s#4+L_upperLeg_s#0+R_upperLeg_s#0"
"DragonRiderDefaultReload","draco_idle.glb","","20","","","50","100","100","","","hips_s#0+chest_s#5+L_clavicle_s#1+head_s#0+L_upperLeg_s#0+R_upperLeg_s#0"
"DragonRiderDefaultPushback","draco_idle.glb","","10","","","50","100","100","","","5"
"DragonRiderDefaultWin","draco_win.glb","","184","","","","","","","",""
"DragonRiderDefaultWinloop","draco_win.glb","157","184","","","","","","true","",""
"DragonRiderDefaultLose","draco_lose.glb","","76","","","","","","","",""
"DragonRiderDefaultLoseloop","draco_lose.glb","53","76","","","","","","true","",""
"DragonRiderDefaultProfile","draco_portrait.glb","","-1","","","","","","","",""
"DragonRiderDefaultIdle_transform","draco_idle_transform.glb","","-1","","","100","100","","true","","1"
"DragonRiderDefaultWalk_transform","draco_walk_transform.glb","","-1","","144","100","100","100","true","","1"
"DragonRiderDefaultSecondary_transform","draco_super_transform.glb","","31","","","100","","250","","","4"
"DragonRiderDefaultAttack_transform","draco_attack_transform.glb","5","10","","","1","","100","","","hips_s_transform#4+L_upperLeg_s_transform#0+R_upperLeg_s_transform#0"
"DragonRiderDefaultReload_transform","draco_idle_transform.glb","","1","","","500","500","500","","",""
"DragonRiderDefaultPushback_transform","draco_idle_transform.glb","","1","","","50","100","100","","","5"
"AmbusherDefaultIdle","lily_idle.glb","","23","","","100","100","","true","",""
"AmbusherDefaultWalk","lily_run.glb","","23","","170","100","100","","true","","1"
"AmbusherDefaultAttack","lily_attack.glb","4","14","","","","","10","","","spine_lower_s#4"
"AmbusherDefaultSecondary","lily_attack.glb","4","14","","","","","10","","","spine_lower_s#4"
"AmbusherDefaultRecoil","lily_attack.glb","15","26","","","100","100","10","","","spine_lower_s#4"
"AmbusherDefaultRecoil2","lily_attack.glb","15","26","","","100","100","10","","","spine_lower_s#4"
"AmbusherDefaultReload","lily_idle.glb","","-1","","","","","100","","","ChestBone#2"
"AmbusherDefaultPushback","lily_idle.glb","1","34","","","100","100","100","","","5"
"AmbusherDefaultWin","lily_win.glb","","148","","","","10","100","","","5"
"AmbusherDefaultWinloop","lily_win.glb","109","148","","","10","","","true","","1"
"AmbusherDefaultLose","lily_lose.glb","","100","","","","","","","","5"
"AmbusherDefaultLoseloop","lily_lose.glb","45","95","","","","","","true","","1"
"AmbusherDefaultProfile","lily_portrait.glb","1","10","","","","","","true","","5"
"AmbusherDefaultIntro","lily_portrait.glb","","","","","","","","","",""
"RopeDudeGodzillaIdleEgg","buzz_godzilla_egg_idle.glb","1","-1","","","50","50","","true","",""
"RopeDudeGodzillaInteractEgg","buzz_godzilla_egg_interaction.glb","1","-1","","","50","50","","","",""
"RopeDudeGodzillaSurpriseEgg","buzz_godzilla_egg_easteregg4.glb","1","-1","","","50","50","","","",""
"RopeDudeGodzillaAwakeEgg","buzz_godzilla_egg_walkingup.glb","1","-1","","","50","50","","","",""
"GodzillaDefaultLobbyLoop","boss_godzilla_extra_slowmowalk.glb","","-1","-1","","","","","true","",""
"RopeDudeGodzillaIdle_transform","buzz_godzilla_idle_transform.glb","","39","-1","","100","100","","true","",""
"RopeDudeGodzillaWalk_transform","buzz_godzilla_walk_transform.glb","","40","-1","150","100","100","","true","","1"
"RopeDudeGodzillaAttack_transform","buzz_godzilla_attack_transform.glb","","29","-1","","100","100","50","","","spine_02_s_hc#4+L_upperLeg_s_hc#0+R_upperLeg_s_hc#0"
"RopeDudeGodzillaSuperThrow_transform","buzz_godzilla_super_throw_transform.glb","","5","-1","","","","","","","3"
"RopeDudeGodzillaSuperThrowRecoil_transform","buzz_godzilla_super_throw_transform.glb","3","20","-1","","","200","50","","","4"
"RopeDudeGodzillaSuperJump_transform","buzz_godzilla_super_jump_transform.glb","","-1","-1","","100","","50","true","","5"
"CocoonerPetVirusIdle","charlie_virus_spider_idle.glb","","-1","-1","","100","100","","true","",""
"CocoonerPetVirusWalk","charlie_virus_spider_run.glb","","-1","-1","","100","100","","true","",""
"CocoonerPetVirusAttack","charlie_virus_spider_attack.glb","15","-1","-1","","100","100","","","",""
"CocoonerCocoonVirusIdle","charlie_virus_cocoon_idle.glb","","13","-1","","100","100","","true","",""
"GodzillaMechaIdle","boss_godzilla_idle.glb","","35","","","100","100","","true","",""
"GodzillaMechaWalk","boss_godzilla_walk.glb","","39","","","100","100","","true","","1"
"GodzillaMechaPrimary","boss_godzilla_attack2_bite.glb","","-1","","","50","50","100","","","hips_s#3+L_upperLeg_s#0+R_upperLeg_s#0"
"GodzillaMechaSecondary","boss_godzilla_super_flamethrower.glb","","-1","","","100","50","","","","hips_s#4+L_upperLeg_s#0+R_upperLeg_s#0"
"GodzillaMechaReload","boss_godzilla_idle.glb","1","1","","","","","100","","","hips_s#0+L_upperLeg_s#0+R_upperLeg_s#0+R_clavicle_s#4+R_shoulder_s#4+R_elbow_s#4+R_forearm_twist_s#4+R_wrist_s#4+L_clavicle_s#4+L_shoulder_s#4+L_elbow_s#4+L_forearm_twist_s#4+L_wrist_s#4"
"GodzillaMechaWin","boss_godzilla_idle_lobby.glb","","35","","","","","","","","5"
"GodzillaMechaWinloop","boss_godzilla_idle_lobby.glb","","35","","","","","","true","","1"
"GodzillaMechaLose","boss_godzilla_idle.glb","","35","","","","","","","","5"
"GodzillaMechaLoseloop","boss_godzilla_idle.glb","","35","","","","","","true","","1"
"GodzillaMechaDefaultLobbyLoop","boss_godzilla_extra_slowmowalk.glb","","-1","-1","","","","","true","",""
"GodzillaMechaProfile","boss_godzilla_idle.glb","80","80","","","","","","true","",""
"GodzillaMechaIntro","boss_godzilla_idle.glb","","","","","","","","","",""
"GodzillaMechaPrimary_transform","boss_godzilla_attack1_claws.glb","","-1","","","50","50","100","","","hips_s#3+L_upperLeg_s#0+R_upperLeg_s#0"
"RocketGirlCnyIdle","brock_idle1.glb","","-1","","135","74","74","","true","",""
"RocketGirlCnyWalk","brock_walk1.glb","","-1","","150","100","100","","true","","1"
"RocketGirlCnyPrimary","brock_attack1.glb","","-1","","","1","300","300","","","hips_s#3+L_upperLeg_s#0+R_upperLeg_s#0"
"RocketGirlCnySecondary","brock_attack1.glb","","-1","","","1","","","","","hips_s#4+L_upperLeg_s#0+R_upperLeg_s#0"
"RocketGirlCnyRecoil","brock_attack1.glb","","-1","","","1","100","100","","","hips_s#3+L_upperLeg_s#0+R_upperLeg_s#0"
"RocketGirlCnyRecoil2","brock_attack1.glb","","-1","","","1","100","100","","","hips_s#4+L_upperLeg_s#0+R_upperLeg_s#0"
"RocketGirlCnyPushback","brock_pushback1.glb","","-1","","","100","100","100","","","5"
"RocketGirlCnyWin","brock_win1.glb","","50","","","","150","500","","","5"
"RocketGirlCnyWinloop","brock_winloop1.glb","","59","","","150","","500","true","","5"
"RocketGirlCnyLose","brock_lose1.glb","1","70","","","","","","","","5"
"RocketGirlCnyLoseloop","brock_lose1.glb","70","110","","","","","","true","","5"
"RocketGirlCnyProfile","brock_ghost_portrait.glb","1","1","","","","","","","","5"
"DrillerDeepseaIdle","jacky_tentacle_idle.glb","1","45","","","100","100","","true","",""
"DrillerDeepseaWalk","jacky_tentacle_walk.glb","1","-1","","","100","100","","true","","1"
"DrillerDeepseaAttack","jacky_tentacle_attack.glb","6","20","","","","","","true","","3"
"DrillerDeepseaSuper","jacky_tentacle_super.glb","1","-1","","120","","","83","true","","3"
"DrillerDeepseaRecoil","jacky_tentacle_attack.glb","6","20","","","","","100","","","4"
"DrillerDeepseaSuperRecoil","jacky_tentacle_super.glb","1","-1","","120","","","83","true","","4"
"DrillerDeepseaHappy","jacky_tentacle_win.glb","","160","","","","","100","","",""
"DrillerDeepseaHappyLoop","jacky_tentacle_win.glb","130","160","","","","","","true","",""
"DrillerDeepseaLose","jacky_tentacle_lose.glb","","-1","","200","","","","","",""
"DrillerDeepseaLoseloop","jacky_tentacle_lose.glb","","-1","","","","","","true","",""
"DrillerDeepseaPortrait","jacky_tentacle_portrait.glb","1","1","","","","","","","",""
"DrillerDeepseaIntro","jacky_intro.glb","","-1","","","","","","","","||||||| .r117915"
"HammerDudeCave_remakeIdle","frank_caveman_remake_idle.glb","","58","","","500","500","","true","",""
"HammerDudeCave_remakeWalk","frank_caveman_remake_walk.glb","","28","","120","300","300","","true","","5"
"HammerDudeCave_remakePrimary","frank_caveman_remake_attack.glb","1","45","","","","","100","","","5"
"HammerDudeCave_remakeSecondary","frank_caveman_remake_super.glb","1","50","","","100","100","","true","","5"
"HammerDudeCave_remakeRecoil","frank_caveman_remake_attack.glb","22","35","","","","","200","","","5"
"HammerDudeCave_remakeRecoil2","frank_caveman_remake_super.glb","36","50","","","1","1","100","","","5"
"HammerDudeCave_remakeReloading","frank_caveman_remake_idle.glb","","6","","","","","50","","",""
"HammerDudeCave_remakePushback","frank_pushback.glb","","-1","","","120","120","400","","","5"
"HammerDudeCave_remakeWin","frank_caveman_remake_win.glb","1","153","","","","","","","","5"
"HammerDudeCave_remakeWinloop","frank_caveman_remake_win.glb","93","153","","","","","","true","","1"
"HammerDudeCave_remakeLose","frank_caveman_remake_lose.glb","1","96","","","","","","","","5"
"HammerDudeCave_remakeLoseloop","frank_caveman_remake_lose.glb","43","73","","","","","","true","","1"
"HammerDudeCave_remakeProfile","frank_caveman_remake_portrait.glb","15","17","","","","","","true","",""
"HammerDudeCave_remakeIntro","frank_intro_pose.glb","","","","","","","","","",""
"BlowerDeepseaIdle","gale_turtle_idle.glb","1","58","","","200","200","","true","",""
"BlowerDeepseaWalk","gale_turtle_walk.glb","","21","","","200","200","","true","","1"
"BlowerDeepseaPrimary","gale_turtle_attack.glb","1","5","","","","","","","","hips_s#3+L_upperLeg_s#0+R_upperLeg_s#0"
"BlowerDeepseaRecoil","gale_turtle_attack.glb","5","20","","","","","50","","","hips_s#4+L_upperLeg_s#0+R_upperLeg_s#0"
"BlowerDeepseaPushback","gale_turtle_pushback.glb","1","10","","","20","100","100","","","5"
"BlowerDeepseaWin","gale_turtle_win.glb","","140","","","","","","","","5"
"BlowerDeepseaWinloop","gale_turtle_win.glb","100","140","","","","","","true","","1"
"BlowerDeepseaLose","gale_turtle_lose.glb","","164","","","","","","","",""
"BlowerDeepseaLoseloop","gale_turtle_lose.glb","132","164","","","","","","true","",""
"BlowerDeepseaPortrait","gale_turtle_portrait.glb","","","","","","","","","",""
"RuffsPirateIdle","ruffs_pirate_idle.glb","1","29","-1","","100","100","","true","",""
"RuffsPirateWalk","ruffs_pirate_walk.glb","1","22","-1","","100","100","","true","","1"
"RuffsPirateAttack","ruffs_pirate_attack.glb","1","28","-1","","","","","","","hips_s#3+L_upperLeg_s#0+R_upperLeg_s#0"
"RuffsPirateSuper","ruffs_super.glb","1","5","-1","","","","","","","hips_s#3+L_upperLeg_s#0+R_upperLeg_s#0"
"RuffsPirateRecoil","ruffs_pirate_attack.glb","1","30","-1","","","","120","","","hips_s#4+L_upperLeg_s#0+R_upperLeg_s#0"
"RuffsPirateSuperRecoil","ruffs_super.glb","5","20","-1","","","","120","","","hips_s#4+L_upperLeg_s#0+R_upperLeg_s#0"
"RuffsPiratePushback","ruffs_pushback.glb","","-1","-1","","50","100","100","","","5"
"RuffsPirateWin","ruffs_pirate_win.glb","1","188","-1","","","","","","",""
"RuffsPirateWinloop","ruffs_pirate_win.glb","149","188","-1","","","","","true","",""
"RuffsPirateLose","ruffs_pirate_lose.glb","","58","-1","","","","","","",""
"RuffsPirateLoseloop","ruffs_pirate_lose.glb","","-1","-1","","","","","true","",""
"RuffsPiratePortrait","ruffs_pirate_portrait.glb","","","-1","","","","","","",""
"PaintballIdle","item_paintball_ball_geo.glb","","-1","","","1000","1000","100","true","",""
"CannonGirlSmallDeepseaIdle","bonnie_octo_idle.glb","","68","","","100","100","","true","",""
"CannonGirlSmallDeepseaWalk","bonnie_octo_run.glb","","215","","129","100","100","","true","","1"
"CannonGirlSmallDeepseaAttack","bonnie_octo_attack.glb","1","22","","","150","150","10","","","spine_lower_s#4"
"CannonGirlSmallDeepseaMegSuper","bonnie_octo_summon.glb","5","38","-1","","","","","","",""
"CannonGirlSmallDeepseaRecoil","bonnie_octo_attack.glb","1","2","","","1000","1000","10","","","spine_lower_s#4"
"CannonGirlSmallDeepseaRecoil2","bonnie_octo_attack.glb","1","22","","","1500","1000","10","","","spine_lower_s#4"
"CannonGirlSmallDeepseaMegSuperRecoil","bonnie_octo_summon.glb","30","39","-1","","1000","1000","50","","",""
"CannonGirlSmallDeepseaLouchadorSecondary","bonnie_octo_super.glb","","60","","","100","100","","","","5"
"CannonGirlSmallDeepseaReload","bonnie_octo_idle.glb","","-1","","","10000","10000","100","","","ChestBone#2"
"CannonGirlSmallDeepseaPushback","leon_pushback.glb","1","34","","","100","100","100","","","5"
"CannonGirlSmallDeepseaWin","bonnie_octo_idle.glb","1","84","","","","10","100","","","5"
"CannonGirlSmallDeepseaWinloop","bonnie_octo_idle.glb","84","111","","","10","","","true","","1"
"CannonGirlSmallDeepseaLose","bonnie_octo_idle.glb","1","45","","","","","","","","5"
"CannonGirlSmallDeepseaLoseloop","bonnie_octo_idle.glb","45","50","","","","","","true","","1"
"CannonGirlSmallDeepseaProfile","bonnie_octo_idle.glb","1","1","","","","","","true","","5"
"CannonGirlDeepseaIdle","clyde_octo_idle.glb","","58","","","100","100","","true","",""
"CannonGirlDeepseaWalk","clyde_octo_run.glb","","68","","","100","100","","true","","1"
"CannonGirlDeepseaAttack","clyde_octo_attack.glb","","6","","","","50","","","","3"
"CannonGirlDeepseaAttackRecoil","clyde_octo_attack.glb","6","25","","","50","","100","","","4"
"CannonGirlDeepseaReload","clyde_octo_idle.glb","1","15","","","1000","1000","100","","","5"
"CannonGirlDeepseaPushback","carl_pirate_pushback.glb","","-1","","","50","200","100","","","5"
"CannonGirlDeepseaWin","bonnie_octo_win.glb","","112","","","","","","","",""
"CannonGirlDeepseaWinloop","bonnie_octo_win.glb","78","112","","","","","","true","",""
"CannonGirlDeepseaLose","bonnie_octo_lose.glb","","63","","","","","","","",""
"CannonGirlDeepseaLoseloop","bonnie_octo_lose.glb","34","63","","","","","","true","",""
"CannonGirlDeepseaProfile","bonnie_octo_portrait.glb","30","30","","","","","","true","",""
"SniperGreekIdle","piper_athena_idle.glb","1","41","","","100","100","","true","",""
"SniperGreekWalk","piper_athena_walk.glb","1","20","","","100","100","","true","","1"
"SniperGreekAttack","piper_athena_attack.glb","1","12","","","","","","","","hips_s#4+L_upperLeg_s#0+R_upperLeg_s#0+R_dress_01_s#0+L_dress_01_s#0+F_dress_01_s#0+B_dress_01_s#0"
"SniperGreekSecondary","piper_athena_super.glb","","-1","","","50","50","50","","","5"
"SniperGreekRecoil","piper_athena_attack.glb","1","25","","","","","200","","","hips_s#5+L_upperLeg_s#0+R_upperLeg_s#0+R_dress_01_s#0+L_dress_01_s#0+F_dress_01_s#0+B_dress_01_s#0"
"SniperGreekReload","piper_athena_idle.glb","","10","","","100","100","500","","","hips_s#4+L_upperLeg_s#0+R_upperLeg_s#0+R_dress_01_s#0+L_dress_01_s#0+F_dress_01_s#0+B_dress_01_s#0"
"SniperGreekPushback","piper_athena_pushback.glb","1","10","","","50","50","100","","","5"
"SniperGreekWin","piper_athena_win.glb","","167","","","","","","","","5"
"SniperGreekWinloop","piper_athena_win.glb","143","167","","","","","","true","","1"
"SniperGreekLose","piper_athena_lose.glb","","79","","","","","","","","5"
"SniperGreekLoseloop","piper_athena_lose.glb","40","79","","","","","","true","","1"
"SniperGreekProfile","piper_athena_portrait.glb","","","","","","","","","","5"
"BullDudeGreekIdle","bull_minotaur_idle.glb","","28","","","150","150","","true","",""
"BullDudeGreekWalk","bull_minotaur_walk.glb","","21","","","100","100","","true","","1"
"BullDudeGreekPrimary","bull_minotaur_attack.glb","1","3","","","","","","","","hips_s#3+L_upperLeg_s#0+R_upperLeg_s#0"
"BullDudeGreekSecondary","bull_minotaur_super.glb","","21","","150","66","66","133","true","","5"
"BullDudeGreekRecoil","bull_minotaur_attack.glb","4","20","","","50","","100","","","hips_s#4+L_upperLeg_s#0+R_upperLeg_s#0"
"BullDudeGreekReload","bull_minotaur_idle.glb","1","10","","200","250","250","250","","","ChestBone#2"
"BullDudeGreekPushback","bull_rock_pushback.glb","","-1","","","100","100","100","","","5"
"BullDudeGreekWin","bull_minotaur_win.glb","","162","","","","","","","","5"
"BullDudeGreekWinloop","bull_minotaur_win.glb","118","162","","","","","","true","","5"
"BullDudeGreekLose","bull_minotaur_lose_120.glb","","743","","","","","","","","5"
"BullDudeGreekLoseloop","bull_minotaur_lose_120.glb","510","743","","","","","","true","","5"
"BullDudeGreekProfile","bull_minotaur_portrait.glb","1","1","","","","","","true","","5"
"AxeJugglerGreekIdle","melodie_harpy_idle.glb","1","29","-1","130","100","100","","true","",""
"AxeJugglerGreekWalk","melodie_harpy_walk.glb","1","39","-1","","100","100","","true","","1"
"AxeJugglerGreekAttack","melodie_harpy_attack.glb","8","22","-1","","25","","50","","","3"
"AxeJugglerGreekSecondary","melodie_harpy_dash.glb","","28","-1","","25","","50","","","3"
"AxeJugglerGreekRecoil","melodie_harpy_attack.glb","","10","-1","","","","200","","","4"
"AxeJugglerGreekPushback","melodie_harpy_idle.glb","","1","-1","","25","200","100","","",""
"AxeJugglerGreekWin","melodie_harpy_win.glb","1","242","-1","","","","","","",""
"AxeJugglerGreekWinloop","melodie_harpy_win.glb","204","242","-1","","","","","true","",""
"AxeJugglerGreekLose","melodie_harpy_lose.glb","","218","-1","","","","","","",""
"AxeJugglerGreekLoseloop","melodie_harpy_lose.glb","172","218","-1","","","","","true","",""
"AxeJugglerGreekLoseEnter","melodie_harpy_lose.glb","","218","-1","","","","","","",""
"AxeJugglerGreekPortrait","melodie_harpy_portrait.glb","14","15","-1","","","","","true","",""
"BarkeepPirateIdle","barley_pirate_idle.glb","","-1","","","100","100","250","true","",""
"BarkeepPirateWalk","barley_pirate_walk.glb","","19","","120","100","100","","true","","1"
"BarkeepPiratePrimary","barley_pirate_attack.glb","3","12","","","","","","","","ChestBone#3"
"BarkeepPirateSecondary","barley_pirate_attack.glb","","-1","","","100","50","200","","","ChestBone#3"
"BarkeepPirateRecoil","barley_pirate_attack.glb","3","12","","","10","10","10","","","ChestBone#4"
"BarkeepPirateReload","barley_pirate_reload.glb","","-1","","","200","200","200","","","ChestBone#2"
"BarkeepPiratePushback","barley_pirate_pushback.glb","","-1","","","100","100","100","","","5"
"BarkeepPirateWin","barley_pirate_win.glb","","254","","","50","250","250","","",""
"BarkeepPirateWinloop","barley_pirate_win.glb","136","253","","","25","","","true","",""
"BarkeepPirateLose","barley_pirate_lose.glb","","-1","","130","","","38","","",""
"BarkeepPirateLoseloop","barley_pirate_lose.glb","","-1","","120","","","","true","",""
"BarkeepPirateWinidleloop","barley_pirate_win.glb","136","253","","","","","","true","",""
"BarkeepPirateProfile","barley_pirate_portrait.glb","1","1","","","","","","true","",""
"BarkeepPirateIntro","barley_pirate_portrait.glb","","","","","","","","","","||||||| .r118596"
"SandstormDeepseaIdle","sandy_jellyfish_idle.glb","1","128","","","100","100","100","true","","5"
"SandstormDeepseaWalk","sandy_jellyfish_walk.glb","1","20","","","100","100","100","true","","1"
"SandstormDeepseaAttack","sandy_jellyfish_attack.glb","","5","","","","","","","","hips_s#4+L_upperLeg_s#0+R_upperLeg_s#0"
"SandstormDeepseaRecoil","sandy_jellyfish_attack.glb","","12","","","","","50","","","hips_s#4+L_upperLeg_s#0+R_upperLeg_s#0"
"SandstormDeepseaReload","sandy_jellyfish_idle.glb","","10","","","100","100","100","","","hips_s#0+L_upperLeg_s#0+R_upperLeg_s#0"
"SandstormDeepseaPushBack","sandy_jellyfish_pushback.glb","","10","","","100","100","100","","",""
"SandstormDeepseaWin","sandy_jellyfish_win.glb","1","192","","","","","","","",""
"SandstormDeepseaWinloop","sandy_jellyfish_win.glb","152","193","","","","","","true","","1"
"SandstormDeepseaLose","sandy_jellyfish_lose.glb","1","223","","","","","","","",""
"SandstormDeepseaProfile","sandy_jellyfish_portrait.glb","220","220","","","","","","true","","1"
"ReviverPirateIdle","doug_pirate_idle.glb","1","28","","","100","100","","true","",""
"ReviverPirateWalk","doug_pirate_walk.glb","1","19","","","100","100","","true","","1"
"ReviverPirateAttack","doug_pirate_attack.glb","6","20","","","","","","","","3"
"ReviverPirateRecoil","doug_pirate_attack.glb","6","20","","","","","100","","","4"
"ReviverPirateHappy","doug_pirate_win.glb","","144","","","100","","","","",""
"ReviverPirateHappyLoop","doug_pirate_win.glb","85","144","","","100","200","200","true","",""
"ReviverPirateLose","doug_pirate_lose.glb","","97","","","","","","","",""
"ReviverPirateLoseloop","doug_pirate_lose.glb","38","-1","","","","","","true","",""
"ReviverPiratePortrait","doug_pirate_portrait.glb","1","1","","","","","","true","",""
"ReviverPirateIntro","doug_pirate_portrait.glb","","-1","","","","","","","",""
"SplitterGreekIdle","rt_poseidon_idle.glb","1","29","","","200","200","100","true","",""
"SplitterGreekWalk","rt_poseidon_walk.glb","1","20","","","200","200","100","true","","1"
"SplitterGreekAttack","rt_poseidon_attack.glb","1","13","","80","100","100","300","","","hips_s#4+L_upperLeg_s#0+R_upperLeg_s#0"
"SplitterGreekRecoil","rt_poseidon_attack.glb","5","-1","","80","100","100","300","","","hips_s#4+L_upperLeg_s#0+R_upperLeg_s#0"
"SplitterGreekWin","rt_poseidon_win.glb","1","122","","","","","","","",""
"SplitterGreekWinloop","rt_poseidon_win.glb","95","122","","","","","","true","",""
"SplitterGreekLose","rt_poseidon_lose.glb","1","118","","","","","","","",""
"SplitterGreekLoseloop","rt_poseidon_lose.glb","105","118","","","","","","true","",""
"SplitterGreekProfile","rt_poseidon_portrait.glb","1","3","","","","","","true","",""
"InsectManGreekIdle","angelo_dionysus_idle.glb","1","37","","","100","100","","true","",""
"InsectManGreekWalk","angelo_dionysus_walk.glb","1","29","","","100","100","","true","","1"
"InsectManGreekAttack","angelo_dionysus_attackloop.glb","1","17","","","150","","","true","","hips_s#4+L_upperLeg_s#0+R_upperLeg_s#0+R_dress_01_s#0+L_dress_01_s#0+F_dress_01_s#0+B_dress_01_s#0"
"InsectManGreekSecondary","angelo_dionysus_super.glb","","28","","","50","50","50","","","5"
"InsectManGreekRecoil","angelo_dionysus_attack.glb","23","39","","","","","200","","","hips_s#5+L_upperLeg_s#0+R_upperLeg_s#0+R_dress_01_s#0+L_dress_01_s#0+F_dress_01_s#0+B_dress_01_s#0"
"InsectManGreekReload","angelo_dionysus_idle.glb","","10","","","100","100","500","","","hips_s#4+L_upperLeg_s#0+R_upperLeg_s#0+R_dress_01_s#0+L_dress_01_s#0+F_dress_01_s#0+B_dress_01_s#0"
"InsectManGreekPushback","piper_pushback.glb","1","10","","","50","50","100","","","5"
"InsectManGreekWin","angelo_dionysus_win.glb","1","193","","","","","","","","5"
"InsectManGreekWinloop","angelo_dionysus_win.glb","156","193","","","","","","true","","1"
"InsectManGreekLose","angelo_dionysus_lose.glb","1","161","","","","","","","","5"
"InsectManGreekLoseloop","angelo_dionysus_lose.glb","161","161","","","","","","true","","1"
"InsectManGreekProfile","angelo_dionysus_portrait.glb","5","5","","","","","","","","5"
"BanditGirlStar_remakeIdle","shelly_star_remake_idle.glb","","-1","","","100","100","","true","",""
"BanditGirlStar_remakeWalk","shelly_star_remake_walk.glb","","29","","","100","100","","true","","1"
"BanditGirlStar_remakePrimary","shelly_star_remake_attack.glb","1","5","","","","","","","","hips_s#3+L_upperLeg_s#0+R_upperLeg_s#0"
"BanditGirlStar_remakeSecondary","shelly_star_remake_attack.glb","1","5","","","","","","","","hips_s#4+L_upperLeg_s#0+R_upperLeg_s#0"
"BanditGirlStar_remakeCarlSecondary","carl_super.glb","1","59","","","200","200","200","true","","5"
"BanditGirlStar_remakeRecoil","shelly_star_remake_attack.glb","6","20","","","","","100","","","hips_s#4+L_upperLeg_s#0+R_upperLeg_s#0"
"BanditGirlStar_remakeReload","shelly_prereg_reload.glb","1","-1","","","","","100","","","hips_s#0+L_upperLeg_s#0+R_upperLeg_s#0+R_clavicle_s#4+R_shoulder_s#4+R_elbow_s#4+R_forearm_twist_s#4+R_wrist_s#4+L_clavicle_s#4+L_shoulder_s#4+L_elbow_s#4+L_forearm_twist_s#4+L_wrist_s#4"
"BanditGirlStar_remakePushback","shelly_prereg_pushback.glb","","-1","","","100","100","100","","","5"
"BanditGirlStar_remakeWin","shelly_star_remake_win.glb","1","127","","","","","","","","5"
"BanditGirlStar_remakeWinloop","shelly_star_remake_win.glb","98","127","","","","","","true","","1"
"BanditGirlStar_remakeLose","shelly_star_remake_lose.glb","1","118","","","","","","","","5"
"BanditGirlStar_remakeLoseloop","shelly_star_remake_lose.glb","","57","","","","","","true","","1"
"BanditGirlStar_remakeProfile","shelly_star_remake_portrait.glb","","","","","","","","true","",""
"BanditGirlStar_remakeIntro","shelly_star_remake_portrait.glb","","","","","","","","","",""
"WallyDeepseaIdle","sprout_octo_idle.glb","","-1","","","100","100","","true","",""
"WallyDeepseaWalk","sprout_octo_walk.glb","1","29","","","100","100","","true","","1"
"WallyDeepseaPrimary","sprout_octo_attack.glb","","5","","","","","","","","body_s#3+L_wheel_s#0+R_wheel_s#0"
"WallyDeepseaRecoil","sprout_octo_attack.glb","5","30","","","","","100","","","body_s#4+L_wheel_s#0+R_wheel_s#0"
"WallyDeepseaReload","sprout_octo_reload.glb","","20","","","100","100","100","","","body_s#0+L_arm_01_s#4+L_wheel_s#0+R_wheel_s#0"
"WallyDeepseaPushback","sprout_octo_pushback.glb","","10","","","50","100","100","","","5"
"WallyDeepseaWin","sprout_octo_win.glb","","111","","","","","","","",""
"WallyDeepseaWinloop","sprout_octo_win.glb","81","111","","","","","","true","",""
"WallyDeepseaLose","sprout_octo_lose.glb","","55","","","","","","","",""
"WallyDeepseaLoseloop","sprout_octo_lose.glb","55","-1","","","","","","true","",""
"WallyDeepseaPortrait","sprout_octo_portrait.glb","50","50","","","","","","true","",""
"FrankCavemanIdle","frank_caveman_remake_idle.glb","","-1","","","500","500","","true","",""
"FrankCavemanWalk","frank_caveman_remake_walk.glb","1","29","","120","300","300","","true","","5"
"FrankCavemanPrimary","frank_caveman_remake_attack.glb","1","45","","","","","100","","","5"
"FrankCavemanSecondary","frank_caveman_remake_super.glb","1","50","","","100","100","","true","","5"
"FrankCavemanRecoil","frank_caveman_remake_attack.glb","22","35","","","","","200","","","5"
"FrankCavemanRecoil2","frank_caveman_remake_super.glb","36","50","","","1","1","100","","","5"
"FrankCavemanReloading","frank_caveman_remake_idle.glb","","6","","","","","50","","",""
"FrankCavemanPushback","frank_pushback.glb","","-1","","","120","120","400","","","5"
"FrankCavemanWin","frank_caveman_remake_win.glb","1","153","","","","","","","","5"
"FrankCavemanWinloop","frank_caveman_remake_win.glb","93","153","","","","","","true","","1"
"FrankCavemanLose","frank_caveman_remake_lose.glb","1","96","","","","","","","","5"
"FrankCavemanLoseloop","frank_caveman_remake_lose.glb","43","96","","","","","","true","","1"
"FrankCavemanProfile","frank_caveman_remake_portrait.glb","44","44","","","","","","true","",""
"FrankCavemanIntro","frank_intro_pose.glb","","","","","","","","","",""
"TrickshotDudeKing_remakeIdle","rico_king_remake_idle.glb","","-1","","","100","100","","true","",""
"TrickshotDudeKing_remakeWalk","rico_king_remake_walk.glb","","25","","120","100","100","","true","","1"
"TrickshotDudeKing_remakePrimary","rico_king_remake_attack.glb","5","8","","","100","","","","","hips_s#4+L_upperLeg_s#0+R_upperLeg_s#0"
"TrickshotDudeKing_remakeSecondary","rico_king_remake_attack.glb","5","8","","","100","","","","","hips_s#4+L_upperLeg_s#0+R_upperLeg_s#0"
"TrickshotDudeKing_remakeRecoil","rico_king_remake_attack.glb","8","30","","150","50","","100","","","hips_s#4+L_upperLeg_s#0+R_upperLeg_s#0"
"TrickshotDudeKing_remakeReload","rico_king_remake_idle.glb","1","159","","","200","200","200","","",""
"TrickshotDudeKing_remakePushback","rico_king_remake_idle.glb","","-1","","","200","100","200","","","5"
"TrickshotDudeKing_remakeWin","rico_king_remake_win.glb","1","237","","","","","","","",""
"TrickshotDudeKing_remakeWinloop","rico_king_remake_win.glb","207","237","","","","","","true","",""
"TrickshotDudeKing_remakeLose","rico_king_remake_lose.glb","1","24","","","","","","","",""
"TrickshotDudeKing_remakeLoseloop","rico_king_remake_lose.glb","24","51","","","","","","true","",""
"TrickshotDudeKing_remakeRicoProfile","rico_king_remake_portrait.glb","1","1","","","","","","","",""
"MummyGreekIdle","emz_medusa_idle.glb","","39","","","100","100","","true","",""
"MummyGreekWalk","emz_medusa_walk.glb","","29","","","100","100","","true","","1"
"MummyGreekPrimary","emz_medusa_attack.glb","2","6","","","","","","","","hips_s#5+L_upperLeg_s#0+R_upperLeg_s#0"
"MummyGreekRecoil","emz_medusa_attack.glb","7","22","","","50","","100","","","hips_s#5+L_upperLeg_s#0+R_upperLeg_s#0"
"MummyGreekSecondary","emz_medusa_idle.glb","","","","","","","","","",""
"MummyGreekSecondaryRecoil","emz_medusa_idle.glb","","","","","","","","","",""
"MummyGreekReload","emz_medusa_reload.glb","","-1","","","","","100","","","hips_s#1+L_upperLeg_s#0+R_upperLeg_s#0+L_clavicle_s#4+L_shoulder_s#4+L_elbow_s#4+L_forearm_twist_s#4+L_wrist_s#4+R_clavicle_s#0+R_shoulder_s#0+R_elbow_s#0"
"MummyGreekPushback","emz_medusa_pushback.glb","","-1","","","100","100","100","","",""
"MummyGreekWin","emz_medusa_win.glb","","304","","","","","","","",""
"MummyGreekWinloop","emz_medusa_win.glb","208","304","","","","","","true","",""
"MummyGreekLose","emz_medusa_lose.glb","","88","","","","","","","",""
"MummyGreekLoseloop","emz_medusa_lose.glb","100","100","","","","","","true","",""
"MummyGreekProfile","emz_medusa_portrait.glb","77","77","","","","","","","",""
"MummyGreekIntro","emz_medusa_win.glb","31","31","","","","","","true","",""
"TrickshotDudeKing_remakeIdle_transform","rico_king_remake_idle_transform.glb","","160","-1","","100","100","","true","",""
"TrickshotDudeKing_remakeWalk_transform","rico_king_remake_walk_transform.glb","","25","-1","150","100","100","","true","","1"
"TrickshotDudeKing_remakePrimary_transform","rico_king_remake_attack_transform.glb","5","8","","","100","","","","","hips_s_hc#5+L_upperLeg_s_hc#0+R_upperLeg_s_hc#0"
"TrickshotDudeKing_remakeSecondary_transform","rico_king_remake_attack_transform.glb","5","8","","","100","","","","","hips_s_hc#5+L_upperLeg_s_hc#0+R_upperLeg_s_hc#0"
"TrickshotDudeKing_remakeRecoil_transform","rico_king_remake_attack_transform.glb","8","30","","150","50","","100","","","hips_s_hc#5+L_upperLeg_s_hc#0+R_upperLeg_s_hc#0"
"TrickshotDudeKing_remakeReload_transform","rico_king_remake_idle_transform.glb","","160","-1","","100","100","","true","",""
"TrickshotDudeKing_remakePushback_transform","rico_king_remake_idle_transform.glb","","160","-1","","100","100","","true","",""
"CrabIdle","clancy_idle.glb","","28","","","100","100","","true","","1"
"CrabWalk","clancy_walk.glb","","23","","75","100","100","","true","","1"
"CrabSecondary","clancy_super.glb","","-1","","70","","","250","","","4"
"CrabAttackRecoil","clancy_attack.glb","","-1","","200","50","","","","","hips_s#4+L_upperLeg_s#0+R_upperLeg_s#0"
"CrabReload","clancy_idle.glb","","20","","","50","100","100","","","hips_s#0+chest_s#5+L_clavicle_s#1+head_s#0+L_upperLeg_s#0+R_upperLeg_s#0"
"CrabPushback","clancy_idle.glb","","10","","","50","100","100","","","5"
"CrabWin","clancy_win.glb","","229","","","","","","","",""
"CrabWinloop","clancy_win.glb","195","229","","","","","","true","",""
"CrabLose","clancy_lose.glb","","68","","","","","","","",""
"CrabLoseloop","clancy_lose.glb","37","68","","","","","","true","",""
"CrabProfile","clancy_portrait.glb","","-1","","","","","","","",""
"SplitterGreekAttack_transform","rt_poseidon_attack_transform.glb","1","-1","","","","","","","","hips_s#4+L_upperLeg_s#0+R_upperLeg_s#0"
"SplitterGreekIdle_transform","rt_poseidon_move_transform.glb","1","29","","80","100","100","100","true","","1"
"SplitterGreekWalk_transform","rt_poseidon_move_transform.glb","","-1","","180","100","100","","true","","2"
"FireDudeMakeIdle","amber_rollerskates_idle.glb","1","-1","-1","","100","100","","true","",""
"FireDudeMakeWalk","amber_rollerskates_walk.glb","1","23","-1","","100","100","","true","","1"
"FireDudeMakeAttack","amber_rollerskates_attack.glb","5","10","-1","","","","","","","hips_s#3+L_upperLeg_s#0+R_upperLeg_s#0"
"FireDudeMakeRecoil","amber_rollerskates_attack.glb","10","20","-1","","100","100","100","","","hips_s#4+L_upperLeg_s#0+R_upperLeg_s#0"
"FireDudeMakePushback","amber_rollerskates_pushback.glb","","-1","-1","","","","","","",""
"FireDudeMakeWin","amber_rollerskates_win.glb","","70","-1","","","","","","",""
"FireDudeMakeWinloop","amber_rollerskates_win.glb","71","97","-1","","","","","true","",""
"FireDudeMakeLose","amber_rollerskates_lose.glb","","74","-1","","","","","","",""
"FireDudeMakeLoseloop","amber_rollerskates_lose.glb","54","80","-1","","","","","true","",""
"FireDudeMakePortrait","amber_rollerskates_portrait.glb","","-1","","","","","","","",""
"PainterIdle","berry_idle.glb","","-1","","","100","100","250","true","",""
"PainterWalk","berry_walk.glb","","19","","","100","100","","true","","1"
"PainterPrimary","berry_attack.glb","6","20","","","","","","","","hips_s#3+L_upperLeg_s#0+R_upperLeg_s#0"
"PainterSecondary","berry_super.glb","10","17","","","200","200","200","true","","5"
"PainterRecoil","berry_attack.glb","6","20","","","10","10","10","","","hips_s#4+L_upperLeg_s#0+R_upperLeg_s#0"
"PainterReload","berry_idle.glb","","-1","","","200","200","200","","","ChestBone#2"
"PainterPushback","berry_idle.glb","","-1","","","100","100","100","","","5"
"PainterWin","berry_win.glb","","116","","","50","250","250","","",""
"PainterWinloop","berry_win.glb","92","116","","","25","","","true","",""
"PainterLose","berry_lose.glb","","-1","","","","","38","","",""
"PainterLoseloop","berry_lose.glb","66","88","","","","","","true","",""
"PainterWinidleloop","berry_win.glb","92","-1","","","","","","true","",""
"PainterProfile","berry_portrait.glb","1","1","","","","","","","",""
"PainterIntro","berry_win.glb","116","116","","","","","","","",""
"SpawnerDudeMakeIdle","mrp_dragonfruit_idle.glb","","-1","","","100","100","100","true","","1"
"SpawnerDudeMakeWalk","mrp_dragonfruit_walk.glb","1","-1","","","100","100","100","true","",""
"SpawnerDudeMakeAttack","mrp_dragonfruit_attack.glb","","5","","","","","","","","R_gunbone_01_s#4+hips_s#4+L_upperLeg_s#0+R_upperLeg_s#0"
"SpawnerDudeMakeRecoil","mrp_dragonfruit_attack.glb","6","20","","","","200","50","","","R_gunbone_01_s#5+hips_s#5+L_upperLeg_s#0+R_upperLeg_s#0"
"SpawnerDudeMakePushBack","mrp_dragonfruit_idle.glb","","-1","","","100","100","100","","","5"
"SpawnerDudeMakeWin","mrp_dragonfruit_win.glb","","121","","","","","","","","5"
"SpawnerDudeMakeWinloop","mrp_dragonfruit_win.glb","92","120","","","","","","true","","1"
"SpawnerDudeMakeLose","mrp_dragonfruit_lose.glb","","89","","","","","","","","5"
"SpawnerDudeMakeLoseloop","mrp_dragonfruit_lose.glb","56","89","","","","","","true","","1"
"SpawnerDudeMakePortrait","mrp_dragonfruit_portrait.glb","","-1","","","","","","true","","5||||||| .r119288"
"SpawnerDudeTurretMakeIdle","mrp_fly_spawn_init.glb","82","-1","","","","","","true","","1"
"SpawnerDudeTurretMakeSpawn","mrp_fly_spawn_init.glb","","84","","","","","","","","5"
"SpawnerDudeTurretMakeSpawnLoop","mrp_fly_spawn_init.glb","84","100","","","","","","true","","1"
"PaintballKick","item_paintball_ball_kick.glb","","-1","","","","1000","100","true","",""
"PaintballWalk","item_paintball_ball_walk.glb","","-1","","","1000","1000","100","true","",""
"CrabAttackPrimary","clancy_attack.glb","1","22","","300","","","","","","hips_s#4+L_upperLeg_s#0+R_upperLeg_s#0"
"CrabAttackPrimary_lvl2","clancy_attack_lvl2.glb","1","-1","","200","","","","","","hips_s#4+L_upperLeg_s#0+R_upperLeg_s#0"
"CrabAttackPrimary_lvl3","clancy_attack_lvl3.glb","1","-1","","250","","","","","","hips_s#4+L_upperLeg_s#0+R_upperLeg_s#0"
"CrabTransformation","clancy_transformation.glb","1","-1","","","50","","100","","","hips_s#4+L_upperLeg_s#0+R_upperLeg_s#0"
"DragonRiderOnceuponIdle","draco_spirit_knight_idle.glb","","-1","","","100","100","100","true","","1"
"DragonRiderOnceuponWalk","draco_spirit_knight_walk.glb","","27","","144","100","100","","true","","1"
"DragonRiderOnceuponAttack","draco_spirit_knight_attack.glb","1","13","","","1","","100","","","hips_s#4+L_upperLeg_s#0+R_upperLeg_s#0"
"DragonRiderOnceuponSecondary","draco_spirit_knight_super.glb","","38","","","100","","250","","","4"
"DragonRiderOnceuponPushback","draco_spirit_knight_idle.glb","","10","","","50","100","100","","","5"
"DragonRiderOnceuponWin","draco_spirit_knight_win.glb","","229","","","","","","","",""
"DragonRiderOnceuponWinloop","draco_spirit_knight_win.glb","140","229","","","","","","true","",""
"DragonRiderOnceuponLose","draco_spirit_knight_lose.glb","","58","","","","","","","",""
"DragonRiderOnceuponLoseloop","draco_spirit_knight_lose.glb","","58","","","","","","true","",""
"DragonRiderOnceuponProfile","draco_spirit_knight_portrait.glb","","-1","","","","","","","",""
"CookerOnceuponIdle","pearl_medieval_idle.glb","","-1","-1","","100","100","","true","",""
"CookerOnceuponWalk","pearl_medieval_walk.glb","","-1","-1","","100","100","","true","",""
"CookerOnceuponAttack","pearl_medieval_attack.glb","5","20","-1","","","","","","","hips_s#3+L_upperLeg_s#0+R_upperLeg_s#0"
"CookerOnceuponSuper","pearl_super.glb","","20","-1","","","","","true","","hips_s#3+L_upperLeg_s#0+R_upperLeg_s#0"
"CookerOnceuponRecoil","pearl_medieval_attack.glb","14","35","-1","","","","100","","","hips_s#4+L_upperLeg_s#0+R_upperLeg_s#0"
"CookerOnceuponSuperRecoil","pearl_super.glb","6","20","-1","","","","50","","","hips_s#4+L_upperLeg_s#0+R_upperLeg_s#0"
"CookerOnceuponPushback","pearl_medieval_idle.glb","","10","-1","","30","100","100","","","5"
"CookerOnceuponWin","pearl_medieval_win.glb","","186","-1","","","","","","",""
"CookerOnceuponWinloop","pearl_medieval_win.glb","128","186","-1","","","","","true","",""
"CookerOnceuponLose","pearl_medieval_lose.glb","","176","-1","","","","","","",""
"CookerOnceuponLoseloop","pearl_medieval_lose.glb","","176","-1","","","","","true","",""
"CookerOnceuponPortrait","pearl_medieval_portrait.glb","","","-1","","","","","","",""
"BeamerOnceuponIdle","mandy_evilsorceress_idle.glb","1","46","","","50","50","50","true","",""
"BeamerOnceuponWalk","mandy_evilsorceress_walk.glb","1","21","","","","","","true","","1"
"BeamerOnceuponAttack","mandy_evilsorceress_attack.glb","1","12","","","","","","","","hips_s#4+L_upperLeg_s#0+R_upperLeg_s#0+R_dress_01_s#0+L_dress_01_s#0+F_dress_01_s#0+B_dress_01_s#0"
"BeamerOnceuponSecondary","mandy_evilsorceress_super.glb","","46","","","100","100","100","","","5"
"BeamerOnceuponRecoil","mandy_evilsorceress_attack.glb","7","25","","","","","100","","","hips_s#5+L_upperLeg_s#0+R_upperLeg_s#0+R_dress_01_s#0+L_dress_01_s#0+F_dress_01_s#0+B_dress_01_s#0"
"BeamerOnceuponReload","mandy_evilsorceress_idle.glb","","10","","","50","50","50","","","hips_s#0+L_upperLeg_s#0+R_upperLeg_s#0"
"BeamerOnceuponPushback","mandy_evilsorceress_idle.glb","1","10","","","50","50","50","","","5"
"BeamerOnceuponWin","mandy_evilsorceress_win.glb","","188","","","","","","","","5"
"BeamerOnceuponWinloop","mandy_evilsorceress_win.glb","160","188","","","","","","true","","1"
"BeamerOnceuponLose","mandy_evilsorceress_lose.glb","","153","","","","","","","","5"
"BeamerOnceuponLoseloop","mandy_evilsorceress_lose.glb","175","223","","","","","","true","","1"
"BeamerOnceuponProfile","mandy_evilsorceress_portrait.glb","","","","","","","","","","5"
"BeamerOnceuponIdle_transform","mandy_evilsorceress_idle_transform.glb","1","46","","","200","250","","true","",""
"DeadMariachiOnceuponIdle","poco_skullknight_idle.glb","","-1","","","100","100","","true","",""
"DeadMariachiOnceuponWalk","poco_skullknight_walk.glb","","-1","","160","100","100","","true","","1"
"DeadMariachiOnceuponAttack","poco_skullknight_attack.glb","","5","","","100","100","100","","","spine_lower_s#3"
"DeadMariachiOnceuponSecondary","poco_skullknight_attack.glb","4","20","","","100","100","100","","","spine_lower_s#3"
"DeadMariachiOnceuponRecoil","poco_skullknight_attack.glb","4","20","","","100","100","100","","","spine_lower_s#4"
"DeadMariachiOnceuponReload","poco_skullknight_idle.glb","1","2","","","100","200","200","","","spine_lower_s#2"
"DeadMariachiOnceuponPushback","poco_skullknight_idle.glb","","-1","","","200","300","500","","","5"
"DeadMariachiOnceuponWin","poco_skullknight_win.glb","1","102","","","","","","","",""
"DeadMariachiOnceuponWinloop","poco_skullknight_win.glb","103","148","","","","","","true","",""
"DeadMariachiOnceuponLose","poco_skullknight_lose.glb","1","102","","","","","","","",""
"DeadMariachiOnceuponLoseloop","poco_skullknight_lose.glb","54","102","","","","","","true","",""
"DeadMariachiOnceuponProfile","poco_skullknight_portrait.glb","1","1","","","","","","","",""
"AttacherOnceuponIdle","kit_thief_idle.glb","1","19","","","100","100","","true","",""
"AttacherOnceuponWalk","kit_thief_walk.glb","1","23","","110","100","100","","true","","1"
"AttacherOnceuponAttack","kit_thief_attack.glb","2","19","","","","","200","","","spine_lower_s#4"
"AttacherOnceuponSecondary","kit_thief_attack.glb","3","19","","","","","200","","","spine_lower_s#4"
"AttacherOnceuponRecoil","kit_thief_attack.glb","9","19","","","","","200","","","spine_lower_s#4"
"AttacherOnceuponReload","kit_thief_idle.glb","","","","","","","100","","","ChestBone#2"
"AttacherOnceuponPushback","kit_thief_idle.glb","1","1","","","100","100","100","","","5"
"AttacherOnceuponWin","kit_thief_win.glb","1","115","","","","","","","","5"
"AttacherOnceuponWinloop","kit_thief_win.glb","86","115","","","","","","true","","1"
"AttacherOnceuponLose","kit_thief_lose.glb","","86","","","","","","","","5"
"AttacherOnceuponLoseloop","kit_thief_lose.glb","1","86","","","","","","true","","1"
"AttacherOnceuponProfile","kit_thief_portrait.glb","88","88","","","","","","","","5"
"ControllerOnceuponIdle","nani_demonknight_idle.glb","1","45","","","100","100","","true","",""
"ControllerOnceuponWalk","nani_demonknight_walk.glb","1","27","","","100","100","","true","","1"
"ControllerOnceuponAttack","nani_demonknight_attack.glb","","5","","","","","","","","hips_s#3+L_upperLeg_s#0+R_upperLeg_s#0"
"ControllerOnceuponSecondary","nani_demonknight_superloop.glb","","-1","","","200","200","","true","","hips_s#3+L_upperLeg_s#0+R_upperLeg_s#0"
"ControllerOnceuponRecoil","nani_demonknight_attack.glb","","23","","","","","200","","","hips_s#4+L_upperLeg_s#0+R_upperLeg_s#0"
"ControllerOnceuponReload","nani_demonknight_idle.glb","","10","","","200","200","100","","",""
"ControllerOnceuponPushback","nani_demonknight_pushback.glb","","-1","","","50","","100","","","5"
"ControllerOnceuponWin","nani_demonknight_win.glb","","190","","","","","","","","1"
"ControllerOnceuponWinloop","nani_demonknight_win.glb","160","-1","","","","","","true","","1"
"ControllerOnceuponLose","nani_demonknight_lose.glb","","32","","","","","","","","1"
"ControllerOnceuponLoseloop","nani_demonknight_lose.glb","","32","","","","","","true","","1"
"ControllerOnceuponPortrait","nani_demonknight_portrait.glb","","-1","","","","","","","",""
"CrowHarvestIdle","crow_lantern_idle.glb","1","29","","","100","100","","true","","1"
"CrowHarvestWalk","crow_lantern_walk.glb","1","19","","","100","100","","true","","1"
"CrowHarvestPrimary","crow_lantern_attack.glb","","5","","","100","","","","","hips_s#3+L_upperLeg_s#0+R_upperLeg_s#0"
"CrowHarvestSecondary","crow_lantern_super.glb","","45","","","50","50","200","","","5"
"CrowHarvestRecoil","crow_lantern_attack.glb","5","20","","","","50","200","","","hips_s#4+L_upperLeg_s#0+R_upperLeg_s#0"
"CrowHarvestReload","crow_reload.glb","1","20","","","100","100","200","","","hips_s#0+chest_s#5+R_clavicle_s#0+head_s#0+L_upperLeg_s#0+R_upperLeg_s#0"
"CrowHarvestPushback","crow_pushback.glb","1","10","","","200","100","100","","","5"
"CrowHarvestWin","crow_lantern_win.glb","53","305","","","","","","","",""
"CrowHarvestWinloop","crow_lantern_win.glb","305","344","","","","","","true","",""
"CrowHarvestLose","crow_lantern_lose.glb","","77","","","","","","","",""
"CrowHarvestLoseloop","crow_lantern_lose.glb","78","116","","","","","","true","",""
"CrowHarvestProfile","crow_lantern_portrait.glb","1","1","","","","","","","",""
"JesterHarvestIdle","chester_harvest_festival_idle.glb","1","31","","","100","100","","true","",""
"JesterHarvestWalk","chester_harvest_festival_walk.glb","1","31","","170","100","100","","true","","1"
"JesterHarvestAttack","chester_harvest_festival_attack.glb","11","42","","","50","100","10","","","hips_s#3+L_upperLeg_s#0+R_upperLeg_s#0"
"JesterHarvestSecondary","chester_harvest_festival_super.glb","11","42","","","","","10","","","hips_s#3+L_upperLeg_s#0+R_upperLeg_s#0"
"JesterHarvestRecoil","chester_harvest_festival_attack.glb","28","42","","","","","10","","","hips_s#4+L_upperLeg_s#0+R_upperLeg_s#0"
"JesterHarvestRecoil2","chester_harvest_festival_super.glb","28","42","","","","","10","","","hips_s#4+L_upperLeg_s#0+R_upperLeg_s#0"
"JesterHarvestReload","chester_harvest_festival_idle.glb","","7","","","","","100","","",""
"JesterHarvestPushback","chester_harvest_festival_idle.glb","1","1","","","100","100","100","","","5"
"JesterHarvestWin","chester_harvest_festival_win.glb","1","134","","","","10","100","","","5"
"JesterHarvestWinloop","chester_harvest_festival_win.glb","105","134","","","10","","","true","","1"
"JesterHarvestLose","chester_harvest_festival_lose.glb","1","95","","","","","","","","5"
"JesterHarvestLoseloop","chester_harvest_festival_lose.glb","66","95","","","","","","true","","1"
"JesterHarvestProfile","chester_harvest_festival_portrait.glb","","","","","","","","","","5"
"JesterHarvestIntro","chester_harvest_festival_portrait.glb","","","","","","","","","",""
"RopeDudeSBIdle","buzz_patrick_idle.glb","","28","-1","","100","100","","true","",""
"RopeDudeSBWalk","buzz_patrick_walk.glb","","27","-1","","100","100","","true","","1"
"RopeDudeSBAttack","buzz_patrick_attack.glb","","28","-1","","100","100","50","","","hips_s#3+L_upperLeg_s#0+R_upperLeg_s#0"
"RopeDudeSBSuperThrow","buzz_patrick_super_throw.glb","","5","-1","","","","","","","3"
"RopeDudeSBSuperThrowRecoil","buzz_patrick_super_throw.glb","3","20","-1","","","200","50","","","4"
"RopeDudeSBSuperJump","buzz_patrick_jump.glb","","-1","-1","","100","","50","true","","5"
"RopeDudeSBWin","buzz_patrick_win.glb","","125","-1","","","","","","",""
"RopeDudeSBWinloop","buzz_patrick_win.glb","94","125","-1","","","","","true","",""
"RopeDudeSBLose","buzz_patrick_lose.glb","","53","-1","","","","","","",""
"RopeDudeSBLoseloop","buzz_patrick_lose.glb","53","53","-1","","","","","true","",""
"RopeDudeSBPortrait","buzz_patrick_portrait.glb","","-1","-1","","","","","","",""
"BarrelBotSBIdle","darryl_plankton_idle.glb","1","-1","","","100","100","","true","",""
"BarrelBotSBWalk","darryl_plankton_run.glb","1","20","","","100","100","","true","","1"
"BarrelBotSBPrimary","darryl_plankton_attack.glb","","10","","","100","100","100","","","hips_s#3+L_upperLeg_s#0+R_upperLeg_s#0"
"BarrelBotSBBarrelbotSecondary","darryl_plankton_super.glb","","29","","","1","1","1","","","5"
"BarrelBotSBRecoil","darryl_plankton_recoil.glb","1","10","","","","100","100","","","hips_s#4+L_upperLeg_s#0+R_upperLeg_s#0"
"BarrelBotSBRecoil2","darryl_plankton_recoil.glb","1","10","","","","100","100","","","hips_s#4+L_upperLeg_s#0+R_upperLeg_s#0"
"BarrelBotSBReload","darryl_plankton_idle.glb","","-1","","","800","800","800","","","hips_s#3+L_upperLeg_s#0+R_upperLeg_s#0"
"BarrelBotSBPushback","darryl_plankton_pushback.glb","1","10","","","50","100","200","","","5"
"BarrelBotSBBarrelbotWin","darryl_plankton_win.glb","","177","","","","","200","","",""
"BarrelBotSBBarrelbotWinloop","darryl_plankton_win.glb","151","177","","","","","","true","",""
"BarrelBotSBBarrelbotLose","darryl_plankton_lose.glb","","53","","","","","200","","",""
"BarrelBotSBBarrelbotLoseloop","darryl_plankton_lose.glb","54","84","","","","","","true","",""
"BarrelBotSBHide","darryl_plankton_win.glb","","1","","","200","200","100","true","",""
"BarrelBotSBProfile","darryl_plankton_portrait.glb","44","44","","","","","","","",""
"LuchadorSBIdle","primo_spongebob_idle.glb","1","49","","","200","200","","true","",""
"LuchadorSBWalk","primo_spongebob_walk.glb","1","27","","120","150","150","","true","","1"
"LuchadorSBPrimary","primo_spongebob_attack.glb","","5","","","1","100","50","","","hips_s#3+L_upperLeg_s#0+R_upperLeg_s#0"
"LuchadorSBSecondary","primo_spongebob_super.glb","","-1","","","100","100","","","","5"
"LuchadorSBRecoil","primo_spongebob_attack.glb","5","12","","","","","50","","","hips_s#5+L_upperLeg_s#0+R_upperLeg_s#0"
"LuchadorSBRecoil2","primo_spongebob_attack.glb","16","24","","","","","50","","","hips_s#4+L_upperLeg_s#0+R_upperLeg_s#0"
"LuchadorSBPushback","primo_spongebob_idle.glb","","48","","","100","100","400","","","5"
"LuchadorSBWin","primo_spongebob_win.glb","1","133","","","","","","","","5"
"LuchadorSBWinloop","primo_spongebob_win.glb","134","182","","","","","","true","","1"
"LuchadorSBLose","primo_spongebob_lose.glb","1","70","","","","","200","","","5"
"LuchadorSBLoseloop","primo_spongebob_lose.glb","71","115","","","","","","true","","1"
"LuchadorSBProfile","primo_spongebob_portrait.glb","1","1","","","","","","","","5"
"LuchadorSBIntro","primo_spongebob_portrait.glb","","","","","","","","","",""
"MechanicSBIdle","jessie_sandy_idle.glb","","-1","","","100","100","","true","",""
"MechanicSBWalk","jessie_sandy_walk.glb","","-1","","","100","100","","true","","1"
"MechanicSBPrimary","jessie_sandy_attack.glb","","4","","","","","","","","hips_s#3+L_upperLeg_s#0+R_upperLeg_s#0"
"MechanicSBUltiAttack","jessie_sandy_attack.glb","","-1","","","200","200","10","","","5"
"MechanicSBRecoil","jessie_sandy_attack.glb","1","15","","","","","100","","","hips_s#4+L_upperLeg_s#0+R_upperLeg_s#0"
"MechanicSBUltiRecoil","jessie_sandy_idle.glb","","-1","","","200","200","100","","","5"
"MechanicSBReload","jessie_sandy_idle.glb","","","","","200","200","200","","","chest_s#2"
"MechanicSBPushback","jessie_sandy_pushback.glb","","10","","","100","100","100","","","5"
"MechanicSBWin","jessie_sandy_win.glb","","107","","","","","","","",""
"MechanicSBWinloop","jessie_sandy_win.glb","108","138","","","","","","true","",""
"MechanicSBLose","jessie_sandy_lose.glb","1","68","","","","","","","",""
"MechanicSBLoseloop","jessie_sandy_lose.glb","41","68","","","","","","true","",""
"MechanicSBProfile","jessie_sandy_portrait.glb","73","73","","","","","","true","",""
"UndertakerSBIdle","mortis_squidward_idle.glb","1","32","","","200","200","","true","",""
"UndertakerSBWalk","mortis_squidward_walk.glb","1","32","","150","100","100","","true","","1"
"UndertakerSBAttack","mortis_squidward_attack.glb","3","30","","","","250","200","","","3"
"UndertakerSBUltiAttack","mortis_squidward_ult.glb","","5","","","","","","","","hips_s#3+L_upperLeg_s#0+R_upperLeg_s#0"
"UndertakerSBRecoil1","mortis_squidward_attack.glb","3","30","","","","250","200","","","4"
"UndertakerSBUltiRecoil1","mortis_squidward_ult.glb","5","40","","","","","200","","","hips_s#4+L_upperLeg_s#0+R_upperLeg_s#0"
"UndertakerSBPushback","mortis_pushback.glb","","-1","","","100","100","100","","","5"
"UndertakerSBWin","mortis_squidward_win.glb","1","103","","","","","","","","1"
"UndertakerSBWinloop","mortis_squidward_win.glb","75","103","","","","","","true","","1"
"UndertakerSBLose","mortis_squidward_lose.glb","","43","","","","","","","","1"
"UndertakerSBLoseloop","mortis_squidward_lose.glb","12","43","","","","","","true","","1"
"UndertakerSBProfile","mortis_squidward_portrait.glb","49","49","","","","","","","","1"
"UndertakerSBHighlight","mortis_squidward_highlight.glb","","-1","","","","","","","",""
"UndertakerSBHighlightLoop","mortis_squidward_highlight.glb","220","-1","","","","","","true","",""
"UndertakerSBHighlightEnv","mortis_squidward_env_highlight.glb","","-1","","","","","","","",""
"ClusterBombDudeSBIdle","tick_mrkrabs_idle.glb","1","46","","","","","","true","",""
"ClusterBombDudeSBWalk","tick_mrkrabs_walk.glb","1","21","","125","","","","true","","1"
"ClusterBombDudeSBPrimary","tick_mrkrabs_attack.glb","1","20","","","","","25","","","hips_s#4+L_upperLeg_s#0+R_upperLeg_s#0"
"ClusterBombDudeSBSecondary","tick_mrkrabs_ult.glb","1","20","","","","","25","","","hips_s#4+L_upperLeg_s#0+R_upperLeg_s#0"
"ClusterBombDudeSBRecoil","tick_mrkrabs_attack.glb","1","20","","","","","100","","","hips_s#4+L_upperLeg_s#0+R_upperLeg_s#0"
"ClusterBombDudeSBUltRecoil","tick_mrkrabs_ult.glb","1","20","","","","","300","","","hips_s#4+L_upperLeg_s#0+R_upperLeg_s#0"
"ClusterBombDudeSBWin","tick_mrkrabs_win.glb","1","142","","","","","","","",""
"ClusterBombDudeSBWinloop","tick_mrkrabs_win.glb","94","142","","","","","","true","",""
"ClusterBombDudeSBLose","tick_mrkrabs_lose.glb","1","80","","","","","","","",""
"ClusterBombDudeSBLoseloop","tick_mrkrabs_lose.glb","34","-1","","","","","","true","",""
"ClusterBombDudeSBProfile","tick_mrkrabs_portrait.glb","16","16","","","","","","","",""
"SoulCollectorZombieIdle","gus_zombie_idle.glb","","45","-1","","200","200","200","true","",""
"SoulCollectorZombieWalk","gus_zombie_walk.glb","1","24","-1","","200","200","200","true","","1"
"SoulCollectorZombiePrimary","gus_zombie_attack.glb","","4","-1","","","","","","","hips_s#3+L_upperLeg_s#0+R_upperLeg_s#0"
"SoulCollectorZombiePrimaryRecoil","gus_zombie_attack.glb","","23","-1","","","100","250","","","hips_s#4+L_upperLeg_s#0+R_upperLeg_s#0"
"SoulCollectorZombiePushback","gus_pushback.glb","","15","-1","","20","250","250","","",""
"SoulCollectorZombieWin","gus_zombie_win.glb","","167","-1","","","","","","",""
"SoulCollectorZombieWinloop","gus_zombie_win.glb","168","213","-1","","","","","true","",""
"SoulCollectorZombieLose","gus_zombie_lose.glb","","57","-1","","","","","","",""
"SoulCollectorZombieLoseloop","gus_zombie_lose.glb","58","-1","-1","","","","","true","",""
"SoulCollectorZombiePortrait","gus_zombie_portrait.glb","","-1","-1","","","","","","",""
"MinigunDudeZombieIdle","pam_zombie_idle.glb","1","-1","","","100","100","","true","",""
"MinigunDudeZombieWalk","pam_zombie_walk.glb","1","22","","","100","100","","true","","1"
"MinigunDudeZombieAttack","pam_zombie_attack.glb","","4","","","","","","","","hips_s#3+L_upperLeg_s#0+R_upperLeg_s#0"
"MinigunDudeZombieSecondary","pam_zombie_super.glb","","5","","","","","","true","","hips_s#3+L_upperLeg_s#0+R_upperLeg_s#0"
"MinigunDudeZombieRecoil","pam_zombie_attack.glb","4","20","","","","","100","","","hips_s#4+L_upperLeg_s#0+R_upperLeg_s#0"
"MinigunDudeZombieSecondaryRecoil","pam_zombie_super.glb","6","20","","","","","175","","","hips_s#4+L_upperLeg_s#0+R_upperLeg_s#0"
"MinigunDudeZombieReload","pam_zombie_reload.glb","","20","","","100","","100","","","hips_s#1+chest_s#4+spine_lower_s#4+L_upperLeg_s#0+R_upperLeg_s#0"
"MinigunDudeZombiePushback","pam_zombie_pushback.glb","","10","","","25","100","150","","",""
"MinigunDudeZombieWin","pam_zombie_win.glb","","99","","","","","","","","5"
"MinigunDudeZombieWinloop","pam_zombie_win.glb","100","132","","","","","","true","","1"
"MinigunDudeZombieLose","pam_zombie_lose.glb","","50","","","","","","","",""
"MinigunDudeZombieLoseloop","pam_zombie_lose.glb","51","80","","","","","","true","",""
"MinigunDudeZombiePortrait","pam_zombie_portrait.glb","","-1","","","","","","true","",""
"TntDudeZombieIdle","dynamike_zombie_idle.glb","","-1","","","100","100","","true","","0"
"TntDudeZombieWalk","dynamike_zombie_walk.glb","1","29","","150","100","100","","true","","1"
"TntDudeZombiePrimary","dynamike_zombie_attack.glb","1","5","","","","","10","","","hips_s#3"
"TntDudeZombieSecondary","dynamike_zombie_super.glb","1","5","","","","","10","","","hips_s#3"
"TntDudeZombieRecoil","dynamike_zombie_attack.glb","5","20","","","","","100","","","hips_s#4"
"TntDudeZombieUlti","dynamike_zombie_super.glb","5","20","","","","","100","","","hips_s#4"
"TntDudeZombieReload","dynamike_zombie_walk.glb","1","5","","150","66","66","6","","","spine_lower_s#0"
"TntDudeZombiePushback","dynamike_zombie_pushback.glb","","-1","","","100","100","100","","","5"
"TntDudeZombieWin","dynamike_zombie_win.glb","1","58","","","","","","","",""
"TntDudeZombieWinloop","dynamike_zombie_win.glb","59","80","","80","","","","true","",""
"TntDudeZombieLose","dynamike_zombie_lose.glb","","111","","","","","","","",""
"TntDudeZombieLoseloop","dynamike_zombie_lose.glb","112","160","","","","","","true","",""
"TntDudeZombieProfile","dynamike_zombie_portrait.glb","20","20","","","","","","","",""
"KickerDudeWorldfinalIdle","fang_sporty_idle.glb","","-1","-1","","100","100","","true","",""
"KickerDudeWorldfinalWalk","fang_sporty_walk.glb","","-1","-1","","100","100","","true","","1"
"KickerDudeWorldfinalAttack","fang_sporty_attack.glb","","5","","","","","","","","3"
"KickerDudeWorldfinalSuper","fang_sporty_attack.glb","10","13","","","","100","50","true","","3"
"KickerDudeWorldfinalRecoil","fang_sporty_attack.glb","","25","","","","","100","","","4"
"KickerDudeWorldfinalWin","fang_sporty_win.glb","","172","-1","","","","","","",""
"KickerDudeWorldfinalWinloop","fang_sporty_win.glb","173","193","-1","","","","","true","",""
"KickerDudeWorldfinalLose","fang_sporty_lose.glb","","48","-1","","","","","","",""
"KickerDudeWorldfinalLoseloop","fang_sporty_lose.glb","","-1","-1","","","","","true","",""
"KickerDudeWorldfinalPortrait","fang_portrait.glb","","-1","-1","","","","","","",""
"LuchadorVampireIdle","primo_idle.glb","1","49","","","200","200","","true","",""
"LuchadorVampireWalk","primo_walk.glb","1","27","","120","150","150","","true","","1"
"LuchadorVampirePrimary","primo_attack.glb","","5","","","1","100","50","","","hips_s#3+L_upperLeg_s#0+R_upperLeg_s#0"
"LuchadorVampireSecondary","primo_super.glb","","-1","","","100","100","","","","5"
"LuchadorVampireRecoil","primo_attack.glb","5","12","","","","","50","","","hips_s#5+L_upperLeg_s#0+R_upperLeg_s#0"
"LuchadorVampireRecoil2","primo_attack.glb","16","24","","","","","50","","","hips_s#4+L_upperLeg_s#0+R_upperLeg_s#0"
"LuchadorVampirePushback","primo_idle.glb","","20","","","100","100","400","","","5"
"LuchadorVampireWin","primo_win.glb","1","111","","","","","","","","5"
"LuchadorVampireWinloop","primo_win.glb","112","-1","","","","","","true","","1"
"LuchadorVampireLose","primo_lose.glb","1","41","","","","","200","","","5"
"LuchadorVampireLoseloop","primo_lose.glb","42","89","","","","","","true","","1"
"LuchadorVampireProfile","primo_portrait.glb","1","1","","","","","","","","5"
"LuchadorVampireIntro","primo_intro_pose.glb","","","","","","","","","",""
"ClusterBombPetSBIdle","bombhead_idle.glb","1","12","","","","","","true","",""
"AttacherOnceuponIdle_transform","kit_thief_idle_transform.glb","1","19","","","100","100","","true","",""
"ElectroSniperSCmakeIdle","belle_bluedragon_idle.glb","","-1","-1","","100","100","","true","",""
"ElectroSniperSCmakeWalk","belle_bluedragon_walk.glb","","-1","-1","","100","100","","true","","1"
"ElectroSniperSCmakeAttack","belle_bluedragon_attack.glb","1","4","-1","","50","","","","","hips_s#3+L_upperLeg_s#0+R_upperLeg_s#0"
"ElectroSniperSCmakeRecoil","belle_bluedragon_attack.glb","","25","-1","","","","200","","","hips_s#4+L_upperLeg_s#0+R_upperLeg_s#0"
"ElectroSniperSCmakePushback","belle_pushback.glb","","10","-1","","50","","50","","",""
"ElectroSniperSCmakeWin","belle_bluedragon_win.glb","","148","-1","","","","","","",""
"ElectroSniperSCmakeWinloop","belle_bluedragon_win.glb","120","148","-1","","","","","true","",""
"ElectroSniperSCmakeLose","belle_bluedragon_lose.glb","","84","-1","","","","","","",""
"ElectroSniperSCmakeLoseloop","belle_bluedragon_lose.glb","56","-1","-1","","","","","true","",""
"ElectroSniperSCmakePortrait","belle_bluedragon_portrait.glb","","-1","-1","","","","","","",""
"PeepOnceuponIdle","peep_demonknight_idle.glb","1","176","","","","","50","true","",""
"DragonRiderOnceuponIdle_transform","draco_spirit_knight_mount_idle.glb","","-1","","","100","100","","true","","1"
"DragonRiderOnceuponWalk_transform","draco_spirit_knight_mount_walk.glb","","-1","","144","100","100","100","true","","1"
"DragonRiderOnceuponSecondary_transform","draco_spirit_knight_mount_super.glb","","31","","","100","","250","","","4"
"DragonRiderOnceuponAttack_transform","draco_spirit_knight_mount_attack.glb","5","10","","","1","","100","","","hips_s_transform#4+L_upperLeg_s_transform#0+R_upperLeg_s_transform#0"
"DragonRiderOnceuponReload_transform","draco_spirit_knight_mount_idle.glb","","1","","","500","500","500","","",""
"DragonRiderOnceuponPushback_transform","draco_spirit_knight_mount_idle.glb","","1","","","50","100","100","","","5"
"PowerLevelerOnceuponIdle","surge_evilking_idle.glb","","-1","","","100","100","","true","","1"
"PowerLevelerOnceuponWalk","surge_evilking_walk.glb","","-1","","75","100","100","","true","","1"
"PowerLevelerOnceuponSecondary","surge_evilking_super.glb","","40","","","","","250","","","4"
"PowerLevelerOnceuponAttackRecoil","surge_evilking_attack.glb","1","-1","","","50","","100","","","hips_s#4+L_upperLeg_s#0+R_upperLeg_s#0"
"PowerLevelerOnceuponReload","surge_evilking_reload.glb","","20","","","50","100","100","","","hips_s#0+chest_s#5+L_clavicle_s#1+head_s#0+L_upperLeg_s#0+R_upperLeg_s#0"
"PowerLevelerOnceuponPushback","surge_evilking_pushback.glb","","10","","","50","100","100","","","5"
"PowerLevelerOnceuponWin","surge_evilking_win_120.glb","","962","","","","","","","",""
"PowerLevelerOnceuponWinloop","surge_evilking_win_120.glb","773","962","","","","","","true","",""
"PowerLevelerOnceuponLose","surge_evilking_lose.glb","","78","","","","","","","",""
"PowerLevelerOnceuponLoseloop","surge_evilking_lose.glb","","78","","","","","","true","",""
"PowerLevelerOnceuponProfile","surge_evilking_portrait.glb","","-1","","","","","","","",""
"PowerLevelerOnceuponWalk_transform","surge_evilking_walk_transform.glb","","-1","","75","100","100","","true","","1"
"PowerLevelerOnceuponAttackRecoil_transform","surge_evilking_attack_transform.glb","","25","","","50","","100","","","hips_s#4+L_upperLeg_s#0+R_upperLeg_s#0"
"PowerLevelerOnceuponIdle_transform","surge_evilking_idle_transform.glb","","-1","","","100","100","","true","","1"
"FishTankHarvestIdle","fishtank_lantern_idle.glb","","-1","","","100","100","","true","",""
"FishTankHarvestWalk","fishtank_lantern_walk.glb","","-1","","125","100","100","","true","","1"
"FishTankHarvestPrimary","fishtank_lantern_attack.glb","16","20","","","100","100","100","","",""
"FishTankHarvestSecondary","fishtank_lantern_attack.glb","16","20","","","100","100","100","","",""
"FishTankHarvestRecoil","fishtank_lantern_attack.glb","16","20","","","100","100","100","","",""
"FishTankHarvestRecoil2","fishtank_lantern_attack.glb","16","20","","","100","100","100","","",""
"FishTankHarvestWin","fishtank_lantern_win.glb","10","296","","","","","","","",""
"FishTankHarvestWinloop","fishtank_lantern_win.glb","297","348","","","","","","true","",""
"FishTankHarvestLose","fishtank_lantern_lose.glb","","129","","","","","200","","",""
"FishTankHarvestLoseloop","fishtank_lantern_lose.glb","75","129","","","","","200","true","",""
"FishTankHarvestProfile","fishtank_lantern_portrait.glb","1","1","","","","","","","",""
"SamuraiIdle","samurai_idle.glb","1","23","","","200","200","","true","",""
"SamuraiAttack1","samurai_attack1.glb","3","15","","","","250","200","","","3"
"SamuraiAttack2","samurai_attack2.glb","3","16","","","","250","200","","","3"
"SamuraiAttack3","samurai_attack3.glb","3","16","","","","250","200","","","3"
"SamuraiWalk","samurai_walk.glb","1","23","","150","100","100","","true","","1"
"SamuraiUlti","samurai_super.glb","","20","","","","","","","","hips_s#3+L_upperLeg_s#0+R_upperLeg_s#0"
"SamuraiUltiRecoil","samurai_super.glb","5","40","","","","","200","","","hips_s#4+L_upperLeg_s#0+R_upperLeg_s#0"
"SamuraiPushback","samurai_idle.glb","","-1","","","100","100","100","","","5"
"SamuraiWin","samurai_win.glb","1","181","","","","","","","","1"
"SamuraiWinloop","samurai_win.glb","150","181","","","","","","true","","1"
"SamuraiLose","samurai_lose.glb","","156","","","","","","","","1"
"SamuraiLoseloop","samurai_lose.glb","127","156","","","","","","true","","1"
"SamuraiProfile","samurai_portrait.glb","49","49","","","","","","true","","1"
"DiggerIdle","moe_idle_machine.glb","","39","","","100","100","","true","",""
"DiggerWalk","moe_run_machine.glb","","39","","","100","100","","true","","1"
"DiggerAttack","moe_attack_machine.glb","","6","","","","50","","","","3"
"DiggerAttackRecoil","moe_attack_machine.glb","6","25","","","50","","100","","","4"
"DiggerReload","moe_idle_machine.glb","1","15","","","1000","1000","100","","","5"
"DiggerPushback","moe_idle_machine.glb","","-1","","","50","200","100","","","5"
"DiggerWin","moe_win.glb","","207","","","","","","","",""
"DiggerWinloop","moe_win.glb","160","207","","","","","","true","",""
"DiggerLose","moe_lose.glb","","95","","","","","","","",""
"DiggerLoseloop","moe_lose.glb","95","95","","","","","","true","",""
"DiggerProfile","moe_portrait.glb","","","","","","","","true","",""
"DiggerSmallIdle","moe_idle.glb","","39","","","100","100","","true","",""
"DiggerSmallWalk","moe_run.glb","","19","","129","100","100","","true","","1"
"DiggerSmallAttack","moe_attack.glb","1","22","","","150","150","10","","","spine_lower_s#4"
"DiggerSmallSuper","moe_super.glb","","21","-1","200","","","","","",""
"DiggerSmallRecoil","moe_attack.glb","1","2","","","1000","1000","10","","","spine_lower_s#4"
"DiggerSmallRecoil2","moe_attack.glb","1","22","","","1500","1000","10","","","spine_lower_s#4"
"DiggerSmallSuperRecoil","moe_super.glb","21","68","-1","250","","","","","",""
"DiggerSmallSecondary","moe_super_out.glb","","60","","250","","","","","","5"
"DiggerSmallReload","moe_idle.glb","","-1","","","10000","10000","100","","","ChestBone#2"
"DiggerSmallPushback","moe_idle.glb","1","34","","","100","100","100","","","5"
"DiggerSmallWin","moe_win.glb","1","156","","","","10","100","","","5"
"DiggerSmallWinloop","moe_win.glb","158","203","","","10","","","true","","1"
"DiggerSmallLose","moe_lose.glb","1","89","","","","","","","","5"
"DiggerSmallLoseloop","moe_lose.glb","57","88","","","","","","true","","1"
"DiggerSmallProfile","moe_portrait.glb","","","","","","","","","","5"
"SamuraiRareWin","samurai_29_gem_win.glb","1","180","","","","","","","","1"
"SamuraiRareWinloop","samurai_29_gem_win.glb","150","180","","","","","","true","","1"
"SamuraiRareLose","samurai_lose.glb","","44","","","","","","","","1"
"SamuraiRareLoseloop","samurai_lose.glb","44","44","","","","","","true","","1"
"DiggerSmallSuper_transform","moe_super_out.glb","","24","-1","250","","","","","",""
"DiggerSmallSuperRecoil_transform","moe_super_out.glb","24","46","-1","250","200","200","50","","",""
"HealstationZombieIdle","pam_turret_zombie_idle.glb","1","28","","","","","","true","",""
"HealstationZombieSpawn","pam_turret_spawn.glb","","-1","","","","","","","",""
"DiggerWin1","moe_alone_win.glb","1","88","","","","","","","",""
"DiggerWinloop1","moe_alone_win.glb","89","119","","","","","","true","",""
"DiggerSmallWin1","moe_alone_win.glb","1","119","","","","10","100","","","5"
"DiggerSmallWinloop1","moe_alone_win.glb","89","119","","","10","","","true","","1"
"SilencerSewerAddonStarfishIdle","starfish_addon_idle.glb","-1","-1","","","","","","true","",""
"KnightToonIdle","ash_toon_idle.glb","","-1","-1","","100","100","","true","",""
"KnightToonWalk","ash_toon_walk.glb","","-1","-1","","100","100","","true","",""
"KnightToonAttack","ash_toon_attack.glb","5","20","-1","","","","","","","hips_s#3+L_upperLeg_s#0+R_upperLeg_s#0"
"KnightToonRecoil","ash_toon_attack.glb","21","35","-1","","","","100","","","hips_s#4+L_upperLeg_s#0+R_upperLeg_s#0"
"KnightToonSuper","ash_super.glb","","5","-1","","","","","","","hips_s#3+L_upperLeg_s#0+R_upperLeg_s#0"
"KnightToonSuperRecoil","ash_super.glb","6","20","-1","","","","50","","","hips_s#4+L_upperLeg_s#0+R_upperLeg_s#0"
"KnightToonPushback","ash_toon_pushback.glb","","10","-1","","30","100","100","","","5"
"KnightToonWin","ash_toon_win.glb","","144","-1","","","","","","",""
"KnightToonWinloop","ash_toon_win.glb","115","144","-1","","","","","true","",""
"KnightToonLose","ash_toon_lose.glb","","108","-1","","","","","","",""
"KnightToonLoseloop","ash_toon_lose.glb","98","108","-1","","","","","true","",""
"KnightToonPortrait","ash_toon_portrait.glb","","","-1","","","","","","",""
"SilencerDemonIdle","otis_demon_idle.glb","1","60","","","100","100","","true","",""
"SilencerDemonWalk","otis_demon_walk.glb","1","29","","115","100","100","","true","","1"
"SilencerDemonAttack","otis_demon_attack.glb","8","15","","","100","100","","","","hips_s#3+L_upperLeg_s#0+R_upperLeg_s#0"
"SilencerDemonSecondary","otis_demon_super.glb","","5","","","100","100","","","","hips_s#3+L_upperLeg_s#0+R_upperLeg_s#0"
"SilencerDemonRecoil","otis_demon_attack.glb","12","23","","","100","100","100","","","hips_s#4+L_upperLeg_s#0+R_upperLeg_s#0"
"SilencerDemonSecondaryRecoil","otis_demon_super.glb","6","40","","","100","100","175","","","hips_s#4+L_upperLeg_s#0+R_upperLeg_s#0"
"SilencerDemonWin","otis_demon_win.glb","","129","","","","","","","","5"
"SilencerDemonWinloop","otis_demon_win.glb","130","158","","","","","","true","","1"
"SilencerDemonLose","otis_demon_lose.glb","","109","","","","","","","",""
"SilencerDemonLoseloop","otis_demon_lose.glb","110","133","","","","","","true","",""
"SilencerDemonPortrait","otis_demon_portrait.glb","60","-1","","","","","","true","",""
"SilencerDemonAddonStarfishIdle","starfish_demon_idle.glb","","-1","","","","","","true","",""
"SilencerDemonAddonStarfishSpawn","starfish_demon_spawn.glb","1","-1","","","","","200","","","5"
"DuelistToonIdle","cordelius_toon_idle.glb","1","73","","","200","100","","true","",""
"DuelistToonWalk","cordelius_toon_walk.glb","1","23","","","100","100","","true","","1"
"DuelistToonAttack","cordelius_attack.glb","7","24","","","","200","100","","","hips_s#4+L_upperLeg_s#0+R_upperLeg_s#0+R_dress_01_s#0+L_dress_01_s#0+F_dress_01_s#0+B_dress_01_s#0"
"DuelistToonSecondary","cordelius_toon_super.glb","9","37","","","","200","100","","","hips_s#4+L_upperLeg_s#0+R_upperLeg_s#0+R_dress_01_s#0+L_dress_01_s#0+F_dress_01_s#0+B_dress_01_s#0"
"DuelistToonRecoil","cordelius_toon_attack.glb","7","24","","","","200","100","","","hips_s#4+L_upperLeg_s#0+R_upperLeg_s#0+R_dress_01_s#0+L_dress_01_s#0+F_dress_01_s#0+B_dress_01_s#0"
"DuelistToonRecoil2","cordelius_toon_super.glb","9","37","","","","200","100","","","hips_s#4+L_upperLeg_s#0+R_upperLeg_s#0+R_dress_01_s#0+L_dress_01_s#0+F_dress_01_s#0+B_dress_01_s#0"
"DuelistToonReload","cordelius_toon_idle.glb","","-1","","","500","500","500","","","ChestBone#2"
"DuelistToonPushback","cordelius_toon_idle.glb","1","34","","","100","100","100","","","5"
"DuelistToonWin","cordelius_toon_win.glb","","155","","","","10","100","","","5"
"DuelistToonWinloop","cordelius_toon_win.glb","156","217","","","10","","","true","","1"
"DuelistToonLose","cordelius_toon_lose.glb","","218","","","","","","","","5"
"DuelistToonLoseloop","cordelius_toon_lose.glb","198","218","","","","","","true","","1"
"DuelistToonProfile","cordelius_toon_portrait.glb","1","10","","","","","","true","","5"
"DuelistToonIntro","cordelius_toon_portrait.glb","","","","","","","","","",""
"PuppeteerDemonIdle","willow_demon_idle.glb","","31","","","100","100","","true","",""
"PuppeteerDemonWalk","willow_demon_walk.glb","1","23","","","100","100","","true","","1"
"PuppeteerDemonPrimary","willow_attack.glb","1","29","","","","","","","","hips_s#3+L_upperLeg_s#0+R_upperLeg_s#0"
"PuppeteerDemonSecondary","willow_demon_super.glb","1","29","","","","","","","","hips_s#4+L_upperLeg_s#0+R_upperLeg_s#0"
"PuppeteerDemonRecoil","willow_demon_attack.glb","6","29","","","","","100","","","hips_s#4+L_upperLeg_s#0+R_upperLeg_s#0"
"PuppeteerDemonWin","willow_demon_win.glb","1","113","","","","","","","","5"
"PuppeteerDemonWinloop","willow_demon_win.glb","114","161","","","","","","true","","1"
"PuppeteerDemonLose","willow_demon_lose.glb","1","54","","","","","","","","5"
"PuppeteerDemonLoseloop","willow_demon_lose.glb","55","97","","","","","","true","","1"
"PuppeteerDemonProfile","willow_demon_portrait.glb","","","","","","","","true","",""
"PuppeteerDemonIntro","willow_demon_win.glb","250","250","","","","","","","",""
"GhostIdle","shade_idle.glb","1","28","","","200","100","","true","",""
"GhostAttack","shade_attack.glb","3","32","","","100","250","100","","","3"
"GhostRecoil","shade_attack.glb","18","32","","","100","250","100","","","3"
"GhostWalk","shade_walk.glb","1","28","","150","100","100","","true","","1"
"GhostUlti","shade_super.glb","1","-1","","","50","100","","","","4"
"GhostPushback","shade_idle.glb","","-1","","","100","100","100","","","5"
"GhostWin","shade_win.glb","1","348","","","","","","","","1"
"GhostWinloop","shade_win.glb","315","348","","","","","","true","","1"
"GhostLose","shade_lose.glb","","98","","","","","","","","1"
"GhostLoseloop","shade_lose.glb","98","98","","","","","","true","","1"
"GhostProfile","shade_portrait.glb","49","49","","","","","","true","","1"
"AmbusherAngelIdle","lily_angel_idle.glb","","23","","","100","100","","true","",""
"AmbusherAngelWalk","lily_angel_run.glb","","23","","170","100","100","","true","","1"
"AmbusherAngelAttack","lily_angel_attack.glb","4","14","","","","","10","","","spine_lower_s#4"
"AmbusherAngelSecondary","lily_angel_super.glb","4","14","","","","","10","","","spine_lower_s#4"
"AmbusherAngelRecoil","lily_angel_attack.glb","15","26","","","100","100","10","","","spine_lower_s#4"
"AmbusherAngelRecoil2","lily_angel_attack.glb","15","26","","","100","100","10","","","spine_lower_s#4"
"AmbusherAngelReload","lily_angel_idle.glb","","-1","","","","","100","","","ChestBone#2"
"AmbusherAngelPushback","lily_angel_idle.glb","1","34","","","100","100","100","","","5"
"AmbusherAngelWin","lily_angel_win.glb","","173","","","","10","100","","","5"
"AmbusherAngelWinloop","lily_angel_win.glb","174","210","","","10","","","true","","1"
"AmbusherAngelLose","lily_angel_lose_120.glb","","394","","","","","","","","5"
"AmbusherAngelLoseloop","lily_angel_lose_120.glb","394","394","","","","","","true","","1"
"AmbusherAngelProfile","lily_angel_portrait.glb","1","10","","","","","","true","","5"
"AmbusherAngelIntro","lily_angel_portrait.glb","","","","","","","","","",""
"TwinsAngelIdle","angel_good_idle.glb","","28","","","100","100","100","true","",""
"TwinsAngelWalk","angel_good_walk.glb","","19","","120","100","100","","true","","1"
"TwinsAngelPrimary","angel_good_attack.glb","1","6","","","50","50","50","","","hips_s#3+L_upperLeg_s#0+R_upperLeg_s#0"
"TwinsAngelSecondary","angel_good_attack.glb","","3","","","100","50","200","","","hips_s#3+L_upperLeg_s#0+R_upperLeg_s#0"
"TwinsAngelRecoil","angel_good_attack.glb","3","15","","","100","100","100","","","hips_s#4+L_upperLeg_s#0+R_upperLeg_s#0"
"TwinsAngelReload","angel_good_idle.glb","1","1","","","10","10","10","","",""
"TwinsAngelPushback","angel_good_idle.glb","","","","","100","100","100","","","5"
"TwinsAngelWin","angel_good_win.glb","","146","","","50","250","250","","",""
"TwinsAngelWinloop","angel_good_win.glb","147","200","","","25","","","true","",""
"TwinsAngelLose","angel_good_lose.glb","","-1","","130","","","38","","",""
"TwinsAngelLoseloop","angel_good_lose.glb","","78","","120","","","","true","",""
"TwinsAngelWinidleloop","angel_good_win.glb","147","-1","","","","","","true","",""
"TwinsAngelProfile","angel_twins_portrait.glb","1","1","","","","","","","",""
"TwinsAngelIntro","angel_good_win.glb","148","148","","","","","","","",""
"TwinsPetAngelIdle","goodtwin_idle.glb","","28","","","100","100","100","true","",""
"TwinsPetAngelWalk","angel_bad_walk.glb","","19","","","100","100","100","true","","1"
"TwinsPetAngelPrimary","angel_bad_attack.glb","1","3","","","100","100","100","","","hips_s#3+L_upperLeg_s#0+R_upperLeg_s#0"
"TwinsPetAngelSecondary","angel_bad_attack.glb","1","3","","","100","100","100","","","hips_s#3+L_upperLeg_s#0+R_upperLeg_s#0"
"TwinsPetAngelRecoil","angel_bad_attack.glb","3","20","","","100","100","100","","","hips_s#4+L_upperLeg_s#0+R_upperLeg_s#0"
"TwinsPetAngelReload","angel_bad_idle.glb","1","1","","","10","10","10","","",""
"TwinsPetAngelBarkeepPushback","angel_bad_idle.glb","","","","","100","100","100","","","5"
"TwinsPetAngelWin","angel_bad_win.glb","","200","","","50","250","250","","",""
"TwinsPetAngelWinloop","angel_bad_win.glb","150","200","","","25","","","true","",""
"TwinsPetAngelLose","angel_bad_lose.glb","","78","","","100","100","200","","",""
"TwinsPetAngelLoseloop","angel_bad_lose.glb","","78","","","100","100","200","true","",""
"TwinsPetAngelProfile","angel_bad_idle.glb","1","1","","","100","100","350","","",""
"TwinsPetAngelIntro","angel_bad_win.glb","148","148","","","","","","","",""
"IceDudeToonIdle","lou_toon_idle.glb","","-1","","","100","100","","true","",""
"IceDudeToonWalk","lou_toon_walk.glb","1","-1","","","100","100","","true","","1"
"IceDudeToonAttack","lou_toon_attack.glb","1","5","-1","","","","","","","hips_s#3+L_upperLeg_s#0+R_upperLeg_s#0"
"IceDudeToonSuper","lou_toon_attack.glb","1","20","-1","","","","","","","hips_s#3+L_upperLeg_s#0+R_upperLeg_s#0"
"IceDudeToonRecoil","lou_toon_attack.glb","6","20","-1","","","","100","","","hips_s#4+L_upperLeg_s#0+R_upperLeg_s#0"
"IceDudeToonWin","lou_toon_win_120.glb","1","727","","","","","","","",""
"IceDudeToonWinloop","lou_toon_win_120.glb","557","727","","","","","","true","",""
"IceDudeToonLose","lou_toon_lose.glb","1","192","","","","","","","",""
"IceDudeToonLoseloop","lou_toon_lose.glb","147","192","","","","","","true","",""
"IceDudeToonPortrait","lou_toon_portrait.glb","","","","","","","","","",""
"SpeedyAngelIdle","max_angle_idle.glb","1","30","","","50","50","","true","",""
"SpeedyAngelWalk","max_angle_walk.glb","1","20","","","50","50","","true","","1"
"SpeedyAngelPrimary","max_angle_attack.glb","","4","","","","","","","","hips_s#3+L_upperLeg_s#0+R_upperLeg_s#0"
"SpeedyAngelSecondary","max_angle_super.glb","","","","","","","","","","hips_s#3+L_upperLeg_s#0+R_upperLeg_s#0"
"SpeedyAngelRecoil","max_angle_attack.glb","5","21","","","","","100","","","hips_s#4+L_upperLeg_s#0+R_upperLeg_s#0"
"SpeedyAngelSecondaryRecoil","max_angle_super.glb","","-1","","","50","50","50","","","hips_s#4+L_upperLeg_s#0+R_upperLeg_s#0"
"SpeedyAngelReload","max_angle_reload.glb","3","3","","","100","100","100","","","spine_lower_s#0+L_clavicle_s#2+R_clavicle_s#2"
"SpeedyAngelPushback","max_angle_pushback.glb","","10","","","50","100","50","","",""
"SpeedyAngelWin","angel_max_win.glb","","249","","","","","","","","5"
"SpeedyAngelWinloop","angel_max_win.glb","160","249","","","","","","true","","1"
"SpeedyAngelLose","angel_max_lose.glb","1","220","","","","","","","",""
"SpeedyAngelLoseloop","angel_max_lose.glb","144","220","","","","","","true","",""
"SpeedyAngelPortrait","max_angle_portrait.glb","","-1","","","","","","true","",""
"MaisieToonIdle","maisie_toon_idle.glb","","-1","","50","100","100","","true","",""
"MaisieToonWalk","maisie_toon_walk.glb","1","-1","","","100","100","","true","","1"
"MaisieToonPrimary","maisie_attack.glb","1","-1","","","","","","","","hips_s#3+L_upperLeg_s#0+R_upperLeg_s#0"
"MaisieToonSecondary","maisie_toon_super.glb","1","-1","","50","","100","","","","hips_s#4+L_upperLeg_s#0+R_upperLeg_s#0"
"MaisieToonRecoil","maisie_toon_attack.glb","6","-1","","","","","100","","","hips_s#4+L_upperLeg_s#0+R_upperLeg_s#0"
"MaisieToonWin","maisie_toon_win.glb","","156","","","","","","","","5"
"MaisieToonWinloop","maisie_toon_win.glb","129","-1","","","","","","true","","1"
"MaisieToonLose","maisie_toon_lose.glb","1","93","","","","","","","","5"
"MaisieToonLoseloop","maisie_toon_lose.glb","64","-1","","","","","","true","","1"
"MaisieToonProfile","maisie_toon_portrait.glb","","-1","","","","","","true","",""
"MaisieToonIntro","maisie_toon_portrait.glb","","","","","","","","","",""
"UndertakerDemonIdle","mortis_demon_idle.glb","1","32","","","200","200","","true","",""
"UndertakerDemonWalk","mortis_demon_walk.glb","1","32","","150","100","100","","true","","1"
"UndertakerDemonAttack","mortis_demon_attack.glb","3","30","","","","250","200","","","3"
"UndertakerDemonUltiAttack","mortis_demon_ult.glb","","5","","","","","","","","hips_s#3+L_upperLeg_s#0+R_upperLeg_s#0"
"UndertakerDemonRecoil1","mortis_demon_attack.glb","3","30","","","","250","200","","","4"
"UndertakerDemonUltiRecoil1","mortis_demon_ult.glb","5","40","","","","","200","","","hips_s#4+L_upperLeg_s#0+R_upperLeg_s#0"
"UndertakerDemonPushback","mortis_demon_idle.glb","","","","","100","100","100","","","5"
"UndertakerDemonWin","mortis_demon_win.glb","1","207","","","","","","","","1"
"UndertakerDemonWinloop","mortis_demon_win.glb","178","207","","","100","100","100","true","","1"
"UndertakerDemonLose","mortis_demon_lose.glb","","102","","","","","","","","1"
"UndertakerDemonLoseloop","mortis_demon_lose.glb","73","102","","","","","","true","","1"
"UndertakerDemonProfile","mortis_demon_portrait.glb","","","","","","","","","","1"
"EnragerAngelIdle","edgar_angel_idle.glb","1","44","-1","","100","100","","true","",""
"EnragerAngelWalk","edgar_angel_walk.glb","1","22","-1","","100","100","","true","","1"
"EnragerAngelAttack","edgar_angel_attack.glb","1","5","-1","","","","","","","hips_s#3+L_upperLeg_s#0+R_upperLeg_s#0"
"EnragerAngelSuper","edgar_angel_super.glb","5","50","-1","","","250","250","","","3"
"EnragerAngelRecoil","edgar_angel_attack.glb","6","30","-1","","","200","200","","","hips_s#4+L_upperLeg_s#0+R_upperLeg_s#0"
"EnragerAngelPushback","edgar_angel_pushback.glb","","-1","-1","","50","100","100","","","5"
"EnragerAngelWin","edgar_angel_win.glb","","162","-1","","","","","","",""
"EnragerAngelWinloop","edgar_angel_win.glb","163","209","-1","","100","100","100","true","",""
"EnragerAngelLose","edgar_angel_lose.glb","","128","-1","","","","","","",""
"EnragerAngelLoseloop","edgar_angel_lose.glb","80","128","-1","","","","","true","",""
"EnragerAngelProfile","edgar_angel_win.glb","218","218","-1","","","","","true","",""
"HookDudeAngelIdle","gene_angel_idle.glb","","79","","","100","100","","true","",""
"HookDudeAngelWalk","gene_angel_walk.glb","1","29","","120","100","100","","true","","1"
"HookDudeAngelAttack","gene_angel_attack.glb","1","5","","","","","","","","hips_s#3+L_upperLeg_s#0+R_upperLeg_s#0"
"HookDudeAngelSecondary","gene_angel_super.glb","1","30","","","","","","","","hips_s#3+L_upperLeg_s#0+R_upperLeg_s#0"
"HookDudeAngelAttackRecoil","gene_angel_attack.glb","5","20","","","50","","100","","","hips_s#4+L_upperLeg_s#0+R_upperLeg_s#0"
"HookDudeAngelSecondaryRecoil","gene_angel_super.glb","1","30","","","100","","200","","","hips_s#4+L_upperLeg_s#0+R_upperLeg_s#0"
"HookDudeAngelReload","gene_angel_reload.glb","1","26","","","100","200","200","","","spine_lower_s#2"
"HookDudeAngelPushback","gene_angel_idle.glb","","20","","","200","300","500","","","5"
"HookDudeAngelWin","gene_angel_win.glb","1","167","","","","","","","",""
"HookDudeAngelWinloop","gene_angel_win.glb","138","167","","","","","","true","",""
"HookDudeAngelLose","gene_angel_lose.glb","","126","","","100","","","","",""
"HookDudeAngelLoseloop","gene_angel_lose.glb","68","129","","","","","","true","",""
"HookDudeAngelProfile","gene_angel_portrait.glb","1","1","","","","","","true","",""
"MummyDemonIdle","emz_demon_idle.glb","","-1","","","100","100","","true","",""
"MummyDemonWalk","emz_demon_walk.glb","","29","","","100","100","","true","","1"
"MummyDemonPrimary","emz_demon_attack.glb","2","6","","","","","","","","hips_s#5+L_upperLeg_s#0+R_upperLeg_s#0"
"MummyDemonRecoil","emz_demon_attack.glb","7","22","","","50","","100","","","hips_s#5+L_upperLeg_s#0+R_upperLeg_s#0"
"MummyDemonSecondary","emz_demon_idle.glb","","","","","","","","","",""
"MummyDemonSecondaryRecoil","emz_demon_idle.glb","","","","","","","","","",""
"MummyDemonReload","emz_demon_reload.glb","","-1","","","","","100","","","hips_s#1+L_upperLeg_s#0+R_upperLeg_s#0+L_clavicle_s#4+L_shoulder_s#4+L_elbow_s#4+L_forearm_twist_s#4+L_wrist_s#4+R_clavicle_s#0+R_shoulder_s#0+R_elbow_s#0"
"MummyDemonPushback","emz_demon_pushback.glb","","-1","","","100","100","100","","",""
"MummyDemonWin","emz_demon_win.glb","","278","","","","","","","",""
"MummyDemonWinloop","emz_demon_win.glb","200","278","","","","","","true","",""
"MummyDemonLose","emz_demon_lose.glb","","107","","","","","","","",""
"MummyDemonLoseloop","emz_demon_lose.glb","","107","","","","","","true","",""
"MummyDemonProfile","emz_demon_portrait.glb","77","77","","","","","","","",""
"MummyDemonIntro","emz_demon_portrait.glb","","","","","","","","true","",""
"UndertakerDemonIdle_transform","mortis_demon_idle_transform.glb","1","32","","","200","200","","true","",""
"UndertakerDemonWalk_transform","mortis_demon_walk_transform.glb","1","32","","150","100","100","","true","","1"
"UndertakerDemonAttack_transform","mortis_demon_attack_transform.glb","3","30","","","","250","200","","","3"
"UndertakerDemonUltiAttack_transform","mortis_demon_ult_transform.glb","","5","","","","","","","","hips_s_hc#3+L_upperLeg_s_hc#0+R_upperLeg_s_hc#0"
"UndertakerDemonRecoil1_transform","mortis_demon_attack_transform.glb","3","30","","","","250","200","","","4"
"UndertakerDemonUltiRecoil1_transform","mortis_demon_ult_transform.glb","5","40","","","","","200","","","hips_s_hc#4+L_upperLeg_s_hc#0+R_upperLeg_s_hc#0"
"DamageBoosterOverchargeIdle","turret_hc_idle.glb","","-1","-1","","50","50","","true","",""
"DamageBoosterOverchargeAttack","turret_hc_shoot.glb","","11","-1","","","","20","","",""
"DamageBoosterOverchargeSpawn","turret_hc_idle.glb","","-1","-1","","","","50","","",""
"VoodooIdle","selena_idle.glb","1","59","","","200","200","","true","",""
"VoodooAttack1","selena_attack_01.glb","1","31","","","100","100","200","","","hips_s#3+L_upperLeg_s#0+R_upperLeg_s#0"
"VoodooAttack2","selena_attack_02.glb","3","16","","","100","100","200","","","hips_s#3+L_upperLeg_s#0+R_upperLeg_s#0"
"VoodooAttack3","selena_attack_03.glb","3","16","","","100","100","200","","","hips_s#3+L_upperLeg_s#0+R_upperLeg_s#0"
"VoodooWalk","selena_run.glb","1","23","","150","100","100","","true","","1"
"VoodooUlti","selena_super.glb","","38","","","100","100","100","","","hips_s#3+L_upperLeg_s#0+R_upperLeg_s#0"
"VoodooUltiRecoil","selena_super.glb","5","40","","","100","100","200","","","hips_s#4+L_upperLeg_s#0+R_upperLeg_s#0"
"VoodooPushback","selena_idle.glb","","59","","","100","100","100","","","5"
"VoodooWin","selena_win.glb","1","145","","","","","","","","1"
"VoodooWinloop","selena_win.glb","146","205","","","","","","true","","1"
"VoodooLose","selena_lose.glb","","98","","","","","","","","1"
"VoodooLoseloop","selena_lose.glb","61","98","","","","","","true","","1"
"VoodooProfile","selena_portrait.glb","49","49","","","","","","","","1"
"VoodooPetIdle","voodoo_idle.glb","","23","","","100","100","","true","",""
"VoodooPetWalk","voodoo_run.glb","1","27","","170","100","100","","true","","1"
"VoodooPetAttack","voodoo_attack.glb","","26","","","100","200","150","","","spine_lower_s#4"
"RosaToonIdle","rosa_toon_idle.glb","1","25","","","100","100","","true","",""
"RosaToonWalk","rosa_toon_walk.glb","1","24","","","100","100","","true","","1"
"RosaToonAttack","rosa_attack.glb","1","11","","","100","100","50","","","hips_s#3+L_upperLeg_s#0+R_upperLeg_s#0"
"RosaToonAttackRecoil","rosa_toon_attack.glb","12","19","","","1","100","100","","","hips_s#4+L_upperLeg_s#0+R_upperLeg_s#0"
"RosaToonAttackRecoil2","rosa_toon_attack.glb","20","28","","","1","100","100","","","hips_s#5+L_upperLeg_s#0+R_upperLeg_s#0"
"RosaToonUltRecoil","rosa_toon_ult_120.glb","","124","","","1","100","200","","","hips_s#4+L_upperLeg_s#0+R_upperLeg_s#0"
"RosaToonUltRecoil2","rosa_toon_detransform.glb","","26","","","1","100","200","","","hips_s#4+L_upperLeg_s#0+R_upperLeg_s#0"
"RosaToonWin","rosa_toon_win.glb","","187","","","100","200","100","","",""
"RosaToonWinloop","rosa_toon_win.glb","140","187","","","500","100","100","true","",""
"RosaToonLose","rosa_toon_lose.glb","","156","","","100","100","200","","",""
"RosaToonLoseloop","rosa_toon_lose.glb","119","156","","","1","100","200","true","",""
"RosaToonProfile","rosa_toon_portrait.glb","1","1","","","","","","true","",""
"RosaToonIdle_transform","rosa_toon_idle_transform.glb","1","25","","","100","100","","true","",""
"RosaToonWalk_transform","rosa_toon_walk_transform.glb","1","24","","","100","100","","true","","1"
"RosaToonAttack_transform","rosa_toon_attack_transform.glb","1","11","","","100","100","50","","","hips_s#4+L_upperLeg_s#0+R_upperLeg_s#0"
"RosaToonAttackRecoil_transform","rosa_toon_attack_transform.glb","12","19","","","1","100","100","","","hips_s#4+L_upperLeg_s#0+R_upperLeg_s#0"
"RosaToonAttackRecoil2_transform","rosa_toon_attack_transform.glb","20","28","","","1","100","100","","","hips_s#4+L_upperLeg_s#0+R_upperLeg_s#0"
"EnragerAngelIdle_transform","edgar_angel_hc_idle.glb","1","44","-1","","100","100","","true","","R_scarf_01_s#1+L_scarf_01_s#1"
"EnragerAngelWalk_transform","edgar_angel_hc_walk.glb","1","22","-1","","100","100","","true","","1"
"EnragerAngelAttack_transform","edgar_angel_hc_attack.glb","1","5","-1","","","","","","","hips_s_hc#3+L_upperLeg_s_hc#0+R_upperLeg_s_hc#0"
"EnragerAngelSuper_transform","edgar_angel_hc_super.glb","5","50","-1","","","250","250","","","3"
"EnragerAngelRecoil_transform","edgar_angel_hc_attack.glb","6","30","-1","","","200","200","","","hips_s_hc#4+L_upperLeg_s_hc#0+R_upperLeg_s_hc#0"
"EnragerAngelPushback_transform","edgar_angel_hc_pushback.glb","","-1","-1","","50","100","100","","","5"
"GhostWinExtra","shade_win_extra.glb","1","153","","","","","","","",""
"GhostWinExtraLoop","shade_win_extra.glb","120","153","","","","","","true","",""
"AngelicIdle","angel_pet_idle.glb","1","-1","","","200","","","true","","1"
"AngelicPrimary","angel_pet_healing.glb","1","-1","","","","","200","","","2"
"DemonicIdle","demon_pet_idle.glb","1","-1","","","200","","","true","","1"
"DemonicPrimary","demon_pet_attack.glb","1","-1","","","","","200","","","2"
"VoodooWinExtra","selena_win_extra_120.glb","1","591","","","","","","","","1"
"VoodooWinExtraloop","selena_win_extra_120.glb","592","824","","","","","","true","","1"
"PowerLevelerBuzzIdle","surge_bot_idle.glb","","-1","","","100","100","","true","","1"
"PowerLevelerBuzzWalk","surge_bot_walk.glb","","-1","","75","100","100","","true","","1"
"PowerLevelerBuzzSecondary","surge_bot_super.glb","","40","","","","","250","","","4"
"PowerLevelerBuzzAttackRecoil","surge_bot_attack.glb","1","-1","","","50","","100","","","hips_s#4+L_upperLeg_s#0+R_upperLeg_s#0"
"PowerLevelerBuzzReload","surge_bot_reload.glb","","20","","","50","100","100","","","hips_s#0+chest_s#5+L_clavicle_s#1+head_s#0+L_upperLeg_s#0+R_upperLeg_s#0"
"PowerLevelerBuzzPushback","surge_bot_pushback.glb","","10","","","50","100","100","","","5"
"PowerLevelerBuzzWin","surge_bot_win.glb","","184","","","","","","","",""
"PowerLevelerBuzzWinloop","surge_bot_win.glb","185","255","","","","","","true","",""
"PowerLevelerBuzzLose","surge_bot_lose.glb","","169","","","","","","","",""
"PowerLevelerBuzzLoseloop","surge_bot_lose.glb","164","169","","","","","","true","",""
"PowerLevelerBuzzProfile","surge_bot_portrait.glb","","-1","","","","","","","",""
"PowerLevelerBuzzWalk_transform","surge_bot_walk_transform.glb","","-1","","75","100","100","","true","","1"
"PowerLevelerBuzzAttackRecoil_transform","surge_bot_attack_transform.glb","1","-1","","","50","","100","","","hips_s#4+L_upperLeg_s#0+R_upperLeg_s#0"
"PowerLevelerBuzzIdle_transform","surge_bot_idle_transform.glb","","-1","","","100","100","","true","","1"
"MechanicJessieIdle","jessie_jessie_idle.glb","","-1","","","100","100","","true","",""
"MechanicJessieWalk","jessie_jessie_walk.glb","","-1","","","100","100","","true","","1"
"MechanicJessiePrimary","jessie_attack.glb","","4","","","","","","","","hips_s#3+L_upperLeg_s#0+R_upperLeg_s#0"
"MechanicJessieUltiAttack","jessie_jessie_idle.glb","","-1","","","200","200","10","true","","5"
"MechanicJessieRecoil","jessie_jessie_attack.glb","1","15","","","","","100","","","hips_s#4+L_upperLeg_s#0+R_upperLeg_s#0"
"MechanicJessieUltiRecoil","jessie_jessie_idle.glb","","-1","","","200","200","100","","","5"
"MechanicJessieReload","jessie_jessie_idle.glb","","","","","200","200","200","","","chest_s#2"
"MechanicJessiePushback","jessie_jessie_pushback.glb","","10","","","100","100","100","true","","5"
"MechanicJessieWin","jessie_jessie_win.glb","1","258","","","","","","","",""
"MechanicJessieWinloop","jessie_jessie_win.glb","210","258","","","","","","true","",""
"MechanicJessieLose","jessie_jessie_lose.glb","","89","","","","","","","",""
"MechanicJessieLoseloop","jessie_jessie_lose.glb","83","89","","","","","","true","",""
"MechanicJessieProfile","jessie_jessie_portrait.glb","73","73","","","","","","","",""
"TurretJessieIdle","jessie_jessie_turret_idle.glb","","-1","-1","","50","50","","true","",""
"TurretJessieAttack","jessie_jessie_turret_attack.glb","","11","-1","","","","20","","",""
"TurretJessieSpawn","jessie_jessie_turret_spawn.glb","","-1","-1","","","","50","","",""
"TurretJessieWin","jessie_jessie_turret_win.glb","1","258","","","","","","","",""
"TurretJessieWinloop","jessie_jessie_turret_win.glb","208","258","","","","","","true","",""
"GunSlingerWoodyIdle","colt_woody_idle.glb","","-1","","","100","100","","true","",""
"GunSlingerWoodyWalk","colt_woody_run.glb","","-1","","125","100","100","","true","","1"
"GunSlingerWoodyPrimary","colt_woody_attack.glb","","-1","","","100","200","100","","","spine_lower_s#3"
"GunSlingerWoodySecondary","colt_woody_attack.glb","","-1","","","200","200","100","","","spine_lower_s#3"
"GunSlingerWoodyRecoil","colt_woody_recoil1.glb","1","10","","","100","100","200","","","spine_lower_s#4"
"GunSlingerWoodyRecoil2","colt_woody_recoil2.glb","1","10","","","100","100","200","","","spine_lower_s#4"
"GunSlingerWoodyReload","colt_woody_idle.glb","1","3","","","800","800","800","","","spine_lower_s#4"
"GunSlingerWoodyPushback","colt_pushback.glb","","-1","","","100","100","100","","","5"
"GunSlingerWoodyWin","colt_woody_win.glb","","223","","","","","","","",""
"GunSlingerWoodyWinloop","colt_woody_win.glb","182","223","","","","","","true","",""
"GunSlingerWoodyLose","colt_woody_lose.glb","","164","","","","","200","","",""
"GunSlingerWoodyLoseloop","colt_woody_lose.glb","135","164","","","","","200","true","",""
"GunSlingerWoodyProfile","colt_woody_portrait.glb","1","1","","","","","","","",""
"PainterStarrForceIdle","berry_starhorse_idle.glb","","-1","","","100","100","250","true","",""
"PainterStarrForceWalk","berry_starhorse_walk.glb","","19","","","100","100","","true","","1"
"PainterStarrForcePrimary","berry_starhorse_attack.glb","6","20","","","","","","","","ChestBone#3"
"PainterStarrForceSecondary","berry_starhorse_super.glb","10","17","","","200","200","200","true","","5"
"PainterStarrForceRecoil","berry_starhorse_attack.glb","6","20","","","10","10","10","","","ChestBone#4"
"PainterStarrForceReload","berry_starhorse_idle.glb","","-1","","","200","200","200","","","ChestBone#2"
"PainterStarrForcePushback","berry_starhorse_idle.glb","","-1","","","100","100","100","","","5"
"PainterStarrForceWin","berry_starhorse_win.glb","","246","","","50","250","250","","",""
"PainterStarrForceWinloop","berry_starhorse_win.glb","169","246","","","25","","","true","",""
"PainterStarrForceLose","berry_starhorse_lose.glb","","131","","","","","38","","",""
"PainterStarrForceLoseloop","berry_starhorse_lose.glb","132","180","","","","","","true","",""
"PainterStarrForceWinidleloop","berry_starhorse_win.glb","169","-1","","","","","","true","",""
"PainterStarrForceProfile","berry_starhorse_portrait.glb","1","1","","","","","","true","",""
"PainterStarrForceIntro","berry_starhorse_win.glb","136","136","","","","","","","",""
"AttacherToyIdle","kit_wooly_idle.glb","1","19","","","100","100","","true","",""
"AttacherToyWalk","kit_wooly_walk.glb","1","23","","110","100","100","","true","","1"
"AttacherToyAttack","kit_wooly_attack.glb","2","19","","","","","200","","","spine_lower_s#4"
"AttacherToySecondary","kit_wooly_attack.glb","3","19","","","","","200","","","spine_lower_s#4"
"AttacherToyRecoil","kit_wooly_attack.glb","9","19","","","","","200","","","spine_lower_s#4"
"AttacherToyReload","kit_wooly_idle.glb","","","","","","","100","","","ChestBone#2"
"AttacherToyPushback","kit_wooly_idle.glb","1","1","","","100","100","100","","","5"
"AttacherToyWin","kit_wooly_win.glb","1","146","","","","","","","","5"
"AttacherToyWinloop","kit_wooly_win.glb","104","146","","","","","","true","","1"
"AttacherToyLose","kit_wooly_lose.glb","1","63","","","","","","","","5"
"AttacherToyLoseloop","kit_wooly_lose.glb","63","63","","","","","","true","","1"
"AttacherToyProfile","kit_wooly_portrait.glb","88","88","","","","","","","","5"
"AttacherToyIdle_transform","kit_wooly_idle_transform.glb","1","19","","","100","100","","true","",""
"ArtilleryGalToyIdle","penny_toy_idle.glb","","-1","","","100","100","","true","",""
"ArtilleryGalToyWalk","penny_toy_walk.glb","","19","","","100","100","","true","","1"
"ArtilleryGalToyPrimary","penny_toy_attack.glb","1","4","","","","","","","","hips_s#3+L_upperLeg_s#0+R_upperLeg_s#0"
"ArtilleryGalToyUltiAttack","penny_toy_ulti.glb","","5","","","","","10","","","hips_s#4+L_upperLeg_s#0+R_upperLeg_s#0"
"ArtilleryGalToyRecoil","penny_toy_attack.glb","1","20","","","","","150","","","hips_s#4+L_upperLeg_s#0+R_upperLeg_s#0"
"ArtilleryGalToyUltiRecoil","penny_toy_ulti.glb","5","22","","","","","250","","","hips_s#4+L_upperLeg_s#0+R_upperLeg_s#0"
"ArtilleryGalToyReload","penny_toy_idle.glb","","5","","","200","200","200","","",""
"ArtilleryGalToyPushback","penny_toy_idle.glb","","-1","","","100","100","200","","","5"
"ArtilleryGalToyWin","penny_toy_win.glb","1","158","","","","","","","",""
"ArtilleryGalToyWinloop","penny_toy_win.glb","158","158","","","","","","true","",""
"ArtilleryGalToyLose","penny_toy_lose_120.glb","1","475","","","","","","","",""
"ArtilleryGalToyLoseloop","penny_toy_lose_120.glb","475","475","","","","","","true","",""
"ArtilleryGalToyProfile","penny_toy_portrait.glb","1","1","","","","","","true","",""
"BaseballBopeepIdle","bibi_goat_idle.glb","1","29","","","100","100","","true","",""
"BaseballBopeepWalk","bibi_goat_run.glb","1","29","","","120","200","","true","","1"
"BaseballBopeepPrimary","bibi_goat_attack.glb","1","51","","","100","100","100","","","hips_s#4+L_upperLeg_s#0+R_upperLeg_s#0"
"BaseballBopeepSecondary","bibi_goat_attack.glb","1","51","","","100","100","100","true","","hips_s#4+L_upperLeg_s#0+R_upperLeg_s#0"
"BaseballBopeepRecoil","bibi_goat_attack.glb","22","51","","","1","100","100","","","hips_s#4+L_upperLeg_s#0+R_upperLeg_s#0"
"BaseballBopeepRecoil2","bibi_goat_attack.glb","17","51","","","100","100","100","","","hips_s#4+L_upperLeg_s#0+R_upperLeg_s#0"
"BaseballBopeepPushback","bibi_goat_pushback.glb","","-1","","","100","100","100","","","5"
"BaseballBopeepWin","bibi_goat_win.glb","1","238","","","100","","","","","5"
"BaseballBopeepWinloop","bibi_goat_win.glb","144","238","","","","","","true","","1"
"BaseballBopeepLose","bibi_goat_lose.glb","1","132","","","","","","","","5"
"BaseballBopeepLoseloop","bibi_goat_lose.glb","132","132","","","","","","true","","1"
"BaseballBopeepProfile","bibi_goat_portrait.glb","108","108","","","","","","","","5"
"AxeJugglerGoodRandomsIdle","melodie_goodrandoms_idle.glb","1","29","-1","130","100","100","","true","",""
"AxeJugglerGoodRandomsWalk","melodie_goodrandoms_walk.glb","1","39","-1","","100","100","","true","","1"
"AxeJugglerGoodRandomsAttack","melodie_goodrandoms_attack.glb","8","22","-1","","25","","50","","","3"
"AxeJugglerGoodRandomsSecondary","melodie_goodrandoms_dash.glb","","28","-1","","25","200","50","","","3"
"AxeJugglerGoodRandomsRecoil","melodie_goodrandoms_attack.glb","","10","-1","","","","200","","","4"
"AxeJugglerGoodRandomsPushback","melodie_goodrandoms_idle.glb","","1","-1","","25","200","100","","",""
"AxeJugglerGoodRandomsWin","melodie_goodrandoms_win.glb","1","164","-1","","","","","","",""
"AxeJugglerGoodRandomsWinloop","melodie_goodrandoms_win.glb","126","164","-1","","","","","true","",""
"AxeJugglerGoodRandomsLose","melodie_goodrandoms_lose.glb","","138","-1","","","","","","",""
"AxeJugglerGoodRandomsLoseloop","melodie_goodrandoms_lose.glb","109","138","-1","","","","","true","",""
"AxeJugglerGoodRandomsLoseEnter","melodie_goodrandoms_lose.glb","1","1","-1","","","","","","",""
"AxeJugglerGoodRandomsPortrait","melodie_goodrandoms_portrait.glb","1","1","-1","","","","","","",""
"DuplicatorGiftsToyIdle","lolla_puppet_idle.glb","","-1","-1","","100","100","","true","",""
"DuplicatorGiftsToyWalk","lolla_puppet_walk.glb","","-1","-1","","100","100","","true","","1"
"DuplicatorGiftsToyAttack","lolla_puppet_attack.glb","","4","-1","","50","","","","","hips_s#3+L_upperLeg_s#0+R_upperLeg_s#0"
"DuplicatorGiftsToySuper","lolla_puppet_super.glb","","4","-1","","","","","","","hips_s#3+L_upperLeg_s#0+R_upperLeg_s#0"
"DuplicatorGiftsToyRecoil","lolla_puppet_attack.glb","5","17","-1","","","","100","","","hips_s#4+L_upperLeg_s#0+R_upperLeg_s#0"
"DuplicatorGiftsToySuperRecoil","lolla_puppet_super.glb","4","18","-1","","","","100","","","hips_s#4+L_upperLeg_s#0+R_upperLeg_s#0"
"DuplicatorGiftsToyPushback","lolla_puppet_pushback.glb","","10","-1","","20","","100","","",""
"DuplicatorGiftsToyWin","lolla_puppet_win.glb","","-1","-1","","","","800","","",""
"DuplicatorGiftsToyWinloop","lolla_puppet_win.glb","146","-1","-1","","800","800","","true","",""
"DuplicatorGiftsToyLose","lolla_puppet_lose.glb","","139","-1","","","","","","",""
"DuplicatorGiftsToyLoseloop","lolla_puppet_lose.glb","140","173","-1","","","","","true","",""
"DuplicatorGiftsToyPortrait","lolla_puppet_portrait.glb","","-1","-1","","","","","","",""
"BlowerAstronautWin","gale_astronaut_win_120.glb","1","931","","","","","","","","5"
"BlowerAstronautPortrait","gale_astronaut_portrait.glb","1","1","","","","","","true","",""
"BlowerAstronautWinloop","gale_astronaut_win_120.glb","780","931","","","","","","true","","1"
"TntGuyBrawlentineIdle","mike_valentine_idle.glb","","-1","","","100","100","","true","","0"
"TntGuyBrawlentineWalk","mike_valentine_walk.glb","1","29","","150","100","100","","true","","1"
"TntGuyBrawlentinePrimary","dynamike_attack.glb","1","5","","","","","10","","","hips_s#3"
"TntGuyBrawlentineSecondary","mike_valentine_super.glb","1","5","","","","","10","true","","hips_s#3"
"TntGuyBrawlentineRecoil","mike_valentine_attack.glb","5","20","","","","","100","","","hips_s#4"
"TntGuyBrawlentineUlti","mike_valentine_super.glb","5","20","","","","","100","","","hips_s#4"
"TntGuyBrawlentineReload","mike_valentine_walk.glb","1","5","","150","66","66","6","","","spine_lower_s#0"
"TntGuyBrawlentinePushback","mike_valentine_pushback.glb","","-1","","","100","100","100","","","5"
"TntGuyBrawlentineWin","mike_valentine_win_120.glb","1","651","","","","","","","",""
"TntGuyBrawlentineWinloop","mike_valentine_win_120.glb","488","651","","80","","","","true","",""
"TntGuyBrawlentineLose","mike_valentine_lose.glb","","215","","","","","","","",""
"TntGuyBrawlentineLoseloop","mike_valentine_lose.glb","177","215","","","","","","true","",""
"TntGuyBrawlentineProfile","mike_valentine_portrait.glb","20","20","","","","","","true","",""
"Dance1_shelly","shelly_dance_test.glb","","-1","","","150","151","152","true","true","hips_s#1"
"Dance1_elprimo","primo_dance_test.glb","","-1","","","150","151","152","true","true","hips_s#1"
"Dance1_spike","spike_dance_test.glb","","-1","","","150","151","152","true","true","hips_s#1"
"Dance1_mrp","mrp_dance_test.glb","","-1","","","150","151","152","true","true","hips_s#1"
"Dance1_piper","shelly_dance.glb","","-1","","","150","151","152","true","true","hips_s#1"
"DanceT3","shelly_dance.glb","","-1","","","150","151","152","true","true","hips_s#1"
"FleaStarrForceIdle","eve_ufo_idle.glb","1","-1","-1","","400","400","","true","",""
"FleaStarrForceWalk","eve_ufo_walk.glb","","-1","-1","","400","400","","true","","1"
"FleaStarrForceAttack","eve_ufo_attack.glb","","4","-1","","","","","","","3"
"FleaStarrForceSuper","eve_ufo_super.glb","","-1","-1","","","","","true","","3"
"FleaStarrForceAttackRecoil","eve_ufo_attack.glb","5","-1","-1","","","100","300","","","4"
"FleaStarrForceSuperRecoil","eve_ufo_super.glb","","-1","-1","","","100","100","","","4"
"FleaStarrForcePushback","eve_ufo_pushback.glb","","25","-1","","","400","500","","","5"
"FleaStarrForceHappy","eve_ufo_win.glb","","164","-1","","","","","","",""
"FleaStarrForceHappyLoop","eve_ufo_win.glb","120","164","-1","","","","","true","",""
"FleaStarrForceSad","eve_ufo_lose.glb","","152","-1","","","","","","",""
"FleaStarrForceSadLoop","eve_ufo_lose.glb","125","-1","-1","","","","","true","",""
"FleaStarrForceSadEnter","eve_ufo_lose.glb","","","-1","","","","","","",""
"FleaStarrForceProfile","eve_ufo_portraits.glb","101","-1","-1","","","","","","",""
"FleaPetStarrForceIdle","eve_ufo_baby_idle.glb","","-1","-1","","100","100","","true","",""
"FleaPetStarrForceWalk","eve_ufo_baby_walk.glb","","-1","-1","","100","100","","true","",""
"FleaPetStarrForceAttack","eve_ufo_baby_attack.glb","","-1","-1","","100","100","","true","",""
"MeepleIdle","meeple_idle.glb","1","167","","","100","100","","true","",""
"MeepleWalk","meeple_run.glb","1","27","","","100","100","","true","","1"
"MeepleAttack","meeple_attack.glb","8","28","","","","","","","","hips_s#3+L_upperLeg_s#0+R_upperLeg_s#0"
"MeepleSecondary","meeple_super.glb","","-1","","","50","50","50","","","hips_s#4+L_upperLeg_s#0+R_upperLeg_s#0"
"MeepleRecoil","meeple_attack.glb","8","28","","","","","200","","","hips_s#4+L_upperLeg_s#0+R_upperLeg_s#0"
"MeepleReload","meeple_idle.glb","","10","","","100","100","500","","","hips_s#4+L_upperLeg_s#0+R_upperLeg_s#0"
"MeeplePushback","meeple_idle.glb","1","1","","","50","50","100","true","","5"
"MeepleWin","meeple_win_120.glb","1","1376","","","","","","","","5"
"MeepleWinloop","meeple_win_120.glb","1269","1376","","","","","","true","","1"
"MeepleLose","meeple_lose.glb","1","261","","","","","","","","5"
"MeepleLoseloop","meeple_lose.glb","191","263","","","","","","true","","1"
"MeepleProfile","meeple_portrait.glb","","","","","","","","","","5"
"SkaterIdle","ollie_idle.glb","1","38","-1","","100","100","","true","",""
"SkaterWalk","ollie_walk.glb","1","40","-1","","100","100","","true","","1"
"SkaterAttack","ollie_attack1.glb","8","22","-1","","25","","50","","","3"
"SkaterRecoil","ollie_attack1.glb","","10","-1","","","","200","","","4"
"SkaterSecondary","ollie_super.glb","","28","-1","","25","200","50","","","3"
"SkaterRecoil2","ollie_super.glb","9","20","-1","","","","200","","","4"
"SkaterPushback","ollie_idle.glb","","1","-1","","25","200","100","true","",""
"SkaterWin","ollie_win.glb","1","317","-1","","","","","","",""
"SkaterWinloop","ollie_win.glb","296","317","-1","","","","","true","",""
"SkaterLose","ollie_lose.glb","","78","-1","","","","","","",""
"SkaterLoseloop","ollie_lose.glb","60","80","-1","","","","","true","",""
"SkaterPortrait","ollie_portrait.glb","1","1","-1","","","","","true","",""
"SkaterGadgetPrimary","ollie_gadget1.glb","1","15","","","","","1","","","3"
"SkaterGadgetRecoil","ollie_gadget1.glb","15","30","","","","","100","","","4"
"BowDudeBrawlentineIdle","bo_cupid_idle.glb","1","29","","","100","100","","true","",""
"BowDudeBrawlentineWalk","bo_cupid_walk.glb","1","20","","","100","100","","true","","1"
"BowDudeBrawlentineAttack","bo_cupid_attack.glb","1","12","","","50","50","350","","","hips_s#4+L_upperLeg_s#0+R_upperLeg_s#0"
"BowDudeBrawlentineSecondary","bo_ult.glb","1","12","","","50","50","350","true","","hips_s#4+L_upperLeg_s#0+R_upperLeg_s#0"
"BowDudeBrawlentineRecoil","bo_cupid_attack.glb","13","30","","","50","50","350","","","hips_s#4+L_upperLeg_s#0+R_upperLeg_s#0"
"BowDudeBrawlentineRecoil2","bo_ult.glb","13","30","","","50","50","350","","","hips_s#4+L_upperLeg_s#0+R_upperLeg_s#0"
"BowDudeBrawlentineWin","bo_cupid_win.glb","","187","","","100","100","500","","",""
"BowDudeBrawlentineWinloop","bo_cupid_win.glb","157","187","","","100","100","200","true","",""
"BowDudeBrawlentineLose","bo_cupid_lose.glb","1","172","","","100","100","200","","",""
"BowDudeBrawlentineLoseloop","bo_cupid_lose.glb","142","172","","","100","100","200","true","",""
"BowDudeBrawlentineProfile","bo_cupid_portrait.glb","1","1","","","","","","true","",""
"RollerGoodRandomsIdle","stu_goodrandoms_idle.glb","1","29","-1","","100","100","","true","",""
"RollerGoodRandomsWalk","stu_goodrandoms_walk.glb","1","29","-1","","100","100","","true","","1"
"RollerGoodRandomsAttack","stu_goodrandoms_attack.glb","3","22","-1","","25","","50","","","3"
"RollerGoodRandomsRecoil","stu_goodrandoms_attack.glb","3","22","-1","","","","200","","","4"
"RollerGoodRandomsPushback","stu_pushback.glb","","10","-1","","25","200","100","","",""
"RollerGoodRandomsWin","stu_goodrandoms_win.glb","1","164","-1","","","","","","",""
"RollerGoodRandomsWinloop","stu_goodrandoms_win.glb","126","164","-1","","","","","true","",""
"RollerGoodRandomsLose","stu_goodrandoms_lose.glb","","121","-1","","","","","","",""
"RollerGoodRandomsLoseloop","stu_goodrandoms_lose.glb","86","-1","-1","","","","","true","",""
"RollerGoodRandomsLoseEnter","stu_lose.glb","","","-1","","","","","","",""
"RollerGoodRandomsPortrait","stu_goodrandoms_portrait.glb","1","1","-1","","","","","","",""
"CannonGirlSmallChristmasIdle","bonnie_reindeer_idle.glb","","68","","","100","100","","true","",""
"CannonGirlSmallChristmasWalk","bonnie_reindeer_run.glb","","215","","129","100","100","","true","","1"
"CannonGirlSmallChristmasAttack","bonnie_attack_anim.glb","1","22","","","150","150","10","","","spine_lower_s#4"
"CannonGirlSmallChristmasMegSuper","bonnie_reindeer_summonclyde.glb","5","38","-1","","","","","","",""
"CannonGirlSmallChristmasRecoil","bonnie_reindeer_attack.glb","1","2","","","1000","1000","10","","","spine_lower_s#4"
"CannonGirlSmallChristmasRecoil2","bonnie_reindeer_attack.glb","1","22","","","1500","1000","10","","","spine_lower_s#4"
"CannonGirlSmallChristmasMegSuperRecoil","bonnie_summonclyde_anim.glb","30","39","-1","","1000","1000","50","","",""
"CannonGirlSmallChristmasLouchadorSecondary","bonnie_reindeer_superfly.glb","","60","","","100","100","","","","5"
"CannonGirlSmallChristmasReload","bonnie_reindeer_idle.glb","","-1","","","10000","10000","100","","","ChestBone#2"
"CannonGirlSmallChristmasPushback","leon_pushback.glb","1","34","","","100","100","100","","","5"
"CannonGirlSmallChristmasWin","bonnie_reindeer_idle.glb","1","84","","","","10","100","","","5"
"CannonGirlSmallChristmasWinloop","bonnie_reindeer_idle.glb","84","111","","","10","","","true","","1"
"CannonGirlSmallChristmasLose","bonnie_reindeer_idle.glb","1","45","","","","","","","","5"
"CannonGirlSmallChristmasLoseloop","bonnie_reindeer_idle.glb","45","50","","","","","","true","","1"
"CannonGirlSmallChristmasProfile","bonnie_reindeer_idle.glb","1","1","","","","","","true","","5"
"CannonGirlChristmasIdle","clyde_reindeer_idle.glb","","58","","","100","100","","true","",""
"CannonGirlChristmasWalk","clyde_reindeer_run.glb","","68","","","100","100","","true","","1"
"CannonGirlChristmasAttack","clyde_attack_anim.glb","","6","","","","50","","","","3"
"CannonGirlChristmasAttackRecoil","clyde_reindeer_attack.glb","6","25","","","50","","100","","","4"
"CannonGirlChristmasReload","clyde_reindeer_idle.glb","1","15","","","1000","1000","100","","","5"
"CannonGirlChristmasPushback","carl_pirate_pushback.glb","","-1","","","50","200","100","","","5"
"CannonGirlChristmasWin","clyde_reindeer_win.glb","","150","","","","","","","",""
"CannonGirlChristmasWinloop","clyde_reindeer_win.glb","120","150","","","","","","true","",""
"CannonGirlChristmasLose","clyde_reindeer_lose.glb","","98","","","","","","","",""
"CannonGirlChristmasLoseloop","clyde_reindeer_lose.glb","70","98","","","","","","true","",""
"CannonGirlChristmasProfile","bonnie_reindeer_portrait.glb","30","30","","","","","","true","",""
"ShamanBearStarrForceIdle","nita_starforce_bear_idle.glb","1","38","","","100","100","","true","",""
"ShamanBearStarrForceBearWalk","nita_starforce_bear_walk.glb","1","49","","170","100","100","","true","","1"
"ShamanBearStarrForceBearAttack","nita_starforce_bear_attack.glb","","-1","","","100","100","50","","","spine_lower_s#4"
"ShamanBearStarrForceBearRecoil","nita_starforce_bear_attack.glb","","-1","","","10","10","50","","","spine_lower_s#4"
"ShamanBearStarrForceBearPushback","nita_starforce_bear_idle.glb","","-1","","","200","300","500","","","5"
"ShamanStarrForceIdle","nita_starforce_idle.glb","1","34","","","100","100","","true","",""
"ShamanStarrForceWalk","nita_starforce_walk.glb","1","29","","170","100","100","","true","","1"
"ShamanStarrForceAttack","nita_starforce_attack.glb","3","26","","","","","200","","","spine_lower_s#4"
"ShamanStarrForceSecondary","nita_starforce_attack.glb","3","26","","","","","200","true","","spine_lower_s#4"
"ShamanStarrForceRecoil","nita_starforce_attack.glb","3","26","","","","","200","","","spine_lower_s#4"
"ShamanStarrForceReload","nita_starforce_idle.glb","","-1","","","","","100","","","ChestBone#2"
"ShamanStarrForcePushback","nita_starforce_portrait.glb","","-1","","","100","100","100","","","5"
"ShamanStarrForceWin","nita_starforce_win.glb","1","182","","","","","","","","5"
"ShamanStarrForceWinloop","nita_starforce_win.glb","142","182","","","","","","true","","1"
"ShamanStarrForceLose","nita_starforce_lose.glb","1","118","","","","","","","","5"
"ShamanStarrForceLoseloop","nita_starforce_lose.glb","79","118","","","","","","true","","1"
"ShamanStarrForceProfile","nita_starforce_portrait.glb","88","88","","","","","","true","","5"
"SamuraiStarrForceIdle","kenji_hebi_idle.glb","1","23","","","200","200","","true","",""
"SamuraiStarrForceAttack1","kenji_hebi_attack1.glb","3","15","","","","250","200","","","3"
"SamuraiStarrForceAttack2","kenji_hebi_attack2.glb","3","16","","","","250","200","","","3"
"SamuraiStarrForceAttack3","kenji_hebi_attack3.glb","3","16","","","","250","200","","","3"
"SamuraiStarrForceWalk","kenji_hebi_walk.glb","1","23","","150","100","100","","true","","1"
"SamuraiStarrForceUlti","kenji_hebi_super.glb","","20","","","","","","true","","hips_s#3+L_upperLeg_s#0+R_upperLeg_s#0"
"SamuraiStarrForceUltiRecoil","kenji_hebi_super.glb","5","40","","","","","200","","","hips_s#4+L_upperLeg_s#0+R_upperLeg_s#0"
"SamuraiStarrForcePushback","kenji_hebi_idle.glb","","-1","","","100","100","100","","","5"
"SamuraiStarrForceWin","kenji_hebi_win.glb","1","199","","","","","","","","1"
"SamuraiStarrForceWinloop","kenji_hebi_win.glb","169","199","","","","","","true","","1"
"SamuraiStarrForceLose","kenji_hebi_lose.glb","","156","","","","","","","","1"
"SamuraiStarrForceLoseloop","kenji_hebi_lose.glb","128","156","","","","","","true","","1"
"SamuraiStarrForceProfile","kenji_hebi_portrait.glb","49","49","","","","","","true","","1"
"JetpackGirlChristmasIdle","janet_elf_idle.glb","","-1","-1","","100","100","","true","",""
"JetpackGirlChristmasWalk","janet_elf_walk.glb","","-1","-1","80","100","100","","true","","1"
"JetpackGirlChristmasAttack","janet_attack.glb","","5","-1","","","","","","","hips_s#3+L_upperLeg_s#0+R_upperLeg_s#0"
"JetpackGirlChristmasSuper","janet_elf_super.glb","","-1","-1","","200","200","250","true","","4"
"JetpackGirlChristmasAttackRecoil","janet_elf_attack.glb","1","-1","-1","","","","200","","","hips_s#4+L_upperLeg_s#0+R_upperLeg_s#0"
"JetpackGirlChristmasPushback","janet_pushback.glb","","10","-1","","10","","200","","",""
"JetpackGirlChristmasWin","janet_elf_win.glb","","159","-1","","100","","","","",""
"JetpackGirlChristmasWinloop","janet_elf_win.glb","130","159","-1","","","","","true","",""
"JetpackGirlChristmasLose","janet_elf_lose.glb","","168","-1","","","","","","",""
"JetpackGirlChristmasLoseloop","janet_elf_lose.glb","139","168","-1","","","","","true","",""
"JetpackGirlChristmasPortrait","janet_elf_portrait.glb","","-1","-1","","","","","true","",""
"DiggerStarrForceIdle","moe_starcheese_idle.glb","","39","","","100","100","","true","",""
"DiggerStarrForceWalk","moe_starcheese_run.glb","","19","","129","100","100","","true","","1"
"DiggerStarrForceAttack","moe_starcheese_attack.glb","1","22","","","150","150","10","","","spine_lower_s#4"
"DiggerStarrForceSuper","moe_starcheese_super.glb","","21","-1","200","","","","","",""
"DiggerStarrForceRecoil","moe_starcheese_attack.glb","1","2","","","1000","1000","10","","","spine_lower_s#4"
"DiggerStarrForceRecoil2","moe_starcheese_attack.glb","1","22","","","1500","1000","10","","","spine_lower_s#4"
"DiggerStarrForceSuperRecoil","moe_starcheese_super.glb","21","68","-1","250","","","","","",""
"DiggerStarrForceSecondary","moe_starcheese_super_out.glb","","60","","250","","","","","","5"
"DiggerStarrForceReload","moe_starcheese_idle.glb","","-1","","","10000","10000","100","","","ChestBone#2"
"DiggerStarrForcePushback","moe_starcheese_idle.glb","1","34","","","100","100","100","","","5"
"DiggerStarrForceWin1","moe_starcheese_win.glb","1","213","","","","","","","",""
"DiggerStarrForceWinloop1","moe_starcheese_win.glb","174","213","","","","","","true","",""
"DiggerStarrForceLose","moe_starcheese_lose.glb","1","155","","","","","","","","5"
"DiggerStarrForceLoseloop","moe_starcheese_lose.glb","115","155","","","","","","true","","1"
"DiggerStarrForceWin","moe_starcheese_win_machine.glb","1","215","","","","10","100","","","5"
"DiggerStarrForceWinloop","moe_starcheese_win_machine.glb","175","215","","","10","","","true","","1"
"DiggerStarrForceProfile","moe_starcheese_portrait.glb","","","","","","","","","","5"
"DiggerDrillStarrForceIdle","moe_starcheese_idle_machine.glb","","39","","","100","100","","true","",""
"DiggerDrillStarrForceWalk","moe_starcheese_run_machine.glb","","39","","","100","100","","true","","1"
"DiggerDrillStarrForceAttack","moe_starcheese_attack_machine.glb","","6","","","","50","","","","3"
"DiggerDrillStarrForceSmallSuper_transform","moe_starcheese_super_out.glb","","24","-1","250","","","","","",""
"DiggerDrillStarrForceAttackRecoil","moe_starcheese_attack_machine.glb","6","25","","","50","","100","","","4"
"DiggerDrillStarrForceReload","moe_starcheese_idle_machine.glb","1","15","","","1000","1000","100","","","5"
"DiggerDrillStarrForcePushback","moe_starcheese_idle_machine.glb","","-1","","","50","200","100","","","5"
"DiggerDrillStarrForceWin1","moe_starcheese_win.glb","1","213","","","","","","","",""
"DiggerDrillStarrForceWinloop1","moe_starcheese_win.glb","175","213","","","","","","true","",""
"DiggerDrillStarrForceLose","moe_starcheese_lose.glb","","188","","","","","","","",""
"DiggerDrillStarrForceLoseloop","moe_starcheese_lose.glb","95","188","","","","","","true","",""
"DiggerDrillStarrForceWin","moe_starcheese_win.glb","","213","","","","","","","",""
"DiggerDrillStarrForceWinloop","moe_starcheese_win.glb","175","213","","","","","","true","",""
"DiggerDrillStarrForceProfile","moe_starcheese_portrait.glb","","","","","","","","","","||||||| .r129722"
"DoorManStarrForceIdle","gray_galactic_idle.glb","","-1","","","100","100","","true","",""
"DoorManStarrForceWalk","gray_galactic_walk.glb","","-1","","125","100","100","","true","","1"
"DoorManStarrForcePrimary","gray_galactic_attack.glb","15","20","","","50","50","50","","","hips_s#3+L_upperLeg_s#0+R_upperLeg_s#0"
"DoorManStarrForceSecondary","gray_galactic_super.glb","","-1","","","100","100","100","","","hips_s#3+L_upperLeg_s#0+R_upperLeg_s#0"
"DoorManStarrForceRecoil","gray_galactic_attack.glb","20","30","","","50","100","200","","","hips_s#4+L_upperLeg_s#0+R_upperLeg_s#0"
"DoorManStarrForceRecoil2","gray_galactic_super.glb","50","70","","","100","100","100","","","hips_s#4+L_upperLeg_s#0+R_upperLeg_s#0"
"DoorManStarrForceReload","gray_galactic_idle.glb","1","3","","","800","800","800","","","spine_lower_s#4"
"DoorManStarrForcePushback","gray_galactic_walk.glb","","-1","","","100","100","100","","","5"
"DoorManStarrForceWin","gray_galactic_win.glb","","180","","","","","","","",""
"DoorManStarrForceWinloop","gray_galactic_win.glb","85","180","","","","","","true","",""
"DoorManStarrForceLose","gray_galactic_lose.glb","1","100","","","","","200","","",""
"DoorManStarrForceLoseloop","gray_galactic_lose.glb","68","100","","","","","200","true","",""
"DoorManStarrForceProfile","gray_galactic_portrait.glb","30","31","","","","","","","",""
"NinjaChampionshipIdle","leon_champion_idle.glb","1","28","","","100","100","","true","",""
"NinjaChampionshipWalk","leon_champion_walk.glb","1","29","","170","100","100","","true","","1"
"NinjaChampionshipAttack","leon_champion_attack.glb","1","3","","","","","10","","","spine_lower_s#4"
"NinjaChampionshipSecondary","leon_champion_idle.glb","1","20","","","","","10","","","spine_lower_s#4"
"NinjaChampionshipRecoil","leon_champion_attack.glb","3","7","","","","","10","","","spine_lower_s#4"
"NinjaChampionshipRecoil2","leon_champion_attack.glb","7","11","","","","","10","","","spine_lower_s#4"
"NinjaChampionshipReload","leon_champion_idle.glb","","-1","","","","","100","","","ChestBone#2"
"NinjaChampionshipPushback","leon_champion_idle.glb","1","1","","","100","100","100","","","5"
"NinjaChampionshipWin","leon_champion_win.glb","1","150","","","","10","100","","","5"
"NinjaChampionshipWinloop","leon_champion_win.glb","150","203","","","10","","","true","","1"
"NinjaChampionshipLose","leon_champion_lose.glb","","165","","","","","","","","5"
"NinjaChampionshipLoseloop","leon_champion_lose.glb","113","165","","","","","","true","","1"
"NinjaChampionshipProfile","leon_champion_portrait.glb","1","10","","","","","","true","","5"
"NinjaChampionshipIntro","leon_champion_portrait.glb","","","","","","","","","",""
"DeadMariachiGoodRandomsIdle","poco_goodrandoms_idle.glb","","-1","","","100","100","","true","",""
"DeadMariachiGoodRandomsWalk","poco_goodrandoms_walk.glb","","-1","","160","100","100","","true","","1"
"DeadMariachiGoodRandomsAttack","poco_goodrandoms_attack.glb","","5","","","100","100","100","","","spine_lower_s#3"
"DeadMariachiGoodRandomsSecondary","poco_goodrandoms_attack.glb","4","20","","","100","100","100","","","spine_lower_s#3"
"DeadMariachiGoodRandomsRecoil","poco_goodrandoms_attack.glb","4","20","","","100","100","100","","","spine_lower_s#4"
"DeadMariachiGoodRandomsReload","poco_goodrandoms_idle.glb","1","2","","","100","200","200","","","spine_lower_s#2"
"DeadMariachiGoodRandomsPushback","poco_goodrandoms_idle.glb","","-1","","","200","300","500","","","5"
"DeadMariachiGoodRandomsWin","poco_goodrandoms_win_120.glb","1","659","","","","","","","",""
"DeadMariachiGoodRandomsWinloop","poco_goodrandoms_win_120.glb","504","659","","","","","","true","",""
"DeadMariachiGoodRandomsLose","poco_goodrandoms_lose_120.glb","1","731","","","","","","","",""
"DeadMariachiGoodRandomsLoseloop","poco_goodrandoms_lose_120.glb","595","731","","","","","","true","",""
"DeadMariachiGoodRandomsProfile","poco_goodrandoms_portrait.glb","1","1","","","","","","","",""
"RopeDudeGoodRandomsIdle","buzz_good_randoms_idle.glb","","28","-1","","100","100","","true","",""
"RopeDudeGoodRandomsWalk","buzz_goodrandoms_walk.glb","","27","-1","","100","100","","true","","1"
"RopeDudeGoodRandomsAttack","buzz_good_randoms_attack.glb","","28","-1","","100","100","50","","","hips_s#3+L_upperLeg_s#0+R_upperLeg_s#0"
"RopeDudeGoodRandomsSuperThrow","buzz_goodrandoms_super_throw.glb","","5","-1","","","","","","","3"
"RopeDudeGoodRandomsSuperThrowRecoil","buzz_goodrandoms_super_throw.glb","3","20","-1","","","200","50","","","4"
"RopeDudeGoodRandomsSuperJump","buzz_goodrandoms_super_jump.glb","","-1","-1","","100","","50","true","","5"
"RopeDudeGoodRandomsWin","buzz_goodrandoms_win.glb","1","167","-1","","","","","","",""
"RopeDudeGoodRandomsWinloop","buzz_goodrandoms_win.glb","129","167","-1","","","","","true","",""
"RopeDudeGoodRandomsLose","buzz_goodrandoms_lose.glb","1","189","-1","","","","","","",""
"RopeDudeGoodRandomsLoseloop","buzz_goodrandoms_lose.glb","150","189","-1","","","","","true","",""
"RopeDudeGoodRandomsPortrait","buzz_goodrandoms_portrait.glb","","-1","-1","","","","","","",""
"GaleAstronautWalk","gale_astronaut_walk.glb","1","22","","","200","200","","true","","1"
"GaleAstronautPrimary","gale_astronaut_attack.glb","1","5","","","","","","","","hips_s#3+L_upperLeg_s#0+R_upperLeg_s#0"
"GaleAstronautRecoil","gale_astronaut_attack.glb","5","20","","","","","50","","","hips_s#4+L_upperLeg_s#0+R_upperLeg_s#0"
"MeepleBowlingProfile","meeple29_portrait.glb","","","","","","","","true","","5"
"MeepleGadgetPrimary","meeple_gadget_attack1.glb","1","15","","","","","1","","","3"
"MeepleGadgetRecoil","meeple_gadget_attack1.glb","15","30","","","","","100","","","4"
"GeneMonkeyProfile","gene_monkey_portrait.glb","1","1","","","","","","","",""
"CrowMaverickProfile","crow_maverick_portrait.glb","1","1","","","","","","","",""
"ArtilleryGalCyberProfile","penny_cyber_portrait.glb","","","","","","","","","",""
"GaleAstronautIdle","gale_astronaut_idle.glb","1","59","","","200","200","","true","",""
"MechanicTurretSBIdle","jessie_sandy_turret_idle.glb","","-1","-1","","50","50","","true","",""
"MechanicTurretSBAttack","jessie_sandy_turret_attack.glb","","11","-1","","","","20","","",""
"MechanicTurretSBSpawn","jessie_sandy_turret_spawn.glb","","-1","-1","","","","50","","",""
"RuffsSandsOfTimesIdle","ruffs_anubis_idle.glb","1","29","-1","","100","100","","true","",""
"RuffsSandsOfTimesWalk","ruffs_anubis_walk.glb","1","22","-1","","100","100","","true","","1"
"RuffsSandsOfTimesAttack","ruffs_anubis_attack.glb","1","5","-1","","","","","","","hips_s#3+L_upperLeg_s#0+R_upperLeg_s#0"
"RuffsSandsOfTimesSuper","ruffs_anubis_super.glb","1","5","-1","","","","","","","hips_s#3+L_upperLeg_s#0+R_upperLeg_s#0"
"RuffsSandsOfTimesRecoil","ruffs_anubis_attack.glb","1","30","-1","","","","120","","","hips_s#4+L_upperLeg_s#0+R_upperLeg_s#0"
"RuffsSandsOfTimesSuperRecoil","ruffs_anubis_super.glb","5","20","-1","","","","120","","","hips_s#4+L_upperLeg_s#0+R_upperLeg_s#0"
"RuffsSandsOfTimesPushback","ruffs_anubis_pushback.glb","","-1","-1","","50","100","100","","","5"
"RuffsSandsOfTimesWin","ruffs_anubis_win.glb","1","97","-1","","","","","","",""
"RuffsSandsOfTimesWinloop","ruffs_anubis_win.glb","98","128","-1","","","","","true","",""
"RuffsSandsOfTimesLose","ruffs_anubis_lose.glb","","79","-1","","","","","","",""
"RuffsSandsOfTimesLoseloop","ruffs_anubis_lose.glb","80","143","-1","","","","","true","",""
"RuffsSandsOfTimesPortrait","ruffs_anubis_portrait.glb","","","-1","","","","","","",""
"WeaponThrowerSupercellMakeIdle","sam_mistico_idle.glb","1","98","","","100","100","","true","",""
"WeaponThrowerSupercellMakeWalk","sam_mistico_walk.glb","1","29","","","100","100","","true","","1"
"WeaponThrowerSupercellMakeAttack","sam_mistico_attack.glb","12","25","","","","","10","","","hips_s#3+L_upperLeg_s#0+R_upperLeg_s#0"
"WeaponThrowerSupercellMakeAttackRecoil","sam_mistico_attack.glb","22","30","","","10","","50","","","hips_s#4+L_upperLeg_s#0+R_upperLeg_s#0"
"WeaponThrowerSupercellMakeAttackRecoil2","sam_mistico_attack.glb","30","35","","","1","100","100","","","hips_s#5+L_upperLeg_s#0+R_upperLeg_s#0"
"WeaponThrowerSupercellMakeUltRecoil","sam_mistico_super.glb","10","30","","","1","100","200","","","hips_s#4+L_upperLeg_s#0+R_upperLeg_s#0"
"WeaponThrowerSupercellMakeUltRecoil2","sam_mistico_small_super.glb","","-1","","","1","100","200","","","hips_s#4+L_upperLeg_s#0+R_upperLeg_s#0"
"WeaponThrowerSupercellMakeWin","sam_mistico_win.glb","1","220","","","","","","","",""
"WeaponThrowerSupercellMakeWinloop","sam_mistico_win.glb","182","220","","","100","100","100","true","",""
"WeaponThrowerSupercellMakeLose","sam_mistico_lose.glb","","208","","","100","100","200","","",""
"WeaponThrowerSupercellMakeLoseloop","sam_mistico_lose.glb","265","328","","","1","100","200","true","",""
"WeaponThrowerSupercellMakeProfile","sam_mistico_portrait.glb","1","1","","","","","","","",""
"WeaponThrowerSupercellMakeIdle_transform","sam_mistico_small_idle.glb","1","100","","","100","100","","true","",""
"WeaponThrowerSupercellMakeWalk_transform","sam_mistico_small_walk.glb","1","29","","150","100","100","","true","","1"
"WeaponThrowerSupercellMakeAttack_transform","sam_mistico_small_attack.glb","10","25","","","","","100","","","hips_s#4+L_upperLeg_s#0+R_upperLeg_s#0"
"WeaponThrowerSupercellMakeAttackRecoil_transform","sam_mistico_small_attack.glb","15","30","","","","","100","","","hips_s#3+L_upperLeg_s#0+R_upperLeg_s#0"
"WeaponThrowerSupercellMakeAttackRecoil2_transform","sam_mistico_attack.glb","35","35","","200","1","100","100","","","hips_s#5+L_upperLeg_s#0+R_upperLeg_s#0"
"CrossBomberSupercellMakeIdle","grom_lordofgod_idle.glb","1","33","","","200","200","","true","",""
"CrossBomberSupercellMakeWalk","grom_lordofgod_walk.glb","1","26","","120","150","150","","true","","1"
"CrossBomberSupercellMakeAttack","grom_lordofgod_attack.glb","","5","","","","100","50","","","hips_s#3+L_upperLeg_s#0+R_upperLeg_s#0"
"CrossBomberSupercellMakeSecondary","grom_lordofgod_attack.glb","3","20","","","100","100","50","","","5"
"CrossBomberSupercellMakeRecoil","grom_lordofgod_attack.glb","5","20","","","","","50","","","hips_s#5+L_upperLeg_s#0+R_upperLeg_s#0"
"CrossBomberSupercellMakePushback","grom_lordofgod_idle.glb","","10","","","50","100","50","","","5"
"CrossBomberSupercellMakeWin","grom_lordofgod_win.glb","1","196","","","","200","","","","5"
"CrossBomberSupercellMakeWinloop","grom_lordofgod_win.glb","197","238","","","100","100","","true","","1"
"CrossBomberSupercellMakeLose","grom_lordofgod_lose.glb","1","119","","","","300","300","","","5"
"CrossBomberSupercellMakeLoseloop","grom_lordofgod_lose.glb","120","157","","","100","100","","true","","1"
"CrossBomberSupercellMakeProfile","grom_lordofgod_portrait.glb","1","1","","","","","","true","","5"
"MorningstarDefaultIdle","lumi_idle.glb","","-1","","","50","50","","true","",""
"MorningstarDefaultWalk","lumi_walk.glb","","-1","","","100","100","","true","","1"
"MorningstarDefaultPrimary","lumi_attack.glb","","11","","","50","100","100","","","hips_s#3+L_upperLeg_s#0+R_upperLeg_s#0"
"MorningstarDefaultSecondary","lumi_super.glb","","39","","120","50","100","100","","","hips_s#4+L_upperLeg_s#0+R_upperLeg_s#0"
"MorningstarDefaultRecoil","lumi_attack.glb","","11","","","50","100","100","","","hips_s#3+L_upperLeg_s#0+R_upperLeg_s#0"
"MorningstarDefaultPushback","lumi_idle.glb","","","","","100","100","100","","","5"
"MorningstarDefaultWin","lumi_win.glb","","286","","","","150","500","","","5"
"MorningstarDefaultWinloop","lumi_win.glb","238","287","","","150","","500","true","","5"
"MorningstarDefaultLose","lumi_lose.glb","1","107","","","","","","","","5"
"MorningstarDefaultLoseloop","lumi_lose.glb","93","107","","","","","","true","","5"
"MorningstarDefaultProfile","lumi_portrait.glb","1","1","","","","","","","","5"
"Morningstar29GemProfile","lumi_29_gem_portrait.glb","1","1","","","","","","","","5"
"JetpackGirlSupercellMakeIdle","janet_phoenix_heart_idle.glb","","-1","-1","","100","100","","true","",""
"JetpackGirlSupercellMakeWalk","janet_phoenix_heart_walk.glb","","-1","-1","80","100","100","","true","","1"
"JetpackGirlSupercellMakeAttack","janet_phoenix_heart_attack.glb","","5","-1","","","","","","","hips_s#3+L_upperLeg_s#0+R_upperLeg_s#0"
"JetpackGirlSupercellMakeSuper","janet_phoenix_heart_super.glb","","-1","-1","","200","200","250","true","","4"
"JetpackGirlSupercellMakeAttackRecoil","janet_phoenix_heart_attack.glb","1","-1","-1","","","","200","","","hips_s#4+L_upperLeg_s#0+R_upperLeg_s#0"
"JetpackGirlSupercellMakePushback","janet_pushback.glb","","10","-1","","10","","200","","",""
"JetpackGirlSupercellMakeWin","janet_phoenix_heart_win.glb","","137","-1","","","","","","",""
"JetpackGirlSupercellMakeWinloop","janet_phoenix_heart_win.glb","138","167","-1","","","","","true","",""
"JetpackGirlSupercellMakeLose","janet_phoenix_heart_lose.glb","","99","-1","","","","","","",""
"JetpackGirlSupercellMakeLoseloop","janet_phoenix_heart_lose.glb","100","207","-1","","","","","true","",""
"JetpackGirlSupercellMakePortrait","janet_phoenix_heart_portrait.glb","","-1","-1","","","","","","",""
"SkaterSandsoftimeIdle","ollie_pharaoh_idle.glb","1","38","-1","","100","100","","true","",""
"SkaterSandsoftimeWalk","ollie_pharaoh_walk.glb","1","40","-1","","100","100","","true","","1"
"SkaterSandsoftimeAttack","ollie_pharaoh_attack1.glb","8","22","-1","","25","","50","","","3"
"SkaterSandsoftimeRecoil","ollie_pharaoh_attack1.glb","","10","-1","","","","200","","","4"
"SkaterSandsoftimeSecondary","ollie_pharaoh_super.glb","","28","-1","","25","200","50","","","3"
"SkaterSandsoftimeRecoil2","ollie_pharaoh_super.glb","9","20","-1","","","","200","","","4"
"SkaterSandsoftimePushback","ollie_pharaoh_idle.glb","","1","-1","","25","200","100","true","",""
"SkaterSandsoftimeWin","ollie_pharaoh_win.glb","1","258","-1","","","","","","",""
"SkaterSandsoftimeWinloop","ollie_pharaoh_win.glb","259","298","-1","","","","","true","",""
"SkaterSandsoftimeLose","ollie_pharaoh_lose.glb","","168","-1","","","","","","",""
"SkaterSandsoftimeLoseloop","ollie_pharaoh_lose.glb","147","168","-1","","","","","true","",""
"SkaterSandsoftimePortrait","ollie_pharaoh_portrait.glb","1","1","-1","","","","","true","",""
"SkaterSandsoftimeGadgetPrimary","ollie_pharaoh_gadget1.glb","1","15","","","","","1","","","3"
"SkaterSandsoftimeGadgetRecoil","ollie_pharaoh_gadget1.glb","15","30","","","","","100","","","4"
"WhirlwindSupercellMakeIdle","carl_make_idle.glb","","-1","","","100","100","","true","","cart_frame_s#1"
"WhirlwindSupercellMakeWalk","carl_make_walk.glb","","-1","","","100","100","","true","","1"
"WhirlwindSupercellMakeAttack","carl_make_attack.glb","1","5","","","100","100","100","","","hips_s#4+L_upperLeg_s#0+R_upperLeg_s#0"
"WhirlwindSupercellMakeSecondary","carl_make_super.glb","1","59","","","200","200","200","true","","5"
"WhirlwindSupercellMakeAttackRecoil","carl_make_attack.glb","5","35","","","100","200","200","","","hips_s#4+L_upperLeg_s#0+R_upperLeg_s#0"
"WhirlwindSupercellMakeSecondaryRecoil","carl_make_super.glb","1","59","","","","","","true","","5"
"WhirlwindSupercellMakeReload","carl_make_attack.glb","17","25","","","100","100","100","","","5"
"WhirlwindSupercellMakeWin","carl_make_win.glb","","156","","","200","1000","500","","",""
"WhirlwindSupercellMakeWinloop","carl_make_win.glb","157","183","","","2000","100","500","true","",""
"WhirlwindSupercellMakeLose","carl_make_lose.glb","","121","","","100","1000","500","","",""
"WhirlwindSupercellMakeLoseloop","carl_make_lose.glb","122","138","","","2000","100","500","true","",""
"WhirlwindSupercellMakeProfile","carl_make_portrait.glb","1","10","","","","","","true","",""
"ShieldTankSupercellMakeIdle","buster_time_protector_idle.glb","","28","","","74","74","","true","",""
"ShieldTankSupercellMakeWalk","buster_time_protector_walk.glb","","29","","","100","100","","true","","1"
"ShieldTankSupercellMakePrimary","buster_time_protector_attack.glb","","-1","","","1","300","300","","","hips_s#3+L_upperLeg_s#0+R_upperLeg_s#0"
"ShieldTankSupercellMakeSecondary","buster_time_protector_super.glb","","-1","","","1","","","","","hips_s#4+L_upperLeg_s#0+R_upperLeg_s#0"
"ShieldTankSupercellMakeRecoil","buster_time_protector_attack.glb","","-1","","","1","100","100","","","hips_s#3+L_upperLeg_s#0+R_upperLeg_s#0"
"ShieldTankSupercellMakeRecoil2","buster_time_protector_super.glb","","-1","","","1","100","100","","","hips_s#4+L_upperLeg_s#0+R_upperLeg_s#0"
"ShieldTankSupercellMakePushback","buster_time_protector_idle.glb","","-1","","","100","100","100","","","5"
"ShieldTankSupercellMakeWin","buster_time_protector_win.glb","","356","","","","150","500","","","5"
"ShieldTankSupercellMakeWinloop","buster_time_protector_win.glb","326","354","","","150","","500","true","","5"
"ShieldTankSupercellMakeLose","buster_time_protector_lose.glb","","249","","","","","","","","5"
"ShieldTankSupercellMakeLoseloop","buster_time_protector_lose.glb","249","249","","","","","","true","","5"
"ShieldTankSupercellMakeProfile","buster_time_protector_portrait.glb","1","1","","","","","","","","5"
"ShieldTankSupercellMakeIdle_transform","buster_time_protector_idle_transform.glb","","28","","","74","74","","true","",""
"ShieldTankSupercellMakeWalk_transform","buster_time_protector_walk_transform.glb","","29","","","100","100","","true","","1"
"MeepleSandsofTimesIdle","meeple_aladdin_idle.glb","1","167","","","100","100","","true","",""
"MeepleSandsofTimesWalk","meeple_aladdin_walk.glb","1","27","","","100","100","","true","","1"
"MeepleSandsofTimesAttack","meeple_aladdin_attack.glb","8","28","","","","","","","","hips_s#3+L_upperLeg_s#0+R_upperLeg_s#0"
"MeepleSandsofTimesSecondary","meeple_aladdin_super.glb","","-1","","","50","50","50","","","hips_s#4+L_upperLeg_s#0+R_upperLeg_s#0"
"MeepleSandsofTimesRecoil","meeple_aladdin_attack.glb","8","28","","","","","200","","","hips_s#4+L_upperLeg_s#0+R_upperLeg_s#0"
"MeepleSandsofTimesReload","meeple_aladdin_idle.glb","","10","","","100","100","500","","","hips_s#4+L_upperLeg_s#0+R_upperLeg_s#0"
"MeepleSandsofTimesPushback","meeple_aladdin_idle.glb","1","1","","","50","50","100","true","","5"
"MeepleSandsofTimesWin","meeple_aladdin_win.glb","1","150","","","","","","","","5"
"MeepleSandsofTimesWinloop","meeple_aladdin_win.glb","151","180","","","","","","true","","1"
"MeepleSandsofTimesLose","meeple_aladdin_lose.glb","1","104","","","","","","","","5"
"MeepleSandsofTimesLoseloop","meeple_aladdin_lose.glb","105","135","","","","","","true","","1"
"MeepleSandsofTimesProfile","meeple_alladin_portrait.glb","","","","","","","","","","5"
"MeepleSandsofTimesGadgetPrimary","meeple_aladdin_extra_anim1.glb","1","15","","","","","1","","","3"
"MeepleSandsofTimesGadgetRecoil","meeple_aladdin_extra_anim2.glb","15","30","","","","","100","","","4"
"HammerDudeSandsOfTimesIdle","frank_mummy_idle.glb","","-1","","","500","500","","true","",""
"HammerDudeSandsOfTimesWalk","frank_mummy_walk.glb","1","29","","120","300","300","","true","","5"
"HammerDudeSandsOfTimesPrimary","frank_mummy_attack.glb","1","45","","","","","100","","","5"
"HammerDudeSandsOfTimesSecondary","frank_mummy_super.glb","1","50","","","100","100","","true","","5"
"HammerDudeSandsOfTimesRecoil","frank_mummy_attack.glb","22","35","","","","","200","","","5"
"HammerDudeSandsOfTimesRecoil2","frank_mummy_super.glb","36","50","","","1","1","100","","","5"
"HammerDudeSandsOfTimesReloading","frank_mummy_idle.glb","","6","","","","","50","","",""
"HammerDudeSandsOfTimesPushback","frank_pushback.glb","","-1","","","120","120","400","","","5"
"HammerDudeSandsOfTimesWin","frank_mummy_win.glb","","218","","","","","","","","5"
"HammerDudeSandsOfTimesWinloop","frank_mummy_win.glb","218","260","","","","","","true","","1"
"HammerDudeSandsOfTimesLose","frank_mummy_lose.glb","1","148","","","","","","","","5"
"HammerDudeSandsOfTimesLoseloop","frank_mummy_lose.glb","148","148","","","","","","true","","1"
"HammerDudeSandsOfTimesProfile","frank_mummy_portrait.glb","44","44","","","","","","true","",""
"HammerDudeSandsOfTimesIntro","frank_intro_pose.glb","","","","","","","","","",""
"StickyBombSandsOfTimesIdle","squeaks_scarab_idle.glb","","-1","-1","","100","100","","true","",""
"StickyBombSandsOfTimesWalk","squeaks_scarab_walk.glb","","-1","-1","","100","100","","true","","1"
"StickyBombSandsOfTimesAttack","squeaks_scarab_attack.glb","5","20","-1","","","","","","","hips_s#3+L_upperLeg_s#0+R_upperLeg_s#0"
"StickyBombSandsOfTimesRecoil","squeaks_scarab_attack.glb","5","20","-1","","","","100","","","hips_s#4+L_upperLeg_s#0+R_upperLeg_s#0"
"StickyBombSandsOfTimesPushback","squeaks_scarab_pushback.glb","","-1","-1","","","","","","",""
"StickyBombSandsOfTimesWin","squeaks_scarab_win.glb","","64","-1","","","","","","",""
"StickyBombSandsOfTimesWinloop","squeaks_scarab_win.glb","65","98","-1","","","","","true","",""
"StickyBombSandsOfTimesLose","squeaks_scarab_lose.glb","","131","-1","","","","","","",""
"StickyBombSandsOfTimesLoseloop","squeaks_scarab_lose.glb","132","145","-1","","","","","true","",""
"StickyBombSandsOfTimesPortrait","squeaks_scarab_portraits.glb","150","150","-1","","","","","true","",""
"ChronomancerDefaultIdle","finn_idle.glb","1","28","","","100","100","100","true","","5"
"ChronomancerDefaultWalk","finn_walk.glb","1","28","","","100","100","100","true","","1"
"ChronomancerDefaultAttack","finn_attack.glb","","21","","","","","100","","","hips_s#4+L_upperLeg_s#0+R_upperLeg_s#0"
"ChronomancerDefaultRecoil","finn_attack.glb","2","21","","","","","100","","","hips_s#4+L_upperLeg_s#0+R_upperLeg_s#0"
"ChronomancerDefaultReload","finn_idle.glb","","10","","","100","100","100","","","hips_s#0+L_upperLeg_s#0+R_upperLeg_s#0"
"ChronomancerDefaultPushBack","finn_idle.glb","","10","","","100","100","100","","",""
"ChronomancerDefaultWin","finn_win.glb","1","251","","","","","","","",""
"ChronomancerDefaultWinloop","finn_win.glb","252","281","","","","","","true","","1"
"ChronomancerDefaultLose","finn_lose.glb","","157","","","","","","","",""
"ChronomancerDefaultProfile","finn_portrait.glb","220","220","","","","","","true","","1"
"ChronomancerDefaultLoseloop","finn_lose.glb","158","187","-1","","","","","true","",""
"ConductorSupercellMakeIdle","chuck_electro_lord_idle.glb","","28","-1","","100","100","","true","",""
"ConductorSupercellMakeWalk","chuck_electro_lord_walk.glb","","-1","-1","","100","100","","true","","1"
"ConductorSupercellMakeAttack","chuck_electro_lord_attack.glb","1","22","","","","","","","","3"
"ConductorSupercellMakeSuper","chuck_electro_lord_super.glb","","30","","120","","100","50","true","","3"
"ConductorSupercellMakeRecoil","chuck_electro_lord_attack.glb","18","22","","","","","100","","","4"
"ConductorSupercellMakeWin","chuck_electro_lord_win.glb","","159","-1","","","","","","",""
"ConductorSupercellMakeWinloop","chuck_electro_lord_win.glb","130","159","-1","","","","","true","",""
"ConductorSupercellMakeLose","chuck_electro_lord_lose.glb","","175","-1","","","","","","",""
"ConductorSupercellMakeLoseloop","chuck_electro_lord_lose.glb","151","175","-1","","","","","true","",""
"ConductorSupercellMakePortrait","chuck_electro_lord_portrait.glb","","-1","-1","","","","","","",""
"BibiVillainIdle","bibi_villian_idle.glb","1","29","","","100","100","","true","",""
"BibiVillainWalk","bibi_villian_run.glb","1","29","","","120","200","","true","","1"
"BibiVillainPrimary","bibi_villian_attack.glb","1","51","","","100","100","100","","","hips_s#4+L_upperLeg_s#0+R_upperLeg_s#0"
"BibiVillainSecondary","bibi_villian_attack.glb","1","51","","","100","100","100","","","hips_s#4+L_upperLeg_s#0+R_upperLeg_s#0"
"BibiVillainRecoil","bibi_villian_attack.glb","22","51","","","1","100","100","","","hips_s#4+L_upperLeg_s#0+R_upperLeg_s#0"
"BibiVillainPushback","bibi_villian_pushback.glb","","10","","","100","100","100","","","5"
"BibiVillainRecoil2","bibi_villian_attack.glb","17","51","","","100","100","100","","","hips_s#4+L_upperLeg_s#0+R_upperLeg_s#0"
"BibiVillainWin","bibi_villain_win.glb","1","181","","","","","","","","5"
"BibiVillainWinloop","bibi_villain_win.glb","182","212","","","","","","true","","1"
"BibiVillainLose","bibi_villain_lose.glb","1","94","","","","","","","","5"
"BibiVillainLoseloop","bibi_villain_lose.glb","95","124","","","","","","true","","1"
"BibiVillainProfile","bibi_villian_portrait.glb","108","108","","","","","","true","","5"
"VoodooSotIdle","juju_cleopatra_idle.glb","1","59","","","200","200","","true","",""
"VoodooSotAttack1","juju_cleopatra_attack01.glb","1","31","","","100","100","100","","","hips_s#3+L_upperLeg_s#0+R_upperLeg_s#0"
"VoodooSotAttack2","juju_cleopatra_attack02.glb","3","16","","","100","100","100","","","hips_s#3+L_upperLeg_s#0+R_upperLeg_s#0"
"VoodooSotAttack3","juju_cleopatra_attack03.glb","3","16","","","100","100","100","","","hips_s#3+L_upperLeg_s#0+R_upperLeg_s#0"
"VoodooSotWalk","juju_cleopatra_run.glb","1","23","","150","100","100","","true","","1"
"VoodooSotUlti","juju_cleopatra_attack_super.glb","","38","","","100","100","","","","hips_s#3+L_upperLeg_s#0+R_upperLeg_s#0"
"VoodooSotUltiRecoil","juju_cleopatra_attack_super.glb","5","40","","","100","100","200","","","hips_s#4+L_upperLeg_s#0+R_upperLeg_s#0"
"VoodooSotPushback","juju_cleopatra_idle.glb","","59","","","100","100","100","","","5"
"VoodooSotWin","juju_cleopatra_win.glb","1","101","","","","","","","","1"
"VoodooSotWinloop","juju_cleopatra_win.glb","102","142","","","","","","true","","1"
"VoodooSotLose","juju_cleopatra_lose.glb","","104","","","","","","","","1"
"VoodooSotLoseloop","juju_cleopatra_lose.glb","105","147","","","","","","true","","1"
"VoodooSotProfile","juju_cleopatra_portrait.glb","49","49","","","","","","","","1"
"VoodooSotPetIdle","juju_cleopatra_voodoo_idle.glb","","23","","","100","100","","true","",""
"VoodooSotPetWalk","juju_cleopatra_voodoo_run.glb","1","27","","170","100","100","","true","","1"
"VoodooSotPetAttack","juju_cleopatra_voodoo_attack.glb","","26","","","100","200","150","","","spine_lower_s#4"
"VoodooSotWinExtra","juju_cleopatra_win.glb","1","101","","","","","","","","1"
"VoodooSotWinExtraloop","juju_cleopatra_win.glb","102","142","","","","","","true","","1"
"GunSlinger2025RankedProgrsesionSkinLevel9Idle","ranked_colt_idle.glb","","-1","","","100","100","","true","",""
"GunSlinger2025RankedProgrsesionSkinLevel9Walk","ranked_colt_walk.glb","","-1","","125","100","100","","true","","1"
"GunSlinger2025RankedProgrsesionSkinLevel9Primary","ranked_colt_attack.glb","","-1","","","100","200","100","","","spine_lower_s_hc#3+spine_lower_s#3"
"GunSlinger2025RankedProgrsesionSkinLevel9Secondary","ranked_colt_attack.glb","","-1","","","200","200","100","","","spine_lower_s_hc#3+spine_lower_s#3"
"GunSlinger2025RankedProgrsesionSkinLevel9Recoil","ranked_colt_recoil1.glb","1","10","","","100","100","200","","","spine_lower_s_hc#4+spine_lower_s#4"
"GunSlinger2025RankedProgrsesionSkinLevel9Recoil2","ranked_colt_recoil2.glb","1","10","","","100","100","200","","","spine_lower_s_hc#4+spine_lower_s#4"
"GunSlinger2025RankedProgrsesionSkinLevel9Reload","ranked_colt_idle.glb","1","3","","","50","50","50","","","spine_lower_s#4"
"GunSlinger2025RankedProgrsesionSkinLevel9Pushback","ranked_colt_idle.glb","","-1","","","100","100","100","","","5"
"GunSlinger2025RankedProgrsesionSkinLevel9Win","ranked_colt_win_transform.glb","","228","","","","","","","",""
"GunSlinger2025RankedProgrsesionSkinLevel9Winloop","ranked_colt_win_transform.glb","188","228","","","","","","true","",""
"GunSlinger2025RankedProgrsesionSkinLevel9Lose","ranked_colt_lose_transform.glb","","211","","","","","200","","",""
"GunSlinger2025RankedProgrsesionSkinLevel9Loseloop","ranked_colt_lose_transform.glb","171","211","","","","","200","true","",""
"GunSlinger2025RankedProgrsesionSkinLevel9Profile","ranked_colt_portrait_transform.glb","1","1","","","","","","","",""
"GunSlinger2025RankedProgrsesionSkinLevel9Idle_transform","ranked_colt_idle_transform.glb","2","-1","","","100","100","100","true","",""
"GunSlinger2025RankedProgrsesionSkinLevel9Walk_transform","ranked_colt_walk_transform.glb","2","-1","","125","100","100","100","true","","1"
"GunSlinger2025RankedProgrsesionSkinLevel9Primary_transform","ranked_colt_attack_transform.glb","","-1","","","100","200","100","","","spine_lower_s_hc#3+spine_lower_s#3"
"GunSlinger2025RankedProgrsesionSkinLevel9Secondary_transform","ranked_colt_attack_transform.glb","","-1","","","200","200","100","","","spine_lower_s_hc#3+spine_lower_s#3"
"GunSlinger2025RankedProgrsesionSkinLevel9Recoil_transform","ranked_colt_recoil1_transform.glb","1","10","","","100","100","200","","","spine_lower_s_hc#4+spine_lower_s#4"
"GunSlinger2025RankedProgrsesionSkinLevel9Recoil2_transform","ranked_colt_recoil2_transform.glb","1","10","","","100","100","200","","","spine_lower_s_hc#4+spine_lower_s#4"
"GunSlinger2025RankedProgrsesionSkinLevel9SecondaryRecoil_transform","ranked_colt_recoil1_transform.glb","1","10","","","100","100","200","","","spine_lower_s_hc#4"
"GunSlinger2025RankedProgrsesionSkinLevel9SecondaryRecoil2_transform","ranked_colt_recoil2_transform.glb","1","10","","","100","100","200","","","spine_lower_s_hc#4"
"GunSlinger2025RankedProgrsesionSkinLevel9SecondaryReload_transform","ranked_colt_idle_transform.glb","1","3","","","50","50","50","","","spine_lower_s_hc#4"
"GunSlinger2025RankedProgrsesionSkinLevel9Pushback_transform","ranked_colt_idle_transform.glb","","-1","","","100","100","100","","","5"
"GunSlinger2025RankedProgrsesionSkinLevel4Win","ranked_colt_win.glb","","265","","","","","","","",""
"GunSlinger2025RankedProgrsesionSkinLevel4Winloop","ranked_colt_win.glb","225","265","","","","","","true","",""
"GunSlinger2025RankedProgrsesionSkinLevel4Lose","ranked_colt_lose.glb","","143","","","","","200","","",""
"GunSlinger2025RankedProgrsesionSkinLevel4Loseloop","ranked_colt_lose.glb","106","143","","","","","200","true","",""
"GunSlinger2025RankedProgrsesionSkinLevel4Profile","ranked_colt_portrait.glb","1","1","","","","","","","",""
"PamAprilFoolsIdle","pam_egg_idle.glb","1","-1","","","100","100","","true","",""
"PamAprilFoolsWalk","pam_egg_walk.glb","1","22","","","100","100","","true","","1"
"PamAprilFoolsAttack","pam_egg_attack.glb","","4","","","","","","","","hips_s#3+L_upperLeg_s#0+R_upperLeg_s#0"
"PamAprilFoolsRecoil","pam_egg_attack.glb","4","20","","","","","100","","","hips_s#4+L_upperLeg_s#0+R_upperLeg_s#0"
"PamAprilFoolsReload","pam_egg_reload.glb","","20","","","100","","100","","","hips_s#1+chest_s#4+spine_lower_s#4+L_upperLeg_s#0+R_upperLeg_s#0"
"PamAprilFoolsSecondary","pam_egg_super.glb","","5","","","","","","true","","hips_s#3+L_upperLeg_s#0+R_upperLeg_s#0"
"PamAprilFoolsSecondaryRecoil","pam_egg_super.glb","6","20","","","","","175","","","hips_s#4+L_upperLeg_s#0+R_upperLeg_s#0"
"PamAprilFoolsPushback","pam_egg_pushback.glb","","10","","","25","100","150","","",""
"PamAprilFoolsWin","pam_egg_win.glb","","158","","","","","","","","5"
"PamAprilFoolsWinloop","pam_egg_win.glb","149","158","","","","","","true","","1"
"PamAprilFoolsLose","pam_egg_lose.glb","","154","","","","","","","",""
"PamAprilFoolsLoseloop","pam_egg_lose.glb","155","210","","","","","","true","",""
"PamAprilFoolsPortrait","pam_egg_portrait.glb","","-1","","","","","","true","",""
"BeamerCarnivalIdle","mandy_carnival_idle.glb","1","46","","","50","50","50","true","",""
"BeamerCarnivalWalk","mandy_carnival_walk.glb","1","21","","","","","","true","","1"
"BeamerCarnivalAttack","mandy_carnival_attack.glb","1","5","","","","","","","","hips_s#4+L_upperLeg_s#0+R_upperLeg_s#0+R_dress_01_s#0+L_dress_01_s#0+F_dress_01_s#0+B_dress_01_s#0"
"BeamerCarnivalSecondary","mandy_carnival_super.glb","","38","","","100","100","100","true","","5"
"BeamerCarnivalRecoil","mandy_carnival_attack.glb","5","30","","","","","100","","","hips_s#5+L_upperLeg_s#0+R_upperLeg_s#0+R_dress_01_s#0+L_dress_01_s#0+F_dress_01_s#0+B_dress_01_s#0"
"BeamerCarnivalReload","mandy_carnival_idle.glb","1","1","","","50","50","50","","","hips_s#0+L_upperLeg_s#0+R_upperLeg_s#0"
"BeamerCarnivalPushback","mandy_carnival_idle.glb","1","1","","","50","50","50","","","5"
"BeamerCarnivalWin","mandy_carnival_win.glb","1","80","","","","","","","","5"
"BeamerCarnivalWinloop","mandy_carnival_win.glb","81","109","","","","","","true","","1"
"BeamerCarnivalLose","mandy_carnival_lose.glb","1","103","","","","","","","","5"
"BeamerCarnivalLoseloop","mandy_carnival_lose.glb","73","103","","","","","","true","","1"
"BeamerCarnivalProfile","mandy_carnival_portrait.glb","","","","","","","","true","","5"
"BeamerCarnivalIdle_transform","mandy_carnival_idle_transform.glb","1","21","","","200","250","","true","",""
"MinigunDudeAprilFoolsIdle","pam_egg_idle.glb","1","-1","","","100","100","","true","",""
"MinigunDudeAprilFoolsWalk","pam_egg_walk.glb","1","22","","","100","100","","true","","1"
"MinigunDudeAprilFoolsAttack","pam_egg_attack.glb","","4","","","","","","","","hips_s#3+L_upperLeg_s#0+R_upperLeg_s#0"
"MinigunDudeAprilFoolsSecondary","pam_egg_super.glb","","5","","","","","","true","","hips_s#3+L_upperLeg_s#0+R_upperLeg_s#0"
"MinigunDudeAprilFoolsRecoil","pam_egg_attack.glb","4","20","","","","","100","","","hips_s#4+L_upperLeg_s#0+R_upperLeg_s#0"
"MinigunDudeAprilFoolsSecondaryRecoil","pam_egg_super.glb","6","20","","","","","175","","","hips_s#4+L_upperLeg_s#0+R_upperLeg_s#0"
"MinigunDudeAprilFoolsReload","pam_egg_reload.glb","","20","","","100","","100","","","hips_s#1+chest_s#4+spine_lower_s#4+L_upperLeg_s#0+R_upperLeg_s#0"
"MinigunDudeAprilFoolsPushback","pam_egg_pushback.glb","","10","","","25","100","150","","",""
"MinigunDudeAprilFoolsWin","pam_egg_win.glb","","144","","","","","","","","5"
"MinigunDudeAprilFoolsWinloop","pam_egg_win.glb","145","181","","","","","","true","","1"
"MinigunDudeAprilFoolsLose","pam_egg_lose.glb","","155","","","","","","","",""
"MinigunDudeAprilFoolsLoseloop","pam_egg_lose.glb","156","210","","","","","","true","",""
"MinigunDudeAprilFoolsPortrait","pam_egg_portrait.glb","172","172","","","","","","true","",""
"AshSupercellStoreIdle","ash_pekka_idle.glb","","-1","-1","","100","100","","true","",""
"AshSupercellStoreWalk","ash_pekka_walk.glb","","-1","-1","","100","100","","true","",""
"AshSupercellStoreAttack","ash_pekka_attack.glb","5","20","-1","","","","","","","hips_s#3+L_upperLeg_s#0+R_upperLeg_s#0"
"AshSupercellStoreRecoil","ash_pekka_attack.glb","21","35","-1","","","","100","","","hips_s#4+L_upperLeg_s#0+R_upperLeg_s#0"
"AshSupercellStoreSuper","ash_pekka_super.glb","","5","-1","","","","","","","hips_s#3+L_upperLeg_s#0+R_upperLeg_s#0"
"AshSupercellStoreSuperRecoil","ash_pekka_super.glb","6","20","-1","","","","50","","","hips_s#4+L_upperLeg_s#0+R_upperLeg_s#0"
"AshSupercellStorePushback","ash_pekka_pushback.glb","","10","-1","","30","100","100","","","5"
"AshSupercellStoreWin","ash_pekka_win.glb","","139","-1","","","","","","",""
"AshSupercellStoreWinloop","ash_pekka_win.glb","140","168","-1","","","","","true","",""
"AshSupercellStoreLose","ash_pekka_lose.glb","","99","-1","","","","","","",""
"AshSupercellStoreLoseloop","ash_pekka_lose.glb","100","-1","-1","","","","","true","",""
"AshSupercellStorePortrait","ash_pekka_portrait.glb","","-1","-1","","","","","","",""
"MorningstarDefaultIdle_transform","lumi_idle2.glb","","27","","","50","50","","true","",""
"MorningstarDefaultIdle_transform_2","lumi_idle3.glb","","27","","","50","50","","true","",""
"MorningstarDefaultWalk_transform","lumi_walk2.glb","","24","","","50","50","","true","","1"
"MorningstarDefaultWalk_transform_2","lumi_walk3.glb","","24","","","50","50","","true","","1"
"MorningstarDefaultPrimary_transform","lumi_attack2.glb","","-1","","","50","50","","","","hips_s#3+L_upperLeg_s#0+R_upperLeg_s#0"
"MorningstarDefaultPrimary_transform_2","lumi_attack3.glb","","-1","","40","100","100","","","","hips_s#3+L_upperLeg_s#0+R_upperLeg_s#0"
"JesterUnoIdle","chester_uno_idle.glb","1","31","","","100","100","100","true","",""
"JesterUnoWalk","chester_uno_walk.glb","1","31","","170","100","100","100","true","","1"
"JesterUnoAttack","chester_uno_attack.glb","11","42","","","100","100","100","","","hips_s#3+L_upperLeg_s#0+R_upperLeg_s#0"
"JesterUnoSecondary","chester_uno_super.glb","11","42","","","100","100","100","","","hips_s#3+L_upperLeg_s#0+R_upperLeg_s#0"
"JesterUnoRecoil","chester_uno_attack.glb","28","42","","","100","100","100","","","hips_s#4+L_upperLeg_s#0+R_upperLeg_s#0"
"JesterUnoRecoil2","chester_uno_super.glb","28","42","","","100","100","100","","","hips_s#4+L_upperLeg_s#0+R_upperLeg_s#0"
"JesterUnoReload","chester_uno_idle.glb","","1","","","","","100","","",""
"JesterUnoPushback","chester_uno_idle.glb","1","1","","","100","100","100","","","5"
"JesterUnoWin","chester_uno_win.glb","","93","","","","10","100","","","5"
"JesterUnoWinloop","chester_uno_win.glb","94","122","","","10","","","true","","1"
"JesterUnoLose","chester_uno_lose.glb","1","178","","","","","","","","5"
"JesterUnoLoseloop","chester_uno_lose.glb","178","178","","","","","","true","","1"
"JesterUnoProfile","chester_uno_portrait.glb","","","","","","","","true","","5"
"JesterUnoIntro","chester_uno_portrait.glb","","","","","","","","","",""
"ChronomancerDefaultSecondary","finn_super.glb","","23","","","","","100","","","hips_s#4+L_upperLeg_s#0+R_upperLeg_s#0"
"ChronomancerDefaultSecondaryRecoil","finn_super.glb","1","23","","","","","100","","","hips_s#4+L_upperLeg_s#0+R_upperLeg_s#0"
"TrickshotDudeAprilFoolsIdle","rico_egg_idle.glb","","-1","","","100","100","","true","",""
"TrickshotDudeAprilFoolsWalk","rico_egg_walk.glb","","25","","","100","100","","true","","1"
"TrickshotDudeAprilFoolsPrimary","rico_egg_attack.glb","5","8","","","100","","","","","hips_s#4+L_leg_s#0+R_leg_s#0"
"TrickshotDudeAprilFoolsSecondary","rico_egg_attack.glb","5","8","","","100","","","","","hips_s#4+L_leg_s#0+R_leg_s#0"
"TrickshotDudeAprilFoolsRecoil","rico_egg_attack.glb","8","30","","150","50","","100","","","hips_s#4+L_leg_s#0+R_leg_s#0"
"TrickshotDudeAprilFoolsReload","rico_egg_idle.glb","1","2","","","200","200","200","","",""
"TrickshotDudeAprilFoolsPushback","rico_egg_idle.glb","","-1","","","200","100","200","","","5"
"TrickshotDudeAprilFoolsWin","rico_egg_win.glb","1","158","","","","","","","",""
"TrickshotDudeAprilFoolsWinloop","rico_egg_win.glb","100","158","","","","","","true","",""
"TrickshotDudeAprilFoolsLose","rico_egg_lose.glb","","157","","","","","","","",""
"TrickshotDudeAprilFoolsLoseloop","rico_egg_lose.glb","158","184","","","","","","true","",""
"TrickshotDudeAprilFoolsProfile","rico_egg_portrait.glb","1","1","","","","","","true","",""
"Gunslinger29GemWin","ranked_colt_29_gem_win.glb","","221","","","","","","","",""
"Gunslinger29GemWinloop","ranked_colt_29_gem_win.glb","124","221","","","","","","true","",""
"AmberRareWin","amber_rare_win.glb","","192","-1","","","","","","",""
"AmberRareWinloop","amber_rare_win.glb","192","228","-1","","","","","true","",""
"WeaponThrowerYetiIdle_transform","bronson_yeti_small_idle.glb","1","58","","","100","100","","true","",""
"WeaponThrowerYetiWalk_transform","bronson_yeti_small_walk.glb","1","23","","150","100","100","","true","","1"
"WeaponThrowerYetiAttack_transform","bronson_yeti_small_attack.glb","10","25","","","","","100","","","hips_s#4+L_upperLeg_s#0+R_upperLeg_s#0"
"WeaponThrowerYetiAttackRecoil_transform","bronson_yeti_small_attack.glb","15","30","","","","","100","","","hips_s#3+L_upperLeg_s#0+R_upperLeg_s#0"
"WeaponThrowerYetiAttackRecoil2_transform","bronson_attack.glb","35","35","","200","1","100","100","","","hips_s#5+L_upperLeg_s#0+R_upperLeg_s#0"
"SproutBathIdle","sprout_bath_idle.glb","","-1","","","100","100","","true","",""
"SproutBathWalk","sprout_bath_walk.glb","1","29","","","100","100","","true","","1"
"SproutBathPrimary","sprout_bath_attack.glb","","5","","","","","","","","body_s#3+L_wheel_s#0+R_wheel_s#0"
"SproutBathRecoil","sprout_bath_attack.glb","5","30","","","","","100","","","body_s#4+L_wheel_s#0+R_wheel_s#0"
"SproutBathReload","sprout_bath_reload.glb","","20","","","100","100","100","","","body_s#0+L_arm_01_s#4+L_wheel_s#0+R_wheel_s#0"
"SproutBathPushback","sprout_bath_pushback.glb","","10","","","50","100","100","","","5"
"SproutBathWin","sprout_bath_win_120.glb","","1347","","","","","","","",""
"SproutBathWinloop","sprout_bath_win_120.glb","631","1347","","","","","","true","",""
"SproutBathLose","sprout_bath_lose.glb","","127","","","","","","","",""
"SproutBathLoseloop","sprout_bath_lose.glb","128","158","","","","","","true","",""
"SproutBathEnter","sprout_bath_win.glb","1","1","","","100","100","","","",""
"SproutBathPortrait","sprout_bath_portrait.glb","50","50","","","","","","true","",""
"MturretIdle_transform","item_moba_turret_idle_in.glb","20","-1","","","100","100","","true","","2"
"MturretIdle","item_moba_turret_idle_out.glb","20","-1","","","800","500","500","true","","4"
"MturretAttack","item_moba_turret_shoot.glb","","-1","","","100","100","50","","","3"
"MturretAttack_transform","item_moba_turret_shoot.glb","","-1","","","100","100","50","","","3"
"SniperJapanIdle","piper_geisha_idle.glb","1","41","","","100","100","","true","",""
"SniperJapanWalk","piper_geisha_walk.glb","1","20","","","100","100","","true","","1"
"SniperJapanAttack","piper_geisha_attack.glb","1","12","","","","","","","","hips_s#4+L_upperLeg_s#0+R_upperLeg_s#0+R_dress_01_s#0+L_dress_01_s#0+F_dress_01_s#0+B_dress_01_s#0"
"SniperJapanSecondary","piper_geisha_super.glb","","-1","","","50","50","50","","","5"
"SniperJapanRecoil","piper_geisha_attack.glb","1","25","","","","","200","","","hips_s#5+L_upperLeg_s#0+R_upperLeg_s#0+R_dress_01_s#0+L_dress_01_s#0+F_dress_01_s#0+B_dress_01_s#0"
"SniperJapanReload","piper_geisha_idle.glb","","10","","","100","100","500","","","hips_s#4+L_upperLeg_s#0+R_upperLeg_s#0+R_dress_01_s#0+L_dress_01_s#0+F_dress_01_s#0+B_dress_01_s#0"
"SniperJapanPushback","piper_geisha_pushback.glb","1","10","","","50","50","100","","","5"
"SniperJapanWin","piper_geisha_win_120.glb","1","875","","","","","","","","5"
"SniperJapanWinloop","piper_geisha_win_120.glb","720","875","","","","","","true","","1"
"SniperJapanLose","piper_geisha_lose.glb","1","89","","","","","","","","5"
"SniperJapanLoseloop","piper_geisha_lose.glb","55","89","","","","","","true","","1"
"SniperJapanProfile","piper_geisha_portrait.glb","","","","","","","","","","5"
"TaraJapanIdle","tara_chukei_idle.glb","1","-1","","","200","","","true","","5"
"TaraJapanWalk","tara_chukei_walk.glb","1","20","","80","200","","200","true","","1"
"TaraJapanPrimary","tara_chukei_attack.glb","1","4","","","","","200","","","hips_s#4+L_upperLeg_s#0+R_upperLeg_s#0"
"TaraJapanRecoil","tara_chukei_attack.glb","4","20","","","","","200","","","hips_s#4+L_upperLeg_s#0+R_upperLeg_s#0"
"TaraJapanReload","tara_chukei_idle.glb","1","12","","","","","50","","",""
"TaraJapanSecondary","tara_chukei_ult.glb","1","4","","","","","200","","","hips_s#4+L_upperLeg_s#0+R_upperLeg_s#0"
"TaraJapanSecondaryRecoil","tara_chukei_ult.glb","4","22","","","","","200","","","hips_s#4+L_upperLeg_s#0+R_upperLeg_s#0"
"TaraJapanWin","tara_chukei_win.glb","1","188","","","","","","","","5"
"TaraJapanWinloop","tara_chukei_win.glb","189","237","","","","","","true","","1"
"TaraJapanLose","tara_chukei_lose.glb","1","72","","","","","","","",""
"TaraJapanLoseloop","tara_chukei_lose.glb","36","72","","","","","","true","",""
"TaraJapanProfile","tara_chukei_portrait.glb","34","34","","","","","","","","5"
"InsectManJapanIdle","angelo_tengu_idle.glb","1","37","","","100","100","","true","",""
"InsectManJapanWalk","angelo_tengu_walk.glb","1","29","","","100","100","","true","","1"
"InsectManJapanAttack","angelo_tengu_attack_loop.glb","1","17","","","150","","","true","","hips_s#4+L_upperLeg_s#0+R_upperLeg_s#0+R_dress_01_s#0+L_dress_01_s#0+F_dress_01_s#0+B_dress_01_s#0"
"InsectManJapanSecondary","angelo_tengu_super.glb","","28","","","50","50","50","","","5"
"InsectManJapanRecoil","angelo_tengu_attack.glb","23","39","","","","","200","","","hips_s#5+L_upperLeg_s#0+R_upperLeg_s#0+R_dress_01_s#0+L_dress_01_s#0+F_dress_01_s#0+B_dress_01_s#0"
"InsectManJapanReload","angelo_tengu_idle.glb","","10","","","100","100","500","","","hips_s#4+L_upperLeg_s#0+R_upperLeg_s#0+R_dress_01_s#0+L_dress_01_s#0+F_dress_01_s#0+B_dress_01_s#0"
"InsectManJapanPushback","angelo_tengu_idle.glb","1","10","","","50","50","100","","","5"
"InsectManJapanWin","angelo_tengu_win.glb","1","125","","","","","","","","5"
"InsectManJapanWinloop","angelo_tengu_win.glb","102","125","","","","","","true","","1"
"InsectManJapanLose","angelo_tengu_lose.glb","1","171","","","","","","","","5"
"InsectManJapanLoseloop","angelo_tengu_lose.glb","129","171","","","","","","true","","1"
"InsectManJapanProfile","angelo_tengu_portrait.glb","","","","","","","","","","5"
"DoorManJapanIdle","gray_samurai_idle.glb","","-1","","","100","100","","true","",""
"DoorManJapanWalk","gray_samurai_walk.glb","","-1","","125","100","100","","true","","1"
"DoorManJapanPrimary","gray_samurai_attack.glb","15","20","","","50","50","50","","","hips_s#3+L_upperLeg_s#0+R_upperLeg_s#0"
"DoorManJapanSecondary","gray_samurai_super.glb","","-1","","","100","100","100","","","hips_s#3+L_upperLeg_s#0+R_upperLeg_s#0"
"DoorManJapanRecoil","gray_samurai_attack.glb","20","30","","","50","100","200","","","hips_s#4+L_upperLeg_s#0+R_upperLeg_s#0"
"DoorManJapanRecoil2","gray_samurai_super.glb","50","70","","","100","100","100","","","hips_s#4+L_upperLeg_s#0+R_upperLeg_s#0"
"DoorManJapanReload","gray_samurai_idle.glb","1","3","","","800","800","800","","","spine_lower_s#4"
"DoorManJapanPushback","gray_samurai_walk.glb","","-1","","","100","100","100","","","5"
"DoorManJapanWin","gray_samurai_win.glb","","218","","","","","","","",""
"DoorManJapanWinloop","gray_samurai_win.glb","190","218","","","","","","true","",""
"DoorManJapanLose","gray_samurai_lose_120.glb","","515","","","","","200","","",""
"DoorManJapanLoseloop","gray_samurai_lose_120.glb","400","515","","","","","200","true","",""
"DoorManJapanProfile","gray_samurai_portrait.glb","30","31","","","","","","","",""
"ArenaBaseIdle","item_moba_base_idle.glb","","-1","","","200","200","200","true","",""
"ArenaBaseAttack","item_moba_base_attack.glb","","-1","","","200","200","200","true","","4"
"MturretDestroyed","item_moba_turret_destroyed.glb","","-1","","","200","200","200","true","",""
"BeamerSCStoreIdle","mandy_witch_idle.glb","1","46","","","50","50","50","true","",""
"BeamerSCStoreWalk","mandy_witch_walk.glb","1","21","","","","","","true","","1"
"BeamerSCStoreAttack","mandy_witch_attack.glb","1","5","","","","","","","","hips_s#4+L_upperLeg_s#0+R_upperLeg_s#0+R_dress_01_s#0+L_dress_01_s#0+F_dress_01_s#0+B_dress_01_s#0"
"BeamerSCStoreSecondary","mandy_witch_super.glb","","38","","","100","100","100","","","5"
"BeamerSCStoreRecoil","mandy_witch_attack.glb","5","30","","","","","100","","","hips_s#5+L_upperLeg_s#0+R_upperLeg_s#0+R_dress_01_s#0+L_dress_01_s#0+F_dress_01_s#0+B_dress_01_s#0"
"BeamerSCStoreReload","mandy_witch_idle.glb","1","1","","","50","50","50","","","hips_s#0+L_upperLeg_s#0+R_upperLeg_s#0"
"BeamerSCStorePushback","mandy_witch_idle.glb","1","1","","","50","50","50","","","5"
"BeamerSCStoreWin","mandy_witch_win.glb","1","187","","","","","","","","5"
"BeamerSCStoreWinloop","mandy_witch_win.glb","188","239","","","","","","true","","1"
"BeamerSCStoreLose","mandy_witch_lose.glb","1","62","","","","","","","","5"
"BeamerSCStoreLoseloop","mandy_witch_lose.glb","","62","","","","","","true","","1"
"BeamerSCStoreProfile","mandy_witch_portrait.glb","","","","","","","","","","5"
"BeamerSCStoreIdle_transform","mandy_idle_transform.glb","1","21","","","200","250","","true","",""
"BeamerSCStoreEnv","mandy_env.glb","1","854","","","","","","true","",""
"CrabKaijuIdle","clancy_kaiju_idle.glb","","28","","","100","100","","true","","1"
"CrabKaijuWalk","clancy_kaiju_walk.glb","","23","","75","100","100","","true","","1"
"CrabKaijuSecondary","clancy_kaiju_super.glb","","-1","","70","","","250","","","4"
"CrabKaijuReload","clancy_kaiju_idle.glb","","20","","","50","100","100","","","hips_s#0+chest_s#5+L_clavicle_s#1+head_s#0+L_upperLeg_s#0+R_upperLeg_s#0"
"CrabKaijuPushback","clancy_kaiju_idle.glb","","10","","","50","100","100","","","5"
"CrabKaijuWin","clancy_kaiju_win.glb","","278","","","","","","","",""
"CrabKaijuWinloop","clancy_kaiju_win.glb","238","278","","","","","","true","",""
"CrabKaijuLose","clancy_kaiju_lose.glb","","138","","","","","","","",""
"CrabKaijuLoseloop","clancy_kaiju_lose.glb","100","138","","","","","","true","",""
"CrabKaijuProfile","clancy_kaiju_portrait.glb","","-1","","","","","","","",""
"CrabKaijuAttackPrimary","clancy_kaiju_attack1.glb","1","22","","200","50","100","100","","","hips_s#4+L_upperLeg_s#0+R_upperLeg_s#0"
"CrabKaijuAttackPrimary_lvl2","clancy_kaiju_attack2.glb","1","-1","","200","50","100","100","","","hips_s#4+L_upperLeg_s#0+R_upperLeg_s#0"
"CrabKaijuAttackPrimary_lvl3","clancy_kaiju_attack3.glb","1","-1","","250","50","100","100","","","hips_s#4+L_upperLeg_s#0+R_upperLeg_s#0"
"CrabKaijuTransformation","clancy_kaiju_transformation.glb","1","-1","","","50","","100","","","hips_s#4+L_upperLeg_s#0+R_upperLeg_s#0"
"AssaultShotgunKaijuIdle","griff_kaiju_idle.glb","","38","-1","","100","100","","true","",""
"AssaultShotgunKaijuWalk","griff_kaiju_walk.glb","","-1","-1","","100","100","","true","",""
"AssaultShotgunKaijuAttack","griff_kaiju_attack.glb","","3","-1","","","","","","","hips_s#3+L_upperLeg_s#0+R_upperLeg_s#0"
"AssaultShotgunKaijuRecoil","griff_kaiju_attack.glb","4","-1","-1","","","100","200","","","hips_s#4+L_upperLeg_s#0+R_upperLeg_s#0"
"AssaultShotgunKaijuWin","griff_kaiju_win.glb","","133","-1","","","","","","",""
"AssaultShotgunKaijuWinloop","griff_kaiju_win.glb","134","163","-1","","","","","true","",""
"AssaultShotgunKaijuLose","griff_kaiju_lose.glb","","220","-1","","50","","","","",""
"AssaultShotgunKaijuLoseloop","griff_kaiju_lose.glb","179","220","-1","","","","","true","",""
"AssaultShotgunKaijuPortrait","griff_kaiju_portrait.glb","","-1","-1","","","","","","",""
"GhostGraffitiIdle","shade_esports_idle.glb","1","28","","","200","100","","true","",""
"GhostGraffitiWalk","shade_esports_walk.glb","1","28","","150","100","100","","true","","1"
"GhostGraffitiAttack","shade_esports_attack.glb","3","32","","","100","250","100","","","3"
"GhostGraffitiUlti","shade_esports_super.glb","1","-1","","","50","100","","","","4"
"GhostGraffitiRecoil","shade_esports_attack.glb","18","32","","","100","250","100","","","3"
"GhostGraffitiPushback","shade_esports_idle.glb","","-1","","","100","100","100","","","5"
"GhostGraffitiWinExtra","shade_esports_win.glb","1","235","","","","","","","",""
"GhostGraffitiWinExtraLoop","shade_esports_win.glb","207","235","","","","","","true","",""
"GhostGraffitiLose","shade_esports_lose.glb","","268","","","","","","","","1"
"GhostGraffitiLoseloop","shade_esports_lose.glb","240","268","","","","","","true","","1"
"GhostGraffitiWin","shade_esports_win.glb","1","235","","","","","","","","1"
"GhostGraffitiWinloop","shade_esports_win.glb","207","235","","","","","","true","","1"
"GhostGraffitiProfile","shade_esports_portrait.glb","49","49","","","","","","true","","1"
"LeaperKaijuIdle","mico_kaiju_idle.glb","1","39","","","200","200","","true","",""
"LeaperKaijuWalk","mico_kaiju_walk.glb","1","19","","","100","100","","true","","1"
"LeaperKaijuAttack","mico_kaiju_attack.glb","","30","","","","250","200","","","3"
"LeaperKaijuUltiAttack","mico_kaiju_super.glb","1","235","","","","","","","","hips_s#3+L_upperLeg_s#0+R_upperLeg_s#0"
"LeaperKaijuRecoil1","mico_kaiju_attack.glb","3","30","","","","250","200","","","4"
"LeaperKaijuUltiRecoil1","mico_kaiju_super.glb","37","65","","","","","200","","","hips_s#4+L_upperLeg_s#0+R_upperLeg_s#0"
"LeaperKaijuPushback","mico_kaiju_idle.glb","1","1","","","100","100","100","","","5"
"LeaperKaijuWin","mico_kaiju_win.glb","1","300","","","","","","","","1"
"LeaperKaijuWinloop","mico_kaiju_win.glb","272","300","","","","","","true","","1"
"LeaperKaijuLose","mico_kaiju_lose_120.glb","","751","","","","","","","","1"
"LeaperKaijuLoseloop","mico_kaiju_lose_120.glb","606","751","","","","","","true","","1"
"LeaperKaijuProfile","mico_kaiju_portrait.glb","49","49","","","","","","","","1"
"AlternatorDefaultIdle","jae_idle.glb","1","58","","","100","100","100","true","","1"
"AlternatorDefaultWalk","jae_walk.glb","1","23","","","100","100","100","true","",""
"AlternatorAttack","jae_attack01.glb","","5","","80","100","100","100","","","hips_s#3+L_upperLeg_s#0+R_upperLeg_s#0"
"AlternatorDefaultRecoil","jae_attack01.glb","1","-1","","80","100","100","100","","","4"
"AlternatorDefaultPushBack","jae_idle.glb","","10","","","100","100","100","","",""
"AlternatorDefaultWin","jae_win.glb","1","234","","","","","","","",""
"AlternatorDefaultWinloop","jae_win.glb","235","322","","","","","","true","","1"
"AlternatorDefaultLose","jae_lose.glb","","194","","","","","","","",""
"AlternatorDefaultProfile","jae_portrait.glb","220","220","","","","","","true","","1"
"AlternatorDefaultLoseloop","jae_lose.glb","194","194","-1","","","","","true","",""
"AlternatorDefaultSecondary","jae_super.glb","1","8","","","100","100","100","","","hips_s#4+L_upperLeg_s#0+R_upperLeg_s#0"
"AlternatorDefaultSecondaryRecoil","jae_super.glb","8","23","","","100","100","100","","","4"
"AlternatorAttack2","jae_attack02.glb","","5","","80","100","100","100","","","hips_s#3+L_upperLeg_s#0+R_upperLeg_s#0"
"AlternatorDefaultRecoil2","jae_attack02.glb","1","-1","","80","100","100","100","","","4"
"GeishaIdle","kaze_geisha_idle.glb","","28","","","100","100","100","true","",""
"GeishaWalk","kaze_geisha_walk.glb","","32","","","100","100","","true","","1"
"GeishaPrimary","kaze_geisha_attack.glb","1","15","","","50","50","50","","","hips_s#3+L_upperLeg_s#0+R_upperLeg_s#0"
"GeishaSecondary","kaze_geisha_super.glb","","28","","","100","50","200","","","hips_s#3+L_upperLeg_s#0+R_upperLeg_s#0"
"GeishaRecoil","kaze_geisha_attack.glb","15","28","","","100","100","100","","","hips_s#4+L_upperLeg_s#0+R_upperLeg_s#0"
"GeishaReload","kaze_geisha_idle.glb","1","1","","","10","10","10","","",""
"GeishaPushback","kaze_geisha_idle.glb","","","","","100","100","100","","","5"
"GeishaWin","kaze_geisha_win_120.glb","","1140","","","","","","","","1"
"GeishaWinloop","kaze_geisha_win_120.glb","1020","1140","","","","","","true","","1"
"GeishaLose","kaze_lose.glb","","183","","130","","","38","","","1"
"GeishaLoseloop","kaze_lose.glb","48","183","","120","","","","true","","1"
"GeishaProfile","kaze_portrait.glb","1","1","","","","","","","",""
"GeishaIntro","kaze_geisha_win_120.glb","1140","1140","","","","","","","",""
"GeishaTransformedIdle","kaze_ninja_idle.glb","","28","","","100","100","100","true","",""
"GeishaTransformedWalk","kaze_ninja_walk.glb","","28","","","100","100","100","true","","1"
"GeishaTransformedPrimary","kaze_ninja_attack.glb","1","10","","","100","100","100","","","hips_s#3+L_upperLeg_s#0+R_upperLeg_s#0"
"GeishaTransformedSecondary","kaze_ninja_super.glb","1","46","","","100","100","100","","","hips_s#3+L_upperLeg_s#0+R_upperLeg_s#0"
"GeishaTransformedRecoil","kaze_ninja_attack.glb","10","18","","","100","100","100","","","hips_s#4+L_upperLeg_s#0+R_upperLeg_s#0"
"GeishaTransformedReload","kaze_ninja_idle.glb","1","1","","","10","10","10","","",""
"GeishaTransformedPushback","kaze_ninja_idle.glb","","","","","100","100","100","","","5"
"GeishaTransformedWin","kaze_ninja_win_120.glb","","1140","","","","","","","",""
"GeishaTransformedWinloop","kaze_ninja_win_120.glb","1020","1140","","","","","","true","",""
"GeishaTransformedLose","kaze_ninja_lose.glb","1","53","","","","","","","",""
"GeishaTransformedLoseloop","kaze_ninja_lose.glb","26","53","","","","","","true","",""
"GeishaTransformedIntro","kaze_ninja_win_120.glb","1140","1140","","","","","","","",""
"ColetteKaijuIdle","colette_kaiju_idle.glb","1","29","-1","","100","100","","true","",""
"ColetteKaijuWalk","colette_kaiju_walk.glb","1","-1","-1","","100","100","","true","","1"
"ColetteKaijuAttack","colette_kaiju_attack.glb","1","6","-1","","","","","","","hips_s#3+L_upperLeg_s#0+R_upperLeg_s#0"
"ColetteKaijuRecoil","colette_kaiju_attack.glb","3","20","-1","","","","100","","","hips_s#4+L_upperLeg_s#0+R_upperLeg_s#0"
"ColetteKaijuReload","","","","","","","","","","",""
"ColetteKaijuPushback","","","","","","","","","","",""
"ColetteKaijuSuper","colette_kaiju_super.glb","","-1","","","50","50","50","true","","5"
"ColetteKaijuSuperRecoil","","","","","","","","","","",""
"ColetteKaijuWin","colette_kaiju_win.glb","1","124","","","","1000","1000","","",""
"ColetteKaijuWinloop","colette_kaiju_win.glb","100","124","","","","","","true","",""
"ColetteKaijuLose","colette_kaiju_lose.glb","1","177","","","","","","","","1"
"ColetteKaijuLoseloop","colette_kaiju_lose.glb","149","177","","","","","","true","","1"
"ColetteKaijuPortrait","colette_kaiju_portrait.glb","1","1","","","","","","","",""
"ChronomancerKaijuIdle","finx_mecha_idle.glb","1","28","","","100","100","100","true","","5"
"ChronomancerKaijuWalk","finx_mecha_walk.glb","1","28","","","100","100","100","true","","1"
"ChronomancerKaijuAttack","finx_mecha_attack.glb","","21","","","","","100","","","hips_s#4+L_upperLeg_s#0+R_upperLeg_s#0"
"ChronomancerKaijuSecondary","finx_mecha_super.glb","","23","","","","","100","","","hips_s#4+L_upperLeg_s#0+R_upperLeg_s#0"
"ChronomancerKaijuRecoil","finx_mecha_attack.glb","2","21","","","","","100","","","hips_s#4+L_upperLeg_s#0+R_upperLeg_s#0"
"ChronomancerKaijuSecondaryRecoil","finx_mecha_super.glb","1","23","","","","","100","","","hips_s#4+L_upperLeg_s#0+R_upperLeg_s#0"
"ChronomancerKaijuReload","finx_mecha_idle.glb","","10","","","100","100","100","","","hips_s#0+L_upperLeg_s#0+R_upperLeg_s#0"
"ChronomancerKaijuPushBack","finx_mecha_idle.glb","","10","","","100","100","100","","",""
"ChronomancerKaijuWin","finx_mecha_win.glb","1","123","","","","","","","",""
"ChronomancerKaijuWinloop","finx_mecha_win.glb","124","277","","","","","","true","","1"
"ChronomancerKaijuLose","finx_mecha_lose.glb","","117","","","","","","","",""
"ChronomancerKaijuLoseloop","finx_mecha_lose.glb","103","117","-1","","","","","true","",""
"ChronomancerKaijuProfile","finx_mecha_portrait.glb","220","220","","","","","","true","","1"
"RangedBotSamuraiIdle","bot_samurai_1_idle.glb","","-1","","","100","100","","true","",""
"RangedBotSamuraiWalk","bot_samurai_1_walk.glb","","-1","","","100","100","","true","","1"
"RangedBotSamuraiPrimary","bot_samurai_1_attack.glb","5","10","","","","","","","","hips_s#3+L_upperLeg_s#0+R_upperLeg_s#0"
"RangedBotSamuraiSecondary","bot_samurai_1_attack.glb","5","10","","","","","","","","hips_s#3+L_upperLeg_s#0+R_upperLeg_s#0"
"RangedBotSamuraiRecoil","bot_samurai_1_attack.glb","13","-1","","","","100","50","","","hips_s#4+L_upperLeg_s#0+R_upperLeg_s#0"
"RangedBotSamuraiReload","bot_samurai_1_idle.glb","","-1","","","200","200","200","","",""
"RangedBotSamuraiPushback","bot_samurai_1_idle.glb","","-1","","","200","100","200","","","5"
"RangedBotSamuraiWin","bot_samurai_1_idle.glb","","-1","","","","","200","","",""
"RangedBotSamuraiWinloop","bot_samurai_1_idle.glb","","-1","","","","","","true","",""
"RangedBotSamuraiLose","bot_samurai_1_idle.glb","","-1","","","","","200","","",""
"RangedBotSamuraiLoseloop","bot_samurai_1_idle.glb","","-1","","","","","","true","",""
"MeleeBotSamuraiIdle","bot_samurai_2_idle.glb","","-1","","","200","200","","true","",""
"MeleeBotSamuraiWalk","bot_samurai_2_walk.glb","","-1","","","200","200","","true","","1"
"MeleeBotSamuraiRecoil","bot_samurai_2_attack.glb","3","13","","","1","100","20","","","hips_s#3+L_upperLeg_s#0+R_upperLeg_s#0"
"MeleeBotSamuraiPushback","bot_samurai_2_idle.glb","","-1","","","100","100","400","","","5"
"MeleeBotSamuraiRecoil2","bot_samurai_2_attack.glb","13","-1","","","1","100","20","","","hips_s#4+L_upperLeg_s#0+R_upperLeg_s#0"
"MeleeBotSamuraiWin","bot_samurai_2_idle.glb","","-1","","","","","200","","","5"
"MeleeBotSamuraiWinloop","bot_samurai_2_idle.glb","","-1","","","","","","true","","1"
"MeleeBotSamuraiLose","bot_samurai_2_idle.glb","","-1","","","","","200","","","5"
"MeleeBotSamuraiLoseloop","bot_samurai_2_idle.glb","","-1","","","","","","true","","1"
"SamuraiJapanIdle","kenji_cursed_samurai_idle.glb","1","23","","","100","100","100","true","",""
"SamuraiJapanWalk","kenji_cursed_samurai_walk.glb","1","23","","150","100","100","100","true","","1"
"SamuraiJapanAttack1","kenji_cursed_samurai_attack1.glb","3","15","","","50","200","200","","","3"
"SamuraiJapanUlti","kenji_cursed_samurai_super.glb","","20","","","50","50","50","true","","hips_s#3+L_upperLeg_s#0+R_upperLeg_s#0"
"SamuraiJapanPushback","kenji_cursed_samurai_idle.glb","","-1","","","100","100","100","","","5"
"SamuraiJapanWin","kenji_cursed_samurai_win.glb","1","284","","","","","","","","1"
"SamuraiJapanWinloop","kenji_cursed_samurai_win.glb","238","284","","","","","","true","","1"
"SamuraiJapanLose","kenji_cursed_samurai_lose.glb","","187","","","","","","","","1"
"SamuraiJapanLoseloop","kenji_cursed_samurai_lose.glb","132","187","","","","","","true","","1"
"SamuraiJapanProfile","kenji_cursed_samurai_portrait.glb","49","49","","","","","","true","","1"
"SamuraiJapanAttack2","kenji_cursed_samurai_attack2.glb","3","15","","","200","200","200","","","3"
"SamuraiJapanAttack3","kenji_cursed_samurai_attack3.glb","3","15","","","","250","200","","","3"
"SamuraiJapanOverchargeIdle","kenji_cursed_samurai_hc_idle.glb","1","23","","","100","100","100","true","",""
"SamuraiJapanOverchargeWalk","kenji_cursed_samurai_hc_walk_sheath.glb","1","23","","150","100","100","100","true","","1"
"SamuraiJapanOverchargeAttack1","kenji_cursed_samurai_hc_attack1.glb","3","15","","","100","200","200","","","3"
"SamuraiJapanOverchargeUlti","kenji_cursed_samurai_hc_super.glb","","20","","","","","","","","hips_s#3+L_upperLeg_s#0+R_upperLeg_s#0"
"SamuraiJapanOverchargePushback","kenji_cursed_samurai_hc_idle.glb","","-1","","","100","100","100","","","5"
"SamuraiJapanOverchargeWin","kenji_cursed_samurai_hc_win.glb","1","233","","","","","","","","1"
"SamuraiJapanOverchargeWinloop","kenji_cursed_samurai_hc_win.glb","187","233","","","","","","true","","1"
"SamuraiJapanOverchargeLose","kenji_cursed_samurai_hc_lose.glb","","156","","","","","","","","1"
"SamuraiJapanOverchargeLoseloop","kenji_cursed_samurai_hc_lose.glb","108","156","","","","","","true","","1"
"SamuraiJapanOverchargeProfile","kenji_cursed_samurai_hc_portrait.glb","49","49","","","","","","true","","1"
"SamuraiJapanOverchargeAttack2","kenji_cursed_samurai_hc_attack2.glb","3","16","","","100","250","200","","","3"
"SamuraiJapanOverchargeAttack3","kenji_cursed_samurai_hc_attack3.glb","3","16","","","100","250","200","","","3"
"SamuraiJapanOverchargeIdle_transform","kenji_cursed_samurai_hc_idle_transform.glb","1","23","","","200","200","100","true","",""
"SamuraiJapanOverchargeWalk_transform","kenji_cursed_samurai_hc_walk_transform.glb","1","23","","","100","100","100","true","","1"
"SamuraiJapanOverchargeAttack1_transform","kenji_cursed_samurai_hc_attack1_transform.glb","1","-1","","50","100","100","","true","","3"
"SamuraiJapanOverchargeUlti_transform","kenji_cursed_samurai_hc_super_transform.glb","","20","","","100","100","100","","","hips_hc#4+L_upperLeg_hc#0+R_upperLeg_hc#0"
"SamuraiJapanOverchargeAttack2_transform","kenji_cursed_samurai_hc_attack2_transform.glb","5","16","","80","200","200","200","","","3"
"SamuraiJapanOverchargeAttack3_transform","kenji_cursed_samurai_hc_attack3_transform.glb","3","16","","","100","100","200","","","3"
"SamuraiJapanOverchargePushback_transform","kenji_cursed_samurai_hc_idle_transform.glb","","-1","","","100","100","100","","","5"
"EnragerKaijuIdle","edgar_kaiju_idle.glb","1","44","-1","","100","100","","true","","R_scarf_01_s#1+L_scarf_01_s#1"
"EnragerKaijuWalk","edgar_kaiju_walk.glb","1","22","-1","","100","100","","true","","1"
"EnragerKaijuAttack","edgar_kaiju_attack.glb","1","5","-1","","","","","","","hips_s#3+L_upperLeg_s#0+R_upperLeg_s#0"
"EnragerKaijuSuper","edgar_kaiju_super.glb","5","50","-1","","","250","250","","","3"
"EnragerKaijuRecoil","edgar_kaiju_attack.glb","6","30","-1","","","200","200","","","hips_s#4+L_upperLeg_s#0+R_upperLeg_s#0"
"EnragerKaijuPushback","edgar_kaiju_pushback.glb","","-1","-1","","50","100","100","","","5"
"EnragerKaijuWin","edgar_kaiju_win.glb","","178","-1","","","","","","",""
"EnragerKaijuWinloop","edgar_kaiju_win.glb","156","178","-1","","","","","true","",""
"EnragerKaijuLose","edgar_kaiju_lose.glb","","190","-1","","","","","","",""
"EnragerKaijuLoseloop","edgar_kaiju_lose.glb","164","190","-1","","","","","true","",""
"EnragerKaijuProfile","edgar_kaiju_portrait.glb","","","-1","","","","","true","",""
"MegaKenjiIdle","boss_cursed_samurai_idle.glb","","43","","","50","50","50","true","",""
"MegaKenjiWalk","boss_cursed_samurai_walk.glb","","59","","","50","50","50","true","","1"
"MegaKenjiPushAway","boss_cursed_samurai_attack_02_omegaslash.glb","1","43","","","50","50","50","","","hips_s#3+L_upperLeg_s#0+R_upperLeg_s#0"
"MegaKenjiAttackSlowProjectiles","boss_cursed_samurai_attack_05_x.glb","1","33","","","50","50","50","","","hips_s#3+L_upperLeg_s#0+R_upperLeg_s#0"
"MegaKenjiSpawnRobots","boss_cursed_samurai_attack_03_summon_robots.glb","1","55","","","50","50","50","","","hips_s#3+L_upperLeg_s#0+R_upperLeg_s#0"
"MegaKenjiCharge","boss_cursed_samurai_attack_04_bladestorm.glb","1","48","","","50","50","50","","","hips_s#3+L_upperLeg_s#0+R_upperLeg_s#0"
"MegaKenji360Madness","boss_cursed_samurai_attack_01_melee.glb","1","70","","","50","50","50","","","hips_s#3+L_upperLeg_s#0+R_upperLeg_s#0"
"MegaKenjiReload","boss_cursed_samurai_sushi_brk.glb","1","43","","","","","100","true","","hips_s#3+L_upperLeg_s#0+R_upperLeg_s#0"
"MegaKenjiPushback","boss_cursed_samurai_idle.glb","","43","","","100","100","100","","","5"
"MegaKenjiWin","boss_cursed_samurai_idle.glb","","43","","","","","","","","5"
"MegaKenjiWinloop","boss_cursed_samurai_idle.glb","","43","","","","","","true","","1"
"MegaKenjiLose","boss_cursed_samurai_idle.glb","","43","","","","","","","","5"
"MegaKenjiLoseloop","boss_cursed_samurai_idle.glb","","43","","","","","","true","","1"
"MegaKenjiProfile","boss_cursed_samurai_idle.glb","","","","","","","","true","",""
"MegaKenjiIntro","boss_cursed_samurai_idle.glb","","","","","","","","","",""
"BossBotSamuraiIdle","boss_samurai_bot_idle.glb","","-1","","","500","500","","true","",""
"BossBotSamuraiWalk","boss_samurai_bot_walk.glb","","-1","","","120","200","","true","","1"
"BossBotSamuraiPrimary","boss_samurai_bot_attack.glb","","39","-1","","","100","","","","hips_s#3+L_upperLeg_s#0+R_upperLeg_s#0"
"BossBotSamuraiPrimaryRecoil","boss_samurai_bot_attack.glb","40","55","-1","","","","200","","","hips_s#4+L_upperLeg_s#0+R_upperLeg_s#0"
"BossBotSamuraiAutoAttack","boss_samurai_bot_attack.glb","-1","5","","","50","","","","","hips_s#3+L_upperLeg_s#0+R_upperLeg_s#0"
"BossBotSamuraiAutoAttackRecoil2","boss_samurai_bot_attack.glb","5","17","","","50","50","50","","","hips_s#5+L_upperLeg_s#0+R_upperLeg_s#0"
"BossBotSamuraiPushback","boss_samurai_bot_idle.glb","-1","-1","","","50","200","200","","","5"
"BossBotSamuraiAutoAttackRecoil","boss_samurai_bot_attack.glb","17","34","","","50","50","50","","","hips_s#4+L_upperLeg_s#0+R_upperLeg_s#0"
"BossBotSamuraiWin","boss_samurai_bot_idle.glb","","-1","","","","","200","","","5"
"BossBotSamuraiWinloop","boss_samurai_bot_idle.glb","","-1","","","","","","true","","1"
"BossBotSamuraiLose","boss_samurai_bot_idle.glb","","-1","","","","","200","","","5"
"BossBotSamuraiLoseloop","boss_samurai_bot_idle.glb","","-1","","","","","","true","","1"
"BossBotSamuraiSecondary","bot_boss_charge_windup.glb","","-1","-1","","100","100","100","","","4"
"BossBotSamuraiSecondaryRecoil","bot_boss_charge.glb","","-1","-1","","200","200","100","true","","4"
"PainterGreekGodIdle","berry_pegasus_idle.glb","","-1","","","100","100","250","true","",""
"PainterGreekGodWalk","berry_pegasus_walk.glb","","19","","","100","100","","true","","1"
"PainterGreekGodPrimary","berry_pegasus_attack.glb","6","20","","","","","","","","hips_s#3+L_upperLeg_s#0+R_upperLeg_s#0"
"PainterGreekGodSecondary","berry_pegasus_super.glb","10","17","","","200","200","200","true","","5"
"PainterGreekGodRecoil","berry_pegasus_attack.glb","6","20","","","10","10","10","","","hips_s#4+L_upperLeg_s#0+R_upperLeg_s#0"
"PainterGreekGodReload","berry_pegasus_idle.glb","","-1","","","200","200","200","","","ChestBone#2"
"PainterGreekGodPushback","berry_pegasus_idle.glb","","-1","","","100","100","100","","","5"
"PainterGreekGodWin","berry_pegasus_win.glb","","149","","","50","250","250","","",""
"PainterGreekGodWinloop","berry_pegasus_win.glb","150","190","","","25","","","true","",""
"PainterGreekGodLose","berry_pegasus_lose.glb","","88","","","","","38","","",""
"PainterGreekGodLoseloop","berry_pegasus_lose.glb","88","88","","","","","","true","",""
"PainterGreekGodWinidleloop","berry_pegasus_win.glb","150","-1","","","","","","true","",""
"PainterGreekGodProfile","berry_pegasus_portrait.glb","1","1","","","","","","","",""
"PainterGreekGodIntro","berry_pegasus_win.glb","116","116","","","","","","","",""
"MechanicSCStoreIdle","jessie_musketeer_idle.glb","","-1","","","100","100","","true","",""
"MechanicSCStoreWalk","jessie_musketeer_walk.glb","","-1","","","100","100","","true","","1"
"MechanicSCStorePrimary","jessie_musketeer_attack.glb","","4","","","","","","","","hips_s#3+L_upperLeg_s#0+R_upperLeg_s#0"
"MechanicSCStoreUltiAttack","jessie_musketeer_idle.glb","","-1","","","200","200","10","true","","5"
"MechanicSCStoreRecoil","jessie_musketeer_attack.glb","1","15","","","","","100","","","hips_s#4+L_upperLeg_s#0+R_upperLeg_s#0"
"MechanicSCStoreUltiRecoil","jessie_musketeer_idle.glb","","-1","","","200","200","100","","","5"
"MechanicSCStoreReload","jessie_musketeer_idle.glb","","","","","200","200","200","","","chest_s#2"
"MechanicSCStorePushback","jessie_musketeer_pushback.glb","","10","","","100","100","100","true","","5"
"MechanicSCStoreWin","jessie_musketeer_win.glb","1","197","","","","","","","",""
"MechanicSCStoreWinloop","jessie_musketeer_win.glb","160","197","","","","","","true","",""
"MechanicSCStoreLose","jessie_musketeer_lose.glb","1","199","","","","","","","",""
"MechanicSCStoreLoseloop","jessie_musketeer_lose.glb","172","199","","","","","","true","",""
"MechanicSCStoreProfile","jessie_musketeer_portrait.glb","73","73","","","","","","","",""
"BarrelBotGreekGodIdle","darryl_polyphemus_idle.glb","1","-1","","","100","100","","true","",""
"BarrelBotGreekGodWalk","darryl_polyphemus_run.glb","1","20","","","100","100","","true","","1"
"BarrelBotGreekGodPrimary","darryl_attack.glb","","10","","","100","100","100","","","hips_s#3+L_upperLeg_s#0+R_upperLeg_s#0"
"BarrelBotGreekGodBarrelbotSecondary","darryl_polyphemus_super.glb","","29","","","1","1","1","true","","5"
"BarrelBotGreekGodRecoil","darryl_polyphemus_recoil.glb","1","10","","","","100","100","","","hips_s#4+L_upperLeg_s#0+R_upperLeg_s#0"
"BarrelBotGreekGodRecoil2","darryl_polyphemus_recoil.glb","1","10","","","","100","100","","","hips_s#4+L_upperLeg_s#0+R_upperLeg_s#0"
"BarrelBotGreekGodReload","darryl_polyphemus_idle.glb","","-1","","","800","800","800","","","hips_s#3+L_upperLeg_s#0+R_upperLeg_s#0"
"BarrelBotGreekGodPushback","darryl_polyphemus_pusback.glb","1","10","","","50","100","200","","","5"
"BarrelBotGreekGodBarrelbotWin","darryl_polyphemus_win.glb","","340","","","","","200","","",""
"BarrelBotGreekGodBarrelbotWinloop","darryl_polyphemus_win.glb","200","259","","","","","","true","",""
"BarrelBotGreekGodBarrelbotLose","darryl_polyphemus_lose.glb","","141","","","","","200","","",""
"BarrelBotGreekGodBarrelbotLoseloop","darryl_polyphemus_lose.glb","140","141","","","","","","true","",""
"BarrelBotGreekGodHide","darryl_polyphemus_lose.glb","","1","","","200","200","100","true","",""
"BarrelBotGreekGodProfile","darryl_polyphemus_portrait.glb","1","1","","","","","","true","",""
"CannonGirlGreekGodIdle","clyde_charioteer_idle.glb","","58","","","100","100","","true","",""
"CannonGirlGreekGodWalk","clyde_charioteer_run.glb","","68","","","100","100","","true","","1"
"CannonGirlGreekGodAttack","clyde_charioteer_attack.glb","","6","","","","50","","","","3"
"CannonGirlGreekGodAttackRecoil","clyde_charioteer_attack.glb","6","25","","","50","","100","","","4"
"CannonGirlGreekGodReload","clyde_charioteer_idle.glb","1","15","","","1000","1000","100","","","5"
"CannonGirlGreekGodPushback","clyde_charioteer_idle.glb","","-1","","","50","200","100","","","5"
"CannonGirlGreekGodWin","clyde_charioteer_win.glb","","131","","","","","","","",""
"CannonGirlGreekGodWinloop","clyde_charioteer_win.glb","132","257","","","","","","true","",""
"CannonGirlGreekGodLose","clyde_charioteer_lose.glb","","110","","","","","","","",""
"CannonGirlGreekGodLoseloop","clyde_charioteer_lose.glb","111","168","","","","","","true","",""
"CannonGirlGreekGodProfile","clyde_charioteer_portrait.glb","30","30","","","","","","true","",""
"MorningstarGreekGodIdle","lumi_erebus_idle.glb","","-1","","","50","50","","true","",""
"MorningstarGreekGodWalk","lumi_erebus_walk.glb","","-1","","","100","100","","true","","1"
"MorningstarGreekGodPrimary","lumi_erebus_attack.glb","","11","","","50","100","100","","","hips_s#3+L_upperLeg_s#0+R_upperLeg_s#0"
"MorningstarGreekGodSecondary","lumi_erebus_super.glb","","39","","120","50","100","100","","","hips_s#4+L_upperLeg_s#0+R_upperLeg_s#0"
"MorningstarGreekGodPushback","lumi_erebus_idle.glb","","","","","100","100","100","","","5"
"MorningstarGreekGodWin","lumi_erebus_win.glb","","139","","","","150","500","","","5"
"MorningstarGreekGodWinloop","lumi_erebus_win.glb","111","139","","","150","","500","true","","5"
"MorningstarGreekGodLose","lumi_erebus_lose.glb","1","105","","","","","","","","5"
"MorningstarGreekGodLoseloop","lumi_erebus_lose.glb","85","105","","","","","","true","","5"
"MorningstarGreekGodProfile","lumi_erebus_portrait.glb","1","1","","","","","","","","5"
"MorningstarGreekGodIdle_transform","lumi_erebus_idle2.glb","","27","","","50","50","","true","",""
"MorningstarGreekGodIdle_transform_2","lumi_erebus_idle3.glb","","27","","","50","50","","true","",""
"MorningstarGreekGodWalk_transform","lumi_erebus_walk2.glb","","24","","","50","50","","true","","1"
"MorningstarGreekGodWalk_transform_2","lumi_erebus_walk3.glb","","24","","","50","50","","true","","1"
"MorningstarGreekGodPrimary_transform","lumi_erebus_attack2.glb","","-1","","","50","50","","","","hips_s#3+L_upperLeg_s#0+R_upperLeg_s#0"
"MorningstarGreekGodPrimary_transform_2","lumi_erebus_attack3.glb","","-1","","40","100","100","","","","hips_s#3+L_upperLeg_s#0+R_upperLeg_s#0"
"FireDudeFantasyIdle","amber_fantasy_idle.glb","1","-1","-1","","100","100","","true","",""
"FireDudeFantasyWalk","amber_fantasy_walk.glb","1","22","-1","","100","100","","true","","1"
"FireDudeFantasyAttack","amber_fantasy_attack.glb","5","10","-1","","","","","","","hips_s#3+L_upperLeg_s#0+R_upperLeg_s#0"
"FireDudeFantasyRecoil","amber_fantasy_attack.glb","10","20","-1","","100","100","100","","","hips_s#4+L_upperLeg_s#0+R_upperLeg_s#0"
"FireDudeFantasyPushback","amber_fantasy_pushback.glb","","-1","-1","","","","","","",""
"FireDudeFantasyWin","amber_fantasy_win.glb","","133","-1","","","","","","",""
"FireDudeFantasyWinloop","amber_fantasy_win.glb","104","133","-1","","","","","true","",""
"FireDudeFantasyLose","amber_fantasy_lose.glb","","111","-1","","","","","","",""
"FireDudeFantasyLoseloop","amber_fantasy_lose.glb","83","111","-1","","","","","true","",""
"FireDudeFantasyPortrait","amber_fantasy_portrait.glb","","-1","","","","","","","",""
"ElectroSniperFantasyIdle","belle_fantasy_idle.glb","","-1","-1","","100","100","","true","",""
"ElectroSniperFantasyWalk","belle_fantasy_walk.glb","","-1","-1","","100","100","","true","","1"
"ElectroSniperFantasyAttack","belle_fantasy_attack.glb","1","4","-1","","50","","","","","hips_s#3+L_upperLeg_s#0+R_upperLeg_s#0"
"ElectroSniperFantasyRecoil","belle_fantasy_attack.glb","","25","-1","","","","200","","","hips_s#4+L_upperLeg_s#0+R_upperLeg_s#0"
"ElectroSniperFantasyWin","belle_fantasy_win.glb","","107","-1","","","","","","",""
"ElectroSniperFantasyWinloop","belle_fantasy_win.glb","108","132","-1","","","","","true","",""
"ElectroSniperFantasyLose","belle_fantasy_lose.glb","","68","-1","","","","","","",""
"ElectroSniperFantasyLoseloop","belle_fantasy_lose.glb","69","-1","-1","","","","","true","",""
"ElectroSniperFantasyPortrait","belle_fantasy_portrait.glb","","-1","-1","","","","","","",""
"ElectroSniperFantasyPushback","belle_pushback.glb","","10","-1","","50","","50","","",""
"BowDudeFantasyIdle","bo_fantasy_idle.glb","1","29","","","100","100","","true","",""
"BowDudeFantasyWalk","bo_fantasy_walk.glb","1","20","","","100","100","","true","","1"
"BowDudeFantasyAttack","bo_fantasy_attack.glb","1","12","","","50","50","350","","","hips_s#4+L_upperLeg_s#0+R_upperLeg_s#0"
"BowDudeFantasySecondary","bo_fantasy_attack.glb","1","12","","","50","50","350","","","hips_s#4+L_upperLeg_s#0+R_upperLeg_s#0"
"BowDudeFantasyRecoil","bo_fantasy_attack.glb","13","30","","","50","50","350","","","hips_s#4+L_upperLeg_s#0+R_upperLeg_s#0"
"BowDudeFantasyRecoil2","bo_fantasy_attack.glb","13","30","","","50","50","350","","","hips_s#4+L_upperLeg_s#0+R_upperLeg_s#0"
"BowDudeFantasyWin","bo_fantasy_win.glb","","253","","","100","100","500","","",""
"BowDudeFantasyWinloop","bo_fantasy_win.glb","155","253","","","100","100","200","true","",""
"BowDudeFantasyLose","bo_fantasy_lose.glb","1","67","","","100","100","200","","",""
"BowDudeFantasyLoseloop","bo_fantasy_lose.glb","49","67","","","100","100","200","true","",""
"BowDudeFantasyProfile","bo_fantasy_portrait.glb","1","1","","","","","","true","",""
"SandyGreekIdle","sandy_hypnos_idle.glb","1","128","","","100","100","100","true","","5"
"SandyGreekWalk","sandy_hypnos_walk.glb","1","20","","","100","100","100","true","","1"
"SandyGreekAttack","sandy_hypnos_attack.glb","","2","","","","","100","","","hips_s#4+L_upperLeg_s#0+R_upperLeg_s#0"
"SandyGreekRecoil","sandy_hypnos_attack.glb","2","12","","","","","100","","","hips_s#4+L_upperLeg_s#0+R_upperLeg_s#0"
"SandyGreekReload","sandy_hypnos_idle.glb","","10","","","100","100","100","","","hips_s#0+L_upperLeg_s#0+R_upperLeg_s#0"
"SandyGreekWin","sandy_hypnos_win.glb","1","267","","","","","","","",""
"SandyGreekWinloop","sandy_hypnos_win.glb","202","267","","","","","","true","","1"
"SandyGreekLose","sandy_hypnos_lose.glb","","312","","","","","","","",""
"SandyGreekLoseloop","sandy_hypnos_lose.glb","205","312","","","","","","true","",""
"SandyGreekPushBack","sandy_hypnos_pushback.glb","","10","","","100","100","100","","",""
"SandyGreekProfile","sandy_hypnos_portrait.glb","220","220","","","","","","true","","1"
"DrillerFantasyIdle","jacky_knight_idle.glb","1","45","","","100","100","","true","",""
"DrillerFantasyWalk","jacky_knight_walk.glb","1","-1","","","100","100","","true","","1"
"DrillerFantasyAttack","jacky_knight_attack.glb","6","20","","","","","","true","","3"
"DrillerFantasySuper","jacky_knight_super.glb","1","-1","","120","","","83","true","","3"
"DrillerFantasyRecoil","jacky_knight_attack.glb","6","20","","","","","100","","","4"
"DrillerFantasySuperRecoil","jacky_knight_super.glb","1","-1","","120","","","83","true","","4"
"DrillerFantasyHappy","jacky_knight_win.glb","","186","","","","","100","","",""
"DrillerFantasyHappyLoop","jacky_knight_win.glb","145","186","","","","","","true","",""
"DrillerFantasyLose","jacky_knight_lose.glb","","-1","","200","","","","","",""
"DrillerFantasyLoseloop","jacky_knight_lose.glb","122","163","","","","","","true","",""
"DrillerFantasyPortrait","jacky_knight_portrait.glb","1","1","","","","","","","",""
"DrillerFantasyIntro","jacky_intro.glb","","-1","","","","","","","",""
"AmbusherFantasyIdle","lily_fantasy_idle.glb","","23","","","100","100","","true","",""
"AmbusherFantasyWalk","lily_fantasy_run.glb","","23","","170","100","100","","true","","1"
"AmbusherFantasyAttack","lily_fantasy_attack.glb","4","14","","","","","10","","","spine_lower_s#4"
"AmbusherFantasySecondary","lily_fantasy_super.glb","4","14","","","","","10","","","spine_lower_s#4"
"AmbusherFantasyRecoil","lily_fantasy_attack.glb","15","26","","","100","100","10","","","spine_lower_s#4"
"AmbusherFantasyRecoil2","lily_fantasy_super.glb","15","26","","","100","100","10","","","spine_lower_s#4"
"AmbusherFantasyReload","lily_fantasy_idle.glb","","-1","","","","","100","","","ChestBone#2"
"AmbusherFantasyPushback","lily_fantasy_idle.glb","1","34","","","100","100","100","","","5"
"AmbusherFantasyWin","lily_fantasy_win.glb","","152","","","","10","100","","","5"
"AmbusherFantasyWinloop","lily_fantasy_win.glb","122","152","","","10","","","true","","1"
"AmbusherFantasyLose","lily_fantasy_lose.glb","","126","","","","","","","","5"
"AmbusherFantasyLoseloop","lily_fantasy_lose.glb","","126","","","","","","true","","1"
"AmbusherFantasyProfile","lily_fantasy_portrait.glb","1","10","","","","","","true","","5"
"AmbusherFantasyIntro","lily_fantasy_portrait.glb","","","","","","","","","",""
"ReviverFantasyIdle","doug_fantasy_idle.glb","1","28","","","100","100","","true","",""
"ReviverFantasyWalk","doug_fantasy_walk.glb","1","-1","","","100","100","","true","","1"
"ReviverFantasyAttack","doug_fantasy_attack.glb","6","20","","","","","","","","3"
"ReviverFantasyRecoil","doug_fantasy_attack.glb","6","20","","","","","100","","","4"
"ReviverFantasyHappy","doug_fantasy_win.glb","","114","","","100","","","","",""
"ReviverFantasyHappyLoop","doug_fantasy_win.glb","92","114","","","100","200","200","true","",""
"ReviverFantasyLose","doug_fantasy_lose.glb","","81","","","","","","","",""
"ReviverFantasyLoseloop","doug_fantasy_lose.glb","59","82","","","","","","true","",""
"ReviverFantasyPortrait","doug_fantasy_portrait.glb","1","1","","","","","","true","",""
"ReviverFantasyIntro","doug_fantasy_portrait.glb","","-1","","","","","","","",""
"TntGuyProgressionSkinLevel4Idle","dynamike_ranked_base_idle.glb","","-1","","","100","100","","true","","0"
"TntGuyProgressionSkinLevel4Walk","dynamike_ranked_base_walk.glb","1","29","","150","100","100","","true","","1"
"TntGuyProgressionSkinLevel4Primary","dynamike_ranked_base_attack.glb","1","5","","","","","10","","","hips_s#3"
"TntGuyProgressionSkinLevel4Secondary","dynamike_ranked_base_super.glb","1","5","","","","","10","","","hips_s#3"
"TntGuyProgressionSkinLevel4Recoil","dynamike_ranked_base_attack.glb","5","20","","","","","100","","","hips_s#4"
"TntGuyProgressionSkinLevel4Ulti","dynamike_ranked_base_super.glb","5","20","","","","","100","","","hips_s#4"
"TntGuyProgressionSkinLevel4Reload","dynamike_ranked_base_idle.glb","1","5","","150","66","66","6","","","spine_lower_s#0"
"TntGuyProgressionSkinLevel4Pushback","dynamike_ranked_base_pushback.glb","","-1","","","100","100","100","","","5"
"TntGuyProgressionSkinLevel4Win","dynamike_ranked_base_win.glb","","215","","","","","","","",""
"TntGuyProgressionSkinLevel4Winloop","dynamike_ranked_base_win.glb","156","215","","80","","","","true","",""
"TntGuyProgressionSkinLevel4Lose","dynamike_ranked_base_lose.glb","","58","","","","","","","",""
"TntGuyProgressionSkinLevel4Loseloop","dynamike_ranked_base_lose.glb","","58","","","","","","true","",""
"TntGuyProgressionSkinLevel4Profile","dynamike_ranked_base_portrait.glb","20","20","","","","","","","",""
"AllieIdle","alli_idle.glb","1","45","","","100","100","","true","",""
"AllieWalk","alli_walk.glb","1","29","","170","100","100","","true","","1"
"AllieAttack","alli_attack.glb","1","10","","","50","50","50","","","spine_lower_s#3"
"AllieSecondary","alli_attack_transform.glb","1","20","","","","","10","","","spine_lower_s#3"
"AllieRecoil","alli_attack.glb","10","-1","","","20","20","20","","","spine_lower_s#4"
"AllieRecoil2","alli_attack.glb","7","11","","","","","10","","","spine_lower_s#4"
"AlliePushback","alli_idle.glb","1","34","","","100","100","100","","","5"
"AllieWin","alli_win.glb","1","185","","","","10","100","","","5"
"AllieWinloop","alli_win.glb","186","218","","","10","","","true","","1"
"AllieLose","alli_lose.glb","","131","","","","","","","","5"
"AllieLoseloop","alli_lose.glb","132","208","","","","","","true","","1"
"AllieProfile","alli_portrait.glb","1","1","","","","","","","","5"
"AllieIntro","leon_intro_pose.glb","","","","","","","","","",""
"AllieIdle_transform","alli_idle_transform.glb","","-1","","","100","100","","true","",""
"AllieWalk_transform","alli_walk_transform.glb","","-1","","144","100","100","100","true","","1"
"AllieAttack_transform","alli_attack_transform.glb","1","22","","150","50","50","50","","","4"
"AllieIdle_transform_2","alli_idle_transform2.glb","1","-1","-1","120","100","100","50","true","",""
"AllieWalk_transform_2","alli_walk_transform2.glb","1","-1","-1","200","100","100","50","true","","1"
"AllieAttack_transform_2","alli_attack_transform.glb","1","22","","150","50","50","50","","","4"
"FangDemonAttack","fang_demon_attack.glb","","5","","","","","","","","3"
"FangDemonRecoil","fang_demon_attack.glb","","25","","","","","100","","","4"
"FangDemonSuper","fang_demon_attack.glb","10","13","","","","100","50","true","","3"
"FangDemonWalk","fang_demon_walk.glb","","-1","-1","","100","100","","true","","1"
"FangDemonIdle","fang_demon_idle.glb","","-1","-1","","100","100","","true","",""
"FangDemonWin","fang_demon_win.glb","","92","-1","","","","","","",""
"FangDemonWinloop","fang_demon_win.glb","93","126","-1","","","","","true","",""
"FangDemonLose","fang_demon_lose.glb","","53","-1","","","","","","",""
"FangDemonLoseloop","fang_demon_lose.glb","54","83","-1","","","","","true","",""
"FangDemonPortrait","fang_demon_portrait.glb","","-1","-1","","","","","","",""
"GusDemonIdle","gus_demon_idle.glb","1","-1","-1","","200","200","200","true","",""
"GusDemonWalk","gus_demon_walk.glb","1","24","-1","","200","200","200","true","","1"
"GusDemonPrimary","gus_demon_attack.glb","","4","-1","","","","","","","hips_s#3+L_upperLeg_s#0+R_upperLeg_s#0"
"GusDemonPrimaryRecoil","gus_demon_attack.glb","","23","-1","","","100","250","","","hips_s#4+L_upperLeg_s#0+R_upperLeg_s#0"
"GusDemonWin","gus_demon_win_120.glb","","658","-1","","","","","","",""
"GusDemonWinloop","gus_demon_win_120.glb","659","783","-1","","","","","true","",""
"GusDemonLose","gus_demon_lose.glb","","86","-1","","","","","","",""
"GusDemonLoseloop","gus_demon_lose.glb","55","86","-1","","","","","true","",""
"GusDemonPushback","gus_demon_idle.glb","","15","-1","","20","250","250","","",""
"GusDemonPortrait","gus_demon_portrait.glb","","-1","-1","","","","","","",""
"MechaDudeAngelIdle","meg_angel_idle.glb","","-1","-1","","100","100","","true","",""
"MechaDudeAngelWalk","meg_angel_walk.glb","","-1","-1","","100","100","","true","","1"
"MechaDudeAngelAttack","meg_angel_attack.glb","","4","-1","","50","","","","","hips_s#3+L_upperLeg_s#0+R_upperLeg_s#0"
"MechaDudeAngelSuper","meg_angel_super.glb","","38","-1","","","","","","",""
"MechaDudeAngelRecoil","meg_angel_attack.glb","4","15","-1","","","","50","","","hips_s#4+L_upperLeg_s#0+R_upperLeg_s#0"
"MechaDudeAngelSuperRecoil","meg_angel_super.glb","30","-1","-1","","","","50","","",""
"MechaDudeAngelReload","meg_angel_idle.glb","","","-1","","200","200","50","","","hips_s#3+L_upperLeg_s#0+R_upperLeg_s#0"
"MechaDudeAngelBeaPushback","meg_angel_idle.glb","","-1","","","25","100","200","","","5"
"MechaDudeAngelWin","meg_angel_win.glb","","178","-1","","","","","","","5"
"MechaDudeAngelWinloop","meg_angel_win.glb","140","178","-1","","","","","true","","1"
"MechaDudeAngelLose","meg_angel_lose.glb","","260","-1","","","","","","","5"
"MechaDudeAngelLoseloop","meg_angel_lose.glb","230","260","-1","","","","","true","","1"
"MechaDudeAngelPortrait","meg_angel_portrait.glb","","-1","-1","","","","","","",""
"MechaDudeBigAngelIdle","meg_mecha_angel_idle.glb","","-1","-1","","200","200","","true","",""
"MechaDudeBigAngelWalk","meg_mecha_angel_walk.glb","","-1","-1","","200","200","","true","","1"
"MechaDudeBigAngelAttack","meg_mecha_angel_attack_l.glb","","5","-1","","100","","","","","hips_s#3+L_upperLeg_s#0+R_upperLeg_s#0"
"MechaDudeBigAngelSuper","meg_mecha_angel_super.glb","","5","-1","","","","","","","hips_s#3+L_upperLeg_s#0+R_upperLeg_s#0"
"MechaDudeBigAngelRecoilL","meg_mecha_angel_attack_l.glb","2","20","-1","","","100","100","","","hips_s#4+L_upperLeg_s#0+R_upperLeg_s#0"
"MechaDudeBigAngelRecoilR","meg_mecha_angel_attack_r.glb","2","20","-1","","","100","100","","","hips_s#4+L_upperLeg_s#0+R_upperLeg_s#0"
"MechaDudeBigAngelSuperRecoil","meg_mecha_angel_super.glb","6","-1","-1","","","","200","","","hips_s#4+L_upperLeg_s#0+R_upperLeg_s#0"
"MechaDudeBigAngelDarrylDroidReload","meg_mecha_angel_idle.glb","","10","","","800","800","800","","","hips_s#3+L_upperLeg_s#0+R_upperLeg_s#0"
"MechaDudeBigAngelDarrylDroidPushback","meg_mecha_angel_idle.glb","1","10","","","50","100","200","","","5"
"MechaDudeBigAngelWin","meg_mecha_angel_win.glb","","-1","-1","","","","","","",""
"MegAddonAngelIdle","meg_angel_driver_idle.glb","","-1","-1","","200","200","","true","",""
"MegAddonAngelWalk","meg_angel_driver_walk.glb","","-1","-1","","200","200","","true","","1"
"MegAddonAngelAttack","meg_angel_driver_attack_l.glb","","5","-1","","100","","","","","hips_s#3+L_upperLeg_s#0+R_upperLeg_s#0"
"MegAddonAngelSuper","meg_angel_driver_super.glb","","5","-1","","","","","","","hips_s#3+L_upperLeg_s#0+R_upperLeg_s#0"
"MegAddonAngelRecoilL","meg_angel_driver_attack_l.glb","2","20","-1","","","100","100","","","hips_s#4+L_upperLeg_s#0+R_upperLeg_s#0"
"MegAddonAngelRecoilR","meg_angel_driver_attack_r.glb","2","20","-1","","","100","100","","","hips_s#4+L_upperLeg_s#0+R_upperLeg_s#0"
"MegAddonAngelSuperRecoil","meg_angel_driver_super.glb","6","-1","-1","","","","200","","","hips_s#4+L_upperLeg_s#0+R_upperLeg_s#0"
"TntGuyProgressionSkinLevel9Idle","dynamike_ranked_hc_idle.glb","","-1","","","100","100","","true","","0"
"TntGuyProgressionSkinLevel9Walk","dynamike_ranked_hc_walk.glb","1","29","","150","100","100","","true","","1"
"TntGuyProgressionSkinLevel9Primary","dynamike_ranked_hc_attack.glb","1","5","","","","","10","","","hips_s#3"
"TntGuyProgressionSkinLevel9Secondary","dynamike_ranked_hc_super.glb","1","5","","","","","10","","","hips_s#3"
"TntGuyProgressionSkinLevel9Recoil","dynamike_ranked_hc_attack.glb","5","20","","","","","100","","","hips_s#4"
"TntGuyProgressionSkinLevel9Ulti","dynamike_ranked_hc_super.glb","5","20","","","","","100","","","hips_s#4"
"TntGuyProgressionSkinLevel9Reload","dynamike_ranked_hc_walk.glb","1","5","","150","66","66","6","","","spine_lower_s#0"
"TntGuyProgressionSkinLevel9Pushback","dynamike_ranked_hc_pushback.glb","","-1","","","100","100","100","","","5"
"TntGuyProgressionSkinLevel9Win","dynamike_ranked_hc_win.glb","1","210","","","","","","","",""
"TntGuyProgressionSkinLevel9Winloop","dynamike_ranked_hc_win.glb","181","210","","80","","","","true","",""
"TntGuyProgressionSkinLevel9Lose","dynamike_ranked_hc_lose.glb","","100","","","","","","","",""
"TntGuyProgressionSkinLevel9Loseloop","dynamike_ranked_hc_lose.glb","114","143","","","","","","true","",""
"TntGuyProgressionSkinLevel9Profile","dynamike_ranked_hc_portrait.glb","20","20","","","","","","","",""
"UndertakerGreekGodIdle","mortis_hades_idle.glb","1","32","","","200","200","","true","",""
"UndertakerGreekGodWalk","mortis_hades_walk.glb","1","32","","150","100","100","","true","","1"
"UndertakerGreekGodAttack","mortis_hades_attack.glb","3","30","","","","250","200","","","3"
"UndertakerGreekGodUltiAttack","mortis_hades_ulti.glb","","5","","","","","","","","hips_s#3+L_upperLeg_s#0+R_upperLeg_s#0"
"UndertakerGreekGodRecoil1","mortis_hades_attack.glb","3","30","","","","250","200","","","4"
"UndertakerGreekGodUltiRecoil1","mortis_hades_ulti.glb","5","40","","","","","200","","","hips_s#4+L_upperLeg_s#0+R_upperLeg_s#0"
"UndertakerGreekGodPushback","mortis_pushback.glb","","-1","","","100","100","100","","","5"
"UndertakerGreekGodWin","mortis_hades_win.glb","1","152","","","","","","","","1"
"UndertakerGreekGodWinloop","mortis_hades_win.glb","123","152","","","","","","true","","1"
"UndertakerGreekGodLose","mortis_hades_lose.glb","","134","","","","","","","","1"
"UndertakerGreekGodLoseloop","mortis_hades_lose.glb","95","134","","","","","","true","","1"
"UndertakerGreekGodProfile","mortis_hades_portrait.glb","49","49","","","","","","","","1"
"BullDudeDemonIdle","bull_demon_idle.glb","","29","","","150","150","","true","",""
"BullDudeDemonWalk","bull_demon_walk.glb","","21","","","100","100","","true","","1"
"BullDudeDemonPrimary","bull_demon_attack.glb","1","3","","","","","","","","hips_s#3+L_upperLeg_s#0+R_upperLeg_s#0"
"BullDudeDemonSecondary","bull_demon_super.glb","","21","","150","66","66","133","true","","5"
"BullDudeDemonRecoil","bull_demon_attack.glb","4","20","","","50","","100","","","hips_s#4+L_upperLeg_s#0+R_upperLeg_s#0"
"BullDudeDemonReload","bull_demon_idle.glb","1","10","","200","250","250","250","","","ChestBone#2"
"BullDudeDemonPushback","bull_rock_pushback.glb","","-1","","","100","100","100","","","5"
"BullDudeDemonWin","bull_demon_win.glb","","172","","","","","","","","5"
"BullDudeDemonWinloop","bull_demon_win.glb","115","172","","","","","","true","","5"
"BullDudeDemonLose","bull_demon_lose.glb","","119","","","","","","","","5"
"BullDudeDemonLoseloop","bull_demon_lose.glb","70","119","","","","","","true","","5"
"BullDudeDemonProfile","bull_demon_portrait.glb","1","1","","","","","","true","","5"
"TntGuyProgressionSkinLevel9Idle_transform","dynamike_ranked_hc_idle_transform.glb","","-1","","","100","100","","true","","0"
"TntGuyProgressionSkinLevel9Walk_transform","dynamike_ranked_hc_walk_transform.glb","1","44","","150","100","100","","true","","1"
"TntGuyProgressionSkinLevel9Primary_transform","dynamike_ranked_hc_attack_transform.glb","1","5","","","","","10","","","hips_s_hc#3"
"TntGuyProgressionSkinLevel9Secondary_transform","dynamike_ranked_hc_super_transform.glb","1","5","","","","","10","","","hips_s_hc#3"
"TntGuyProgressionSkinLevel9Recoil_transform","dynamike_ranked_hc_attack_transform.glb","5","20","","","","","100","","","hips_s_hc#4"
"TntGuyProgressionSkinLevel9Ulti_transform","dynamike_ranked_hc_super_transform.glb","5","20","","","","","100","","","hips_s_hc#4"
"TntGuyProgressionSkinLevel9Reload_transform","dynamike_ranked_hc_walk_transform.glb","1","5","","150","66","66","6","","","spine_lower_s_hc#0"
"TntGuyProgressionSkinLevel9Pushback_transform","dynamike_ranked_hc_pushback_transform.glb","","-1","","","100","100","100","","","5"
"ShieldTankAngelIdle","buster_angel_idle.glb","","28","","","74","74","","true","",""
"ShieldTankAngelWalk","buster_angel_walk.glb","","29","","","100","100","","true","","1"
"ShieldTankAngelPrimary","buster_attack.glb","","-1","","","1","300","300","","","hips_s#3+L_upperLeg_s#0+R_upperLeg_s#0"
"ShieldTankAngelSecondary","buster_angel_super.glb","","-1","","","1","","","","","hips_s#4+L_upperLeg_s#0+R_upperLeg_s#0"
"ShieldTankAngelRecoil","buster_attack.glb","","-1","","","1","100","100","","","hips_s#3+L_upperLeg_s#0+R_upperLeg_s#0"
"ShieldTankAngelRecoil2","buster_angel_super.glb","","-1","","","1","100","100","","","hips_s#4+L_upperLeg_s#0+R_upperLeg_s#0"
"ShieldTankAngelPushback","buster_angel_idle.glb","","-1","","","100","100","100","","","5"
"ShieldTankAngelWin","buster_angel_win.glb","","138","","","","150","500","","","5"
"ShieldTankAngelWinloop","buster_angel_win.glb","112","138","","","150","","500","true","","5"
"ShieldTankAngelLose","buster_angel_lose.glb","","72","","","","","","","","5"
"ShieldTankAngelLoseloop","buster_angel_lose.glb","46","72","","","","","","true","","5"
"ShieldTankAngelProfile","buster_angel_portrait.glb","1","1","","","","","","","","5"
"ShieldTankAngelIdle_transform","buster_angel_idle_transform.glb","","28","","","74","74","","true","",""
"ShieldTankAngelWalk_transform","buster_angel_walk_transform.glb","","29","","","100","100","","true","","1"
"ArcadeAngelIdle","8bit_angel_idle.glb","1","29","","","100","100","","true","",""
"ArcadeAngelWalk","8bit_angel_walk.glb","1","20","","","100","100","","true","","1"
"ArcadeAngelAttack","8bit_angel_attack.glb","1","5","","","50","","","","","hips_s#4+L_upperLeg_s#0+R_upperLeg_s#0"
"ArcadeAngelRecoil","8bit_angel_attack.glb","5","-1","","","","","250","","","hips_s#4+L_upperLeg_s#0+R_upperLeg_s#0"
"ArcadeAngelReload","8bit_angel_reload.glb","","13","","","","","150","","","hips_s#1+L_upperLeg_s#0+R_upperLeg_s#0+L_clavicle_s#4+L_shoulder_s#4+L_elbow_s#4+L_forearm_twist_s#4+L_wrist_s#4+R_clavicle_s#0+R_shoulder_s#0+R_elbow_s#0"
"ArcadeAngelPushback","8bit_angel_pushback.glb","","-1","","","50","100","200","","",""
"ArcadeAngelWin","8bit_angel_win.glb","1","276","","","","","","","",""
"ArcadeAngelWinloop","8bit_angel_win.glb","228","276","","","","","","true","",""
"ArcadeAngelLose","8bit_angel_lose.glb","1","207","","","","","","","",""
"ArcadeAngelLoseloop","8bit_angel_lose.glb","180","207","","","","","","true","",""
"ArcadeAngelProfile","8bit_angel_portrait.glb","1","1","","","","","","","",""
"CannonGirlSmallGreekGodIdle","bonnie_charioteer_idle.glb","","68","","","100","100","","true","",""
"CannonGirlSmallGreekGodWalk","bonnie_charioteer_run.glb","","215","","129","100","100","","true","","1"
"CannonGirlSmallGreekGodAttack","bonnie_charioteer_attack.glb","1","22","","","150","150","10","","","spine_lower_s#4"
"CannonGirlSmallGreekGodMegSuper","bonnie_charioteer_summon.glb","5","38","-1","","","","","","",""
"CannonGirlSmallGreekGodRecoil","bonnie_charioteer_attack.glb","1","2","","","1000","1000","10","","","spine_lower_s#4"
"CannonGirlSmallGreekGodRecoil2","bonnie_charioteer_attack.glb","1","22","","","1500","1000","10","","","spine_lower_s#4"
"CannonGirlSmallGreekGodMegSuperRecoil","bonnie_charioteer_summon.glb","30","39","-1","","1000","1000","50","","",""
"CannonGirlSmallGreekGodLouchadorSecondary","bonnie_charioteer_super.glb","","60","","","100","100","","","","5"
"CannonGirlSmallGreekGodReload","bonnie_charioteer_idle.glb","","-1","","","10000","10000","100","","","ChestBone#2"
"CannonGirlSmallGreekGodPushback","leon_pushback.glb","1","34","","","100","100","100","","","5"
"CannonGirlSmallGreekGodWin","bonnie_charioteer_idle.glb","1","84","","","","10","100","","","5"
"CannonGirlSmallGreekGodWinloop","bonnie_charioteer_idle.glb","84","111","","","10","","","true","","1"
"CannonGirlSmallGreekGodLose","bonnie_charioteer_idle.glb","1","45","","","","","","","","5"
"CannonGirlSmallGreekGodLoseloop","bonnie_charioteer_idle.glb","45","50","","","","","","true","","1"
"CannonGirlSmallGreekGodProfile","bonnie_charioteer_idle.glb","1","1","","","","","","true","","5"
"TrunkIDefaultdle","trunk_idle.glb","1","427","","","100","100","","true","",""
"TrunkIDefaultWalk","trunk_walk.glb","1","-1","","","100","100","","true","","1"
"TrunkIDefaultAttack","trunk_attack.glb","10","-1","","120","50","50","300","","","3"
"TrunkIDefaultRecoil","trunk_attack.glb","10","-1","","","50","50","300","true","","4"
"TrunkIDefaultSuper","trunk_super.glb","3","10","","","150","150","150","true","","3"
"TrunkIDefaultSuperRecoil","trunk_super.glb","3","10","","","150","150","150","true","","4"
"TrunkIDefaultHappy","trunk_win.glb","","698","","","100","","","","",""
"TrunkIDefaultHappyLoop","trunk_win.glb","327","698","","","100","200","200","true","",""
"TrunkIDefaultLose","trunk_lose.glb","","318","","","","","","","",""
"TrunkIDefaultLoseloop","trunk_lose.glb","313","-1","","","","","","true","",""
"TrunkIDefaultPortrait","trunk_portrait.glb","1","1","","","","","","true","",""
"TrunkIDefaultIntro","trunk_portrait.glb","","-1","","","","","","","",""
"JesterBrawlAcademyIdle","chester_coolkid_idle.glb","1","31","","","100","100","","true","",""
"JesterBrawlAcademyWalk","chester_coolkid_walk.glb","1","31","","170","100","100","","true","","1"
"JesterBrawlAcademyAttack","chester_coolkid_attack.glb","11","42","","","50","100","10","","","hips_s#3+L_upperLeg_s#0+R_upperLeg_s#0"
"JesterBrawlAcademySecondary","chester_coolkid_super.glb","11","42","","","","","10","","","hips_s#3+L_upperLeg_s#0+R_upperLeg_s#0"
"JesterBrawlAcademyRecoil","chester_coolkid_attack.glb","28","42","","","","","10","","","hips_s#4+L_upperLeg_s#0+R_upperLeg_s#0"
"JesterBrawlAcademyRecoil2","chester_coolkid_super.glb","28","42","","","","","10","","","hips_s#4+L_upperLeg_s#0+R_upperLeg_s#0"
"JesterBrawlAcademyReload","chester_coolkid_idle.glb","","7","","","","","100","","",""
"JesterBrawlAcademyPushback","chester_coolkid_idle.glb","1","1","","","100","100","100","","","5"
"JesterBrawlAcademyWin","chester_coolkid_win.glb","1","330","","","","10","100","","","5"
"JesterBrawlAcademyWinloop","chester_coolkid_win.glb","235","330","","","10","","","true","","1"
"JesterBrawlAcademyLose","chester_coolkid_lose.glb","1","184","","","","","","","","5"
"JesterBrawlAcademyLoseloop","chester_coolkid_lose.glb","185","240","","","","","","true","","1"
"JesterBrawlAcademyProfile","chester_coolkid_portrait.glb","","","","","","","","","","5"
"JesterBrawlAcademyIntro","chester_coolkid_portrait.glb","","","","","","","","","",""
"JanetSurferIdle","janet_tricky_idle.glb","","-1","-1","","100","100","","true","",""
"JanetSurferWalk","janet_tricky_walk.glb","","-1","-1","80","100","100","","true","","1"
"JanetSurferAttack","janet_tricky_attack.glb","","5","-1","","","","","","","hips_s#3+L_upperLeg_s#0+R_upperLeg_s#0"
"JanetSurferSuper","janet_tricky_super.glb","","179","-1","","200","200","250","true","","4"
"JanetSurferAttackRecoil","janet_tricky_attack.glb","1","-1","-1","","","","200","","","hips_s#4+L_upperLeg_s#0+R_upperLeg_s#0"
"JanetSurferWin","janet_tricky_win.glb","","132","-1","","100","","","","",""
"JanetSurferWinloop","janet_tricky_win.glb","133","155","-1","","","","","true","",""
"JanetSurferLose","janet_tricky_lose.glb","","67","-1","","","","","","",""
"JanetSurferLoseloop","janet_tricky_lose.glb","39","67","-1","","","","","true","",""
"JanetSurferPortrait","janet_tricky_portrait.glb","","-1","-1","","","","","","",""
"JanetSurferPushback","janet_pushback.glb","","10","-1","","10","","200","","",""
"BarkeepBrawlAcademyIdle","barley_headmaster_idle.glb","","-1","","","100","100","250","true","",""
"BarkeepBrawlAcademyWalk","barley_headmaster_walk.glb","","19","","120","100","100","","true","","1"
"BarkeepBrawlAcademyPrimary","barley_headmaster_attack.glb","1","5","","","50","50","50","","","hips_s#4+L_upperLeg_s#0+R_upperLeg_s#0"
"BarkeepBrawlAcademySecondary","barley_headmaster_attack.glb","1","12","","","50","50","50","","","hips_s#4+L_upperLeg_s#0+R_upperLeg_s#0"
"BarkeepBrawlAcademyRecoil","barley_headmaster_attack.glb","1","12","","60","50","50","50","","","hips_s#4+L_upperLeg_s#0+R_upperLeg_s#0"
"BarkeepBrawlAcademyReload","barley_headmaster_reload.glb","","-1","","","200","200","200","","",""
"BarkeepBrawlAcademyPushback","barley_headmaster_pushback.glb","","-1","","","100","100","100","","","5"
"BarkeepBrawlAcademyWin","barley_headmaster_win.glb","","249","","","50","250","250","","",""
"BarkeepBrawlAcademyWinloop","barley_headmaster_win.glb","250","379","","","25","","","true","",""
"BarkeepBrawlAcademyLose","barley_headmaster_lose.glb","","150","","130","","","38","","",""
"BarkeepBrawlAcademyLoseloop","barley_headmaster_lose.glb","151","184","","120","","","","true","",""
"BarkeepBrawlAcademyWinidleloop","barley_headmaster_win.glb","","-1","","","","","","true","",""
"BarkeepBrawlAcademyProfile","barley_headmaster_portrait.glb","1","1","","","","","","","",""
"BarkeepBrawlAcademyIntro","barley_headmaster_portrait.glb","","","","","","","","","",""
"SkaterSurferIdle","ollie_jake_idle.glb","1","38","-1","","100","100","","true","",""
"SkaterSurferWalk","ollie_jake_walk.glb","1","40","-1","","100","100","","true","","1"
"SkaterSurferAttack","ollie_jake_attack.glb","8","22","-1","","25","","50","","","3"
"SkaterSurferSecondary","ollie_jake_super.glb","","28","-1","","25","200","50","","","3"
"SkaterSurferRecoil","ollie_jake_attack.glb","","10","-1","","","","200","","","4"
"SkaterSurferPushback","ollie_jake_idle.glb","","1","-1","","25","200","100","true","",""
"SkaterSurferWin","ollie_jake_win.glb","1","216","-1","","","","","","",""
"SkaterSurferWinloop","ollie_jake_win.glb","187","216","-1","","","","","true","",""
"SkaterSurferLose","ollie_jake_lose.glb","","118","-1","","","","","","",""
"SkaterSurferLoseloop","ollie_jake_lose.glb","78","118","-1","","","","","true","",""
"SkaterSurferPortrait","ollie_jake_portrait.glb","1","1","-1","","","","","true","",""
"SkaterSurferGadgetPrimary","ollie_jake_gadget1.glb","1","15","","","","","1","","","3"
"SkaterSurferGadgetRecoil","ollie_jake_gadget1.glb","15","30","","","","","100","","","4"
"SnakeOilSurferIdle","byron_frank_idle.glb","1","59","-1","","120","120","","true","",""
"SnakeOilSurferWalk","byron_frank_walk.glb","1","-1","-1","","100","100","","true","","1"
"SnakeOilSurferAttack","byron_frank_attack.glb","1","5","-1","","","","","","","hips_s#3+L_upperLeg_s#0+R_upperLeg_s#0"
"SnakeOilSurferSuper","byron_frank_super.glb","1","5","-1","","","","","","","hips_s#3+L_upperLeg_s#0+R_upperLeg_s#0"
"SnakeOilSurferRecoil","byron_frank_attack.glb","5","30","-1","","","","120","","","hips_s#4+L_upperLeg_s#0+R_upperLeg_s#0"
"SnakeOilSurferSuperRecoil","byron_frank_super.glb","5","30","-1","","","","120","","","hips_s#4+L_upperLeg_s#0+R_upperLeg_s#0"
"SnakeOilSurferPushback","byron_frank_pushback.glb","","-1","-1","","","","","","","5"
"SnakeOilSurferWin","byron_frank_win_120.glb","1","793","","","","","","","",""
"SnakeOilSurferWinloop","byron_frank_win_120.glb","794","915","","","","","","true","",""
"SnakeOilSurferLose","byron_frank_lose.glb","1","224","","","","","","","",""
"SnakeOilSurferLoseloop","byron_frank_lose.glb","225","228","","","","","","true","",""
"SnakeOilSurferProfile","byron_frank_portrait.glb","192","192","-1","","","","","","",""
"SubwayGuardDefaultIdle","npc_guard_idle.glb","","-1","","","200","200","","true","",""
"SubwayGuardDefaultWalk","npc_guard_walk.glb","","-1","","","200","200","","true","","1"
"SubwayGuardDefaultPush","npc_guard_push.glb","2","22","","80","1","100","20","","","hips_s#3+L_upperLeg_s#0+R_upperLeg_s#0"
"SubwayGuardDefaultPushback","npc_guard_idle.glb","","-1","","","100","100","400","","","5"
"SubwayGuardDefaultRecoil","npc_guard_push.glb","","","","80","1","100","20","","","hips_s#4+L_upperLeg_s#0+R_upperLeg_s#0"
"SubwayGuardDefaultWin","npc_guard_idle.glb","","-1","","","","","200","","","5"
"SubwayGuardDefaultWinloop","npc_guard_idle.glb","","-1","","","","","","true","","1"
"SubwayGuardDefaultLose","npc_guard_idle.glb","","-1","","","","","200","","","5"
"SubwayGuardDefaultLoseloop","npc_guard_idle.glb","","-1","","","","","","true","","1"
"ArtilleryGalBrawlAcademyIdle","penny_sk8_idle.glb","","28","","130","100","100","","true","",""
"ArtilleryGalBrawlAcademyWalk","penny_sk8_walk.glb","","19","","","100","100","","true","","1"
"ArtilleryGalBrawlAcademyPrimary","penny_sk8_attack.glb","1","4","","","","","","","","hips_s#3+L_upperLeg_s#0+R_upperLeg_s#0"
"ArtilleryGalBrawlAcademyUltiAttack","penny_sk8_ulti.glb","","5","","","","","10","","","hips_s#4+L_upperLeg_s#0+R_upperLeg_s#0"
"ArtilleryGalBrawlAcademyRecoil","penny_sk8_attack.glb","1","20","","","","","150","","","hips_s#4+L_upperLeg_s#0+R_upperLeg_s#0"
"ArtilleryGalBrawlAcademyUltiRecoil","penny_sk8_ulti.glb","5","22","","","","","250","","","hips_s#4+L_upperLeg_s#0+R_upperLeg_s#0"
"ArtilleryGalBrawlAcademyReload","penny_sk8_idle.glb","","5","","","200","200","200","","",""
"ArtilleryGalBrawlAcademyPushback","penny_sk8_idle.glb","","-1","","","100","100","200","","","5"
"ArtilleryGalBrawlAcademyWin","penny_sk8_win_120.glb","1","834","","","","","","","",""
"ArtilleryGalBrawlAcademyWinloop","penny_sk8_win_120.glb","740","834","","","","","","true","",""
"ArtilleryGalBrawlAcademyLose","penny_sk8_lose.glb","1","199","","","","","","","",""
"ArtilleryGalBrawlAcademyLoseloop","penny_sk8_lose.glb","162","199","","","","","","true","",""
"ArtilleryGalBrawlAcademyProfile","penny_sk8_portrait.glb","1","1","","","","","","true","",""
"ArtilleryTurretBrawlAcademyIdle","penny_sk8_turret_idle.glb","","-1","","","100","100","","true","",""
"ArtilleryTurretBrawlAcademyAttack","penny_sk8_turret_attack.glb","","-1","","","","","50","","","4"
"ArtilleryTurretBrawlAcademySpawn","penny_sk8_turret_spawn.glb","","35","","","","","100","","","3"
"MummySurferIdle","emz_street_graffiti_idle.glb","","-1","","","100","100","","true","",""
"MummySurferWalk","emz_street_graffiti_walk.glb","","29","","","100","100","","true","","1"
"MummySurferPrimary","emz_street_graffiti_attack.glb","2","6","","","","","","","","hips_s#5+L_upperLeg_s#0+R_upperLeg_s#0"
"MummySurferRecoil","emz_street_graffiti_attack.glb","7","22","","","50","","100","","","hips_s#5+L_upperLeg_s#0+R_upperLeg_s#0"
"MummySurferSecondary","emz_street_graffiti_idle.glb","","","","","","","","","",""
"MummySurferSecondaryRecoil","emz_street_graffiti_idle.glb","","","","","","","","","",""
"MummySurferReload","emz_street_graffiti_reload.glb","","-1","","","","","100","","","hips_s#1+L_upperLeg_s#0+R_upperLeg_s#0+L_clavicle_s#4+L_shoulder_s#4+L_elbow_s#4+L_forearm_twist_s#4+L_wrist_s#4+R_clavicle_s#0+R_shoulder_s#0+R_elbow_s#0"
"MummySurferPushback","emz_street_graffiti_pushback.glb","","-1","","","100","100","100","","",""
"MummySurferWin","emz_street_graffiti_win.glb","","198","","","","","","","",""
"MummySurferWinloop","emz_street_graffiti_win.glb","180","198","","","","","","true","",""
"MummySurferLose","emz_street_graffiti_lose.glb","","152","","","","","","","",""
"MummySurferLoseloop","emz_street_graffiti_lose.glb","118","152","","","","","","true","",""
"MummySurferProfile","emz_street_grafitti_portrait.glb","1","1","","","","","","","",""
"MummySurferIntro","emz_street_grafitti_portrait.glb","","","","","","","","true","",""
"RopeDudeSpcIdle","buzz_fisherman_idle.glb","","28","-1","","100","100","","true","",""
"RopeDudeSpcWalk","buzz_fisherman_walk.glb","","27","-1","","100","100","","true","","1"
"RopeDudeSpcAttack","buzz_fisherman_attack.glb","","28","-1","","100","100","50","","","hips_s#3+L_upperLeg_s#0+R_upperLeg_s#0"
"RopeDudeSpcSuperThrow","buzz_fisherman_super_throw.glb","","5","-1","","","","","","","3"
"RopeDudeSpcSuperThrowRecoil","buzz_fisherman_super_throw.glb","3","20","-1","","","200","50","","","4"
"RopeDudeSpcSuperJump","buzz_fisherman_super_jump.glb","","-1","-1","","100","","50","true","","5"
"RopeDudeSpcWin","buzz_fisherman_win.glb","","-1","-1","","","","","","",""
"RopeDudeSpcWinloop","buzz_fisherman_win.glb","173","-1","-1","","","","","true","",""
"RopeDudeSpcLose","buzz_fisherman_lose.glb","","-1","-1","","","","","","",""
"RopeDudeSpcLoseloop","buzz_fisherman_lose.glb","137","-1","-1","","","","","true","",""
"RopeDudeSpcPortrait","buzz_fisherman_portrait.glb","","-1","-1","","","","","","",""
"FishTankSurferIdle","hank_street_graffiti_idle.glb","","-1","","","100","100","","true","",""
"FishTankSurferWalk","hank_street_graffiti_walk.glb","","-1","","125","100","100","","true","","1"
"FishTankSurferPrimary","hank_street_graffiti_attack.glb","16","20","","","100","100","100","","",""
"FishTankSurferSecondary","hank_street_graffiti_attack.glb","16","20","","","100","100","100","","",""
"FishTankSurferRecoil","hank_street_graffiti_attack.glb","16","20","","","100","100","100","","",""
"FishTankSurferRecoil2","hank_street_graffiti_attack.glb","16","20","","","100","100","100","","",""
"FishTankSurferWin","hank_street_graffiti_win.glb","","185","","","","","","","",""
"FishTankSurferWinloop","hank_street_graffiti_win.glb","155","185","","","","","","true","",""
"FishTankSurferLose","hank_street_graffiti_lose.glb","","106","","","","","200","","",""
"FishTankSurferLoseloop","hank_street_graffiti_lose.glb","76","106","","","","","200","true","",""
"FishTankSurferProfile","hank_street_graffiti_portrait.glb","1","1","","","","","","true","",""
"SplitterBrawloweenIdle","rt_gargoyle_idle.glb","1","29","","","200","200","100","true","",""
"SplitterBrawloweenWalk","rt_gargoyle_walk.glb","1","20","","","200","200","100","true","","1"
"SplitterBrawloweenAttack","rt_gargoyle_attack.glb","1","13","","80","100","100","300","","","hips_s#4+L_upperLeg_s#0+R_upperLeg_s#0"
"SplitterBrawloweenRecoil","rt_gargoyle_attack.glb","5","-1","","80","100","100","300","","","hips_s#4+L_upperLeg_s#0+R_upperLeg_s#0"
"SplitterBrawloweenWin","rt_gargoyle_win.glb","1","279","","","","","","","",""
"SplitterBrawloweenWinloop","rt_gargoyle_win.glb","221","279","","","","","","true","",""
"SplitterBrawloweenLose","rt_gargoyle_lose.glb","1","218","","","","","","","",""
"SplitterBrawloweenLoseloop","rt_gargoyle_lose.glb","194","218","","","","","","true","",""
"SplitterBrawloweenProfile","rt_gargoyle_portrait.glb","1","1","","","","","","","",""
"SplitterBrawloweenWalk_transform","rt_gargoyle_move_transform.glb","1","-1","","150","100","100","","true","","2"
"SplitterBrawloweenAttack_transform","rt_gargoyle_attack_transform.glb","","-1","","","","","","","","hips_s#4+L_upperLeg_s#0+R_upperLeg_s#0"
"SplitterBrawloweenIdle_transform","rt_gargoyle_move_transform.glb","1","-1","","80","100","100","","true","","1"
"CrowDocIdle","crow_doctor_idle.glb","1","29","","","100","100","","true","","1"
"CrowDocWalk","crow_doctor_walk.glb","1","19","","","100","100","","true","","1"
"CrowDocPrimary","crow_doctor_attack.glb","","5","","","100","","","","","hips_s#3+L_upperLeg_s#0+R_upperLeg_s#0"
"CrowDocSecondary","crow_doctor_super.glb","","45","","","50","50","200","","","5"
"CrowDocRecoil","crow_doctor_attack.glb","5","20","","","","50","200","","","hips_s#4+L_upperLeg_s#0+R_upperLeg_s#0"
"CrowDocReload","crow_doctor_reload.glb","1","20","","","100","100","200","","","hips_s#0+chest_s#5+R_clavicle_s#0+head_s#0+L_upperLeg_s#0+R_upperLeg_s#0"
"CrowDocPushback","crow_doctor_pushback.glb","1","10","","","200","100","100","","","5"
"CrowDocWin","crow_doctor_win.glb","","152","","","","","","","",""
"CrowDocWinloop","crow_doctor_win.glb","153","201","","","","","","true","",""
"CrowDocLose","crow_doctor_lose.glb","","119","","","","","","","",""
"CrowDocLoseloop","crow_doctor_lose.glb","120","144","","","","","","true","",""
"CrowDocProfile","crow_doctor_portrait.glb","1","1","","","","","","true","",""
"MegaCrowDocBreak","crow_doctor_break.glb","","49","","","","","","true","","2"
"FuryDefaultIdle","ziggy_idle.glb","1","39","","","100","100","100","true","","5"
"FuryDefaultWalk","ziggy_walk.glb","1","25","","","100","100","100","true","","1"
"FuryDefaultAttack","ziggy_attack.glb","3","13","","","","","100","","","hips_s#4+L_upperLeg_s#0+R_upperLeg_s#0"
"FuryDefaultRecoil","ziggy_attack.glb","13","27","","","","","100","","","hips_s#4+L_upperLeg_s#0+R_upperLeg_s#0"
"FuryDefaultReload","ziggy_idle.glb","1","39","","","100","100","100","","","hips_s#0+L_upperLeg_s#0+R_upperLeg_s#0"
"FuryDefaultPushBack","ziggy_idle.glb","1","39","","","100","100","100","","",""
"FuryDefaultWin","ziggy_win.glb","1","-1","","","","","","","",""
"FuryDefaultWinloop","ziggy_win.glb","314","-1","","","","","","true","","1"
"FuryDefaultLose","ziggy_lose.glb","1","-1","","","","","","","",""
"FuryDefaultProfile","ziggy_portrait.glb","1","-1","","","","","","true","","1"
"FuryDefaultLoseloop","ziggy_lose.glb","165","-1","-1","","","","","true","",""
"BeeSniperBrawloweenIdle","bea_vampire_idle.glb","","-1","","","100","100","","true","",""
"BeeSniperBrawloweenWalk","bea_vampire_walk.glb","1","26","","","100","100","","true","","1"
"BeeSniperBrawloweenAttack","bea_vampire_attack.glb","","4","","","","","","","","hips_s#3+L_upperLeg_s#0+R_upperLeg_s#0"
"BeeSniperBrawloweenRecoil","bea_vampire_attack.glb","5","20","","","","","200","","","hips_s#4+L_upperLeg_s#0+R_upperLeg_s#0"
"BeeSniperBrawloweenReload","bea_vampire_reload.glb","","20","","","100","100","100","","","spine_lower_s#0+L_clavicle_s#2+R_clavicle_s#2"
"BeeSniperBrawloweenPushback","bea_vampire_pushback.glb","","-1","","","25","100","200","","","5"
"BeeSniperBrawloweenWin","bea_vampire_win.glb","","-1","","","","","","","","5"
"BeeSniperBrawloweenWinloop","bea_vampire_win.glb","178","-1","","","","","","true","","1"
"BeeSniperBrawloweenLose","bea_vampire_lose.glb","","195","","","","","","","",""
"BeeSniperBrawloweenLoseloop","bea_vampire_lose.glb","154","-1","","","","","","true","",""
"BeeSniperBrawloweenPortrait","bea_vampire_portrait.glb","","","","","","","","","",""
"BeeSniperBrawloweenIntro","bea_vampire_portrait.glb","","","","","","","","","",""
"BeeSniperBrawloweeSmallIdle","bee_vampire_small_idle.glb","-1","-1","","","","","","true","",""
"RicoGhostIdle","rico_ghost_diver_idle.glb","","-1","","","100","100","","true","",""
"RicoGhostWalk","rico_ghost_diver_walk.glb","","25","","","100","100","","true","","1"
"RicoGhostPrimary","rico_ghost_diver_attack.glb","5","8","","","100","","","","","hips_s#4+L_upperLeg_s#0+R_upperLeg_s#0"
"RicoGhostSecondary","rico_ghost_diver_attack.glb","5","8","","","100","","","","","hips_s#4+L_upperLeg_s#0+R_upperLeg_s#0"
"RicoGhostRecoil","rico_ghost_diver_attack.glb","8","30","","150","50","","100","","","hips_s#4+L_upperLeg_s#0+R_upperLeg_s#0"
"RicoGhostReload","rico_ghost_diver_idle.glb","1","2","","","200","200","200","","",""
"RicoGhostPushback","rico_ghost_diver_idle.glb","","-1","","","200","100","200","","","5"
"RicoGhostWin","rico_ghost_diver_win.glb","1","127","","","","","","","",""
"RicoGhostWinloop","rico_ghost_diver_win.glb","128","197","","","","","","true","",""
"RicoGhostLose","rico_ghost_diver_lose.glb","1","129","","","","","","","",""
"RicoGhostLoseloop","rico_ghost_diver_lose.glb","130","189","","","","","","true","",""
"RicoGhostProfile","rico_ghost_diver_portrait.glb","1","1","","","","","","","",""
"BeeSniperBrawloweeWin","bee_vampire_win.glb","1","1","","","","","","true","",""
"SplitterLegsBrawloweenIdle","rt_gargoyle_idle_transform.glb","1","29","","","100","100","","true","",""
"DancerIdle","mina_idle.glb","1","42","","","100","100","100","true","",""
"DancerWalk","mina_walk.glb","1","33","","","100","100","100","true","","1"
"DancerAttack1","mina_attack_01.glb","","24","","","20","1000","80","","","4"
"DancerAttack2","mina_attack_02.glb","","19","","","20","1000","100","","","4"
"DancerAttack3","mina_attack_03.glb","","27","","","20","1000","100","","","4"
"DancerSecondary","mina_super.glb","","23","","","","","100","","","4"
"DancerSecondaryRecoil","mina_super.glb","1","23","","","","","100","","","4"
"DancerPushBack","mina_idle.glb","1","1","","","100","100","100","","",""
"DancerChargeMove","mina_dash.glb","","11","-1","","25","200","50","","",""
"DancerWin","mina_win.glb","1","209","","","","","","","",""
"DancerWinloop","mina_win.glb","210","238","","","","","","true","",""
"DancerLose","mina_lose.glb","","93","","","","","","","",""
"DancerLoseloop","mina_lose.glb","94","134","-1","","","","","true","",""
"DancerProfile","mina_portrait.glb","1","1","","","","","","","","1"
"RuffsBrawloweenIdle","ruffs_werewolf_idle.glb","1","29","-1","","100","100","","true","",""
"RuffsBrawloweenWalk","ruffs_werewolf_walk.glb","1","22","-1","","100","100","","true","","1"
"RuffsBrawloweenAttack","ruffs_werewolf_attack.glb","1","5","-1","","","","","","","hips_s#3+L_upperLeg_s#0+R_upperLeg_s#0"
"RuffsBrawloweenSuper","ruffs_werewolf_super.glb","1","5","-1","","","","","","","hips_s#3+L_upperLeg_s#0+R_upperLeg_s#0"
"RuffsBrawloweenRecoil","ruffs_werewolf_attack.glb","1","30","-1","","","","120","","","hips_s#4+L_upperLeg_s#0+R_upperLeg_s#0"
"RuffsBrawloweenSuperRecoil","ruffs_werewolf_super.glb","5","20","-1","","","","120","","","hips_s#4+L_upperLeg_s#0+R_upperLeg_s#0"
"RuffsBrawloweenPushback","ruffs_werewolf_pushback.glb","","-1","-1","","50","100","100","","","5"
"RuffsBrawloweenWin","ruffs_werewolf_win.glb","1","182","-1","","","","","","",""
"RuffsBrawloweenWinloop","ruffs_werewolf_win.glb","135","-1","-1","","","","","true","",""
"RuffsBrawloweenLose","ruffs_werewolf_lose.glb","","88","-1","","","","","","",""
"RuffsBrawloweenLoseloop","ruffs_werewolf_lose.glb","55","-1","-1","","","","","true","",""
"RuffsBrawloweenPortrait","ruffs_werewolf_portrait.glb","","","-1","","","","","","",""
"TickPumpkinIdle","tick_pumpkin_idle.glb","1","47","","","","","","true","",""
"TickPumpkinWalk","tick_pumpkin_walk.glb","1","21","","125","","","","true","","1"
"TickPumpkinWin","tick_pumpkin_win.glb","1","139","","","","","","","",""
"TickPumpkinWinloop","tick_pumpkin_win.glb","140","173","","","","","","true","",""
"TickPumpkinProfile","tick_pumpkin_portrait.glb","16","16","","","","","","","",""
"TickPumpkinPrimary","tick_pumpkin_attackb.glb","1","20","","","","","25","","","hips_s#4+L_upperLeg_s#0+R_upperLeg_s#0"
"TickPumpkinSecondary","tick_pumpkin_ult.glb","1","20","","","","","25","","","hips_s#4+L_upperLeg_s#0+R_upperLeg_s#0"
"TickPumpkinRecoil","tick_pumpkin_attackb.glb","1","20","","","","","100","","","hips_s#4+L_upperLeg_s#0+R_upperLeg_s#0"
"TickPumpkinUltRecoil","tick_pumpkin_ult.glb","1","20","","","","","300","","","hips_s#4+L_upperLeg_s#0+R_upperLeg_s#0"
"TickPumpkinLose","tick_pumpkin_lose.glb","1","161","","","","","","","",""
"TickPumpkinLoseloop","tick_pumpkin_lose.glb","162","203","","","","","","true","",""
"BombheadPumpkinIdle","bombhead_pumpkin_idle.glb","1","12","","","","","","true","",""
"WhirlwindCarretaIdle","carl_carreta_idle.glb","","-1","","","100","100","","true","","cart_frame_s#1"
"WhirlwindCarretaWalk","carl_carreta_walk.glb","","-1","","","100","100","","true","","1"
"WhirlwindCarretaAttack","carl_carreta_attack.glb","1","5","","","100","100","100","","","hips_s#4+L_upperLeg_s#0+R_upperLeg_s#0"
"WhirlwindCarretaSecondary","carl_carreta_super.glb","1","59","","","200","200","200","true","","5"
"WhirlwindCarretaAttackRecoil","carl_carreta_attack.glb","5","35","","","100","200","200","","","hips_s#4+L_upperLeg_s#0+R_upperLeg_s#0"
"WhirlwindCarretaSecondaryRecoil","carl_carreta_super.glb","1","59","","","","","","true","","5"
"WhirlwindCarretaReload","carl_carreta_attack.glb","17","25","","","100","100","100","","","5"
"WhirlwindCarretaWin","carl_carreta_win.glb","","-1","","","200","1000","500","","",""
"WhirlwindCarretaWinloop","carl_carreta_win.glb","160","-1","","","2000","100","500","true","",""
"WhirlwindCarretaLose","carl_carreta_lose.glb","","-1","","","100","1000","500","","",""
"WhirlwindCarretaLoseloop","carl_carreta_lose.glb","80","-1","","","2000","100","500","true","",""
"WhirlwindCarretaProfile","carl_carreta_portrait.glb","","-1","","","","","","true","",""
"PocoSurferOverchargeIdle","poco_street_hc_idle.glb","1","59","","","100","100","","true","",""
"PocoSurferOverchargeWalk","poco_street_hc_walk.glb","1","29","","160","100","100","","true","","1"
"PocoSurferOverchargeAttack","poco_street_hc_attack.glb","1","4","","","100","100","100","","","hips_s#5+L_upperLeg_s#0+R_upperLeg_s#0"
"PocoSurferOverchargeSecondary","poco_street_hc_attack.glb","2","5","","","100","100","100","","","hips_s#5+L_upperLeg_s#0+R_upperLeg_s#0"
"PocoSurferOverchargeRecoil","poco_street_hc_attack.glb","4","29","","","100","100","100","","","hips_s#5+L_upperLeg_s#0+R_upperLeg_s#0"
"PocoSurferOverchargeReload","poco_street_hc_idle.glb","1","2","","","100","200","200","","","hips_s#5+L_upperLeg_s#0+R_upperLeg_s#0"
"PocoSurferOverchargePushback","poco_street_hc_idle.glb","","59","","","200","300","500","","","5"
"PocoSurferOverchargeWin","poco_street_hc_win.glb","1","-1","","","","","","","",""
"PocoSurferOverchargeWinloop","poco_street_hc_win.glb","259","-1","","","50","50","50","true","",""
"PocoSurferOverchargeLose","poco_street_hc_lose.glb","1","143","","","","","","","",""
"PocoSurferOverchargeLoseloop","poco_street_hc_lose.glb","115","143","","","","","","true","",""
"PocoSurferOverchargeProfile","poco_street_hc_portrait.glb","1","1","","","","","","","",""
"PocoSurferOverchargeIdle_transform","poco_street_hc_idle_transform.glb","1","59","","","100","100","","true","",""
"PocoSurferOverchargeWalk_transform","poco_street_hc_walk_transform.glb","1","29","","160","100","100","","true","","1"
"PocoSurferOverchargeUlti_transform","poco_street_hc_attack_transform.glb","2","5","","","100","100","100","","","hips_s_hc#5+L_upperLeg_s_hc#0+R_upperLeg_s_hc#0"
"PocoSurferOverchargeAttack_transform","poco_street_hc_attack_transform.glb","1","4","","","100","100","100","","","hips_s_hc#5+L_upperLeg_s_hc#0+R_upperLeg_s_hc#0"
"PocoSurferOverchargeRecoil_transform","poco_street_hc_attack_transform.glb","4","29","","","100","100","100","","","hips_s_hc#5+L_upperLeg_s_hc#0+R_upperLeg_s_hc#0"
"PocoSurferOverchargeReload_transform","poco_street_hc_idle_transform.glb","1","2","","","100","100","100","","","hips_s_hc#5+L_upperLeg_s_hc#0+R_upperLeg_s_hc#0"
"PocoSurferOverchargePushback_transform","poco_street_hc_idle_transform.glb","","59","","","100","100","100","","","hips_s_hc#5+L_upperLeg_s_hc#0+R_upperLeg_s_hc#0"
"CactusCarretaIdle","spike_carreta_idle.glb","","-1","","","100","100","","true","",""
"CactusCarretaWalk","spike_carreta_walk.glb","","-1","","","100","100","","true","","1"
"CactusCarretaPrimary","spike_carreta_attack.glb","8","20","","","","","100","","","hips_s#4+L_upperLeg_s#0+R_upperLeg_s#0"
"CactusCarretaSecondary","spike_carreta_attack.glb","5","20","","","","","100","","","hips_s#4+L_upperLeg_s#0+R_upperLeg_s#0"
"CactusCarretaRecoil","spike_carreta_attack.glb","8","20","","","","","100","","","hips_s#4+L_upperLeg_s#0+R_upperLeg_s#0"
"CactusCarretaRecoil2","spike_carreta_attack.glb","5","20","","","","","100","","","hips_s#4+L_upperLeg_s#0+R_upperLeg_s#0"
"CactusCarretaReload","spike_carreta_idle.glb","1","2","","","200","200","200","","","5"
"CactusCarretaWin","spike_carreta_win.glb","","194","","","","","","","","5"
"CactusCarretaWinloop","spike_carreta_win.glb","155","194","","","","","","true","","1"
"CactusCarretaLose","spike_carreta_lose.glb","1","213","","","","","","","","5"
"CactusCarretaLoseloop","spike_carreta_lose.glb","180","213","","","","","","true","","1"
"CactusCarretaProfile","spike_carreta_portrait.glb","","-1","","","","","","","","5"
"FuryDefaultSecondary","ziggy_super.glb","3","18","","","","","100","","","hips_s#4+L_upperLeg_s#0+R_upperLeg_s#0"
"FuryDefaultSecondaryRecoil","ziggy_super.glb","18","-1","","","","","100","","","hips_s#4+L_upperLeg_s#0+R_upperLeg_s#0"
"MegaSplitterLegBrawloweenWalk","rt_gargoyle_move_transform.glb","1","-1","","150","100","100","","true","","2"
"MegaSplitterLegBrawloweenAttack","rt_gargoyle_attack_transform.glb","","-1","","","","","","","","hips_s#4+L_upperLeg_s#0+R_upperLeg_s#0"
"MegaSplitterLegBrawloweenIdle","rt_gargoyle_move_transform.glb","1","-1","","80","100","100","","true","","1"
"LuchadorCarretaIdle","primo_carreta_idle.glb","1","49","","","200","200","","true","",""
"LuchadorCarretaWalk","primo_carreta_walk.glb","1","27","","120","150","150","","true","","1"
"LuchadorCarretaPrimary","primo_carreta_attack.glb","","5","","","1","100","50","","","hips_s#3+L_upperLeg_s#0+R_upperLeg_s#0"
"LuchadorCarretaSecondary","primo_carreta_super.glb","","-1","","","100","100","","","","5"
"LuchadorCarretaRecoil","primo_carreta_attack.glb","5","12","","","","","50","","","hips_s#5+L_upperLeg_s#0+R_upperLeg_s#0"
"LuchadorCarretaRecoil2","primo_carreta_attack.glb","16","24","","","","","50","","","hips_s#4+L_upperLeg_s#0+R_upperLeg_s#0"
"LuchadorCarretaPushback","primo_carreta_pushback.glb","","20","","","100","100","400","","","5"
"LuchadorCarretaWin","primo_carreta_win.glb","1","244","","","","","","","","5"
"LuchadorCarretaWinloop","primo_carreta_win.glb","160","244","","","","","","true","","1"
"LuchadorCarretaLose","primo_carreta_lose.glb","1","365","","","","","200","","","5"
"LuchadorCarretaLoseloop","primo_carreta_lose.glb","271","365","","","","","","true","","1"
"LuchadorCarretaProfile","primo_carreta_portrait.glb","1","1","","","","","","","","5"
"LuchadorCarretaIntro","primo_carreta_portrait.glb","","","","","","","","","",""
"BossCactusAttack","boss_cactus_attack.glb","","-1","","","10","10","","","","3"
"BossCactusIdle","boss_cactus_idle.glb","","-1","","","10","10","","","","3"
"MegaKenjiAtkPet","boss_cursed_samurai_attack_02_omegaslash.glb","9","43","","150","50","50","50","","","hips_s#3+L_upperLeg_s#0+R_upperLeg_s#0"
"CookerLinglongIdle","pearl_linglongporcelain_idle.glb","","-1","-1","","100","100","","true","",""
"CookerLinglongWalk","pearl_linglongporcelain_walk.glb","","-1","-1","","100","100","","true","",""
"CookerLinglongAttack","pearl_linglongporcelain_attack.glb","5","20","-1","","","","","","","hips_s#3+L_upperLeg_s#0+R_upperLeg_s#0"
"CookerLinglongSuper","pearl_linglongporcelain_super.glb","","20","-1","","","","","true","","hips_s#3+L_upperLeg_s#0+R_upperLeg_s#0"
"CookerLinglongRecoil","pearl_linglongporcelain_attack.glb","14","35","-1","","","","100","","","hips_s#4+L_upperLeg_s#0+R_upperLeg_s#0"
"CookerLinglongSuperRecoil","pearl_linglongporcelain_super.glb","6","20","-1","","","","50","","","hips_s#4+L_upperLeg_s#0+R_upperLeg_s#0"
"CookerLinglongPushback","pearl_linglongporcelain_idle.glb","","10","-1","","30","100","100","","","5"
"CookerLinglongWin","pearl_linglongporcelain_win.glb","","176","-1","","","","","","",""
"CookerLinglongWinloop","pearl_linglongporcelain_win.glb","176","218","-1","","","","","true","",""
"CookerLinglongLose","pearl_linglongporcelain_lose.glb","","90","-1","","","","","","",""
"CookerLinglongLoseloop","pearl_linglongporcelain_lose.glb","90","95","-1","","","","","true","",""
"CookerLinglongPortrait","pearl_portrait.glb","218","218","-1","","","","","","",""
"FuryWarlockIdle","ziggy_warlock_idle.glb","1","39","","","100","100","100","true","","5"
"FuryWarlockWalk","ziggy_warlock_walk.glb","1","25","","","100","100","100","true","","1"
"FuryWarlockAttack","ziggy_warlock_attack.glb","3","13","","","","","100","","","hips_s#4+L_upperLeg_s#0+R_upperLeg_s#0"
"FuryWarlockRecoil","ziggy_warlock_attack.glb","13","27","","","","","100","","","hips_s#4+L_upperLeg_s#0+R_upperLeg_s#0"
"FuryWarlockReload","ziggy_warlock_idle.glb","1","39","","","100","100","100","","","hips_s#0+L_upperLeg_s#0+R_upperLeg_s#0"
"FuryWarlockPushBack","ziggy_warlock_idle.glb","1","39","","","100","100","100","","",""
"FuryWarlockWin","ziggy_warlock_win.glb","1","-1","","","","","","","",""
"FuryWarlockWinloop","ziggy_warlock_win.glb","210","-1","","","","","","true","","1"
"FuryWarlockLose","ziggy_warlock_lose.glb","1","-1","","","","","","","",""
"FuryWarlockProfile","ziggy_warlock_portrait.glb","1","-1","","","","","","true","","1"
"FuryWarlockLoseloop","ziggy_warlock_lose.glb","109","-1","-1","","","","","true","",""
"FuryWarlockSecondary","ziggy_warlock_super.glb","3","18","","","","","100","","","hips_s#4+L_upperLeg_s#0+R_upperLeg_s#0"
"FuryWarlockSecondaryRecoil","ziggy_warlock_super.glb","18","-1","","","","","100","","","hips_s#4+L_upperLeg_s#0+R_upperLeg_s#0"
"DancerPumpIdle","mina_pump_idle.glb","1","42","","","100","100","100","true","",""
"DancerPumpWalk","mina_pump_walk.glb","1","33","","","100","100","100","true","","1"
"DancerPumpAttack1","mina_pump_attack_01.glb","","24","","","20","1000","80","","","4"
"DancerPumpAttack2","mina_pump_attack_02.glb","","19","","","20","1000","100","","","4"
"DancerPumpAttack3","mina_pump_attack_03.glb","","27","","","20","1000","100","","","4"
"DancerPumpSecondary","mina_pump_super.glb","","23","","","","","100","","","4"
"DancerPumpSecondaryRecoil","mina_pump_super.glb","1","23","","","","","100","","","4"
"DancerPumpPushBack","mina_pump_idle.glb","1","1","","","100","100","100","","",""
"DancerPumpChargeMove","mina_pump_dash.glb","","11","-1","","25","200","50","","",""
"DancerPumpWin","mina_pump_win.glb","1","159","","","","","","","",""
"DancerPumpWinloop","mina_pump_win.glb","160","188","","","","","","true","",""
"DancerPumpLose","mina_pump_lose.glb","","47","","","","","","","",""
"DancerPumpLoseloop","mina_pump_lose.glb","48","90","-1","","","","","true","",""
"DancerPumpProfile","mina_pump_portrait.glb","1","1","","","","","","","","1"
"PowerLevelerLinglongIdle","surge_linglongporcelain_idle.glb","","-1","","","100","100","","true","",""
"PowerLevelerLinglongWalk","surge_linglongporcelain_walk.glb","","-1","","75","100","100","","true","","1"
"PowerLevelerLinglongSecondary","surge_linglongporcelain_super.glb","","40","","","","","250","","","4"
"PowerLevelerLinglongAttackRecoil","surge_linglongporcelain_attack.glb","1","-1","","","50","","100","","","hips_s#4+L_upperLeg_s#0+R_upperLeg_s#0"
"PowerLevelerLinglongReload","surge_linglongporcelain_reload.glb","","20","","","50","100","100","","","hips_s#0+chest_s#0+R_clavicle_s#4+L_clavicle_s#1+L_upperLeg_s#0+R_upperLeg_s#0"
"PowerLevelerLinglongPushback","surge_linglongporcelain_pushback.glb","","10","","","50","100","100","","","5"
"PowerLevelerLinglongWin","surge_linglongporcelain_win.glb","","166","","","","","","","",""
"PowerLevelerLinglongWinloop","surge_linglongporcelain_win.glb","166","216","","","","","","true","",""
"PowerLevelerLinglongLose","surge_linglongporcelain_lose.glb","","90","","","","","","","",""
"PowerLevelerLinglongLoseloop","surge_linglongporcelain_lose.glb","90","120","","","","","","true","",""
"PowerLevelerLinglongProfile","surge_linglongporcelain_portrait.glb","216","216","","","","","","","",""
"MorningstarStrangeIdle","lumi_eleven_idle.glb","","-1","","","50","50","","true","",""
"MorningstarStrangeWalk","lumi_eleven_walk.glb","","-1","","","100","100","","true","","1"
"MorningstarStrangePrimary","lumi_eleven_attack.glb","","11","","","50","100","100","","","hips_s#3+L_upperLeg_s#0+R_upperLeg_s#0"
"MorningstarStrangeSecondary","lumi_eleven_super.glb","","39","","120","50","100","100","","","hips_s#4+L_upperLeg_s#0+R_upperLeg_s#0"
"MorningstarStrangePushback","lumi_eleven_idle.glb","","","","","100","100","100","","","5"
"MorningstarStrangeWin","lumi_eleven_win.glb","","196","","","","150","500","","","5"
"MorningstarStrangeWinloop","lumi_eleven_win.glb","165","196","","","150","","500","true","","5"
"MorningstarStrangeLose","lumi_eleven_lose.glb","","174","","","","","","","","5"
"MorningstarStrangeLoseloop","lumi_eleven_lose.glb","175","219","","","","","","true","","5"
"MorningstarStrangeProfile","lumi_eleven_portrait.glb","1","1","","","","","","","","5"
"MorningstarStrangeIdle_transform","lumi_eleven_idle2.glb","","27","","","50","50","","true","",""
"MorningstarStrangeIdle_transform_2","lumi_eleven_idle3.glb","","27","","","50","50","","true","",""
"MorningstarStrangeWalk_transform","lumi_eleven_walk2.glb","","24","","","50","50","","true","","1"
"MorningstarStrangeWalk_transform_2","lumi_eleven_walk3.glb","","24","","","50","50","","true","","1"
"MorningstarStrangePrimary_transform","lumi_eleven_attack2.glb","","-1","","","50","50","","","","hips_s#3+L_upperLeg_s#0+R_upperLeg_s#0"
"MorningstarStrangePrimary_transform_2","lumi_eleven_attack3.glb","","-1","","40","100","100","","","","hips_s#3+L_upperLeg_s#0+R_upperLeg_s#0"
"DaredevilDefaultIdle","gigi_idle.glb","1","21","","","200","200","","true","",""
"DaredevilDefaultWalk","gigi_walk.glb","1","23","","150","100","100","","true","","1"
"DaredevilDefaultAttack","gigi_attack.glb","19","27","","","100","100","200","true","","3"
"DaredevilDefaultUltiAttack","gigi_super.glb","","11","","","","","","","","hips_s#3+L_upperLeg_s#0+R_upperLeg_s#0"
"DaredevilDefaultUltiRecoil1","gigi_super.glb","11","21","","","","","200","","","hips_s#4+L_upperLeg_s#0+R_upperLeg_s#0"
"DaredevilDefaultPushback","gigi_idle.glb","","-1","","","100","100","100","","","5"
"DaredevilDefaultWin","gigi_win.glb","1","315","","","","","","","","1"
"DaredevilDefaultWinloop","gigi_win.glb","226","315","","","","","","true","","1"
"DaredevilDefaultLose","gigi_lose.glb","","128","","","","","","","","1"
"DaredevilDefaultLoseloop","gigi_lose.glb","73","128","","","","","","true","","1"
"DaredevilDefaultProfile","gigi_portrait.glb","","","","","","","","","","1"
"MrPGymIdle","mrp_workout_idle.glb","","-1","","","100","100","100","true","","1"
"MrPGymWalk","mrp_workout_walk.glb","1","-1","","","100","100","100","true","",""
"MrPGymAttack","mrp_workout_attack.glb","","5","","","","","","","","jukebox_s_s#4+hips_s#4+L_upperLeg_s#0+R_upperLeg_s#0"
"MrPGymRecoil","mrp_workout_attack.glb","6","20","","","","200","50","","","jukebox_s_s#5+hips_s#5+L_upperLeg_s#0+R_upperLeg_s#0"
"MrPGymPetWalk","mrp_count_pengula_pet_walk.glb","","-1","","","100","100","100","true","",""
"MrPGymPetIdle","mrp_pet_idle.glb","","-1","","","100","100","100","true","","1"
"MrPGymSpawnerIdle","mrp_workout_pet_spawn.glb","75","80","","","","","","","","1"
"MrPGymSpawnerSpawn","mrp_workout_pet_spawn.glb","32","129","","","","","","","","5"
"MrPGymSpawnerSpawnLoop","mrp_workout_pet_spawn.glb","130","211","","","","","","true","","1"
"MrPGymWin","mrp_workout_win.glb","","121","","","","","","","","5"
"MrPGymWinloop","mrp_workout_win.glb","122","211","","","","","","true","","1"
"MrPGymLose","mrp_workout_lose.glb","","148","","","","","","","","5"
"MrPGymLoseloop","mrp_workout_lose.glb","148","148","","","","","","true","","1"
"MrPGymPushBack","mrp_workout_idle.glb","","-1","","","100","100","100","","","5"
"MrPGymPortrait","mrp_workout_portrait.glb","","-1","","","","","","true","","5"
"ArtilleryGalSPCIdle","penny_clash_idle.glb","","-1","","130","100","100","","true","",""
"ArtilleryGalSPCWalk","penny_clash_walk.glb","","19","","","100","100","","true","","1"
"ArtilleryGalSPCPrimary","penny_clash_attack.glb","1","4","","","","","","","","hips_s#3+L_upperLeg_s#0+R_upperLeg_s#0"
"ArtilleryGalSPCUltiAttack","penny_clash_ulti.glb","","5","","","","","10","","","hips_s#4+L_upperLeg_s#0+R_upperLeg_s#0"
"ArtilleryGalSPCRecoil","penny_clash_attack.glb","1","20","","","","","150","","","hips_s#4+L_upperLeg_s#0+R_upperLeg_s#0"
"ArtilleryGalSPCUltiRecoil","penny_clash_ulti.glb","5","22","","","","","250","","","hips_s#4+L_upperLeg_s#0+R_upperLeg_s#0"
"ArtilleryGalSPCReload","penny_clash_idle.glb","","5","","","200","200","200","","",""
"ArtilleryGalSPCPushback","penny_clash_idle.glb","","-1","","","100","100","200","","","5"
"ArtilleryGalSPCWin","penny_clash_win_120.glb","1","526","","","","","","","",""
"ArtilleryGalSPCWinloop","penny_clash_win_120.glb","527","795","","","","","","true","",""
"ArtilleryGalSPCLose","penny_clash_lose.glb","1","54","","","","","","","",""
"ArtilleryGalSPCLoseloop","penny_clash_lose.glb","54","54","","","","","","true","",""
"ArtilleryGalSPCProfile","penny_clash_portrait.glb","1","1","","","","","","","",""
"ArtilleryTurretSPCIdle","penny_clash_turret_idle.glb","","-1","","","100","100","","true","",""
"ArtilleryTurretSPCAttack","penny_clash_turret_attack.glb","","-1","","","","","50","","","4"
"ArtilleryTurretSPCSpawn","penny_clash_turret_spawn.glb","","38","","","","","100","","","3"
"AxeJugglerGymIdle","melodie_workout_idle.glb","1","29","-1","130","100","100","","true","",""
"AxeJugglerGymWalk","melodie_workout_walk.glb","1","39","-1","","100","100","","true","","1"
"AxeJugglerGymAttack","melodie_workout_attack.glb","8","28","-1","","25","","50","","","3"
"AxeJugglerGymSecondary","melodie_workout_dash.glb","","28","-1","","25","200","50","","","3"
"AxeJugglerGymRecoil","melodie_workout_attack.glb","","10","-1","","","","200","","","4"
"AxeJugglerGymPushback","melodie_workout_idle.glb","","1","-1","","25","200","100","","",""
"AxeJugglerGymWin","melodie_workout_win.glb","1","211","-1","","","","","","",""
"AxeJugglerGymWinloop","melodie_workout_win.glb","212","240","-1","","","","","true","",""
"AxeJugglerGymLose","melodie_workout_lose.glb","","71","-1","","","","","","",""
"AxeJugglerGymLoseloop","melodie_workout_lose.glb","72","-1","-1","","","","","true","",""
"AxeJugglerGymLoseEnter","melodie_workout_lose.glb","","","-1","","","","","","",""
"AxeJugglerGymPortrait","melodie_workout_portrait.glb","1","1","-1","","","","","","",""
"DragonRiderEddieIdle","draco_eddie_idle.glb","","-1","","","100","100","100","true","","1"
"DragonRiderEddieWalk","draco_eddie_walk.glb","","27","","","100","100","","true","","1"
"DragonRiderEddieSecondary","draco_eddie_super.glb","","38","","","100","","250","","","4"
"DragonRiderEddieAttack","draco_eddie_attack.glb","1","13","","","1","","100","","","hips_s#4+L_upperLeg_s#0+R_upperLeg_s#0"
"DragonRiderEddieReload","draco_eddie_idle.glb","","20","","","50","100","100","","","hips_s#0+chest_s#5+L_clavicle_s#1+head_s#0+L_upperLeg_s#0+R_upperLeg_s#0"
"DragonRiderEddiePushback","draco_eddie_idle.glb","","10","","","50","100","100","","","5"
"DragonRiderEddieWin","draco_eddie_win.glb","","193","","","","","","","",""
"DragonRiderEddieWinloop","draco_eddie_win.glb","194","222","","","","","","true","",""
"DragonRiderEddieLose","draco_eddie_lose.glb","","26","","","","","","","",""
"DragonRiderEddieLoseloop","draco_eddie_lose.glb","27","56","","","","","","true","",""
"DragonRiderEddieProfile","draco_eddie_portrait.glb","","-1","","","","","","","",""
"DragonRiderEddieIdle_transform","draco_eddie_mount_idle.glb","","-1","","","100","100","","true","","1"
"DragonRiderEddieWalk_transform","draco_eddie_mount_walk.glb","","-1","","144","100","100","100","true","","1"
"DragonRiderEddieSecondary_transform","draco_eddie_mount_super.glb","7","31","","","100","","250","","","4"
"DragonRiderEddieAttack_transform","draco_eddie_mount_attack.glb","","-1","","","1","","100","","","4"
"DragonRiderEddieReload_transform","draco_eddie_mount_idle.glb","","1","","","500","500","500","","",""
"DragonRiderEddiePushback_transform","draco_eddie_mount_idle.glb","","1","","","50","100","100","","","5"
"NinjaPropassProgressionSkinLevel4Win","leon_ranked_lv2_win.glb","","80","","","","","","","","5"
"NinjaPropassProgressionSkinLevel4Winloop","leon_ranked_lv2_win.glb","80","108","","","","","","true","","1"
"NinjaPropassProgressionSkinLevel4Lose","leon_ranked_lv2_lose.glb","","138","","","","","","","","5"
"NinjaPropassProgressionSkinLevel4Loseloop","leon_ranked_lv2_lose.glb","138","138","","","","","","true","","1"
"NinjaPropassProgressionSkinLevel4Profile","leon_ranked_portrait_lv2.glb","1","10","","","","","","true","","5"
"NinjaPropassProgressionSkinLevel9Idle","leon_ranked_hc_idle.glb","1","28","","","100","100","","true","",""
"NinjaPropassProgressionSkinLevel9Walk","leon_ranked_hc_walk.glb","1","29","","170","100","100","","true","","1"
"NinjaPropassProgressionSkinLevel9Attack","leon_ranked_hc_attack.glb","1","3","","","","","10","","","spine_lower_s#4"
"NinjaPropassProgressionSkinLevel9Secondary","leon_ranked_hc_idle.glb","1","20","","","","","10","","","spine_lower_s#4"
"NinjaPropassProgressionSkinLevel9Recoil","leon_ranked_hc_attack.glb","3","7","","","","","10","","","spine_lower_s#4"
"NinjaPropassProgressionSkinLevel9Recoil2","leon_ranked_hc_attack.glb","7","11","","","","","10","","","spine_lower_s#4"
"NinjaPropassProgressionSkinLevel9Pushback","leon_ranked_hc_idle.glb","1","34","","","100","100","100","","","5"
"NinjaPropassProgressionSkinLevel9Win","leon_ranked_hc_win.glb","","101","","","","10","100","","","5"
"NinjaPropassProgressionSkinLevel9Winloop","leon_ranked_hc_win.glb","101","-1","","","10","","","true","","1"
"NinjaPropassProgressionSkinLevel9Lose","leon_ranked_hc_lose.glb","","68","","","","","","","","5"
"NinjaPropassProgressionSkinLevel9Loseloop","leon_ranked_hc_lose.glb","68","68","","","","","","true","","1"
"NinjaPropassProgressionSkinLevel9Profile","leon_ranked_hc_portrait.glb","1","10","","","","","","true","","5"
"NinjaPropassProgressionSkinLevel9Idle_transform","leon_ranked_hc_idle_transform.glb","1","28","","","100","100","","true","",""
"NinjaPropassProgressionSkinLevel9Walk_transform","leon_ranked_hc_walk_transform.glb","1","29","","170","100","100","","true","","1"
"NinjaPropassProgressionSkinLevel9Attack_transform","leon_ranked_hc_attack_transform.glb","1","3","","","","","10","","","spine_lower_s_hc#4"
"NinjaPropassProgressionSkinLevel9Secondary_transform","leon_ranked_hc_idle_transform.glb","1","20","","","","","10","","","spine_lower_s_hc#4"
"NinjaPropassProgressionSkinLevel9Recoil_transform","leon_ranked_hc_attack_transform.glb","3","7","","","","","10","","","spine_lower_s_hc#4"
"NinjaPropassProgressionSkinLevel9Recoil2_transform","leon_ranked_hc_attack_transform.glb","7","11","","","","","10","","","spine_lower_s_hc#4"
"NinjaPropassProgressionSkinLevel9Pushback_transform","leon_ranked_hc_idle_transform.glb","1","34","","","100","100","100","","","5"
"SoulCollectorStrangeIdle","gus_will_idle.glb","1","-1","-1","","200","200","200","true","",""
"SoulCollectorStrangeWalk","gus_will_walk.glb","1","24","-1","","200","200","200","true","","1"
"SoulCollectorStrangePrimary","gus_will_attack.glb","","4","-1","","","","","","","hips_s#3+L_upperLeg_s#0+R_upperLeg_s#0"
"SoulCollectorStrangePrimaryRecoil","gus_will_attack.glb","","23","-1","","","100","250","","","hips_s#4+L_upperLeg_s#0+R_upperLeg_s#0"
"SoulCollectorStrangePushback","gus_will_idle.glb","","15","-1","","20","250","250","","",""
"SoulCollectorStrangeWin","gus_will_win_120.glb","","843","-1","","","","","","",""
"SoulCollectorStrangeWinloop","gus_will_win_120.glb","684","843","-1","","","","","true","",""
"SoulCollectorStrangeLose","gus_will_lose.glb","","194","-1","","","","","","",""
"SoulCollectorStrangeLoseloop","gus_will_lose.glb","160","-1","-1","","","","","true","",""
"SoulCollectorStrangePortrait","gus_will_portrait.glb","","-1","-1","","","","","","",""
"CocoonerGymIdle","charlie_workout_idle.glb","","59","","120","100","100","","true","",""
"CocoonerGymWalk","charlie_workout_walk.glb","","19","","90","100","100","","true","","1"
"CocoonerGymPrimary","charlie_workout_attack.glb","7","23","","","","","","","","hips_s#3+L_upperLeg_s#0+R_upperLeg_s#0"
"CocoonerGymSecondary","charlie_workout_super.glb","1","22","","","","","","","","hips_s#4+L_upperLeg_s#0+R_upperLeg_s#0"
"CocoonerGymRecoil","charlie_workout_attack.glb","22","47","","","","","100","","","hips_s#4+L_upperLeg_s#0+R_upperLeg_s#0"
"CocoonerGymWin","charlie_workout_win.glb","1","227","","","","","","","","5"
"CocoonerGymWinloop","charlie_workout_win.glb","228","262","","","","","","true","","1"
"CocoonerGymLose","charlie_workout_lose.glb","1","166","","","","","","","","5"
"CocoonerGymLoseloop","charlie_workout_lose.glb","167","233","","","","","","true","","1"
"CocoonerGymProfile","charlie_workout_portrait.glb","","","","","","","","","",""
"CocoonerGymIntro","charlie_workout_idle.glb","250","250","","","","","","","",""
"CocoonerCocoonGymIdle","charlie_workout_cocoon_idle.glb","","13","-1","","100","100","","true","",""
"CocoonerPetGymIdle","charlie_workout_spider_idle.glb","","13","-1","","100","100","","true","",""
"CocoonerPetGymWalk","charlie_workout_spider_run.glb","","15","-1","","100","100","","true","",""
"CocoonerPetGymAttack","charlie_workout_spider_attack.glb","","8","-1","","100","100","","","",""
"SniperMechaOverchargeIdle","piper_mecha_idle.glb","1","40","","","100","100","","true","",""
"SniperMechaOverchargeWalk","piper_mecha_walk.glb","1","19","","","100","100","","true","","1"
"SniperMechaOverchargeAttack","piper_mecha_attack.glb","1","4","","","","","","","","hips_s#4+L_upperLeg_s#0+R_upperLeg_s#0+F_body_01_s#0+L_A_bodyBlade_01_s#0+L_B_bodyBlade_01_s#0+C_B_bodyBlade_01_s#0+R_A_bodyBlade_01_s#0+R_B_bodyBlade_01_s#0"
"SniperMechaOverchargeSecondary","piper_mecha_super.glb","","-1","","","50","50","50","","","5"
"SniperMechaOverchargeRecoil","piper_mecha_attack.glb","4","25","","","","","200","","","hips_s#4+L_upperLeg_s#0+R_upperLeg_s#0+F_body_01_s#0+L_A_bodyBlade_01_s#0+L_B_bodyBlade_01_s#0+C_B_bodyBlade_01_s#0+R_A_bodyBlade_01_s#0+R_B_bodyBlade_01_s#0"
"SniperMechaOverchargeReload","piper_mecha_reload.glb","","10","","","100","100","500","","","hips_s#4+L_upperLeg_s#0+R_upperLeg_s#0+F_body_01_s#0+L_A_bodyBlade_01_s#0+L_B_bodyBlade_01_s#0+C_B_bodyBlade_01_s#0+R_A_bodyBlade_01_s#0+R_B_bodyBlade_01_s#0"
"SniperMechaOverchargePushback","piper_mecha_pushback.glb","1","10","","","50","50","100","","","5"
"SniperMechaOverchargeWin","piper_mecha_hc_win.glb","1","311","","","","","","","","5"
"SniperMechaOverchargeWinloop","piper_mecha_hc_win.glb","312","338","","","","","","true","","1"
"SniperMechaOverchargeLose","piper_mecha_hc_lose.glb","1","140","","","","","","","","5"
"SniperMechaOverchargeLoseloop","piper_mecha_hc_lose.glb","141","167","","","","","","true","","1"
"SniperMechaOverchargeProfile","piper_mecha_hc_portrait.glb","","","","","","","","","","5"
"SniperMechaOverchargeGadget","piper_mecha_attack.glb","1","4","","","","","","","","hips_s#4+L_upperLeg_s#0+R_upperLeg_s#0+F_body_01_s#0+L_A_bodyBlade_01_s#0+L_B_bodyBlade_01_s#0+C_B_bodyBlade_01_s#0+R_A_bodyBlade_01_s#0+R_B_bodyBlade_01_s#0"
"SniperMechaOverchargeGadgetRecoil","piper_mecha_attack.glb","4","25","","","","","200","","","hips_s#4+L_upperLeg_s#0+R_upperLeg_s#0+F_body_01_s#0+L_A_bodyBlade_01_s#0+L_B_bodyBlade_01_s#0+C_B_bodyBlade_01_s#0+R_A_bodyBlade_01_s#0+R_B_bodyBlade_01_s#0"
"SniperMechaOverchargeIdle_transform","piper_mecha_hc_idle_transform.glb","1","40","","","100","100","","true","",""
"SniperMechaOverchargeWalk_transform","piper_mecha_hc_walk_transform.glb","1","19","","160","100","100","","true","","1"
"SniperMechaOverchargeSecondary_transform","piper_mecha_hc_super_transform.glb","","-1","","","100","100","100","","","5"
"SniperMechaOverchargeAttack_transform","piper_mecha_hc_attack_transform.glb","1","10","","","100","100","100","","","hips_s_hc#4+L_upperLeg_s_hc#0+R_upperLeg_s_hc#0"
"SniperMechaOverchargeRecoil_transform","piper_mecha_hc_attack_transform.glb","10","25","","","100","100","100","","","hips_s_hc#4+L_upperLeg_s_hc#0+R_upperLeg_s_hc#0"
"SniperMechaOverchargeReload_transform","piper_mecha_hc_reload_transform.glb","","10","","","100","100","100","","","hips_s_hc#4+L_upperLeg_s_hc#0+R_upperLeg_s_hc#0"
"SniperMechaOverchargePushback_transform","piper_mecha_hc_idle_transform.glb","1","1","","","100","100","100","","","5"
"SniperMechaOverchargeGadget_transform","piper_mecha_hc_attack_transform.glb","1","10","","","","","","","","hips_s_hc#4+L_upperLeg_s_hc#0+R_upperLeg_s_hc#0"
"SniperMechaOverchargeGadgetRecoil_transform","piper_mecha_hc_attack_transform.glb","1","10","","","","","200","","","hips_s_hc#4+L_upperLeg_s_hc#0+R_upperLeg_s_hc#0"
"MechanicMechaIdle","jessie_mecha_idle.glb","","-1","","","100","100","","true","",""
"MechanicMechaWalk","jessie_mecha_walk.glb","","-1","","","100","100","","true","","1"
"MechanicMechaPrimary","jessie_jessie_attack.glb","","4","","","","","","","","hips_s#3+L_upperLeg_s#0+R_upperLeg_s#0"
"MechanicMechaUltiAttack","jessie_mecha_idle.glb","","-1","","","200","200","10","true","","5"
"MechanicMechaRecoil","jessie_mecha_attack.glb","1","15","","","","","100","","","hips_s#4+L_upperLeg_s#0+R_upperLeg_s#0"
"MechanicMechaUltiRecoil","jessie_mecha_idle.glb","","-1","","","200","200","100","","","5"
"MechanicMechaReload","jessie_mecha_idle.glb","","","","","200","200","200","","","chest_s#2"
"MechanicMechaPushback","jessie_pushback.glb","","10","","","100","100","100","true","","5"
"MechanicMechaWin","jessie_mecha_win.glb","1","162","","","","","","","",""
"MechanicMechaWinloop","jessie_mecha_win.glb","118","162","","","","","","true","",""
"MechanicMechaLose","jessie_mecha_lose.glb","1","210","","","","","","","",""
"MechanicMechaLoseloop","jessie_mecha_lose.glb","172","210","","","","","","true","",""
"MechanicMechaProfile","jessie_portrait.glb","73","73","","","","","","","",""
"TurretMechaIdle","jessie_mecha_turret_idle.glb","","-1","-1","","50","50","","true","",""
"TurretMechaAttack","jessie_mecha_turret_attack.glb","","11","-1","","","","20","","",""
"TurretMechaSpawn","jessie_mecha_turret_spawn.glb","","-1","-1","","","","50","","",""
"TurretMechaWin","jessie_mecha_turret_win.glb","1","148","","","","","","","",""
"TurretMechaWinloop","jessie_mecha_turret_win.glb","118","162","","","","","","true","",""
"TurretMechaLose","jessie_mecha_turret_lose.glb","1","210","","","","","","","",""
"TurretMechaLoseloop","jessie_mecha_turret_lose.glb","172","210","","","","","","true","",""
"PainterStrangeIdle","berry_steve_idle.glb","","-1","","","100","100","250","true","",""
"PainterStrangeWalk","berry_steve_walk.glb","","19","","","100","100","","true","","1"
"PainterStrangePrimary","berry_steve_attack.glb","6","20","","","","","","","","hips_s#3+L_upperLeg_s#0+R_upperLeg_s#0"
"PainterStrangeSecondary","berry_steve_super.glb","10","17","","","200","200","200","true","","5"
"PainterStrangeRecoil","berry_steve_attack.glb","6","20","","","10","10","10","","","hips_s#4+L_upperLeg_s#0+R_upperLeg_s#0"
"PainterStrangeReload","berry_steve_idle.glb","","-1","","","200","200","200","","","ChestBone#2"
"PainterStrangePushback","berry_steve_idle.glb","","-1","","","100","100","100","","","5"
"PainterStrangeWin","berry_steve_win.glb","","229","","","50","250","250","","",""
"PainterStrangeWinloop","berry_steve_win.glb","230","258","","","25","","","true","",""
"PainterStrangeLose","berry_steve_lose.glb","","111","","","","","38","","",""
"PainterStrangeLoseloop","berry_steve_lose.glb","112","227","","","","","","true","",""
"PainterStrangeWinidleloop","berry_steve_win.glb","230","258","","","","","","true","",""
"PainterStrangeProfile","berry_steve_portrait.glb","1","1","","","","","","","",""
"PainterStrangeIntro","berry_steve_win.glb","258","258","","","","","","","",""
"MegaSTDgIdle","npc_demogorgon_idle.glb","1","45","","","100","100","","true","",""
"MegaSTDgWalk","npc_demogorgon_walk.glb","1","51","","170","100","100","","true","","1"
"MegaSTDgAttack","npc_demogorgon_attack.glb","","13","","","100","200","150","","","spine_lower_s#4"
"MegaSTDgThrow","npc_demogorgon_throw.glb","","13","","","1","1","50","","","spine_lower_s#4"
"MegaSTDgScream","npc_demogorgon_scream.glb","","45","","","200","300","500","","","5"
"BeamerMechaIdle","mandy_mecha_idle.glb","1","46","","","50","50","50","true","",""
"BeamerMechaWalk","mandy_mecha_walk.glb","1","21","","","","","","true","","1"
"BeamerMechaAttack","mandy_mecha_attack.glb","1","5","","","","","","","","hips_s#4+L_upperLeg_s#0+R_upperLeg_s#0"
"BeamerMechaSecondary","mandy_mecha_super.glb","","38","","","100","100","100","","","5"
"BeamerMechaRecoil","mandy_mecha_attack.glb","5","30","","","","","100","","","hips_s#5+L_upperLeg_s#0+R_upperLeg_s#0"
"BeamerMechaReload","mandy_mecha_idle.glb","1","1","","","50","50","50","","","hips_s#0+L_upperLeg_s#0+R_upperLeg_s#0"
"BeamerMechaPushback","mandy_mecha_idle.glb","1","1","","","50","50","50","","","5"
"BeamerMechaWin","mandy_mecha_win.glb","1","147","","","","","","","","5"
"BeamerMechaWinloop","mandy_mecha_win.glb","148","176","","","","","","true","","1"
"BeamerMechaLose","mandy_mecha_lose.glb","1","198","","","","","","","","5"
"BeamerMechaLoseloop","mandy_mecha_lose.glb","199","230","","","","","","true","","1"
"BeamerMechaProfile","mandy_mecha_portrait.glb","","","","","","","","","","5"
"BeamerMechaIdle_transform","mandy_mecha_idle_transform.glb","1","21","","","200","250","","true","",""
"BeamerMechaEnv","mandy_env.glb","1","854","","","","","","true","",""
"BullGuyStrangeIdle","bull_hopper_idle.glb","","29","","","150","150","","true","",""
"BullGuyStrangeWalk","bull_hopper_walk.glb","","21","","","100","100","","true","","1"
"BullGuyStrangePrimary","bull_hopper_attack.glb","1","3","","","","","","","","hips_s#3+L_upperLeg_s#0+R_upperLeg_s#0"
"BullGuyStrangeSecondary","bull_hopper_super.glb","","21","","150","66","66","133","true","","5"
"BullGuyStrangeRecoil","bull_hopper_attack.glb","4","19","","","50","","100","","","hips_s#4+L_upperLeg_s#0+R_upperLeg_s#0"
"BullGuyStrangeReload","bull_hopper_idle.glb","1","10","","200","250","250","250","","","ChestBone#2"
"BullGuyStrangePushback","bull_hopper_idle.glb","","1","","","100","100","100","","","5"
"BullGuyStrangeWin","bull_hopper_win.glb","","224","","","","","","","","5"
"BullGuyStrangeWinloop","bull_hopper_win.glb","225","372","","","","","","true","","5"
"BullGuyStrangeLose","bull_hopper_lose.glb","","236","","","","","","","","5"
"BullGuyStrangeLoseloop","bull_hopper_lose.glb","236","375","","","","","","true","","5"
"BullGuyStrangeProfile","bull_hopper_portrait.glb","1","1","","","","","","true","","5"
"NinjaPropassProgressionSkinLevel1Idle","leon_ranked_lv1_idle.glb","1","28","","","100","100","","true","",""
"NinjaPropassProgressionSkinLevel1Walk","leon_ranked_lv1_walk.glb","1","29","","170","100","100","","true","","1"
"NinjaPropassProgressionSkinLevel1Attack","leon_ranked_lv1_attack.glb","1","3","","","","","10","","","spine_lower_s#4"
"NinjaPropassProgressionSkinLevel1Secondary","leon_ranked_lv1_idle.glb","1","20","","","","","10","","","spine_lower_s#4"
"NinjaPropassProgressionSkinLevel1Recoil","leon_ranked_lv1_attack.glb","3","7","","","","","10","","","spine_lower_s#4"
"NinjaPropassProgressionSkinLevel1Recoil2","leon_ranked_lv1_attack.glb","7","11","","","","","10","","","spine_lower_s#4"
"NinjaPropassProgressionSkinLevel1Reload","leon_ranked_lv1_idle.glb","","-1","","","","","100","","","ChestBone#2"
"NinjaPropassProgressionSkinLevel1Win","leon_ranked_lv1_win.glb","1","84","","","","10","100","","","5"
"NinjaPropassProgressionSkinLevel1Winloop","leon_ranked_lv1_win.glb","84","111","","","10","","","true","","1"
"NinjaPropassProgressionSkinLevel1Lose","leon_ranked_lv1_lose.glb","","100","","","","","","","","5"
"NinjaPropassProgressionSkinLevel1Loseloop","leon_ranked_lv1_lose.glb","45","95","","","","","","true","","1"
"ShamanStrangeOverchargeIdle","nita_dustin_hc_idle.glb","1","34","","","100","100","","true","",""
"ShamanStrangeOverchargeWalk","nita_dustin_hc_walk.glb","1","29","","170","100","100","","true","","1"
"ShamanStrangeOverchargeAttack","nita_dustin_hc_attack.glb","3","26","","","","","200","","","spine_lower_s#4"
"ShamanStrangeOverchargeSecondary","nita_dustin_hc_attack.glb","3","26","","","","","200","true","","spine_lower_s#4"
"ShamanStrangeOverchargeRecoil","nita_dustin_hc_attack.glb","3","26","","","","","200","","","spine_lower_s#4"
"ShamanStrangeOverchargeReload","nita_dustin_hc_idle.glb","","-1","","","","","100","","","ChestBone#2"
"ShamanStrangeOverchargePushback","nita_dustin_hc_pushback.glb","","-1","","","100","100","100","","","5"
"ShamanStrangeOverchargeWin","nita_dustin_hc_win.glb","1","150","","","","","","","","5"
"ShamanStrangeOverchargeWinloop","nita_dustin_hc_win.glb","151","221","","","","","","true","","1"
"ShamanStrangeOverchargeLose","nita_dustin_hc_lose.glb","1","104","","","","","","","","5"
"ShamanStrangeOverchargeLoseloop","nita_dustin_hc_lose.glb","105","132","","","","","","true","","1"
"ShamanStrangeOverchargeProfile","nita_dustin_hc_portrait.glb","88","88","","","","","","true","","5"
"ShamanStrangeOverchargeIdle_transform","nita_dustin_hc_idle_transform.glb","1","34","","","100","100","","true","",""
"ShamanStrangeOverchargeWalk_transform","nita_dustin_hc_walk_transform.glb","1","29","","170","100","100","","true","","1"
"ShamanStrangeOverchargeAttack_transform","nita_dustin_hc_attack_transform.glb","3","26","","","","","200","","","spine_lower_s_hc#4"
"ShamanStrangeOverchargeSecondary_transform","nita_dustin_hc_attack_transform.glb","3","26","","","","","200","true","","spine_lower_s_hc#4"
"ShamanStrangeOverchargeRecoil_transform","nita_dustin_hc_attack_transform.glb","3","26","","","","","200","","","spine_lower_s_hc#4"
"ShamanStrangeOverchargeReload_transform","nita_dustin_hc_idle_transform.glb","","-1","","","","","100","","","chest_s_hc#2"
"ShamanStrangeOverchargePushback_transform","nita_dustin_hc_pushback_transform.glb","","-1","","","100","100","100","","","5"
"BearStrangeIdle","nita_demodog_hc_idle.glb","","-1","","","100","100","","true","",""
"BearStrangeWalk","nita_demodog_hc_walk.glb","1","63","","200","100","100","","true","","1"
"BearStrangeAttack","nita_demodog_hc_attack.glb","4","13","","","100","200","150","","","spine_lower_s#4"
"BearStrangePushback","nita_demodog_hc_idle.glb","","-1","","","200","300","500","","","5"
"BearStrangeWin","nita_demodog_hc_win.glb","","81","","","200","300","500","","","5"
"BearStrangeWinloop","nita_demodog_hc_win.glb","82","120","","","200","300","500","true","","5"
"BearStrangeOverchargeIdle","nita_demogorgon_hc_idle_transform.glb","","-1","","","100","100","","true","",""
"BearStrangeOverchargeWalk","nita_demogorgon_hc_walk_transform.glb","","64","","270","100","100","","true","","1"
"BearStrangeOverchargeAttack","nita_demogorgon_hc_attack_transform.glb","4","13","","","100","200","150","","","spine_lower_s#4"
"BearStrangeOverchargePushback","nita_demogorgon_hc_idle_transform.glb","","-1","","","200","300","500","","","5"
"BearStrangeOverchargeHide","nita_dustin_demogorgon_hc_hide.glb","","-1","","","200","300","500","","","5"
"MegaSTVcIdle","npc_vecna_idle.glb","1","-1","","","100","100","","true","",""
"MegaSTVcWalk","npc_vecna_walk.glb","1","-1","","170","100","100","","true","","1"
"MegaSTVcSlash","npc_vecna_slash.glb","","-1","","","100","200","150","","","spine_lower_s#4"
"MegaSTVcThrow","npc_vecna_throw.glb","","-1","","","1","1","50","","","spine_lower_s#4"
"MegaSTVcSummon1","npc_vecna_summon_1.glb","","-1","","","200","300","500","true","","5"
"MegaSTVcSummon2","npc_vecna_summon_2.glb","","-1","","80","100","200","150","","","spine_lower_s#4"
"MegaSTVcIdleTentacle","npc_vecna_idle_tentacles.glb","","-1","","80","100","200","150","true","","spine_lower_s#4"
"DaredevilScarecrowIdle","gigi_scarecrow_idle.glb","1","21","","","200","200","","true","",""
"DaredevilScarecrowWalk","gigi_scarecrow_walk.glb","1","23","","150","100","100","","true","","1"
"DaredevilScarecrowAttack","gigi_scarecrow_attack.glb","19","27","","","100","100","200","true","","3"
"DaredevilScarecrowUltiAttack","gigi_scarecrow_super.glb","","11","","","","","","","","hips_s#3+L_upperLeg_s#0+R_upperLeg_s#0"
"DaredevilScarecrowUltiRecoil1","gigi_scarecrow_super.glb","11","21","","","","","200","","","hips_s#4+L_upperLeg_s#0+R_upperLeg_s#0"
"DaredevilScarecrowPushback","gigi_scarecrow_idle.glb","","-1","","","100","100","100","","","5"
"DaredevilScarecrowWin","gigi_scarecrow_win.glb","1","348","","","","","","","","1"
"DaredevilScarecrowWinloop","gigi_scarecrow_win.glb","280","348","","","","","","true","","1"
"DaredevilScarecrowLose","gigi_scarecrow_lose.glb","","123","","","","","","","","1"
"DaredevilScarecrowLoseloop","gigi_scarecrow_lose.glb","124","198","","","","","","true","","1"
"DaredevilScarecrowProfile","gigi_scarecrow_portrait.glb","","","","","","","","","","1"
"NaniXmasIdle","nani_xmas_idle.glb","1","45","","","100","100","","true","",""
"NaniXmasWalk","nani_xmas_walk.glb","1","27","","","100","100","","true","","1"
"NaniXmasAttack","nani_xmas_attack.glb","","5","","","","","","","","hips_s#3+L_upperLeg_s#0+R_upperLeg_s#0"
"NaniXmasRecoil","nani_xmas_attack.glb","","23","","","","","200","","","hips_s#4+L_upperLeg_s#0+R_upperLeg_s#0"
"PeeXmasIdle","peep_xmas_idle.glb","1","176","","","","","50","true","",""
"NaniXmasReload","nani_xmas_idle.glb","","10","","","200","200","100","","",""
"NaniXmasWin","nani_xmas_win.glb","","179","","","","","","","","1"
"NaniXmasWinloop","nani_xmas_win.glb","180","-1","","","","","","true","","1"
"NaniXmasSecondary","nani_xmas_superloop.glb","","-1","","","100","100","","true","","hips_s#3+L_upperLeg_s#0+R_upperLeg_s#0"
"NaniXmasPushback","nani_xmas_pushback.glb","","9","","","50","","100","","","5"
"NaniXmasLose","nani_xmas_lose.glb","","39","","","","","","","","1"
"NaniXmasLoseloop","nani_xmas_lose.glb","40","73","","","","","","true","","1"
"NaniXmasPortrait","nani_base_cam.glb","-1","-1","","","","","","","",""
"PeeXmasHide","peep_xmas_hide.glb","1","176","","","","","50","true","",""
"BulletstormDefaultIdle","pierce_idle.glb","","29","-1","","100","100","","true","",""
"BulletstormDefaultWalk","pierce_walk.glb","","19","-1","","100","100","","true","","1"
"BulletstormDefaultAttack","pierce_attack.glb","1","8","-1","","50","","","true","","hips_s#3+L_upperLeg_s#0+R_upperLeg_s#0"
"BulletstormDefaultSecondary","pierce_super.glb","1","10","-1","","100","100","100","","","3"
"BulletstormDefaultSecondaryRecoil","pierce_super.glb","11","34","-1","","100","100","100","","","3"
"BulletstormDefaultRecoil","pierce_attack.glb","9","13","-1","","","","200","","","hips_s#4+L_upperLeg_s#0+R_upperLeg_s#0"
"BulletstormDefaultReload","pierce_reload.glb","1","13","-1","","100","100","50","","","hips_s#4+L_upperLeg_s#0+R_upperLeg_s#0"
"BulletstormDefaultPushback","pierce_idle.glb","","10","-1","","50","","50","","",""
"BulletstormDefaultWin","pierce_win.glb","","269","-1","","","","","","",""
"BulletstormDefaultWinloop","pierce_win.glb","232","269","-1","","","","","true","",""
"BulletstormDefaultLose","pierce_lose.glb","","184","-1","","","","","","",""
"BulletstormDefaultLoseloop","pierce_lose.glb","146","184","-1","","","","","true","",""
"BulletstormDefaultPortrait","pierce_portrait.glb","","-1","-1","","","","","","",""
"ShellyKeychainDefaultLose","shelly_buffy_lose.glb","","-1","-1","","","","","","",""
"ShellyKeychainDefaultLoseLoop","shelly_buffy_lose.glb","125","-1","-1","","","","","true","",""
"ShellyKeychainDefaultWin","shelly_buffy_win.glb","","-1","-1","","","","","","",""
"ShellyKeychainDefaultWinLoop","shelly_buffy_win.glb","70","-1","-1","","","","","true","",""
"ShellyKeychainDefaultIdle","shelly_buffy_idle.glb","","26","-1","","100","100","","true","","1"
"ShellyKeychainDefaultWalk","shelly_buffy_walk.glb","","25","-1","","100","100","","true","","1"
"ShellyKeychainDefaultSwingLoop","shelly_buffy_swing.glb","","-1","-1","","","","","true","","1"
"BlowerSteamPunkIdle","gale_steampunk_idle.glb","1","59","","","200","200","","true","",""
"BlowerSteamPunkWalk","gale_steampunk_walk.glb","1","22","","","200","200","","true","","1"
"BlowerSteamPunkPrimary","gale_steampunk_attack.glb","1","5","","","","","","","","hips_s#3+L_upperLeg_s#0+R_upperLeg_s#0"
"BlowerSteamPunkRecoil","gale_steampunk_attack.glb","5","20","","","","","50","","","hips_s#4+L_upperLeg_s#0+R_upperLeg_s#0"
"BlowerSteamPunkPushback","gale_steampunk_pushback.glb","1","10","","","20","100","100","true","","5"
"BlowerSteamPunkWin","gale_steampunk_win.glb","1","-1","","","","","","","","5"
"BlowerSteamPunkWinloop","gale_steampunk_win.glb","230","-1","","","","","","true","","1"
"BlowerSteamPunkLose","gale_steampunk_lose.glb","1","-1","","","","","","","",""
"BlowerSteamPunkLoseloop","gale_steampunk_lose.glb","62","-1","","","","","","true","",""
"BlowerSteamPunkPortrait","gale_steampunk_portrait.glb","","-1","","","","","","","",""
"MenderIdle","glowbert_idle.glb","1","-1","-1","","100","100","","true","",""
"MenderWalk","glowbert_walk.glb","1","23","-1","","100","100","","true","","1"
"MenderAttack","glowbert_attack.glb","1","10","-1","","100","100","50","","","hips_s#3+L_upperLeg_s#0+R_upperLeg_s#0"
"MenderSecondary","glowbert_super.glb","","20","-1","","100","100","","","","hips_s#3+L_upperLeg_s#0+R_upperLeg_s#0"
"MenderRecoil","glowbert_attack.glb","10","20","-1","","100","100","50","","","hips_s#4+L_upperLeg_s#0+R_upperLeg_s#0"
"MenderSecondaryRecoil","glowbert_super.glb","20","33","-1","","100","100","150","","","hips_s#4+L_upperLeg_s#0+R_upperLeg_s#0"
"MenderWin","glowbert_win.glb","","-1","-1","","","","","","",""
"MenderWinloop","glowbert_win.glb","277","-1","-1","","","","","true","",""
"MenderLose","glowbert_lose.glb","","-1","-1","","","","","","",""
"MenderLoseloop","glowbert_lose.glb","82","-1","-1","","","","","true","",""
"MenderPushback","glowbert_idle.glb","","","-1","","","","","","",""
"MenderPortrait","glowbert_portrait.glb","","-1","","","","","","","",""
"PuppeteerLNYIdle","willow_lny_idle.glb","","31","","","100","100","","true","",""
"PuppeteerLNYWalk","willow_lny_walk.glb","1","23","","","100","100","","true","","1"
"PuppeteerLNYPrimary","willow_lny_attack.glb","1","29","","","","","","","","hips_s#3+L_upperLeg_s#0+R_upperLeg_s#0"
"PuppeteerLNYSecondary","willow_lny_super.glb","1","29","","","","","","","","hips_s#4+L_upperLeg_s#0+R_upperLeg_s#0"
"PuppeteerLNYRecoil","willow_lny_attack.glb","6","29","","","","","100","","","hips_s#4+L_upperLeg_s#0+R_upperLeg_s#0"
"PuppeteerLNYWin","willow_lny_win.glb","1","242","","","","","","","","5"
"PuppeteerLNYWinloop","willow_lny_win.glb","214","242","","","","","","true","","1"
"PuppeteerLNYLose","willow_lny_lose.glb","","98","","","","","","","","5"
"PuppeteerLNYLoseloop","willow_lny_lose.glb","","98","","","","","","true","","1"
"PuppeteerLNYProfile","willow_portrait.glb","","","","","","","","true","",""
"PuppeteerLNYIntro","willow_lny_win.glb","250","250","","","","","","","",""
"StuSteampunkIdle","stu_steampunk_idle.glb","1","29","-1","","100","100","","true","",""
"StuSteampunkWalk","stu_steampunk_walk.glb","1","29","-1","","100","100","","true","","1"
"StuSteampunkAttack","stu_steampunk_attack.glb","3","22","-1","","25","","50","","","3"
"StuSteampunkRecoil","stu_steampunk_attack.glb","3","22","-1","","","","200","","","4"
"StuSteampunkPushback","stu_pushback.glb","","10","-1","","25","200","100","","",""
"StuSteampunkWin","stu_steampunk_win.glb","1","145","-1","","","","","","",""
"StuSteampunkWinloop","stu_steampunk_win.glb","146","194","-1","","","","","true","",""
"StuSteampunkLose","stu_steampunk_lose.glb","","107","-1","","","","","","",""
"StuSteampunkLoseloop","stu_steampunk_lose.glb","108","-1","-1","","","","","true","",""
"StuSteampunkPortrait","stu_steampunk_portrait.glb","1","1","-1","","","","","","",""
"StuSteampunkLoseEnter","stu_steampunk_lose.glb","","","-1","","","","","","",""
"BrockSteampunkIdle","brock_steampunk_idle.glb","","-1","","135","74","74","","true","",""
"BrockSteampunkWalk","brock_steampunk_run.glb","","-1","","150","100","100","","true","","1"
"BrockSteampunkPrimary","brock_steampunk_attack.glb","","-1","","","1","300","300","","","hips_s#3+L_upperLeg_s#0+R_upperLeg_s#0"
"BrockSteampunkSecondary","brock_steampunk_attack.glb","","-1","","","1","","","","","hips_s#4+L_upperLeg_s#0+R_upperLeg_s#0"
"BrockSteampunkRecoil","brock_steampunk_attack.glb","","-1","","","1","100","100","","","hips_s#3+L_upperLeg_s#0+R_upperLeg_s#0"
"BrockSteampunkRecoil2","brock_steampunk_attack.glb","","-1","","","1","100","100","","","hips_s#4+L_upperLeg_s#0+R_upperLeg_s#0"
"BrockSteampunkPushback","brock_steampunk_idle.glb","","-1","","","100","100","100","","","5"
"BrockSteampunkWin","brock_steampunk_win.glb","","157","","","200","200","200","","","5"
"BrockSteampunkWinloop","brock_steampunk_win.glb","158","186","","","100","100","100","true","","5"
"BrockSteampunkLose","brock_steampunk_lose.glb","1","100","","","","","","","","5"
"BrockSteampunkLoseloop","brock_steampunk_lose.glb","101","132","","","","","","true","","5"
"BrockSteampunkHero","brock_steampunk_win.glb","","35","","","","200","200","","","5"
"BrockSteampunkProfile","brock_steampunk_portrait.glb","1","1","","","","","","","","5"
"SpeedyEsportsIdle","max_esports_idle.glb","1","30","","","50","50","","true","",""
"SpeedyEsportsWalk","max_esports_walk.glb","1","20","","","50","50","","true","","1"
"SpeedyEsportsPrimary","max_esports_attack.glb","","4","","","","","","","","hips_s#3+L_upperLeg_s#0+R_upperLeg_s#0"
"SpeedyEsportsSecondary","max_esports_super.glb","","","","","","","","","","hips_s#3+L_upperLeg_s#0+R_upperLeg_s#0"
"SpeedyEsportsRecoil","max_esports_attack.glb","5","21","","","","","100","","","hips_s#4+L_upperLeg_s#0+R_upperLeg_s#0"
"SpeedyEsportsSecondaryRecoil","max_esports_super.glb","","-1","","","50","50","50","","","hips_s#4+L_upperLeg_s#0+R_upperLeg_s#0"
"SpeedyEsportsReload","max_esports_reload.glb","3","20","","","100","100","100","","","spine_lower_s#0+L_clavicle_s#2+R_clavicle_s#2"
"SpeedyEsportsPushback","max_esports_pushback.glb","","10","","","50","100","50","","",""
"SpeedyEsportsWin","max_esports_win.glb","","-1","","","","","","","","5"
"SpeedyEsportsWinloop","max_esports_win.glb","130","-1","","","","","","true","","1"
"SpeedyEsportsLose","max_esports_lose.glb","","-1","","","","","","","",""
"SpeedyEsportsLoseloop","max_esports_lose.glb","85","-1","","","","","","true","",""
"SpeedyEsportsPortrait","max_esports_portrait.glb","","-1","","","","","","true","",""
"InsectManBrawlentineIdle","angelo_brawlentine_idle.glb","1","37","","","100","100","","true","",""
"InsectManBrawlentineWalk","angelo_brawlentine_walk.glb","1","29","","","100","100","","true","","1"
"InsectManBrawlentineAttack","angelo_brawlentine_attack.glb","19","25","","","50","50","50","true","","hips_s#4+L_upperLeg_s#0+R_upperLeg_s#0+R_dress_01_s#0+L_dress_01_s#0+F_dress_01_s#0+B_dress_01_s#0"
"InsectManBrawlentineSecondary","angelo_brawlentine_super.glb","","28","","","50","50","50","","","5"
"InsectManBrawlentineRecoil","angelo_brawlentine_attack.glb","23","39","","","","","200","","","hips_s#5+L_upperLeg_s#0+R_upperLeg_s#0+R_dress_01_s#0+L_dress_01_s#0+F_dress_01_s#0+B_dress_01_s#0"
"InsectManBrawlentineReload","angelo_brawlentine_idle.glb","","10","","","100","100","500","","","hips_s#4+L_upperLeg_s#0+R_upperLeg_s#0+R_dress_01_s#0+L_dress_01_s#0+F_dress_01_s#0+B_dress_01_s#0"
"InsectManBrawlentinePushback","angelo_brawlentine_idle.glb","1","10","","","50","50","100","","","5"
"InsectManBrawlentineWin","angelo_brawlentine_win.glb","1","184","","","","","","","","5"
"InsectManBrawlentineWinloop","angelo_brawlentine_win.glb","185","216","","","","","","true","","1"
"InsectManBrawlentineLose","angelo_brawlentine_lose.glb","1","132","","","","","","","","5"
"InsectManBrawlentineLoseloop","angelo_brawlentine_lose.glb","133","164","","","","","","true","","1"
"InsectManBrawlentineProfile","angelo_brawlentine_portrait.glb","","","","","","","","","","5"
"WeaponThrowerSteampunkIdle","sam_steampunk_idle.glb","1","98","","","100","100","","true","",""
"WeaponThrowerSteampunkWalk","sam_steampunk_walk.glb","1","29","","","100","100","","true","","1"
"WeaponThrowerSteampunkAttack","sam_steampunk_attack.glb","12","25","","","","","10","","","hips_s#3+L_upperLeg_s#0+R_upperLeg_s#0"
"WeaponThrowerSteampunkAttackRecoil","sam_steampunk_attack.glb","22","30","","","10","","50","","","hips_s#4+L_upperLeg_s#0+R_upperLeg_s#0"
"WeaponThrowerSteampunkAttackRecoil2","sam_steampunk_attack.glb","30","35","","","1","100","100","","","hips_s#5+L_upperLeg_s#0+R_upperLeg_s#0"
"WeaponThrowerSteampunkUltRecoil","sam_steampunk_super.glb","10","30","","","1","100","200","","","hips_s#4+L_upperLeg_s#0+R_upperLeg_s#0"
"WeaponThrowerSteampunkUltRecoil2","sam_steampunk_small_super.glb","","-1","","","1","100","200","","","hips_s#4+L_upperLeg_s#0+R_upperLeg_s#0"
"WeaponThrowerSteampunkWin","sam_steampunk_win.glb","1","183","","","100","100","100","","",""
"WeaponThrowerSteampunkWinloop","sam_steampunk_win.glb","155","183","","","100","100","100","true","",""
"WeaponThrowerSteampunkLose","sam_steampunk_lose.glb","","109","","","100","100","200","","",""
"WeaponThrowerSteampunkLoseloop","sam_steampunk_lose.glb","79","109","","","1","100","200","true","",""
"WeaponThrowerSteampunkProfile","sam_steampunk_portrait.glb","1","1","","","","","","true","",""
"WeaponThrowerSteampunkIdle_transform","sam_steampunk_small_idle.glb","1","98","","","100","100","","true","",""
"WeaponThrowerSteampunkWalk_transform","sam_steampunk_small_walk.glb","1","29","","150","100","100","","true","","1"
"WeaponThrowerSteampunkAttack_transform","sam_steampunk_small_attack.glb","10","25","","","","","100","","","hips_s#4+L_upperLeg_s#0+R_upperLeg_s#0"
"WeaponThrowerSteampunkAttackRecoil_transform","sam_steampunk_small_attack.glb","15","30","","","","","100","","","hips_s#3+L_upperLeg_s#0+R_upperLeg_s#0"
"WeaponThrowerSteampunkAttackRecoil2_transform","sam_steampunk_attack.glb","35","35","","200","1","100","100","","","hips_s#5+L_upperLeg_s#0+R_upperLeg_s#0"
"AllieValentineIdle","alli_valentine_idle.glb","1","45","","","100","100","","true","",""
"AllieValentineWalk","alli_valentine_walk.glb","1","29","","170","100","100","","true","","1"
"AllieValentineAttack","alli_valentine_attack.glb","1","10","","","50","50","50","","","spine_lower_s#3"
"AllieValentineSecondary","alli_valentine_attack_transform.glb","1","20","","","","","10","","","spine_lower_s#3"
"AllieValentineRecoil","alli_valentine_attack.glb","10","-1","","","20","20","20","","","spine_lower_s#4"
"AllieValentineRecoil2","alli_valentine_attack.glb","7","11","","","","","10","","","spine_lower_s#4"
"AllieValentinePushback","alli_valentine_idle.glb","1","34","","","100","100","100","","","5"
"AllieValentineWin","alli_valentine_win.glb","1","208","","","","10","100","","","5"
"AllieValentineWinloop","alli_valentine_win.glb","209","259","","","10","","","true","","1"
"AllieValentineLose","alli_valentine_lose.glb","","132","","","","","","","","5"
"AllieValentineLoseloop","alli_valentine_lose.glb","133","173","","","","","","true","","1"
"AllieValentineProfile","alli_valentine_portrait.glb","1","1","","","","","","","","5"
"AllieValentineIntro","leon_intro_pose.glb","","","","","","","","","",""
"AllieValentineIdle_transform","alli_valentine_idle_transform.glb","","-1","","","100","100","","true","",""
"AllieValentineWalk_transform","alli_valentine_walk_transform.glb","","-1","","144","100","100","100","true","","1"
"AllieValentineAttack_transform","alli_valentine_attack_transform.glb","1","22","","150","50","50","50","","","4"
"AllieValentineIdle_transform_2","alli_valentine_idle_transform2.glb","1","-1","-1","120","100","100","50","true","",""
"AllieValentineWalk_transform_2","alli_valentine_walk_transform2.glb","1","-1","-1","200","100","100","50","true","","1"
"AllieValentineAttack_transform_2","alli_valentine_attack_transform.glb","1","22","","150","50","50","50","","","4"
"GhostBrawlentineIdle","shade_teddy_idle.glb","1","28","","","200","100","","true","",""
"GhostBrawlentineWalk","shade_teddy_walk.glb","1","28","","150","100","100","","true","","1"
"GhostBrawlentineAttack","shade_teddy_attack.glb","3","32","","","100","250","100","","","3"
"GhostBrawlentineUlti","shade_teddy_super.glb","1","-1","","","50","100","","","","4"
"GhostBrawlentineRecoil","shade_teddy_attack.glb","18","32","","","100","250","100","","","3"
"GhostBrawlentinePushback","shade_teddy_idle.glb","","-1","","","100","100","100","","","5"
"GhostBrawlentineWinExtra","shade_teddy_win.glb","1","203","","","","","","","",""
"GhostBrawlentineWinExtraLoop","shade_teddy_win.glb","180","203","","","","","","true","",""
"GhostBrawlentineLose","shade_teddy_lose.glb","","74","","","","","","","","1"
"GhostBrawlentineLoseloop","shade_teddy_lose.glb","","74","","","","","","true","","1"
"GhostBrawlentineWin","shade_teddy_win.glb","1","203","","","","","","","","1"
"GhostBrawlentineWinloop","shade_teddy_win.glb","180","203","","","","","","true","","1"
"GhostBrawlentineProfile","shade_teddy_portrait.glb","49","49","","","","","","true","","1"
"StickyBombBrawlentineIdle","squeak_perfume_idle.glb","","-1","-1","","100","100","","true","",""
"StickyBombBrawlentineWalk","squeak_perfume_walk.glb","","-1","-1","","100","100","","true","","1"
"StickyBombBrawlentineAttack","squeak_perfume_attack.glb","5","20","-1","","","","","","","hips_s#3+L_upperLeg_s#0+R_upperLeg_s#0"
"StickyBombBrawlentineRecoil","squeak_perfume_attack.glb","5","20","-1","","","","100","","","hips_s#4+L_upperLeg_s#0+R_upperLeg_s#0"
"StickyBombBrawlentinePushback","squeak_perfume_pushback.glb","","-1","-1","","","","","","",""
"StickyBombBrawlentineWin","squeak_perfume_win.glb","","235","-1","","","","","","",""
"StickyBombBrawlentineWinloop","squeak_perfume_win.glb","207","235","-1","","","","","true","",""
"StickyBombBrawlentineLose","squeak_perfume_lose.glb","","130","-1","","","","","","",""
"StickyBombBrawlentineLoseloop","squeak_perfume_lose.glb","102","130","-1","","","","","true","",""
"StickyBombBrawlentinePortrait","squeak_perfume_portrait.glb","1","1","-1","","","","","","",""
"GeishaSteamPunkIdle","kaze_steampunk_geisha_idle.glb","","28","","","100","100","100","true","",""
"GeishaSteamPunkWalk","kaze_steampunk_geisha_walk.glb","","32","","","100","100","","true","","1"
"GeishaSteamPunkPrimary","kaze_steampunk_geisha_attack.glb","1","15","","","50","50","50","","","hips_s#3+L_upperLeg_s#0+R_upperLeg_s#0"
"GeishaSteamPunkSecondary","kaze_steampunk_geisha_super.glb","","15","","","100","50","200","","","hips_s#3+L_upperLeg_s#0+R_upperLeg_s#0"
"GeishaSteamPunkRecoil","kaze_steampunk_geisha_attack.glb","15","28","","","100","100","100","","","hips_s#4+L_upperLeg_s#0+R_upperLeg_s#0"
"GeishaSteamPunkReload","kaze_steampunk_geisha_idle.glb","1","1","","","10","10","10","","",""
"GeishaSteamPunkPushback","kaze_steampunk_geisha_idle.glb","","","","","100","100","100","","","5"
"GeishaSteamPunkWin","kaze_steampunk_geisha_win.glb","","143","","","","","","","","1"
"GeishaSteamPunkWinloop","kaze_steampunk_geisha_win.glb","143","143","","","","","","true","","1"
"GeishaSteamPunkLose","kaze_steampunk_geisha_lose.glb","1","1","","130","","","38","","","1"
"GeishaSteamPunkLoseloop","kaze_steampunk_geisha_lose.glb","1","1","","120","","","","true","","1"
"GeishaSteamPunkProfile","kaze_steampunk_portrait.glb","1","1","","","","","","","",""
"GeishaSteamPunkIntro","kaze_steampunk_geisha_win.glb","1","1","","","","","","","",""
"GeishaTransformedSteamPunkIdle","kaze_steampunk_ninja_idle.glb","","28","","","100","100","100","true","",""
"GeishaTransformedSteamPunkWalk","kaze_steampunk_ninja_walk.glb","","28","","","100","100","100","true","","1"
"GeishaTransformedSteamPunkPrimary","kaze_steampunk_ninja_attack.glb","1","10","","","100","100","100","","","hips_s#3+L_upperLeg_s#0+R_upperLeg_s#0"
"GeishaTransformedSteamPunkSecondary","kaze_steampunk_ninja_super.glb","1","46","","","100","100","100","","","hips_s#3+L_upperLeg_s#0+R_upperLeg_s#0"
"GeishaTransformedSteamPunkRecoil","kaze_steampunk_ninja_attack.glb","10","18","","","100","100","100","","","hips_s#4+L_upperLeg_s#0+R_upperLeg_s#0"
"GeishaTransformedSteamPunkReload","kaze_steampunk_ninja_idle.glb","1","1","","","10","10","10","","",""
"GeishaTransformedSteamPunkPushback","kaze_steampunk_ninja_idle.glb","","","","","100","100","100","","","5"
"GeishaTransformedSteamPunkWin","kaze_steampunk_ninja_win.glb","","143","","","","","","","",""
"GeishaTransformedSteamPunkWinloop","kaze_steampunk_ninja_win.glb","115","143","","","","","","true","",""
"GeishaTransformedSteamPunkLose","kaze_steampunk_lose_120.glb","","595","","","","","","","",""
"GeishaTransformedSteamPunkLoseloop","kaze_steampunk_lose_120.glb","452","595","","","","","","true","",""
"GeishaTransformedSteamPunkGeishaProfile","kaze_steampunk_portrait.glb","1","1","","","","","","","",""
"GeishaTransformedSteamPunkIntro","kaze_steampunk_ninja_win.glb","1","1","","","","","","","",""
"Bulletstorm199GemIdle","pierce_blade_idle.glb","","29","-1","","100","100","","true","",""
"Bulletstorm199GemWalk","pierce_blade_walk.glb","","19","-1","","100","100","","true","","1"
"Bulletstorm199GemAttack","pierce_blade_attack.glb","1","8","-1","","50","","","true","","hips_s#3+L_upperLeg_s#0+R_upperLeg_s#0"
"Bulletstorm199GemSecondary","pierce_blade_super.glb","1","10","-1","","100","100","100","","","3"
"Bulletstorm199GemRecoil","pierce_blade_attack.glb","9","13","-1","","","","200","","","hips_s#4+L_upperLeg_s#0+R_upperLeg_s#0"
"Bulletstorm199GemSecondaryRecoil","pierce_blade_super.glb","11","34","-1","","100","100","100","","","3"
"Bulletstorm199GemReload","pierce_blade_reload.glb","1","13","-1","","100","100","50","","","hips_s#4+L_upperLeg_s#0+R_upperLeg_s#0"
"Bulletstorm199GemPushback","pierce_blade_idle.glb","","10","-1","","50","","50","","",""
"Bulletstorm199GemWin","pierce_blade_win.glb","","273","-1","","","","","","",""
"Bulletstorm199GemWinloop","pierce_blade_win.glb","243","273","-1","","","","","true","",""
"Bulletstorm199GemLose","pierce_blade_lose_120.glb","","767","-1","","","","","","",""
"Bulletstorm199GemLoseloop","pierce_blade_lose_120.glb","584","767","-1","","","","","true","",""
"Bulletstorm199GemPortrait","pierce_blade_portrait.glb","","-1","-1","","","","","","",""
"HeistBombIdle","item_weapon_bomb_geo.glb","1","30","","","","","","true","",""
"ColtBuffyDefaultLose","buffy_colt_lose.glb","","-1","-1","","","","","","",""
"ColtBuffyDefaultLoseLoop","buffy_colt_lose.glb","70","-1","-1","","","","","true","",""
"ColtBuffyDefaultWin","buffy_colt_win.glb","","-1","-1","","","","","","",""
"ColtBuffyDefaultWinLoop","buffy_colt_win.glb","70","-1","-1","","","","","true","",""
"ColtBuffyDefaultIdle","buffy_colt_idle.glb","","26","-1","","100","100","","true","","1"
"ColtBuffyDefaultEnter","buffy_colt_flip.glb","","-1","-1","","100","100","200","","","3"
"ColtBuffyDefaultExit","buffy_colt_flip.glb","","-1","-1","","100","100","200","","","3"
"ColtBuffyDefaultSwingLoop","buffy_colt_swing.glb","","209","-1","","","","","true","","1"
"EmzBuffyDefaultLose","buffy_emz_lose.glb","","-1","-1","","","","","","",""
"EmzBuffyDefaultLoseLoop","buffy_emz_lose.glb","78","-1","-1","","","","","true","",""
"EmzBuffyDefaultWin","buffy_emz_win.glb","","-1","-1","","","","","","",""
"EmzBuffyDefaultWinLoop","buffy_emz_win.glb","124","-1","-1","","","","","true","",""
"EmzBuffyDefaultIdle","buffy_emz_idle.glb","","24","-1","","100","100","","true","","1"
"EmzBuffyDefaultEnter","buffy_emz_flip.glb","","-1","-1","","100","100","200","","","3"
"EmzBuffyDefaultExit","buffy_emz_flip.glb","","-1","-1","","100","100","200","","","3"
"EmzBuffyDefaultSwingLoop","buffy_emz_dangle.glb","","-1","-1","","","","","true","","1"
"FrankBuffyDefaultLose","buffy_frank_lose.glb","","-1","-1","","","","","","",""
"FrankBuffyDefaultLoseLoop","buffy_frank_lose.glb","86","-1","-1","","","","","true","",""
"FrankBuffyDefaultWin","buffy_frank_win.glb","","-1","-1","","","","","","",""
"FrankBuffyDefaultWinLoop","buffy_frank_win.glb","39","-1","-1","","","","","true","",""
"FrankBuffyDefaultIdle","buffy_frank_idle.glb","","-1","-1","","100","100","","true","","1"
"FrankBuffyDefaultEnter","buffy_frank_flip.glb","","-1","-1","","100","100","200","","","3"
"FrankBuffyDefaultExit","buffy_frank_flip.glb","","-1","-1","","100","100","200","","","3"
"FrankBuffyDefaultSwingLoop","buffy_frank_swing.glb","","-1","-1","","","","","true","","1"
"SpikeBuffyDefaultLose","buffy_spike_lose.glb","","-1","-1","","","","","","",""
"SpikeBuffyDefaultLoseLoop","buffy_spike_lose.glb","52","-1","-1","","","","","true","",""
"SpikeBuffyDefaultWin","buffy_spike_win.glb","","-1","-1","","","","","","",""
"SpikeBuffyDefaultWinLoop","buffy_spike_win.glb","66","-1","-1","","","","","true","",""
"SpikeBuffyDefaultIdle","buffy_spike_idle.glb","","-1","-1","","100","100","","true","","1"
"SpikeBuffyDefaultEnter","buffy_spike_flip.glb","","-1","-1","","100","100","","","",""
"SpikeBuffyDefaultExit","buffy_spike_flip.glb","","-1","-1","","100","100","","","",""
"MortisBuffyDefaultLose","buffy_mortis_lose.glb","","-1","-1","","","","","","",""
"MortisBuffyDefaultLoseLoop","buffy_mortis_lose.glb","132","-1","-1","","","","","true","",""
"MortisBuffyDefaultWin","buffy_mortis_win.glb","","-1","-1","","","","","","",""
"MortisBuffyDefaultWinLoop","buffy_mortis_win.glb","92","-1","-1","","","","","true","",""
"MortisBuffyDefaultIdle","buffy_mortis_idle.glb","","57","-1","","100","100","","true","","1"
"MortisBuffyDefaultEnter","buffy_mortis_flip.glb","","-1","-1","","100","100","200","","","3"
"MortisBuffyDefaultExit","buffy_mortis_flip.glb","","-1","-1","","100","100","200","","","3"
"RicoBrawlentineIdle","rico_valentines_idle.glb","","-1","","","100","100","","true","",""
"RicoBrawlentineWalk","rico_valentines_walk.glb","","25","","","100","100","","true","","1"
"RicoBrawlentinePrimary","rico_valentines_attack.glb","5","8","","","100","","","","","hips_s#4+L_upperLeg_s#0+R_upperLeg_s#0"
"RicoBrawlentineSecondary","rico_valentines_attack.glb","5","8","","","100","","","","","hips_s#4+L_upperLeg_s#0+R_upperLeg_s#0"
"RicoBrawlentineRecoil","rico_valentines_attack.glb","8","30","","150","50","","100","","","hips_s#4+L_upperLeg_s#0+R_upperLeg_s#0"
"RicoBrawlentineReload","rico_valentines_idle.glb","1","2","","","200","200","200","","",""
"RicoBrawlentinePushback","rico_valentines_idle.glb","","-1","","","200","100","200","","","5"
"RicoBrawlentineWin","rico_valentines_win.glb","1","363","","","","","","","",""
"RicoBrawlentineWinloop","rico_valentines_win.glb","230","363","","","","","","true","",""
"RicoBrawlentineLose","rico_valentines_lose.glb","1","198","","","","","","","",""
"RicoBrawlentineLoseloop","rico_valentines_lose.glb","112","198","","","","","","true","",""
"RicoBrawlentineProfile","rico_valentines_portrait.glb","363","363","","","","","","true","",""
"SpikeBuffyDefaultSwingLoop","buffy_spike_swing.glb","","-1","-1","","","","","true","","1"
"MortisBuffyDefaultSwingLoop","buffy_mortis_swing.glb","","-1","-1","","","","","true","","1"
"ShellyKeychainDefaultEnter","buffy_shelly_flip.glb","","-1","-1","","100","100","200","","","3"
"ShellyKeychainDefaultExit","buffy_shelly_flip.glb","","-1","-1","","100","100","200","","","3"
"GeishaSteamPunkSecondaryRecoil","kaze_steampunk_geisha_super.glb","15","28","","","100","100","100","","","hips_s#4+L_upperLeg_s#0+R_upperLeg_s#0"
"ArcadeSandsOfTimeIdle","8bit_sandsoftime_idle.glb","1","28","","","100","100","","true","",""
"ArcadeSandsOfTimeWalk","8bit_sandsoftime_walk.glb","1","19","","","100","100","","true","","1"
"ArcadeSandsOfTimeAttack","8bit_sandsoftime_attack.glb","1","5","","","50","","","","","hips_s#4+L_upperLeg_s#0+R_upperLeg_s#0"
"ArcadeSandsOfTimeRecoil","8bit_sandsoftime_attack.glb","5","18","","","","","250","","","hips_s#4+L_upperLeg_s#0+R_upperLeg_s#0"
"ArcadeSandsOfTimeReload","8bit_sandsoftime_reload.glb","","11","","","","","150","","","hips_s#1+L_upperLeg_s#0+R_upperLeg_s#0+L_clavicle_s#4+L_shoulder_s#4+L_elbow_s#4+L_forearm_twist_s#4+L_wrist_s#4+R_clavicle_s#0+R_shoulder_s#0+R_elbow_s#0"
"ArcadeSandsOfTimePushback","8bit_sandsoftime_pushback.glb","","-1","","","50","100","200","","",""
"ArcadeSandsOfTimeWin","8bit_sandsoftime_win.glb","1","278","","","","","","","",""
"ArcadeSandsOfTimeWinloop","8bit_sandsoftime_win.glb","250","278","","","","","","true","",""
"ArcadeSandsOfTimeLose","8bit_sandsoftime_lose.glb","1","165","","","","","","","",""
"ArcadeSandsOfTimeLoseloop","8bit_sandsoftime_lose.glb","110","165","","","","","","true","",""
"ArcadeSandsOfTimeProfile","8bit_sandsoftime_portrait.glb","1","1","","","","","","","",""
"CannonGirlSmallFairyIdle","bonnie_idle_anim.glb","","68","","","100","100","","true","",""
"CannonGirlSmallFairyWalk","bonnie_fairy_run.glb","","215","","129","100","100","","true","","1"
"CannonGirlSmallFairyAttack","bonnie_fairy_attack.glb","1","22","","","150","150","10","","","spine_lower_s#4"
"CannonGirlSmallFairyMegSuper","bonnie_fairy_summon.glb","5","38","-1","","","","","","",""
"CannonGirlSmallFairyRecoil","bonnie_fairy_attack.glb","1","2","","","1000","1000","10","","","spine_lower_s#4"
"CannonGirlSmallFairyRecoil2","bonnie_fairy_attack.glb","1","22","","","1500","1000","10","","","spine_lower_s#4"
"CannonGirlSmallFairyMegSuperRecoil","bonnie_fairy_summon.glb","30","39","-1","","1000","1000","50","","",""
"CannonGirlSmallFairyLouchadorSecondary","bonnie_fairy_super.glb","","60","","","100","100","","","","5"
"CannonGirlSmallFairyReload","bonnie_idle_anim.glb","","-1","","","10000","10000","100","","","ChestBone#2"
"CannonGirlSmallFairyPushback","leon_pushback.glb","1","34","","","100","100","100","","","5"
"CannonGirlSmallFairyWin","bonnie_fairy_win.glb","1","215","","","","10","100","","","5"
"CannonGirlSmallFairyWinloop","bonnie_fairy_win.glb","187","215","","","10","","","true","","1"
"CannonGirlSmallFairyLose","bonnie_fairy_lose.glb","1","45","","","","","","","","5"
"CannonGirlSmallFairyLoseloop","bonnie_fairy_lose.glb","45","50","","","","","","true","","1"
"CannonGirlSmallFairyProfile","bonnie_idle_anim.glb","1","1","","","","","","true","","5"
"CannonGirlFairyIdle","clyde_fairy_idle.glb","","29","","","100","100","","true","",""
"CannonGirlFairyWalk","clyde_fairy_run_anim.glb","","68","","","100","100","","true","","1"
"CannonGirlFairyAttack","clyde_fairy_attack.glb","","6","","","","50","","","","3"
"CannonGirlFairyAttackRecoil","clyde_fairy_attack.glb","6","25","","","50","","100","","","4"
"CannonGirlFairyReload","clyde_fairy_idle.glb","1","15","","","1000","1000","100","","","5"
"CannonGirlFairyPushback","clyde_fairy_idle.glb","","-1","","","50","200","100","","","5"
"CannonGirlFairyWin","bonnie_fairy_win.glb","","225","","","","","","","",""
"CannonGirlFairyWinloop","bonnie_fairy_win.glb","197","225","","","","","","true","",""
"CannonGirlFairyLose","bonnie_fairy_lose.glb","","119","","","","","","","",""
"CannonGirlFairyLoseloop","bonnie_fairy_lose.glb","60","119","","","","","","true","",""
"CannonGirlFairyProfile","bonnie_fairy_portrait.glb","30","30","","","","","","true","",""
"CrossBomberDragonIdle","grom_dragon_idle.glb","1","33","","","200","200","","true","",""
"CrossBomberDragonWalk","grom_dragon_walk.glb","1","26","","120","150","150","","true","","1"
"CrossBomberDragonAttack","grom_dragon_attack.glb","","5","","","","100","50","","","hips_s#3+L_upperLeg_s#0+R_upperLeg_s#0"
"CrossBomberDragonSecondary","grom_dragon_attack.glb","3","20","","","100","100","50","","","5"
"CrossBomberDragonRecoil","grom_dragon_attack.glb","5","20","","","","","50","","","hips_s#5+L_upperLeg_s#0+R_upperLeg_s#0"
"CrossBomberDragonPushback","grom_dragon_idle.glb","","10","","","50","100","50","","","5"
"CrossBomberDragonWin","grom_dragon_win.glb","1","-1","","","","200","","","","5"
"CrossBomberDragonWinloop","grom_dragon_win.glb","218","-1","","","100","100","","true","","1"
"CrossBomberDragonLose","grom_dragon_lose.glb","1","114","","","","300","300","","","5"
"CrossBomberDragonLoseloop","grom_dragon_lose.glb","86","114","","","100","100","","true","","1"
"CrossBomberDragonProfile","grom_dragon_portrait.glb","1","1","","","","","","true","","5"
"ShamanAprilFoolsIdle","nita_bruce_bear_idle.glb","1","28","","","100","100","","true","",""
"ShamanAprilFoolsWalk","nita_bruce_bear_walk.glb","1","28","","170","100","100","","true","","1"
"ShamanAprilFoolsAttack","nita_bruce_bear_attack.glb","3","19","","","","","200","","","spine_lower_s#4"
"ShamanAprilFoolsSecondary","nita_bruce_bear_attack.glb","3","19","","","","","200","true","","spine_lower_s#4"
"ShamanAprilFoolsRecoil","nita_bruce_bear_attack.glb","3","19","","","","","200","","","spine_lower_s#4"
"ShamanAprilFoolsReload","nita_bruce_bear_idle.glb","","28","","","","","100","","","ChestBone#2"
"ShamanAprilFoolsPushback","nita_bruce_bear_pushback.glb","","-1","","","100","100","100","","","5"
"ShamanAprilFoolsWin","nita_bruce_bear_win.glb","1","272","","","","","","","","5"
"ShamanAprilFoolsWinloop","nita_bruce_bear_win.glb","243","272","","","","","","true","","1"
"ShamanAprilFoolsLose","nita_bruce_lose.glb","1","62","","","","","","","","5"
"ShamanAprilFoolsLoseloop","nita_bruce_lose.glb","34","62","","","","","","true","","1"
"ShamanAprilFoolsProfile","nita_bruce_portrait.glb","1","1","","","","","","true","","5"
"ShamanBearAprilFoolsIdle","nita_bruce_idle.glb","1","-1","","","100","100","","true","",""
"ShamanBearAprilFoolsWalk","nita_bruce_walk.glb","1","-1","","170","100","100","","true","","1"
"ShamanBearAprilFoolsAttack","nita_bruce_attack.glb","","-1","","","100","200","150","","","spine_lower_s#4"
"ShamanBearAprilFoolsRecoil","nita_bruce_attack.glb","-1","-1","","","1","1","50","","","spine_lower_s#4"
"ShamanBearAprilFoolsPushback","nita_bruce_idle.glb","-1","-1","","","200","300","500","","","5"
"CrowRankedProgrsesionSkinLevel9Idle","crow_dragon_idle.glb","","-1","","","100","100","","true","","hips_s#4+L_upperLeg_s#0+R_upperLeg_s#0"
"CrowRankedProgrsesionSkinLevel9Walk","crow_dragon_walk.glb","","-1","","","100","100","","true","","hips_s#4+L_upperLeg_s#0+R_upperLeg_s#0"
"CrowRankedProgrsesionSkinLevel9Primary","crow_dragon_attack.glb","","","","","100","","","","","hips_s#4+L_upperLeg_s#0+R_upperLeg_s#0"
"CrowRankedProgrsesionSkinLevel9Secondary","crow_dragon_super.glb","1","43","","","50","50","200","","","hips_s#4+L_upperLeg_s#0+R_upperLeg_s#0"
"CrowRankedProgrsesionSkinLevel9Recoil","crow_dragon_attack.glb","1","25","","","","50","200","","","hips_s#4+L_upperLeg_s#0+R_upperLeg_s#0"
"CrowRankedProgrsesionSkinLevel9Recoil2","crow_dragon_super.glb","1","43","","","100","100","200","","","hips_s#4+L_upperLeg_s#0+R_upperLeg_s#0"
"CrowRankedProgrsesionSkinLevel9Reload","crow_dragon_reload.glb","1","19","","","100","100","200","","","hips_s#4+L_upperLeg_s#0+R_upperLeg_s#0"
"CrowRankedProgrsesionSkinLevel9Pushback","crow_dragon_pushback.glb","","-1","","","200","100","100","","","3"
"CrowRankedProgrsesionSkinLevel9Win","crow_hc_dragon_win.glb","","253","","","","","","","",""
"CrowRankedProgrsesionSkinLevel9Winloop","crow_hc_dragon_win.glb","225","253","","","","","","true","",""
"CrowRankedProgrsesionSkinLevel9Lose","crow_hc_dragon_lose.glb","","68","","","","","200","","",""
"CrowRankedProgrsesionSkinLevel9Loseloop","crow_hc_dragon_lose.glb","46","68","","","","","200","true","",""
"CrowRankedProgrsesionSkinLevel9Profile","crow_ranked_lvl3_portrait.glb","1","1","","","","","","","",""
"CrowRankedProgrsesionSkinLevel9Idle_transform","crow_ranked_lvl3_idle_transform.glb","","-1","","","100","100","","true","",""
"CrowRankedProgrsesionSkinLevel9Walk_transform","crow_ranked_lvl3_walk_transform.glb","","-1","","","100","100","","true","","1"
"CrowRankedProgrsesionSkinLevel9Primary_transform","crow_ranked_lvl3_attack_transform.glb","","","","","100","","","","",""
"CrowRankedProgrsesionSkinLevel9Secondary_transform","crow_ranked_lvl3_super_transform.glb","","-1","","","50","50","200","","","4"
"CrowRankedProgrsesionSkinLevel9Recoil_transform","crow_ranked_lvl3_attack_transform.glb","1","12","","","","50","200","","","4"
"CrowRankedProgrsesionSkinLevel9Recoil2_transform","crow_ranked_lvl3_attack_transform.glb","","-1","","","","50","200","","","4"
"CrowRankedProgrsesionSkinLevel9SecondaryRecoil_transform","crow_ranked_lvl3_super_transform.glb","1","10","","","100","100","200","","","4"
"CrowRankedProgrsesionSkinLevel9SecondaryRecoil2_transform","crow_ranked_lvl3_super_transform.glb","","-1","","","100","100","200","","","4"
"CrowRankedProgrsesionSkinLevel9SecondaryReload_transform","crow_dragon_reload.glb","1","3","","","50","50","200","","","hips_s_hc#3+L_upperLeg_s_hc#0+R_upperLeg_s_hc#0"
"CrowRankedProgrsesionSkinLevel9Pushback_transform","crow_ranked_lvl3_pushback_transform.glb","","-1","","","200","100","","","","5"
"CrowRankedProgrsesionSkinLevel4Win","crow_dragon_win_120.glb","","927","","","","","","","",""
"CrowRankedProgrsesionSkinLevel4Winloop","crow_dragon_win_120.glb","815","927","","","","","","true","",""
"CrowRankedProgrsesionSkinLevel4Lose","crow_dragon_lose.glb","","138","","","","","200","","",""
"CrowRankedProgrsesionSkinLevel4Loseloop","crow_dragon_lose.glb","110","138","","","","","200","true","",""
"CrowRankedProgrsesionSkinLevel4Profile","crow_dragon_portrait.glb","1","1","","","","","","","",""
"AmbusherSandsOfTimeIdle","lily_sandsoftime_idle.glb","","23","","","100","100","","true","",""
"AmbusherSandsOfTimeWalk","lily_sandsoftime_walk.glb","","23","","170","100","100","","true","","1"
"AmbusherSandsOfTimeAttack","lily_sandsoftime_attack.glb","4","14","","","","","10","","","spine_lower_s#4"
"AmbusherSandsOfTimeSecondary","lily_sandsoftime_super.glb","4","14","","","","","10","","","spine_lower_s#4"
"AmbusherSandsOfTimeRecoil","lily_sandsoftime_attack.glb","15","26","","","100","100","10","","","spine_lower_s#4"
"AmbusherSandsOfTimeRecoil2","lily_sandsoftime_super.glb","15","26","","","100","100","10","","","spine_lower_s#4"
"AmbusherSandsOfTimeReload","lily_sandsoftime_idle.glb","","-1","","","","","100","","","ChestBone#2"
"AmbusherSandsOfTimePushback","lily_sandsoftime_idle.glb","1","34","","","100","100","100","","","5"
"AmbusherSandsOfTimeWin","lily_sandsoftime_win.glb","","-1","","","","10","100","","","5"
"AmbusherSandsOfTimeWinloop","lily_sandsoftime_win.glb","288","-1","","","10","","","true","","1"
"AmbusherSandsOfTimeLose","lily_sandsoftime_lose.glb","","93","","","","","","","","5"
"AmbusherSandsOfTimeLoseloop","lily_sandsoftime_lose.glb","93","93","","","","","","true","","1"
"AmbusherSandsOfTimeProfile","lily_sandsoftime_potrait.glb","1","1","","","","","","true","","5"
"AmbusherSandsOfTimeIntro","lily_sandsoftime_idle.glb","","","","","","","","","",""
"AssaultShotgunDragonIdle","griff_dragon_idle.glb","","38","-1","","100","100","","true","",""
"AssaultShotgunDragonWalk","griff_dragon_walk.glb","","-1","-1","","100","100","","true","",""
"AssaultShotgunDragonAttack","griff_dragon_attack.glb","","3","-1","","","","","","","hips_s#3+L_upperLeg_s#0+R_upperLeg_s#0"
"AssaultShotgunDragonRecoil","griff_dragon_attack.glb","4","-1","-1","","","100","200","","","hips_s#4+L_upperLeg_s#0+R_upperLeg_s#0"
"AssaultShotgunDragonWin","griff_dragon_win.glb","","298","-1","","","","","","",""
"AssaultShotgunDragonWinloop","griff_dragon_win.glb","160","298","-1","","","","","true","",""
"AssaultShotgunDragonLose","griff_dragon_lose.glb","","143","-1","","50","","","","",""
"AssaultShotgunDragonLoseloop","griff_dragon_lose.glb","80","143","-1","","","","","true","",""
"AssaultShotgunDragonPortrait","griff_dragon_portrait.glb","","-1","-1","","","","","","",""
"ShadowDemonIdle","sirius_idle.glb","","37","","","100","100","100","true","",""
"ShadowDemonWalk","sirius_walk.glb","","27","","120","100","50","100","true","","1"
"ShadowDemonPrimary","sirius_attack.glb","5","10","","","10","","10","","","hips_s#3+L_upperLeg_s#0+R_upperLeg_s#0"
"ShadowDemonSecondary","sirius_super.glb","","-1","","","100","800","200","","","hips_s#3+L_upperLeg_s#0+R_upperLeg_s#0"
"ShadowDemonRecoil","sirius_attack.glb","11","28","","","100","100","100","","","hips_s#4+L_upperLeg_s#0+R_upperLeg_s#0"
"ShadowDemonReload","sirius_idle.glb","1","1","","","10","10","10","","",""
"ShadowDemonPushback","sirius_idle.glb","","","","","100","100","100","","","5"
"ShadowDemonWin","sirius_win.glb","","283","","","50","250","250","","",""
"ShadowDemonWinloop","sirius_win.glb","284","334","","","25","","","true","",""
"ShadowDemonLose","sirius_lose.glb","","270","","130","","","38","","",""
"ShadowDemonLoseloop","sirius_lose.glb","271","301","","120","","","","true","",""
"ShadowDemonWinidleloop","sirius_win.glb","284","-1","","","","","","true","",""
"ShadowDemonProfile","sirius_portrait.glb","1","1","","","","","","","",""
"ShadowDemonIntro","sirius_win.glb","148","148","","","","","","","",""
"TwinsSandsOfTimeIdle","twins_good_sandsoftime_idle.glb","","28","","","100","100","100","true","",""
"TwinsSandsOfTimeWalk","twins_good_sandsoftime_walk.glb","","19","","120","100","100","","true","","1"
"TwinsSandsOfTimePrimary","twins_good_sandsoftime_attack.glb","1","6","","","50","50","50","","","hips_s#3+L_upperLeg_s#0+R_upperLeg_s#0"
"TwinsSandsOfTimeSecondary","twins_good_sandsoftime_attack.glb","","3","","","100","50","200","","","hips_s#3+L_upperLeg_s#0+R_upperLeg_s#0"
"TwinsSandsOfTimeRecoil","twins_good_sandsoftime_attack.glb","3","15","","","100","100","100","","","hips_s#4+L_upperLeg_s#0+R_upperLeg_s#0"
"TwinsSandsOfTimeReload","twins_good_sandsoftime_idle.glb","1","1","","","10","10","10","","",""
"TwinsSandsOfTimePushback","twins_good_sandsoftime_idle.glb","","","","","100","100","100","","","5"
"TwinsSandsOfTimeWin","twins_good_sandsoftime_win.glb","","238","","","50","250","250","","",""
"TwinsSandsOfTimeWinloop","twins_good_sandsoftime_win.glb","212","238","","","25","","","true","",""
"TwinsSandsOfTimeLose","twins_sandsoftime_lose.glb","","117","","130","","","38","","",""
"TwinsSandsOfTimeLoseloop","twins_sandsoftime_lose.glb","117","145","","120","","","","true","",""
"TwinsSandsOfTimeProfile","twins_sandsoftime_portrait.glb","1","1","","","","","","","",""
"TwinsPetSandsOfTimeIdle","twins_bad_sandsoftime_idle.glb","","28","","","100","100","100","true","",""
"TwinsPetSandsOfTimeWalk","twins_bad_sandsoftime_walk.glb","","19","","","100","100","100","true","","1"
"TwinsPetSandsOfTimePrimary","twins_bad_sandsoftime_attack.glb","1","3","","","100","100","100","","","hips_s#3+L_upperLeg_s#0+R_upperLeg_s#0"
"TwinsPetSandsOfTimeSecondary","twins_bad_sandsoftime_attack.glb","1","3","","","100","100","100","","","hips_s#3+L_upperLeg_s#0+R_upperLeg_s#0"
"TwinsPetSandsOfTimeRecoil","twins_bad_sandsoftime_attack.glb","3","20","","","100","100","100","","","hips_s#4+L_upperLeg_s#0+R_upperLeg_s#0"
"TwinsPetSandsOfTimeReload","twins_bad_sandsoftime_idle.glb","1","1","","","10","10","10","","",""
"TwinsPetSandsOfTimePushback","twins_bad_sandsoftime_idle.glb","","","","","100","100","100","","","5"
"TwinsPetSandsOfTimeWin","twins_bad_sandsoftime_win.glb","","238","","","50","250","250","","",""
"TwinsPetSandsOfTimeWinloop","twins_bad_sandsoftime_win.glb","212","238","","","25","","","true","",""
"TwinsPetSandsOfTimeLose","twins_bad_sandsoftime_lose.glb","","-1","","","100","100","200","","",""
"TwinsPetSandsOfTimeLoseloop","twins_bad_sandsoftime_lose.glb","","-1","","","100","100","200","true","",""
"DamageBoosterSandsOfTimeIdle","8bit_turret_idle.glb","","-1","","","","","","true","",""
"DamageBoosterSandsOfTimeSpawn","8bit_turret_spawn.glb","","-1","","","","","","true","",""
"ReviverSandsOfTimeIdle","doug_sphinx_idle.glb","1","28","","","100","100","","true","",""
"ReviverSandsOfTimeWalk","doug_sphinx_walk.glb","1","-1","","","100","100","","true","","1"
"ReviverSandsOfTimeAttack","doug_sphinx_attack.glb","6","20","","","","","","","","3"
"ReviverSandsOfTimeRecoil","doug_sphinx_attack.glb","6","20","","","","","100","","","4"
"ReviverSandsOfTimeHappy","doug_sphinx_win.glb","","254","","","100","","","","",""
"ReviverSandsOfTimeHappyLoop","doug_sphinx_win.glb","255","306","","","100","200","200","true","",""
"ReviverSandsOfTimeLose","doug_sphinx_lose.glb","","68","","","","","","","",""
"ReviverSandsOfTimeLoseloop","doug_sphinx_lose.glb","69","-1","","","","","","true","",""
"ReviverSandsOfTimePortrait","doug_sphinx_portrait.glb","1","1","","","","","","true","",""
"ReviverSandsOfTimeIntro","doug_sphinx_portrait.glb","","-1","","","","","","","",""
"DuelistSandsOfTimeIdle","cordelius_sultan_idle.glb","1","73","","","200","100","","true","",""
"DuelistSandsOfTimeWalk","cordelius_sultan_walk.glb","1","23","","","100","100","","true","","1"
"DuelistSandsOfTimeAttack","cordelius_sultan_attack.glb","7","24","","","","200","100","","","hips_s#4+L_upperLeg_s#0+R_upperLeg_s#0"
"DuelistSandsOfTimeSecondary","cordelius_sultan_super.glb","9","37","","","","200","100","","","hips_s#4+L_upperLeg_s#0+R_upperLeg_s#0"
"DuelistSandsOfTimeRecoil","cordelius_sultan_attack.glb","7","24","","","","200","100","","","hips_s#4+L_upperLeg_s#0+R_upperLeg_s#0"
"DuelistSandsOfTimeRecoil2","cordelius_sultan_super.glb","9","37","","","","200","100","","","hips_s#4+L_upperLeg_s#0+R_upperLeg_s#0"
"DuelistSandsOfTimeReload","cordelius_sultan_idle.glb","","-1","","","500","500","500","","","ChestBone#2"
"DuelistSandsOfTimePushback","cordelius_sultan_idle.glb","1","34","","","100","100","100","","","5"
"DuelistSandsOfTimeWin","cordelius_sultan_win_120.glb","1","874","","","","10","100","","","5"
"DuelistSandsOfTimeWinloop","cordelius_sultan_win_120.glb","875","996","","","10","","","true","","1"
"DuelistSandsOfTimeLose","cordelius_sultan_lose.glb","1","97","","","","","","","","5"
"DuelistSandsOfTimeLoseloop","cordelius_sultan_lose.glb","98","128","","","","","","true","","1"
"DuelistSandsOfTimeProfile","cordelius_sultan_portrait.glb","1","10","","","","","","true","","5"
"DuelistSandsOfTimeIntro","cordelius_sultan_portrait.glb","","","","","","","","","",""
"DomainSupercellStoreIdle","trunk_megalog_idle.glb","1","38","","","100","100","","true","",""
"DomainSupercellStoreWalk","trunk_megalog_walk.glb","1","-1","","","100","100","","true","","1"
"DomainSupercellStoreAttack","trunk_megalog_attack.glb","10","-1","","120","50","50","300","","","3"
"DomainSupercellStoreSuper","trunk_megalog_super.glb","3","10","","","150","150","150","true","","3"
"DomainSupercellStoreSuperRecoil","trunk_megalog_super.glb","3","10","","","150","150","150","true","","4"
"DomainSupercellStoreHappy","trunk_megalog_win.glb","","369","","","100","","","","",""
"DomainSupercellStoreHappyLoop","trunk_megalog_win.glb","341","369","","","100","200","200","true","",""
"DomainSupercellStoreLose","trunk_megalog_lose.glb","","172","","","","","","","",""
"DomainSupercellStoreLoseloop","trunk_megalog_lose.glb","80","172","","","","","","true","",""
"DomainSupercellStorePortrait","trunk_megalog_potrait.glb","1","1","","","","","","true","",""
"DomainSupercellStoreIntro","trunk_portrait.glb","","-1","","","","","","","",""
"DancerFairiesIdle","mina_fairy_idle.glb","1","42","","","100","100","100","true","",""
"DancerFairiesWalk","mina_fairy_walk.glb","1","33","","","100","100","100","true","","1"
"DancerFairiesAttack1","mina_fairy_attack_01.glb","","24","","","20","1000","80","","","4"
"DancerFairiesAttack2","mina_fairy_attack_02.glb","","19","","","20","1000","100","","","4"
"DancerFairiesAttack3","mina_fairy_attack_03.glb","","27","","","20","1000","100","","","4"
"DancerFairiesSecondary","mina_fairy_super.glb","","23","","","","","100","","","4"
"DancerFairiesSecondaryRecoil","mina_fairy_super.glb","1","23","","","","","100","","","4"
"DancerFairiesChargeMove","mina_fairy_dash.glb","","11","-1","","25","200","50","","",""
"DancerFairiesPushBack","mina_fairy_idle.glb","1","1","","","100","100","100","","",""
"DancerFairiesWin","mina_fairy_win.glb","","-1","","","","","","","",""
"DancerFairiesWinloop","mina_fairy_win.glb","163","-1","","","","","","true","",""
"DancerFairiesLose","mina_fairy_lose.glb","","156","","","","","","","",""
"DancerFairiesLoseloop","mina_fairy_lose.glb","110","156","-1","","","","","true","",""
"DancerFairiesProfile","mina_fairy_potrait.glb","1","1","","","","","","","","1"
"BaseballSandsOfTimeIdle","bibi_sandsoftime_idle.glb","1","29","","","100","100","","true","",""
"BaseballSandsOfTimeWalk","bibi_sandsoftime_run.glb","1","29","","","120","200","","true","","1"
"BaseballSandsOfTimePrimary","bibi_sandsoftime_attack.glb","1","51","","","100","100","100","","","hips_s#4+L_upperLeg_s#0+R_upperLeg_s#0"
"BaseballSandsOfTimeSecondary","bibi_sandsoftime_attack.glb","1","51","","","100","100","100","true","","hips_s#4+L_upperLeg_s#0+R_upperLeg_s#0"
"BaseballSandsOfTimeRecoil","bibi_sandsoftime_attack.glb","22","51","","","1","100","100","","","hips_s#4+L_upperLeg_s#0+R_upperLeg_s#0"
"BaseballSandsOfTimeRecoil2","bibi_sandsoftime_attack.glb","17","51","","","100","100","100","","","hips_s#4+L_upperLeg_s#0+R_upperLeg_s#0"
"BaseballSandsOfTimePushback","bibi_sandsoftime_pushback.glb","","-1","","","100","100","100","","","5"
"BaseballSandsOfTimeWin","bibi_sandsoftime_win.glb","","90","","","100","","","","","5"
"BaseballSandsOfTimeWinloop","bibi_sandsoftime_win.glb","90","118","","","","","","true","","1"
"BaseballSandsOfTimeLose","bibi_sandsoftime_lose.glb","","86","","","","","","","","5"
"BaseballSandsOfTimeLoseloop","bibi_sandsoftime_lose.glb","","86","","","","","","true","","1"
"BaseballSandsOfTimeProfile","bibi_sandsoftime_portrait.glb","108","108","","","","","","","","5"
"ShamanBearAprilFoolsWin","nita_bruce_win.glb","1","272","","","","","","","","5"
"ShamanBearAprilFoolsWinLoop","nita_bruce_win.glb","243","272","","","","","","true","","1"
"FrankFairyIdle","frankfairy_idle.glb","","-1","","","500","500","","true","",""
"FrankFairyWalk","frankfairy_walk.glb","1","29","","120","300","300","","true","","5"
"FrankFairyPrimary","frankfairy_attack.glb","1","45","","","","","100","","","5"
"FrankFairySecondary","frank_ulti.glb","1","50","","","100","100","","true","","5"
"FrankFairyRecoil","frankfairy_attack.glb","22","35","","","","","200","","","5"
"FrankFairyPushback","frankfairy_idle.glb","","-1","","","120","120","400","","","5"
"FrankFairyRecoil2","frank_ulti.glb","36","50","","","1","1","100","","","5"
"FrankFairyWin","frankfairy_win.glb","1","198","","","","","","","","5"
"FrankFairyWinloop","frankfairy_win.glb","199","280","","","","","","true","","1"
"FrankFairyLose","frankfairy_lose.glb","1","66","","","","","","","","5"
"FrankFairyLoseloop","frankfairy_lose.glb","67","236","","","","","","true","","1"
"FrankFairyProfile","frankfairy_portrait.glb","44","44","","","","","","true","",""
"FrankFairyIntro","frank_intro_pose.glb","","","","","","","","","",""
"FrankFairyReloading","frankfairy_idle.glb","","6","","","","","50","","",""
"Mender199GemIdle","glowbert_bertglow_idle.glb","1","-1","-1","","100","100","","true","",""
"Mender199GemWalk","glowbert_bertglow_walk.glb","1","23","-1","","100","100","","true","","1"
"Mender199GemAttack","glowbert_bertglow_attack.glb","1","10","-1","","100","100","50","","","hips_s#3+L_upperLeg_s#0+R_upperLeg_s#0"
"Mender199GemSecondary","glowbert_bertglow_super.glb","","20","-1","","100","100","","","","hips_s#3+L_upperLeg_s#0+R_upperLeg_s#0"
"Mender199GemRecoil","glowbert_bertglow_attack.glb","10","20","-1","","100","100","50","","","hips_s#4+L_upperLeg_s#0+R_upperLeg_s#0"
"Mender199GemSecondaryRecoil","glowbert_bertglow_super.glb","20","33","-1","","100","100","150","","","hips_s#4+L_upperLeg_s#0+R_upperLeg_s#0"
"Mender199GemPushback","glowbert_bertglow_idle.glb","","","-1","","","","","","",""
"Mender199GemWin","glowbert_bertglow_win.glb","","-1","-1","","","","","","",""
"Mender199GemWinloop","glowbert_bertglow_win.glb","240","-1","-1","","","","","true","",""
"Mender199GemLose","glowbert_bertglow_lose.glb","","-1","-1","","","","","","",""
"Mender199GemLoseloop","glowbert_bertglow_lose.glb","275","-1","-1","","","","","true","",""
"Mender199GemPortrait","glowbert_bertglow_portrait.glb","1","-1","","","","","","","",""
"RandomLootBoxAnim","item_crate_powerup_loaded_anim.glb","","-1","","","","","","true","",""
"AxeJugglerAprilFoolIdle","melodie_balloon_idle.glb","1","29","-1","130","100","100","","true","",""
"AxeJugglerAprilFoolWalk","melodie_balloon_walk.glb","1","39","-1","","100","100","","true","","1"
"AxeJugglerAprilFoolAttack","melodie_balloon_attack.glb","8","22","-1","","25","","50","","","3"
"AxeJugglerAprilFoolRecoil","melodie_balloon_attack.glb","","10","-1","","","","200","","","4"
"AxeJugglerAprilFoolPushback","melodie_balloon_idle.glb","","1","-1","","25","200","100","","",""
"AxeJugglerAprilFoolWin","melodie_balloon_win.glb","1","157","-1","","","","","","",""
"AxeJugglerAprilFoolWinloop","melodie_balloon_win.glb","158","217","-1","","","","","true","",""
"AxeJugglerAprilFoolLose","melodie_balloon_lose.glb","","128","-1","","","","","","",""
"AxeJugglerAprilFoolLoseloop","melodie_balloon_lose.glb","129","165","-1","","","","","true","",""
"AxeJugglerAprilFoolLoseEnter","melodie_balloon_lose.glb","","","-1","","","","","","",""
"AxeJugglerAprilFoolPortrait","melodie_balloon_portrait.glb","1","1","-1","","","","","","",""
"AxeJugglerAprilFoolSecondary","melodie_balloon_dash.glb","","28","-1","","25","200","50","","","3"
"AxeJugglerAprilFoolRecoil2","melodie_balloon_dash.glb","9","20","-1","","","","200","","","4"
"crowBuffyDefaultLose","buffy_crow_lose.glb","","-1","-1","","","","","","",""
"crowBuffyDefaultLoseLoop","buffy_crow_lose.glb","83","-1","-1","","","","","true","",""
"crowBuffyDefaultWin","buffy_crow_win.glb","","-1","-1","","","","","","",""
"crowBuffyDefaultWinLoop","buffy_crow_win.glb","100","-1","-1","","","","","true","",""
"crowBuffyDefaultIdle","buffy_crow_idle.glb","","26","-1","","100","100","","true","","1"
"crowBuffyDefaultEnter","buffy_crow_flip.glb","","-1","-1","","100","100","200","","","3"
"crowBuffyDefaultExit","buffy_crow_flip.glb","","-1","-1","","100","100","200","","","3"
"crowBuffyDefaultSwingLoop","buffy_crow_dangle.glb","","209","-1","","","","","true","","1"
"BaseballBuffyDefaultLose","buffy_bibi_lose.glb","","221","-1","","","","","","",""
"BaseballBuffyDefaultLoseLoop","buffy_bibi_lose.glb","172","221","-1","","","","","true","",""
"BaseballBuffyDefaultWin","buffy_bibi_win.glb","","210","-1","","","","","","",""
"BaseballBuffyDefaultWinLoop","buffy_bibi_win.glb","110","210","-1","","","","","true","",""
"BaseballBuffyDefaultIdle","buffy_bibi_idle.glb","","23","-1","","100","100","","true","","1"
"BaseballBuffyDefaultEnter","buffy_bibi_flip.glb","","-1","-1","","100","100","200","","","3"
"BaseballBuffyDefaultExit","buffy_bibi_flip.glb","","-1","-1","","100","100","200","","","3"
"BaseballBuffyDefaultSwingLoop","buffy_bibi_dangle.glb","","-1","-1","","","","","true","","1"
"bullBuffyDefaultLose","buffy_bull_lose.glb","","72","-1","","","","","","",""
"bullBuffyDefaultLoseLoop","buffy_bull_lose.glb","73","199","-1","","","","","true","",""
"bullBuffyDefaultWin","buffy_bull_win.glb","","69","-1","","","","","","",""
"bullBuffyDefaultWinLoop","buffy_bull_win.glb","70","216","-1","","","","","true","",""
"bullBuffyDefaultIdle","buffy_bull_idle.glb","","26","-1","","100","100","","true","","1"
"bullBuffyDefaultEnter","buffy_bull_flip.glb","","-1","-1","","100","100","200","","","3"
"bullBuffyDefaultExit","buffy_bull_flip.glb","","-1","-1","","100","100","200","","","3"
"bullBuffyDefaultSwingLoop","buffy_bull_dangle.glb","","209","-1","","","","","true","","1"
"BowBuffyDefaultLose","buffy_bo_lose.glb","","-1","-1","","","","","","",""
"BowBuffyDefaultLoseLoop","buffy_bo_lose.glb","78","-1","-1","","","","","true","",""
"BowBuffyDefaultWin","buffy_bo_win.glb","","-1","-1","","","","","","",""
"BowBuffyDefaultWinLoop","buffy_bo_win.glb","124","-1","-1","","","","","true","",""
"BowBuffyDefaultIdle","buffy_bo_idle.glb","","24","-1","","100","100","","true","","1"
"BowBuffyDefaultEnter","buffy_bo_flip.glb","","-1","-1","","100","100","200","","","3"
"BowBuffyDefaultExit","buffy_bo_flip.glb","","-1","-1","","100","100","200","","","3"
"BowBuffyDefaultSwingLoop","buffy_bo_dangle.glb","","-1","-1","","","","","true","","1"
"NinjaBuffyDefaultLose","buffy_leon_lose.glb","","175","-1","","","","","","",""
"NinjaBuffyDefaultLoseLoop","buffy_leon_lose.glb","94","175","-1","","","","","true","",""
"NinjaBuffyDefaultWin","buffy_leon_win.glb","","105","-1","","","","","","",""
"NinjaBuffyDefaultWinLoop","buffy_leon_win.glb","47","105","-1","","","","","true","",""
"NinjaBuffyDefaultIdle","buffy_leon_idle.glb","","24","-1","","100","100","","true","","1"
"NinjaBuffyDefaultEnter","buffy_leon_flip.glb","","-1","-1","","100","100","200","","","3"
"NinjaBuffyDefaultExit","buffy_leon_flip.glb","","-1","-1","","100","100","200","","","3"
"NinjaBuffyDefaultSwingLoop","buffy_leon_dangle.glb","","-1","-1","","","","","true","","1"
"MaisieDragonIdle","maisie_dragon_idle.glb","","-1","","50","100","100","","true","",""
"MaisieDragonWalk","maisie_dragon_walk.glb","1","-1","","","100","100","","true","","1"
"MaisieDragonPrimary","maisie_dragon_attack.glb","1","-1","","","","","","","","hips_s#3+L_upperLeg_s#0+R_upperLeg_s#0"
"MaisieDragonSecondary","maisie_dragon_super.glb","1","-1","","50","","100","","","","hips_s#4+L_upperLeg_s#0+R_upperLeg_s#0"
"MaisieDragonRecoil","maisie_dragon_attack.glb","6","-1","","","","","100","","","hips_s#4+L_upperLeg_s#0+R_upperLeg_s#0"
"MaisieDragonReload","maisie_dragon_idle.glb","1","1","","","","","100","","","hips_s#0+L_upperLeg_s#0+R_upperLeg_s#0+R_clavicle_s#4+R_shoulder_s#4+R_elbow_s#4+R_forearm_twist_s#4+R_wrist_s#4+L_clavicle_s#4+L_shoulder_s#4+L_elbow_s#4+L_forearm_twist_s#4+L_wrist_s#4"
"MaisieDragonPushback","maisie_dragon_idle.glb","1","1","","","100","100","100","","","5"
"MaisieDragonWin","maisie_dragon_win.glb","1","207","","","","","","","","5"
"MaisieDragonWinloop","maisie_dragon_win.glb","208","278","","","","","","true","","1"
"MaisieDragonLose","maisie_dragon_lose.glb","1","98","","","","","","","","5"
"MaisieDragonLoseloop","maisie_dragon_lose.glb","99","337","","","","","","true","","1"
"MaisieDragonProfile","maisie_dragon_portrait.glb","","-1","","","","","","true","",""
"MaisieDragonIntro","shelly_intro_pose.glb","","","","","","","","","",""
"CrowLvlWin","crow_ranked_lvl1_win.glb","","126","","","","","","","",""
"CrowLvlWinloop","crow_ranked_lvl1_win.glb","127","165","","","","","","true","",""
"RedirecterDefaultIdle","najia_idle.glb","1","-1","-1","","100","100","","true","",""
"RedirecterDefaultWalk","najia_walk.glb","1","-1","-1","","100","100","","true","","1"
"RedirecterDefaultAttack","najia_attack.glb","5","10","-1","","","","","","","hips_s#3+L_upperLeg_s#0+R_upperLeg_s#0"
"RedirecterDefaultRecoil","najia_attack.glb","10","-1","-1","","100","100","100","","","hips_s#4+L_upperLeg_s#0+R_upperLeg_s#0"
"RedirecterDefaultPushback","najia_idle.glb","","-1","-1","","","","","","",""
"RedirecterDefaultLose","najia_lose_120.glb","","1331","-1","","","","","","",""
"RedirecterDefaultLoseloop","najia_lose_120.glb","956","1331","-1","","","","","true","",""
"RedirecterDefaultWin","najia_win.glb","","-1","-1","","","","","","",""
"RedirecterDefaultWinloop","najia_win.glb","234","348","-1","","","","","true","",""
"RedirecterDefaultPortrait","najia_portrait.glb","","-1","","","","","","","",""
"RedirecterDefaultSuper","najia_super.glb","5","10","-1","","","","","","","hips_s#3+L_upperLeg_s#0+R_upperLeg_s#0"
"RedirecterDefaultSuperRecoil","najia_super.glb","10","-1","-1","","100","100","100","","","hips_s#4+L_upperLeg_s#0+R_upperLeg_s#0"
"NitaBuffyDefaultLose","buffy_nita_lose.glb","","-1","-1","","","","","","",""
"NitaBuffyDefaultLoseLoop","buffy_nita_lose.glb","195","-1","-1","","","","","true","",""
"NitaBuffyDefaultWin","buffy_nita_win.glb","","-1","-1","","","","","","",""
"NitaBuffyDefaultWinLoop","buffy_nita_win.glb","65","-1","-1","","","","","true","",""
"NitaBuffyDefaultIdle","buffy_nita_idle.glb","","-1","-1","","100","100","","true","","1"
"NitaBuffyDefaultEnter","buffy_nita_flip.glb","","-1","-1","","100","100","200","","","3"
"NitaBuffyDefaultExit","buffy_nita_flip.glb","","-1","-1","","100","100","200","","","3"
"NitaBuffyDefaultSwingLoop","buffy_nita_dangle.glb","","-1","-1","","","","","true","","1"
"RedirecterCocoonDefaultIdle","naija_cocon_scaleup.glb","","98","98","","100","100","","","",""
"RedirecterPetDefaultIdle","naija_snake_walk.glb","","-1","-1","","100","100","","true","",""
"RedirecterPetDefaultWalk","naija_snake_walk.glb","","-1","-1","","100","100","","true","",""
"RedirecterPetDefaultAttack","naija_snake_walk.glb","","-1","-1","","100","100","","true","",""
"MegabossMaisieTurretAttack","maisie_dragon_turret_attack.glb","-1","22","-1","","50","50","","","","2"
"MegabossMaisieTurretIdle","maisie_dragon_turret_idle.glb","-1","31","-1","","50","50","","true","","1"
"DamianDefaultIdle","damian_idle.glb","1","18","-1","","100","100","","true","",""
"DamianDefaultWalk","damian_walk.glb","1","19","-1","","100","100","","true","","4"
"DamianDefaultAttack","damian_attack01.glb","3","8","-1","","100","100","","","","4"
"DamianDefaultAttack_transform","damian_attack03.glb","3","8","-1","","100","100","","","","4"
"DamianAttack03","damian_attack03.glb","3","8","-1","","100","100","","","","4"
"DamianDefaultRecoil","damian_attack01.glb","9","11","-1","","100","100","100","","","hips_s#4+L_upperLeg_s#0+R_upperLeg_s#0"
"DamianDefaultSuper","damian_super.glb","","41","-1","","100","1600","50","","","5"
"DamianDefaultPushback","damian_idle.glb","","-1","-1","","","","","","",""
"DamianDefaultLose","damian_lose.glb","","89","-1","","","","","","",""
"DamianDefaultLoseloop","damian_lose.glb","90","139","-1","","","","","true","",""
"DamianDefaultWin","damian_win.glb","","206","-1","","","","","","",""
"DamianDefaultWinloop","damian_win.glb","208","236","-1","","","","","true","",""
"DamianDefaultPortrait","damian_portrait.glb","","-1","","","","","","","",""
"JetpackGirlMHAIdle","janet_uraraka_idle.glb","","-1","-1","","100","100","","true","",""
"JetpackGirlMHAWalk","janet_uraraka_walk.glb","","-1","-1","80","100","100","","true","","1"
"JetpackGirlMHAAttack","janet_uraraka_attack.glb","","5","-1","","","","","","","hips_s#3+L_upperLeg_s#0+R_upperLeg_s#0"
"JetpackGirlMHASuper","janet_uraraka_super.glb","","-1","-1","","200","200","250","true","","4"
"JetpackGirlMHAAttackRecoil","janet_uraraka_attack.glb","1","-1","-1","","","","200","","","hips_s#4+L_upperLeg_s#0+R_upperLeg_s#0"
"JetpackGirlMHAPushback","janet_pushback.glb","","10","-1","","10","","200","","",""
"JetpackGirlMHAWin","janet_uraraka_win.glb","","153","-1","","100","","","","",""
"JetpackGirlMHAWinloop","janet_uraraka_win.glb","153","-1","-1","","","","","true","",""
"JetpackGirlMHALose","janet_uraraka_lose.glb","","100","-1","","","","","","",""
"JetpackGirlMHALoseloop","janet_uraraka_lose.glb","100","-1","-1","","","","","true","",""
"JetpackGirlMHAPortrait","janet_uraraka_portrait.glb","","-1","-1","","","","","","",""
"EdgarBakuIdle","edgar_bakugo_idle.glb","1","44","-1","","100","100","","true","","R_scarf_01_s#1+L_scarf_01_s#1"
"EdgarBakuWalk","edgar_bakugo_walk.glb","1","22","-1","","100","100","","true","","1"
"EdgarBakuAttack","edgar_bakugo_attack.glb","1","5","-1","","","","","","","hips_s#3+L_upperLeg_s#0+R_upperLeg_s#0"
"EdgarBakuRecoil","edgar_bakugo_attack.glb","6","30","-1","","","200","200","","","hips_s#4+L_upperLeg_s#0+R_upperLeg_s#0"
"EdgarBakuSuper","edgar_bakugo_super.glb","5","50","-1","","","250","250","","","3"
"EdgarBakuPushback","edgar_bakugo_pushback.glb","","-1","-1","","50","100","100","","","5"
"EdgarBakuWin","edgar_bakugo_win.glb","","213","-1","","","","","","",""
"EdgarBakuWinloop","edgar_bakugo_win.glb","214","242","-1","","","","","true","",""
"EdgarBakuProfile","edgar_bakugo_portrait.glb","","","-1","","","","","true","",""
"EdgarBakuLose","edgar_bakugo_lose.glb","","105","-1","","","","","","",""
"EdgarBakuLoseloop","edgar_bakugo_lose.glb","106","135","-1","","","","","true","",""
"SoulCollectorMHAIdle","gus_shigaraki_idle.glb","1","-1","-1","","200","200","200","true","",""
"SoulCollectorMHAWalk","gus_shigaraki_walk.glb","1","24","-1","","200","200","200","true","","1"
"SoulCollectorMHAPrimary","gus_shigaraki_attack.glb","","4","-1","","","","","","","hips_s#3+L_upperLeg_s#0+R_upperLeg_s#0"
"SoulCollectorMHAPrimaryRecoil","gus_shigaraki_attack.glb","","23","-1","","","100","250","","","hips_s#4+L_upperLeg_s#0+R_upperLeg_s#0"
"SoulCollectorMHAPushback","gus_shigaraki_idle.glb","","15","-1","","20","250","250","","",""
"SoulCollectorMHAWin","gus_shigaraki_win.glb","","218","-1","","","","","","",""
"SoulCollectorMHAWinloop","gus_shigaraki_win.glb","160","218","-1","","","","","true","",""
"SoulCollectorMHALose","gus_shigaraki_lose.glb","","168","-1","","","","","","",""
"SoulCollectorMHALoseloop","gus_shigaraki_lose.glb","140","168","-1","","","","","true","",""
"SoulCollectorMHAPortrait","gus_shigaraki_portrait.glb","","-1","-1","","","","","","",""
"KickerDudeMHAIdle","fang_deku_idle.glb","","-1","-1","","100","100","","true","",""
"KickerDudeMHAWalk","fang_deku_walk.glb","","-1","-1","","100","100","","true","","1"
"KickerDudeMHAAttack","fang_deku_attack.glb","","5","","","","","","","","3"
"KickerDudeMHASuper","fang_deku_attack.glb","10","13","","","","100","50","true","","3"
"KickerDudeMHARecoil","fang_deku_attack.glb","","25","","","","","100","","","4"
"KickerDudeMHAWin","fang_deku_win.glb","","139","-1","","","","","","",""
"KickerDudeMHAWinloop","fang_deku_win.glb","139","-1","-1","","","","","true","",""
"KickerDudeMHALose","fang_deku_lose.glb","","82","-1","","","","","","",""
"KickerDudeMHALoseloop","fang_deku_lose.glb","83","-1","-1","","","","","true","",""
"KickerDudeMHAPortrait","fang_deku_portrait.glb","-1","-1","-1","","","","","","",""
"BibiBuffyDefaultProfile","buffy_bibi_portrait.glb","","-1","","","","","","true","",""
"CrowBuffyDefaultProfile","buffy_crow_portrait.glb","","-1","","","","","","true","",""
"BowBuffyDefaultProfile","buffy_bo_portrait.glb","","-1","","","","","","true","",""
"NitaBuffyDefaultProfile","buffy_nita_portrait.glb","","-1","","","","","","true","",""
"LuchadorMHAIdle","primo_all_might_idle.glb","1","49","","","200","200","","true","",""
"LuchadorMHAWalk","primo_all_might_walk.glb","1","27","","120","150","150","","true","","1"
"LuchadorMHAPrimary","primo_all_might_attack.glb","","5","","","1","100","50","","","hips_s#3+L_upperLeg_s#0+R_upperLeg_s#0"
"LuchadorMHASecondary","primo_all_might_super.glb","","-1","","","100","100","","","","5"
"LuchadorMHARecoil","primo_all_might_attack.glb","5","12","","","","","50","","","hips_s#5+L_upperLeg_s#0+R_upperLeg_s#0"
"LuchadorMHARecoil2","primo_all_might_attack.glb","16","24","","","","","50","","","hips_s#4+L_upperLeg_s#0+R_upperLeg_s#0"
"LuchadorMHAPushback","primo_all_might_pushback.glb","","20","","","100","100","400","","","5"
"LuchadorMHAWin","primo_all_might_win.glb","1","174","","","","","","","","5"
"LuchadorMHAWinloop","primo_all_might_win.glb","148","174","","","","","","true","","1"
"LuchadorMHALose","primo_all_might_lose.glb","1","137","","","","","200","","","5"
"LuchadorMHALoseloop","primo_all_might_lose.glb","110","137","","","","","","true","","1"
"LuchadorMHAProfile","primo_all_might_portrait.glb","1","1","","","","","","","","5"
"LuchadorMHAIntro","primo_intro_pose.glb","","","","","","","","","",""
"IceDudeStrikersIdle","lou_strikers_idle.glb","","-1","","","100","100","","true","",""
"IceDudeStrikersWalk","lou_strikers_walk.glb","1","22","","","100","100","","true","","1"
"IceDudeStrikersAttack","lou_strikers_attack.glb","1","5","-1","","","","","","","hips_s#3+L_upperLeg_s#0+R_upperLeg_s#0"
"IceDudeStrikersSuper","lou_strikers_attack.glb","1","23","-1","","","","","","","hips_s#3+L_upperLeg_s#0+R_upperLeg_s#0"
"IceDudeStrikersRecoil","lou_strikers_attack.glb","6","23","-1","","","","100","","","hips_s#4+L_upperLeg_s#0+R_upperLeg_s#0"
"IceDudeStrikersWin","lou_strikers_win.glb","1","251","","","","","","","",""
"IceDudeStrikersWinloop","lou_strikers_win.glb","222","251","","","","","","true","",""
"IceDudeStrikersLose","lou_strikers_lose.glb","1","156","","","","","","","",""
"IceDudeStrikersLoseloop","lou_strikers_lose.glb","125","156","","","","","","true","",""
"IceDudeStrikersPortrait","lou_strikers_portrait.glb","","","","","","","","","",""
"MeepleStrikerIdle","meeple_strikers_idle.glb","1","167","","","100","100","","true","",""
"MeepleStrikerWalk","meeple_strikers_run.glb","1","27","","","100","100","","true","","1"
"MeepleStrikerAttack","meeple_strikers_attack.glb","8","28","","","","","","","","hips_s#3+L_upperLeg_s#0+R_upperLeg_s#0"
"MeepleStrikerSecondary","meeple_strikers_super.glb","","-1","","","50","50","50","","","hips_s#4+L_upperLeg_s#0+R_upperLeg_s#0"
"MeepleStrikerRecoil","meeple_strikers_attack.glb","8","28","","","","","200","","","hips_s#4+L_upperLeg_s#0+R_upperLeg_s#0"
"MeepleStrikerReload","meeple_strikers_idle.glb","","10","","","100","100","500","","","hips_s#4+L_upperLeg_s#0+R_upperLeg_s#0"
"MeepleStrikerPushback","meeple_strikers_idle.glb","1","1","","","50","50","100","true","","5"
"MeepleStrikerWin","meeple_strikers_win.glb","1","188","","","","","","","","5"
"MeepleStrikerWinloop","meeple_strikers_win.glb","149","188","","","","","","true","","1"
"MeepleStrikerLose","meeple_strikers_lose.glb","1","90","","","","","","","","5"
"MeepleStrikerLoseloop","meeple_strikers_lose.glb","91","124","","","","","","true","","1"
"MeepleStrikerProfile","meeple_strikers_portrait.glb","","","","","","","","","","5"
"MeepleStrikerBowlingProfile","meeple_strikers_portrait.glb","","","","","","","","true","","5"
"MeepleStrikerGadgetPrimary","meeple_gadget_attack1.glb","1","15","","","","","1","","","3"
"MeepleStrikerGadgetRecoil","meeple_gadget_attack1.glb","15","30","","","","","100","","","4"
"FinxTowerIdle","boss_tower_finx_idle_120.glb","","-1","","","","","","true","",""
"ColetteStarGirlIdle","colette_villain_idle.glb","1","29","-1","","100","100","","true","",""
"ColetteStarGirlWalk","colette_villain_walk.glb","1","-1","-1","","100","100","","true","","1"
"ColetteStarGirlAttack","colette_villain_attack.glb","1","4","-1","","","","","","","hips_s#3+L_upperLeg_s#0+R_upperLeg_s#0"
"ColetteStarGirlRecoil","colette_villain_attack.glb","3","20","-1","","","","100","","","hips_s#4+L_upperLeg_s#0+R_upperLeg_s#0"
"ColetteStarGirlReload","","","","","","","","","","",""
"ColetteStarGirlPushback","","","","","","","","","","",""
"ColetteStarGirlSuper","colette_villain_super.glb","","-1","","","50","50","50","","","5"
"ColetteStarGirlSuperRecoil","","","","","","","","","","",""
"ColetteStarGirlWin","colette_villain_win.glb","","110","","","","","100","","",""
"ColetteStarGirlWinloop","colette_villain_win.glb","111","157","","","","","","true","",""
"ColetteStarGirlLose","colette_villain_lose.glb","1","31","","","","","","","",""
"ColetteStarGirlLoseloop","colette_villain_lose.glb","32","106","","","","","","true","",""
"ColetteStarGirlPortrait","colette_villain_portrait.glb","130","130","","","","","","","",""
"ColetteStarGirlBookIdle","colette_villain_book_idle.glb","","-1","","","50","50","","true","","1"
"ColetteStarGirlBookAttack","colette_villain_book_attack.glb","","-1","","","50","50","","","","hips_s#3"
"ColetteStarGirlDanceLoop","colette_villain_dance.glb","","-1","","","","","","true","","5"
"SilencerStrikersIdle","otis_strikers_idle.glb","1","60","","","100","100","","true","",""
"SilencerStrikersWalk","otis_strikers_walk.glb","1","29","","115","100","100","","true","","1"
"SilencerStrikersAttack","otis_strikers_attack.glb","8","15","","","100","100","100","","","hips_s#3+L_upperLeg_s#0+R_upperLeg_s#0"
"SilencerStrikersSecondary","otis_strikers_super.glb","","5","","","100","100","","","","hips_s#3+L_upperLeg_s#0+R_upperLeg_s#0"
"SilencerStrikersRecoil","otis_strikers_attack.glb","12","23","","","100","100","100","","","hips_s#4+L_upperLeg_s#0+R_upperLeg_s#0"
"SilencerStrikersSecondaryRecoil","otis_strikers_super.glb","6","40","","","100","100","175","","","hips_s#4+L_upperLeg_s#0+R_upperLeg_s#0"
"SilencerStrikersWin","otis_strikers_win_120.glb","","923","","","","","","","","5"
"SilencerStrikersWinloop","otis_strikers_win_120.glb","800","923","","","","","","true","","1"
"SilencerStrikersLose","otis_strikers_lose.glb","","87","","","","","","","",""
"SilencerStrikersLoseloop","otis_strikers_lose.glb","59","87","","","","","","true","",""
"SilencerStrikersPortrait","otis_strikers_portrait.glb","60","-1","","","","","","true","",""
"SilencerStrikersAddonStarfishSpawn","starfish_strikers_spawn.glb","1","-1","","","","","200","","","5"
"SilencerStrikersAddonStarfishIdle","starfish_strikers_idle.glb","-1","-1","","","","","","true","",""
"MagicalGirlDefaultIdle","starrnova_idle.glb","","35","","","50","50","100","true","",""
"MagicalGirlDefaultWalk","starrnova_walk.glb","","84","","","50","50","100","true","","1"
"MagicalGirlDefaultAttack","starrnova_attack.glb","1","-1","","","50","200","200","","","hips_s#3+L_upperLeg_s#0+R_upperLeg_s#0"
"MagicalGirlDefaultSecondary","starrnova_super.glb","","-1","","","200","300","100","","","hips_s#4+L_upperLeg_s#0+R_upperLeg_s#0"
"MagicalGirlDefaultPushback","starrnova_idle.glb","1","10","","","50","100","100","","","5"
"MagicalGirlDefaultWin","starrnova_win.glb","","949","","","","","","","",""
"MagicalGirlDefaultWinloop","starrnova_win.glb","557","949","","","","","","true","",""
"MagicalGirlDefaultLose","starrnova_lose.glb","","359","","","","","","","",""
"MagicalGirlDefaultLoseloop","starrnova_lose.glb","290","359","","","","","","true","",""
"MagicalGirlDefaultProfile","starrnova_portrait.glb","","-1","","","","","","","",""
"MagicalGirlDefaultIdle_transform","starrnova_idle_transform.glb","","-1","","","50","50","50","true","",""
"MagicalGirlDefaultWalk_transform","starrnova_walk_transform.glb","","-1","","","50","50","50","true","","1"
"MagicalGirlDefaultAttack_transform","starrnova_attack_transform.glb","4","-1","","","20","200","200","","","hips_s#3+L_upperLeg_s#0+R_upperLeg_s#0"
"MagicalGirlDefaultStartTransform","starrnova_levelup.glb","","-1","","","100","100","100","","","5"
"MagicalGirlDefaultLevelup","starrnova_levelup.glb","","-1","","","50","50","","true","","5"
"MagicalGirlDefaultLevelupLoop","starrnova_levelup.glb","116","-1","","","50","50","","true","","5"
"ChronomancerStarrGirlsIdle","finx_starvillain_idle.glb","1","28","","","100","100","100","true","","5"
"ChronomancerStarrGirlsWalk","finx_starvillain_walk.glb","1","28","","","100","100","100","true","","1"
"ChronomancerStarrGirlsAttack","finx_starvillain_attack.glb","","21","","","","","100","","","hips_s#4+L_upperLeg_s#0+R_upperLeg_s#0"
"ChronomancerStarrGirlsSecondary","finx_starvillain_super.glb","","23","","","","","100","","","hips_s#4+L_upperLeg_s#0+R_upperLeg_s#0"
"ChronomancerStarrGirlsRecoil","finx_starvillain_attack.glb","2","21","","","","","100","","","hips_s#4+L_upperLeg_s#0+R_upperLeg_s#0"
"ChronomancerStarrGirlsSecondaryRecoil","finx_starvillain_super.glb","1","23","","","","","100","","","hips_s#4+L_upperLeg_s#0+R_upperLeg_s#0"
"ChronomancerStarrGirlsReload","finx_starvillain_idle.glb","","10","","","100","100","100","","","hips_s#0+L_upperLeg_s#0+R_upperLeg_s#0"
"ChronomancerStarrGirlsPushBack","finx_starvillain_idle.glb","","10","","","100","100","100","","",""
"ChronomancerStarrGirlsWin","finx_starvillain_win.glb","1","225","","","","","","","",""
"ChronomancerStarrGirlsWinloop","finx_starvillain_win.glb","173","225","","","","","","true","","1"
"ChronomancerStarrGirlsLose","finx_starvillain_lose.glb","","196","","","","","","","",""
"ChronomancerStarrGirlsLoseloop","finx_starvillain_lose.glb","158","196","-1","","","","","true","",""
"ChronomancerStarrGirlsProfile","finx_starvillain_portrait.glb","220","220","","","","","","true","","1"
"ChronomancerStarrGirlsDanceLoop","finx_starvillain_dance.glb","","-1","","","","","","true","","5"
"HookDudeStrikersIdle","gene_strikers_idle.glb","","58","","","100","100","","true","",""
"HookDudeStrikersWalk","gene_strikers_walk.glb","1","29","","120","100","100","","true","","1"
"HookDudeStrikersAttack","gene_strikers_attack.glb","1","5","","","","","","","","hips_s#3+L_upperLeg_s#0+R_upperLeg_s#0"
"HookDudeStrikersSecondary","gene_strikers_super.glb","1","30","","","","","","true","","hips_s#3+L_upperLeg_s#0+R_upperLeg_s#0"
"HookDudeStrikersAttackRecoil","gene_strikers_attack.glb","6","20","","","50","","100","","","hips_s#4+L_upperLeg_s#0+R_upperLeg_s#0"
"HookDudeStrikersSecondaryRecoil","gene_strikers_super.glb","1","30","","","100","","200","","","hips_s#4+L_upperLeg_s#0+R_upperLeg_s#0"
"HookDudeStrikersReload","gene_strikers_reload.glb","1","25","","","100","200","200","","","spine_lower_s#2"
"HookDudeStrikersPushback","gene_strikers_idle.glb","","20","","","200","300","500","","","5"
"HookDudeStrikersWin","gene_strikers_win.glb","1","177","","","","","","","",""
"HookDudeStrikersWinloop","gene_strikers_win.glb","150","177","","","","","","true","",""
"HookDudeStrikersLose","gene_strikers_lose.glb","","92","","","100","","","","",""
"HookDudeStrikersLoseloop","gene_strikers_lose.glb","66","92","","","","","","true","",""
"HookDudeStrikersProfile","gene_strikers_portrait.glb","1","1","","","","","","","",""
"SpikeStarrGirlsIdle","spike_starrgirl_idle.glb","","-1","","","100","100","","true","",""
"SpikeStarrGirlsWalk","spike_starrgirl_walk.glb","","-1","","","100","100","","true","","1"
"SpikeStarrGirlsPrimary","spike_starrgirl_attack.glb","8","20","","","","","100","","","hips_s#4+L_upperLeg_s#0+R_upperLeg_s#0"
"SpikeStarrGirlsSecondary","spike_starrgirl_attack.glb","5","20","","","","","100","","","hips_s#4+L_upperLeg_s#0+R_upperLeg_s#0"
"SpikeStarrGirlsRecoil","spike_starrgirl_attack.glb","8","20","","","","","100","","","hips_s#4+L_upperLeg_s#0+R_upperLeg_s#0"
"SpikeStarrGirlsRecoil2","spike_starrgirl_attack.glb","5","20","","","","","100","","","hips_s#4+L_upperLeg_s#0+R_upperLeg_s#0"
"SpikeStarrGirlsReload","spike_starrgirl_idle.glb","1","2","","","200","200","200","","","5"
"SpikeStarrGirlsWin","spike_starrgirl_win.glb","1","419","","","","","","","","5"
"SpikeStarrGirlsWinloop","spike_starrgirl_win.glb","266","419","","","","","","true","","1"
"SpikeStarrGirlsLose","spike_starrgirl_lose.glb","1","141","","","","","","","","5"
"SpikeStarrGirlsLoseloop","spike_starrgirl_lose.glb","142","331","","","","","","true","","1"
"SpikeStarrGirlsProfile","spike_starrgirl_portrait.glb","34","34","","","","","","","","5"
"SpikeStarrGirlsLevelUp","spike_starr_girls_levelup.glb","","-1","","","50","50","","","","5"
"SpikeStarrGirlsLevelUpLoop","spike_starr_girls_levelup.glb","89","-1","","","50","50","","true","","5"
"SpikeStarrGirlsStartTransform","spike_starr_girls_levelup.glb","5","-1","","110","100","100","100","","","5"
"SpikeStarrGirlsDanceLoop","spike_starrgirl_dance.glb","","-1","","","","","","true","","5"
"FireDudeStarrGirlsIdle","amber_starrgirl_idle.glb","1","-1","-1","","100","100","","true","",""
"FireDudeStarrGirlsWalk","amber_starrgirl_walk.glb","1","22","-1","","100","100","","true","","1"
"FireDudeStarrGirlsAttack","amber_starrgirl_attack.glb","5","10","-1","","","","","","","hips_s#3+L_upperLeg_s#0+R_upperLeg_s#0"
"FireDudeStarrGirlsRecoil","amber_starrgirl_attack.glb","10","20","-1","","100","100","100","","","hips_s#4+L_upperLeg_s#0+R_upperLeg_s#0"
"FireDudeStarrGirlsPushback","amber_pushback.glb","","-1","-1","","","","","","",""
"FireDudeStarrGirlsWin","amber_starrgirl_win_120.glb","","1274","-1","","","","","","",""
"FireDudeStarrGirlsWinloop","amber_starrgirl_win_120.glb","1003","1274","-1","","","","","true","",""
"FireDudeStarrGirlsLose","amber_starrgirl_lose.glb","","204","-1","","","","","","",""
"FireDudeStarrGirlsLoseloop","amber_starrgirl_lose.glb","160","204","-1","","","","","true","",""
"FireDudeStarrGirlsPortrait","amber_starrgirl_portrait.glb","","-1","","","","","","","",""
"FireDudeStarrGirlsLevelUp","amber_starrgirl_levelup.glb","","-1","","","50","50","","","","5"
"FireDudeStarrGirlsLevelUpLoop","amber_starrgirl_levelup.glb","94","-1","","","50","50","","true","","5"
"FireDudeStarrGirlsStartTransform","amber_starrgirl_levelup.glb","5","-1","","110","100","100","100","","","5"
"FireDudeStarrGirlsDanceLoop","amber_starrgirl_dance.glb","","-1","","","","","","true","","5"
"WhirlwindStrikersIdle","carl_strikers_idle.glb","","-1","","","100","100","","true","","cart_frame_s#1"
"WhirlwindStrikersWalk","carl_strikers_walk.glb","","-1","","","100","100","","true","","1"
"WhirlwindStrikersAttack","carl_strikers_attack.glb","1","5","","","100","100","100","","","hips_s#4+L_upperLeg_s#0+R_upperLeg_s#0"
"WhirlwindStrikersSecondary","carl_strikers_super.glb","1","59","","","200","200","200","true","","5"
"WhirlwindStrikersAttackRecoil","carl_strikers_attack.glb","5","35","","","100","200","200","","","hips_s#4+L_upperLeg_s#0+R_upperLeg_s#0"
"WhirlwindStrikersSecondaryRecoil","carl_strikers_super.glb","1","59","","","","","","true","","5"
"WhirlwindStrikersReload","carl_strikers_attack.glb","17","25","","","100","100","100","","","5"
"WhirlwindStrikersWin","carl_strikers_win.glb","","129","","","200","1000","500","","",""
"WhirlwindStrikersWinloop","carl_strikers_win.glb","88","129","","","2000","100","500","true","",""
"WhirlwindStrikersLose","carl_strikers_lose.glb","","98","","","100","1000","500","","",""
"WhirlwindStrikersLoseloop","carl_strikers_lose.glb","","98","","","2000","100","500","true","",""
"WhirlwindStrikersProfile","carl_strikers_portrait.glb","1","1","","","","","","true","",""
"DrillerWorldFinalsIdle","jacky_esports_idle.glb","1","45","","","100","100","","true","",""
"DrillerWorldFinalsWalk","jacky_esports_walk.glb","1","-1","","","100","100","","true","","1"
"DrillerWorldFinalsAttack","jacky_esports_attack.glb","6","20","","","","","","true","","3"
"DrillerWorldFinalsSuper","jacky_esports_super.glb","1","-1","","120","","","83","true","","3"
"DrillerWorldFinalsRecoil","jacky_esports_attack.glb","6","20","","","","","100","","","4"
"DrillerWorldFinalsSuperRecoil","jacky_esports_super.glb","1","-1","","120","","","83","true","","4"
"DrillerWorldFinalsHappy","jacky_esports_win.glb","","188","","","","","100","","",""
"DrillerWorldFinalsHappyLoop","jacky_esports_win.glb","162","188","","","","","","true","",""
"DrillerWorldFinalsLose","jacky_esports_lose.glb","","99","","200","","","","","",""
"DrillerWorldFinalsLoseloop","jacky_esports_lose.glb","72","99","","","","","","true","",""
"DrillerWorldFinalsPortrait","jacky_esports_portrait.glb","1","1","","","","","","","",""
"DrillerWorldFinalsIntro","jacky_intro.glb","","-1","","","","","","","",""
"RockDefaultIdle","bolt_idle.glb","","-1","-1","","100","100","","true","",""
"RockDefaultWalk","bolt_walk.glb","","-1","-1","","100","100","","true","","1"
"RockDefaultPushback","bolt_idle.glb","1","1","-1","","","","","","","5"
"RockDefaultWin","bolt_win.glb","","382","-1","","","","","","",""
"RockDefaultWinloop","bolt_win.glb","190","-1","-1","","","","","true","",""
"RockDefaultLose","bolt_lose.glb","","143","-1","","","","","","",""
"RockDefaultLoseloop","bolt_lose.glb","115","143","-1","","","","","true","",""
"RockDefaultPortrait","bolt_portrait.glb","","-1","","","","","","","",""
"RockDefaultIdle_transform","bolt_ball_idle.glb","1","-1","-1","","100","100","","true","",""
"RockDefaultWalk_transform","bolt_ball_walk.glb","1","-1","-1","","","","","true","","1"
"RockDefaultGadget","bolt_ball_super.glb","","-1","-1","","100","100","","true","","4"
"RockDefaultGadgetRecoil","bolt_ball_super.glb","","-1","","","","","","","","4"
"PowerLevelerStrikersIdle","surge_strikers_idle.glb","","-1","","","100","100","","true","","1"
"PowerLevelerStrikersWalk","surge_strikers_walk.glb","","-1","","75","100","100","","true","","1"
"PowerLevelerStrikersSecondary","surge_strikers_super.glb","","40","","","","","250","","","4"
"PowerLevelerStrikersAttackRecoil","surge_strikers_attack.glb","1","-1","","","50","","100","","","hips_s#4+L_upperLeg_s#0+R_upperLeg_s#0"
"PowerLevelerStrikersReload","surge_strikers_reload.glb","","20","","","50","100","100","","","hips_s#0+chest_s#5+L_clavicle_s#1+head_s#0+L_upperLeg_s#0+R_upperLeg_s#0"
"PowerLevelerStrikersPushback","surge_strikers_pushback.glb","","10","","","50","100","100","","","5"
"PowerLevelerStrikersWin","surge_strikers_win.glb","","216","","","","","","","",""
"PowerLevelerStrikersWinloop","surge_strikers_win.glb","186","216","","","","","","true","",""
"PowerLevelerStrikersLose","surge_strikers_lose.glb","","58","","","","","","","",""
"PowerLevelerStrikersLoseloop","surge_strikers_lose.glb","56","58","","","","","","true","",""
"PowerLevelerStrikersProfile","surge_strikers_portrait.glb","","-1","","","","","","","",""
"PowerLevelerStrikersWalk_transform","surge_strikers_walk_transform.glb","","-1","","75","100","100","","true","","1"
"PowerLevelerStrikersAttackRecoil_transform","surge_strikers_attack_transform.glb","","25","","","50","","100","","","hips_s#4+L_upperLeg_s#0+R_upperLeg_s#0"
"PowerLevelerStrikersIdle_transform","surge_strikers_idle_transform.glb","","-1","","","100","100","","true","","1"
"VoodooStarrGirlsIdle","juju_starrgirl_idle.glb","1","59","","","200","200","","true","",""
"VoodooStarrGirlsAttack1","juju_starrgirl_attack_01.glb","1","31","","","100","100","200","","","hips_s#3+L_upperLeg_s#0+R_upperLeg_s#0"
"VoodooStarrGirlsAttack2","juju_starrgirl_attack_02.glb","3","16","","","100","100","200","","","hips_s#3+L_upperLeg_s#0+R_upperLeg_s#0"
"VoodooStarrGirlsAttack3","juju_starrgirl_attack_03.glb","3","16","","","100","100","200","","","hips_s#3+L_upperLeg_s#0+R_upperLeg_s#0"
"VoodooStarrGirlsWalk","juju_starrgirl_walk.glb","1","23","","150","100","100","","true","","1"
"VoodooStarrGirlsUlti","juju_starrgirl_super.glb","","38","","","100","100","100","","","hips_s#3+L_upperLeg_s#0+R_upperLeg_s#0"
"VoodooStarrGirlsUltiRecoil","juju_starrgirl_super.glb","5","40","","","100","100","200","","","hips_s#4+L_upperLeg_s#0+R_upperLeg_s#0"
"VoodooStarrGirlsPushback","juju_starrgirl_idle.glb","","59","","","100","100","100","","","5"
"VoodooStarrGirlsWin","juju_starrgirl_win.glb","1","442","","","","","","","","1"
"VoodooStarrGirlsWinloop","juju_starrgirl_win.glb","364","442","","","","","","true","","1"
"VoodooStarrGirlsLose","juju_starrgirl_lose.glb","","283","","","","","","","","1"
"VoodooStarrGirlsLoseloop","juju_starrgirl_lose.glb","246","283","","","","","","true","","1"
"VoodooStarrGirlsProfile","juju_starrgirl_portrait.glb","1","1","","","","","","","","1"
"VoodooStarrGirlsPetIdle","juju_starrgirl_pet_idle.glb","","23","","","100","100","","true","",""
"VoodooStarrGirlsPetWalk","juju_starrgirl_pet_walk.glb","1","-1","","170","100","100","","true","","1"
"VoodooStarrGirlsPetAttack","juju_starrgirl_pet_attack.glb","","26","","","100","200","150","","","spine_lower_s#4"
"VoodooStarrGirlsLevelUp","juju_starrgirl_levelup.glb","","-1","","","50","50","","","","5"
"VoodooStarrGirlsLevelUpLoop","juju_starrgirl_levelup.glb","120","-1","","","50","50","","true","","5"
"VoodooStarrGirlsStartTransform","juju_starrgirl_levelup.glb","","-1","","","100","100","100","","","5"
"VoodooStarrGirlsDanceLoop","juju_starrgirl_dance.glb","","-1","","","","","","true","","5"
"BeaStarrGirlsIdle","bea_starrgirl_idle.glb","","-1","","","100","100","","true","",""
"BeaStarrGirlsWalk","bea_starrgirl_walk.glb","1","26","","","100","100","","true","","1"
"BeaStarrGirlsAttack","bea_starrgirl_attack.glb","","4","","","","","","","","hips_s#3+L_upperLeg_s#0+R_upperLeg_s#0"
"BeaStarrGirlsRecoil","bea_starrgirl_attack.glb","5","20","","","","","200","","","hips_s#4+L_upperLeg_s#0+R_upperLeg_s#0"
"BeaStarrGirlsReload","bea_reload.glb","","20","","","100","100","100","","","spine_lower_s#0+L_clavicle_s#2+R_clavicle_s#2"
"BeaStarrGirlsPushback","bea_pushback.glb","","-1","","","25","100","200","","","5"
"BeaStarrGirlsIntro","bea_intro_pose.glb","","","","","","","","","",""
"BeaStarrGirlsWin","bea_starrgirl_win.glb","","-1","","","","","","","","5"
"BeaStarrGirlsWinloop","bea_starrgirl_win.glb","212","-1","","","","","","true","","1"
"BeaStarrGirlsLose","bea_starrgirl_lose.glb","","186","","","","","","","",""
"BeaStarrGirlsLoseloop","bea_starrgirl_lose.glb","125","-1","","","","","","true","",""
"BeaStarrGirlsPortrait","bea_starrgirl_portrait.glb","1","1","","","","","","","",""
"BeaStarrGirlsLevelUp","bea_starrgirl_levelup.glb","","-1","","","50","50","","","","5"
"BeaStarrGirlsLevelUpLoop","bea_starrgirl_levelup.glb","90","-1","","","50","50","","true","","5"
"BeaStarrGirlsStartTransform","bea_starrgirl_levelup.glb","","-1","","","100","100","100","","","5"
"BeaStarrGirlsDanceLoop","bea_starrgirl_dance.glb","","-1","","","","","","true","","5"
"DamianDefaultGadgetPrimary","damian_attack02.glb","5","10","-1","","100","100","","","","3"
"DamianDefaultGadgetRecoil","damian_attack02.glb","9","20","-1","","100","100","100","","","4"
"GoalkeeperBotIdle","bot_goalkeeper_idle.glb","","-1","","","100","100","","true","",""
"GoalkeeperBotWalk","bot_goalkeeper_walk.glb","","-1","","","100","100","","true","","1"
"GoalkeeperBotPrimary","bot_goalkeeper_push.glb","3","10","","","","","","","","hips_s#3+L_upperLeg_s#0+R_upperLeg_s#0"
"GoalkeeperBotSecondary","bot_goalkeeper_push.glb","3","10","","","","","","","","hips_s#3+L_upperLeg_s#0+R_upperLeg_s#0"
"GoalkeeperBotRecoil","bot_goalkeeper_push.glb","11","13","","","","100","50","","","hips_s#4+L_upperLeg_s#0+R_upperLeg_s#0"
"GoalkeeperBotReload","bot_goalkeeper_idle.glb","","-1","","","200","200","200","","",""
"GoalkeeperBotPushback","bot_goalkeeper_stunned.glb","","99","","","200","100","200","","","5"
"GoalkeeperBotWin","bot_goalkeeper_idle.glb","","-1","","","","","200","","",""
"GoalkeeperBotWinloop","bot_goalkeeper_idle.glb","","-1","","","","","","true","",""
"GoalkeeperBotLose","bot_goalkeeper_idle.glb","","-1","","","","","200","","",""
"GoalkeeperBotLoseloop","bot_goalkeeper_idle.glb","","-1","","","","","","true","",""
"EnragerBuddyDefaultIdle","buffy_edgar_idle.glb","","-1","-1","","100","100","","true","","1"
"EnragerBuddyDefaultWin","buffy_edgar_win.glb","","-1","-1","","","","","","",""
"EnragerBuddyDefaultWinLoop","buffy_edgar_win.glb","60","-1","-1","","","","","true","",""
"EnragerBuddyDefaultLose","buffy_edgar_lose.glb","","-1","-1","","","","","","",""
"EnragerBuddyDefaultLoseLoop","buffy_edgar_lose.glb","64","-1","-1","","","","","true","",""
"EnragerBuffyDefaultEnter","buffy_edgar_flip.glb","","-1","-1","","100","100","200","","","3"
"EnragerBuffyDefaultExit","buffy_edgar_flip.glb","","-1","-1","","100","100","200","","","3"
"EnragerBuffyDefaultSwingLoop","buffy_edgar_dangle.glb","","-1","-1","","","","","true","","1"
"EnragerBuffyDefaultPortrait","buffy_edgar_portrait.glb","","","","","","","","","",""
"GriffBuddyDefaultIdle","buffy_griff_idle.glb","","-1","-1","","100","100","","true","","1"
"GriffBuddyDefaultWin","buffy_griff_win.glb","","199","-1","","","","","","",""
"GriffBuddyDefaultWinLoop","buffy_griff_win.glb","180","199","-1","","","","","true","",""
"GriffBuddyDefaultLose","buffy_griff_lose.glb","","154","-1","","","","","","",""
"GriffBuddyDefaultLoseLoop","buffy_griff_lose.glb","134","-1","-1","","","","","true","",""
"GriffBuddyDefaultEnter","buffy_griff_flip.glb","","-1","-1","","100","100","200","","","3"
"GriffBuddyDefaultExit","buffy_griff_flip.glb","","-1","-1","","100","100","200","","","3"
"GriffBuddyDefaultSwingLoop","buffy_griff_dangle.glb","","-1","-1","","","","","true","","1"
"GriffBuddyDefaultPortrait","buffy_griff_portrait.glb","","","","","","","","","",""
"ColetteBuffyDefaultProfile","buffy_collete_portrait.glb","","-1","","","","","","true","",""
"ColetteBuddyDefaultIdle","buffy_collete_idle.glb","","-1","-1","","100","100","","true","","1"
"ColetteBuddyDefaultWin","buffy_collete_win.glb","","238","-1","","","","","","",""
"ColetteBuddyDefaultWinLoop","buffy_collete_win.glb","147","238","-1","","","","","true","",""
"ColetteBuddyDefaultLose","buffy_collete_lose.glb","","228","-1","","","","","","",""
"ColetteBuddyDefaultLoseLoop","buffy_collete_lose.glb","135","-1","-1","","","","","true","",""
"ColetteBuffyDefaultEnter","buffy_collete_flip.glb","","-1","-1","","100","100","200","","","3"
"ColetteBuffyDefaultExit","buffy_collete_flip.glb","","-1","-1","","100","100","200","","","3"
"ColetteBuffyDefaultSwingLoop","buffy_collete_dangle.glb","","-1","-1","","","","","true","","1"
"PainterKatanakingdomIdle","berry_katana_kingdom_idle.glb","","-1","","","100","100","250","true","",""
"PainterKatanakingdomWalk","berry_katana_kingdom_walk.glb","","19","","","100","100","","true","","1"
"PainterKatanakingdomPrimary","berry_katana_kingdom_attack.glb","6","20","","","","","","","","hips_s#3+L_upperLeg_s#0+R_upperLeg_s#0"
"PainterKatanakingdomSecondary","berry_katana_kingdom_super.glb","10","17","","","200","200","200","true","","5"
"PainterKatanakingdomRecoil","berry_katana_kingdom_attack.glb","6","20","","","10","10","10","","","hips_s#4+L_upperLeg_s#0+R_upperLeg_s#0"
"PainterKatanakingdomReload","berry_katana_kingdom_idle.glb","","-1","","","200","200","200","","","ChestBone#2"
"PainterKatanakingdomPushback","berry_katana_kingdom_idle.glb","","-1","","","100","100","100","","","5"
"PainterKatanakingdomWin","berry_katana_kingdom_win.glb","","229","","","50","250","250","","",""
"PainterKatanakingdomWinloop","berry_katana_kingdom_win.glb","199","229","","","25","","","true","",""
"PainterKatanakingdomLose","berry_katana_kingdom_lose.glb","","75","","","","","38","","",""
"PainterKatanakingdomLoseloop","berry_katana_kingdom_lose.glb","45","75","","","","","","true","",""
"PainterKatanakingdomWinidleloop","berry_katana_kingdom_win.glb","199","-1","","","","","","true","",""
"PainterKatanakingdomProfile","berry_katana_kingdom_portrait.glb","1","1","","","","","","","",""
"PainterKatanakingdomIntro","berry_katana_kingdom_win.glb","116","116","","","","","","","",""
"LeaperKatanakingdomIdle","mico_katanakingdom_idle.glb","1","39","","","200","200","","true","",""
"LeaperKatanakingdomWalk","mico_katanakingdom_walk.glb","1","19","","","100","100","","true","","1"
"LeaperKatanakingdomAttack","mico_katanakingdom_attack.glb","","30","","","","250","200","","","3"
"LeaperKatanakingdomUltiAttack","mico_katanakingdom_super.glb","1","235","","","","","","true","","hips_s#3+L_upperLeg_s#0+R_upperLeg_s#0"
"LeaperKatanakingdomRecoil1","mico_katanakingdom_attack.glb","3","30","","","","250","200","","","4"
"LeaperKatanakingdomUltiRecoil1","mico_katanakingdom_super.glb","37","65","","","","","200","true","","hips_s#4+L_upperLeg_s#0+R_upperLeg_s#0"
"LeaperKatanakingdomPushback","mico_katanakingdom_idle.glb","1","1","","","100","100","100","","","5"
"LeaperKatanakingdomWin","mico_katanakingdom_win.glb","","76","","","","","","","","1"
"LeaperKatanakingdomWinloop","mico_katanakingdom_win.glb","76","-1","","","","","","true","","1"
"LeaperKatanakingdomLose","mico_katanakingdom_lose.glb","","-1","","","","","","","","1"
"LeaperKatanakingdomLoseloop","mico_katanakingdom_lose.glb","147","-1","","","","","","true","","1"
"LeaperKatanakingdomProfile","mico_katanakingdom_portrait.glb","1","1","","","","","","true","","1"
"TrickshotDudeBuffyDefaultLose","buffy_rico_lose.glb","","-1","-1","","","","","","",""
"TrickshotDudeBuffyDefaultLoseLoop","buffy_rico_lose.glb","85","-1","-1","","","","","true","",""
"TrickshotDudeBuffyDefaultWin","buffy_rico_win.glb","","-1","-1","","","","","","",""
"TrickshotDudeBuffyDefaultWinLoop","buffy_rico_win.glb","132","-1","-1","","","","","true","",""
"TrickshotDudeBuffyDefaultIdle","buffy_rico_idle.glb","","-1","-1","","100","100","","true","","1"
"TrickshotDudeBuffyDefaultEnter","buffy_rico_flip.glb","","-1","-1","","100","100","200","","","3"
"TrickshotDudeBuffyDefaultExit","buffy_rico_flip.glb","","-1","-1","","100","100","200","","","3"
"TrickshotDudeBuffyDefaultSwingLoop","buffy_rico_dangle.glb","","-1","-1","","","","","true","","1"
"BanditGirlCybernoodlesIdle","shelly_cybernoodles_idle.glb","","-1","","","100","100","","true","",""
"BanditGirlCybernoodlesWalk","shelly_cybernoodles_walk.glb","1","30","","","100","100","","true","","1"
"BanditGirlCybernoodlesPrimary","shelly_cybernoodles_attack.glb","1","5","","","","","","","","hips_s#3+L_upperLeg_s#0+R_upperLeg_s#0"
"BanditGirlCybernoodlesSecondary","shelly_cybernoodles_attack.glb","1","5","","","","","","","","hips_s#4+L_upperLeg_s#0+R_upperLeg_s#0"
"BanditGirlCybernoodlesRecoil","shelly_cybernoodles_attack.glb","6","20","","","","","100","","","hips_s#4+L_upperLeg_s#0+R_upperLeg_s#0"
"BanditGirlCybernoodlesReload","shelly_cybernoodles_reload.glb","1","-1","","","","","100","","","hips_s#0+L_upperLeg_s#0+R_upperLeg_s#0+R_clavicle_s#4+R_shoulder_s#4+R_elbow_s#4+R_forearm_twist_s#4+R_wrist_s#4+L_clavicle_s#4+L_shoulder_s#4+L_elbow_s#4+L_forearm_twist_s#4+L_wrist_s#4"
"BanditGirlCybernoodlesPushback","shelly_cybernoodles_idle.glb","","-1","","","100","100","100","","","5"
"BanditGirlCybernoodlesWin","shelly_cybernoodles_win.glb","","205","","","","","","","","5"
"BanditGirlCybernoodlesWinloop","shelly_cybernoodles_win.glb","206","-1","","","","","","true","","1"
"BanditGirlCybernoodlesLose","shelly_cybernoodles_lose.glb","","125","","","","","","","","5"
"BanditGirlCybernoodlesLoseloop","shelly_cybernoodles_lose.glb","126","-1","","","","","","true","","1"
"BanditGirlCybernoodlesProfile","shelly_cybernoodles_portrait.glb","-1","-1","","","","","","true","",""
"BanditGirlCybernoodlesIntro","shelly_intro_pose.glb","","","","","","","","","",""
"ArcadeBuffyDefaultProfile","buffy_8bit_portrait.glb","","-1","","","","","","true","",""
"ArcadeBuddyDefaultIdle","buffy_8bit_idle.glb","","-1","-1","","100","100","","true","","1"
"ArcadeBuddyDefaultWin","buffy_8bit_win.glb","","201","-1","","","","","","",""
"ArcadeBuddyDefaultWinLoop","buffy_8bit_win.glb","99","201","-1","","","","","true","",""
"ArcadeBuddyDefaultLose","buffy_8bit_lose.glb","","178","-1","","","","","","",""
"ArcadeBuddyDefaultLoseLoop","buffy_8bit_lose.glb","140","178","-1","","","","","true","",""
"ArcadeBuffyDefaultEnter","buffy_8bit_flip.glb","","-1","-1","","100","100","200","","","3"
"ArcadeBuffyDefaultExit","buffy_8bit_flip.glb","","-1","-1","","100","100","200","","","3"
"ArcadeBuffyDefaultSwingLoop","buffy_8bit_dangle.glb","","-1","-1","","","","","true","","1"
"TaraCybernoodlesIdle","tara_cybernoodles_idle.glb","1","-1","","","200","","","true","","5"
"TaraCybernoodlesWalk","tara_cybernoodles_walk.glb","1","20","","80","200","","200","true","","1"
"TaraCybernoodlesPrimary","tara_cybernoodles_attack.glb","1","4","","","","","200","","","hips_s#4+L_upperLeg_s#0+R_upperLeg_s#0"
"TaraCybernoodlesRecoil","tara_cybernoodles_attack.glb","4","20","","","","","200","","","hips_s#4+L_upperLeg_s#0+R_upperLeg_s#0"
"TaraCybernoodlesReload","tara_cybernoodles_idle.glb","1","12","","","","","50","","",""
"TaraCybernoodlesSecondary","tara_cybernoodles_ult.glb","1","4","","","","","200","","","hips_s#4+L_upperLeg_s#0+R_upperLeg_s#0"
"TaraCybernoodlesSecondaryRecoil","tara_cybernoodles_ult.glb","4","22","","","","","200","","","hips_s#4+L_upperLeg_s#0+R_upperLeg_s#0"
"TaraCybernoodlesWin","tara_cybernoodles_win.glb","1","184","","","","","","","","5"
"TaraCybernoodlesWinloop","tara_cybernoodles_win.glb","159","184","","","","","","true","","1"
"TaraCybernoodlesLose","tara_cybernoodles_lose.glb","1","68","","","","","","","",""
"TaraCybernoodlesLoseloop","tara_cybernoodles_lose.glb","60","68","","","","","","true","",""
"TaraCybernoodlesProfile","tara_cybernoodles_portrait.glb","178","178","","","","","","true","","5"
"AshAdidasIdle","ash_adidas_idle.glb","","-1","-1","","100","100","","true","",""
"AshAdidasWalk","ash_adidas_walk.glb","","-1","-1","","100","100","","true","",""
"AshAdidasAttack","ash_adidas_attack.glb","5","20","-1","","","","","","","hips_s#3+L_upperLeg_s#0+R_upperLeg_s#0"
"AshAdidasRecoil","ash_adidas_attack.glb","21","35","-1","","","","100","","","hips_s#4+L_upperLeg_s#0+R_upperLeg_s#0"
"AshAdidasSuper","ash_adidas_super.glb","","5","-1","","","","","","","hips_s#3+L_upperLeg_s#0+R_upperLeg_s#0"
"AshAdidasSuperRecoil","ash_adidas_super.glb","6","20","-1","","","","50","","","hips_s#4+L_upperLeg_s#0+R_upperLeg_s#0"
"AshAdidasPushback","ash_adidas_pushback.glb","","10","-1","","30","100","100","","","5"
"AshAdidasWin","ash_adiddas_win_120.glb","","915","-1","","","","","","",""
"AshAdidasWinloop","ash_adiddas_win_120.glb","550","915","-1","","","","","true","",""
"AshAdidasLose","ash_adiddas_lose.glb","","118","-1","","","","","","",""
"AshAdidasLoseloop","ash_adiddas_lose.glb","98","118","-1","","","","","true","",""
"AshAdidasPortrait","ash_adidas_portrait.glb","","-1","-1","","","","","","",""
"BrockBuffyDefaultLose","buffybrock_lose.glb","","-1","-1","","","","","","",""
"BrockBuffyDefaultLoseLoop","buffybrock_lose.glb","78","-1","-1","","","","","true","",""
"BrockBuffyDefaultWin","buffybrock_win.glb","","-1","-1","","","","","","",""
"BrockBuffyDefaultWinLoop","buffybrock_win.glb","107","140","-1","","","","","true","",""
"BrockBuffyDefaultIdle","buffybrock_idle.glb","","66","-1","","100","100","","true","","1"
"BrockBuffyDefaultEnter","buffybrock_flip.glb","","-1","-1","","100","100","200","","","3"
"BrockBuffyDefaultExit","buffybrock_flip.glb","","-1","-1","","100","100","200","","","3"
"BrockBuffyDefaultSwingLoop","buffybrock_dangle.glb","","-1","-1","","","","","true","","1"
"TickKatanakingdomIdle","tick_katana_kingdom_idle.glb","1","47","","","","","","true","",""
"TickKatanakingdomWalk","tick_katana_kingdom_walk.glb","1","21","","125","","","","true","","1"
"TickKatanakingdomWin","tick_katana_kingdom_win.glb","1","170","","","","","","","",""
"TickKatanakingdomWinloop","tick_katana_kingdom_win.glb","171","259","","","","","","true","",""
"TickKatanakingdomProfile","tick_katana_kingdom_portrait.glb","16","16","","","","","","","",""
"TickKatanakingdomPrimary","tick_katana_kingdom_attack.glb","1","20","","","","","25","","","hips_s#4+L_upperLeg_s#0+R_upperLeg_s#0"
"TickKatanakingdomSecondary","tick_katana_kingdom_ult.glb","1","20","","","","","25","","","hips_s#4+L_upperLeg_s#0+R_upperLeg_s#0"
"TickKatanakingdomRecoil","tick_katana_kingdom_attack.glb","1","20","","","","","100","","","hips_s#4+L_upperLeg_s#0+R_upperLeg_s#0"
"TickKatanakingdomUltRecoil","tick_katana_kingdom_ult.glb","1","20","","","","","300","","","hips_s#4+L_upperLeg_s#0+R_upperLeg_s#0"
"TickKatanakingdomLose","tick_katana_kingdom_lose.glb","1","74","","","","","","","",""
"TickKatanakingdomLoseloop","tick_katana_kingdom_lose.glb","74","-1","","","","","","true","",""
"BombheadKatanakingdomIdle","bombhead_katana_kingdom_idle.glb","1","12","","","","","","true","",""
"KatanaKidIdle","nori_idle.glb","","-1","","","100","100","","true","",""
"KatanaKidWalk","nori_walk.glb","","-1","","","100","100","","true","","1"
"KatanaKidAttack","nori_charge.glb","32","52","","","100","10","","true","","hips_s#3+L_upperLeg_s#0+R_upperLeg_s#0"
"KatanaKidRecoilSlash","nori_attack.glb","16","-1","","","","","200","","","hips_s#4+L_upperLeg_s#0+R_upperLeg_s#0"
"KatanaKidRecoilRanged","nori_charge.glb","52","70","","160","","","50","","","hips_s#4+L_upperLeg_s#0+R_upperLeg_s#0"
"KatanaKidSuper","nori_super.glb","","-1","-1","","","","","","","hips_s#3+L_upperLeg_s#0+R_upperLeg_s#0"
"KatanaKidSuperRecoil","nori_super.glb","30","-1","-1","","","","50","","","hips_s#4+L_upperLeg_s#0+R_upperLeg_s#0"
"KatanaKidCharging","nori_charge.glb","","50","","","50","50","","","","hips_s#3+L_upperLeg_s#0+R_upperLeg_s#0"
"KatanaKidPushback","nori_idle.glb","1","1","","","50","50","100","","","5"
"KatanaKidWin","nori_win.glb","","-1","","","","","","","","5"
"KatanaKidWinloop","nori_win.glb","176","-1","","","","","","true","","1"
"KatanaKidLose","nori_lose.glb","","-1","","","","","","","","5"
"KatanaKidLoseloop","nori_lose.glb","186","-1","","","","","","true","","1"
"KatanaKidProfile","nori_portrait.glb","1","1","","","","","","","","5"
"MegaBossKatanaKidAttack","nori_attack.glb","","55","","","50","50","","","","hips_s#3+L_upperLeg_s#0+R_upperLeg_s#0"
"DoorManWindstockIdle","gray_windstock_idle.glb","","-1","","","100","100","","true","",""
"DoorManWindstockWalk","gray_windstock_walk.glb","","-1","","125","100","100","","true","","1"
"DoorManWindstockPrimary","gray_windstock_attack.glb","15","20","","","50","50","50","","","hips_s#3+L_upperLeg_s#0+R_upperLeg_s#0"
"DoorManWindstockSecondary","gray_windstock_super.glb","","-1","","","100","100","100","","","hips_s#3+L_upperLeg_s#0+R_upperLeg_s#0"
"DoorManWindstockRecoil","gray_windstock_attack.glb","20","30","","","50","100","200","","","hips_s#4+L_upperLeg_s#0+R_upperLeg_s#0"
"DoorManWindstockRecoil2","gray_windstock_super.glb","50","70","","","100","100","100","","","hips_s#4+L_upperLeg_s#0+R_upperLeg_s#0"
"DoorManWindstockReload","gray_windstock_idle.glb","1","3","","","800","800","800","","","spine_lower_s#4"
"DoorManWindstockPushback","gray_windstock_walk.glb","","-1","","","100","100","100","","","5"
"DoorManWindstockWin","gray_windstock_win.glb","","-1","","","","","","","",""
"DoorManWindstockWinloop","gray_windstock_win.glb","242","-1","","","","","","true","",""
"DoorManWindstockLose","gray_windstock_lose.glb","","-1","","","","","200","","",""
"DoorManWindstockLoseloop","gray_windstock_lose.glb","","-1","","","","","200","true","",""
"DoorManWindstockProfile","gray_windstock_portrait.glb","1","1","","","","","","","",""
"AlternatorCybernoodlesIdle","jae_cybernoodles_idle.glb","1","57","","","100","100","100","true","","1"
"AlternatorCybernoodlesWalk","jae_cybernoodles_walk.glb","1","23","","","100","100","100","true","",""
"AlternatorCybernoodlesAttack","jae_cybernoodles_attack01.glb","","5","","80","100","100","100","","","hips_s#3+L_upperLeg_s#0+R_upperLeg_s#0"
"AlternatorCybernoodlesRecoil","jae_cybernoodles_attack01.glb","5","-1","","80","100","100","100","","","4"
"AlternatorCybernoodlesAttack2","jae_cybernoodles_attack02.glb","","5","","80","100","100","100","","","hips_s#3+L_upperLeg_s#0+R_upperLeg_s#0"
"AlternatorCybernoodlesSecondary","jae_cybernoodles_super.glb","1","8","","","100","100","100","","","hips_s#4+L_upperLeg_s#0+R_upperLeg_s#0"
"AlternatorCybernoodlesRecoil2","jae_cybernoodles_attack02.glb","5","-1","","80","100","100","100","","","hips_s#3+L_upperLeg_s#0+R_upperLeg_s#0"
"AlternatorCybernoodlesSecondaryRecoil","jae_cybernoodles_super.glb","8","23","","","100","100","100","","","hips_s#4+L_upperLeg_s#0+R_upperLeg_s#0"
"AlternatorCybernoodlesPushBack","jae_cybernoodles_idle.glb","","10","","","100","100","100","","",""
"AlternatorCybernoodlesWin","jae_cybernoodles_win.glb","1","196","","","","","","","",""
"AlternatorCybernoodlesWinloop","jae_cybernoodles_win.glb","167","196","","","","","","true","","1"
"AlternatorCybernoodlesLose","jae_cybernoodles_lose.glb","","114","","","","","","","",""
"AlternatorCybernoodlesLoseloop","jae_cybernoodles_lose.glb","80","114","-1","","","","","true","",""
"AlternatorCybernoodlesProfile","jae_cybernoodles_portrait.glb","220","220","","","","","","true","","1"
"SamuraiWindstockIdle","kenji_windstock_idle.glb","1","23","","","200","200","","true","",""
"SamuraiWindstockAttack1","kenji_windstock_attack1.glb","3","15","","","","250","200","","","3"
"SamuraiWindstockAttack2","kenji_windstock_attack2.glb","3","16","","","","250","200","","","3"
"SamuraiWindstockAttack3","kenji_windstock_attack3.glb","3","16","","","","250","200","","","3"
"SamuraiWindstockWalk","kenji_windstock_walk.glb","1","23","","150","100","100","","true","","1"
"SamuraiWindstockUlti","kenji_windstock_super.glb","","20","","","","","","","","hips_s#3+L_upperLeg_s#0+R_upperLeg_s#0"
"SamuraiWindstockUltiRecoil","kenji_windstock_super.glb","5","40","","","","","200","","","hips_s#4+L_upperLeg_s#0+R_upperLeg_s#0"
"SamuraiWindstockPushback","kenji_windstock_idle.glb","","-1","","","100","100","100","","","5"
"SamuraiWindstockWin","kenji_windstock_win.glb","1","181","","","","","","","","1"
"SamuraiWindstockWinloop","kenji_windstock_win.glb","152","181","","","","","","true","","1"
"SamuraiWindstockLose","kenji_windstock_lose.glb","","208","","","","","","","","1"
"SamuraiWindstockLoseloop","kenji_windstock_lose.glb","1","208","","","","","","true","","1"
"SamuraiWindstockProfile","kenji_windstock_portrait.glb","49","49","","","","","","true","","1"
"BrockPropassProgressionSkinIdle","brock_ranked_lvl2_idle.glb","","-1","","135","74","74","","true","",""
"BrockPropassProgressionSkinWalk","brock_ranked_lvl2_run.glb","","-1","","150","100","100","","true","","1"
"BrockPropassProgressionSkinPrimary","brock_ranked_lvl2_attack.glb","","-1","","","1","300","300","","","hips_s#3+L_upperLeg_s#0+R_upperLeg_s#0"
"BrockPropassProgressionSkinSecondary","brock_ranked_lvl2_attack.glb","","-1","","","1","","","","","hips_s#4+L_upperLeg_s#0+R_upperLeg_s#0"
"BrockPropassProgressionSkinRecoil","brock_ranked_lvl2_attack.glb","","-1","","","1","100","100","","","hips_s#3+L_upperLeg_s#0+R_upperLeg_s#0"
"BrockPropassProgressionSkinRecoil2","brock_ranked_lvl2_attack.glb","","-1","","","1","100","100","","","hips_s#4+L_upperLeg_s#0+R_upperLeg_s#0"
"BrockPropassProgressionSkinPushback","brock_ranked_lvl2_idle.glb","","-1","","","100","100","100","","","5"
"BrockPropassProgressionSkinLvl2Win","brock_ranked_lvl2_win.glb","","240","","","200","200","200","","","5"
"BrockPropassProgressionSkinLvl2Winloop","brock_ranked_lvl2_win.glb","240","-1","","","100","100","100","true","","5"
"BrockPropassProgressionSkinLvl2Lose","brock_ranked_lvl2_lose.glb","1","149","","","","","","","","5"
"BrockPropassProgressionSkinLvl2Loseloop","brock_ranked_lvl2_lose.glb","149","149","","","","","","true","","5"
"BrockPropassProgressionSkinLvl2Hero","brock_ranked_lvl2_win.glb","","35","","","","200","200","","","5"
"BrockPropassProgressionSkinLvl2Profile","brock_ranked_lvl2_portrait.glb","1","1","","","","","","","","5"
"BrockPropassProgressionSkinIdle_transform","brock_ranked_lvl3_idle_transform.glb","","-1","","135","74","74","","true","",""
"BrockPropassProgressionSkinWalk_transform","brock_ranked_lvl3_run_transform.glb","","-1","","150","100","100","","true","","1"
"BrockPropassProgressionSkinPrimary_transform","brock_ranked_lvl3_attack_transform.glb","","-1","","","1","300","300","","","hips_s_hc#3+L_upperLeg_s_hc#0+R_upperLeg_s_hc#0"
"BrockPropassProgressionSkinSecondary_transform","brock_ranked_lvl3_attack_transform.glb","","-1","","","1","","","","","hips_s_hc#3+L_upperLeg_s_hc#0+R_upperLeg_s_hc#0"
"BrockPropassProgressionSkinRecoil_transform","brock_ranked_lvl3_attack_transform.glb","","-1","","","1","100","100","","","hips_s_hc#3+L_upperLeg_s_hc#0+R_upperLeg_s_hc#0"
"BrockPropassProgressionSkinRecoil2_transform","brock_ranked_lvl3_attack_transform.glb","","-1","","","1","100","100","","","hips_s_hc#3+L_upperLeg_s_hc#0+R_upperLeg_s_hc#0"
"BrockPropassProgressionSkinPushback_transform","brock_ranked_lvl3_idle_transform.glb","","-1","","","100","100","100","","","5"
"BrockPropassProgressionSkinLvl3Win","brock_ranked_hc_win.glb","","227","","","200","200","200","","","5"
"BrockPropassProgressionSkinLvl3Winloop","brock_ranked_hc_win.glb","228","288","","","100","100","100","true","","5"
"BrockPropassProgressionSkinLvl3Lose","brock_ranked_hc_lose.glb","1","70","","","","","","","","5"
"BrockPropassProgressionSkinLvl3Loseloop","brock_ranked_hc_lose.glb","71","118","","","","","","true","","5"
"BrockPropassProgressionSkinLvl3Hero","brock_ranked_hc_win.glb","","35","","","","200","200","","","5"
"BrockPropassProgressionSkinLvl3Profile","brock_ranked_lvl3_portrait.glb","1","1","","","","","","","","5"
"BrockPropassProgressionGadget","brock_ranked_lvl3_transform.glb","1","4","","","","","","","","hips_s_hc#3+L_upperLeg_s_hc#0+R_upperLeg_s_hc#0"
"BrockPropassProgressionGadgetRecoil","brock_ranked_lvl3_transform.glb","4","25","","","","","200","","","hips_s_hc#3+L_upperLeg_s_hc#0+R_upperLeg_s_hc#0"
"WendyIdle","wendy_idle.glb","","51","","","100","100","","true","",""
"WendyWalk","wendy_run.glb","","51","","","100","100","","true","","1"
"WendyPrimary","wendy_attack.glb","1","10","","","100","100","200","","","3"
"WendySecondary","wendy_super.glb","1","28","","","100","100","100","","","3"
"WendySecondaryRecoil","wendy_super.glb","1","28","","","100","100","100","","","3"
"WendyRecoil","wendy_attack.glb","10","26","","","100","100","200","","","3"
"WendyReload","wendy_idle.glb","1","2","","","100","100","100","","","5"
"WendyPushback","wendy_idle.glb","","-1","","","100","100","100","","","5"
"WendyWin","wendy_win.glb","1","316","","","","","","","",""
"WendyWinloop","wendy_win.glb","200","316","","","","","","true","",""
"WendyLose","wendy_lose_120.glb","1","1091","","","","","","","",""
"WendyLoseloop","wendy_lose_120.glb","760","1091","","","","","","true","",""
"WendyProfile","wendy_portrait.glb","1","1","","","","","","true","",""
"WendyGadget","wendy_gadget.glb","","-1","","","","","","true","","3"
"WendyGadgetRecoil","wendy_gadget.glb","","-1","","","","","","","","3"
"KatanaKingdomScene1Tick","katanakingdom_scene_1_tick.glb","","-1","","","","","","true","",""
"KatanaKingdomScene1Berry","katanakingdom_scene_1_berry.glb","","-1","","","","","","true","",""
"KatanaKingdomScene1Tara","katanakingdom_scene_1_tara_120.glb","","-1","","","","","","true","",""
"RosaWindstockIdle","rosa_windstock_idle.glb","1","25","","","100","100","","true","",""
"RosaWindstockWalk","rosa_windstock_walk.glb","1","24","","","100","100","","true","","1"
"RosaWindstockAttack","rosa_windstock_attack.glb","1","11","","","100","100","50","","","hips_s#3+L_upperLeg_s#0+R_upperLeg_s#0"
"RosaWindstockAttackRecoil","rosa_windstock_attack.glb","12","19","","","1","100","100","","","hips_s#4+L_upperLeg_s#0+R_upperLeg_s#0"
"RosaWindstockAttackRecoil2","rosa_windstock_attack.glb","20","28","","","1","100","100","","","hips_s#5+L_upperLeg_s#0+R_upperLeg_s#0"
"RosaWindstockUltRecoil","rosa_windstock_super.glb","","-1","","","1","100","200","","","hips_s#4+L_upperLeg_s#0+R_upperLeg_s#0"
"RosaWindstockUltRecoil2","rosa_windstock_detransform.glb","","-1","","","1","100","200","","","hips_s#4+L_upperLeg_s#0+R_upperLeg_s#0"
"RosaWindstockWin","rosa_windstock_win.glb","","254","","","100","200","100","","",""
"RosaWindstockWinloop","rosa_windstock_win.glb","255","297","","","500","100","100","true","",""
"RosaWindstockLose","rosa_windstock_lose.glb","","-1","","","100","100","200","","",""
"RosaWindstockLoseloop","rosa_windstock_lose.glb","","-1","","","1","100","200","true","",""
"RosaWindstockIdle_transform","rosa_windstock_idle_transform.glb","1","25","","","100","100","","true","",""
"RosaWindstockWalk_transform","rosa_windstock_walk_transform.glb","1","24","","","100","100","","true","","1"
"RosaWindstockAttack_transform","rosa_windstock_attack_transform.glb","1","11","","","100","100","50","","","hips_s#4+L_upperLeg_s#0+R_upperLeg_s#0"
"RosaWindstockAttackRecoil_transform","rosa_windstock_attack_transform.glb","12","19","","","1","100","100","","","hips_s#4+L_upperLeg_s#0+R_upperLeg_s#0"
"RosaWindstockAttackRecoil2_transform","rosa_windstock_attack_transform.glb","20","28","","","1","100","100","","","hips_s#4+L_upperLeg_s#0+R_upperLeg_s#0"
"RosaWindstockProfile","rosa_windstock_portrait.glb","1","1","","","","","","true","",""
"SnakeOilWindstockIdle","byron_windstock_idle.glb","1","59","-1","","120","120","","true","",""
"SnakeOilWindstockWalk","byron_windstock_walk.glb","1","-1","-1","","100","100","","true","","1"
"SnakeOilWindstockAttack","byron_windstock_attack.glb","1","5","-1","","","","","","","hips_s#3+L_upperLeg_s#0+R_upperLeg_s#0"
"SnakeOilWindstockSuper","byron_windstock_super.glb","1","5","-1","","","","","","","hips_s#3+L_upperLeg_s#0+R_upperLeg_s#0"
"SnakeOilWindstockRecoil","byron_windstock_attack.glb","5","30","-1","","","","120","","","hips_s#4+L_upperLeg_s#0+R_upperLeg_s#0"
"SnakeOilWindstockSuperRecoil","byron_windstock_super.glb","5","30","-1","","","","120","","","hips_s#4+L_upperLeg_s#0+R_upperLeg_s#0"
"SnakeOilWindstockPushback","byron_windstock_pushback.glb","","-1","-1","","","","","","","5"
"SnakeOilWindstockWin","byron_windstock_win.glb","1","183","","","","","","","",""
"SnakeOilWindstockWinloop","byron_windstock_win.glb","152","183","","","","","","true","",""
"SnakeOilWindstockLose","byron_windstock_lose.glb","1","74","","","","","","","",""
"SnakeOilWindstockLoseloop","byron_windstock_lose.glb","22","74","","","","","","true","",""
"SnakeOilWindstockProfile","byron_windstock_portrait.glb","192","192","-1","","","","","","",""
"DiggerWindstockIdle","moe_windstock_idle_machine.glb","","39","","","100","100","","true","",""
"DiggerWindstockWalk","moe_windstock_run_machine.glb","","39","","","100","100","","true","","1"
"DiggerWindstockAttack","moe_windstock_attack_machine.glb","","6","","","","50","","","","3"
"DiggerWindstockAttackRecoil","moe_windstock_attack_machine.glb","6","25","","","50","","100","","","4"
"DiggerWindstockReload","moe_windstock_idle_machine.glb","1","15","","","1000","1000","100","","","5"
"DiggerWindstockPushback","moe_windstock_idle_machine.glb","","-1","","","50","200","100","","","5"
"DiggerWindstockWin","moe_windstock_win.glb","","268","","","","","","","",""
"DiggerWindstockWinloop","moe_windstock_win.glb","216","268","","","","","","true","",""
"DiggerWindstockLose","moe_windstock_lose.glb","","95","","","","","","","",""
"DiggerWindstockLoseloop","moe_windstock_lose.glb","","95","","","","","","true","",""
"DiggerWindstockProfile","moe_windstock_portrait.glb","","","","","","","","","",""
"DiggerWindstockSmallIdle","moe_windstock_idle.glb","","39","","","100","100","","true","",""
"DiggerWindstockSmallWalk","moe_windstock_run.glb","","19","","129","100","100","","true","","1"
"DiggerWindstockSmallAttack","moe_windstock_attack.glb","1","22","","","150","150","10","","","spine_lower_s#4"
"DiggerWindstockSmallSuper","moe_super.glb","","21","-1","200","","","","","",""
"DiggerWindstockSmallRecoil","moe_windstock_attack.glb","1","2","","","1000","1000","10","","","spine_lower_s#4"
"DiggerWindstockSmallRecoil2","moe_windstock_attack.glb","1","22","","","1500","1000","10","","","spine_lower_s#4"
"DiggerWindstockSmallSuperRecoil","moe_super.glb","21","68","-1","250","","","","","",""
"DiggerWindstockSmallSecondary","moe_windstock_super_out.glb","","60","","250","","","","","","5"
"DiggerWindstockSmallReload","moe_windstock_idle.glb","","-1","","","10000","10000","100","","","ChestBone#2"
"DiggerWindstockSmallPushback","moe_windstock_idle.glb","1","34","","","100","100","100","","","5"
"DiggerWindstockSmallWin","moe_windstock_win.glb","1","268","","","","10","100","","","5"
"DiggerWindstockSmallWinloop","moe_windstock_win.glb","216","268","","","10","","","true","","1"
"DiggerWindstockSmallLose","moe_windstock_lose.glb","1","238","","","","","","","","5"
"DiggerWindstockSmallLoseloop","moe_windstock_lose.glb","1","238","","","","","","true","","1"
"DiggerWindstockSmallProfile","moe_windstock_portrait.glb","","","","","","","","","","5"
"DiggerWindstockSmallSuper_transform","moe_windstock_super_out.glb","","24","-1","250","","","","","",""
"DiggerWindstockSmallSuperRecoil_transform","moe_windstock_super_out.glb","24","46","-1","250","200","200","50","","",""
"DiggerWindstockWin1","moe_windstock_alone_win.glb","1","98","","","","","","","",""
"DiggerWindstockWinloop1","moe_windstock_alone_win.glb","46","98","","","","","","true","",""
"DiggerWindstockSmallWin1","moe_windstock_alone_win.glb","1","119","","","","10","100","","","5"
"DiggerWindstockSmallWinloop1","moe_windstock_alone_win.glb","89","119","","","10","","","true","","1"
"KatanaKingdomScene2Shelly","katanakingdom_screen2_shelly.glb","","-1","","","","","","true","",""
"KatanaKingdomScene2Mico","katanakingdom_screen2_mico.glb","","-1","","","","","","true","",""
"KatanaKingdomScene2Jae","katanakingdom_screen2_jae.glb","","-1","","","","","","true","",""
"WallyWindstockScene4","windstock_scene_4_sprout.glb","","-1","","","100","100","","true","",""
"SamuraiWindstockScene4","windstock_scene_4_kenji.glb","","-1","","","100","100","","true","",""
"ByronWindstockScene4","windstock_scene_4_byron_120.glb","","-1","","","100","100","","true","",""
"RosaWindstockAttackScene4","windstock_scene_4_rosa.glb","","-1","","","100","100","","true","",""
"WindstockScene3Gray","windstock_scene_3_gray.glb","","-1","","","","","","true","",""
"WindstockScene3Moe","windstock_scene_3_moe.glb","","-1","","","","","","true","",""
"CybernoodlesScene3Meg","cybernoodles_scene_3_meg.glb","","-1","","","","","","true","",""
"CybernoodlesScene3MegMecha","cybernoodles_scene_3_meg_mecha.glb","","-1","","","","","","true","",""
"WindstockScene5Nori","windstock_scene_5_nori.glb","","-1","","","","","","true","",""
"WindstockScene5Kenji","windstock_scene_5_kenji.glb","","-1","","","","","","true","",""
"PowerLevelerBuddyDefaultIdle","buffy_surge_idle.glb","","23","-1","","100","100","","true","",""
"PowerLevelerBuddyDefaultEnter","buffy_surge_flip.glb","","-1","-1","","100","100","200","","",""
"PowerLevelerBuddyDefaultExit","buffy_surge_flip.glb","","-1","-1","","100","100","200","","",""
"PowerLevelerBuddyDefaultSwingLoop","buffy_surge_dangle.glb","","-1","-1","","","","","true","",""
"PowerLevelerBuddyDefaultWin","buffy_surge_win.glb","","-1","-1","","","","","","",""
"PowerLevelerBuddyDefaultWinLoop","buffy_surge_win.glb","120","-1","-1","","","","","true","",""
"PowerLevelerBuddyDefaultLose","buffy_surge_lose.glb","","-1","-1","","","","","","",""
"PowerLevelerBuddyDefaultLoseLoop","buffy_surge_lose.glb","85","-1","-1","","","","","true","",""
"PowerLevelerBuddyDefaultProfile","buffy_surge_portrait.glb","1","1","","","","","","","",""
"SproutWindstockIdle","sprout_windstock_idle.glb","","-1","","","100","100","","true","",""
"SproutWindstockWalk","sprout_windstock_walk.glb","1","29","","","100","100","","true","","1"
"SproutWindstockPrimary","sprout_windstock_attack.glb","","5","","","","","","","","body_s#3+L_wheel_s#0+R_wheel_s#0"
"SproutWindstockRecoil","sprout_windstock_attack.glb","5","30","","","","","100","","","body_s#4+L_wheel_s#0+R_wheel_s#0"
"SproutWindstockReload","sprout_windstock_reload.glb","","20","","","100","100","100","","","body_s#0+L_arm_01_s#4+L_wheel_s#0+R_wheel_s#0"
"SproutWindstockPushback","sprout_windstock_pushback.glb","","10","","","50","100","100","","","5"
"SproutWindstockWin","sprout_windstock_win.glb","","175","","","","","","","",""
"SproutWindstockWinloop","sprout_windstock_win.glb","176","-1","","","","","","true","",""
"SproutWindstockLose","sprout_windstock_lose.glb","","-1","","","","","","","",""
"SproutWindstockLoseloop","sprout_windstock_lose.glb","","-1","","","","","","true","",""
"SproutWindstockEnter","sprout_windstock_win.glb","1","1","","","100","100","","","",""
"SproutWindstockPortrait","sprout_windstock_portrait.glb","1","1","","","","","","true","",""
"MechaDudeBuddyDefaultIdle","buffy_meg_idle.glb","","23","-1","","100","100","","true","",""
"MechaDudeBuddyDefaultEnter","buffy_meg_flip.glb","","-1","-1","","100","100","200","","",""
"MechaDudeBuddyDefaultExit","buffy_meg_flip.glb","","-1","-1","","100","100","200","","",""
"MechaDudeBuddyDefaultSwingLoop","buffy_meg_dangle.glb","","-1","-1","","","","","true","",""
"MechaDudeBuddyDefaultWin","buffy_meg_win.glb","","216","-1","","","","","","",""
"MechaDudeBuddyDefaultWinLoop","buffy_meg_win.glb","130","216","-1","","","","","true","",""
"MechaDudeBuddyDefaultLose","buffy_meg_lose.glb","","163","-1","","","","","","",""
"MechaDudeBuddyDefaultLoseLoop","buffy_meg_lose.glb","115","163","-1","","","","","true","",""
"MechaDudeBuddyDefaultProfile","buffy_meg_portrait.glb","1","1","","","","","","","",""
"SpeedyBuddyDefaultIdle","buffy_max_idle.glb","","23","-1","","100","100","","true","",""
"SpeedyBuddyDefaultEnter","buffy_max_flip.glb","","-1","-1","","100","100","200","","",""
"SpeedyBuddyDefaultExit","buffy_max_flip.glb","","-1","-1","","100","100","200","","",""
"SpeedyBuddyDefaultSwingLoop","buffy_max_dangle.glb","","-1","-1","","","","","true","",""
"SpeedyBuddyDefaultWin","buffy_max_win.glb","","349","-1","","","","","","",""
"SpeedyBuddyDefaultWinLoop","buffy_max_win.glb","182","349","-1","","","","","true","",""
"SpeedyBuddyDefaultLose","buffy_max_lose.glb","","179","-1","","","","","","",""
"SpeedyBuddyDefaultLoseLoop","buffy_max_lose.glb","82","179","-1","","","","","true","",""
"SpeedyBuddyDefaultProfile","buffy_max_portrait.glb","1","1","","","","","","","",""
"MechaDudeCybernoodlesOverchargeIdle","meg_cybernoodles_idle.glb","","-1","-1","","100","100","","true","",""
"MechaDudeCybernoodlesOverchargeWalk","meg_cybernoodles_walk.glb","","-1","-1","","100","100","","true","","1"
"MechaDudeCybernoodlesOverchargeAttack","meg_cybernoodles_attack.glb","","4","-1","","50","","","","","hips_s#3+L_upperLeg_s#0+R_upperLeg_s#0"
"MechaDudeCybernoodlesOverchargeSuper","meg_cybernoodles_super.glb","","38","-1","","","","","","",""
"MechaDudeCybernoodlesOverchargeRecoil","meg_cybernoodles_attack.glb","4","15","-1","","","","50","","","hips_s#4+L_upperLeg_s#0+R_upperLeg_s#0"
"MechaDudeCybernoodlesOverchargeSuperRecoil","meg_cybernoodles_super.glb","30","-1","-1","","","","50","","",""
"MechaDudeCybernoodlesOverchargeReload","meg_cybernoodles_idle.glb","","","-1","","200","200","50","","","hips_s#3+L_upperLeg_s#0+R_upperLeg_s#0"
"MechaDudeCybernoodlesOverchargeIdle_transform","meg_cybernoodles_hc_idle_transform.glb","","-1","-1","","100","100","","true","",""
"MechaDudeCybernoodlesOverchargeWalk_transform","meg_cybernoodles_hc_walk_transform.glb","","-1","-1","","100","100","","true","","1"
"MechaDudeCybernoodlesOverchargeAttack_transform","meg_cybernoodles_hc_attack_transform.glb","","4","-1","","50","","","","","hips_s#3+L_upperLeg_s#0+R_upperLeg_s#0"
"MechaDudeCybernoodlesOverchargeSuper_transform","meg_cybernoodles_hc_super_transform.glb","","38","-1","","","","","","",""
"MechaDudeCybernoodlesOverchargeRecoil_transform","meg_cybernoodles_hc_attack_transform.glb","4","15","-1","","","","50","","","hips_s#4+L_upperLeg_s#0+R_upperLeg_s#0"
"MechaDudeCybernoodlesOverchargeSuperRecoil_transform","meg_cybernoodles_hc_super_transform.glb","30","-1","-1","","","","50","","",""
"MechaDudeCybernoodlesOverchargeReload_transform","meg_cybernoodles_hc_idle_transform.glb","","","-1","","200","200","50","","","hips_s#3+L_upperLeg_s#0+R_upperLeg_s#0"
"MechaDudeCybernoodlesOverchargePushback","meg_cybernoodles_idle.glb","","-1","","","25","100","200","","","5"
"MechaDudeCybernoodlesOverchargeWin","meg_cybernoodles_hc_win_120.glb","","955","-1","","","","","","","5"
"MechaDudeCybernoodlesOverchargeWinloop","meg_cybernoodles_hc_win_120.glb","680","955","-1","","","","","true","","1"
"MechaDudeCybernoodlesOverchargeLose","meg_cybernoodles_hc_lose.glb","","83","-1","","","","","","","5"
"MechaDudeCybernoodlesOverchargeLoseloop","meg_cybernoodles_hc_lose.glb","75","83","-1","","","","","true","","1"
"MechaDudeCybernoodlesOverchargePortrait","meg_cybernoodles_hc_portrait.glb","","-1","-1","","","","","","",""
"MechaDudeBigCybernoodlesOverchargeIdle","mecha_cybernoodles_idle.glb","","-1","-1","","200","200","","true","",""
"MechaDudeBigCybernoodlesOverchargeWalk","mecha_cybernoodles_walk.glb","","-1","-1","","200","200","","true","","1"
"MechaDudeBigCybernoodlesOverchargeAttack","mecha_cybernoodles_attack_l.glb","","5","-1","","100","","","","","hips_s#3+L_upperLeg_s#0+R_upperLeg_s#0"
"MechaDudeBigCybernoodlesOverchargeSuper","mecha_cybernoodles_super.glb","","5","-1","","","","","","","hips_s#3+L_upperLeg_s#0+R_upperLeg_s#0"
"MechaDudeBigCybernoodlesOverchargeRecoilL","mecha_cybernoodles_attack_l.glb","2","20","-1","","","100","100","","","hips_s#4+L_upperLeg_s#0+R_upperLeg_s#0"
"MechaDudeBigCybernoodlesOverchargeRecoilR","mecha_cybernoodles_attack_r.glb","2","20","-1","","","100","100","","","hips_s#4+L_upperLeg_s#0+R_upperLeg_s#0"
"MechaDudeBigCybernoodlesOverchargeSuperRecoil","mecha_cybernoodles_super.glb","6","-1","-1","","","","200","","","hips_s#4+L_upperLeg_s#0+R_upperLeg_s#0"
"MechaDudeBigCybernoodlesOverchargeReload","mecha_cybernoodles_idle.glb","","10","","","800","800","800","","","hips_s#3+L_upperLeg_s#0+R_upperLeg_s#0"
"MechaDudeBigCybernoodlesOverchargeIdle_transform","mecha_cybernoodles_hc_idle_transform.glb","","-1","-1","","200","200","","true","",""
"MechaDudeBigCybernoodlesOverchargeWalk_transform","mecha_cybernoodles_hc_walk_transform.glb","","-1","-1","","200","200","","true","","1"
"MechaDudeBigCybernoodlesOverchargeAttack_transform","mecha_cybernoodles_hc_attack_l_transform.glb","","5","-1","","100","","","","","hips_s_hc#3+L_upperLeg_s_hc#0+R_upperLeg_s_hc#0"
"MechaDudeBigCybernoodlesOverchargeSuper_transform","mecha_cybernoodles_hc_super_transform.glb","","5","-1","","","","","","","hips_s_hc#3+L_upperLeg_s_hc#0+R_upperLeg_s_hc#0"
"MechaDudeBigCybernoodlesOverchargeRecoilL_transform","mecha_cybernoodles_hc_attack_l_transform.glb","2","20","-1","","","100","100","","","hips_s_hc#4+L_upperLeg_s_hc#0+R_upperLeg_s_hc#0"
"MechaDudeBigCybernoodlesOverchargeRecoilR_transform","mecha_cybernoodles_hc_attack_r_transform.glb","2","20","-1","","","100","100","","","hips_s_hc#4+L_upperLeg_s_hc#0+R_upperLeg_s_hc#0"
"MechaDudeBigCybernoodlesOverchargeSuperRecoil_transform","mecha_cybernoodles_hc_super_transform.glb","6","-1","-1","","","","200","","","hips_s_hc#4+L_upperLeg_s_hc#0+R_upperLeg_s_hc#0"
"MechaDudeBigCybernoodlesOverchargeReload_transform","mecha_cybernoodles_hc_idle_transform.glb","","10","","","800","800","800","","","hips_s_hc#3+L_upperLeg_s_hc#0+R_upperLeg_s_hc#0"
"MechaDudeBigCybernoodlesOverchargePushback","mecha_cybernoodles_idle.glb","1","10","","","50","100","200","","","5"
"MechaDudeBigCybernoodlesOverchargeWin","meg_mecha_cybernoodles_hc_win_120.glb","","955","-1","","","","","","",""
"MechaDudeBigCybernoodlesOverchargeWinloop","meg_mecha_cybernoodles_hc_win_120.glb","680","955","-1","","","","","true","",""
"TrickshotDudeBuffyDefaultProfile","buffy_rico_portrait.glb","","-1","-1","","","","","","",""
"BrockBuffyDefaultProfile","buffybrock_portrait.glb","","-1","-1","","","","","","",""
"MegAddonCybernoodlesIdle","meg_cybernoodles_driver_idle.glb","","-1","-1","","200","200","","true","",""
"MegAddonCybernoodlesWalk","meg_cybernoodles_driver_walk.glb","","-1","-1","","200","200","","true","","1"
"MegAddonCybernoodlesAttack","meg_cybernoodles_driver_attack_l.glb","","5","-1","","100","","","","","hips_s#3+L_upperLeg_s#0+R_upperLeg_s#0"
"MegAddonCybernoodlesSuper","meg_cybernoodles_driver_super.glb","","5","-1","","","","","","","hips_s#3+L_upperLeg_s#0+R_upperLeg_s#0"
"MegAddonCybernoodlesRecoilL","meg_cybernoodles_driver_attack_l.glb","2","20","-1","","","100","100","","","hips_s#4+L_upperLeg_s#0+R_upperLeg_s#0"
"MegAddonCybernoodlesRecoilR","meg_cybernoodles_driver_attack_r.glb","2","20","-1","","","100","100","","","hips_s#4+L_upperLeg_s#0+R_upperLeg_s#0"
"MegAddonCybernoodlesSuperRecoil","meg_cybernoodles_driver_super.glb","6","-1","-1","","","","200","","","hips_s#4+L_upperLeg_s#0+R_upperLeg_s#0"
"MegAddonCybernoodlesIdle_transform","meg_hc_cybernoodles_driver_idle.glb","","-1","-1","","200","200","","true","",""
"MegAddonCybernoodlesWalk_transform","meg_hc_cybernoodles_driver_walk.glb","","-1","-1","","200","200","","true","","1"
"MegAddonCybernoodlesAttack_transform","meg_hc_cybernoodles_driver_attack_l.glb","","5","-1","","100","","","","","hips_s_hc#3+L_upperLeg_s_hc#0+R_upperLeg_s_hc#0"
"MegAddonCybernoodlesSuper_transform","meg_hc_cybernoodles_driver_super.glb","","5","-1","","","","","","","hips_s_hc#3+L_upperLeg_s_hc#0+R_upperLeg_s_hc#0"
"MegAddonCybernoodlesRecoilL_transform","meg_hc_cybernoodles_driver_attack_l.glb","2","20","-1","","","100","100","","","hips_s_hc#4+L_upperLeg_s_hc#0+R_upperLeg_s_hc#0"
"MegAddonCybernoodlesRecoilR_transform","meg_hc_cybernoodles_driver_attack_r.glb","2","20","-1","","","100","100","","","hips_s_hc#4+L_upperLeg_s_hc#0+R_upperLeg_s_hc#0"
"MegAddonCybernoodlesSuperRecoil_transform","meg_hc_cybernoodles_driver_super.glb","6","-1","-1","","","","200","","","hips_s_hc#4+L_upperLeg_s_hc#0+R_upperLeg_s_hc#0"
"Brock_ranked_lvl1Win","brock_ranked_lvl1_win.glb","","129","","","200","200","200","","","5"
"Brock_ranked_lvl1Winloop","brock_ranked_lvl1_win.glb","81","129","","","100","100","100","true","","5"
"SproutReduxWin","sprout_redux_win.glb","","125","","","","","","","",""
"SproutReduxWinloop","sprout_redux_win.glb","126","185","","","","","","true","",""
"WendyTurretIdle","wendy_shield_idle.glb","","-1","","","","","","true","",""
"WendyTurretSpawn","wendy_shield_idle.glb","","-1","","","","","","","",""
